93,88,46,91,9,47,67,15,12,50
47,49,96,43,12,58,90,90,66,96
71,87,77,42,12,50,46,21,21,84
8,41,37,55,100,15,40,1,31,64
22,21,100,13,32,74,93,33,89,30
16,81,57,12,81,87,92,6,8,79
10,83,68,64,70,41,87,56,20,26
26,88,37,83,97,37,63,27,74,29
8,32,35,29,17,2,40,77,32,96
73,45,52,78,72,97,92,45,74,76
61,65,18,26,76,89,91,8,11,56
72,53,54,75,54,14,81,75,30,17
10,66,80,96,30,51,25,87,8,56
3,25,69,32,26,73,24,12,70,67
82,10,81,5,33,83,79,46,34,22
47,21,48,71,5,46,99,58,8,25
94,75,47,20,32,52,31,13,83,20
50,72,96,32,38,26,21,90,40,77
61,19,69,3,98,42,55,72,39,29
36,71,19,2,83,31,45,12,97,95
73,89,86,38,69,36,5,28,52,55
20,55,22,55,80,39,48,5,1,1
66,94,55,92,85,19,41,96,95,8
77,32,17,85,65,82,27,21,12,1
12,39,25,80,98,59,27,73,50,39
71,82,34,52,42,55,12,36,72,58
37,36,22,90,64,86,94,31,66,57
28,66,5,20,52,82,79,85,11,5
46,23,74,3,88,61,65,34,94,13
49,83,86,95,53,18,2,21,34,92
2,93,90,24,44,76,93,44,88,61
84,44,90,27,14,80,21,69,70,33
61,3,94,35,18,56,73,21,46,76
44,11,70,29,26,35,57,72,82,16
45,85,61,51,24,16,38,48,56,90
73,26,87,24,15,58,49,57,42,62
4,89,13,81,6,4,99,67,91,36
48,59,34,53,51,33,42,87,89,59
89,12,89,25,20,38,7,53,47,82
71,45,83,12,95,100,27,43,94,99
86,50,97,33,56,23,86,67,6,1
10,62,63,56,28,25,79,19,18,34
83,70,44,7,90,67,65,44,71,15
61,9,22,16,97,79,81,3,34,28
65,7,11,98,44,38,47,88,25,51
41,3,21,53,43,11,33,66,36,88
46,89,49,11,94,69,59,52,63,46
93,21,59,59,25,46,83,58,70,29
56,80,6,60,30,53,83,75,77,78
33,31,30,26,11,25,69,43,97,67
13,83,50,31,53,94,19,74,74,94
18,68,39,88,83,79,21,84,36,80
60,68,72,90,23,57,52,84,87,21
55,64,66,93,96,31,26,69,73,70
59,64,77,27,78,19,26,97,93,2
72,59,1,11,10,37,9,10,6,1
92,87,58,7,4,31,64,68,68,10
70,65,65,32,89,27,70,11,30,81
52,23,84,94,55,35,42,83,60,93
89,100,58,20,64,23,59,62,33,63
63,24,43,70,80,1,71,83,38,83
59,76,41,22,77,65,14,43,62,94
2,91,12,65,98,10,15,7,1,44
53,72,6,1,48,40,18,65,26,54
65,23,55,94,98,84,70,36,72,34
33,6,72,6,89,90,17,51,17,82
57,72,84,47,63,70,28,93,74,66
77,59,4,36,97,15,77,72,53,11
22,90,1,98,35,57,52,97,39,82
55,8,23,38,45,48,71,23,52,57
42,80,100,93,34,3,98,63,17,73
6,81,27,68,13,10,81,6,53,100
73,50,38,45,6,45,61,45,47,85
51,43,9,65,48,75,96,83,95,60
41,15,79,32,2,32,15,36,62,75
68,76,59,4,9,50,57,11,68,36
31,53,82,89,16,75,5,73,56,73
29,67,25,62,35,59,94,33,99,13
88,68,98,76,86,43,58,75,42,64
65,43,48,60,3,90,27,84,12,47
61,5,23,99,58,44,19,13,53,27
92,6,82,50,19,52,23,23,81,62
55,64,48,12,63,91,98,90,53,37
41,74,28,20,78,36,1,28,41,22
85,3,92,74,56,4,12,53,71,100
46,100,2,69,8,6,56,23,30,17
30,71,55,71,6,18,9,20,49,34
78,59,42,49,18,84,7,70,71,79
62,16,65,12,99,12,42,35,58,88
59,95,31,43,61,99,27,29,58,98
50,68,81,68,6,7,80,53,93,80
89,10,44,64,69,26,8,25,15,15
12,8,28,73,90,99,74,13,12,12
87,38,1,51,52,9,76,63,89,18
25,18,10,63,63,19,96,72,54,34
49,37,27,53,29,96,83,100,54,24
60,55,8,86,7,39,88,53,85,30
25,79,16,56,52,84,20,94,11,58
90,25,7,64,35,95,53,52,73,39
50,95,6,84,47,67,67,7,65,19
5,40,48,20,4,51,31,4,43,92
42,26,12,51,100,67,76,16,17,50
39,97,57,98,52,94,78,38,48,77
91,90,89,16,7,34,84,7,41,97
63,7,61,38,4,14,3,8,56,54
5,10,93,78,84,1,1,82,74,75
21,85,87,22,27,48,36,17,28,67
58,3,66,90,32,69,25,2,72,67
48,98,3,33,61,6,25,18,32,80
19,94,72,27,48,91,34,36,32,58
50,85,57,8,24,26,31,43,13,39
92,81,53,62,85,13,53,94,22,45
42,49,85,12,56,77,37,38,32,42
44,29,2,7,31,55,69,50,65,51
4,52,8,7,56,69,60,25,93,66
16,82,22,52,51,21,38,18,43,39
97,29,13,82,53,51,51,30,6,31
36,95,29,65,24,93,78,53,41,12
29,36,68,90,92,60,20,78,90,39
2,4,36,83,94,41,38,56,22,55
5,70,86,78,93,69,10,92,79,54
95,17,66,4,55,25,15,71,16,34
21,15,53,95,49,26,42,82,48,83
3,74,58,11,38,8,47,80,28,50
88,23,15,46,89,73,92,5,55,45
71,70,15,89,92,84,97,99,35,96
18,89,84,30,22,47,44,45,98,91
47,56,89,12,29,35,98,10,64,12
41,33,57,8,62,79,51,33,86,25
79,45,64,99,48,12,19,6,60,15
11,6,38,59,32,88,6,90,68,4
30,68,43,19,86,37,63,24,6,43
77,4,27,47,44,3,32,82,76,69
48,24,80,82,83,85,54,95,76,63
68,14,82,11,50,31,45,76,94,82
84,16,56,90,35,13,58,6,56,3
11,41,42,87,48,62,44,53,84,90
78,39,63,63,87,15,90,17,26,47
33,54,18,24,67,53,63,26,21,99
76,59,66,87,91,95,72,81,43,9
62,86,47,21,22,60,5,35,65,93
74,66,58,4,70,96,56,27,12,8
33,60,1,87,58,40,65,92,78,36
39,2,65,51,24,63,37,52,8,86
77,91,47,70,100,98,13,86,56,23
24,69,22,27,17,46,12,96,83,44
38,66,13,25,79,22,30,80,44,6
31,78,65,24,15,38,42,95,94,76
20,18,91,45,84,55,50,56,7,36
57,52,58,65,23,99,1,30,20,47
31,10,99,52,12,61,82,28,55,14
100,18,26,44,33,97,66,33,22,19
71,32,82,96,61,96,12,55,5,38
58,78,84,11,1,36,61,28,63,64
77,61,96,100,51,92,63,36,17,54
10,50,35,52,94,59,27,12,71,36
81,31,90,52,82,82,100,25,33,62
28,13,66,45,22,72,12,49,78,74
51,72,34,87,33,94,86,86,86,59
3,16,60,67,3,13,10,34,4,69
29,8,88,69,97,24,14,1,19,69
2,6,54,36,60,69,11,20,36,31
63,36,90,58,83,46,22,26,45,20
14,89,19,82,91,15,18,43,90,26
15,77,25,55,30,84,86,73,53,99
33,72,37,91,69,84,57,53,71,62
43,45,44,42,59,81,65,94,7,71
50,22,45,96,48,92,31,5,51,23
61,14,26,29,55,57,98,19,47,2
39,55,46,52,41,70,44,35,54,21
50,96,24,27,72,9,44,32,97,50
59,79,30,84,17,94,75,67,12,55
96,2,59,99,40,88,53,84,41,25
34,17,27,78,72,51,20,95,100,74
43,82,31,39,27,42,50,38,76,11
91,90,86,9,77,56,47,7,96,53
53,22,26,93,63,25,76,90,8,95
21,55,33,65,13,49,99,45,27,78
70,3,10,81,27,85,46,86,41,54
7,57,86,92,5,53,51,19,18,51
21,24,52,73,64,53,26,74,88,98
4,86,57,94,27,26,40,35,89,52
70,35,65,39,25,4,56,92,95,2
44,66,40,25,28,58,42,77,14,17
9,15,60,17,93,9,70,100,49,10
11,69,62,13,67,98,51,29,96,58
42,91,20,89,75,32,1,74,69,32
37,5,49,79,92,57,23,97,44,100
43,72,23,36,34,43,92,13,51,12
80,11,57,22,94,33,76,98,48,35
15,76,34,23,13,32,9,68,36,95
25,48,54,67,3,34,89,9,65,47
81,13,41,56,62,9,51,99,47,5
40,1,90,6,16,90,96,95,8,36
74,52,13,38,83,96,94,93,92,40
82,6,7,61,7,99,78,80,22,69
62,67,31,53,57,75,16,21,75,86
71,29,57,50,83,68,94,38,95,99
7,74,14,64,70,77,43,61,25,80
55,89,98,78,38,68,28,73,39,32
75,88,34,24,92,50,30,99,72,48
55,84,92,90,29,63,81,86,21,38
87,18,65,80,20,40,85,43,56,27
15,65,62,59,44,68,90,69,2,70
58,4,65,13,2,61,26,44,38,48
11,1,22,87,50,8,63,20,58,18
78,61,67,2,44,43,91,36,24,5
99,3,4,78,65,60,92,3,62,67
80,9,81,19,36,99,40,9,46,16
54,96,51,39,4,19,41,14,89,51
47,83,53,35,4,32,57,51,79,78
70,14,22,12,70,69,77,7,46,42
76,66,66,36,9,33,51,2,46,23
17,12,44,59,54,45,32,16,67,21
26,35,26,80,69,12,68,43,43,33
16,42,29,53,96,22,88,56,46,49
73,21,87,39,45,26,99,65,46,70
27,24,13,95,50,5,6,78,36,28
40,23,37,79,91,35,68,20,98,99
34,38,4,5,47,29,66,80,32,84
4,26,84,93,26,84,12,33,32,56
58,37,72,41,85,25,73,78,65,91
38,81,100,78,80,87,72,33,33,36
26,21,93,11,21,2,67,39,35,83
58,1,77,61,91,39,66,53,10,77
67,72,21,92,71,35,37,3,10,18
63,73,70,31,25,88,65,5,76,85
38,29,79,47,35,94,56,88,26,34
4,55,14,88,32,89,67,19,72,24
3,6,62,21,61,71,68,23,95,37
42,6,86,79,34,19,55,64,3,24
1,6,72,85,93,98,19,33,52,63
77,32,85,41,90,41,59,9,4,48
72,61,84,97,37,89,47,79,95,3
63,76,85,85,78,56,40,90,72,28
12,74,100,38,49,58,59,63,36,48
41,20,24,94,84,47,7,6,96,84
94,41,60,12,49,30,95,15,65,65
34,75,92,8,45,15,91,17,4,4
42,35,9,34,7,78,58,57,100,92
64,84,22,44,59,50,26,63,67,76
86,23,83,92,96,24,54,63,19,36
45,21,7,11,86,39,11,88,19,88
33,19,22,79,61,19,27,24,8,39
35,86,8,10,54,6,86,6,87,58
39,14,63,91,79,43,83,23,30,47
52,1,93,78,46,63,70,47,22,62
31,17,42,36,81,82,73,33,2,88
60,31,67,33,33,36,75,6,98,48
36,97,98,83,38,69,85,32,34,20
12,82,77,49,20,83,37,33,97,22
100,53,90,43,12,56,55,49,71,7
21,46,28,40,65,37,19,89,78,60
67,65,3,94,74,83,83,20,21,53
44,26,84,99,95,22,45,94,7,40
30,18,32,87,85,35,90,78,45,28
79,89,11,72,66,42,52,29,63,76
67,84,31,77,72,85,2,47,56,93
74,29,60,77,21,24,29,98,46,4
72,78,78,66,83,58,87,72,35,20
67,75,57,100,38,57,81,1,29,53
9,39,89,12,4,93,85,88,40,50
84,49,52,44,99,64,7,44,69,53
58,33,7,45,78,98,92,31,19,33
24,88,22,24,50,26,63,24,9,6
55,7,95,92,48,16,55,61,93,21
26,48,98,7,9,54,81,92,2,92
20,85,99,58,45,16,75,25,5,87
27,32,60,89,71,37,12,62,68,37
86,91,2,99,98,32,74,87,42,80
82,64,25,24,11,24,33,75,53,96
44,29,1,57,88,82,48,73,85,43
78,31,71,89,87,55,78,16,56,89
36,4,2,23,8,5,63,53,76,29
17,99,60,65,44,81,11,79,32,24
9,40,31,17,27,74,6,28,94,83
49,77,4,15,32,82,21,51,24,16
84,99,56,18,66,82,83,37,29,25
83,84,74,32,18,65,94,97,8,18
43,45,77,14,7,72,17,28,52,51
61,17,64,16,100,89,60,32,94,77
96,63,57,61,77,14,53,66,83,7
88,51,87,39,33,11,40,10,65,86
95,72,2,66,6,61,55,12,66,82
79,35,19,55,49,48,99,93,46,19
31,17,80,11,47,15,15,85,64,26
2,5,1,95,73,8,99,8,77,65
80,94,47,83,81,39,80,99,11,14
53,22,78,20,55,24,69,74,41,55
52,60,13,3,25,5,54,73,35,48
91,47,78,98,86,76,57,46,19,30
43,40,47,86,20,23,100,76,28,88
62,15,2,96,66,12,30,2,12,95
98,23,73,86,30,40,29,84,94,8
52,86,45,77,95,97,76,36,25,39
38,31,69,4,82,59,23,26,31,50
53,19,91,8,76,47,15,26,36,43
11,31,92,67,92,51,79,91,50,83
65,32,40,90,5,99,90,73,43,38
30,48,78,55,92,62,43,87,29,31
91,72,49,13,98,10,19,99,65,27
61,67,88,31,5,52,39,78,61,90
61,57,48,55,40,60,85,84,10,75
57,15,20,40,63,72,63,70,45,86
83,12,51,32,35,45,74,85,88,14
45,12,52,65,96,22,82,93,33,38
61,63,36,51,54,24,22,97,98,68
63,3,33,25,44,60,91,1,39,2
41,14,30,8,51,86,51,66,97,4
29,95,19,93,90,16,38,79,43,8
76,82,81,55,40,59,69,21,83,73
29,12,61,32,6,63,88,78,36,22
94,40,51,81,76,4,41,10,25,77
53,8,11,54,28,28,99,98,89,36
30,86,72,88,20,52,28,15,85,3
62,64,32,30,40,69,32,25,90,92
58,28,70,47,71,90,88,100,99,20
73,66,76,91,44,52,6,14,38,77
9,97,34,48,78,54,34,49,91,100
60,24,63,53,48,25,44,70,35,86
1,56,68,18,30,47,59,30,33,11
8,19,38,59,45,11,38,3,68,89
77,74,59,82,58,1,7,67,37,48
95,35,20,73,92,69,38,77,24,2
68,80,94,17,12,31,12,32,72,23
37,43,57,77,94,27,69,18,45,86
77,84,83,49,32,46,52,34,1,32
63,38,77,47,5,19,66,21,29,7
61,43,70,64,86,68,61,61,66,37
22,96,56,86,15,22,26,6,52,80
67,48,48,9,3,27,25,4,58,64
59,31,22,74,24,53,100,40,44,80
43,77,51,99,67,39,75,28,72,76
66,86,87,93,40,6,62,1,73,13
40,76,96,99,42,18,27,73,45,50
7,18,8,15,50,19,19,84,50,37
44,22,94,24,72,95,6,46,28,31
82,96,99,13,81,74,16,12,55,96
56,54,5,20,25,100,40,14,49,26
30,84,36,90,15,91,43,46,63,52
62,12,30,31,7,13,9,13,46,12
24,56,88,62,18,59,74,52,61,29
90,86,64,77,42,34,75,26,78,86
95,46,88,5,57,56,56,10,3,5
57,72,11,4,82,42,29,35,53,75
64,5,48,30,17,21,60,42,50,27
21,10,98,30,35,13,72,19,51,23
59,50,34,21,11,47,100,70,99,86
12,45,53,16,50,66,9,33,20,33
59,67,68,29,36,99,100,42,61,33
85,26,77,25,24,57,39,58,54,6
36,90,67,4,74,87,28,14,51,63
34,48,22,20,23,9,67,43,72,67
82,10,90,26,46,100,100,96,29,79
59,68,4,98,87,85,73,91,67,32
10,39,43,38,7,99,9,60,31,44
98,95,66,39,53,94,48,50,97,89
49,27,86,100,15,11,55,18,21,76
88,85,6,20,18,42,96,49,30,65
46,85,3,94,1,8,80,53,81,11
8,67,83,41,100,14,61,6,54,94
81,87,27,12,71,44,53,29,59,27
26,58,17,68,97,30,100,49,38,7
100,26,80,75,48,25,19,92,20,2
18,20,99,82,43,58,55,66,91,47
54,93,27,37,14,81,81,92,21,22
33,69,73,54,69,14,36,71,48,12
74,10,86,43,67,44,21,8,2,27
70,9,27,61,13,63,46,52,59,29
49,69,93,63,50,2,77,34,32,86
74,13,44,79,10,9,72,44,62,52
63,31,45,92,100,55,74,35,31,22
38,24,70,67,45,15,37,18,47,95
80,77,25,59,2,97,66,3,27,2
70,69,36,4,20,82,47,91,27,38
34,44,72,89,56,81,66,29,25,84
65,99,23,93,34,65,90,10,100,57
18,31,98,50,7,77,36,31,97,91
59,14,76,28,88,25,41,22,69,42
72,7,23,61,43,1,87,5,53,42
82,98,52,1,24,50,58,62,47,74
28,55,72,27,78,22,81,28,5,68
21,50,16,42,90,25,90,40,2,1
73,45,26,34,83,26,98,17,94,1
23,9,68,2,34,38,31,49,77,79
91,70,10,85,65,20,44,71,46,99
71,92,15,11,30,29,65,44,94,3
93,38,60,13,5,48,9,93,1,91
54,53,9,74,44,14,27,4,59,66
66,30,93,54,6,99,98,56,67,79
74,33,64,72,50,50,68,89,35,8
38,57,73,13,74,22,65,86,5,77
31,97,31,23,72,41,11,29,91,62
27,9,41,62,43,88,25,88,28,47
90,18,66,100,17,30,62,65,74,42
58,4,33,19,47,5,20,34,72,30
54,22,76,47,4,1,85,52,80,88
60,91,55,8,45,57,58,26,73,83
95,21,45,79,30,89,89,3,95,2
36,89,49,40,59,74,76,19,13,23
43,62,88,5,7,22,98,95,71,17
99,24,33,71,68,57,82,8,62,2
50,78,56,96,23,52,49,39,74,25
1,34,41,50,79,87,30,13,86,65
77,11,66,32,24,17,10,25,24,3
18,72,49,77,30,81,89,81,59,7
69,78,64,52,9,6,14,76,29,48
44,92,96,17,47,24,44,34,59,88
99,13,100,71,95,41,15,94,11,55
17,81,91,68,12,64,65,77,17,37
86,6,33,53,76,25,65,97,70,28
34,49,26,27,22,87,10,59,55,85
41,42,43,70,63,41,97,82,44,52
70,74,74,18,31,77,57,85,93,74
13,99,20,75,30,57,63,66,63,4
57,61,54,68,48,19,70,52,36,37
13,26,5,26,13,13,50,77,73,86
46,17,80,60,71,35,54,50,79,20
85,12,19,42,95,32,66,95,79,16
95,3,65,82,20,94,14,29,19,26
8,47,9,28,30,41,1,41,37,78
42,71,92,1,12,9,17,87,58,23
74,79,22,71,31,91,43,13,41,25
20,41,78,98,45,6,70,20,22,25
67,82,30,69,25,84,24,45,65,31
73,44,79,22,54,1,48,67,16,58
81,29,31,33,100,40,89,1,67,100
38,46,38,47,82,49,60,25,66,15
5,75,13,5,57,62,45,51,29,24
2,18,38,3,60,95,67,89,36,89
40,83,31,81,34,33,31,57,9,86
83,18,44,52,20,79,54,84,96,2
32,90,31,71,33,47,64,76,5,60
12,72,7,75,95,69,88,43,77,100
25,24,29,34,87,96,84,25,90,78
62,85,92,14,23,60,51,79,12,76
11,59,99,18,41,10,92,55,36,47
32,27,95,46,38,62,93,26,49,88
70,62,84,63,44,42,31,17,61,87
27,40,26,6,56,47,31,88,40,52
68,79,71,21,80,94,75,38,26,67
68,64,21,32,43,66,54,11,3,20
70,30,67,1,45,61,14,15,89,49
6,32,88,19,32,52,44,14,98,78
52,15,10,6,28,66,45,75,72,39
100,62,83,24,43,26,47,79,42,63
82,50,64,86,23,12,22,10,9,44
35,20,39,49,13,93,90,65,49,35
15,34,54,93,42,37,1,62,7,14
99,92,43,93,56,11,72,91,61,22
96,2,90,89,70,59,52,23,40,13
31,59,65,51,63,18,90,7,24,42
59,9,11,21,14,58,14,38,94,33
2,95,16,41,24,9,57,38,17,71
68,8,38,93,58,25,98,91,96,99
15,41,35,49,59,4,92,37,85,92
22,64,76,49,64,7,70,19,95,11
11,74,12,82,87,81,45,34,33,16
64,4,8,50,19,20,33,6,70,34
57,64,75,89,91,67,31,88,15,20
100,1,67,90,18,55,23,65,44,30
13,93,70,91,40,37,48,23,90,14
76,51,85,44,38,1,49,79,65,29
23,35,46,26,54,63,2,40,62,52
29,20,45,86,20,50,40,24,21,53
74,43,57,92,26,7,5,91,97,11
57,19,23,75,81,66,61,3,73,88
13,76,4,2,11,15,95,1,85,53
67,50,72,37,17,71,63,25,75,72
63,97,50,66,5,17,24,16,99,26
11,75,18,45,100,22,35,14,95,92
48,69,77,60,81,71,90,34,50,86
56,64,85,72,73,45,61,6,38,1
74,73,15,23,99,49,93,19,89,12
60,45,97,76,81,20,26,69,13,95
11,36,81,49,59,16,41,97,99,57
92,24,87,68,5,81,57,95,17,25
51,45,55,45,18,1,19,49,37,28
42,60,65,39,99,3,82,59,13,45
12,49,93,23,50,83,22,98,20,33
10,11,43,89,80,15,24,50,34,35
53,49,45,77,15,41,46,85,56,55
93,71,43,77,43,87,54,40,81,54
93,32,42,40,45,38,70,5,19,85
2,46,44,44,56,14,99,5,29,30
52,46,21,22,84,50,13,33,70,16
58,9,78,27,58,52,93,45,72,36
36,88,56,100,47,4,60,60,54,8
15,3,22,99,57,19,92,74,80,54
68,18,77,77,97,97,11,80,24,43
42,20,58,19,45,85,40,51,6,36
78,93,27,79,91,40,27,30,5,55
65,4,80,23,80,37,64,6,61,89
59,32,87,98,89,44,74,19,89,99
12,44,34,21,94,95,73,20,38,57
21,6,30,43,55,44,16,27,79,19
47,69,95,78,80,20,50,31,93,16
35,1,99,72,44,54,43,31,58,31
84,20,72,100,96,61,45,52,12,86
41,25,2,91,60,56,34,95,22,72
32,95,59,49,74,77,61,28,80,98
35,95,44,95,82,71,28,81,41,73
3,97,14,75,12,60,64,48,100,15
85,98,33,70,1,41,73,31,21,12
33,59,83,91,53,38,67,9,60,56
51,10,15,73,16,92,68,40,22,15
1,67,58,62,34,16,57,46,43,26
38,42,67,19,36,7,89,74,91,71
5,22,53,6,28,87,89,15,35,58
42,18,63,52,84,52,26,70,77,18
32,45,17,96,3,74,6,99,98,21
87,10,79,63,69,29,77,26,36,48
46,70,10,68,84,89,9,69,16,44
79,15,6,100,93,29,74,71,49,84
26,54,88,7,10,94,30,81,25,61
9,69,11,23,54,32,7,91,47,42
79,22,36,49,50,60,94,7,78,35
15,31,35,32,14,78,33,72,85,53
1,58,16,29,89,30,66,33,47,12
87,30,62,71,71,17,38,67,19,17
17,74,4,1,19,24,55,70,89,99
73,60,68,12,54,78,4,21,5,50
69,97,46,64,20,88,86,81,63,59
61,37,79,52,88,68,79,4,6,70
61,5,52,18,76,57,72,80,10,96
30,7,92,3,65,1,12,28,53,85
57,6,97,78,6,48,100,3,86,43
30,35,44,33,45,63,59,27,29,42
31,4,67,17,15,94,53,92,11,77
43,57,41,32,53,91,9,61,30,84
44,32,87,63,4,26,55,6,45,73
77,42,81,67,53,8,50,64,89,25
51,7,20,2,46,20,72,61,53,40
71,59,67,19,69,58,21,94,59,49
65,54,17,92,98,68,35,45,25,30
45,53,71,17,67,15,31,79,74,24
64,47,13,24,83,6,52,43,42,24
9,7,48,86,83,69,60,10,74,99
40,96,59,27,64,29,21,12,53,79
53,69,7,100,63,68,32,42,77,71
43,2,19,34,19,74,83,71,71,63
76,32,88,26,71,23,31,37,72,7
29,73,96,40,55,42,43,2,79,72
97,56,69,63,79,2,78,13,44,70
90,40,47,98,6,20,91,41,69,37
76,5,6,95,2,9,67,31,92,89
75,90,6,88,65,36,17,5,8,33
49,75,56,47,58,73,96,80,36,81
46,81,85,27,84,66,7,51,72,97
42,20,3,79,28,23,18,29,3,68
41,77,85,27,98,69,12,60,67,30
77,29,37,30,71,79,80,58,86,18
74,19,62,33,27,16,82,74,92,89
26,9,97,61,41,79,56,52,47,81
46,44,52,41,8,10,93,70,62,96
66,67,40,74,15,100,39,55,80,35
5,40,26,32,99,68,40,28,96,42
70,31,46,65,86,43,42,32,9,23
47,71,13,2,85,12,64,23,55,45
50,96,57,92,97,98,38,44,93,2
74,9,74,69,11,14,19,77,40,45
22,18,90,95,100,56,74,88,3,35
9,42,84,15,36,14,8,96,18,59
88,6,40,6,49,17,31,3,33,84
2,90,27,36,29,8,14,77,32,24
17,31,20,59,97,100,52,90,74,27
78,90,89,87,49,46,80,100,23,20
79,61,10,32,49,58,26,54,79,82
86,17,66,38,62,89,84,100,2,75
2,94,77,21,74,54,74,15,17,35
90,91,67,43,92,28,48,62,69,43
93,80,19,21,79,60,44,18,6,70
47,54,21,53,30,28,7,97,37,67
57,28,37,21,26,78,90,44,3,5
54,81,4,48,9,74,66,35,97,46
33,77,21,81,22,81,79,5,58,52
53,77,7,4,57,47,15,99,58,41
80,25,20,8,81,89,42,32,53,59
64,31,69,35,31,37,10,62,99,11
25,92,80,14,26,41,19,40,16,90
94,65,4,81,40,1,23,51,19,6
6,1,62,4,59,15,14,35,1,29
32,53,70,26,90,90,7,96,98,64
23,88,76,32,14,19,42,12,64,72
34,95,78,52,89,5,48,39,63,75
61,39,39,14,47,68,92,35,88,65
84,36,14,96,50,40,97,5,65,65
94,93,13,97,63,39,82,83,16,3
83,97,99,71,92,6,5,12,95,81
45,49,45,39,25,46,94,44,33,85
33,88,13,61,47,72,57,66,89,74
42,71,45,24,74,8,65,84,22,69
30,70,39,94,82,83,72,9,11,24
34,1,67,44,69,3,1,99,96,79
91,48,77,49,84,31,40,61,16,2
13,71,34,36,46,58,27,35,26,21
82,89,13,49,51,64,22,97,39,80
28,24,64,69,10,43,59,34,4,95
99,63,60,57,88,84,57,50,33,67
78,53,80,95,73,44,90,64,62,81
2,50,88,22,98,43,67,10,98,97
58,11,19,9,63,74,64,82,40,96
39,3,19,74,54,66,97,54,76,13
24,85,9,46,43,64,72,57,76,47
8,77,8,3,36,22,56,12,69,80
60,100,44,67,16,68,57,64,84,18
77,54,91,16,35,46,87,42,80,36
70,54,68,38,32,94,65,9,72,15
32,22,3,80,100,6,50,40,68,16
3,84,100,8,80,26,64,65,6,34
50,48,31,29,77,48,39,17,34,17
81,91,8,80,67,44,53,71,61,73
62,97,34,42,24,17,21,65,3,34
74,55,71,30,77,88,47,55,74,95
92,76,45,70,35,51,13,57,7,98
8,36,28,28,12,74,34,54,19,84
42,73,12,10,53,57,46,30,20,26
26,52,97,28,85,2,11,61,16,94
29,1,7,38,23,27,39,10,45,28
21,1,94,3,50,94,72,85,43,26
49,84,17,91,9,85,88,7,96,4
28,1,91,4,90,28,7,49,7,36
6,73,22,42,35,44,40,54,1,62
52,77,93,57,92,70,50,90,81,37
2,45,88,74,44,53,78,79,58,93
38,99,19,84,20,18,41,12,67,38
89,12,100,48,95,15,78,31,25,19
4,91,29,99,46,83,38,79,45,5
5,59,25,69,93,66,10,79,3,48
79,19,39,32,33,3,80,55,84,79
44,22,45,17,28,1,100,68,3,38
56,39,4,53,14,16,37,44,23,9
73,59,17,45,8,53,34,68,73,22
77,88,52,52,83,90,37,28,81,90
48,88,49,44,53,59,10,60,45,24
47,11,63,76,91,73,8,30,12,83
5,6,1,18,18,14,74,40,27,58
17,96,22,42,17,45,7,7,81,63
40,26,98,98,74,90,49,83,62,58
32,66,58,11,71,63,74,92,100,52
19,89,57,18,66,27,2,25,70,94
5,12,88,36,11,21,46,47,86,5
38,77,92,68,52,92,73,15,57,64
81,59,63,61,55,20,29,68,43,50
66,39,40,28,4,33,81,29,33,69
90,73,64,28,92,95,80,21,32,60
4,32,35,81,99,54,94,81,42,46
20,16,97,29,52,77,27,33,77,7
40,50,59,17,23,39,5,91,60,50
59,82,56,88,57,42,47,77,22,97
68,95,20,6,23,86,19,50,40,92
4,70,82,21,99,52,63,74,17,91
47,20,39,52,51,36,23,76,58,45
28,46,79,31,16,94,13,10,64,47
46,14,69,78,29,82,91,32,19,53
89,84,86,79,18,10,26,87,56,96
7,94,92,87,54,38,19,15,24,73
11,38,4,51,89,26,98,73,9,56
16,98,6,80,80,22,97,7,30,21
78,4,61,24,21,52,18,60,97,23
56,11,14,14,95,77,83,55,23,13
97,63,68,4,92,53,36,31,35,55
7,46,37,59,14,14,66,59,59,12
49,78,96,45,85,18,68,76,22,56
25,26,49,61,11,92,23,33,6,23
46,3,42,62,1,34,50,85,79,44
60,66,3,7,46,27,13,18,39,37
42,21,12,15,27,20,8,61,5,69
56,66,45,23,64,39,30,44,93,65
96,17,34,86,94,63,11,43,49,71
27,63,26,50,27,88,55,14,12,6
94,92,24,57,92,20,30,54,68,35
6,31,52,46,3,77,57,55,15,59
14,33,8,58,15,93,9,57,6,15
64,33,5,80,55,96,54,48,94,55
55,5,39,4,83,1,79,80,71,16
95,28,49,54,96,12,31,11,12,77
91,35,35,49,72,21,29,63,10,53
85,81,44,13,33,88,4,32,24,7
39,3,21,19,3,30,24,87,58,36
39,79,24,75,21,59,65,84,28,52
78,39,50,61,46,59,92,48,43,34
55,64,59,39,77,46,37,93,15,79
25,85,11,9,16,27,89,7,8,29
23,64,90,71,16,95,74,57,14,25
44,32,95,80,65,8,64,3,36,6
49,36,84,13,23,22,39,69,9,51
53,22,81,81,4,13,69,37,69,35
34,12,6,42,92,6,88,54,39,5
79,97,39,18,30,85,80,82,94,99
35,6,83,54,29,18,89,66,44,93
17,80,84,64,27,93,40,88,77,89
87,93,30,19,47,58,23,26,46,89
24,11,43,65,75,46,60,89,90,3
71,47,61,89,84,92,20,78,91,36
28,81,3,57,22,96,45,66,38,6
89,51,12,37,65,94,31,34,17,28
64,53,80,6,4,86,81,75,51,50
73,77,93,63,28,61,41,6,67,91
34,26,4,44,14,63,4,91,88,49
99,91,66,36,68,49,93,62,38,52
8,40,91,32,71,42,52,4,68,49
88,44,93,15,45,55,7,45,82,63
8,16,64,2,32,16,31,5,34,55
41,94,3,63,14,59,72,49,33,28
1,76,14,20,49,55,73,48,9,89
81,82,61,44,57,5,81,24,74,22
15,74,44,28,94,100,21,39,94,8
58,46,77,86,7,52,17,75,33,34
22,37,58,98,39,98,8,23,19,31
35,98,92,91,36,67,91,67,60,5
66,27,70,40,2,79,32,16,24,28
46,83,97,17,71,41,34,73,20,92
26,36,9,3,12,2,3,87,7,7
51,77,44,47,28,56,81,76,19,52
86,34,84,12,14,53,66,33,33,54
21,9,64,6,77,27,64,64,84,73
22,5,98,96,21,4,68,52,62,88
37,83,48,70,62,64,81,10,43,63
51,81,33,67,54,16,59,11,69,97
99,22,34,89,61,61,7,70,16,41
92,95,74,33,82,51,55,71,64,37
26,97,7,35,14,49,74,8,93,58
4,22,31,8,12,70,94,14,68,82
44,84,94,46,85,58,10,35,51,48
72,78,77,96,96,3,69,35,48,40
82,82,11,91,87,89,11,46,26,71
8,3,56,76,88,12,5,9,14,8
99,92,24,98,16,10,8,79,38,36
38,27,6,10,12,48,80,82,5,80
75,22,83,97,94,53,49,26,66,97
61,13,32,3,78,8,43,65,57,62
66,60,64,92,43,88,63,43,99,69
22,68,35,57,20,99,6,47,41,84
92,81,99,17,74,34,66,3,14,42
8,43,72,84,78,54,38,97,55,79
100,70,38,4,18,63,99,60,41,59
49,61,28,94,37,88,22,35,83,2
27,68,31,23,4,22,95,7,23,14
18,39,56,7,39,28,6,96,96,23
19,77,51,76,94,50,23,20,77,86
4,78,25,45,78,26,73,65,51,33
6,32,59,95,88,59,16,95,7,7
82,38,68,11,34,68,18,28,16,62
12,9,37,26,30,5,25,11,62,14
98,36,22,18,29,45,84,88,73,1
26,92,94,72,22,14,69,43,7,59
68,43,74,100,70,40,68,76,78,20
52,100,99,14,64,30,80,34,98,19
18,22,21,31,52,31,76,14,40,20
99,100,95,49,6,12,37,69,11,81
34,97,1,27,24,3,15,49,47,69
68,22,59,44,97,31,18,71,66,96
90,77,27,97,32,40,15,100,26,86
23,37,65,60,2,74,50,93,54,50
15,55,4,100,92,33,89,44,28,11
91,93,42,46,44,6,90,33,72,65
36,2,8,63,27,20,21,68,84,57
81,2,20,15,99,31,20,28,34,79
42,80,69,25,14,86,90,33,61,56
5,7,63,75,62,80,80,56,96,46
2,37,84,47,32,91,62,53,25,3
64,19,51,39,74,44,84,38,31,50
68,86,87,24,88,42,48,57,57,11
2,69,25,35,4,82,74,38,58,37
84,54,73,39,33,71,11,37,55,27
4,70,2,99,48,98,25,95,57,79
25,96,45,21,75,12,19,95,69,60
37,25,30,42,32,30,91,61,88,16
84,87,47,21,99,1,99,78,4,13
72,95,54,43,47,56,27,21,10,8
65,26,22,93,55,49,96,19,43,70
78,61,36,55,82,20,8,47,67,26
39,60,9,74,13,26,45,97,73,51
98,47,3,70,6,68,84,19,41,92
54,2,26,13,63,80,12,77,64,19
53,5,82,67,31,77,85,20,31,3
89,35,7,75,95,61,78,10,60,97
5,92,49,62,25,67,96,57,9,37
13,55,57,88,10,60,41,99,92,49
98,75,32,37,92,92,19,80,85,4
58,88,12,9,53,67,41,16,14,9
42,59,39,41,51,32,21,84,94,51
27,4,26,64,7,55,69,51,98,55
70,25,43,52,7,80,3,14,68,30
35,40,44,67,63,55,98,10,70,38
99,54,1,72,9,43,50,89,3,19
14,56,70,93,64,22,90,7,61,69
69,45,44,20,100,63,55,22,39,42
95,75,22,59,18,46,95,35,76,17
40,27,97,92,62,56,39,59,55,49
12,79,26,70,67,68,27,91,26,33
87,6,39,72,82,17,81,48,84,5
1,27,81,31,92,67,28,91,48,92
23,97,93,94,4,50,2,46,73,75
17,3,24,28,14,7,79,74,82,64
39,25,88,18,36,61,63,67,100,66
49,2,10,48,89,44,23,64,73,43
70,47,51,2,18,19,50,81,100,95
78,71,12,44,56,87,18,74,10,16
88,71,29,97,10,28,19,30,99,24
31,49,73,31,96,25,85,60,90,9
14,87,52,26,35,2,73,65,9,50
70,68,75,18,82,43,57,37,60,28
36,95,66,49,48,40,3,19,49,69
98,9,22,94,72,13,83,56,8,94
15,96,31,6,28,62,33,29,59,6
58,4,64,24,33,93,20,57,50,77
57,74,32,98,46,25,36,80,15,26
35,6,44,23,39,87,10,93,46,48
32,61,67,31,85,76,29,77,68,10
86,94,56,21,11,16,21,73,86,60
5,46,15,60,4,34,5,99,55,54
60,7,32,4,72,26,43,3,5,2
50,83,94,93,50,20,90,6,77,70
21,63,51,89,59,95,50,71,28,1
46,12,80,79,18,38,58,92,68,72
31,63,7,39,57,59,11,3,36,60
100,59,12,64,25,53,72,19,5,94
31,84,20,22,32,31,83,76,39,94
26,3,47,64,60,28,77,35,9,87
19,77,3,74,98,62,1,86,91,32
42,12,21,6,38,91,46,61,91,21
84,35,36,74,86,15,58,47,12,94
97,40,75,37,14,81,46,11,93,75
65,74,41,97,56,79,81,89,7,75
20,30,100,40,4,68,42,48,63,15
27,76,3,86,24,1,36,57,74,11
73,52,19,90,51,18,93,6,12,69
55,39,95,2,51,18,98,75,97,29
91,85,74,76,1,67,73,19,92,7
51,99,50,69,56,98,7,18,24,9
27,75,99,55,85,74,40,76,81,41
39,35,82,45,100,97,69,69,96,51
99,96,54,77,88,25,1,52,82,97
32,77,30,49,45,80,76,99,73,40
91,65,20,28,81,72,75,25,65,21
5,54,35,76,85,59,56,19,79,22
84,12,77,67,95,99,70,67,85,46
99,14,15,43,23,39,83,80,60,79
74,18,93,97,92,56,91,32,42,39
45,9,63,100,11,4,49,78,95,55
69,81,67,47,80,34,100,63,57,73
61,51,90,28,26,54,16,12,82,69
47,38,29,68,58,43,85,94,100,100
97,29,74,75,86,30,10,28,24,3
93,29,57,60,81,53,47,78,10,83
70,12,65,76,79,42,1,44,47,22
67,95,55,95,2,35,69,54,71,67
81,90,84,45,84,96,48,33,56,14
82,49,77,26,31,79,77,52,50,92
45,48,93,20,63,51,77,6,76,97
82,91,63,92,57,10,21,17,55,20
72,19,87,46,4,86,66,4,64,92
41,95,80,41,53,41,22,5,52,14
69,80,52,37,78,62,22,17,19,9
71,60,52,43,100,66,89,76,13,79
36,21,85,14,91,81,8,88,75,75
29,66,29,46,29,3,52,68,93,83
52,73,75,11,46,96,6,84,19,28
62,60,42,11,98,50,2,35,41,19
19,67,5,11,51,70,33,9,55,30
28,23,44,8,47,47,5,61,87,63
14,16,63,44,32,17,36,7,47,38
69,44,60,60,100,55,95,41,80,81
100,52,46,75,57,32,22,46,18,38
39,93,51,71,59,94,12,73,75,97
78,2,98,13,86,87,54,100,16,83
21,54,69,48,18,41,77,34,33,19
82,78,97,42,69,58,69,59,83,41
1,78,77,56,87,41,26,39,6,29
76,57,100,68,80,98,97,17,37,80
95,70,54,84,73,82,95,31,10,7
71,45,37,96,13,8,40,80,44,76
65,76,21,4,36,45,16,4,54,18
34,89,70,38,99,63,42,57,82,91
80,32,75,84,77,62,50,60,16,45
48,68,15,21,5,8,95,45,32,56
29,61,67,36,12,61,13,75,32,82
79,4,92,47,48,5,32,51,85,1
49,2,60,48,56,9,96,96,10,13
35,30,66,8,82,58,58,36,77,69
29,5,30,40,25,69,99,15,97,50
58,16,88,43,73,58,80,9,19,53
65,93,45,30,12,86,38,49,21,20
33,7,84,14,58,92,49,69,74,33
79,21,56,70,39,59,96,78,59,21
77,86,70,93,5,22,42,91,52,31
22,32,61,71,11,31,29,76,13,70
13,81,79,27,45,1,74,54,79,61
73,88,34,89,53,23,68,87,25,53
4,83,41,38,70,68,68,30,19,21
4,27,83,100,66,23,69,28,87,31
44,43,61,9,55,85,4,36,98,62
92,88,37,6,35,17,88,15,92,63
63,26,72,21,100,20,91,41,74,67
70,82,31,51,70,7,45,4,2,23
35,39,63,11,38,65,93,10,81,57
19,13,46,56,71,55,84,17,86,88
50,98,71,50,67,17,86,4,6,31
3,22,5,72,3,74,43,91,84,50
4,35,85,93,79,79,94,100,63,85
14,79,3,95,94,78,61,90,32,12
62,46,67,77,91,53,40,61,17,29
94,17,33,51,24,99,39,29,74,28
22,45,58,41,72,31,34,74,24,66
32,67,60,77,10,75,95,81,33,98
78,2,21,37,71,44,83,29,68,87
91,89,85,45,9,17,12,4,71,7
25,38,19,81,26,69,89,100,59,1
17,27,48,75,20,51,84,19,39,42
78,9,87,42,68,92,49,68,4,81
80,2,52,62,52,37,98,97,67,94
67,72,27,77,19,80,80,49,12,34
56,40,57,98,7,82,39,73,11,76
5,13,97,92,16,64,57,1,49,82
47,51,47,24,79,74,68,17,57,3
58,61,58,48,7,7,100,71,28,30
77,42,20,15,39,35,88,98,26,81
5,32,42,58,97,91,3,51,86,5
66,99,4,56,42,55,47,31,87,88
9,65,17,58,1,39,32,92,31,12
53,8,93,31,19,79,55,88,31,76
38,29,57,53,55,81,70,16,89,55
34,13,20,59,32,76,35,69,51,21
11,95,54,93,92,73,49,33,96,59
28,29,86,26,20,85,98,16,64,44
94,97,53,41,85,27,77,38,78,70
88,62,32,67,10,93,50,60,72,78
18,60,79,26,20,89,35,75,88,25
46,24,17,63,94,87,52,21,39,14
25,4,59,10,56,89,34,32,28,83
86,34,9,3,97,91,39,92,65,100
55,100,6,57,2,37,94,41,97,69
80,79,39,71,99,91,91,99,83,14
100,89,28,79,8,20,94,55,17,100
91,13,43,40,79,81,78,69,2,6
3,35,49,24,72,99,20,23,5,68
93,34,91,14,38,70,84,81,47,89
82,9,37,99,80,2,65,15,46,39
12,72,17,96,18,11,24,4,53,32
22,43,61,45,89,20,46,83,31,22
64,46,11,12,55,73,2,17,4,53
57,78,76,32,5,66,30,44,23,16
19,36,39,15,80,86,15,75,85,63
1,87,30,2,4,15,96,24,85,86
47,74,32,24,37,5,8,29,64,15
23,60,17,73,74,16,81,85,8,47
89,18,48,83,69,74,8,15,17,76
99,95,18,15,12,98,61,74,33,76
41,40,54,40,26,61,48,1,35,21
50,30,9,6,22,61,47,69,25,43
64,68,56,48,92,28,64,31,17,50
37,52,3,26,28,99,92,75,78,65
78,30,20,27,3,90,41,24,46,3
54,32,39,32,96,68,43,13,7,3
6,61,59,56,29,5,51,64,62,78
66,60,9,34,29,43,20,73,84,68
81,22,67,5,34,48,98,3,70,81
11,65,99,69,88,49,6,28,73,59
68,50,11,59,56,83,44,9,81,88
98,63,4,95,53,36,12,47,67,69
38,59,9,21,8,94,25,15,49,48
39,28,23,85,15,6,47,53,20,90
1,8,35,25,38,82,28,10,26,41
21,73,54,31,73,90,46,59,4,33
54,35,59,37,100,63,33,95,72,15
99,97,25,44,19,99,44,7,34,48
51,36,58,61,99,38,68,100,42,38
25,43,44,87,39,4,97,2,46,68
20,33,21,70,69,84,98,86,40,23
74,41,10,2,26,69,97,28,92,16
8,12,42,68,40,72,34,24,29,54
65,79,64,44,42,60,35,60,13,43
23,51,16,76,40,100,42,20,60,7
16,58,88,2,56,17,60,23,29,44
31,42,27,26,62,19,62,67,6,22
70,80,55,24,30,58,78,11,63,85
31,90,55,63,52,98,55,72,46,77
65,19,27,38,76,52,62,95,83,86
34,79,71,34,15,15,50,5,16,62
77,87,4,85,92,69,93,31,3,14
89,43,30,57,72,46,33,93,83,4
99,56,87,35,95,54,31,94,31,7
40,33,65,76,25,39,5,27,76,7
33,61,80,87,82,72,88,51,44,69
63,3,39,17,59,87,59,99,3,82
67,21,73,3,34,30,38,61,73,62
34,4,22,90,58,11,55,64,94,96
55,14,74,30,39,28,6,64,8,25
78,13,40,69,16,43,42,56,38,4
48,42,96,59,35,20,18,15,43,17
10,36,4,81,11,46,75,62,72,60
43,38,32,41,70,11,73,9,12,83
19,46,42,72,22,51,93,75,36,23
12,30,45,58,77,25,20,37,34,8
3,48,16,69,72,57,34,79,50,47
25,76,79,43,31,57,94,53,72,4
63,72,7,2,76,43,48,49,11,83
81,45,3,50,22,59,49,55,57,76
95,98,10,41,20,60,7,51,3,83
38,55,44,39,38,69,34,61,76,28
42,64,11,23,74,8,80,24,19,42
55,27,96,24,27,85,25,64,62,53
83,98,50,74,68,16,24,5,30,56
67,1,12,12,15,28,33,97,83,92
73,99,1,87,47,6,48,13,54,49
10,43,48,89,54,51,95,52,66,96
55,91,95,50,100,38,38,9,99,17
86,96,74,96,95,93,9,17,92,15
92,70,55,63,48,67,97,92,2,86
33,32,6,35,45,83,36,43,83,19
31,13,75,23,13,3,94,95,25,9
78,44,44,25,5,81,57,85,82,30
65,62,89,49,30,12,18,14,67,37
78,36,29,89,43,3,38,11,38,8
1,6,60,65,38,3,90,31,78,26
69,42,84,8,38,92,25,36,97,19
94,40,45,78,24,78,48,88,98,27
87,90,89,50,90,47,71,70,20,56
37,24,96,100,40,100,70,23,86,91
8,64,27,27,52,34,88,1,30,96
53,58,54,74,39,19,75,95,44,13
20,88,41,83,44,95,20,91,58,11
92,35,82,32,69,27,66,32,98,84
65,77,99,68,72,57,21,9,39,51
89,65,81,56,41,63,75,22,27,43
77,62,86,46,4,56,64,3,90,68
61,23,21,64,41,62,94,79,90,18
6,56,94,23,16,99,95,38,37,6
30,98,90,93,58,39,13,26,76,55
100,53,97,88,71,10,3,43,3,20
19,15,41,9,46,49,42,13,16,40
95,47,70,60,77,52,31,4,70,78
69,46,86,23,73,58,15,57,32,62
69,83,60,75,94,14,83,1,75,3
70,23,70,53,48,11,53,65,3,90
60,80,90,5,23,58,57,2,86,80
99,58,93,44,77,90,28,34,80,93
21,9,57,22,14,12,80,63,3,44
38,22,4,15,63,53,35,95,85,97
19,60,51,53,54,8,65,64,39,96
88,52,10,48,61,49,92,85,38,4
40,63,58,93,86,57,94,44,23,91
14,97,63,59,55,66,77,80,4,66
100,33,92,16,61,88,66,75,86,14
65,2,41,4,15,8,85,11,6,75
87,37,55,16,76,33,64,74,59,11
81,22,81,91,64,37,69,42,71,36
76,39,28,4,10,79,77,68,30,68
78,5,38,64,81,10,48,36,18,99
95,87,76,8,33,38,77,96,26,45
44,10,48,55,98,47,39,75,100,44
100,62,65,74,34,22,54,64,77,54
4,41,68,84,91,85,55,82,86,54
19,13,87,90,23,27,77,64,43,96
36,54,44,31,52,14,77,93,21,47
68,54,65,39,14,39,24,36,68,33
62,87,37,22,91,85,13,16,22,26
98,45,60,38,94,29,18,72,33,74
77,56,67,9,33,60,80,21,35,73
79,82,5,43,2,53,84,31,96,45
10,27,6,63,76,41,29,90,68,75
38,89,17,35,57,2,99,56,19,22
90,71,30,32,41,46,26,8,21,17
5,83,74,27,75,40,6,25,24,24
76,24,24,41,26,60,11,71,53,68
50,67,33,63,58,73,39,11,28,19
73,86,5,22,25,22,9,42,15,76
4,11,4,19,94,66,58,69,24,82
52,90,37,1,94,87,63,71,58,19
74,34,59,10,27,61,19,54,48,44
37,20,19,99,12,83,45,93,92,93
2,75,86,6,78,17,57,98,90,98
98,96,96,54,79,3,91,33,82,75
97,19,61,49,85,58,6,2,84,74
94,32,14,27,62,96,2,66,19,46
85,23,84,87,100,54,71,55,14,43
80,27,78,27,82,24,73,90,34,73
84,28,63,36,14,75,56,41,36,7
42,66,53,94,51,50,36,33,16,35
2,76,56,96,39,85,39,56,11,41
97,50,69,26,54,88,76,27,18,14
51,36,81,34,82,38,87,17,9,31
89,49,54,38,69,57,100,87,36,84
67,89,5,62,99,65,88,59,65,100
17,13,64,23,51,74,54,56,34,84
5,12,71,94,2,53,62,21,2,94
95,67,92,58,34,15,25,44,18,5
98,52,80,32,100,78,4,27,58,13
93,97,60,20,86,55,68,56,51,51
74,20,52,1,65,62,97,99,29,25
40,98,85,64,6,53,42,33,81,3
75,94,37,22,20,2,54,60,32,24
92,4,20,31,57,50,74,46,87,14
17,1,86,70,81,30,92,58,1,88
49,84,42,27,16,8,62,76,29,58
10,84,81,35,95,56,13,34,26,15
43,43,21,95,76,56,65,74,76,69
75,10,76,68,63,76,92,98,25,71
54,94,54,45,71,70,29,35,65,97
22,52,71,9,63,17,40,62,62,87
25,55,93,84,94,39,17,23,14,95
69,25,77,64,22,49,77,78,52,57
5,64,58,17,44,89,11,24,52,82
11,85,30,62,5,2,43,40,4,98
67,77,29,51,35,6,52,32,59,17
55,38,47,35,5,82,76,8,91,42
54,74,28,87,40,80,92,58,49,1
79,37,24,86,33,65,6,25,73,38
79,25,23,5,12,21,80,90,73,19
56,50,61,52,17,77,80,79,62,79
54,91,11,61,66,77,14,41,67,50
22,81,14,45,91,79,10,24,18,69
60,41,89,52,54,5,29,31,25,7
62,78,5,44,29,44,2,90,96,96
17,14,89,20,3,90,10,19,88,30
89,7,15,65,59,60,29,8,58,3
5,89,88,34,79,25,70,54,26,23
65,56,49,87,67,75,5,64,39,80
41,23,88,51,75,3,76,70,24,1
57,89,85,88,37,51,13,39,81,18
14,33,43,52,31,49,21,22,84,16
89,57,41,57,65,38,1,70,84,10
47,37,58,58,28,97,42,41,31,35
25,49,61,96,27,76,38,29,25,97
93,56,51,13,40,14,40,18,23,15
36,64,45,76,43,7,72,5,43,44
82,90,61,31,60,71,68,8,16,5
36,89,23,68,74,35,61,60,36,85
100,83,56,53,22,4,58,16,15,9
50,71,34,30,99,63,99,26,28,98
75,56,40,54,64,63,89,60,32,56
54,67,8,48,42,77,23,88,12,99
84,82,45,6,64,3,84,31,54,78
79,43,21,58,83,50,82,6,94,25
3,99,85,75,50,24,86,63,7,29
6,53,28,50,79,69,71,85,85,59
30,7,84,81,44,21,100,59,50,19
56,64,21,74,3,15,64,41,11,35
18,37,79,91,35,38,50,92,69,10
89,7,21,77,79,63,76,71,43,86
93,27,1,96,13,56,48,74,97,74
64,50,98,12,33,2,78,4,8,63
67,47,84,18,7,57,65,4,94,18
42,81,98,38,24,5,27,80,65,55
51,89,86,84,30,75,11,26,99,18
79,12,76,90,1,56,95,78,67,4
90,48,52,21,24,98,47,75,77,53
92,45,25,53,66,64,53,12,50,88
63,90,97,88,9,82,75,41,81,77
41,66,100,29,74,31,93,91,12,44
78,5,7,32,81,60,42,12,94,6
28,69,69,75,58,64,56,46,20,23
30,48,26,11,35,41,43,19,92,13
26,72,61,12,28,6,82,4,53,34
55,91,35,94,5,26,66,11,45,76
21,12,99,14,23,92,64,70,43,66
4,18,36,16,28,75,29,21,23,90
51,97,96,31,17,66,85,87,46,45
4,57,76,64,64,41,58,55,90,24
28,98,68,69,91,57,62,59,87,60
24,52,40,57,87,76,22,85,94,54
21,75,69,76,72,97,18,36,89,5
44,24,29,64,15,57,19,21,50,27
56,68,80,50,88,65,10,100,100,85
76,68,39,29,16,50,39,97,17,76
96,11,36,21,73,16,45,53,80,36
4,2,19,46,55,64,99,3,87,24
27,66,21,40,78,52,70,17,95,76
75,65,55,65,33,62,68,86,23,93
94,65,29,2,57,50,2,11,16,76
80,33,83,74,44,43,3,53,95,98
84,42,22,19,47,67,86,91,46,67
2,48,68,13,88,16,88,45,6,19
99,10,61,8,21,53,93,32,46,39
19,78,95,85,76,73,10,100,16,71
70,92,18,76,72,26,95,23,51,88
14,69,44,16,84,17,59,50,61,81
22,24,56,23,39,32,40,35,84,20
74,18,43,11,66,98,75,9,5,43
100,17,48,96,17,48,11,71,15,94
79,12,86,78,2,64,34,65,50,39
32,78,48,91,96,28,18,46,14,28
98,20,12,27,29,17,42,91,63,28
80,97,90,85,22,33,53,14,29,2
45,44,39,33,63,53,39,11,35,57
60,97,57,2,86,8,53,27,24,72
13,49,100,55,57,20,51,68,25,45
24,15,67,2,75,68,56,86,44,32
44,45,62,11,94,20,77,28,48,71
68,76,45,14,71,30,78,83,56,77
13,51,72,3,77,53,74,68,79,69
85,33,49,40,64,30,23,17,69,6
75,21,45,54,71,5,43,79,11,88
47,79,21,65,81,91,32,64,31,33
82,44,17,94,31,25,67,62,20,54
26,25,17,6,75,60,20,97,38,63
58,34,51,31,8,62,4,13,74,10
38,94,38,32,19,5,90,21,18,6
21,62,23,85,69,63,33,16,27,43
66,93,9,17,38,81,51,93,43,39
35,98,85,66,57,52,60,33,55,13
8,40,73,66,5,57,79,63,94,7
79,66,35,18,46,12,15,100,36,43
8,70,100,84,5,12,44,88,52,1
16,29,6,14,50,5,42,10,60,65
93,32,26,4,84,29,14,40,36,44
10,88,42,50,98,38,46,81,31,6
20,58,14,37,76,7,31,75,32,84
46,93,18,6,11,47,99,47,99,46
49,87,54,43,85,6,42,93,61,52
38,71,82,63,25,57,67,82,67,42
52,58,98,34,72,61,47,27,74,5
88,72,9,18,19,1,27,26,71,42
10,13,34,76,78,10,51,13,42,90
58,2,67,63,32,58,98,7,23,57
91,53,14,100,46,87,93,73,6,95
66,73,95,68,18,41,56,43,69,99
4,93,33,80,40,48,27,88,22,2
12,61,42,73,85,10,46,58,36,93
37,6,26,88,61,62,72,41,8,95
40,80,30,64,34,82,22,33,35,16
23,53,33,34,74,44,50,36,46,35
50,85,66,26,36,43,75,11,92,85
85,53,51,71,67,63,17,4,26,92
19,69,15,56,79,6,85,35,79,3
74,18,56,59,93,25,17,61,11,68
4,4,51,16,59,99,21,6,51,61
64,11,7,31,87,65,79,90,66,78
49,71,26,38,53,95,53,84,63,51
23,71,45,86,12,32,83,6,10,95
27,5,79,52,63,51,90,52,100,37
84,87,41,33,5,51,84,16,40,43
74,90,24,2,32,60,26,3,46,46
76,48,50,62,63,52,4,33,56,86
55,43,21,5,45,13,32,17,57,29
95,91,16,74,18,93,58,84,6,73
70,75,13,91,92,80,37,34,57,75
52,99,82,33,45,1,60,97,23,34
47,99,97,29,84,96,47,13,39,52
68,36,20,32,83,39,53,83,52,77
10,45,54,19,19,23,71,33,51,90
95,68,69,12,66,49,66,14,76,48
96,10,68,64,49,13,80,76,18,100
93,46,39,36,86,53,34,36,5,65
66,95,78,42,96,89,20,26,88,57
86,36,23,8,53,23,63,38,31,16
77,62,57,33,82,50,87,28,93,79
88,62,88,47,68,51,55,25,10,64
49,77,87,68,83,79,48,94,52,46
6,1,51,57,91,19,53,49,12,31
4,28,76,82,2,68,38,51,91,30
55,1,70,12,29,85,82,31,100,19
12,64,26,28,68,58,45,74,86,8
57,12,11,44,43,14,76,22,85,44
1,45,55,3,40,43,71,71,60,4
2,91,95,92,9,41,43,88,44,17
90,1,80,99,47,42,59,98,57,25
16,49,49,29,35,77,79,50,34,91
28,88,92,43,91,28,96,88,64,68
68,3,57,69,91,87,48,25,78,38
11,56,54,95,92,60,6,61,42,44
43,83,33,26,1,74,66,85,96,76
23,66,92,6,99,79,70,60,54,63
36,41,63,6,5,48,48,37,18,82
49,13,65,95,82,53,85,84,71,71
89,50,48,67,7,92,36,92,35,86
61,31,55,44,25,13,70,59,13,88
57,26,31,14,93,4,70,37,59,22
32,73,56,79,88,82,87,94,38,66
57,29,45,92,39,47,1,88,96,1
42,26,6,92,54,31,57,67,1,19
91,4,69,70,89,79,36,29,85,6
57,96,14,35,84,39,42,17,100,31
58,98,44,1,7,90,73,85,38,81
66,55,71,74,84,44,26,17,96,19
44,15,60,91,85,50,2,98,76,54
77,86,30,54,48,62,62,71,11,2
97,81,88,18,56,28,64,96,60,66
31,65,21,85,86,26,75,36,52,7
63,55,21,60,68,93,70,1,92,95
94,10,56,3,86,88,15,62,16,21
88,62,14,50,60,40,73,76,96,62
9,24,65,68,2,96,55,76,6,52
48,32,79,43,96,52,6,14,32,13
77,8,91,16,84,51,43,13,34,88
9,48,37,46,71,37,96,35,53,29
58,48,5,92,100,37,40,34,24,31
72,36,71,78,37,25,40,56,9,38
11,82,100,10,10,67,41,48,57,41
53,58,100,96,24,49,71,58,3,51
52,63,45,73,87,83,67,44,36,22
34,18,10,94,69,40,3,52,83,23
10,59,3,100,100,36,12,41,33,99
21,80,54,34,94,20,87,39,18,100
49,91,26,78,27,3,49,48,84,52
66,80,75,41,56,30,3,43,42,12
56,27,70,52,95,67,41,74,90,41
36,31,36,80,17,25,25,40,12,74
78,10,17,14,60,56,55,26,36,92
3,3,75,68,84,79,25,75,79,67
10,48,78,33,35,29,95,6,37,12
1,57,29,18,50,86,25,66,62,91
60,11,13,94,47,91,7,5,37,11
17,21,14,76,23,72,67,43,82,76
5,54,73,76,86,36,98,51,80,84
39,23,88,2,73,76,80,96,35,54
64,2,60,9,14,71,24,38,20,82
76,91,11,38,84,4,65,22,85,79
32,67,86,44,79,96,99,79,85,52
54,90,60,43,57,59,26,35,92,12
35,75,16,89,81,39,25,77,46,78
67,66,58,99,33,65,17,27,4,81
53,78,49,74,12,58,15,3,97,31
41,51,80,70,83,28,99,84,75,3
53,1,32,80,25,86,74,58,89,22
13,29,17,33,19,96,73,8,22,87
32,63,45,43,99,81,59,96,37,80
100,91,60,49,64,58,63,35,68,2
46,66,99,56,88,93,35,91,14,81
88,92,85,38,10,32,29,90,38,38
67,48,62,23,51,6,32,6,22,46
92,100,39,39,56,69,15,81,31,76
3,95,53,65,43,76,10,75,24,12
69,40,57,24,37,75,52,44,49,90
72,7,71,75,11,39,1,72,33,17
97,26,88,4,43,14,28,16,58,12
62,99,73,38,48,27,34,17,42,28
36,35,4,32,10,67,51,36,92,86
42,55,20,89,30,64,75,10,57,9
14,12,95,49,5,47,23,98,89,90
55,40,96,41,3,75,86,87,77,93
3,70,12,80,24,5,99,85,46,13
23,75,34,66,41,83,72,42,75,22
40,83,12,58,23,20,57,99,70,84
54,55,92,17,53,51,36,43,94,5
80,27,37,80,33,81,64,3,83,15
9,54,63,23,57,54,75,31,19,96
3,14,97,92,36,47,96,36,61,69
55,27,96,11,4,54,41,50,1,80
57,7,14,55,67,66,64,11,72,77
39,42,9,22,18,40,24,12,77,41
93,6,82,99,50,92,24,95,24,65
91,27,39,37,30,34,67,81,50,97
37,82,61,40,25,97,28,53,50,74
87,57,84,28,100,100,84,58,28,13
54,25,20,48,54,71,4,53,54,31
43,44,7,84,79,12,42,16,84,33
3,72,91,4,34,19,76,13,8,59
35,31,21,89,66,63,85,18,5,33
75,77,12,9,28,74,45,34,48,42
95,76,81,53,63,82,39,38,17,8
3,38,84,19,30,71,78,91,57,71
27,85,35,41,39,17,74,78,57,99
100,44,80,91,4,74,41,69,99,11
12,79,60,37,68,55,65,63,79,51
27,95,8,5,94,42,20,96,26,18
23,14,12,6,95,18,23,67,82,51
38,16,82,23,32,1,68,93,67,87
96,57,56,27,75,88,90,41,18,82
33,16,76,63,54,28,57,29,68,36
33,92,43,97,56,14,99,99,19,25
68,87,58,96,98,90,36,59,6,74
82,3,95,43,92,77,75,73,72,36
33,19,47,80,65,77,22,38,65,49
65,17,64,67,79,99,56,66,11,55
58,56,9,60,25,78,86,72,71,49
16,30,67,84,37,58,46,20,81,95
45,77,61,35,46,60,76,69,5,77
85,25,63,56,78,31,59,25,94,51
44,40,43,32,77,53,29,16,38,44
11,32,73,33,14,71,23,96,95,78
74,38,80,25,62,39,89,76,77,62
19,1,93,100,35,33,46,31,84,67
96,75,70,45,27,70,63,79,2,51
11,64,62,85,87,72,48,91,24,71
87,27,15,56,27,4,26,11,75,28
94,21,65,54,30,25,78,60,76,3
43,62,25,67,85,42,4,51,31,9
23,39,97,78,61,13,42,65,71,20
22,24,74,59,48,32,54,36,21,39
97,78,8,24,38,74,15,94,7,19
69,3,16,47,98,22,67,83,67,47
33,15,85,13,31,33,19,91,18,33
47,64,32,24,38,51,71,79,19,23
41,9,35,53,93,10,73,51,92,100
21,89,46,6,47,96,3,60,85,24
15,4,80,46,83,10,100,58,4,25
83,59,15,67,96,42,94,66,56,98
4,27,97,91,73,76,60,17,43,62
32,86,6,23,21,31,15,97,99,15
78,93,1,63,67,85,92,29,67,43
98,23,64,39,33,7,58,6,71,6
2,25,18,79,17,40,95,84,31,93
28,21,93,54,85,93,45,71,43,10
27,9,24,89,10,46,1,40,40,99
94,5,65,15,54,3,64,27,28,8
52,85,98,95,80,48,56,49,22,83
12,70,30,77,82,2,41,41,19,78
43,87,59,10,28,31,27,57,71,6
12,2,50,76,43,95,88,42,10,2
98,56,6,18,10,14,46,51,87,5
63,29,49,49,30,29,12,61,8,100
23,51,24,10,61,9,22,64,32,66
97,11,78,47,87,90,65,47,59,49
52,96,72,4,58,100,77,49,22,62
83,61,48,87,1,61,82,30,10,65
86,61,41,23,87,57,66,4,47,52
25,5,55,3,54,61,50,80,23,47
60,14,6,52,72,60,94,56,91,79
35,65,58,92,99,8,6,12,91,29
7,45,31,68,23,44,12,77,39,71
100,38,87,51,66,12,86,61,22,88
47,94,10,13,54,64,73,24,63,89
19,55,29,12,87,3,67,76,22,60
66,3,32,92,59,73,98,70,80,76
21,86,51,94,93,59,21,82,25,44
22,52,41,6,53,24,77,39,94,10
91,86,68,2,66,95,40,71,32,35
77,65,26,58,42,77,24,30,40,44
95,97,80,35,87,3,1,48,29,57
85,33,98,32,20,24,94,65,46,55
51,45,56,5,53,74,16,90,59,10
88,10,38,6,99,87,15,60,86,70
46,11,65,5,69,21,45,99,53,93
4,22,29,67,7,35,12,86,59,91
99,31,56,31,15,61,42,98,82,56
89,5,63,75,45,88,45,98,17,9
92,88,4,79,9,69,96,71,64,92
65,24,51,52,51,8,36,30,7,4
69,54,76,2,30,21,19,18,81,21
15,27,32,22,52,91,35,63,75,7
3,59,49,20,46,47,81,96,58,19
92,67,71,4,3,44,70,32,49,5
54,60,53,73,37,17,43,19,25,8
68,23,9,20,46,32,64,22,73,65
37,47,62,54,46,93,99,80,67,32
48,69,27,11,26,70,26,13,92,82
72,30,8,58,13,65,77,67,55,10
45,15,93,38,43,88,52,74,78,100
65,13,1,99,58,23,98,10,50,11
28,24,39,56,11,35,78,43,56,92
82,8,43,42,95,81,84,76,70,12
42,98,69,28,77,26,27,91,14,42
19,66,40,75,40,70,97,35,66,27
11,2,26,100,69,80,92,43,92,89
49,30,5,85,19,45,38,12,17,34
51,83,97,96,45,63,69,76,82,30
52,10,81,100,40,24,99,49,11,53
7,96,42,17,56,74,25,75,66,30
54,70,71,89,3,7,66,72,62,54
20,64,98,12,71,40,27,8,62,89
20,56,2,18,71,70,31,41,89,15
84,3,45,77,72,9,2,87,34,69
71,76,29,59,87,23,27,21,65,36
99,62,44,26,76,34,99,5,6,2
34,17,14,93,72,80,57,92,9,8
14,51,39,13,51,75,19,74,19,1
39,72,16,72,41,73,14,79,16,43
65,89,18,100,34,58,77,97,35,85
87,74,94,74,95,66,76,31,65,25
78,85,39,13,66,9,3,63,81,74
49,85,87,33,69,55,93,2,2,44
70,78,57,35,95,63,19,18,56,94
91,2,93,48,63,79,87,80,96,93
25,83,38,90,67,4,15,76,61,22
18,48,78,26,72,65,98,14,29,66
99,43,61,31,26,60,53,63,89,95
50,49,75,4,41,35,44,73,96,81
6,23,57,85,88,15,75,37,12,47
41,42,18,2,49,17,42,53,91,85
31,11,20,6,67,76,6,97,16,95
55,72,44,29,36,90,48,2,57,4
32,78,35,89,14,94,28,99,7,12
5,52,21,31,1,45,51,66,55,79
100,97,99,86,21,91,66,89,74,56
33,36,92,55,40,53,86,42,60,21
74,42,64,37,78,29,21,8,24,66
70,85,82,26,36,70,89,31,81,37
51,47,26,35,54,9,67,91,8,40
74,3,75,22,88,60,67,47,65,21
18,44,63,33,18,75,95,3,80,6
62,79,70,4,13,98,86,34,42,41
39,65,56,5,97,81,53,51,16,96
52,97,54,94,7,83,4,24,49,100
95,76,39,78,57,76,3,90,6,28
94,12,97,2,18,34,81,53,28,86
38,78,60,33,60,4,33,82,30,35
76,8,83,34,26,46,33,82,6,74
6,91,85,50,61,10,82,90,55,12
6,43,23,16,74,35,85,59,36,26
96,17,20,34,15,9,5,19,17,36
15,77,86,23,52,40,67,88,71,89
7,69,53,57,38,28,56,7,93,13
18,85,93,85,100,36,25,62,87,10
31,80,44,88,43,34,36,79,65,89
1,58,79,86,40,15,52,4,100,42
45,55,47,77,18,28,15,32,6,74
18,87,77,74,13,53,87,22,89,11
58,49,87,30,43,38,83,33,64,66
3,93,47,46,23,26,83,55,30,65
27,40,57,71,67,22,40,15,89,25
66,66,37,8,89,4,52,43,33,3
64,66,67,6,38,23,3,57,79,47
53,14,11,53,2,15,49,77,12,47
86,27,76,25,60,53,42,77,44,25
97,59,63,16,69,6,61,8,13,3
83,92,71,31,76,89,18,83,56,34
8,93,6,34,37,19,20,37,94,36
80,30,50,90,94,11,82,74,38,37
97,7,53,99,29,95,24,58,11,64
92,37,45,34,56,15,75,85,19,92
38,83,42,32,28,94,78,74,50,30
14,40,34,6,49,13,40,52,74,80
48,72,35,1,89,12,46,96,45,54
12,6,80,25,18,25,49,2,51,73
44,80,3,89,58,63,31,70,41,91
9,81,25,75,91,60,86,31,63,2
84,74,4,72,68,69,38,3,17,38
97,99,40,11,23,61,24,83,13,53
44,3,34,93,68,13,1,14,78,92
17,42,11,19,20,73,99,63,43,100
70,61,8,85,27,85,69,17,66,85
96,29,50,23,40,39,25,64,10,11
77,62,91,36,65,78,60,74,81,84
67,36,100,44,28,7,16,94,14,12
49,68,78,58,61,40,82,80,80,24
88,81,73,38,100,27,84,38,10,28
79,67,75,7,69,47,58,100,35,42
27,99,74,73,65,31,82,97,28,1
62,3,54,43,76,2,15,43,97,57
78,32,22,30,94,20,85,39,5,84
80,19,31,56,47,21,100,40,83,19
17,47,94,67,50,75,22,95,93,24
28,9,99,69,25,79,39,32,54,46
21,24,22,79,74,35,53,99,65,72
67,79,55,81,60,1,4,2,5,7
70,24,63,20,5,83,69,80,15,73
26,48,52,23,13,20,34,90,31,99
34,9,7,46,1,62,37,26,97,45
92,64,29,3,57,7,29,3,53,69
20,55,18,78,100,47,75,26,26,90
1,22,46,15,78,37,82,96,2,58
96,26,10,68,59,98,6,85,73,90
58,86,77,70,36,90,18,41,63,75
55,51,41,38,5,88,68,74,31,15
97,89,32,66,55,26,63,75,45,71
79,45,93,70,48,23,6,79,50,98
44,66,21,51,25,82,65,47,98,12
46,34,33,55,91,33,71,31,36,11
20,78,70,56,26,55,73,32,80,79
81,51,39,58,41,33,90,98,71,77
69,46,2,17,91,85,79,2,8,52
28,96,98,25,57,50,42,35,25,75
72,10,39,82,10,63,77,67,17,44
89,98,79,51,64,65,59,78,76,80
78,41,34,35,32,60,27,80,85,75
72,46,63,11,85,72,22,31,51,54
96,7,84,95,91,4,84,53,54,66
89,93,45,73,79,79,61,14,60,21
12,56,62,87,90,67,87,78,59,97
77,23,88,68,83,7,26,65,50,96
69,72,15,10,96,27,2,39,20,89
94,58,100,85,14,34,35,33,57,71
41,46,60,94,75,96,21,23,75,81
22,55,30,46,83,90,41,14,94,90
33,45,52,86,71,21,1,48,99,48
10,9,20,46,42,21,52,13,41,98
67,28,13,18,100,56,69,14,79,56
15,27,69,13,13,93,58,53,84,58
98,87,12,22,99,18,76,72,17,83
46,49,59,10,31,66,30,15,49,57
70,31,49,83,93,51,66,69,73,86
85,65,97,90,73,82,63,49,40,6
36,32,80,52,9,49,73,92,1,16
24,10,32,91,27,32,76,85,88,22
19,99,47,5,39,67,39,7,39,63
99,92,36,80,18,99,30,8,91,68
3,13,40,87,69,23,96,64,84,35
32,14,74,95,38,97,59,45,54,85
87,28,96,64,30,48,81,86,31,93
11,11,22,41,20,75,42,23,5,78
49,77,9,12,94,81,37,50,31,75
30,31,6,17,82,67,47,51,32,58
18,35,82,33,70,12,28,74,58,88
44,14,98,24,18,53,3,25,94,18
68,33,69,71,87,41,8,73,74,18
100,34,10,96,86,76,99,7,45,85
64,42,10,26,40,66,46,32,27,44
18,57,88,71,100,68,59,26,81,19
46,43,46,34,59,77,2,62,43,15
19,75,70,21,32,17,22,12,48,76
71,52,54,33,39,68,5,68,74,5
43,32,33,6,91,24,10,48,31,74
26,55,82,74,39,25,86,44,89,42
46,61,90,77,79,89,1,12,70,13
31,51,49,45,15,21,42,78,48,42
72,48,6,38,91,28,66,82,54,73
52,54,86,42,85,54,4,13,35,35
15,21,63,62,86,2,60,20,87,36
68,31,96,100,16,88,81,61,45,10
3,85,54,9,61,14,17,16,81,91
62,93,56,18,12,8,85,72,66,87
86,16,17,52,4,5,30,11,50,96
83,84,6,72,72,80,4,53,78,13
10,63,90,88,24,35,79,80,14,89
56,13,27,90,89,96,65,50,21,65
64,51,40,2,40,46,84,80,12,26
91,84,72,52,7,19,31,60,44,46
71,43,43,31,87,54,18,75,46,53
50,28,57,74,64,76,71,74,3,31
3,18,35,31,41,25,82,48,72,11
11,84,12,7,20,100,33,87,22,44
9,68,75,36,18,63,91,10,53,89
28,60,99,22,97,46,98,2,18,95
20,46,17,50,69,11,92,61,54,87
31,32,20,76,78,65,73,4,41,19
96,41,68,89,23,74,17,78,22,83
58,67,69,97,74,67,61,41,99,18
56,59,7,98,1,59,27,34,65,96
50,30,65,56,51,71,100,40,26,29
53,35,85,48,21,77,32,74,99,54
29,1,96,87,16,54,18,62,38,96
80,81,56,29,33,20,94,17,11,60
27,7,1,32,61,41,75,41,23,17
20,33,6,3,54,29,71,38,76,70
5,29,45,52,32,53,38,76,100,66
97,13,26,10,80,22,93,89,98,31
37,71,94,55,11,44,46,82,81,86
42,96,49,25,10,24,84,64,78,16
28,24,6,76,29,72,25,88,51,52
57,72,43,100,64,73,47,17,93,83
77,33,96,80,6,94,20,19,20,42
42,70,56,15,50,42,20,16,87,94
63,5,83,53,84,17,5,97,44,76
76,97,49,71,87,78,81,13,67,37
83,69,83,43,48,19,86,38,26,64
13,4,55,11,27,48,75,53,27,62
30,41,84,46,76,11,51,68,17,46
64,93,95,46,74,6,83,89,21,19
43,35,1,5,48,100,72,97,55,38
53,89,24,8,76,36,62,16,45,76
22,10,39,91,6,68,45,1,10,60
82,35,66,26,3,89,77,66,37,78
89,32,15,82,3,26,26,33,43,89
96,46,79,56,30,34,32,85,41,92
57,32,48,46,30,57,59,96,91,38
51,46,98,34,71,79,81,59,1,39
70,56,5,45,28,50,66,71,88,69
38,10,8,31,18,4,79,70,90,2
53,12,99,53,80,36,86,91,94,36
83,89,16,100,13,66,31,79,7,73
51,30,37,39,45,78,9,16,87,71
69,52,53,34,56,30,25,48,18,65
15,72,28,69,26,4,55,69,77,79
49,25,93,46,19,26,21,49,63,88
52,3,83,24,59,90,20,95,5,1
73,62,10,80,52,50,79,20,90,70
95,51,4,17,67,93,48,15,78,42
24,17,20,55,48,91,72,72,1,70
76,40,20,90,22,80,92,51,35,89
91,8,46,13,25,67,40,78,84,87
78,47,3,80,28,50,60,73,36,99
98,1,7,88,21,55,61,35,74,71
74,96,79,70,61,23,8,88,8,92
56,74,29,13,19,8,66,42,45,83
22,64,100,17,2,38,47,8,59,31
34,38,27,91,86,37,18,13,94,56
18,8,20,75,14,5,60,83,62,58
17,8,19,7,42,55,38,79,63,13
54,93,69,51,13,31,11,30,79,38
45,97,57,41,21,62,54,38,46,17
66,25,70,2,29,89,98,19,20,23
90,70,11,41,30,32,71,68,18,35
13,48,77,59,2,79,52,10,80,27
90,46,6,26,66,40,100,48,41,52
46,21,91,26,68,73,2,56,32,17
72,60,58,83,28,97,62,93,55,50
5,22,43,21,38,31,100,58,49,87
48,16,61,67,4,57,64,63,59,93
86,59,69,72,32,75,85,94,49,16
44,50,96,38,88,10,59,83,79,75
90,73,72,65,65,93,60,23,51,25
29,63,9,54,51,21,54,99,74,36
87,92,75,49,91,67,65,64,12,93
72,67,72,55,83,52,59,71,20,31
96,20,42,29,95,29,14,64,57,95
98,95,65,59,36,62,1,69,92,43
21,88,79,44,52,24,29,17,27,13
76,18,42,89,30,84,52,25,6,34
15,56,49,91,11,27,71,84,1,5
70,92,80,43,43,95,32,15,84,55
26,66,30,29,14,9,31,88,65,65
56,60,48,21,98,96,47,5,16,59
41,48,17,83,43,88,38,43,76,3
54,16,44,34,53,85,73,10,31,5
48,31,75,89,27,87,66,28,18,83
10,99,71,51,20,74,19,56,53,100
12,45,97,18,26,78,50,15,36,17
39,86,6,24,29,83,45,86,30,18
8,28,55,22,3,74,35,56,27,88
48,81,99,59,72,43,94,23,61,55
75,47,24,7,51,10,67,80,5,26
60,58,90,50,7,77,56,9,2,63
5,71,44,56,48,87,45,29,65,28
85,62,38,89,77,94,21,97,63,22
10,26,78,45,88,21,17,16,32,26
65,49,41,7,28,86,80,7,30,37
7,9,75,76,35,16,65,52,23,44
73,36,35,39,28,78,99,16,4,76
83,86,30,59,26,25,49,41,56,98
13,20,83,19,18,96,43,62,14,80
69,92,50,33,34,13,39,93,12,43
8,58,27,6,90,86,77,56,46,8
91,76,36,34,92,23,89,43,52,40
79,49,88,33,12,9,52,17,1,89
61,85,54,70,16,91,92,30,78,97
26,51,83,31,73,92,18,66,8,76
68,85,38,43,40,28,41,79,25,11
78,49,75,45,50,75,76,57,92,73
41,56,94,41,73,76,32,6,97,45
99,27,79,7,19,73,98,66,2,89
10,48,29,84,20,1,52,1,34,44
64,23,87,54,40,45,65,56,96,43
15,46,49,18,85,40,98,60,43,38
89,24,32,36,14,2,73,6,88,4
94,50,5,42,47,22,54,71,89,89
71,96,8,21,54,12,58,86,81,71
17,79,35,32,41,78,52,100,76,79
75,84,32,39,88,62,70,62,25,30
80,67,83,60,70,18,31,15,33,95
38,89,87,80,33,58,78,16,45,75
58,8,58,16,75,34,81,18,3,43
14,96,9,55,81,36,45,69,27,53
42,98,31,33,57,59,53,98,66,40
5,28,19,34,53,21,63,87,69,89
73,18,21,91,57,35,17,43,27,96
18,12,77,16,41,62,45,65,34,85
90,62,80,90,82,20,87,70,13,27
77,98,21,69,46,4,50,16,31,65
36,53,94,96,6,64,24,85,25,15
8,42,69,7,50,28,68,80,10,48
76,69,69,95,95,22,7,81,86,61
38,99,27,57,35,97,16,9,18,7
78,8,30,8,4,30,77,71,82,83
93,65,33,34,10,69,81,75,74,12
50,1,98,52,53,60,71,51,10,17
46,5,47,32,53,23,78,43,43,88
8,5,32,84,89,8,30,48,88,21
33,78,35,73,73,5,64,60,69,44
54,39,27,97,26,22,42,13,31,28
79,68,2,8,30,9,85,92,48,20
95,81,87,41,14,52,85,91,19,99
3,1,61,22,25,42,91,21,53,48
45,33,39,17,8,39,85,66,6,68
17,85,35,97,23,69,13,6,59,68
75,60,53,2,96,67,85,41,88,41
56,71,16,96,96,4,72,72,31,51
74,56,60,71,37,30,38,13,83,35
2,76,35,72,22,8,44,43,95,42
76,18,98,50,100,96,38,46,71,52
96,5,61,17,38,59,75,26,87,71
15,78,48,44,52,5,15,27,74,88
40,88,2,23,25,62,53,4,48,55
17,77,81,12,55,82,4,3,56,11
41,41,47,57,81,6,77,28,16,4
72,21,22,42,93,8,16,96,54,40
33,55,89,20,90,84,96,10,55,80
80,27,63,77,37,21,33,77,3,76
40,14,22,59,62,20,20,25,53,95
94,1,17,11,11,5,58,50,78,20
37,60,1,34,41,40,92,88,68,15
21,21,47,98,16,1,74,26,8,38
73,25,40,16,72,87,38,27,59,27
88,72,66,24,14,34,33,4,82,9
22,69,21,69,99,68,6,82,5,37
50,38,8,59,75,33,69,25,89,87
89,42,87,13,46,13,13,65,91,44
8,47,54,62,58,5,90,16,89,7
24,36,25,85,43,3,73,32,94,22
11,21,53,45,9,93,25,58,10,10
11,36,27,56,14,42,64,44,100,31
96,20,39,46,4,92,17,100,32,32
100,89,36,51,59,94,51,86,34,45
65,58,67,31,88,66,53,23,55,69
30,52,92,16,84,27,99,7,65,80
27,97,5,9,83,21,90,16,94,98
29,73,89,95,97,74,92,55,42,8
38,19,7,26,30,48,92,63,64,82
19,77,43,5,58,5,63,80,36,10
50,88,2,20,33,1,39,23,76,2
26,61,80,67,93,36,80,30,89,82
30,36,3,73,7,61,16,80,90,7
62,1,42,50,38,41,4,16,56,54
16,25,32,17,30,24,84,99,82,8
65,25,15,41,37,9,39,68,23,47
39,81,67,29,64,52,74,32,38,25
2,44,24,60,72,56,77,68,54,1
40,55,22,79,81,43,72,18,69,13
9,54,21,33,81,55,21,37,53,94
33,78,51,36,18,90,2,87,90,20
31,16,17,48,92,42,42,52,10,58
11,53,6,55,28,65,20,22,52,49
50,96,12,84,28,100,63,47,12,61
46,82,62,78,96,66,4,62,51,66
88,98,66,22,100,83,34,73,93,92
20,62,49,2,94,16,76,80,14,21
66,77,96,17,30,79,47,29,62,95
19,38,81,63,79,94,72,43,53,29
93,48,91,30,39,19,2,84,65,16
71,83,42,97,17,21,36,17,51,74
98,67,15,21,51,67,79,15,64,99
1,28,39,40,88,24,41,65,44,12
13,39,72,30,98,59,47,67,53,44
11,40,95,34,51,51,18,82,94,95
95,73,96,90,12,32,15,83,21,37
93,25,81,22,5,68,61,22,64,4
4,59,19,17,36,19,50,30,29,92
60,5,13,27,53,15,60,21,2,11
8,87,93,40,66,84,66,90,59,18
11,50,45,83,4,76,62,37,22,69
20,92,100,34,35,86,84,42,83,76
35,100,95,37,44,59,77,91,98,53
35,52,53,83,10,26,42,62,2,44
28,38,50,1,35,54,7,77,44,31
100,40,62,13,60,68,34,77,75,59
89,61,27,64,78,10,78,46,7,11
70,99,81,63,20,71,62,73,94,75
63,85,56,74,90,9,18,98,35,94
51,99,55,22,2,82,45,18,4,21
73,60,5,97,25,78,52,47,72,3
38,59,47,72,45,76,14,66,40,83
21,90,76,19,89,12,83,85,68,42
5,72,47,73,83,60,64,73,86,50
45,21,4,6,45,39,80,16,38,76
1,2,22,25,73,54,80,77,75,12
82,84,53,31,39,30,96,22,52,9
8,78,12,27,77,94,1,17,90,66
62,89,99,44,54,23,83,80,26,42
10,98,67,44,43,13,75,55,93,45
55,54,59,26,27,56,82,47,25,70
70,78,13,77,20,7,90,24,59,84
63,84,41,8,78,18,40,75,34,99
49,75,92,20,86,84,96,85,94,66
80,66,33,44,75,84,78,14,85,74
92,30,18,51,81,69,74,51,23,6
67,39,64,12,66,60,100,62,26,62
4,47,65,53,34,12,79,40,59,9
26,81,59,54,77,23,71,93,93,76
31,80,32,43,36,90,83,7,51,55
19,41,72,75,25,52,91,29,57,23
11,84,52,81,92,92,75,67,93,38
64,19,39,60,68,51,30,62,3,20
36,68,6,78,41,76,17,16,42,32
31,86,56,38,45,85,32,10,46,98
78,23,90,36,80,97,27,33,98,60
13,49,90,28,74,15,78,70,85,57
53,28,68,27,15,82,70,86,79,77
35,24,41,79,82,34,36,75,55,56
39,21,88,14,2,38,2,66,27,32
36,91,65,62,3,75,39,91,100,95
25,6,83,91,13,24,29,59,13,18
66,26,7,52,36,49,74,37,79,92
59,22,23,16,40,38,37,77,38,6
32,81,74,11,57,85,12,92,93,86
4,14,38,29,65,71,28,38,25,9
98,3,12,19,52,86,43,52,65,40
17,44,11,80,31,39,92,57,88,25
20,39,41,21,86,20,62,65,82,42
80,83,100,84,29,10,29,69,53,7
86,92,60,63,89,53,63,54,15,84
79,72,92,58,59,54,30,22,61,26
32,96,2,70,75,11,29,57,60,96
19,65,95,14,94,95,30,80,68,96
84,68,22,41,72,88,76,12,54,14
18,85,15,37,42,58,56,14,38,97
53,55,17,92,95,14,28,81,63,17
13,59,42,73,12,30,33,97,51,91
51,61,3,71,58,16,71,75,10,74
19,1,73,72,89,66,65,71,50,65
78,92,9,95,83,73,70,40,8,42
19,72,42,59,37,53,12,45,41,76
99,73,71,41,73,94,38,77,58,50
23,79,7,52,12,16,40,20,76,99
27,74,1,61,36,98,33,25,67,78
87,26,39,56,26,36,66,79,90,76
5,51,11,91,41,77,82,66,61,72
27,28,34,19,13,20,13,51,81,51
96,8,75,98,31,8,50,23,88,35
4,98,97,76,77,88,27,83,67,78
5,62,25,15,61,9,35,49,77,21
27,8,80,44,98,72,64,86,6,28
88,39,93,35,55,91,45,96,45,81
2,87,23,57,14,13,99,16,68,67
55,100,55,66,14,61,56,36,100,30
56,91,76,88,59,66,93,27,41,88
48,8,84,97,67,68,9,60,60,46
54,27,40,34,32,27,8,77,66,2
94,16,40,97,42,45,29,41,1,22
14,55,39,41,83,97,98,1,8,86
8,2,63,3,45,76,64,51,58,69
90,24,57,38,97,69,95,40,20,80
30,65,55,39,29,24,86,43,29,21
86,61,75,72,36,13,73,58,44,68
78,7,42,30,91,9,3,98,72,89
61,19,17,82,100,36,33,43,60,87
55,50,65,15,54,26,62,33,60,61
37,68,15,43,51,42,95,78,66,22
23,70,23,31,75,7,57,10,9,26
96,9,47,50,19,4,4,13,12,67
95,25,93,62,83,90,100,38,79,38
86,57,80,77,88,58,92,62,70,39
70,75,47,63,94,46,43,62,9,96
33,20,91,55,8,3,19,34,54,36
11,15,58,82,27,67,98,61,100,73
17,44,88,89,100,52,78,45,12,84
75,86,11,19,56,44,3,95,76,79
66,87,59,99,45,97,6,64,60,24
79,35,92,69,10,18,80,49,23,12
1,8,80,14,99,30,53,64,24,92
95,22,100,19,18,79,62,56,19,67
21,43,45,22,56,20,15,71,69,52
98,81,70,11,36,39,61,90,36,76
53,39,98,23,84,86,54,30,86,28
31,69,94,11,31,57,66,11,28,56
85,10,63,61,83,78,31,8,79,13
3,52,3,57,27,17,36,13,49,27
4,89,72,35,26,38,14,96,88,71
2,29,6,1,83,66,61,80,96,82
56,10,42,53,37,3,17,25,99,56
5,80,38,72,32,26,96,81,1,69
43,28,23,42,19,74,79,73,92,44
19,88,46,31,47,47,28,93,7,11
22,60,47,48,69,45,90,97,40,63
28,40,34,92,43,100,98,20,35,40
62,70,87,97,92,19,73,39,26,91
66,95,57,41,39,23,26,12,71,77
10,54,44,74,6,41,53,80,19,2
45,67,97,38,11,54,89,6,10,99
32,51,85,39,78,72,8,53,41,38
28,28,33,8,1,19,22,63,39,50
6,49,41,88,66,62,70,5,36,33
79,43,84,45,11,28,9,51,25,82
10,8,85,60,11,52,47,68,100,54
84,69,49,22,57,15,83,50,75,86
28,62,70,4,70,38,87,69,6,33
74,93,82,5,100,45,25,65,24,16
3,92,84,70,4,51,16,50,50,24
1,24,100,54,86,23,78,45,69,75
26,21,21,26,51,66,95,86,76,73
44,75,84,24,28,26,99,92,80,73
34,84,76,85,26,89,88,65,9,7
81,85,85,9,93,47,62,72,96,96
77,74,1,54,4,99,56,5,44,43
68,40,34,57,71,67,40,5,62,55
45,22,81,87,33,13,46,47,61,28
72,99,94,47,62,76,100,68,95,59
97,98,95,4,8,49,56,71,4,17
87,29,21,22,4,97,3,27,30,16
69,94,86,15,91,58,60,14,79,93
83,62,100,46,63,26,30,22,35,87
84,23,51,32,51,47,56,83,29,89
85,49,86,99,58,34,57,95,92,53
34,27,12,99,48,22,74,45,55,49
44,84,34,14,93,99,77,12,68,18
94,1,47,88,20,22,56,5,33,7
87,36,79,60,54,23,35,98,100,69
84,14,60,8,29,57,4,19,60,83
73,88,39,44,31,49,63,35,40,46
43,80,68,33,96,5,49,80,44,48
17,24,26,72,16,31,68,49,83,13
60,15,44,36,27,39,69,100,17,43
53,39,36,10,77,9,73,98,46,94
31,2,3,23,35,30,87,45,22,74
48,38,85,20,59,43,9,31,86,42
20,54,84,63,25,21,17,80,55,32
14,96,9,61,32,77,27,63,28,60
82,84,32,20,50,82,40,54,1,100
50,16,31,14,33,92,64,58,57,49
68,34,44,85,67,12,47,31,36,44
9,75,60,18,17,1,32,22,14,39
92,87,24,40,97,37,52,58,14,41
86,87,46,32,96,100,69,61,54,43
9,31,7,34,36,85,2,78,6,39
71,34,55,74,96,100,46,81,94,93
90,14,96,84,94,48,28,98,10,4
25,62,42,39,21,73,57,66,36,49
68,19,23,54,34,34,25,66,67,20
65,81,72,91,80,90,80,66,54,83
53,62,91,91,80,87,21,51,92,60
80,75,5,23,21,86,56,36,34,3
51,10,81,13,2,99,6,17,73,1
72,79,75,15,56,25,34,25,55,52
36,97,46,55,3,57,24,22,17,6
9,31,40,58,28,76,10,57,92,67
63,94,79,64,61,53,18,21,86,65
13,63,33,48,22,12,50,9,21,86
76,16,51,32,24,97,52,8,89,18
97,79,23,22,89,43,29,42,27,43
27,29,64,51,60,12,32,65,95,57
3,59,72,99,55,49,26,13,64,93
1,21,36,95,38,19,74,36,69,74
71,70,71,68,40,66,20,57,74,10
75,12,55,44,78,67,28,4,91,77
44,15,73,89,93,1,44,7,20,6
79,49,18,14,18,93,60,73,67,98
45,35,69,49,86,50,31,97,33,18
3,1,1,22,89,10,22,68,32,3
83,64,71,68,1,35,82,81,39,8
56,98,31,7,92,22,72,96,30,62
90,87,46,38,93,36,73,44,12,76
50,97,22,56,5,4,78,96,20,24
35,56,16,85,96,43,86,76,34,40
45,69,42,72,57,55,26,48,59,3
65,23,86,20,43,40,65,76,66,94
71,30,72,15,62,20,43,50,81,80
47,61,58,44,94,69,30,79,79,51
79,43,43,48,90,70,97,98,24,89
98,70,69,45,83,11,31,66,9,64
38,92,14,75,73,23,40,90,78,73
87,77,79,79,51,30,75,1,59,83
32,47,27,69,8,10,33,44,32,34
81,1,85,32,68,30,67,86,77,15
48,17,93,67,75,43,73,29,1,29
11,53,1,63,77,72,9,54,12,88
42,85,87,80,37,99,52,57,97,61
26,56,10,3,10,98,47,71,32,45
21,85,26,41,21,75,61,87,99,19
48,96,70,66,35,56,27,7,18,69
41,36,49,51,90,7,31,11,82,43
92,53,46,83,42,86,43,62,11,48
92,100,4,29,52,86,67,89,19,12
82,96,88,29,24,88,91,70,9,100
25,29,54,22,74,6,100,100,96,78
93,85,18,19,12,19,54,36,1,9
43,83,6,66,63,24,87,74,100,68
72,67,24,2,29,9,1,100,96,23
4,90,95,54,73,18,27,2,90,60
98,93,19,71,39,62,63,32,43,58
20,70,70,72,47,63,73,1,7,40
63,61,83,40,36,41,98,100,65,48
13,16,52,66,81,11,4,26,50,23
48,99,70,40,12,56,12,32,49,88
50,62,77,34,28,93,69,75,77,100
46,3,10,33,27,67,88,47,14,8
55,1,97,69,79,29,79,6,94,79
81,56,99,44,58,63,70,80,24,11
7,95,61,100,37,95,80,46,48,48
86,100,14,63,26,5,47,16,63,50
65,64,95,75,21,11,59,18,62,52
24,25,5,44,36,15,36,88,95,38
7,59,36,82,82,26,70,91,96,67
100,92,56,13,81,31,70,62,86,78
76,43,45,64,79,74,44,46,73,14
67,32,11,65,100,41,48,54,23,82
18,55,7,23,61,70,51,34,92,39
11,5,37,35,17,26,61,27,33,92
11,63,84,98,32,3,80,3,7,42
87,30,68,43,96,29,30,12,93,11
25,46,74,60,79,80,80,32,4,99
64,53,34,27,32,52,48,80,43,70
18,45,15,88,78,93,90,39,2,2
21,34,87,22,56,69,54,75,21,47
15,82,10,77,57,96,37,40,79,9
10,65,24,97,67,35,35,19,8,32
52,53,68,81,29,68,95,97,94,56
1,27,98,24,17,78,43,28,53,79
18,99,61,50,40,31,31,43,53,6
25,92,64,98,27,69,67,71,60,83
60,37,15,59,45,94,62,56,94,31
4,87,73,16,67,17,43,20,52,76
75,99,68,56,86,28,8,100,28,15
82,41,72,66,64,78,96,26,80,77
94,97,88,81,39,81,78,59,78,51
90,19,70,95,48,36,60,89,49,67
83,36,18,17,7,31,27,47,84,13
100,2,5,18,31,69,43,38,84,90
47,68,45,32,21,67,28,60,42,58
67,18,65,86,12,66,71,42,23,76
2,94,70,13,58,11,97,74,35,30
71,29,38,79,94,52,27,50,82,31
71,31,66,66,34,28,93,39,92,90
79,47,85,22,75,87,23,85,4,41
6,27,77,37,46,57,37,81,91,1
84,2,63,39,76,12,98,63,18,97
30,80,31,10,95,24,15,1,97,61
5,52,65,45,29,99,47,82,83,33
38,15,17,58,88,96,100,85,31,90
10,7,74,25,60,48,13,22,79,49
30,78,67,11,6,2,16,40,71,47
33,10,58,76,7,10,81,24,23,38
73,74,57,41,54,94,42,85,7,22
22,24,71,36,43,72,45,39,26,82
11,85,94,75,52,3,57,41,82,76
1,60,73,97,72,92,81,19,5,77
31,62,69,97,62,3,32,11,10,2
32,46,48,43,27,6,71,15,53,57
15,21,76,58,94,49,20,1,55,30
74,87,77,43,30,46,92,99,22,84
77,85,59,39,44,6,53,92,47,22
52,25,62,19,68,13,6,33,95,85
15,87,79,59,8,63,12,98,44,13
98,74,78,55,77,40,92,9,4,2
60,48,87,40,67,24,89,74,9,71
38,98,91,49,89,97,36,28,19,45
73,62,85,26,41,17,23,84,68,70
38,4,1,14,46,79,97,17,32,35
3,15,85,24,54,70,39,88,32,76
51,57,52,40,71,27,61,43,80,15
67,57,47,52,15,81,85,9,77,59
98,39,4,46,80,10,48,23,82,27
70,60,64,67,100,95,28,56,53,12
97,93,53,11,15,31,99,58,55,8
2,27,21,22,89,11,62,11,5,73
71,93,66,41,26,1,69,88,44,53
80,66,41,66,68,99,6,33,14,28
80,11,73,78,86,36,15,66,78,58
46,62,16,23,61,77,49,90,67,96
24,92,21,6,44,24,39,56,62,46
59,9,41,27,36,56,33,10,71,31
93,76,83,52,80,7,12,15,71,93
5,9,37,41,68,40,7,56,65,10
1,28,64,11,87,89,34,14,31,23
96,22,89,75,86,35,70,16,31,50
58,63,35,31,60,98,27,3,88,36
56,19,61,54,45,53,36,79,94,21
44,14,20,99,6,91,31,45,51,40
71,4,2,61,22,42,51,36,39,59
76,78,67,95,76,34,18,69,9,90
55,4,95,87,2,43,80,71,57,82
16,11,58,19,41,73,40,18,37,77
80,30,67,2,2,100,93,47,91,53
87,88,45,79,31,9,90,52,32,79
87,15,40,10,23,52,79,57,66,73
98,41,79,13,88,78,18,23,74,53
63,71,84,41,76,69,7,30,33,14
80,6,67,99,61,54,25,25,37,63
57,67,47,13,2,3,21,41,39,27
45,22,31,7,59,89,21,61,18,10
69,69,74,10,19,97,72,44,95,6
14,90,72,14,98,88,98,78,52,71
60,24,12,65,83,13,20,83,7,66
89,23,77,51,48,84,41,4,53,97
11,34,56,52,87,2,1,61,26,21
39,56,33,60,51,2,64,94,25,40
99,35,73,83,99,82,56,62,23,64
22,99,86,81,68,4,17,26,38,71
29,72,23,60,46,82,11,90,7,95
13,33,10,6,22,22,95,21,63,45
35,27,26,79,27,79,33,34,11,64
7,68,51,88,49,76,9,59,67,46
63,98,38,62,36,16,92,56,37,71
84,27,81,65,1,86,63,40,74,17
25,84,11,23,4,39,78,58,14,26
53,82,41,13,74,92,54,77,24,59
18,36,69,54,69,52,32,95,65,43
29,69,77,23,88,82,49,90,51,58
73,69,20,91,26,37,87,46,30,54
47,51,1,6,59,50,27,54,7,52
82,87,47,47,84,25,95,81,10,7
49,3,46,97,100,10,55,87,99,66
45,51,16,69,69,89,67,11,97,52
38,83,97,85,93,96,84,80,43,30
89,19,88,3,91,19,57,59,91,70
88,71,81,97,58,13,75,70,72,33
24,25,32,49,58,24,81,85,17,6
40,62,19,23,41,89,73,99,76,82
79,32,35,30,11,81,30,5,33,72
63,55,41,24,80,58,48,99,12,86
32,30,77,7,63,35,63,84,10,3
49,62,36,7,33,99,33,46,4,89
61,78,74,48,12,89,68,92,61,45
66,22,70,78,99,80,22,49,43,41
90,25,76,55,40,92,14,99,33,49
38,25,82,28,25,20,17,19,65,90
100,83,55,19,32,81,16,92,92,6
73,47,56,32,65,36,98,74,11,34
76,11,40,26,13,74,79,32,19,19
63,9,9,77,79,83,47,49,10,88
82,83,75,78,29,9,99,55,5,43
98,25,87,85,66,36,87,81,9,5
80,12,65,36,63,67,64,79,96,67
99,25,51,77,57,13,36,82,77,33
30,17,53,5,100,55,23,9,15,71
25,9,23,30,92,11,76,59,96,17
18,16,91,11,5,12,26,6,80,71
23,74,41,53,38,48,27,75,10,74
100,68,97,91,100,30,42,59,69,19
44,74,97,1,83,23,54,69,95,61
85,21,31,49,5,80,25,52,92,38
55,43,23,93,76,64,24,71,90,6
79,75,90,82,24,11,34,17,78,72
17,71,26,66,43,74,92,89,29,63
4,100,1,61,70,91,21,54,10,88
2,33,30,7,41,61,21,91,5,9
77,68,31,56,96,33,34,34,86,43
15,37,23,38,32,82,39,32,46,20
15,60,60,100,84,3,34,30,72,57
84,88,53,17,58,80,57,96,30,95
50,85,96,13,67,82,58,85,86,50
87,39,17,91,73,20,36,61,15,71
8,68,62,22,77,37,21,66,55,29
72,22,27,47,94,51,77,22,74,62
45,51,28,59,54,8,11,27,97,86
95,67,57,7,27,91,93,100,98,14
21,69,47,100,36,47,70,60,61,47
94,33,19,11,55,40,65,84,76,19
19,12,76,44,12,10,17,83,56,65
87,27,87,24,92,57,92,61,22,5
43,20,76,60,23,88,99,64,92,24
14,67,15,49,24,30,87,43,52,24
75,14,86,20,23,53,95,99,35,76
82,96,45,10,61,41,14,10,66,14
70,23,33,50,45,67,21,47,81,99
83,70,83,21,65,46,76,49,33,76
11,44,28,59,79,9,56,8,37,80
99,16,48,32,32,38,95,82,82,74
12,32,87,25,21,79,58,94,70,99
86,73,49,14,71,45,61,26,79,13
43,61,24,46,17,25,39,46,83,17
29,70,62,7,18,8,94,2,80,68
7,67,17,68,33,9,34,24,88,68
95,49,56,44,26,47,22,98,17,57
14,52,74,32,8,33,21,10,42,70
4,18,37,24,74,52,62,49,71,22
30,57,28,3,23,69,95,22,81,26
44,38,58,9,21,79,96,59,83,89
72,59,92,40,64,67,73,3,77,67
97,10,74,23,83,13,91,17,74,77
16,85,30,29,36,50,82,41,6,26
38,64,82,27,40,74,2,47,42,16
82,67,71,89,24,34,5,67,27,73
10,29,2,9,51,31,56,91,74,12
96,45,28,22,92,8,93,51,70,36
27,73,77,87,92,44,38,25,80,43
98,32,79,72,1,9,14,3,13,18
44,24,12,45,7,92,79,100,7,61
65,3,57,72,19,40,51,40,13,81
77,72,30,18,18,13,5,75,3,60
10,92,96,86,12,10,42,66,22,85
8,86,37,74,28,64,20,87,16,52
16,62,51,59,98,100,75,47,17,19
84,15,52,18,99,62,47,8,49,13
5,2,54,48,75,95,51,16,86,60
26,82,46,89,96,84,71,21,81,53
31,46,18,70,10,32,43,7,34,99
10,57,95,42,98,18,42,93,89,24
23,35,11,38,83,64,45,57,32,60
29,20,58,66,12,43,80,9,10,21
21,92,41,93,86,76,49,98,40,93
36,50,63,45,68,100,88,30,99,93
57,71,14,68,88,55,4,83,100,42
25,68,16,55,87,83,21,56,55,32
64,8,95,44,9,24,24,92,36,77
90,36,15,54,92,40,78,99,46,96
22,90,69,8,9,34,77,54,20,35
57,16,20,81,71,4,94,52,29,25
55,20,70,34,42,63,18,53,10,46
58,72,58,59,36,34,16,9,77,91
37,90,93,94,49,63,74,99,76,43
68,8,81,90,49,37,79,59,32,92
54,15,89,4,99,96,1,35,20,17
52,62,94,91,98,89,22,40,30,42
59,32,58,16,27,9,68,59,24,38
36,88,80,17,25,16,58,77,4,75
61,60,93,54,90,87,22,40,47,9
27,63,16,78,24,40,26,88,95,32
80,86,9,59,54,68,98,42,90,23
32,30,27,43,10,40,38,55,70,77
65,62,68,82,95,74,28,63,89,69
73,37,42,15,45,86,39,15,38,97
11,85,71,51,81,70,75,87,26,63
54,20,61,11,75,50,48,4,59,93
15,49,27,39,61,16,42,54,61,13
77,46,99,3,89,92,74,23,73,39
47,38,23,71,42,19,76,33,11,84
19,44,27,94,81,29,83,5,44,15
13,38,72,40,10,11,42,82,82,33
87,35,59,99,35,5,54,51,72,11
65,87,98,77,91,78,56,36,64,40
14,98,52,24,77,8,47,86,57,31
96,82,25,3,36,7,76,90,64,19
67,26,49,61,29,58,76,16,14,46
78,8,12,2,40,35,24,16,53,49
97,21,89,30,37,51,61,16,59,89
94,79,99,55,52,85,19,38,92,50
46,23,66,95,11,74,63,41,80,25
11,44,38,55,53,98,30,70,25,11
90,94,40,11,60,84,49,31,57,7
49,75,3,19,17,17,31,57,41,7
69,10,85,8,65,79,10,28,38,83
77,26,36,71,38,67,73,58,14,53
33,59,49,33,49,14,78,87,47,62
52,13,73,11,93,37,2,50,9,58
36,26,88,13,41,51,98,46,39,5
64,73,100,66,59,89,59,79,28,91
15,9,41,97,57,78,43,40,49,45
71,4,4,64,15,38,98,53,53,38
49,76,66,100,95,22,89,93,8,18
4,79,78,84,13,53,80,66,69,9
65,29,99,19,76,62,93,77,60,17
82,49,81,51,73,55,14,59,17,45
41,18,26,40,49,50,68,78,75,92
67,83,21,34,52,16,85,37,65,77
51,50,47,87,47,7,47,16,27,77
70,56,13,94,29,39,64,71,37,5
64,41,38,99,91,51,25,43,93,4
97,45,23,3,73,70,20,28,1,8
81,4,24,57,34,88,46,32,54,75
90,30,63,13,83,93,71,23,38,74
85,71,97,35,73,59,31,89,22,53
94,47,94,29,43,66,21,13,27,34
7,84,16,17,65,15,62,5,60,1
40,53,90,57,70,90,4,54,75,1
21,1,34,44,69,81,54,20,4,52
98,70,6,18,23,25,59,1,98,80
77,70,39,63,22,39,56,53,80,44
82,75,75,53,35,41,48,38,44,8
73,30,60,11,48,74,11,30,4,3
57,15,90,70,80,64,21,87,24,56
70,61,29,78,76,72,38,97,3,48
87,53,61,34,1,54,51,65,24,14
46,31,62,91,12,72,8,41,87,68
64,29,96,71,87,82,28,78,72,29
33,6,38,56,34,40,9,19,30,86
91,18,22,64,1,65,37,22,31,7
42,72,32,56,50,94,49,83,75,67
93,67,81,71,77,100,76,46,26,65
21,40,44,88,25,100,32,44,2,85
98,4,71,33,96,81,92,44,57,80
5,99,98,12,37,72,12,29,50,7
55,7,87,96,56,51,99,86,93,74
5,4,67,19,30,6,41,42,81,65
98,87,97,37,88,15,35,69,61,78
59,14,64,68,14,39,46,87,70,62
13,4,27,22,47,17,48,65,95,46
18,45,71,75,70,85,43,28,90,51
38,57,87,2,1,39,92,69,43,22
1,40,10,30,60,49,23,34,3,37
84,6,79,31,63,63,19,85,72,41
20,18,5,15,40,59,84,87,76,75
72,10,28,61,59,12,70,3,21,70
9,32,81,1,34,42,33,63,34,12
48,40,68,87,13,73,9,55,3,74
1,20,15,4,90,80,41,88,15,32
2,93,21,14,84,70,57,50,17,53
64,46,22,54,87,51,14,73,33,18
2,10,16,72,54,59,69,86,82,64
70,50,81,18,36,42,60,15,72,77
35,80,64,46,61,96,2,68,19,27
36,9,45,64,50,68,51,27,27,83
35,73,1,36,93,95,15,66,16,56
60,78,3,82,15,89,38,43,87,65
22,86,42,29,28,84,49,10,90,6
26,30,46,83,67,6,48,26,35,57
86,81,47,72,17,34,7,14,29,75
85,79,38,32,33,22,10,91,83,34
59,53,43,19,25,21,4,49,36,19
28,65,81,95,79,43,14,99,77,15
7,20,46,13,6,27,4,40,89,93
76,14,31,6,26,91,60,11,25,26
4,46,73,58,45,68,71,38,38,86
42,50,56,89,48,90,57,29,2,44
18,33,35,56,98,80,32,11,3,64
92,86,66,93,17,42,82,39,81,92
35,48,27,85,43,100,10,91,76,85
37,29,82,87,26,16,59,58,2,77
5,7,83,55,26,42,64,39,88,24
85,87,72,88,76,74,64,69,19,90
19,7,62,26,58,89,25,97,3,26
62,33,77,4,76,66,83,60,54,58
23,23,24,47,72,12,63,86,77,50
16,71,90,31,71,11,96,50,34,96
65,15,34,28,98,21,2,31,94,90
53,48,23,33,60,2,76,100,100,69
14,96,62,26,33,4,6,78,19,33
79,28,71,93,82,9,18,41,22,6
89,26,81,2,66,98,38,32,8,6
20,89,87,87,46,25,29,92,59,35
44,32,22,54,8,20,24,100,45,54
79,28,88,17,34,69,70,35,43,6
76,28,38,23,60,84,61,88,48,70
68,88,16,26,65,71,78,36,60,59
4,9,55,62,49,49,82,53,69,78
20,99,52,49,78,74,23,54,92,78
78,62,63,40,37,96,71,69,71,35
13,73,10,47,1,5,69,16,4,8
10,70,12,10,22,46,36,34,85,46
37,44,92,58,73,36,84,68,55,99
7,39,81,53,79,28,28,94,56,95
72,1,54,93,93,33,87,61,78,51
31,20,74,28,94,89,34,87,46,18
82,47,14,13,98,42,1,26,83,50
55,67,9,69,89,96,6,94,57,75
75,88,33,1,61,45,82,89,14,13
90,46,9,45,75,42,69,47,6,90
77,80,41,67,5,62,25,21,35,52
93,31,20,27,45,78,71,6,57,19
7,84,64,1,90,61,84,18,1,77
76,49,88,34,88,3,15,64,96,50
89,72,68,14,2,66,24,56,72,41
56,70,15,2,82,32,83,3,42,96
66,15,13,42,69,96,35,96,71,43
55,67,1,34,84,49,37,91,14,47
31,15,35,15,71,46,35,69,17,13
85,20,44,30,41,8,99,16,98,44
39,90,84,81,25,68,67,71,85,27
21,25,46,57,40,37,81,29,24,39
23,38,6,66,69,23,95,30,82,87
7,51,97,57,72,87,24,76,11,84
88,44,81,3,3,63,97,76,63,4
53,76,20,84,90,49,76,25,35,57
25,100,39,22,87,62,17,46,57,23
67,56,42,54,90,78,5,4,61,37
40,47,17,54,41,20,27,25,40,44
91,28,58,41,37,60,69,3,58,4
92,21,84,26,62,99,6,64,94,85
61,63,52,42,72,24,82,23,41,24
100,51,10,71,32,48,12,65,11,73
72,45,90,62,51,50,86,85,80,52
33,44,80,86,63,98,59,68,55,15
17,61,83,74,8,5,30,57,50,86
75,53,28,99,8,26,44,83,55,89
64,96,29,82,1,70,28,34,44,20
16,22,100,12,94,50,100,13,19,1
84,57,67,12,29,20,12,12,39,78
13,78,40,61,38,46,65,60,19,6
59,83,36,21,97,87,94,99,70,84
65,43,23,8,72,19,6,71,20,23
7,55,67,9,90,69,9,74,59,99
87,16,96,24,90,73,49,33,93,74
55,64,95,58,74,47,19,1,74,50
3,69,1,28,87,60,72,35,73,70
67,66,100,2,2,82,15,79,10,33
14,61,14,6,18,51,29,32,54,37
53,36,58,72,21,51,13,18,71,52
1,52,96,97,39,63,51,92,23,12
45,55,72,38,46,62,35,75,80,92
49,95,5,35,58,64,41,88,7,99
6,88,45,50,42,72,7,92,5,53
76,44,81,18,38,63,30,57,31,78
6,20,70,40,56,59,68,23,87,79
57,68,60,19,7,45,95,67,58,30
56,85,50,35,49,35,63,59,27,64
77,49,18,7,42,32,100,62,57,19
24,70,78,35,45,51,5,48,77,6
25,98,69,40,42,24,84,34,71,90
8,20,90,49,36,29,66,20,7,40
3,66,3,82,67,3,43,21,7,2
43,75,35,70,12,21,95,62,26,15
29,60,34,9,65,34,100,72,78,70
23,1,20,79,65,17,57,56,91,1
75,68,67,27,1,45,54,55,87,49
3,99,65,2,25,5,81,74,34,65
57,20,21,13,8,43,49,85,72,6
76,87,33,94,42,82,20,39,22,40
45,84,10,57,90,54,97,38,40,76
11,70,85,26,17,91,26,3,40,17
65,41,65,19,66,94,65,35,60,31
69,90,96,7,89,17,1,21,39,80
28,48,19,21,39,42,26,31,73,89
39,1,23,83,68,51,80,91,54,77
56,40,67,42,43,48,73,60,16,94
1,18,17,37,69,80,66,52,37,47
52,36,14,4,81,87,53,78,97,22
33,15,73,56,76,60,31,97,10,58
17,44,73,15,85,30,27,4,27,25
87,63,80,91,71,27,14,11,3,98
64,48,52,30,80,92,16,41,54,13
93,74,11,70,94,13,46,72,68,18
94,88,51,49,62,61,34,21,25,53
16,73,81,29,90,51,12,15,3,24
100,17,68,16,72,46,44,92,43,45
33,95,8,98,37,94,5,90,32,37
64,52,16,35,20,82,11,83,32,49
7,46,84,17,80,18,50,32,15,22
47,5,51,13,26,56,54,87,63,96
1,15,13,39,56,76,68,45,31,62
54,67,100,80,24,33,50,51,24,95
64,65,25,11,8,9,53,93,67,56
47,47,74,27,14,95,18,67,56,31
79,44,76,84,33,32,42,4,34,50
1,54,82,66,73,19,92,96,15,63
94,69,40,55,73,68,99,65,9,100
42,73,18,9,35,76,39,50,81,16
50,36,31,50,44,79,88,95,43,29
99,78,26,83,26,87,23,63,20,3
83,99,42,67,58,74,60,47,99,27
43,46,88,25,37,48,98,25,19,52
42,54,100,6,10,76,88,47,69,83
8,3,85,34,46,100,83,44,29,88
85,12,99,58,1,83,63,44,83,2
74,34,14,13,41,11,41,23,26,59
36,77,22,65,20,35,21,77,41,38
85,9,43,48,29,26,6,19,86,16
10,35,84,37,10,62,35,29,81,33
76,62,40,29,40,96,78,62,85,61
47,59,53,25,56,60,87,99,23,79
65,55,70,92,29,8,91,31,75,75
59,20,17,88,22,9,24,18,31,30
12,15,14,52,89,77,47,91,71,6
13,64,42,67,59,79,6,98,56,1
74,52,84,52,52,42,56,8,90,56
1,100,32,84,77,22,7,58,91,32
28,57,38,33,60,97,93,42,22,48
63,63,88,4,81,13,32,72,47,8
68,34,76,65,99,37,59,66,95,67
90,12,39,16,46,98,63,58,2,41
93,71,62,19,32,51,33,89,44,4
38,47,5,74,76,32,51,71,53,76
39,30,6,25,94,94,44,84,66,82
12,95,6,14,75,38,13,73,37,61
7,11,82,23,83,14,84,28,93,70
36,20,17,89,98,74,49,7,92,2
86,7,43,100,53,72,97,94,33,81
71,98,12,23,23,97,3,1,37,15
79,36,68,35,70,70,7,61,13,3
18,19,60,54,22,5,76,14,1,35
30,29,32,43,100,45,44,74,91,5
76,66,2,32,8,50,94,46,74,76
19,39,14,41,75,18,17,55,2,18
42,92,43,50,55,91,72,77,82,100
29,29,73,57,22,37,72,98,62,67
73,74,21,47,98,42,97,52,39,38
85,77,48,89,76,43,82,29,79,91
87,37,78,25,98,1,49,58,17,63
22,61,71,61,71,81,2,15,30,68
64,39,82,49,27,36,27,99,65,34
84,93,94,49,29,13,75,12,89,98
67,41,90,49,43,36,26,60,7,94
73,65,54,92,4,85,96,78,83,22
82,49,81,37,54,46,62,10,81,72
38,37,69,63,37,99,63,100,2,40
44,51,36,52,41,80,93,33,60,18
34,65,24,92,84,63,75,24,90,32
98,86,57,6,35,23,39,64,3,48
42,44,90,15,3,72,4,97,17,84
52,27,72,30,22,92,94,21,44,54
72,55,90,70,72,41,56,42,57,38
28,57,75,58,7,44,1,74,64,82
43,91,74,7,26,74,66,88,12,33
32,1,4,32,69,20,56,61,87,54
54,78,64,26,81,85,56,3,78,36
30,12,100,45,81,76,99,60,66,40
18,87,79,90,57,95,72,83,30,81
81,92,65,6,40,59,1,45,57,90
14,71,46,60,37,64,45,10,76,26
35,6,20,46,75,62,34,26,51,36
9,86,16,85,19,10,61,77,69,47
25,59,15,22,38,11,67,87,97,59
78,67,66,54,98,59,43,41,17,43
13,61,4,87,82,73,7,54,79,11
84,10,86,94,12,25,64,38,71,8
32,95,96,9,84,9,5,5,60,48
44,33,77,69,45,93,93,43,33,47
46,91,48,81,26,19,22,56,49,74
8,74,6,8,50,65,71,39,5,52
49,12,6,44,13,41,71,28,11,46
72,95,72,25,29,36,59,98,24,46
35,18,8,2,13,62,52,31,95,14
74,91,48,50,8,19,16,44,91,55
88,47,19,51,2,97,52,60,70,51
80,34,5,61,36,96,52,50,74,7
77,28,46,45,35,71,57,8,89,57
14,74,95,97,82,48,42,28,56,57
88,10,14,73,69,94,45,10,44,6
81,78,34,34,74,40,93,34,28,21
61,42,5,60,33,56,44,74,14,48
60,29,46,34,1,4,34,39,33,55
29,29,66,64,24,98,33,33,10,82
81,85,13,52,82,70,52,40,37,68
41,3,88,86,78,10,64,89,69,39
29,47,47,82,14,67,13,50,70,78
47,49,47,49,2,78,40,66,36,9
94,23,2,38,26,90,84,47,84,26
84,63,33,52,23,12,3,37,16,36
28,48,62,53,4,47,15,61,37,51
49,66,91,24,26,93,86,39,24,53
49,95,73,93,18,51,51,90,94,58
57,1,87,31,61,86,55,7,37,47
82,87,51,66,87,54,49,3,45,55
97,82,62,63,16,28,26,78,90,68
82,28,19,58,10,99,97,57,48,26
32,8,39,49,77,57,58,84,56,88
74,89,81,75,68,79,33,22,93,94
48,42,26,67,90,86,69,9,72,61
29,27,29,27,100,6,68,33,98,50
97,62,12,70,49,2,10,84,77,81
33,5,57,55,72,26,26,95,71,30
39,63,88,4,95,91,11,4,84,15
88,44,80,33,61,62,54,16,83,3
94,41,66,97,2,23,77,66,50,46
42,98,42,65,30,43,46,46,35,72
99,65,3,34,47,72,68,25,99,74
87,13,72,32,77,49,84,20,24,75
48,97,86,80,20,61,58,72,38,55
18,94,44,27,84,44,83,24,88,99
47,54,68,89,88,99,34,20,29,26
44,52,99,25,82,63,72,73,52,34
88,46,83,42,93,7,27,63,39,39
74,46,4,49,40,33,20,50,16,53
64,47,50,54,20,90,77,71,73,62
77,64,18,93,20,78,93,76,9,22
29,94,22,97,6,3,66,18,12,64
70,76,26,99,15,86,66,45,40,100
50,21,9,68,52,50,60,48,80,96
26,15,83,80,19,51,19,62,5,5
72,97,11,73,95,40,70,80,83,56
30,27,3,33,13,71,25,69,27,65
63,12,92,33,99,66,53,55,16,38
86,35,20,76,39,26,51,97,16,98
88,28,4,47,28,42,44,27,63,45
96,64,44,74,62,29,63,69,3,16
44,33,51,40,64,30,69,37,30,34
60,50,58,92,39,83,36,89,50,46
98,84,80,70,78,92,35,73,12,35
1,47,42,76,3,61,73,34,34,6
69,59,36,30,97,31,1,11,27,15
43,38,40,17,51,2,61,42,47,37
30,73,100,9,95,99,91,56,28,6
62,67,68,84,78,26,55,9,3,47
15,70,67,92,79,90,31,14,76,100
10,42,14,36,46,54,72,54,43,15
45,88,38,58,77,53,75,8,8,81
23,56,88,93,76,14,52,2,1,93
57,82,22,96,100,66,20,25,7,35
28,57,18,68,3,77,65,62,31,69
59,99,55,33,52,50,13,1,33,81
51,10,32,1,15,52,81,61,85,46
11,7,18,7,67,65,61,30,48,2
33,45,79,31,19,10,40,17,69,16
12,71,68,61,16,4,85,64,60,69
65,66,95,29,80,82,79,89,66,57
55,50,72,46,11,25,20,50,73,6
84,46,43,42,48,92,33,47,99,64
21,68,67,42,88,72,17,94,8,61
72,3,21,36,18,18,69,42,39,5
62,9,40,2,79,22,11,31,43,54
37,39,20,49,53,81,65,23,88,15
58,79,31,76,92,71,47,65,78,53
53,9,74,33,10,62,73,57,82,40
83,57,94,6,64,41,94,52,100,71
49,23,85,55,26,25,12,63,51,64
24,8,39,9,21,99,52,95,5,20
30,84,38,14,63,93,51,84,43,25
81,26,98,20,96,6,51,1,42,43
86,25,84,52,42,56,49,92,72,35
12,6,16,23,21,3,78,5,70,43
64,16,46,67,91,5,48,78,45,51
9,5,76,85,68,37,24,56,90,46
69,90,14,88,38,99,68,13,2,30
43,49,65,83,43,46,98,74,37,81
87,64,78,3,42,41,41,90,47,84
47,24,39,57,45,96,43,29,11,71
18,77,71,90,99,75,54,20,24,25
80,45,26,18,97,5,42,71,79,43
20,92,6,59,19,86,97,48,1,68
97,56,63,7,24,65,25,85,61,97
12,7,3,83,40,36,48,13,24,37
96,97,7,38,59,41,17,1,45,88
51,51,29,18,27,79,42,87,84,99
45,99,38,24,19,63,66,58,11,11
13,67,31,18,37,35,72,49,5,80
74,15,65,8,9,87,47,13,13,92
14,26,34,2,46,6,37,22,2,54
88,63,42,38,100,69,51,76,64,51
5,28,11,48,51,73,12,13,76,41
45,84,70,49,35,18,75,5,24,7
19,33,9,29,35,20,53,92,42,36
96,59,46,96,89,86,12,35,82,98
14,22,54,76,64,7,6,23,77,63
48,99,83,74,56,37,11,52,92,10
18,86,57,64,91,70,83,16,6,41
36,62,86,32,68,21,85,61,95,38
53,72,53,38,21,83,7,92,45,97
23,73,36,50,73,76,35,93,68,77
53,72,91,82,83,59,93,62,48,24
28,86,74,73,8,2,13,4,62,90
34,16,25,73,49,4,47,84,12,41
83,25,2,54,58,83,11,86,17,44
58,60,62,59,2,21,25,76,12,65
15,80,64,83,88,18,11,86,39,74
75,55,47,90,2,98,46,90,71,95
95,19,61,53,37,54,38,23,79,85
60,10,19,49,20,4,91,1,96,43
55,53,96,33,13,58,63,10,82,94
78,44,86,67,67,92,90,4,92,2
20,36,39,55,64,9,93,81,72,73
21,20,93,59,41,7,96,79,91,82
29,47,85,42,80,63,42,44,98,35
84,8,45,43,48,70,54,52,55,55
18,14,77,22,63,44,96,35,3,21
70,11,91,38,80,3,55,10,22,72
100,25,2,24,9,25,30,10,77,59
81,29,21,55,19,17,39,37,44,22
67,85,18,16,28,40,99,68,65,85
36,55,53,12,36,24,77,62,13,54
10,53,38,44,86,8,19,2,86,68
80,74,29,100,10,45,41,81,3,94
54,64,32,15,11,36,21,70,21,76
27,84,16,85,61,80,41,63,71,25
73,52,97,84,3,74,63,13,95,97
22,9,81,87,60,57,69,60,47,3
25,46,91,26,31,59,2,95,96,54
15,91,69,16,62,54,40,73,78,23
80,61,49,85,80,20,74,76,97,52
17,26,34,95,97,11,35,79,90,41
68,2,4,47,44,85,74,41,18,71
38,95,34,68,61,85,89,18,69,52
64,7,96,86,88,90,94,37,84,52
82,76,67,92,34,31,51,86,62,53
37,84,35,41,50,30,50,86,77,92
34,27,57,60,36,28,81,99,72,15
1,55,87,94,73,1,98,21,20,61
10,31,33,30,80,31,13,96,53,45
54,91,98,77,93,22,71,57,73,60
97,32,54,77,95,89,57,88,94,72
26,7,16,18,61,68,51,35,16,14
77,41,34,77,63,57,11,17,97,68
46,90,95,15,65,75,24,33,58,39
54,84,64,72,10,48,19,73,92,51
93,19,50,24,30,65,53,97,47,63
61,73,33,85,31,35,26,46,45,84
58,34,54,78,87,61,85,35,85,41
83,58,31,65,78,86,89,99,9,1
84,76,44,27,11,42,35,81,1,1
67,76,19,42,22,45,17,55,23,17
47,88,24,42,12,25,52,58,58,83
62,17,98,7,13,28,96,56,16,50
35,74,4,42,75,36,27,39,71,73
16,87,91,56,26,32,48,91,79,85
43,85,21,18,7,84,6,65,2,54
96,30,91,24,73,63,46,33,64,30
55,96,9,39,63,48,5,56,9,91
58,45,16,24,22,7,87,29,30,12
87,62,14,97,74,45,82,65,77,94
14,33,31,15,1,53,3,62,53,86
49,69,88,71,79,64,55,25,40,37
56,24,72,100,59,28,8,62,41,59
76,73,89,85,1,61,66,33,27,15
57,22,82,45,61,96,5,41,75,90
53,64,1,43,85,6,18,34,67,60
21,56,74,77,81,16,69,89,50,81
58,82,71,65,74,15,32,13,92,47
91,69,37,100,14,90,2,100,8,4
56,88,99,70,8,57,78,52,2,72
56,49,14,60,58,50,40,67,83,85
77,55,10,73,42,78,8,31,7,19
34,12,16,98,13,74,97,6,25,90
75,15,31,57,55,100,22,2,95,52
48,1,84,96,64,84,68,18,58,31
14,100,49,23,26,47,58,75,91,48
96,83,81,88,64,16,57,47,31,96
33,45,6,77,60,9,63,55,30,57
53,65,61,42,22,8,64,90,42,5
78,5,25,22,76,41,63,86,63,79
5,72,67,47,93,42,93,78,73,61
90,20,88,69,43,56,50,65,91,15
78,24,9,28,66,93,56,70,95,35
82,41,4,56,84,76,62,88,22,66
95,48,61,35,38,64,27,41,64,1
47,90,92,74,81,16,46,44,79,24
22,3,40,68,6,29,15,55,69,64
72,44,35,27,26,7,24,5,28,74
60,36,52,38,74,32,61,68,23,37
61,29,54,40,39,5,55,83,90,58
69,47,97,87,75,19,30,62,53,3
95,81,4,23,63,71,82,10,55,29
67,22,19,76,69,91,31,92,21,88
42,1,38,93,97,15,59,35,41,4
69,15,16,53,83,11,7,27,43,45
79,69,27,82,19,59,64,19,66,29
3,38,41,92,54,26,27,49,1,20
10,34,72,96,31,62,82,70,22,22
19,82,100,17,2,5,38,60,95,80
67,44,54,87,78,66,77,13,58,67
81,76,21,12,14,97,79,81,40,20
46,95,48,60,76,88,86,94,67,32
77,7,26,42,89,98,49,16,97,96
93,74,9,44,21,18,75,35,81,63
29,28,87,33,10,84,53,27,27,72
9,15,90,19,41,74,38,31,68,32
50,33,80,47,94,16,9,72,7,100
12,17,87,41,67,74,30,86,32,9
92,17,44,26,23,68,41,40,29,77
28,95,36,36,61,99,47,100,46,69
61,84,23,19,70,41,31,45,20,61
24,80,23,93,78,78,57,25,36,64
12,29,91,40,61,37,100,45,32,16
26,82,11,74,50,86,65,4,99,76
27,22,52,13,96,12,64,82,4,96
68,96,75,32,19,62,16,5,46,57
47,88,16,74,7,76,58,81,7,34
31,52,65,75,87,63,36,75,5,81
70,16,54,32,63,7,86,29,49,14
98,92,79,83,73,66,27,75,99,55
17,37,82,56,20,18,86,71,73,50
69,62,80,6,6,89,3,42,33,32
94,70,87,54,46,6,42,17,58,73
55,68,38,15,42,48,6,21,58,6
83,74,39,96,42,59,95,25,72,85
67,94,6,4,25,31,68,74,97,90
98,68,7,82,84,1,91,24,58,96
46,85,23,33,22,28,47,73,62,72
9,35,42,15,23,37,9,95,49,45
60,74,29,45,53,97,3,90,95,76
15,81,2,64,21,29,16,75,24,49
88,96,1,3,50,64,73,88,65,83
29,96,71,85,80,99,48,87,68,61
22,87,70,58,5,77,80,54,16,13
10,75,32,57,17,67,44,17,39,73
42,5,22,68,98,99,30,46,13,67
54,56,20,33,67,6,18,77,16,87
43,91,46,16,33,49,63,81,41,96
66,29,13,66,89,51,55,3,72,9
48,82,90,94,83,44,28,19,91,45
4,32,88,86,34,34,87,93,24,7
32,81,25,26,9,69,98,92,63,68
50,11,21,22,8,42,83,39,29,16
56,2,53,92,42,63,15,36,7,49
61,74,2,89,37,18,74,51,88,91
10,2,75,1,15,47,36,89,45,49
83,56,61,21,95,82,96,28,96,80
89,23,85,86,69,20,95,38,23,69
22,84,17,3,43,99,89,23,6,40
26,64,43,11,96,47,70,64,24,20
82,23,29,46,49,52,27,31,29,13
41,47,37,84,15,57,67,25,42,74
25,36,18,63,93,49,39,85,52,90
57,94,17,56,42,15,11,69,59,82
27,94,67,91,51,83,64,42,1,84
18,12,74,29,95,99,48,34,2,99
43,79,66,74,64,46,94,52,68,30
69,26,31,97,50,67,71,47,65,37
73,25,96,9,12,10,28,23,30,56
56,36,57,9,8,75,45,97,75,96
47,44,38,72,78,11,92,76,12,48
20,81,58,99,4,99,53,86,56,21
10,3,76,47,78,96,54,9,97,26
64,48,9,71,29,96,74,27,16,5
69,70,82,32,47,34,84,82,50,5
12,59,78,80,33,20,63,95,82,62
43,57,96,77,29,75,59,92,31,28
24,87,4,40,85,92,87,40,38,32
41,24,52,61,30,36,84,7,66,34
42,82,52,53,27,23,12,70,14,6
51,9,27,31,76,46,79,23,32,34
18,95,9,69,46,24,7,5,10,19
62,86,63,5,23,6,6,14,30,40
85,22,75,19,87,6,2,64,80,15
62,88,68,88,61,80,74,42,76,18
22,88,75,51,63,80,81,37,9,28
27,15,69,99,86,15,22,78,90,100
78,25,66,5,35,70,73,27,100,26
95,26,29,63,71,40,3,33,99,25
17,28,11,96,4,3,16,78,22,45
17,99,36,65,24,28,84,73,55,70
11,36,21,83,61,47,44,50,54,64
15,77,96,34,60,18,32,90,28,81
4,3,11,28,26,86,52,99,8,33
38,93,31,40,46,5,50,78,1,24
16,4,90,53,8,81,28,68,54,56
79,34,19,77,95,92,69,11,39,80
19,88,89,17,45,71,4,23,45,40
13,66,95,39,87,60,93,55,74,49
6,28,8,36,22,51,87,25,23,9
76,25,74,41,81,51,85,55,1,70
5,20,42,62,92,99,30,59,44,5
14,32,16,29,99,26,12,32,26,5
44,43,14,65,16,8,84,70,85,7
99,46,73,34,21,7,54,59,97,55
81,67,39,22,53,84,67,99,34,59
54,43,14,30,21,10,19,30,72,45
3,90,95,34,89,86,63,30,89,77
80,38,15,4,61,27,36,95,47,89
22,93,67,27,47,55,83,35,11,72
62,35,56,54,22,35,37,32,73,35
97,14,5,24,43,17,88,100,31,60
77,71,8,51,58,100,22,61,38,43
2,80,94,62,15,93,63,97,57,55
43,65,87,6,57,98,70,99,28,37
18,64,75,37,42,96,97,38,67,73
73,41,15,43,27,86,19,14,98,29
65,56,55,81,49,11,29,20,6,36
100,77,36,61,54,97,73,80,44,40
33,13,75,9,47,19,61,98,63,4
82,19,50,82,43,48,69,22,4,10
84,79,10,76,6,57,52,15,9,70
39,37,40,56,3,70,41,42,67,56
86,93,31,42,99,1,55,44,12,28
13,51,85,8,69,65,57,5,69,38
90,40,4,82,10,22,57,99,45,96
66,22,17,5,24,84,16,60,73,71
72,55,14,30,7,65,16,85,50,29
95,41,44,21,56,3,67,79,72,44
62,44,4,96,61,33,65,27,21,47
10,83,16,86,85,50,2,73,17,58
7,35,85,57,99,46,18,87,23,51
19,14,47,73,60,9,17,59,6,40
27,67,12,9,20,53,50,20,93,34
10,97,28,57,22,80,46,55,15,13
84,32,25,60,88,26,100,95,2,90
9,78,98,4,31,74,89,13,57,22
36,96,3,53,65,41,44,61,30,37
57,40,43,84,27,43,10,66,65,34
60,28,94,12,85,78,60,9,85,21
80,45,10,66,48,20,3,18,38,67
23,60,66,58,98,45,8,61,72,72
73,85,54,95,52,14,26,51,48,41
81,84,25,50,70,14,36,98,68,67
52,42,9,71,70,16,11,14,81,3
55,75,58,73,84,38,33,85,39,93
30,64,24,94,74,80,97,12,83,57
60,70,10,63,43,65,65,29,83,20
78,43,87,58,14,3,43,46,93,64
88,36,91,90,12,89,15,12,82,85
9,7,88,80,98,36,64,4,42,41
96,11,75,35,69,63,44,20,22,7
43,5,26,75,41,78,70,56,51,62
59,77,54,74,48,97,32,45,44,58
8,6,18,67,49,99,88,13,32,18
78,47,83,52,28,67,89,69,60,52
96,16,48,84,51,55,26,42,46,45
96,18,22,54,17,55,43,68,98,41
58,25,43,7,34,94,68,92,17,81
10,41,72,71,50,4,10,13,13,16
93,37,33,24,94,41,96,76,93,29
54,96,54,42,78,84,29,60,18,46
74,75,49,70,9,16,60,66,5,17
94,3,11,15,67,25,70,100,42,80
77,45,88,19,92,28,14,29,42,64
7,69,56,51,48,100,5,45,29,87
81,7,34,46,64,28,64,41,64,79
69,53,27,39,61,84,99,37,85,14
37,58,95,59,21,85,79,74,61,71
62,95,38,41,9,65,60,77,18,93
19,70,27,62,100,49,17,12,23,50
42,96,35,11,22,25,62,19,55,29
76,60,25,89,9,77,76,70,41,74
89,30,28,2,69,80,3,89,59,17
36,6,86,91,72,71,77,94,55,77
43,53,1,17,65,74,86,36,70,53
22,95,3,61,37,94,4,30,48,74
54,11,94,8,78,41,90,94,73,83
52,10,63,85,73,46,15,59,16,89
78,69,100,20,35,49,19,68,64,95
23,22,72,18,77,67,75,32,49,77
28,33,3,83,66,33,35,67,48,26
28,39,23,83,81,20,27,95,48,84
66,21,17,2,71,73,85,99,33,69
34,52,49,92,26,51,88,79,94,22
52,33,62,11,73,58,86,74,23,7
57,64,74,73,88,86,65,72,57,8
33,61,65,57,66,48,63,45,70,86
44,92,71,20,13,43,83,30,3,82
53,33,69,38,82,80,91,6,62,11
1,23,78,88,54,15,57,48,98,89
88,5,2,40,90,67,88,50,10,58
75,42,85,55,73,51,15,87,67,61
94,43,23,93,3,54,74,65,21,19
47,40,62,79,83,65,51,20,82,37
70,36,13,53,18,34,48,41,50,70
20,81,67,3,88,30,57,6,18,5
76,39,4,50,86,41,72,22,30,52
89,1,2,91,3,4,41,88,54,97
29,15,56,76,59,37,61,31,52,65
64,79,96,5,54,70,18,74,49,77
95,88,6,46,30,94,33,3,97,4
48,100,51,72,7,22,40,33,25,100
73,9,7,31,45,62,16,87,71,88
52,90,16,13,71,4,34,99,5,78
91,56,96,91,38,46,47,16,81,22
57,17,16,17,70,49,53,93,83,84
29,44,76,56,97,77,61,33,10,66
53,42,80,8,42,80,47,44,95,23
82,87,10,30,84,76,88,89,99,56
100,83,17,75,10,17,41,60,84,56
97,69,93,65,4,73,47,10,82,93
23,1,77,37,43,57,72,96,57,50
33,30,5,2,24,55,83,22,50,49
99,24,72,94,80,13,9,68,62,85
53,73,25,61,84,78,60,68,43,89
21,57,18,8,63,73,17,16,41,27
91,32,68,26,6,38,56,34,74,98
31,29,33,38,77,19,50,67,23,62
23,37,31,1,14,71,91,80,80,24
37,57,14,4,93,98,87,20,92,67
70,92,18,25,84,87,85,3,41,35
89,12,59,47,99,87,60,64,29,68
26,40,32,54,61,86,76,22,98,100
99,13,11,31,97,80,95,18,45,100
28,1,94,69,88,14,65,64,56,8
29,12,62,59,40,12,70,98,61,77
28,89,88,99,4,8,50,37,19,95
84,65,38,15,58,29,43,46,74,59
33,14,4,75,1,7,59,24,57,74
10,89,54,35,40,7,31,32,46,73
77,64,78,51,80,24,67,48,4,58
93,6,64,11,66,61,27,9,5,40
46,98,29,37,27,78,90,73,23,18
36,48,88,79,47,96,50,99,58,86
69,37,18,43,68,35,37,11,16,92
20,71,80,42,6,26,72,31,11,11
24,29,28,49,41,91,35,79,2,49
3,63,10,45,34,76,43,64,55,30
74,32,90,12,16,45,93,100,80,15
70,12,75,31,96,30,74,28,1,83
94,64,42,67,16,34,21,11,10,65
92,78,32,67,82,34,93,70,95,25
12,63,49,47,47,3,70,46,5,66
11,40,3,56,67,70,26,24,68,83
59,5,77,38,68,44,54,79,84,58
30,57,69,72,96,7,74,31,74,83
99,18,72,24,34,80,92,14,87,52
50,74,48,58,51,47,48,2,28,8
29,98,95,75,30,48,87,11,28,100
76,25,52,9,68,82,18,2,36,47
33,95,4,64,79,29,69,82,17,5
17,70,97,45,5,73,67,49,26,80
61,38,86,43,16,81,89,70,66,48
58,86,17,46,62,89,8,5,84,53
82,36,27,70,84,99,33,76,76,52
11,41,69,86,58,76,15,51,94,37
97,86,7,91,55,88,77,89,94,22
33,88,79,89,63,25,87,86,10,74
59,23,26,99,74,21,62,26,19,5
2,98,14,100,65,44,72,98,92,35
30,15,1,90,23,99,74,18,62,76
6,53,48,7,49,24,10,69,91,89
37,58,57,71,43,50,49,19,80,26
84,95,86,55,73,61,75,67,4,94
9,18,61,78,73,84,16,5,68,59
49,31,67,87,55,16,24,85,59,83
49,67,15,11,40,67,79,2,16,20
54,40,2,33,27,11,50,30,76,59
20,90,61,78,53,25,44,45,78,78
51,26,56,96,99,87,43,36,50,81
78,30,2,41,84,41,62,99,84,72
12,66,47,15,96,86,29,89,3,92
8,34,3,48,31,68,3,15,26,35
32,54,40,17,79,2,38,12,27,5
80,31,48,91,54,87,29,8,49,9
91,90,44,13,26,64,30,93,30,27
68,12,82,18,4,70,99,66,36,65
45,92,58,55,83,21,61,14,62,21
40,85,44,92,33,70,93,100,64,85
98,80,55,74,67,44,36,3,83,7
47,52,74,41,43,92,64,81,6,53
43,79,66,17,50,23,86,39,93,34
78,75,17,50,44,26,38,69,53,11
78,31,70,77,93,20,57,47,28,1
61,61,17,76,49,23,1,71,30,26
54,9,97,58,59,22,87,92,50,26
7,62,55,2,100,6,76,34,62,27
49,20,65,35,83,22,91,88,16,2
27,55,61,72,82,64,40,27,39,79
89,58,1,86,97,90,31,88,52,41
62,97,61,78,68,54,16,61,94,77
74,49,36,14,83,1,46,39,75,11
13,44,39,92,17,27,46,26,37,6
93,99,6,26,50,72,76,19,98,48
22,61,77,39,79,6,21,6,43,34
72,82,18,48,52,35,65,92,48,64
47,90,35,68,80,80,88,54,72,17
11,43,81,10,92,99,42,70,60,12
31,3,38,27,85,99,64,99,76,31
45,87,62,100,38,37,98,73,82,76
44,41,37,72,97,98,45,60,53,40
74,77,86,16,52,88,92,75,70,51
84,46,98,51,58,7,24,93,78,81
41,31,45,59,100,64,75,99,67,97
34,28,61,2,15,98,71,38,90,67
78,64,37,38,55,3,7,6,83,62
59,32,12,76,26,1,46,61,24,11
16,72,90,80,40,21,78,16,84,77
80,54,14,100,17,50,9,76,55,55
85,64,40,30,21,17,10,49,69,70
58,90,27,28,83,99,10,42,97,2
41,10,74,27,12,100,20,8,61,21
65,21,40,85,8,62,79,29,62,12
23,92,60,2,71,29,21,95,72,18
36,42,65,79,8,50,65,96,38,4
67,38,75,2,43,54,54,59,21,92
14,15,59,49,23,59,15,72,74,83
90,16,80,100,33,90,100,71,47,15
34,59,13,32,78,23,65,33,18,41
45,9,41,53,1,88,51,38,8,63
73,96,3,88,88,37,74,18,39,83
58,68,33,26,86,67,50,51,56,8
82,10,6,61,82,1,7,79,74,83
90,11,83,45,13,18,88,50,8,22
67,74,5,95,9,72,79,34,4,51
28,63,71,16,2,38,57,1,16,39
6,39,54,11,23,95,57,8,82,8
77,58,62,58,84,91,32,72,18,88
25,63,17,53,51,18,63,95,17,46
73,1,62,62,26,27,45,66,73,54
27,47,88,45,67,41,81,78,20,5
12,46,2,89,4,88,82,74,20,22
31,5,3,9,98,68,28,15,6,4
63,16,70,35,15,46,24,76,97,33
58,71,21,89,3,9,86,21,100,66
70,5,86,3,64,46,2,100,51,95
99,86,11,80,78,67,21,77,64,17
51,5,82,9,71,17,61,57,76,13
91,1,41,9,43,65,61,45,62,63
26,55,53,32,69,64,84,76,78,9
85,18,47,46,30,98,17,3,62,58
78,20,89,57,70,95,42,93,36,20
1,42,98,53,31,46,26,68,24,47
18,9,65,5,32,59,99,76,97,52
49,100,14,27,34,7,73,5,59,31
21,72,28,2,96,82,64,75,89,6
56,39,51,71,13,23,90,77,40,39
7,64,15,30,44,1,68,63,28,12
44,33,34,15,30,15,52,35,9,38
36,3,54,42,95,4,81,40,49,55
19,30,86,67,4,7,95,67,90,37
13,4,71,48,22,46,42,25,91,6
89,85,82,26,100,50,57,28,25,12
79,48,99,59,32,58,55,30,44,39
87,60,36,76,74,55,68,90,98,26
4,11,85,81,62,8,43,48,30,45
72,71,45,74,83,57,56,84,27,86
78,76,15,90,57,12,19,55,96,77
45,71,10,61,93,95,38,49,49,47
75,50,53,28,55,12,63,99,70,44
81,58,50,82,78,24,46,4,57,89
2,63,26,94,12,52,97,77,48,4
54,25,85,81,74,85,50,44,19,63
35,25,40,59,85,27,88,79,11,71
62,16,52,70,12,2,86,34,32,4
25,5,29,52,20,32,25,86,40,33
61,73,80,69,99,4,57,36,49,18
34,54,62,11,60,26,24,22,29,59
10,100,79,43,93,90,14,65,92,83
95,48,53,32,21,100,67,69,54,86
90,74,40,6,65,1,56,23,34,14
50,79,69,90,72,30,6,95,42,27
92,88,82,75,72,53,26,35,20,82
90,29,62,35,7,6,1,36,66,6
40,3,99,22,10,7,41,38,8,95
38,5,50,36,91,17,5,42,20,92
98,28,62,34,86,93,79,56,15,61
90,1,23,62,97,19,74,29,6,52
42,89,65,7,35,11,32,41,55,99
2,24,31,73,38,11,33,93,93,64
60,100,89,85,93,18,37,96,87,93
59,70,29,57,10,68,14,34,34,10
51,16,95,43,5,9,57,96,18,96
76,8,5,8,21,83,70,21,31,45
3,50,47,71,6,70,10,63,12,88
45,83,26,60,51,19,98,2,20,48
67,40,43,64,2,42,74,74,89,51
83,41,26,96,48,6,100,14,68,97
19,31,28,72,53,19,95,28,4,95
24,94,20,29,92,73,99,52,41,92
10,21,1,84,1,74,45,56,47,18
77,42,45,87,12,43,29,8,81,57
24,17,34,80,60,57,76,23,77,66
3,32,26,2,75,71,56,44,58,60
23,37,75,29,56,6,37,84,69,14
30,100,59,46,92,90,69,15,95,16
96,28,37,98,29,18,79,76,96,99
82,6,64,21,97,45,98,73,11,23
19,66,26,71,72,40,2,47,5,9
2,67,49,22,97,68,67,53,80,28
48,62,77,34,29,26,95,85,65,25
57,28,2,34,99,3,13,18,82,5
82,68,83,38,16,49,37,80,7,48
98,9,44,40,12,96,37,73,46,45
9,24,67,91,33,29,52,48,30,90
88,15,2,1,31,59,93,49,93,18
88,56,56,100,92,9,80,1,63,5
61,22,9,54,54,74,5,29,64,91
83,99,30,26,96,70,58,92,34,37
31,32,9,68,88,87,4,59,80,21
93,67,52,16,2,81,62,85,73,76
52,71,24,77,6,14,86,59,25,70
20,20,76,51,79,7,45,46,40,52
57,29,45,71,19,11,34,22,37,37
40,14,97,78,14,34,3,22,47,83
35,20,39,29,11,56,32,86,51,93
51,32,86,50,29,21,16,75,29,39
95,42,82,22,41,47,68,48,25,3
24,38,29,45,99,82,91,94,98,86
68,54,5,9,53,37,60,75,68,29
68,96,56,50,19,16,1,2,44,77
18,74,59,3,47,1,3,68,90,11
4,98,31,89,18,49,44,64,58,47
23,42,41,71,59,1,1,16,60,26
85,82,53,33,94,41,82,84,6,25
80,63,40,100,95,31,70,12,25,41
37,23,30,13,57,37,6,76,59,70
18,10,66,46,74,78,56,23,11,86
31,92,86,17,68,87,40,93,47,57
89,32,50,13,85,24,58,3,28,55
49,13,76,41,89,53,25,99,64,20
91,15,32,38,73,49,44,50,60,83
37,2,22,90,45,58,91,14,2,31
82,7,58,49,12,27,46,44,51,45
66,68,33,31,55,45,71,67,61,10
37,83,7,53,23,98,11,15,75,91
85,50,67,58,24,71,91,26,19,27
75,77,76,6,26,59,85,85,15,11
47,29,83,32,37,29,3,79,11,86
32,24,42,12,18,44,9,8,8,15
100,51,28,96,20,10,6,94,66,51
37,33,23,37,83,34,43,12,5,80
8,26,25,41,6,23,61,60,17,59
83,99,32,47,95,76,29,46,90,4
58,73,68,98,14,45,45,46,6,94
5,50,16,42,38,3,79,48,41,49
73,17,77,14,12,59,19,93,73,31
66,44,67,52,82,38,83,40,20,24
93,57,95,91,80,67,55,6,20,74
58,97,13,45,50,25,35,16,47,89
86,38,100,2,73,87,38,93,24,89
59,15,90,58,47,3,4,13,35,83
26,61,76,93,93,54,62,80,55,83
67,4,54,73,71,70,55,10,51,40
4,92,38,61,82,6,27,97,50,75
2,37,12,83,25,15,18,38,55,88
69,32,74,46,37,47,83,37,40,7
2,19,98,24,42,41,51,56,96,52
73,85,76,18,54,15,60,57,40,19
93,27,33,2,51,80,68,80,49,80
37,84,10,73,90,75,82,10,23,96
73,38,71,57,89,31,35,89,37,52
96,69,88,66,3,95,8,75,66,27
2,47,15,95,94,11,48,59,41,92
3,75,11,85,35,6,38,75,41,20
69,84,29,22,33,80,75,46,57,18
1,39,5,81,61,19,82,90,86,63
63,89,32,10,16,25,11,40,38,73
32,14,93,17,95,30,23,8,91,81
85,9,38,47,88,94,99,31,73,74
14,39,26,3,28,15,94,14,10,100
67,2,46,8,77,88,81,93,40,8
6,42,58,52,21,93,54,29,76,62
89,20,63,82,27,68,81,40,59,67
89,24,75,34,41,74,4,51,28,3
47,73,84,73,36,43,68,65,44,27
28,76,15,82,55,19,99,64,89,70
42,23,59,87,21,98,54,12,45,13
55,31,85,98,85,62,83,55,3,100
4,100,48,51,61,14,77,67,24,59
35,39,60,58,29,30,72,34,97,14
63,25,96,33,80,18,32,39,15,100
63,90,54,52,98,60,87,89,93,52
32,4,15,61,74,60,69,71,69,48
97,88,66,81,21,21,34,98,91,45
90,57,43,100,49,85,78,35,76,63
21,20,72,14,62,26,96,19,19,26
55,46,49,20,18,30,68,64,99,86
78,3,13,5,77,88,99,78,54,72
51,49,55,45,66,61,62,38,2,14
13,24,23,6,63,83,3,45,7,30
16,67,42,91,80,8,78,21,10,10
57,78,34,19,43,58,57,46,47,30
88,6,73,93,43,33,56,69,16,83
11,70,73,25,46,8,95,6,4,98
2,97,16,39,27,65,97,27,62,38
67,63,87,58,58,66,8,59,58,80
37,27,42,6,50,47,39,73,62,51
43,58,50,27,45,68,45,95,41,52
39,22,46,90,7,89,91,76,60,50
5,46,91,98,21,20,94,62,20,29
37,82,19,44,5,70,72,76,27,67
65,27,100,82,40,56,98,37,39,87
92,9,53,50,40,65,83,40,36,12
7,11,54,12,54,69,60,14,72,94
98,62,31,97,87,77,63,30,49,84
67,83,35,48,76,77,40,100,50,14
74,9,55,94,59,27,75,83,20,53
54,78,74,97,61,72,45,31,46,52
11,68,80,26,91,45,39,11,16,29
25,15,80,49,24,37,41,30,17,51
59,98,70,51,40,84,61,71,62,88
54,40,10,80,95,51,58,29,14,92
97,1,8,57,81,55,52,88,52,48
76,36,81,29,91,7,8,94,20,54
22,18,28,79,100,15,60,99,37,84
100,7,32,78,65,45,38,69,51,65
91,27,51,47,74,90,16,49,89,19
31,72,58,88,48,22,56,28,70,70
90,86,19,65,38,44,91,1,32,34
35,16,7,82,96,45,93,89,81,8
15,62,54,64,89,41,44,42,5,26
94,35,55,70,48,83,90,24,90,4
2,45,22,71,70,28,49,73,59,75
44,24,11,3,9,14,96,60,18,57
33,55,47,50,2,77,54,39,24,83
63,93,3,30,26,7,62,26,21,81
9,50,87,40,69,35,53,81,76,40
8,3,60,56,92,14,60,73,46,45
96,28,86,64,24,6,27,24,76,93
40,53,6,9,27,47,91,35,9,49
69,62,19,24,89,26,90,98,67,17
76,87,9,68,7,26,86,20,37,48
16,16,93,69,40,14,88,8,36,43
84,14,76,14,12,8,57,66,61,82
96,60,72,21,69,6,27,51,52,28
61,94,3,46,8,8,41,17,23,91
84,99,4,61,79,3,18,3,83,21
40,78,5,64,42,43,24,99,34,16
5,24,77,72,78,45,17,82,96,15
89,88,82,24,69,11,9,89,60,68
29,96,37,76,82,68,2,20,17,10
70,16,67,67,49,33,41,59,33,5
9,28,48,23,8,54,66,17,86,19
42,69,13,86,87,63,3,97,6,57
85,12,23,71,8,20,74,35,35,79
65,30,22,30,46,33,65,27,81,2
49,64,42,44,98,19,42,73,85,96
4,50,22,99,63,100,28,44,18,41
90,85,88,39,87,20,3,22,97,93
6,4,80,100,48,92,13,42,30,26
30,47,27,96,7,46,99,22,78,97
16,38,78,33,80,25,31,1,22,30
59,25,41,64,95,41,18,57,41,76
17,77,56,78,17,13,35,3,73,18
46,69,83,98,4,55,75,27,94,26
44,85,33,47,89,16,46,80,11,21
95,26,74,86,67,39,91,15,4,10
12,12,23,80,90,43,78,42,67,17
18,12,57,32,10,41,53,29,37,60
38,74,55,73,46,91,87,13,1,97
55,47,100,45,80,80,81,100,36,77
40,86,100,52,73,51,45,2,81,23
53,67,9,74,3,92,54,97,14,14
81,85,27,87,51,88,22,13,21,58
7,69,97,40,11,97,38,53,47,42
69,19,68,60,12,69,86,60,35,99
4,76,84,27,67,61,75,17,23,48
43,99,44,21,34,80,1,75,23,18
17,3,4,26,46,15,60,21,74,55
19,20,19,61,22,11,75,60,11,15
76,50,15,40,95,35,24,50,46,27
63,84,48,77,44,20,46,97,20,62
88,50,56,92,3,81,43,31,98,76
55,78,64,14,83,3,9,26,52,17
29,64,15,63,80,48,39,31,81,93
8,30,23,11,31,99,72,92,28,12
50,70,16,19,43,64,62,24,78,37
78,40,27,53,5,74,50,42,28,89
50,59,65,54,96,39,46,24,8,29
30,35,4,64,80,89,20,95,17,3
81,34,89,10,78,85,68,88,44,11
45,17,40,89,28,81,13,81,27,15
81,87,13,47,71,11,2,47,48,77
4,18,96,16,69,31,50,50,44,6
52,25,16,61,66,3,97,78,2,42
50,36,53,10,6,17,36,92,58,74
36,44,71,78,97,59,40,60,54,79
62,11,26,46,9,59,75,23,15,7
93,23,31,26,18,75,2,79,91,16
85,86,15,47,35,1,78,21,65,24
75,90,58,74,32,34,3,12,39,18
88,56,45,13,64,52,18,66,69,53
33,47,47,49,48,17,81,90,61,30
18,73,70,92,100,77,43,70,81,94
17,66,66,33,43,4,9,75,92,58
32,27,64,78,86,100,64,47,91,16
87,16,52,13,73,99,76,28,1,10
95,9,38,55,94,65,77,15,52,83
41,90,77,86,35,72,96,94,21,95
5,36,75,71,14,68,44,20,98,40
73,19,62,73,51,29,55,93,98,86
80,21,56,41,20,73,40,19,46,48
89,66,81,27,36,40,71,24,35,61
67,72,74,73,78,11,34,46,24,63
94,43,63,61,39,43,23,76,28,93
59,52,20,54,13,72,55,96,67,82
34,43,14,55,41,75,1,66,16,23
67,75,49,14,38,88,12,60,17,38
58,98,3,28,94,97,1,43,63,37
57,74,38,29,33,50,56,84,99,36
83,32,25,11,49,97,72,42,2,8
100,73,45,78,62,21,87,6,18,63
17,94,1,9,4,4,35,3,49,8
38,10,8,22,45,67,2,24,100,22
35,10,67,32,40,50,58,46,4,65
75,2,80,97,78,94,90,88,51,89
83,90,59,27,35,63,19,40,50,3
78,57,6,6,61,50,14,65,3,4
54,98,26,17,39,66,13,55,91,92
73,80,61,90,20,80,100,35,85,65
77,64,35,84,77,51,14,45,65,68
34,97,97,48,32,59,19,78,38,32
72,47,58,39,54,94,42,60,69,87
85,54,79,30,72,43,63,69,96,67
50,54,5,66,31,90,49,93,1,72
17,35,51,66,65,6,56,56,50,100
74,78,49,13,80,50,95,99,36,67
56,29,91,49,33,93,80,80,10,14
85,7,59,50,27,26,85,25,60,6
35,39,5,79,84,29,51,3,6,52
34,36,9,10,76,56,53,30,25,61
11,40,12,82,55,17,29,76,42,70
85,14,66,74,1,43,79,93,51,85
10,32,16,93,14,9,46,25,13,82
22,18,74,2,67,47,37,1,23,58
98,22,23,28,1,56,85,46,32,65
54,42,18,14,4,42,92,49,85,40
29,99,53,4,1,81,4,61,60,66
67,2,73,3,76,45,90,2,55,66
43,75,33,57,54,56,58,47,9,91
90,4,71,20,92,2,8,54,89,55
24,89,69,16,35,7,85,86,16,83
78,58,1,35,96,10,13,15,12,49
13,81,60,60,56,19,59,25,30,63
36,43,40,53,99,2,37,53,23,84
60,70,75,63,29,20,24,88,80,44
78,74,15,42,67,6,63,94,53,81
23,68,50,67,6,24,49,31,64,47
14,100,41,47,79,11,56,20,84,7
18,55,39,13,69,41,19,70,55,96
47,46,73,25,22,24,49,58,12,33
95,1,10,45,82,60,77,31,33,27
42,16,38,97,12,20,89,26,72,60
16,81,68,37,30,31,93,29,75,78
73,58,32,58,15,61,89,80,80,6
59,52,95,59,81,28,75,83,44,98
60,7,42,19,96,96,26,61,66,20
63,11,91,29,83,9,74,44,18,91
4,7,17,63,28,74,65,49,14,69
91,61,11,37,73,84,95,57,67,86
35,10,68,50,3,32,70,73,74,88
63,50,7,94,51,48,53,25,35,32
26,54,51,80,51,80,64,35,16,8
40,45,7,38,34,23,35,89,64,14
78,19,88,9,36,64,85,90,15,7
17,96,19,35,12,11,46,86,79,60
54,29,94,12,87,64,51,57,86,19
3,81,64,22,87,24,27,29,56,32
94,49,95,29,20,93,40,47,55,54
38,59,79,85,62,69,47,8,33,98
98,25,2,83,71,96,90,57,32,59
28,87,58,17,14,34,59,21,9,53
8,12,83,16,61,93,7,55,10,14
26,36,70,66,31,75,74,41,27,22
15,82,2,47,1,16,17,67,44,41
41,44,74,25,67,25,95,62,75,20
75,18,9,92,56,68,52,22,60,40
35,97,38,70,79,71,18,89,52,37
23,45,98,49,51,95,98,55,22,22
63,52,32,18,74,14,97,97,70,55
68,32,17,99,43,83,82,91,98,90
78,37,2,96,23,86,87,22,72,9
75,68,11,16,62,99,26,38,34,8
96,60,57,81,35,21,50,37,93,30
7,77,87,68,56,61,43,5,10,59
53,99,84,97,89,28,48,70,57,27
100,5,83,97,38,35,70,54,8,98
93,27,69,100,80,6,73,83,25,31
46,86,23,67,62,80,64,44,24,25
68,82,81,86,71,95,58,10,92,82
30,82,2,39,42,40,75,81,5,7
59,89,69,94,98,64,87,60,13,44
69,31,57,35,22,95,89,86,90,5
51,24,76,90,77,3,21,41,53,95
26,54,14,21,51,72,25,63,18,76
50,97,13,3,93,60,87,95,58,9
79,12,39,37,43,30,91,2,86,3
40,41,41,44,90,71,20,24,99,58
5,48,53,35,10,25,77,88,13,90
76,55,89,55,45,28,84,21,52,82
80,42,81,98,67,44,45,7,1,5
9,34,8,24,92,20,18,50,45,1
19,9,43,76,72,21,56,11,56,46
70,5,3,80,14,38,82,17,74,13
19,24,2,83,82,6,47,60,2,63
85,64,63,4,79,66,52,83,28,32
27,27,39,90,17,19,79,66,32,6
87,30,86,58,100,50,60,97,95,12
36,71,76,95,54,27,35,30,22,77
64,100,47,87,10,50,70,72,94,34
39,50,99,32,24,19,14,83,67,93
37,34,18,75,99,69,99,54,97,68
59,21,69,97,56,69,39,3,39,56
9,5,27,93,52,53,55,99,48,25
67,80,66,66,5,77,11,39,86,57
73,27,51,35,56,98,28,78,2,49
60,16,11,86,38,97,65,61,1,44
61,90,27,91,34,9,38,2,56,55
69,73,18,27,14,59,5,37,15,85
78,83,67,6,44,29,59,62,13,27
42,18,43,76,27,11,87,28,40,47
45,46,100,98,89,52,76,93,84,21
32,92,26,6,44,27,18,38,35,20
68,46,17,11,84,7,24,79,28,62
7,73,4,30,93,14,4,57,86,89
87,60,64,36,3,8,28,75,32,93
37,19,61,17,98,61,17,8,55,46
68,72,35,14,85,61,44,61,8,22
5,64,25,61,49,74,50,6,69,77
12,41,91,45,86,96,87,7,37,99
45,46,22,59,58,99,38,74,85,96
77,82,66,1,76,24,82,6,39,31
11,70,78,37,100,67,87,42,3,34
26,56,5,64,27,95,84,32,74,92
75,54,54,4,9,56,24,25,29,61
98,84,32,30,23,18,75,45,25,19
88,56,8,17,8,65,53,3,69,68
99,52,56,99,88,88,30,78,13,78
62,69,36,71,24,8,33,94,43,75
10,10,77,2,35,87,54,82,98,18
99,12,84,80,95,83,74,54,99,99
1,31,14,63,47,94,37,14,6,84
86,52,13,99,15,63,3,23,41,76
82,33,95,19,27,42,56,47,72,46
33,80,86,40,89,35,65,20,6,81
83,63,58,55,93,29,42,14,53,92
71,58,13,88,19,82,98,38,95,21
47,56,62,45,83,61,26,47,50,51
2,60,33,97,58,100,90,4,54,97
7,72,95,55,15,85,77,54,10,86
23,15,32,20,3,14,96,69,9,94
100,4,96,31,1,78,74,59,17,28
34,80,20,19,91,56,56,47,37,84
24,46,89,77,39,55,39,17,72,32
6,32,7,9,32,23,56,65,91,99
73,4,87,7,20,80,73,4,40,22
77,86,26,82,62,69,40,19,3,83
48,89,6,1,16,92,39,76,88,34
34,91,55,41,8,21,50,63,93,7
53,62,46,100,25,100,15,15,45,75
82,78,65,44,10,47,28,2,66,18
80,27,96,100,63,51,48,59,84,24
83,66,50,93,23,36,34,76,50,8
81,87,38,51,88,94,63,60,1,43
94,6,12,71,93,97,75,28,79,50
88,14,59,79,49,56,76,74,73,47
71,96,6,76,58,75,13,53,92,39
6,5,60,5,92,88,14,27,11,97
29,99,54,100,73,73,100,40,32,30
47,56,92,96,52,6,23,72,18,29
42,17,93,19,44,89,1,29,48,99
85,69,71,34,68,54,18,54,48,51
42,36,23,50,29,93,79,6,53,85
65,30,39,5,96,60,39,36,16,3
76,26,10,14,22,16,86,53,4,56
31,94,18,28,31,49,68,82,53,48
81,63,54,55,6,74,91,43,11,54
68,93,74,47,54,85,48,39,2,71
78,86,74,56,87,93,33,4,71,2
32,23,92,61,14,30,7,41,26,85
74,72,29,54,98,76,42,84,7,83
29,48,40,26,1,88,64,86,96,1
49,69,41,32,12,61,32,68,32,39
58,17,9,99,79,7,95,19,79,1
1,10,77,26,77,87,32,84,29,29
17,64,100,51,100,22,91,20,21,16
53,86,81,3,86,12,73,38,9,8
13,31,71,76,41,96,7,34,69,32
7,15,29,23,84,92,2,75,13,57
29,94,100,11,84,78,3,18,78,91
1,15,38,20,4,67,97,63,36,93
49,64,18,68,15,11,39,44,1,81
24,67,42,16,16,92,65,68,86,73
30,4,25,99,72,62,93,73,2,45
41,88,93,54,75,73,1,64,78,58
87,32,9,58,65,8,9,49,87,77
43,61,43,75,97,36,54,86,71,97
71,36,54,51,30,12,1,47,13,45
42,39,42,26,89,38,24,61,74,23
37,64,79,50,100,22,97,53,34,13
70,79,58,74,45,62,78,44,95,79
13,20,49,95,27,21,44,95,85,1
62,81,96,15,54,21,59,63,44,30
45,96,36,15,54,51,11,28,91,45
40,19,2,47,23,100,78,26,83,4
37,98,67,16,29,78,9,59,3,35
51,60,62,70,35,76,82,95,23,12
71,80,93,68,66,41,4,73,96,58
46,70,43,13,50,92,88,81,7,43
30,59,62,10,93,15,99,84,66,16
83,56,49,3,96,54,37,99,79,20
70,97,75,31,79,74,10,79,10,85
90,68,14,78,46,22,39,49,66,72
41,100,41,27,12,9,45,21,16,71
37,3,20,43,74,29,55,50,57,13
2,33,63,57,63,42,72,25,91,62
89,46,79,68,50,90,45,88,21,84
86,29,65,78,30,31,62,67,9,87
30,73,84,1,10,85,52,66,29,95
100,77,30,81,87,60,13,12,25,48
75,37,37,54,13,27,33,35,71,52
20,51,89,39,96,82,97,64,25,72
6,8,64,45,23,94,58,20,95,41
34,16,58,82,62,87,91,21,78,96
91,81,12,35,48,42,35,7,21,4
94,30,30,3,57,25,68,39,82,65
65,72,90,86,88,55,41,43,45,85
15,25,20,2,6,41,61,74,64,32
75,71,58,28,47,42,74,18,43,78
51,45,84,16,43,72,41,31,28,75
64,23,57,21,67,55,83,17,74,15
35,51,81,1,35,55,27,72,85,35
8,43,21,27,52,86,9,74,64,81
36,45,90,89,53,47,40,47,45,82
3,52,10,61,38,79,36,86,8,81
89,83,95,3,90,69,88,56,26,39
82,35,38,95,32,53,96,47,34,66
55,49,76,48,15,34,5,17,91,29
62,8,32,71,14,66,78,55,41,76
28,35,45,1,55,43,5,93,89,83
96,26,81,34,70,93,47,43,35,62
12,4,97,14,38,54,68,73,39,98
16,72,82,78,92,7,72,82,5,59
18,39,87,75,23,13,59,71,24,89
33,1,80,95,25,89,20,93,22,70
1,77,54,74,69,16,65,48,19,82
87,12,69,61,77,83,50,45,87,70
45,98,10,68,74,37,46,36,31,23
59,83,86,9,46,97,11,75,6,78
14,85,96,7,71,90,12,35,24,93
66,52,55,84,20,21,41,38,56,15
77,94,79,53,17,63,37,59,25,24
78,21,19,45,38,74,75,95,23,60
31,52,48,44,25,13,44,56,1,89
27,55,2,17,53,7,16,38,28,61
65,28,83,23,99,82,34,61,16,56
27,7,34,19,66,43,39,95,39,90
10,44,84,91,42,73,53,74,92,25
15,97,63,9,9,25,66,92,13,90
32,48,64,42,11,96,78,80,45,14
5,86,73,53,30,3,59,7,78,40
45,60,86,84,57,54,61,85,3,84
44,39,44,80,68,41,31,39,57,85
96,97,98,32,15,13,42,8,29,96
7,44,10,35,80,2,27,94,53,82
94,61,55,76,54,30,49,12,11,9
67,7,67,90,78,85,13,14,73,30
25,42,19,100,90,70,55,17,70,14
100,62,95,7,59,17,35,94,5,40
62,51,85,46,100,37,10,36,22,55
17,77,4,80,66,32,1,66,34,38
39,63,66,98,62,39,39,2,85,64
41,29,28,61,10,49,39,25,25,51
59,25,1,26,28,52,28,52,44,57
55,44,21,30,56,49,90,45,68,96
86,40,81,84,2,37,97,28,20,25
76,14,80,74,50,10,28,29,51,13
14,52,91,82,94,25,89,5,9,2
76,75,1,49,49,99,21,81,38,28
75,44,6,42,4,36,10,56,45,76
4,10,90,5,64,43,11,7,51,50
79,47,15,21,69,44,80,25,72,65
14,44,54,48,51,25,94,96,43,54
26,4,24,31,83,74,2,21,78,42
80,60,41,7,83,96,35,13,51,44
17,22,32,85,29,26,61,26,36,26
79,69,38,44,18,46,25,59,38,55
62,75,8,77,15,81,14,87,63,28
21,22,77,64,44,83,47,31,21,83
97,70,68,5,47,45,77,47,30,80
57,55,70,39,90,72,80,35,5,57
25,48,30,45,71,5,12,71,56,55
69,94,75,62,47,49,24,58,65,12
96,50,48,19,35,39,30,59,8,18
36,29,15,72,28,4,9,9,32,29
60,67,82,49,44,90,42,16,5,32
56,17,82,19,33,7,65,69,25,49
45,90,55,28,83,23,84,6,72,17
11,4,79,67,6,66,12,36,62,96
85,69,46,27,86,82,80,68,79,85
84,27,15,98,59,2,27,67,74,21
21,100,24,41,89,95,74,88,70,50
69,92,15,54,53,15,44,42,63,29
89,20,86,52,19,36,24,13,82,81
28,87,68,42,78,47,12,9,4,37
75,89,16,83,36,99,25,45,86,53
50,3,96,37,81,26,14,27,88,29
84,58,1,34,80,16,75,33,33,83
48,71,68,23,66,32,64,86,87,57
77,38,49,15,31,96,55,74,75,16
44,62,11,78,75,94,19,73,55,42
97,1,95,83,33,37,52,45,48,71
73,81,77,46,86,54,10,28,63,8
70,48,36,17,77,45,100,35,81,5
52,94,25,1,30,7,89,32,90,26
96,11,74,98,16,2,65,3,8,78
71,18,36,62,41,29,15,4,39,61
45,93,63,88,62,96,73,48,42,63
97,23,34,77,63,69,58,74,50,55
53,67,4,54,45,89,76,88,27,96
89,13,5,72,52,75,58,7,35,64
83,96,32,49,37,27,1,73,62,78
57,84,29,94,19,93,39,3,12,78
67,47,85,26,58,40,7,70,99,79
49,9,98,18,20,33,95,91,39,42
94,14,99,4,19,68,92,86,57,87
66,46,97,51,90,32,74,30,38,53
83,30,28,98,1,4,79,13,77,1
73,75,69,33,6,66,35,45,32,86
22,71,43,36,76,82,22,58,23,65
78,18,43,5,53,69,7,83,95,32
31,85,82,65,90,18,79,8,59,61
86,44,4,57,76,37,59,49,56,60
46,77,21,31,25,37,44,17,10,1
27,82,40,28,12,96,17,70,52,46
12,43,25,9,22,46,8,63,87,55
92,11,70,74,17,4,54,89,66,30
82,6,77,27,84,29,55,8,73,4
27,96,93,78,78,29,72,73,29,49
48,40,87,75,15,8,50,96,38,59
4,80,85,38,82,90,69,71,20,15
68,62,8,24,47,72,25,43,8,97
19,79,48,45,83,60,86,68,29,64
67,57,93,47,17,81,38,81,8,76
7,28,38,35,58,57,91,8,32,59
61,50,39,21,92,26,49,7,41,82
60,31,62,85,4,36,90,34,20,73
19,32,58,49,36,56,52,96,12,3
42,8,45,44,75,43,43,69,78,1
19,44,76,57,80,40,91,6,9,74
80,26,24,3,28,25,53,71,76,18
90,51,16,20,1,61,68,30,77,37
99,24,53,22,39,66,36,34,91,59
11,24,8,18,76,93,84,15,42,58
95,51,61,85,1,23,23,71,55,49
27,97,92,7,59,87,41,42,33,26
35,63,79,82,4,18,16,66,77,1
15,15,6,40,100,72,24,32,24,86
41,54,68,96,78,4,49,20,2,6
10,7,58,47,67,8,88,54,7,73
97,94,20,14,72,81,12,3,96,7
36,46,64,2,98,98,38,97,64,46
26,22,1,69,39,29,23,30,33,66
21,56,80,62,86,57,25,44,22,34
75,33,48,22,94,60,73,53,12,99
54,64,88,29,67,90,18,11,68,58
10,70,89,83,97,68,57,57,63,43
58,78,27,14,72,36,56,96,51,44
90,40,26,14,89,10,18,100,54,78
47,68,58,61,89,38,91,98,5,84
77,88,79,63,90,39,22,47,55,72
35,67,85,98,78,69,93,86,23,74
34,14,32,30,33,45,1,39,84,7
15,100,87,35,58,34,58,79,19,75
62,63,14,13,74,44,53,89,81,26
71,82,27,92,55,31,59,69,33,76
1,36,2,30,27,7,36,76,6,100
63,13,98,55,22,65,19,24,99,19
82,31,71,9,40,96,94,26,72,58
33,10,52,66,84,90,7,100,75,14
33,40,98,48,82,13,73,86,66,22
56,9,55,55,69,52,28,37,1,54
29,99,14,11,95,62,73,7,17,6
64,65,29,98,42,92,98,9,81,15
49,25,48,87,89,2,37,30,33,26
15,48,85,57,81,40,40,2,91,84
10,22,39,17,21,71,38,53,26,70
97,89,83,92,15,28,43,15,69,35
56,15,34,34,37,11,13,70,25,91
73,9,65,93,93,72,34,65,10,86
52,23,12,2,85,95,28,13,15,55
1,99,5,73,10,89,91,32,25,75
13,21,21,91,35,30,71,80,63,19
46,20,10,11,28,10,62,63,29,38
4,73,73,49,6,30,16,93,65,27
48,21,6,91,67,45,27,98,61,10
79,31,44,26,62,99,86,84,25,31
56,93,16,87,59,34,32,78,84,51
38,40,14,23,12,10,32,39,30,11
65,79,79,94,49,82,69,72,67,60
52,54,28,91,65,32,8,52,38,61
25,65,34,53,63,67,91,48,52,67
77,8,80,43,91,7,85,23,73,34
56,23,24,31,81,21,30,1,20,64
37,39,10,72,68,87,45,90,4,30
83,58,24,77,11,7,98,96,71,58
8,32,33,28,93,30,19,75,32,100
87,91,46,81,42,59,93,33,2,43
13,89,86,26,42,78,90,91,4,14
40,94,31,6,74,82,67,59,1,72
97,81,17,51,55,45,74,37,6,54
29,57,55,19,59,16,13,25,23,15
30,49,1,24,5,87,16,14,68,24
43,12,32,25,82,27,53,49,38,25
91,40,73,1,48,81,89,79,98,7
87,51,67,29,89,39,12,65,94,84
16,12,77,35,38,69,53,16,27,3
49,58,30,80,77,42,57,52,22,56
51,4,13,70,23,5,90,28,96,48
11,82,16,30,84,11,45,20,65,67
38,64,37,31,87,27,88,83,57,45
61,2,50,15,50,92,73,6,82,23
35,11,82,14,6,73,8,66,41,85
91,3,39,19,11,90,43,31,79,80
10,64,29,80,1,57,100,51,55,52
38,28,53,17,74,25,34,18,99,4
23,6,88,87,83,89,59,63,96,97
60,9,23,30,53,79,47,56,99,36
55,85,71,35,91,9,25,22,38,92
91,34,92,44,32,16,86,48,86,16
69,17,41,99,37,79,33,38,4,33
30,35,81,18,90,86,8,40,60,14
2,84,38,56,30,27,22,60,28,60
62,56,2,26,75,75,52,78,62,93
10,60,42,60,83,69,31,91,35,83
5,46,6,26,39,95,56,14,3,8
31,1,10,79,13,31,8,42,96,93
20,13,99,55,53,96,21,41,72,41
72,80,44,4,84,85,9,94,90,87
72,84,35,82,48,25,42,88,15,86
61,28,34,91,97,94,67,28,29,29
69,96,59,24,41,14,82,32,81,30
42,86,30,71,48,50,73,37,48,34
80,86,32,69,84,58,49,11,6,9
52,44,65,93,17,88,54,52,47,94
72,67,13,89,78,42,64,88,39,94
34,55,8,100,18,71,73,44,65,90
32,19,49,92,69,37,46,100,56,21
12,74,27,4,80,45,3,35,55,48
8,58,48,95,19,84,64,54,79,25
35,95,86,74,44,23,63,39,81,48
48,55,1,40,35,29,64,44,38,22
41,16,32,19,73,87,90,21,91,73
88,75,60,40,71,28,23,15,4,93
76,81,51,57,7,79,47,90,90,44
86,18,79,29,71,98,82,29,98,44
76,66,76,22,48,26,64,7,87,52
85,39,54,65,72,19,31,37,21,29
39,20,24,88,39,38,99,46,45,79
28,46,94,78,98,69,93,10,52,17
54,20,1,49,45,93,29,52,27,99
14,84,6,40,51,5,83,7,69,34
1,44,19,35,8,10,85,51,24,8
42,38,80,9,47,98,4,42,50,96
36,35,87,31,75,34,11,52,94,3
59,84,65,29,74,89,53,66,36,77
43,29,65,86,96,36,56,94,58,31
70,52,26,62,45,40,8,53,94,94
68,9,11,39,10,76,60,9,67,99
92,79,98,87,75,34,23,80,2,96
80,63,26,44,5,39,60,47,37,19
83,7,74,28,28,28,25,24,56,32
88,59,44,69,29,65,54,62,13,86
7,45,72,48,95,72,55,4,23,75
54,52,95,12,66,97,64,56,84,47
8,3,36,3,6,72,21,70,2,71
52,38,57,23,68,11,20,29,35,36
39,3,8,45,91,92,70,55,74,15
18,71,23,62,93,81,6,8,26,61
20,9,63,69,46,10,67,98,77,16
45,27,59,14,95,63,56,96,86,68
52,66,10,46,28,68,71,16,25,11
32,82,86,53,31,78,28,41,21,93
87,76,60,75,28,79,31,50,61,47
96,46,46,75,11,64,68,13,3,6
85,6,35,60,7,83,34,59,46,98
94,57,100,9,49,3,52,4,100,7
99,2,87,60,18,62,26,99,95,71
40,92,13,62,98,31,62,23,40,46
75,28,47,7,82,2,73,7,63,87
78,7,38,97,66,93,56,49,65,17
56,14,56,36,83,52,59,16,70,87
35,20,58,11,87,75,30,22,97,54
42,8,11,36,96,75,83,21,26,23
53,75,6,73,95,97,36,17,61,61
40,43,23,27,78,73,80,44,61,42
15,97,12,16,50,57,17,41,88,7
99,90,93,21,38,84,35,57,58,38
89,80,76,5,97,15,21,18,29,1
52,83,34,88,41,22,12,16,57,6
11,16,44,31,54,21,79,29,59,93
88,59,28,97,40,70,28,44,5,35
68,1,81,27,95,63,56,65,62,32
6,1,94,44,37,67,36,75,29,32
8,54,56,33,23,39,81,94,57,45
63,45,81,60,28,49,91,15,26,12
45,48,6,62,92,67,78,88,34,31
68,75,98,73,4,58,84,30,67,80
26,92,12,39,5,81,9,61,22,44
70,21,37,79,7,34,18,100,20,39
70,1,85,67,35,94,78,19,52,59
5,47,57,86,98,67,91,19,66,68
57,94,38,39,1,22,14,79,54,21
9,64,67,55,22,13,9,67,80,65
26,92,75,10,82,87,77,94,16,25
84,70,62,49,74,87,8,38,12,11
78,92,78,48,62,51,91,18,27,95
60,37,44,41,28,12,69,90,18,85
53,74,12,72,35,54,20,42,53,1
18,55,15,83,4,77,20,62,27,22
52,93,43,77,64,82,26,26,93,49
80,69,1,41,19,67,26,35,3,50
68,9,98,31,21,35,57,32,35,13
95,16,69,74,42,98,78,89,42,82
60,81,11,78,88,53,72,4,42,30
98,93,47,96,7,3,72,50,22,29
97,66,37,62,68,65,56,54,98,2
46,94,85,73,31,68,71,82,59,50
96,71,50,53,37,7,79,8,14,84
15,80,7,91,5,50,35,50,95,81
24,20,93,35,45,67,25,59,18,13
28,16,75,14,100,28,32,37,74,74
76,81,100,54,91,50,12,74,87,68
11,52,1,75,24,86,93,85,10,19
65,2,4,77,90,4,86,62,43,68
31,80,63,6,98,77,76,40,96,38
77,48,15,32,29,83,16,16,83,50
80,69,86,42,90,89,1,1,49,42
62,11,39,72,95,51,70,93,34,31
19,17,100,3,6,16,16,63,65,71
46,65,75,52,65,75,13,98,6,94
78,68,91,31,10,64,23,20,52,80
33,11,20,83,7,29,74,13,28,22
98,72,52,35,54,91,28,55,94,33
100,82,25,35,19,66,13,42,2,1
56,15,61,88,9,79,51,60,64,47
45,88,72,39,22,11,24,65,21,64
78,2,53,49,30,35,5,3,31,50
88,82,27,7,41,39,10,71,44,69
80,75,60,19,33,38,61,48,80,16
6,84,78,35,2,8,45,25,85,42
11,1,84,93,39,92,79,20,19,37
62,65,50,94,47,65,30,38,65,18
59,53,79,61,72,6,49,36,38,85
4,45,16,3,74,28,45,79,96,72
44,47,60,84,44,89,14,83,41,2
75,22,52,70,27,93,96,52,25,29
46,37,22,93,84,6,70,39,53,39
32,95,9,79,67,66,45,73,60,99
69,72,48,39,19,1,43,90,41,33
84,75,41,88,33,52,88,58,81,35
88,98,49,12,78,21,54,2,90,24
90,59,41,94,74,91,75,79,73,88
59,70,37,57,27,52,71,27,3,36
100,26,26,95,86,27,35,59,3,1
64,67,34,95,53,24,75,93,2,47
83,76,36,73,31,18,9,8,98,17
1,12,44,56,9,5,7,95,75,40
12,83,1,56,84,79,97,82,17,83
54,1,44,22,53,100,46,80,92,80
29,92,93,18,36,89,91,36,32,55
45,79,12,42,4,58,40,59,14,47
22,62,28,53,4,66,99,55,74,69
16,31,4,30,68,70,34,83,11,53
83,24,90,56,48,46,97,59,81,63
26,76,67,61,7,22,90,79,89,53
74,87,39,23,89,85,77,64,4,80
41,37,92,43,74,76,59,23,41,94
89,22,89,37,35,70,25,17,23,89
99,7,85,78,71,57,64,99,44,81
48,21,77,4,36,22,65,72,85,42
8,8,63,63,45,81,26,1,57,81
31,6,60,16,72,90,30,57,56,58
68,32,90,19,60,60,84,1,5,86
98,38,38,48,64,68,54,97,84,41
37,74,9,88,55,75,78,28,8,76
66,16,26,28,73,80,45,22,13,11
8,58,74,29,92,82,26,85,81,39
21,20,92,14,9,27,19,10,6,86
16,69,62,60,78,35,85,4,15,99
24,51,21,19,95,26,48,51,89,56
75,24,20,52,77,21,79,77,45,23
49,62,41,10,49,11,46,55,20,88
43,81,20,25,99,84,98,69,85,39
51,27,60,72,22,20,100,92,71,65
37,87,83,20,55,79,10,17,68,78
28,81,18,32,97,99,93,32,68,73
50,83,18,91,43,28,30,30,64,49
57,38,48,72,26,24,72,47,66,39
43,4,81,77,9,95,11,7,24,31
88,21,80,63,12,58,25,88,7,48
34,94,50,33,16,55,15,61,45,97
16,8,28,18,48,42,49,25,74,66
66,65,80,84,10,55,62,7,32,58
36,71,90,93,90,13,85,31,37,91
63,30,10,12,89,24,22,44,23,53
73,66,54,57,90,96,82,57,47,43
88,29,88,67,35,42,71,96,57,23
5,85,79,8,41,11,22,56,99,5
38,82,81,80,84,35,21,59,16,5
99,14,83,32,35,52,76,47,35,64
74,21,24,36,99,50,63,76,61,75
23,59,81,49,49,13,12,57,71,15
16,30,83,85,99,54,76,2,99,67
53,85,9,98,34,28,98,89,53,90
37,51,27,25,88,33,48,15,54,86
97,97,90,45,65,2,6,79,16,87
69,82,92,65,57,25,68,42,42,2
1,66,97,91,48,18,3,51,78,59
31,42,99,12,75,61,90,13,5,9
78,29,91,47,2,64,30,51,57,79
57,64,71,33,55,53,96,90,92,86
93,7,69,31,82,13,17,57,29,88
6,64,66,76,78,6,74,71,40,83
81,67,19,85,85,70,45,84,42,100
55,68,32,100,65,85,29,59,26,42
27,41,74,86,27,6,24,37,38,31
33,33,64,34,67,16,8,2,84,23
49,24,50,21,90,82,2,48,93,99
98,40,17,19,13,44,65,55,9,84
35,48,86,78,37,46,26,2,18,76
30,4,71,30,52,5,89,58,41,18
89,5,94,7,5,19,73,42,6,45
78,82,91,67,9,69,16,55,69,15
43,28,56,16,59,84,45,93,91,38
54,56,98,38,85,64,35,83,21,17
78,48,7,58,7,40,24,48,95,78
30,2,76,78,7,3,75,3,72,42
51,39,66,80,71,1,52,93,19,33
37,83,63,94,46,3,37,4,95,14
32,1,88,34,54,18,49,95,65,61
19,61,63,94,80,26,9,64,34,35
8,85,21,19,58,100,14,54,72,20
86,24,89,25,40,18,100,78,64,40
64,61,98,63,17,77,49,52,39,16
13,88,62,14,32,65,69,90,74,14
35,35,63,2,86,9,48,55,65,68
23,12,66,97,30,81,11,13,55,98
59,98,73,73,80,58,4,64,23,63
89,13,39,79,50,75,69,91,41,20
99,38,2,70,87,31,14,72,79,22
93,34,35,89,99,65,3,66,98,75
97,94,74,58,99,28,60,18,21,12
66,71,92,42,89,39,15,41,95,100
39,32,3,91,93,38,75,72,27,23
4,66,2,98,30,49,89,32,55,68
43,50,49,29,63,21,12,9,87,100
19,75,10,47,87,95,87,18,51,51
28,80,21,16,80,62,50,74,50,16
5,99,22,45,72,85,88,37,34,64
57,49,14,95,86,97,62,46,25,87
41,64,56,8,27,85,77,97,90,22
1,82,30,50,37,12,49,28,83,24
72,44,78,46,86,42,5,66,52,100
79,22,92,97,44,66,68,74,32,55
87,40,47,2,4,59,62,13,71,14
85,72,5,58,7,38,91,98,95,31
100,61,79,85,48,85,74,67,4,1
57,65,98,97,33,3,55,11,9,2
87,99,43,67,28,21,52,56,56,49
60,84,33,82,90,71,13,36,87,66
90,77,58,90,82,76,25,77,64,96
70,63,49,91,55,54,100,34,18,52
5,6,38,30,48,3,56,26,98,70
9,78,78,63,83,63,21,75,82,38
78,73,70,50,2,34,98,29,88,55
31,14,32,50,51,72,76,63,75,68
47,13,59,56,41,42,82,37,67,11
65,50,55,93,13,47,95,91,39,16
73,55,87,14,76,58,39,73,5,19
7,68,62,15,85,91,54,68,69,71
53,80,46,94,65,88,88,36,57,78
66,62,41,74,80,84,16,61,26,84
89,87,3,99,44,33,15,5,71,4
12,32,56,12,65,11,96,55,73,92
33,70,86,84,65,49,30,34,83,40
23,52,86,53,50,8,85,22,55,44
31,40,36,66,98,13,57,19,65,35
66,33,69,85,99,50,4,54,76,63
80,91,40,15,41,6,52,73,67,75
1,48,26,29,63,14,70,65,94,11
53,51,54,53,59,71,4,83,21,19
28,4,33,38,34,34,14,78,19,65
71,57,77,96,19,15,62,38,19,36
46,7,86,91,20,84,15,49,69,26
5,58,85,84,20,16,81,20,81,44
42,33,79,55,50,69,83,81,27,5
69,60,32,96,41,94,33,65,81,50
62,2,62,22,4,73,70,59,46,90
61,30,95,100,57,69,54,65,74,61
55,58,19,1,29,84,75,95,69,4
61,7,72,34,56,19,69,66,2,79
35,21,2,12,82,83,14,81,97,35
88,70,73,11,41,40,63,13,51,9
4,18,16,93,88,19,98,85,42,50
60,6,10,14,37,93,49,26,60,80
13,58,19,67,85,89,81,39,58,100
33,28,54,43,10,73,57,74,85,33
9,53,27,36,18,32,81,3,72,28
24,5,91,44,86,39,45,25,39,44
20,67,36,13,85,46,62,40,25,62
62,73,10,73,12,14,48,12,50,49
22,52,58,56,21,16,93,54,11,8
52,18,88,23,79,8,99,61,16,97
58,48,53,100,49,33,95,85,25,50
20,47,27,30,16,3,30,31,44,16
15,93,91,38,19,78,5,23,57,48
100,95,100,80,23,85,47,5,87,39
21,89,3,21,97,6,44,18,67,60
43,31,31,8,23,74,37,16,96,38
31,90,57,67,67,50,77,40,60,19
63,55,47,63,26,1,98,53,100,11
16,97,62,62,5,65,99,38,93,18
26,33,85,26,30,64,68,38,55,29
36,55,86,99,2,64,48,99,41,8
98,11,64,65,3,5,39,47,81,49
73,36,37,31,93,15,91,71,70,48
82,43,71,14,91,18,72,45,87,74
47,10,90,41,3,25,94,43,67,12
26,71,51,35,71,68,69,57,17,43
90,57,20,89,80,94,31,73,94,30
2,5,29,43,63,97,14,63,19,53
44,97,11,24,27,43,47,10,44,54
76,96,56,73,63,3,9,6,38,16
83,48,47,67,73,12,53,76,74,81
68,19,6,11,63,72,83,1,42,14
70,13,62,83,30,36,62,68,53,31
52,96,64,30,2,4,58,33,78,30
62,76,60,9,18,6,11,2,40,66
16,69,27,39,56,19,57,91,21,94
11,27,62,27,34,4,21,91,64,32
63,99,29,38,84,9,43,1,84,88
74,65,69,86,77,86,52,4,47,99
97,52,4,19,54,79,19,81,56,48
47,98,32,1,6,15,90,6,70,13
17,39,26,62,77,49,16,12,84,49
12,45,87,88,5,88,27,2,84,86
3,68,72,92,6,64,100,19,74,52
76,21,51,51,65,48,31,24,100,4
55,4,38,15,87,82,50,39,2,100
81,76,55,49,64,43,70,55,48,86
82,97,88,8,3,61,76,29,69,28
14,60,15,65,57,70,34,73,2,39
45,37,53,72,46,44,13,20,80,98
13,95,41,74,44,98,16,39,16,85
85,30,57,31,36,94,74,99,57,41
42,81,33,79,35,83,93,93,88,11
14,99,79,62,40,60,86,68,72,25
7,72,18,82,78,66,100,32,63,67
22,72,21,47,87,47,40,97,39,55
98,49,91,8,88,62,97,36,19,60
54,11,36,50,59,14,5,9,10,65
27,100,43,20,51,20,23,15,96,18
65,36,27,25,91,40,51,83,17,47
66,53,54,46,15,63,98,55,9,91
4,74,49,61,5,6,97,39,90,66
36,20,25,86,90,65,62,91,35,39
66,8,95,20,32,16,70,80,8,27
19,85,91,83,10,10,6,5,60,77
43,91,60,4,72,50,75,7,70,85
67,27,64,35,18,71,87,47,19,59
39,88,49,77,27,79,85,50,97,12
19,80,61,92,81,87,86,21,15,10
82,69,35,9,60,53,44,1,38,3
97,5,6,19,23,73,6,75,37,1
55,13,23,36,31,12,72,79,63,97
16,31,86,33,90,57,73,13,71,17
42,9,86,17,64,23,9,31,63,26
31,80,47,23,100,7,42,43,94,99
67,5,36,99,25,37,49,22,37,55
27,33,91,88,29,86,59,17,57,43
51,62,8,78,41,27,94,67,86,26
26,25,53,84,58,9,88,58,4,53
92,60,44,89,88,94,13,34,65,33
42,70,54,94,58,61,99,6,48,94
75,38,65,33,51,91,63,72,63,26
45,46,59,40,41,69,39,1,86,26
61,24,37,73,36,92,86,93,21,39
98,73,15,10,61,73,58,15,47,25
27,42,27,95,66,9,32,9,24,7
93,21,8,85,35,35,39,79,57,41
30,24,66,88,49,24,44,29,8,64
38,85,58,41,82,25,25,12,72,49
47,5,4,20,28,97,82,41,42,68
91,35,77,44,7,55,77,53,53,40
18,52,28,83,34,99,68,12,64,24
93,97,63,57,90,94,22,19,5,4
1,92,54,98,27,97,67,83,40,85
98,7,65,82,25,1,33,12,67,15
6,20,1,26,29,72,84,40,69,62
70,88,7,7,62,2,73,70,56,2
49,73,63,5,45,28,41,8,89,75
17,68,62,21,56,35,94,36,51,74
33,95,22,3,78,74,1,93,39,76
61,35,52,60,53,66,56,33,32,70
77,8,98,15,88,8,12,49,26,40
78,19,42,16,24,1,36,62,41,70
38,28,70,23,67,22,84,87,76,9
61,42,48,33,42,88,90,43,22,59
23,31,25,87,56,51,65,96,10,75
34,28,61,90,75,5,27,41,86,81
39,96,66,88,33,82,100,61,25,74
72,34,12,62,58,21,56,18,63,92
1,15,37,83,25,50,49,37,65,16
21,9,91,43,52,8,48,31,28,49
85,73,62,80,93,77,41,93,70,1
29,12,89,71,12,30,4,60,8,26
4,81,5,56,77,23,9,33,28,67
38,62,30,21,69,69,99,67,54,92
31,79,2,26,25,79,55,95,100,46
7,29,11,29,76,89,52,32,81,13
62,37,46,90,28,56,33,6,16,18
100,13,41,47,44,41,27,69,47,31
91,83,25,85,57,23,75,54,50,71
24,58,51,45,17,94,26,58,37,52
98,67,29,85,43,42,5,77,45,82
25,95,83,70,32,97,81,16,56,58
5,12,55,94,80,32,73,11,86,40
1,1,21,26,57,34,24,29,13,36
72,59,73,62,64,81,9,5,2,59
23,55,20,79,68,82,37,57,92,25
18,61,2,41,60,35,68,14,32,55
50,95,13,95,97,7,66,95,82,77
52,30,92,97,59,60,41,10,63,45
55,32,40,15,45,82,83,80,49,57
62,66,49,18,83,11,29,35,10,14
12,20,93,5,57,69,47,45,62,21
16,93,84,61,46,66,55,47,62,6
70,45,4,92,31,79,98,9,79,92
18,33,82,11,37,93,16,66,84,80
20,30,25,100,36,26,99,22,92,80
93,29,79,81,63,15,28,58,24,7
58,14,6,54,61,89,27,2,75,33
67,40,18,40,90,46,48,20,5,46
36,58,57,78,4,58,26,66,30,8
82,93,55,47,20,66,83,56,90,62
70,49,2,71,4,75,55,54,39,22
75,30,53,97,42,93,29,22,44,49
3,74,95,55,16,28,40,20,48,78
98,86,59,84,74,36,23,51,21,9
27,47,96,66,30,17,55,93,47,83
12,27,23,62,88,75,34,65,26,12
99,28,84,73,91,93,61,71,17,47
84,30,10,4,5,99,88,33,96,97
68,47,67,67,95,70,25,83,2,20
54,51,98,73,12,64,97,14,22,14
31,38,59,16,25,73,2,16,62,86
7,52,48,85,38,2,98,47,86,55
16,45,1,69,52,61,59,37,23,97
27,98,87,40,34,14,55,66,97,42
62,55,61,41,12,96,23,47,94,39
43,80,87,5,45,21,68,25,64,89
37,15,57,87,4,11,41,7,69,67
35,76,41,39,28,85,37,27,26,60
24,43,9,47,60,67,15,11,45,85
18,44,31,19,19,66,40,49,88,55
69,5,91,23,53,23,39,21,96,92
28,79,69,91,91,43,62,31,90,88
36,27,8,60,11,80,18,81,52,100
26,72,76,27,70,30,50,96,73,63
59,56,84,75,9,58,40,25,78,91
88,7,19,62,16,34,22,29,30,45
78,93,76,56,26,85,56,21,34,97
29,47,81,63,17,14,51,75,6,40
25,97,86,81,87,54,63,93,1,52
97,85,4,62,41,7,44,88,14,55
49,11,81,39,2,27,86,35,42,76
58,23,68,79,90,56,17,17,45,47
64,100,39,14,63,82,83,59,47,66
32,27,63,14,94,20,11,68,87,82
43,68,66,45,98,32,14,87,70,77
27,49,100,74,57,24,88,13,80,74
57,36,6,77,6,12,69,35,22,34
46,99,36,18,60,100,27,99,59,59
18,7,2,2,77,29,13,65,57,20
10,65,73,22,100,51,53,43,82,65
97,71,65,93,27,16,61,5,49,86
98,67,44,10,29,67,51,87,97,90
88,25,41,44,59,53,57,42,98,67
44,48,68,32,19,20,25,49,21,16
85,10,62,56,60,63,62,11,61,86
38,23,38,78,50,80,30,58,85,5
69,11,90,53,49,62,99,91,61,74
59,91,38,99,98,90,6,91,93,14
18,76,12,71,41,17,40,17,70,100
23,98,25,33,13,81,47,11,62,29
40,52,68,85,79,76,33,81,9,61
15,83,73,11,42,74,58,95,48,14
35,56,68,61,57,97,50,60,59,61
10,10,64,10,51,9,89,88,26,97
33,96,13,40,13,12,66,97,19,82
26,27,8,45,44,34,68,66,67,26
33,29,9,67,50,30,55,84,83,48
38,47,2,28,4,45,55,28,75,60
9,58,7,93,93,34,59,82,97,39
73,32,53,21,80,83,87,6,9,3
27,28,63,78,86,90,40,43,63,12
97,77,61,28,83,80,28,34,84,84
65,62,45,62,97,42,4,40,58,20
86,76,47,11,68,63,38,3,1,74
2,33,22,55,19,66,23,10,6,48
67,81,78,59,83,23,58,6,34,65
64,91,6,38,86,7,82,99,98,42
11,55,43,89,76,24,52,85,90,50
95,50,78,73,25,82,22,83,78,7
2,12,63,30,9,1,96,33,23,49
24,94,14,32,76,23,9,74,30,84
14,95,1,11,88,79,57,47,58,40
40,95,80,38,26,90,74,98,20,4
93,95,95,10,83,25,82,61,88,58
100,15,76,69,41,61,91,10,49,35
11,51,99,38,75,10,58,49,35,79
13,86,24,14,25,89,22,16,66,78
95,89,100,19,77,98,46,90,56,78
5,24,62,83,93,64,11,94,41,44
85,58,14,77,78,92,60,84,45,66
98,4,40,19,53,65,44,63,19,20
11,73,80,84,4,44,65,5,36,79
51,79,59,54,63,36,99,78,32,1
69,69,54,30,30,59,68,20,95,58
96,85,53,74,87,42,76,53,64,46
75,49,25,68,39,63,68,12,37,42
68,57,79,56,51,19,58,83,64,99
98,73,42,87,40,53,52,4,50,72
2,89,71,66,22,70,36,6,70,79
38,47,61,89,32,62,30,69,73,20
45,61,40,32,4,33,87,35,13,16
19,75,65,66,68,41,6,64,59,1
69,79,69,20,57,65,58,94,46,69
47,69,37,59,36,24,24,95,64,34
30,14,4,100,18,75,15,93,95,68
35,89,49,52,85,38,100,50,16,70
84,81,37,20,24,80,38,21,63,4
100,19,61,33,58,31,93,97,41,13
68,97,94,20,80,51,47,44,18,50
74,30,66,1,49,84,88,7,45,80
50,78,50,7,59,67,87,90,24,34
7,18,83,95,44,93,91,60,72,10
88,90,74,51,73,27,78,59,82,4
67,66,55,88,35,18,31,21,35,90
92,87,60,16,5,65,98,42,6,93
86,13,32,30,58,48,92,31,30,34
91,48,76,22,24,67,34,83,38,77
79,55,19,21,33,8,18,2,37,41
49,63,83,33,51,47,69,57,65,57
56,14,43,48,51,1,81,17,25,18
93,3,23,85,36,43,21,87,85,39
48,82,46,67,51,14,58,56,11,79
26,10,15,36,91,11,58,23,13,78
98,61,56,98,68,73,29,80,61,63
87,22,66,83,85,25,6,27,59,43
46,87,49,94,13,24,55,90,65,74
19,38,49,97,60,67,71,10,59,94
43,87,74,58,49,99,78,45,20,47
87,80,82,47,19,58,100,33,43,93
49,7,82,67,94,83,90,22,9,94
7,100,39,46,51,50,56,29,14,39
35,65,76,54,32,49,56,19,86,1
16,87,58,26,2,69,43,22,55,71
4,74,73,54,49,79,65,13,25,72
1,85,69,36,14,10,55,35,100,10
51,34,13,18,78,15,17,51,87,69
35,75,1,25,31,51,66,94,45,59
4,12,26,52,28,55,55,25,82,12
70,93,64,99,55,75,82,25,99,12
24,42,30,12,68,66,49,7,68,9
16,80,10,36,11,58,25,45,65,67
8,41,69,93,29,51,11,19,14,4
39,58,91,97,88,73,84,74,36,35
93,74,3,61,39,78,67,63,95,71
72,28,19,76,13,38,75,85,78,63
84,16,10,80,36,13,88,23,47,87
94,70,91,37,40,6,43,16,77,96
56,63,93,15,91,12,55,40,28,72
26,53,46,9,54,18,22,40,98,60
68,44,77,81,22,29,45,20,22,83
82,18,16,27,90,78,74,50,44,7
82,9,20,44,57,27,96,73,19,92
30,93,48,1,19,36,86,95,24,72
50,98,72,89,21,71,31,63,73,60
46,53,6,70,12,18,83,70,51,19
4,70,75,75,99,14,58,100,62,95
41,83,52,30,39,26,34,53,21,94
40,25,60,71,82,25,93,31,39,100
2,83,75,24,67,1,92,26,95,70
33,48,22,3,62,47,51,18,27,86
12,21,68,38,90,99,74,40,37,92
52,8,46,100,63,47,45,35,72,14
74,88,14,23,100,13,56,99,71,96
64,56,99,72,16,100,95,41,77,96
50,48,27,73,98,69,22,36,94,70
21,39,30,14,89,36,58,11,93,23
55,23,31,18,4,22,61,37,57,72
10,55,99,100,64,23,1,55,46,4
95,91,46,66,59,64,48,63,54,81
77,32,16,67,26,55,81,79,80,2
17,95,6,41,54,59,14,1,31,34
35,15,42,39,80,91,57,46,50,48
28,16,30,43,82,77,78,16,4,62
62,71,99,52,6,33,24,75,55,9
15,75,4,25,44,28,62,73,32,46
96,57,99,11,56,10,72,78,85,88
5,88,98,17,23,10,26,66,5,23
57,97,28,82,56,38,9,33,41,49
98,41,54,91,35,74,70,57,64,67
90,26,55,8,100,31,56,60,46,64
3,38,96,3,75,10,85,60,36,85
97,32,27,47,23,67,38,98,11,12
52,82,11,79,58,11,74,84,67,84
70,70,80,64,3,5,83,95,56,9
74,68,11,67,43,85,41,75,14,85
80,72,78,26,73,72,73,11,28,100
33,47,91,35,59,1,38,42,44,84
97,4,14,84,23,20,30,30,85,100
100,72,10,99,95,35,58,44,24,67
76,98,58,1,59,22,64,55,33,65
15,16,8,3,37,2,96,89,68,83
90,83,85,3,56,25,42,76,67,27
49,62,86,75,24,84,88,10,10,85
1,76,2,49,62,61,26,48,4,37
62,34,55,34,18,83,62,9,65,38
11,49,21,64,54,30,2,63,14,21
31,54,98,39,18,7,78,94,6,75
90,65,79,47,66,2,75,20,27,33
30,65,44,29,23,62,43,25,36,17
95,41,57,56,99,84,2,77,5,71
49,48,100,43,66,17,80,61,4,3
82,26,4,10,99,48,89,10,79,43
61,65,22,68,87,43,40,45,31,86
30,97,65,52,11,98,2,31,90,92
11,14,39,65,8,53,76,82,54,94
87,74,81,12,37,96,97,97,56,62
1,17,9,21,44,83,72,55,77,35
14,66,2,47,25,91,56,7,8,91
36,83,48,91,59,1,99,12,78,8
79,94,63,79,47,84,78,42,47,21
91,9,65,66,7,50,38,19,55,86
23,4,66,29,12,32,80,96,78,99
96,83,90,7,65,96,99,40,75,16
79,77,58,77,46,89,51,19,38,64
100,24,65,43,11,66,90,66,27,82
12,19,62,12,81,32,9,35,34,18
10,52,45,40,80,31,57,41,14,30
93,19,28,24,76,59,6,66,61,4
57,31,67,6,51,10,63,20,86,58
7,26,79,36,97,21,95,24,50,45
100,36,29,62,83,41,39,90,59,16
49,27,40,25,43,70,43,100,77,59
17,78,5,73,93,59,76,30,69,88
70,26,67,64,71,14,34,10,62,85
83,99,45,6,56,45,100,33,30,73
6,87,76,36,50,65,93,38,46,37
7,70,38,44,64,14,98,46,15,53
66,70,5,53,90,92,24,33,75,31
1,50,82,45,23,77,72,93,41,95
44,82,37,98,62,31,57,58,48,99
65,97,37,16,85,25,50,6,9,94
7,72,89,26,12,46,61,29,60,14
24,21,87,44,73,49,99,40,61,93
100,82,92,85,22,50,76,55,10,25
11,26,47,22,35,59,50,55,47,45
61,76,80,57,26,37,91,93,91,85
1,91,49,48,41,54,90,2,53,82
23,58,77,55,79,94,84,91,92,44
74,40,24,26,76,78,49,6,80,21
98,27,41,72,16,32,90,54,44,33
89,91,93,97,35,75,96,78,86,21
85,26,67,29,5,61,94,47,1,30
8,83,96,45,41,69,33,11,36,12
98,70,96,70,75,56,52,60,18,26
87,60,99,36,24,73,84,7,11,59
49,2,96,16,48,20,34,12,14,81
90,98,94,80,22,9,17,41,82,68
36,36,47,25,19,43,35,68,9,29
60,48,96,90,44,39,57,100,61,79
95,83,19,94,89,59,2,100,1,33
8,88,49,7,89,72,80,47,16,66
25,53,3,72,100,92,22,22,34,39
31,58,14,92,63,33,72,77,46,61
51,18,12,49,19,4,11,95,6,16
51,27,37,82,95,82,96,43,21,37
80,46,75,10,73,10,17,54,43,33
69,12,81,87,6,13,19,28,57,57
50,79,2,69,99,65,1,98,76,94
2,59,83,14,20,31,33,44,41,38
32,53,42,43,80,70,42,53,57,2
8,36,59,90,57,25,58,89,68,81
5,95,25,36,78,35,41,80,99,88
97,13,48,85,48,79,20,66,98,43
7,58,1,86,25,50,81,71,74,7
97,95,94,92,27,19,3,98,72,22
2,37,27,25,79,91,55,84,4,81
67,54,83,6,41,1,61,4,27,66
97,93,99,27,24,40,67,71,73,25
61,22,72,1,46,41,94,91,6,47
84,12,35,26,35,44,31,12,22,79
11,36,85,52,78,25,18,63,72,11
12,44,21,25,43,19,96,23,92,95
43,57,95,1,10,42,40,30,31,90
52,88,19,98,17,53,80,44,94,53
42,89,88,97,1,86,8,11,23,30
91,48,46,40,5,80,96,12,82,49
52,86,100,59,7,36,24,21,22,69
76,32,34,51,75,55,56,75,20,38
15,87,13,80,41,98,29,35,14,18
18,94,100,98,84,56,76,89,90,48
98,88,27,64,13,29,35,15,100,20
37,71,55,5,18,68,58,16,99,40
19,10,19,71,82,67,85,80,21,9
38,81,3,40,16,33,10,11,18,68
87,3,82,23,41,67,93,45,41,4
6,50,51,13,74,55,7,91,45,100
99,32,95,11,68,76,94,93,71,61
99,95,18,90,27,47,9,4,17,64
9,17,73,25,60,50,51,23,25,9
67,97,100,12,20,88,70,51,85,27
26,83,99,88,78,27,56,23,75,36
68,40,69,32,12,83,53,40,59,71
42,37,90,6,60,93,68,100,1,61
49,17,51,52,21,77,80,61,85,29
60,13,87,51,80,49,16,92,3,5
3,100,21,67,46,89,57,25,31,82
3,24,19,20,26,18,42,12,83,1
79,27,61,25,22,30,6,10,22,25
26,46,37,29,75,8,47,92,40,63
48,87,26,30,65,19,45,97,13,60
19,41,51,83,17,95,5,47,83,31
61,67,54,91,4,23,59,96,19,57
45,22,74,46,87,1,75,37,61,64
10,32,81,46,46,100,21,99,49,8
85,44,45,17,24,33,26,69,50,35
54,80,98,6,18,35,3,22,55,32
4,79,39,53,99,44,44,57,24,43
57,52,20,57,39,20,17,68,7,18
52,56,92,19,21,8,38,15,82,98
6,58,66,11,46,49,52,4,66,64
5,89,64,53,3,30,14,4,99,14
42,93,80,7,17,68,14,79,99,23
61,60,47,88,97,6,86,75,41,10
17,17,16,56,25,13,65,61,77,30
28,84,66,6,6,82,7,30,17,15
29,12,86,24,90,55,38,51,16,22
69,83,80,33,41,76,83,85,30,30
56,53,14,43,13,45,44,72,77,88
24,43,81,96,95,80,55,14,72,23
58,37,26,98,74,7,12,43,97,53
95,55,13,75,45,87,26,70,57,51
47,20,7,69,98,36,8,22,14,27
57,26,47,84,64,27,81,91,2,15
96,19,75,92,20,67,31,43,21,93
46,42,84,9,26,39,38,77,2,74
85,92,84,39,66,64,95,16,27,30
10,35,14,89,93,83,27,45,37,29
6,95,83,62,72,69,71,24,2,11
89,18,8,85,69,36,99,21,16,84
29,37,90,34,47,47,39,45,44,44
5,96,51,3,8,55,68,34,40,33
57,24,43,91,34,65,3,99,47,15
4,73,18,67,85,78,83,7,75,79
47,25,28,96,12,71,34,55,42,96
94,17,42,15,18,57,13,50,30,83
39,54,68,13,65,1,13,32,62,65
38,62,69,56,72,95,54,21,8,67
74,29,31,75,49,13,87,100,80,9
72,31,92,37,80,51,65,61,30,19
73,45,13,57,67,73,73,22,90,47
50,42,41,46,17,70,51,12,83,6
74,50,67,34,30,78,16,24,76,19
56,47,5,23,23,90,96,51,64,80
29,7,37,56,69,43,69,81,88,2
56,88,40,63,17,83,2,94,69,88
82,71,82,75,92,96,84,97,64,65
24,53,100,72,80,56,58,58,50,74
83,87,14,99,47,23,13,60,20,50
63,51,93,82,48,100,26,12,12,56
4,81,2,57,18,40,6,2,68,16
14,86,51,8,23,62,31,43,35,18
48,25,88,92,24,63,13,29,21,18
12,91,92,100,90,62,72,94,41,85
64,2,38,27,53,12,13,38,50,70
62,80,80,40,73,12,43,3,74,20
19,29,11,58,66,74,78,29,13,32
29,43,15,57,26,77,43,100,48,18
46,95,9,61,81,59,33,8,33,96
54,59,32,20,91,68,65,37,31,38
93,11,29,34,47,79,22,85,21,17
54,46,15,38,43,35,49,33,58,7
84,15,27,19,1,76,37,95,96,57
15,9,54,50,21,4,19,86,41,5
90,28,89,53,46,54,8,88,55,86
72,91,3,55,75,72,93,84,23,8
100,82,96,79,38,66,25,100,70,34
50,46,17,85,44,10,19,31,20,86
60,14,40,24,28,17,57,86,75,19
96,39,27,60,69,7,9,37,76,12
94,60,75,19,5,81,67,39,62,98
11,40,46,34,3,53,37,26,59,63
96,14,61,68,6,44,64,17,73,32
99,27,83,54,51,80,76,97,14,50
17,7,74,49,87,71,38,60,66,38
57,80,18,12,62,45,40,14,29,11
10,68,62,1,60,5,34,40,25,54
67,61,20,17,66,97,70,56,67,36
39,42,98,43,13,72,29,44,39,70
13,86,54,57,88,38,34,70,17,3
57,53,83,72,99,55,24,6,4,41
37,34,22,20,91,61,76,71,5,69
94,68,12,17,44,92,77,51,49,88
16,99,100,62,54,23,18,51,39,57
32,44,96,77,78,53,63,55,85,96
33,37,20,89,42,36,90,82,1,1
14,43,17,8,18,34,23,25,78,14
48,91,90,58,26,79,29,85,14,30
73,96,50,49,79,23,100,86,10,56
53,28,7,44,15,7,27,27,78,58
7,93,52,88,56,14,93,6,1,33
9,95,39,16,93,20,9,81,48,22
6,5,96,56,72,46,16,21,59,84
10,60,81,64,75,46,91,94,96,85
35,62,84,35,12,70,38,1,46,75
23,60,44,87,43,48,93,92,36,3
39,67,69,36,29,62,43,69,65,25
44,59,70,4,3,17,78,85,11,25
28,4,56,83,89,85,87,11,45,97
55,14,21,88,84,98,30,66,9,72
1,54,9,79,86,88,87,90,95,13
25,25,33,12,32,25,17,53,93,34
64,98,85,99,51,67,60,59,16,41
78,80,47,83,64,93,5,49,50,46
46,98,90,22,25,68,48,86,95,24
31,31,96,27,20,24,7,21,13,3
47,39,7,85,34,33,29,69,56,40
3,60,100,4,19,55,14,100,30,15
75,80,69,82,57,28,89,5,89,13
8,78,94,26,39,39,97,38,17,76
66,39,86,79,63,86,63,78,79,31
99,76,1,89,26,13,20,80,37,14
48,65,10,67,57,2,34,75,67,66
16,95,63,67,16,99,49,28,33,99
17,13,97,100,50,34,35,48,33,96
34,79,36,30,96,40,78,31,46,18
90,34,54,91,64,24,72,34,37,21
92,83,32,54,97,16,84,12,23,8
21,10,15,15,7,75,100,88,100,2
100,75,86,51,71,87,1,93,13,35
15,88,92,61,41,56,36,92,13,56
2,29,45,12,63,23,18,96,56,25
2,28,3,81,32,28,48,21,10,79
57,81,43,45,85,15,18,13,84,15
48,22,48,92,68,25,99,50,47,36
7,49,17,74,28,94,5,14,4,95
19,60,17,23,11,27,40,59,37,21
70,25,30,11,79,26,69,13,95,68
37,10,16,78,20,37,11,74,3,18
7,3,67,82,87,66,58,10,82,13
74,96,63,4,27,78,97,29,95,78
79,90,61,16,93,58,69,11,12,61
68,70,96,34,10,23,59,77,18,2
31,32,15,19,13,4,40,3,66,8
42,58,4,43,90,87,57,53,63,49
81,70,3,48,29,5,63,20,99,81
23,37,48,71,32,58,62,46,19,95
28,51,55,69,72,99,8,57,81,22
80,71,52,39,62,38,43,56,61,70
89,64,31,62,87,26,60,9,72,50
15,92,23,42,86,32,64,50,79,4
67,13,15,57,41,59,35,36,49,82
6,85,36,69,18,100,52,24,82,24
73,28,6,53,90,7,33,12,100,25
33,76,50,12,71,97,23,22,25,26
58,59,67,47,96,30,26,50,12,38
23,83,3,74,69,63,82,32,50,39
63,81,23,7,61,16,3,81,46,78
60,44,35,21,39,72,34,30,100,62
11,43,53,34,56,66,2,19,23,57
81,98,43,94,2,79,57,88,28,24
13,88,95,5,68,14,46,48,31,96
79,5,65,48,18,92,35,58,78,19
53,5,43,93,7,36,62,64,33,71
11,10,92,77,48,41,65,74,100,40
14,7,31,49,56,63,91,31,68,26
75,47,99,35,59,82,72,49,68,26
18,89,65,61,5,28,95,68,89,59
47,79,38,68,16,83,85,15,20,26
4,3,18,46,29,97,49,37,3,92
45,16,68,76,71,29,61,73,11,25
58,24,43,14,17,62,92,45,91,35
5,7,27,28,90,61,14,64,53,13
39,18,22,59,24,74,10,65,19,1
23,64,67,69,58,62,82,10,82,94
25,4,56,38,92,80,10,8,23,49
77,56,49,82,90,44,47,79,19,56
8,51,55,6,87,31,17,91,10,31
21,32,65,51,20,81,12,44,62,33
77,60,9,29,100,19,95,51,96,87
99,32,51,10,72,72,66,73,38,23
62,12,24,61,15,61,64,49,71,2
11,74,15,13,5,88,71,18,52,93
57,77,11,32,76,75,54,39,11,33
91,95,54,46,88,30,1,67,72,53
52,98,92,98,88,84,88,24,2,20
47,18,16,2,41,22,82,1,31,59
69,63,23,52,38,42,98,59,85,79
64,61,68,1,81,43,1,62,92,60
9,19,58,16,95,7,64,39,14,7
76,36,65,61,67,13,1,78,76,85
79,59,45,92,26,37,80,22,86,74
77,22,34,37,21,91,8,72,78,61
32,71,46,5,91,44,50,90,65,77
82,43,36,4,66,99,8,87,53,59
2,87,88,42,33,67,9,54,84,29
41,30,5,13,69,53,76,7,84,83
25,53,50,56,85,12,42,43,76,90
73,29,2,1,15,98,35,49,53,4
23,60,13,92,41,12,91,21,76,93
40,65,48,3,78,82,65,13,83,15
48,78,55,54,82,77,14,81,6,93
10,84,31,46,48,59,70,99,81,38
9,61,10,98,85,13,13,10,32,67
93,1,42,65,40,58,4,70,88,46
100,47,93,25,91,36,77,19,66,66
92,11,4,10,37,16,53,82,80,79
69,79,87,51,37,94,84,98,89,52
61,20,31,87,9,38,82,72,92,11
72,92,85,65,22,59,52,24,79,65
66,69,1,90,4,18,55,37,94,92
82,17,22,65,30,7,70,5,81,87
80,18,1,78,23,98,97,11,34,9
81,72,65,48,89,39,15,13,13,31
14,96,6,55,46,20,28,75,92,37
54,87,12,12,76,45,67,51,30,75
23,6,90,16,83,54,99,69,12,1
91,69,61,62,9,89,99,34,52,64
93,56,81,25,69,56,57,82,38,36
48,42,60,8,5,4,48,44,71,100
60,65,23,4,59,5,22,55,86,29
76,47,43,36,23,9,78,97,64,66
29,97,79,62,91,67,62,91,27,32
69,13,53,69,28,27,30,100,45,51
74,60,85,90,22,11,22,72,23,19
87,81,45,31,9,14,97,81,35,15
70,32,14,41,81,64,21,28,22,44
11,85,72,26,86,50,19,3,40,49
81,73,30,60,68,7,78,24,42,92
51,16,84,94,77,54,20,61,37,89
26,1,17,3,47,66,74,86,5,61
2,64,28,28,4,89,80,28,58,94
77,43,48,47,50,68,38,63,75,99
98,97,16,98,48,31,37,65,17,25
83,56,91,68,69,99,84,71,81,72
18,47,43,77,11,5,44,89,89,60
80,78,38,80,21,27,84,15,49,24
16,95,28,17,19,6,33,31,25,6
89,15,8,98,28,32,31,26,61,69
30,87,51,93,68,92,76,96,97,91
8,8,81,56,58,10,26,32,68,3
10,66,89,31,22,58,64,19,70,39
40,2,22,19,38,13,65,65,89,22
79,53,38,80,4,1,79,58,39,25
38,53,71,17,87,40,38,81,8,93
55,20,33,67,52,68,75,77,4,22
32,49,87,53,80,10,78,67,90,73
89,16,34,81,66,36,48,75,93,49
45,49,57,22,13,20,55,40,56,81
19,47,65,10,48,36,15,77,56,7
47,28,87,41,95,60,78,74,49,63
12,55,75,8,68,45,52,81,70,3
77,96,26,87,94,33,48,14,35,34
94,95,97,42,72,27,94,80,3,86
88,87,69,95,28,18,34,41,88,15
11,11,79,97,8,27,75,61,91,55
25,10,34,78,91,29,8,33,34,65
27,57,30,48,36,21,14,73,84,84
12,54,23,44,77,43,75,18,60,65
63,66,48,26,43,80,21,71,52,27
70,17,4,27,88,97,62,12,87,8
24,64,25,69,19,51,37,93,22,35
48,93,12,22,27,46,46,81,99,8
63,95,33,49,1,15,16,89,81,44
32,82,63,63,38,84,74,7,46,89
72,9,57,82,71,77,38,72,18,80
45,52,65,8,11,58,46,63,88,85
82,25,1,71,14,23,74,94,33,91
55,30,87,96,60,69,4,88,57,71
35,26,63,12,30,81,73,67,60,70
29,35,63,64,48,17,46,25,84,25
62,22,66,52,44,33,44,51,43,6
79,23,96,56,73,28,98,10,34,94
89,26,63,22,15,21,73,49,82,81
92,32,63,50,63,31,48,41,12,57
100,64,89,98,50,53,68,37,11,47
34,75,25,91,2,16,76,78,92,53
71,52,34,43,56,35,82,65,83,61
90,25,40,94,73,51,69,41,65,31
60,83,80,45,39,34,28,41,10,45
49,8,85,99,72,46,100,6,52,21
17,21,61,86,24,97,98,14,26,49
73,19,12,87,46,63,76,66,8,99
68,88,91,2,15,87,73,7,76,11
11,30,88,72,68,51,88,15,57,43
74,67,25,84,65,43,15,7,46,52
91,11,4,96,34,5,97,84,8,69
59,96,72,35,71,42,72,2,48,92
71,42,85,80,23,32,75,98,68,58
10,47,57,73,76,13,50,33,85,56
28,25,83,34,37,98,74,51,46,91
96,27,23,18,20,28,44,23,42,7
36,37,22,89,30,4,84,47,9,68
56,79,31,53,33,75,28,1,25,21
92,96,94,34,8,41,27,30,22,36
20,66,37,40,25,98,2,28,18,38
98,9,28,84,17,49,93,96,64,74
93,40,11,43,77,82,91,68,18,69
93,2,19,75,45,14,30,98,54,53
74,73,43,31,59,66,75,98,57,84
26,45,25,8,22,88,92,45,40,30
43,76,75,56,93,29,20,64,64,6
87,12,96,95,85,98,29,50,32,59
47,89,28,5,4,55,37,86,67,93
16,88,87,85,73,77,21,64,44,8
32,45,70,32,17,33,40,58,20,6
76,54,93,61,26,21,75,49,78,59
81,46,87,84,66,12,24,34,100,28
94,63,27,79,78,40,46,70,67,51
6,86,83,35,21,63,92,12,34,26
38,93,46,49,2,68,47,27,81,37
99,65,95,21,26,78,15,13,33,41
79,70,30,56,98,44,67,34,42,50
56,1,14,93,69,93,3,84,43,21
1,75,65,65,59,93,49,34,24,49
43,34,44,26,72,33,21,13,49,84
32,38,92,26,95,82,69,49,9,68
84,13,46,49,59,28,28,22,27,4
94,27,16,15,37,62,7,85,59,1
56,96,14,62,28,65,52,99,91,64
64,50,1,94,10,71,80,49,93,49
3,83,26,24,38,63,5,3,92,15
27,85,26,72,68,74,64,35,41,35
73,76,71,70,12,96,17,2,87,23
100,90,88,67,32,97,46,89,7,34
34,66,90,75,88,100,45,24,26,37
5,48,11,58,56,12,2,36,67,10
69,68,70,35,81,23,9,20,17,29
84,70,85,18,27,99,68,81,41,18
84,24,77,96,48,14,44,28,46,10
60,53,45,98,11,29,22,30,19,49
31,33,19,49,12,22,99,13,7,72
55,24,93,4,93,30,11,97,18,94
56,38,87,60,15,18,85,44,27,32
36,9,41,74,18,81,99,88,62,82
57,1,44,39,52,93,40,1,19,75
23,20,20,83,23,79,16,10,99,75
53,97,83,13,81,67,93,56,69,23
27,90,27,81,96,51,27,100,46,28
80,88,90,39,100,42,82,53,18,76
23,80,60,13,80,13,34,98,24,3
48,31,45,8,89,95,74,30,90,53
85,96,7,68,46,20,22,31,68,40
96,75,69,66,39,8,70,21,5,77
47,26,87,5,71,77,13,39,100,100
86,38,39,6,83,33,26,44,85,16
77,69,4,9,78,79,35,21,67,69
18,50,100,5,14,74,43,54,79,82
79,31,89,64,1,3,84,23,46,60
91,30,38,76,76,42,62,43,34,42
30,47,20,39,75,51,18,95,62,69
2,37,35,4,36,55,96,46,90,71
69,18,2,45,96,6,95,70,20,27
82,29,56,68,7,96,74,25,19,18
68,16,60,36,90,11,57,55,37,93
12,1,84,88,50,54,25,35,85,84
18,42,7,61,16,24,70,77,29,54
35,94,41,84,84,31,67,58,18,47
53,89,4,67,71,34,72,47,25,36
48,86,67,18,29,95,35,43,72,38
21,72,47,28,84,72,18,77,19,53
6,96,41,56,16,98,95,73,32,72
97,25,56,63,47,59,98,22,59,13
12,98,41,55,96,76,42,74,44,84
73,41,100,40,56,85,28,81,55,30
49,20,14,18,72,2,77,71,41,56
90,85,37,26,51,44,56,93,36,67
23,25,53,9,66,18,59,21,53,48
70,27,92,54,60,74,22,96,3,84
8,2,69,11,94,47,50,66,20,28
33,39,38,25,55,35,40,33,96,27
27,23,51,44,3,37,97,88,96,58
30,89,54,36,13,61,41,17,63,72
24,46,42,41,88,80,41,76,30,73
24,34,67,58,46,14,70,47,96,63
15,54,79,25,88,3,57,38,39,69
21,83,67,74,66,21,47,12,39,86
70,55,46,97,32,51,81,95,40,35
3,12,35,66,75,91,30,57,60,3
15,82,74,52,62,77,23,94,19,72
51,32,51,25,1,69,7,13,42,81
97,6,60,51,29,60,84,97,92,19
77,67,2,85,46,68,8,99,61,37
45,45,10,3,55,52,80,63,38,24
16,63,12,10,2,42,5,37,82,68
30,25,68,66,15,23,31,1,29,79
97,43,92,57,11,38,33,23,3,64
60,26,71,65,43,58,96,26,36,59
4,7,85,95,40,83,45,38,34,54
61,29,28,53,82,62,72,47,3,83
59,97,25,22,60,69,50,29,59,44
6,93,41,1,52,34,22,77,21,54
69,34,70,88,17,92,31,49,92,70
46,74,9,38,30,49,43,94,48,61
47,68,74,24,44,77,7,22,96,14
64,5,76,73,76,16,7,11,3,96
100,42,20,100,54,93,89,81,97,98
45,93,37,65,20,55,70,70,49,70
86,93,55,3,42,10,25,67,38,58
45,4,45,96,33,52,4,96,15,98
32,19,24,70,61,94,41,4,89,29
52,49,71,58,32,32,17,92,73,33
5,10,65,20,84,44,18,13,71,28
92,30,59,71,40,58,15,15,36,54
56,52,73,6,73,54,15,22,38,44
49,50,24,73,18,21,46,98,15,29
47,9,78,28,42,41,25,77,37,81
58,94,92,39,92,91,97,72,63,59
24,58,3,6,52,63,90,25,64,75
51,30,65,59,98,75,52,89,6,46
60,98,9,96,51,1,51,52,7,86
55,30,90,14,41,16,9,76,88,20
50,4,34,48,80,57,52,76,79,85
51,88,58,64,26,81,38,24,2,84
40,4,41,48,58,75,82,14,10,87
67,22,31,46,96,44,32,11,66,44
60,76,42,14,6,48,85,61,84,95
36,68,47,9,38,59,1,78,67,27
18,93,69,90,21,78,23,56,32,35
91,59,86,30,6,9,26,59,42,56
66,62,60,45,34,25,52,46,8,12
59,68,59,48,2,53,72,18,44,25
94,14,46,2,88,30,86,49,49,47
6,47,63,11,95,47,13,29,50,30
79,56,53,77,21,5,75,76,38,61
96,12,54,16,42,37,99,58,75,70
65,94,50,86,83,59,64,31,42,14
34,94,62,93,35,39,76,70,5,99
34,46,52,12,34,87,52,53,18,30
54,3,56,80,51,1,29,90,45,52
34,83,71,39,35,83,66,16,56,79
39,95,81,48,54,76,46,1,29,15
15,56,4,5,26,80,26,79,31,65
22,33,63,82,31,70,42,89,68,25
46,92,45,57,21,24,22,39,84,87
79,79,9,72,79,15,87,94,94,69
1,48,99,43,96,62,31,79,84,69
22,60,67,73,44,21,74,57,84,87
22,70,52,54,1,69,4,100,53,72
47,47,51,24,81,78,68,15,48,24
60,52,81,76,2,43,75,39,60,2
75,29,26,17,61,23,46,83,73,78
8,42,68,88,49,65,53,89,6,25
66,23,65,50,4,63,82,11,8,75
59,94,83,36,23,69,53,50,23,53
68,88,3,95,25,80,92,81,32,30
47,42,72,38,26,64,11,75,20,46
25,96,89,46,46,18,40,76,71,79
21,6,58,15,98,64,6,21,36,43
39,33,62,38,31,80,60,17,2,78
29,26,50,53,50,27,9,17,4,70
76,10,86,49,42,74,12,57,59,24
4,56,21,13,92,13,91,32,90,95
72,82,7,30,89,19,35,30,68,6
7,4,77,50,66,92,1,32,74,91
5,15,29,24,71,8,32,82,64,82
94,78,81,36,6,12,7,44,26,67
58,21,98,76,71,59,36,72,68,16
82,43,81,20,61,48,57,57,92,17
47,10,14,61,28,27,70,21,48,5
77,51,59,56,56,61,10,28,24,21
81,8,43,12,64,56,57,38,2,64
23,100,100,69,1,8,44,11,93,75
62,39,72,6,8,6,17,13,6,25
58,44,8,66,85,78,91,99,18,45
82,26,71,64,13,84,56,25,29,33
8,94,78,83,80,22,43,45,8,94
7,37,21,9,53,67,99,67,3,90
62,44,52,7,22,27,33,73,43,78
38,14,36,51,33,7,4,86,2,75
100,69,86,14,79,17,95,27,37,62
79,66,80,18,56,30,47,25,62,58
91,17,58,49,45,65,29,42,81,99
6,97,8,92,66,73,85,67,66,60
75,30,95,48,98,46,9,37,67,3
61,63,49,50,78,22,31,90,96,33
99,24,83,99,77,99,44,93,88,44
83,94,36,21,80,81,13,92,73,17
4,65,60,17,32,2,11,22,67,67
98,80,12,46,82,93,36,68,40,55
52,57,82,91,80,3,26,16,4,57
3,5,39,83,98,4,29,36,43,55
52,34,56,60,6,75,77,100,9,85
75,68,57,60,66,55,76,84,18,75
93,45,9,13,23,83,5,56,2,16
71,3,99,21,77,56,87,46,3,8
48,98,53,71,94,32,78,71,86,95
7,7,61,20,66,43,56,69,43,37
19,55,27,67,9,61,87,10,97,7
86,67,79,40,35,30,1,13,2,19
74,95,69,97,19,61,72,19,76,17
33,42,6,12,62,2,46,60,27,59
32,96,83,93,25,62,18,12,77,85
9,70,64,49,6,80,87,97,33,20
99,67,22,11,29,61,93,13,90,56
78,51,85,65,54,27,84,62,100,11
89,63,82,5,15,96,90,31,71,64
13,12,38,47,92,37,25,64,18,88
92,3,6,99,38,64,48,79,7,28
97,18,51,63,26,43,100,86,38,72
51,77,92,97,61,87,3,43,81,28
64,23,6,91,80,89,54,5,49,19
51,3,49,20,15,70,53,95,35,22
80,73,91,56,2,48,44,47,70,94
45,100,3,46,51,52,57,8,11,59
66,77,24,66,59,60,67,29,100,12
65,3,17,55,3,80,2,53,27,52
78,56,26,11,72,33,64,43,64,68
38,63,10,65,6,75,15,3,37,32
4,84,59,40,62,18,22,9,48,12
14,89,49,27,61,79,98,40,62,57
7,84,89,35,64,60,49,13,93,19
81,97,17,22,34,5,84,44,90,60
19,22,63,32,23,51,93,57,53,35
51,73,43,26,49,92,59,40,3,42
13,44,39,84,85,53,57,27,56,45
95,64,69,81,88,92,54,57,1,53
90,81,63,43,79,53,77,27,59,50
79,81,75,83,48,71,22,39,91,65
81,43,52,11,29,73,43,12,59,29
31,4,93,73,25,100,100,3,41,83
41,44,67,46,16,98,32,8,83,6
38,63,11,60,15,50,22,86,84,5
17,77,83,89,27,30,42,21,94,6
62,63,62,47,33,88,90,60,85,31
2,96,63,35,88,70,60,86,53,59
20,52,58,6,53,29,46,43,29,57
48,84,44,16,56,87,44,94,22,26
41,88,56,38,65,18,100,63,86,78
25,78,22,23,39,92,74,86,51,95
91,99,49,3,24,42,16,74,5,96
94,7,99,87,27,23,21,17,92,30
100,93,6,75,16,97,21,82,23,70
26,61,38,99,87,34,7,36,7,53
7,36,30,11,70,30,7,5,31,54
42,28,57,22,33,11,100,30,40,38
9,77,17,39,20,27,65,74,13,31
20,8,76,22,91,62,49,26,47,21
61,87,17,4,45,24,97,65,73,36
14,24,90,41,1,21,23,98,19,55
5,86,65,23,97,16,26,23,40,9
23,73,4,7,81,86,48,51,56,91
32,59,11,51,12,19,84,25,89,38
8,63,46,60,44,14,62,19,17,36
80,9,89,57,93,37,6,96,84,54
4,21,1,32,28,4,100,56,82,39
79,26,20,39,8,32,1,27,31,59
80,28,16,2,54,25,85,44,64,87
10,73,42,42,85,60,56,36,1,4
44,5,62,79,89,29,12,1,87,74
58,74,91,92,10,19,71,95,71,40
82,39,59,26,25,96,52,50,69,79
71,79,62,18,33,44,9,19,62,58
100,79,15,40,78,88,88,90,75,78
61,22,64,100,96,17,35,84,76,88
42,18,24,27,97,14,64,40,2,20
49,92,34,2,16,38,10,95,24,69
11,91,52,28,59,76,91,33,33,81
50,15,97,83,81,60,16,31,15,61
65,56,53,24,75,15,54,10,31,36
35,34,72,6,51,24,10,49,87,25
8,86,54,47,56,38,89,82,6,82
47,34,39,68,55,87,9,43,82,9
48,56,94,3,48,51,1,66,62,18
35,99,2,18,89,91,9,31,12,89
77,30,55,47,8,31,59,99,34,13
6,44,43,8,67,23,7,62,97,63
78,64,53,35,38,81,71,1,80,12
33,28,34,40,11,47,91,64,42,48
83,58,30,18,74,6,14,27,66,48
34,2,14,70,68,98,75,46,84,50
44,46,99,4,23,50,28,22,57,96
51,85,55,8,95,95,10,83,69,35
62,25,48,23,10,2,49,75,85,80
3,9,3,37,41,77,30,27,57,76
35,87,80,75,38,26,20,5,34,29
26,82,2,73,22,87,9,76,13,62
84,57,77,21,47,56,73,33,90,90
82,71,35,80,43,15,17,26,4,13
41,20,80,35,54,45,41,77,29,45
56,78,99,13,81,21,73,15,51,91
32,77,50,83,54,9,52,58,72,39
10,91,16,71,4,77,11,78,35,6
34,91,38,88,69,37,35,19,12,10
39,12,54,63,29,41,21,82,100,16
98,84,1,75,53,69,82,93,25,57
78,65,29,26,93,87,34,42,61,28
11,93,45,90,39,59,83,73,25,100
57,93,58,4,100,7,3,22,64,13
10,91,11,54,83,33,62,72,31,89
80,36,61,60,92,21,81,43,8,55
58,95,33,97,71,15,74,33,100,20
6,71,64,54,45,64,91,2,23,88
8,70,48,13,90,6,63,94,83,10
76,36,6,85,16,73,91,91,9,82
15,7,85,87,100,15,7,61,98,28
82,49,43,41,75,90,46,15,36,67
10,58,78,32,21,75,48,46,79,100
10,64,39,74,47,95,74,66,65,23
3,91,3,73,69,44,29,29,51,1
58,65,52,84,63,100,9,47,21,86
24,69,22,5,12,48,77,66,92,78
98,15,68,53,90,14,11,91,92,24
87,42,6,32,4,54,90,4,27,33
34,23,49,63,86,63,84,12,24,79
10,9,21,12,42,100,82,23,34,39
39,12,46,48,40,63,68,76,16,4
46,40,76,73,40,57,41,16,75,25
52,1,3,86,67,41,27,36,93,16
79,31,95,38,77,52,15,61,98,38
19,22,41,55,18,48,9,67,60,96
45,14,29,79,2,23,39,34,87,2
50,37,2,45,63,29,59,28,65,70
51,6,66,48,86,7,65,37,61,60
57,91,84,7,78,24,78,9,30,69
4,86,54,1,77,45,17,97,31,45
59,100,8,54,19,39,10,30,16,87
66,23,44,36,63,53,18,91,30,51
25,35,68,91,75,24,71,80,49,84
86,37,94,64,64,7,19,10,4,61
61,39,3,65,44,85,51,21,46,43
8,49,91,51,84,58,54,91,84,53
29,93,68,87,58,36,52,72,58,52
50,74,96,1,98,90,73,23,10,17
41,81,51,16,54,51,30,39,52,50
89,25,91,86,43,65,2,28,14,23
54,38,26,8,56,24,47,67,45,53
35,11,71,3,57,16,66,11,86,38
75,45,68,90,52,42,1,26,57,72
37,47,40,84,9,21,98,1,50,26
17,78,73,14,4,6,74,16,85,94
37,81,41,63,66,2,97,81,51,24
20,96,56,74,10,89,41,72,74,42
79,84,64,7,24,8,8,52,28,98
89,68,87,84,31,30,59,45,83,48
10,31,4,46,60,10,16,15,60,52
61,89,93,97,49,50,53,96,1,56
49,61,90,80,40,97,94,24,1,33
61,97,82,51,6,23,88,66,27,88
50,81,72,41,82,77,91,79,73,38
4,41,78,97,5,84,20,50,97,51
40,80,49,42,24,69,52,22,81,21
74,75,76,61,48,2,49,70,36,26
23,78,57,51,19,56,2,97,5,1
8,1,47,23,11,90,99,57,91,78
4,9,14,94,75,86,19,55,40,50
29,96,81,70,11,100,82,95,2,51
68,84,17,54,6,89,89,92,25,83
59,39,24,58,20,58,83,92,12,28
26,50,89,77,26,6,45,76,61,18
97,97,92,28,26,10,50,39,57,86
7,6,49,69,64,59,33,10,10,70
83,30,73,77,95,45,9,19,99,98
52,67,96,68,8,27,28,70,95,47
79,85,61,85,73,31,6,27,46,83
58,58,56,18,1,16,95,3,28,71
62,56,39,61,98,86,78,46,100,61
89,28,39,5,38,4,28,64,5,79
63,7,29,93,28,44,59,69,74,42
67,4,94,23,89,55,25,87,71,21
67,83,68,85,91,72,34,78,77,47
91,97,89,25,92,81,73,37,50,20
60,86,1,33,4,58,36,57,4,27
81,62,35,71,80,59,62,69,2,8
49,71,11,71,30,26,67,68,65,50
22,53,59,43,52,42,44,38,21,84
15,17,52,41,18,26,36,87,75,94
57,8,41,56,64,4,11,14,78,99
62,82,29,90,1,76,80,8,36,100
52,32,76,74,17,53,68,35,91,75
24,95,81,21,92,87,77,91,95,58
35,67,70,18,77,43,77,47,57,74
57,18,87,72,94,83,6,13,3,78
63,29,20,35,24,32,55,11,58,79
27,75,98,51,70,43,33,91,64,78
20,76,32,37,81,66,14,24,59,51
63,75,25,86,22,42,40,90,91,11
90,4,34,17,39,5,33,18,25,89
69,41,91,90,30,74,74,94,88,53
38,30,92,30,23,69,62,78,54,72
68,26,45,30,92,54,35,57,84,63
71,19,50,39,80,21,82,73,55,29
42,86,34,35,96,95,37,99,36,54
63,84,39,93,64,70,6,57,45,63
44,25,43,61,94,69,81,63,41,34
35,67,59,16,48,21,8,71,16,21
25,25,21,27,64,34,62,54,70,37
99,66,89,4,49,24,36,10,64,68
26,9,12,51,13,27,34,33,3,37
5,5,42,94,17,2,29,53,9,92
2,36,65,38,29,44,53,66,93,74
49,83,7,67,97,74,85,34,89,83
6,29,84,37,69,95,38,94,56,93
46,29,46,55,80,16,97,91,94,54
91,70,54,72,62,65,28,20,36,11
76,44,8,89,90,22,9,100,96,15
75,96,95,43,10,28,83,33,75,36
97,81,75,33,48,55,61,11,47,1
64,87,19,29,63,83,91,60,65,4
63,67,35,59,86,59,83,40,10,74
9,83,7,60,78,46,22,27,87,67
99,7,16,21,2,68,72,84,44,9
61,88,96,71,63,42,6,59,84,37
79,3,94,1,41,88,32,33,40,38
42,69,16,14,91,38,38,79,22,55
16,33,90,60,12,87,37,67,26,75
54,59,76,21,24,54,84,46,19,90
21,19,12,81,67,5,73,46,76,20
1,14,81,98,28,5,83,8,98,54
34,81,4,88,99,20,6,86,90,89
13,46,46,1,6,62,68,76,12,21
97,31,44,66,88,8,86,38,44,37
36,58,90,21,44,95,24,65,92,8
96,60,13,2,27,97,8,64,88,71
50,71,85,73,23,75,39,75,82,78
30,74,25,1,86,51,50,7,68,41
81,18,60,91,46,90,23,20,14,85
40,88,57,71,32,77,32,55,89,68
38,76,44,94,52,11,1,19,82,59
20,58,73,37,33,90,1,33,20,88
9,61,2,50,31,69,94,37,51,45
78,82,79,73,50,54,65,92,32,16
51,96,38,15,69,70,81,47,60,74
9,68,19,38,59,31,32,21,91,71
34,61,90,98,22,62,98,37,73,99
84,60,72,45,5,93,81,14,84,56
81,100,98,85,46,31,28,20,25,74
41,50,46,70,24,96,50,5,38,38
17,52,57,61,84,62,32,68,52,59
94,29,75,25,51,65,60,65,16,66
38,60,100,17,71,17,19,33,79,4
31,82,90,2,93,82,80,62,18,99
13,53,47,58,49,66,46,52,57,100
34,9,17,72,70,78,54,72,56,83
88,82,70,84,37,84,88,62,75,52
69,69,42,69,92,44,12,83,29,58
50,45,49,87,3,84,62,64,3,99
52,78,33,83,64,71,56,62,5,7
9,54,14,35,40,58,73,82,39,7
93,91,19,1,77,6,92,1,21,19
80,98,20,16,98,46,15,69,65,1
59,83,14,79,81,100,3,16,73,42
72,42,36,29,97,39,95,19,53,65
36,79,70,1,25,86,17,76,95,25
49,50,30,35,58,27,78,82,61,17
70,99,64,77,71,58,63,24,17,47
78,71,48,31,84,11,9,42,57,43
26,41,72,97,92,94,14,74,25,21
78,62,90,41,15,16,10,46,22,82
82,22,30,87,70,69,10,94,35,21
72,28,63,3,25,51,93,27,94,29
21,73,98,3,53,76,58,71,54,16
63,59,16,47,91,86,21,3,41,82
23,31,96,86,94,65,99,20,67,43
86,97,6,68,14,85,80,27,54,21
42,51,10,60,54,77,72,60,41,93
64,13,19,67,38,66,88,88,2,66
67,81,65,12,91,83,53,57,53,1
17,93,42,77,7,94,80,10,7,62
74,20,95,49,50,18,100,97,76,95
10,95,96,20,11,22,32,21,6,23
85,97,1,31,13,34,92,90,83,54
71,38,83,87,73,97,45,95,5,78
20,15,30,5,38,39,10,79,69,58
81,89,24,15,84,43,33,90,77,91
14,95,4,4,65,56,76,15,17,94
69,57,62,4,97,62,74,84,34,3
79,33,50,28,34,43,55,73,19,68
92,99,27,47,56,99,74,6,73,6
9,92,57,77,78,76,79,60,54,30
99,81,58,95,66,65,77,24,49,75
6,55,72,94,97,75,37,46,78,45
85,59,96,51,5,4,20,9,28,79
72,27,89,63,57,35,73,45,8,5
65,82,98,59,39,11,51,43,63,26
36,1,32,53,42,84,17,38,26,80
60,89,64,29,10,52,14,84,74,72
53,68,72,2,23,42,27,61,10,36
70,28,82,63,53,83,54,57,62,20
79,92,40,38,76,68,90,15,71,41
46,92,20,3,97,84,37,73,12,68
74,67,77,85,41,98,88,44,22,37
53,78,26,5,12,71,94,2,34,74
61,22,61,31,100,6,100,2,11,28
100,55,27,56,76,11,78,76,38,98
68,71,18,71,84,85,100,93,27,64
14,26,17,28,37,4,41,38,76,39
77,43,54,42,82,83,49,4,16,70
31,28,51,32,57,7,39,36,64,84
39,60,94,81,15,72,36,75,86,32
18,31,50,58,43,25,95,24,43,81
25,74,32,25,30,92,83,7,26,97
47,8,74,6,48,66,46,57,79,66
92,68,60,21,9,9,14,92,53,19
53,88,43,87,29,65,14,53,11,83
59,68,11,53,24,96,27,62,35,53
16,98,84,2,82,40,20,94,92,67
45,92,53,92,62,80,9,29,99,59
1,4,32,35,25,57,35,30,44,85
69,99,78,94,66,37,96,24,63,50
47,10,32,28,78,48,66,100,87,73
91,54,86,42,21,54,31,73,38,43
63,20,19,18,50,97,84,30,40,49
51,82,58,9,69,8,31,71,20,59
74,100,12,64,52,1,77,34,47,90
90,89,37,73,58,57,100,55,67,100
12,5,27,68,52,49,57,33,24,53
97,57,74,39,7,43,56,68,8,8
9,93,79,54,51,7,95,33,72,85
48,93,3,91,97,8,6,46,22,50
58,37,59,47,81,12,40,14,94,39
87,20,16,84,46,41,54,90,9,93
58,41,3,24,28,39,6,38,64,59
57,21,96,61,74,80,45,76,81,36
66,11,35,19,69,95,61,41,19,56
53,43,82,72,9,94,90,70,100,39
73,40,10,90,18,7,15,37,70,38
94,72,19,11,94,34,10,57,53,48
82,92,11,79,42,60,44,79,62,24
84,77,63,50,64,19,56,4,44,40
49,47,19,48,32,65,96,55,74,99
23,6,38,25,39,48,8,15,99,15
17,67,97,49,64,91,32,79,46,71
21,31,21,49,31,19,81,23,77,4
78,27,85,53,20,72,55,96,94,38
22,41,82,91,29,94,98,22,20,63
60,9,43,79,96,61,67,56,24,69
27,87,28,62,8,89,72,21,28,96
37,39,14,14,92,57,77,19,80,97
89,42,15,85,72,68,65,98,53,61
5,100,29,16,63,54,53,64,88,25
33,86,43,2,66,1,12,46,58,63
46,84,55,30,32,68,80,74,55,64
62,70,60,56,6,99,68,13,53,54
3,75,95,34,71,19,28,23,89,55
61,84,54,41,2,75,78,46,50,92
41,100,96,3,37,30,80,97,81,69
75,3,60,35,46,86,78,21,63,60
65,32,76,91,79,2,95,40,62,82
94,68,36,45,13,7,49,70,47,66
68,73,10,71,59,12,5,64,9,71
19,40,36,27,38,61,96,25,30,61
28,40,73,87,16,23,46,3,61,37
72,59,77,26,67,17,92,18,97,38
71,73,6,95,61,63,91,18,76,46
73,42,88,9,5,39,63,6,14,42
24,13,77,43,33,72,24,92,8,68
25,80,89,76,58,48,86,45,45,12
19,50,19,80,28,87,91,61,56,16
9,6,8,10,42,29,62,39,34,94
5,97,69,68,32,8,63,23,17,87
15,22,4,51,40,58,68,70,99,90
78,1,56,52,6,55,69,100,16,35
25,24,73,88,12,38,18,84,78,69
66,56,82,60,4,64,73,4,15,85
3,19,63,6,22,68,22,17,20,74
46,41,84,52,32,6,33,66,18,91
16,69,49,13,45,96,92,49,74,16
63,88,38,91,78,63,4,69,32,49
84,83,6,51,76,66,50,44,30,86
13,92,68,53,78,93,18,93,13,56
38,51,97,39,76,42,46,41,83,75
69,90,70,30,2,100,38,53,3,37
16,68,11,65,27,37,18,44,80,51
81,59,6,88,66,78,87,90,78,5
9,33,57,64,80,22,11,13,3,93
19,50,53,63,66,40,37,23,6,66
4,39,63,48,92,78,75,92,80,74
1,18,2,70,74,90,51,94,17,42
12,32,88,74,38,16,21,56,37,57
32,31,64,15,16,84,76,24,83,81
3,92,9,82,57,52,75,36,92,50
81,23,57,92,39,62,41,26,38,49
64,100,76,97,19,85,45,44,60,53
22,51,82,91,88,22,67,11,61,83
47,6,61,19,21,39,57,7,80,44
59,96,12,74,19,14,11,47,76,74
38,7,46,59,36,97,96,54,73,63
20,55,1,11,82,45,72,54,97,26
71,68,77,47,100,47,70,70,60,24
17,45,1,100,4,39,72,20,10,29
99,77,57,30,66,76,27,31,22,92
35,56,53,93,9,68,34,76,36,43
45,74,62,11,33,44,37,95,84,78
99,3,60,29,70,74,64,96,47,92
84,4,16,84,81,48,98,39,32,73
93,84,94,22,37,56,13,81,22,70
19,63,22,10,25,93,98,46,57,64
21,79,71,21,92,39,52,54,97,48
78,50,49,14,80,47,65,50,15,27
41,3,36,60,28,34,11,26,2,89
66,46,35,84,51,59,59,44,71,82
30,19,18,4,75,15,99,51,75,81
22,22,18,48,42,48,6,64,70,14
90,32,10,13,49,31,36,30,60,48
16,8,83,90,76,47,56,68,10,61
45,85,57,7,64,64,83,14,55,96
1,92,21,71,61,42,35,85,5,32
53,86,24,99,40,49,78,82,46,55
11,25,58,79,10,40,83,39,40,57
73,46,43,82,31,61,64,27,9,77
28,56,23,75,6,15,77,4,82,3
30,80,51,26,26,6,52,48,94,40
55,38,97,47,75,57,94,54,23,56
42,23,37,7,41,64,51,56,3,62
79,71,44,53,27,89,37,83,91,87
82,86,90,62,62,51,56,28,90,34
48,88,67,36,3,56,3,2,96,86
67,73,9,59,75,95,43,57,74,47
41,36,53,63,41,52,7,81,72,31
31,66,8,38,27,30,32,96,62,18
49,1,50,67,52,3,9,9,25,68
7,54,84,55,25,35,52,31,42,75
21,54,40,13,87,34,12,46,94,45
3,70,96,43,88,18,23,90,81,92
3,54,1,50,21,80,42,17,70,3
38,2,79,51,75,72,47,50,56,26
43,4,64,5,9,73,75,79,77,100
58,74,75,98,29,87,87,51,48,16
79,23,34,88,82,60,72,52,27,96
96,32,90,18,20,83,16,23,2,44
19,59,34,97,18,42,8,91,17,99
19,49,18,89,51,89,96,93,14,63
90,56,9,66,50,52,41,96,23,57
51,20,78,59,29,47,31,100,78,88
63,11,76,74,76,41,86,23,66,22
21,66,4,48,42,87,56,89,2,42
12,88,79,47,51,83,21,46,40,56
48,58,63,5,37,11,42,61,55,100
2,50,82,35,19,72,44,37,4,59
21,53,84,8,58,2,5,79,58,45
99,59,93,36,59,79,49,71,40,12
83,57,72,2,68,22,22,3,42,25
70,86,60,9,74,43,5,34,68,4
26,95,45,9,15,79,3,36,25,72
83,40,16,100,72,51,44,91,1,91
57,72,39,93,56,88,89,51,58,76
14,36,5,50,16,33,63,94,37,95
99,41,45,94,25,22,50,88,90,46
6,36,29,9,46,81,26,8,48,15
48,92,51,75,52,55,97,75,100,7
58,79,61,42,94,45,99,84,28,12
49,71,16,44,44,58,11,71,9,16
3,47,6,69,88,4,5,13,99,22
84,8,42,25,19,31,53,31,37,94
21,10,4,65,41,34,86,17,52,46
15,36,13,57,20,68,22,80,65,58
61,98,50,37,89,10,4,53,45,34
16,15,26,41,39,53,76,96,8,26
49,10,67,99,32,31,96,51,12,78
41,16,79,23,98,65,11,78,90,2
9,63,60,28,81,7,17,22,85,39
77,52,26,35,16,96,39,51,49,46
33,16,69,26,30,38,35,19,19,99
30,36,3,84,77,80,93,42,15,4
59,92,37,70,46,91,2,95,14,34
70,2,9,57,9,42,14,82,21,65
36,33,76,4,75,38,67,73,40,31
28,51,56,40,58,5,76,66,93,90
19,80,78,47,12,41,56,85,73,54
25,54,22,20,34,99,36,7,96,49
52,74,37,10,36,93,23,57,36,48
59,79,15,13,16,55,2,20,85,91
55,31,64,11,1,71,36,96,91,97
56,26,73,40,92,79,82,45,26,41
32,9,34,37,9,87,28,27,45,61
27,23,78,69,9,26,8,33,52,23
43,7,64,1,67,66,3,22,90,4
98,100,68,62,28,83,85,49,50,85
42,88,93,88,22,78,88,81,68,75
69,76,79,100,17,97,19,31,47,72
16,41,10,76,61,14,58,28,78,95
77,98,67,61,15,53,29,11,11,41
28,4,38,57,6,2,36,2,64,88
98,54,29,42,91,79,11,61,98,45
93,34,7,60,13,97,51,74,62,49
34,71,27,50,31,100,77,25,59,43
60,8,13,84,66,42,60,29,77,69
13,30,68,58,28,39,45,82,7,72
15,26,61,3,4,52,9,99,28,21
20,24,100,37,59,47,70,18,36,35
87,11,53,87,14,15,92,98,7,92
85,16,43,9,74,46,79,55,46,65
12,32,22,28,65,75,63,50,76,10
48,86,77,38,84,3,27,17,24,58
57,80,65,64,32,1,35,27,49,87
78,85,56,63,86,11,75,13,70,25
20,35,14,63,81,63,56,32,94,19
99,97,61,28,81,38,79,50,2,79
52,80,20,60,36,75,80,59,65,87
55,35,35,55,71,27,99,65,72,7
96,45,62,83,88,23,57,59,27,33
60,50,55,36,74,41,28,61,23,78
82,1,79,100,4,1,44,83,14,61
51,39,28,12,66,96,96,46,66,56
35,50,71,33,34,78,46,95,17,24
80,50,77,52,88,73,57,64,15,69
40,99,93,22,44,16,19,73,51,48
18,26,65,98,97,58,17,16,3,37
37,64,47,4,100,100,2,42,62,100
39,71,66,42,96,27,54,87,38,84
85,97,86,93,96,35,92,10,24,30
58,49,18,48,48,20,40,46,88,100
59,41,96,37,36,62,92,68,60,2
72,90,64,93,86,2,50,57,40,81
83,19,94,69,99,48,46,36,29,31
70,98,96,9,81,66,91,69,44,10
69,99,100,90,3,41,11,2,90,82
91,74,51,5,93,8,32,30,44,68
27,31,4,43,45,20,90,48,7,68
78,67,92,40,83,85,29,10,4,58
56,84,21,14,17,87,18,57,48,100
77,54,73,73,24,46,20,52,69,20
2,75,66,52,19,22,28,50,14,54
4,5,45,29,8,48,91,64,31,18
24,19,78,79,27,26,89,90,88,72
43,38,18,48,71,11,30,94,50,54
48,77,45,25,83,66,48,44,70,91
62,44,95,23,33,2,2,11,38,96
59,43,66,51,58,24,2,93,96,79
16,31,61,77,21,29,19,91,33,9
28,89,57,14,84,20,32,89,68,42
28,68,28,19,27,71,97,34,25,83
75,3,71,81,61,6,74,27,77,40
38,91,47,75,67,44,57,2,11,5
16,52,41,50,59,39,24,6,51,8
48,39,46,34,44,79,58,93,86,53
2,24,12,14,55,87,12,91,83,24
66,43,72,62,26,50,32,73,94,12
100,91,23,73,79,31,17,94,15,11
7,30,16,13,31,56,47,16,15,33
30,27,6,31,25,83,31,81,94,78
72,88,50,50,13,18,47,12,47,66
34,75,75,15,24,38,92,62,30,41
84,31,57,21,59,45,35,14,63,10
19,73,45,75,35,56,44,10,27,95
56,82,5,23,86,96,34,1,53,75
51,4,6,38,68,10,59,6,99,97
21,1,46,6,87,39,32,98,69,26
21,69,62,62,93,3,10,26,15,8
26,60,84,91,21,19,11,43,10,32
17,53,21,16,17,13,66,22,95,41
60,67,17,65,34,16,13,8,65,69
92,88,31,92,75,64,89,4,66,88
6,55,64,27,100,35,92,10,82,16
61,1,59,13,63,31,16,57,21,78
11,23,16,61,33,83,64,78,67,96
54,8,24,90,48,10,84,99,27,80
43,48,48,84,84,41,3,57,93,65
9,51,6,67,97,99,24,77,66,72
54,85,39,37,18,67,14,59,83,34
95,20,85,9,29,24,55,69,15,21
70,87,39,72,44,96,39,45,77,84
46,15,92,44,99,5,33,53,57,24
43,89,1,46,31,80,61,59,34,5
50,16,88,60,37,79,85,3,99,75
4,8,57,75,96,44,20,41,57,87
44,48,36,81,61,55,37,29,67,68
4,80,10,47,95,31,67,20,84,85
66,46,17,91,58,56,36,16,32,60
43,31,56,67,47,66,99,16,58,10
74,97,94,75,98,69,19,98,67,63
56,80,93,54,12,10,77,69,63,11
34,52,11,25,22,9,77,72,35,92
25,28,54,44,90,11,58,31,64,22
84,9,29,17,60,42,28,41,5,43
59,15,86,56,74,28,24,23,85,1
28,31,57,1,53,100,4,49,71,44
37,56,47,4,19,40,89,42,58,35
20,6,90,52,98,92,87,27,63,94
94,54,86,15,16,66,83,2,98,58
17,72,24,78,52,28,6,77,79,15
22,15,16,57,74,61,36,62,38,2
9,66,25,3,25,94,3,65,75,71
90,36,45,91,38,100,3,42,51,83
66,27,45,66,40,59,5,66,53,39
44,25,87,20,17,32,31,3,6,93
8,1,68,65,45,65,12,12,7,29
18,14,94,82,21,69,90,40,58,63
19,43,40,35,79,52,53,71,44,28
39,63,3,43,44,3,94,71,21,36
50,36,77,65,43,36,31,45,31,42
34,96,35,90,25,69,35,13,97,28
57,72,83,9,41,76,97,67,44,49
12,32,14,67,69,34,26,75,42,28
89,72,86,33,8,13,19,98,1,22
33,70,83,80,72,57,37,73,17,59
1,6,98,28,90,85,88,55,16,68
93,52,2,63,72,73,64,37,4,51
43,28,100,16,81,30,19,60,35,27
62,72,96,99,89,74,86,30,3,76
20,78,31,6,32,52,50,89,53,70
69,96,79,15,64,49,68,15,73,98
77,12,10,65,9,54,70,7,86,20
47,4,99,92,47,37,60,20,44,69
52,37,92,37,96,88,90,64,77,55
19,81,85,88,33,59,50,39,94,19
3,36,81,46,8,17,22,29,65,81
32,44,24,68,55,97,98,41,17,18
1,25,47,80,34,14,15,57,55,40
9,23,76,65,97,32,86,10,73,6
80,59,41,82,19,41,38,62,60,59
90,61,10,15,77,5,89,51,7,57
61,64,8,51,45,35,65,72,33,21
14,6,14,61,65,75,21,45,81,14
12,43,91,27,43,81,28,68,98,83
68,34,45,96,46,26,20,46,77,6
63,12,28,30,67,49,75,97,90,38
21,84,60,23,72,49,52,44,44,44
94,31,63,79,97,92,64,63,83,73
68,16,67,68,96,43,75,6,98,11
45,93,93,51,55,55,98,57,2,23
90,35,80,19,19,50,38,96,79,2
2,76,83,27,87,58,100,33,55,65
12,71,17,7,71,70,13,2,46,98
2,26,34,25,100,26,51,2,66,41
50,32,14,97,21,100,79,57,47,91
51,76,57,51,95,49,48,62,81,8
50,76,81,29,50,22,92,43,21,61
84,83,51,83,54,70,33,56,42,92
59,2,25,87,5,97,55,8,11,62
48,42,100,65,51,43,49,62,17,78
71,53,53,81,63,46,11,72,38,53
20,2,8,55,38,63,95,12,4,32
63,58,64,91,27,85,15,78,81,45
56,49,25,13,30,6,77,100,98,43
18,84,96,59,8,62,96,99,53,64
52,23,27,57,46,76,97,31,14,27
16,48,83,49,46,93,32,64,29,93
51,36,73,72,8,52,41,75,78,23
85,14,48,60,90,71,46,95,99,38
96,68,43,44,2,47,6,32,91,9
77,68,97,18,39,65,59,46,65,99
14,93,88,96,12,61,95,69,57,41
69,28,69,71,47,94,33,37,52,88
38,70,59,80,58,13,52,62,3,55
60,16,18,34,71,40,67,40,60,45
78,92,1,83,98,67,10,61,98,39
2,29,18,38,68,27,78,47,96,56
84,76,26,5,27,26,81,67,67,10
49,88,65,93,18,85,25,48,15,75
96,59,77,67,13,56,2,28,13,55
64,65,56,50,81,38,54,43,70,68
1,9,92,78,93,49,85,93,78,6
37,60,40,69,18,62,71,93,83,95
94,18,10,88,28,53,96,46,72,88
20,81,87,60,2,70,82,5,59,62
89,63,19,8,6,81,17,30,91,62
49,20,19,96,98,58,58,78,69,33
4,49,93,82,25,90,37,11,17,41
3,95,73,16,71,63,42,10,15,72
77,16,50,43,21,72,8,85,84,75
29,25,62,42,7,12,13,76,56,55
7,66,21,24,74,25,81,48,73,25
7,40,50,95,82,27,21,49,19,23
92,86,1,17,11,65,59,86,85,86
33,44,45,43,58,8,83,7,51,73
77,43,2,97,89,27,29,82,21,55
54,88,38,42,100,37,40,80,10,41
99,12,37,97,4,21,24,22,13,14
15,42,40,94,47,45,20,58,34,72
2,73,37,96,27,3,64,97,37,84
30,41,20,90,92,62,36,34,41,80
68,65,90,84,34,9,15,44,85,33
61,14,18,62,61,11,52,95,69,75
53,73,8,79,63,18,35,92,46,95
1,99,29,4,69,88,30,100,53,29
62,97,64,23,87,2,53,95,26,16
69,7,80,9,45,40,12,52,21,40
35,83,4,96,89,54,18,82,92,88
5,88,52,67,50,52,60,34,18,18
61,41,48,72,76,34,54,98,74,36
90,23,53,28,42,72,12,91,34,84
4,5,64,97,45,65,67,96,38,92
34,13,71,52,22,30,55,1,18,58
18,13,20,20,88,98,37,54,76,36
44,89,68,2,27,57,60,74,93,60
47,65,35,93,45,77,82,7,39,82
18,91,45,13,51,84,43,93,74,70
36,25,72,34,63,83,92,14,61,80
24,18,27,70,76,16,98,71,42,53
16,82,9,92,76,85,39,47,9,96
86,63,36,57,54,33,37,62,53,99
18,1,59,4,50,3,4,48,66,9
96,75,85,80,41,78,83,90,89,74
4,34,91,69,14,75,64,23,98,97
46,13,86,53,1,58,56,52,74,63
13,29,5,14,49,95,68,9,99,86
82,30,17,33,41,72,16,33,63,87
55,99,84,6,47,43,48,100,84,34
92,50,42,96,48,37,76,92,98,24
30,78,49,99,28,89,59,38,74,5
3,52,20,5,79,91,40,35,22,91
3,57,28,28,58,1,63,42,71,69
3,26,65,37,55,45,34,49,28,32
80,43,84,83,81,13,73,44,74,15
69,6,88,35,27,45,43,15,84,95
80,51,56,46,84,73,19,85,58,42
89,31,70,20,73,39,53,100,16,85
27,47,95,41,52,46,82,22,85,11
1,34,100,87,23,48,56,21,11,99
29,37,31,99,26,6,29,59,5,54
15,18,19,25,3,33,3,4,76,15
98,42,45,2,47,53,79,42,17,8
90,95,30,19,59,79,2,1,37,67
1,8,7,64,44,88,2,1,20,97
91,35,14,14,52,79,96,5,68,82
65,22,12,22,98,78,91,98,52,79
92,51,45,88,2,45,57,43,91,94
12,3,91,88,12,57,56,9,98,3
95,4,10,13,34,86,55,55,54,11
51,50,68,23,28,67,55,55,46,54
92,50,22,48,79,73,16,7,72,28
60,72,23,41,63,88,23,11,20,6
53,93,71,90,58,50,29,94,52,100
20,52,95,57,47,15,26,35,74,35
94,6,65,57,95,98,52,4,67,40
6,77,3,70,98,29,26,62,72,99
94,13,42,24,6,88,4,23,2,91
25,25,44,22,42,36,19,76,51,6
59,13,92,98,17,18,14,20,45,41
69,64,41,56,84,48,66,27,48,10
15,86,25,54,33,91,82,42,60,58
48,64,54,71,37,59,96,18,50,20
34,45,46,45,92,68,64,80,76,28
70,98,3,93,55,43,82,2,76,15
5,22,88,73,70,41,35,99,86,60
73,53,95,94,90,17,1,15,79,60
74,86,56,95,30,49,38,60,41,88
34,93,58,81,75,7,96,40,72,17
75,31,28,88,56,84,20,19,94,32
25,31,40,54,94,60,74,8,54,78
64,63,92,71,15,80,88,56,3,89
65,81,92,81,76,88,22,76,22,34
6,11,98,29,22,24,52,11,33,75
69,65,69,43,9,24,48,53,5,81
23,85,1,77,93,33,40,89,68,6
67,31,27,11,13,79,3,10,13,40
91,58,15,24,33,23,7,82,73,60
20,94,32,90,45,3,91,21,93,45
68,89,72,86,40,66,64,15,91,70
75,52,97,32,95,7,47,15,82,65
75,90,90,63,41,28,81,3,45,13
85,31,79,26,86,96,62,11,78,12
48,84,21,62,71,49,2,46,24,73
7,43,21,3,25,24,73,64,44,9
32,29,8,10,98,54,92,98,78,88
18,11,3,77,13,19,13,83,79,56
86,74,47,72,92,81,71,27,67,56
18,32,80,89,14,92,59,65,18,100
38,55,71,10,41,3,8,21,72,96
5,31,22,27,50,24,56,75,83,38
33,27,15,29,48,100,98,99,15,3
37,75,31,87,12,31,16,67,74,72
80,5,93,55,8,7,90,11,48,55
33,82,100,43,16,83,47,84,46,35
96,81,35,73,12,71,75,2,77,48
31,78,3,9,68,42,36,85,26,53
89,49,14,93,91,54,98,49,7,3
14,80,4,44,82,5,43,41,68,100
81,54,67,17,19,36,71,46,59,81
62,58,7,10,37,59,30,73,43,81
64,56,70,10,92,15,1,3,100,89
2,66,81,56,84,56,28,67,82,21
76,76,43,94,15,8,14,34,100,26
16,14,62,21,72,39,95,53,90,66
5,34,86,99,73,68,26,35,18,100
92,100,13,73,79,60,7,36,61,94
49,93,4,59,2,90,53,81,7,1
48,62,49,63,55,11,77,13,91,22
97,2,75,72,19,49,27,80,46,66
53,74,62,97,27,100,12,99,90,19
56,100,93,44,62,19,92,33,71,25
17,3,52,30,83,43,61,41,70,100
83,31,6,25,49,38,93,69,10,10
84,83,18,24,30,7,69,20,30,22
25,62,28,40,29,45,63,33,60,38
95,87,62,57,7,90,5,61,22,64
70,48,38,18,70,52,11,5,6,79
2,7,46,74,58,3,10,41,12,71
53,78,99,54,82,37,14,57,70,61
95,5,99,65,53,81,61,75,88,80
46,77,33,2,64,82,15,66,84,20
34,58,59,10,95,53,26,3,23,32
39,30,93,2,58,4,36,44,6,71
63,28,34,70,26,34,45,91,1,54
23,87,19,77,3,21,28,62,66,34
41,77,83,92,94,73,81,54,34,89
40,31,68,33,74,4,13,63,17,1
53,16,6,81,6,52,27,30,66,59
90,73,46,52,60,15,39,100,78,18
86,15,41,75,5,39,69,55,44,60
7,29,29,38,69,49,63,5,15,45
35,24,38,41,41,1,50,65,24,23
57,11,51,100,55,5,69,58,37,7
38,91,44,38,4,7,52,41,75,81
3,51,47,76,23,97,26,37,18,41
69,23,14,28,55,74,63,5,74,56
18,91,29,55,64,6,99,51,43,63
1,64,43,59,43,62,35,45,93,13
49,29,68,90,43,32,58,71,85,99
78,61,11,60,13,63,80,46,67,72
75,99,75,44,58,69,88,78,20,55
18,66,18,47,10,90,78,17,46,20
100,30,12,60,18,51,71,43,29,59
23,72,96,95,22,99,31,31,76,69
84,80,21,13,81,26,54,63,29,18
39,9,81,98,20,28,76,30,97,74
50,90,58,41,40,75,90,53,25,70
36,12,51,11,14,61,14,86,15,18
47,40,55,54,9,51,50,11,87,93
53,85,26,2,81,26,62,23,34,6
59,69,7,5,70,60,46,6,13,26
63,94,14,90,92,37,98,56,21,34
84,39,76,8,80,33,15,68,22,21
49,76,1,50,2,84,64,13,1,30
98,96,46,65,73,89,72,44,49,31
5,64,94,35,38,55,76,11,44,73
34,16,63,82,40,85,80,73,35,73
73,77,69,99,6,74,46,47,27,44
68,29,82,75,99,97,80,27,29,89
39,25,36,81,88,59,54,45,37,66
29,44,49,80,36,90,53,7,68,65
80,13,40,34,88,16,91,15,24,19
17,44,35,85,20,96,50,91,56,60
54,67,86,32,99,84,30,8,29,50
69,92,99,69,74,16,46,66,64,80
97,90,1,3,92,20,7,66,20,44
31,62,42,17,47,33,86,92,58,78
38,45,97,9,15,74,17,20,25,78
82,7,14,76,94,94,27,42,80,45
17,71,28,2,80,1,92,56,78,98
100,20,47,52,18,7,25,61,27,14
75,100,56,68,33,83,33,91,14,31
94,37,58,93,16,27,72,66,23,94
24,83,76,100,16,16,92,43,14,92
70,24,70,56,24,22,54,47,5,59
44,5,14,1,9,39,69,14,51,66
88,91,98,77,72,66,86,22,96,74
2,72,56,68,84,65,40,84,63,95
98,32,74,87,37,79,31,22,79,39
35,56,16,67,18,34,28,82,35,58
86,71,88,86,1,55,2,76,84,59
81,72,67,6,55,100,22,91,24,79
86,43,19,45,9,11,99,10,83,16
17,14,29,10,77,55,36,89,22,12
93,40,36,12,20,1,85,14,70,61
67,16,30,72,42,45,70,32,15,51
19,51,44,47,23,99,8,6,1,38
83,42,90,87,6,51,44,44,61,72
51,96,51,29,82,39,18,100,86,34
76,29,46,79,89,20,63,53,3,90
46,100,42,23,55,5,75,24,82,29
99,54,71,71,3,85,58,45,58,13
5,76,46,32,75,40,79,47,22,74
32,98,10,2,25,50,8,55,54,20
22,98,93,32,37,12,68,49,66,75
97,16,34,3,47,49,21,24,95,10
50,67,72,80,79,49,67,12,39,68
60,9,14,57,77,82,98,93,47,31
22,7,53,7,87,73,79,69,34,51
2,77,44,9,19,8,19,34,63,18
35,47,64,94,25,36,9,45,92,84
11,73,24,27,3,58,46,64,4,13
63,96,100,61,39,46,37,49,83,24
65,25,61,66,49,34,43,23,20,87
84,94,78,85,40,82,10,19,97,84
53,84,44,89,27,83,18,65,44,21
58,61,10,43,39,62,60,30,1,20
91,79,7,22,26,46,94,85,21,67
92,31,26,32,92,38,54,12,24,88
43,79,35,38,38,68,50,52,16,10
30,64,40,9,17,49,72,95,89,53
48,51,55,55,35,4,28,47,43,66
45,63,31,30,10,4,8,22,60,63
55,43,13,15,46,93,41,37,56,8
96,73,53,85,25,98,37,16,13,9
8,87,79,20,46,32,28,27,85,14
38,32,24,99,39,30,76,80,81,68
53,81,59,97,88,83,10,49,44,83
76,1,24,71,66,24,11,40,9,28
69,68,43,89,97,75,2,71,60,49
76,24,90,67,41,7,57,82,83,39
76,76,76,67,37,95,23,69,24,65
12,72,49,64,37,60,99,58,83,75
32,86,26,71,93,70,16,38,70,70
57,96,73,13,70,32,22,53,32,90
55,77,81,98,100,16,13,88,92,21
30,45,47,4,45,41,3,40,6,80
97,16,68,61,41,56,57,47,55,2
11,56,75,76,29,83,80,61,41,28
68,91,6,91,49,25,3,66,4,59
23,59,2,83,73,6,89,20,17,23
44,93,5,100,28,74,73,72,91,21
11,55,86,11,86,97,44,15,26,46
48,73,92,15,80,40,19,33,50,48
57,17,47,24,67,5,59,87,96,8
48,31,46,10,32,71,42,98,7,87
14,6,10,87,51,87,7,71,65,22
34,9,63,85,8,15,4,80,57,45
91,31,96,24,15,11,35,70,80,37
23,35,40,98,22,79,48,18,77,98
82,61,26,48,73,87,4,68,18,45
56,66,89,73,40,91,13,84,33,42
74,79,84,54,19,20,52,49,94,79
24,27,42,47,29,84,39,9,56,47
31,66,12,80,11,78,78,1,79,80
62,12,98,77,54,23,16,24,62,6
37,92,6,62,12,53,77,60,30,85
85,90,43,99,61,89,13,38,69,47
31,9,17,45,55,25,100,80,94,68
88,41,59,7,59,96,94,14,16,13
26,65,42,72,69,61,13,22,21,40
22,67,14,41,76,95,66,53,93,37
95,69,96,86,10,43,74,16,41,76
100,73,13,97,55,56,1,83,62,72
49,41,96,64,84,59,71,48,65,29
52,16,45,98,46,57,81,12,98,20
86,79,84,17,96,69,78,92,83,31
88,76,15,35,87,94,73,12,9,17
84,25,80,62,57,5,11,12,88,80
63,80,72,79,61,34,93,10,36,23
1,21,72,13,51,43,65,61,15,12
30,91,41,9,85,20,46,74,43,38
87,17,14,31,26,21,34,64,22,24
41,91,43,70,54,95,57,92,70,42
89,7,99,66,73,12,37,76,76,87
74,85,11,50,13,82,3,25,88,64
92,89,32,37,79,36,97,81,40,1
39,57,76,90,65,68,51,73,15,52
63,80,47,3,28,10,56,15,33,52
13,88,50,9,33,21,3,38,24,96
43,92,3,81,79,7,32,99,68,73
16,45,34,95,28,54,91,83,7,19
19,1,18,35,33,62,13,76,26,16
91,83,88,96,44,82,49,52,9,83
68,48,22,86,40,63,72,22,65,25
100,53,85,19,64,87,70,30,89,26
14,15,50,4,45,86,4,30,25,28
70,87,17,31,72,17,29,66,57,66
40,13,2,12,95,53,70,4,23,18
94,2,92,81,4,50,78,28,33,86
65,25,60,72,63,80,92,45,54,73
18,82,41,5,25,47,13,55,65,16
85,80,24,9,24,52,84,62,32,8
87,98,23,91,88,68,70,29,22,96
19,93,72,63,80,44,38,41,100,90
59,72,32,82,22,2,53,61,63,66
84,64,37,49,35,88,29,23,97,48
47,72,61,90,78,83,70,7,49,40
34,71,89,60,46,67,62,16,43,87
85,80,30,22,1,74,18,52,99,69
100,28,23,29,32,26,33,39,53,29
26,57,83,19,16,42,64,46,23,83
59,60,86,55,3,56,99,82,7,17
13,55,25,66,33,58,16,63,38,13
4,15,29,97,97,77,17,63,18,27
73,80,66,95,51,87,91,61,72,16
33,11,5,37,14,94,65,15,18,41
4,82,83,92,74,21,76,72,81,53
43,44,64,84,16,69,96,15,39,91
29,29,65,40,96,19,10,15,65,15
47,52,56,66,48,24,65,4,72,46
85,15,52,21,85,86,4,24,60,80
54,28,55,33,24,46,83,100,6,88
96,85,14,14,81,21,55,82,1,60
64,11,2,71,88,74,20,65,22,79
53,58,45,69,73,70,47,34,40,10
89,34,44,66,21,11,96,61,17,94
42,12,97,95,72,2,76,20,98,97
51,92,39,35,39,27,89,61,22,38
59,93,7,6,68,24,47,45,70,67
11,31,57,40,42,42,24,64,94,54
48,100,45,11,97,21,51,86,34,77
66,57,75,18,57,77,73,76,78,87
9,24,40,10,91,42,65,65,93,51
20,94,50,91,30,85,11,32,78,1
97,21,98,75,74,40,55,42,84,16
47,62,99,82,2,56,51,97,78,48
54,37,7,96,79,74,28,74,33,90
66,91,31,28,88,2,25,36,78,56
31,32,31,38,27,66,73,52,23,11
10,96,55,19,65,78,22,65,22,43
20,64,99,78,59,66,48,42,71,24
2,22,98,82,100,33,42,22,81,41
46,86,90,92,92,15,40,4,74,46
41,57,74,24,62,24,91,15,73,6
54,64,67,30,47,52,97,52,68,23
25,46,54,94,61,46,16,100,44,35
46,46,58,93,76,63,34,24,89,38
97,57,96,90,22,13,61,41,80,81
30,89,44,72,17,27,24,70,92,3
65,11,6,35,38,23,57,70,10,16
43,41,8,81,68,52,15,81,35,55
96,46,66,64,79,8,64,52,64,3
80,80,18,39,5,97,53,30,67,28
32,18,24,95,70,31,1,48,54,51
52,12,32,96,80,27,97,7,47,90
14,52,28,36,86,30,74,81,89,22
84,91,29,52,19,73,30,87,84,87
36,12,68,69,96,21,5,71,97,32
32,34,62,45,90,14,21,26,87,32
38,96,27,12,85,25,92,52,31,65
51,92,95,19,7,50,50,19,79,37
40,28,97,70,73,37,41,99,69,95
40,5,16,40,71,11,73,33,23,41
14,12,16,91,78,45,59,68,34,30
38,20,24,19,69,60,99,5,98,80
26,81,85,52,46,9,78,16,88,46
27,96,41,69,48,70,47,90,19,86
100,52,62,58,25,56,67,75,4,32
26,57,61,77,56,57,87,27,58,15
5,58,94,65,70,70,10,39,40,71
100,97,1,2,94,63,12,84,31,33
52,37,59,69,63,1,80,19,10,93
43,40,76,82,3,86,35,48,88,22
89,32,84,1,22,94,75,87,37,46
18,81,84,88,97,38,21,46,23,5
4,83,28,96,14,27,1,38,71,82
84,47,4,81,11,8,45,60,74,6
49,86,30,65,53,3,85,72,52,79
36,27,18,92,61,33,3,57,52,21
56,37,61,4,38,33,19,91,42,73
69,44,18,3,12,56,34,95,9,33
55,94,19,94,98,91,87,49,16,40
100,73,97,60,68,33,99,36,76,78
42,100,26,36,68,42,65,90,14,28
36,92,69,93,69,29,6,39,75,58
60,86,67,94,90,87,48,23,7,19
96,73,5,71,77,10,41,41,75,84
39,95,83,12,34,8,45,71,83,51
51,24,30,35,44,88,11,23,64,48
40,50,29,96,72,87,88,67,62,21
12,23,37,99,55,72,19,41,63,29
89,29,96,41,10,89,6,9,73,23
1,65,57,36,39,3,27,10,62,3
86,99,39,47,68,63,5,17,65,38
95,20,2,68,53,80,18,93,38,63
22,74,13,21,17,63,60,26,80,75
34,100,95,89,57,39,95,80,26,85
2,60,88,51,33,89,84,84,67,34
77,99,22,44,43,42,27,81,68,63
48,80,92,43,2,10,37,37,30,43
69,78,49,10,60,26,59,39,65,57
38,9,53,15,36,45,40,66,50,57
52,54,25,64,46,59,20,24,90,12
28,63,4,29,79,69,35,31,17,31
87,66,71,39,65,12,90,85,97,19
46,98,37,28,55,69,53,53,7,100
12,38,70,84,29,6,100,79,46,9
79,11,89,79,97,98,62,3,37,69
51,58,28,50,44,65,9,42,32,98
1,8,85,30,39,74,19,21,18,13
61,95,28,79,20,47,94,48,94,85
56,69,41,8,58,17,69,1,19,19
2,67,92,61,7,48,1,58,76,35
82,46,81,96,75,96,15,6,92,48
79,49,75,76,90,36,13,83,66,37
8,32,7,88,52,31,4,99,4,48
54,32,53,12,92,98,46,34,12,98
93,95,7,74,2,31,83,10,61,91
46,86,84,80,73,69,1,59,30,63
37,11,48,28,38,43,88,99,89,55
97,66,80,38,42,92,50,94,48,18
25,45,98,93,34,11,11,5,19,82
23,94,91,96,24,48,46,87,96,3
96,40,39,85,4,22,9,97,60,58
82,41,24,73,32,32,11,84,74,53
83,22,43,88,66,48,76,100,21,12
56,15,38,11,100,89,77,75,42,93
57,35,32,47,28,94,2,12,31,91
100,56,37,33,98,55,30,65,45,55
71,39,18,26,95,81,44,24,98,27
98,99,81,6,67,45,17,12,5,81
63,67,28,75,57,25,25,29,12,17
65,52,100,87,95,23,40,38,21,65
85,65,88,98,99,97,33,61,90,37
18,76,34,99,19,7,62,31,81,65
71,76,16,4,35,29,57,60,95,84
76,48,14,9,39,19,64,54,41,90
26,14,71,82,97,6,59,73,4,51
9,18,43,23,7,83,76,66,55,47
39,91,83,17,19,89,74,47,25,73
61,63,38,45,18,36,97,36,84,70
68,5,73,18,73,82,81,44,71,92
8,3,47,62,25,44,64,77,48,16
1,52,27,50,28,64,52,17,86,68
88,23,18,43,71,68,5,13,19,17
17,18,53,70,48,29,51,8,51,36
83,50,89,43,44,75,60,60,11,35
72,96,67,1,88,3,60,46,32,99
53,100,73,81,29,46,84,71,89,93
64,36,74,10,64,55,1,65,11,61
74,91,35,14,43,28,100,6,72,96
69,48,26,100,30,69,36,55,92,7
36,15,7,17,39,27,16,89,22,37
83,79,77,14,72,26,89,45,89,78
27,4,90,5,94,19,47,85,35,54
45,39,76,86,71,96,59,10,4,71
76,92,69,10,60,33,4,43,32,53
42,67,97,71,39,5,56,96,63,52
85,90,77,9,82,60,85,93,40,37
57,78,33,90,14,25,39,23,90,72
42,14,15,4,92,58,81,90,13,8
40,88,69,65,30,19,74,34,76,24
64,40,36,89,57,3,67,73,13,7
27,15,86,82,50,65,91,69,79,45
52,70,21,77,11,80,76,72,57,9
3,55,8,24,32,28,4,78,46,61
66,66,10,14,15,68,53,17,80,71
85,8,28,11,71,21,97,9,9,100
86,54,7,82,52,57,95,42,18,47
98,43,59,49,63,72,64,76,39,85
98,35,19,31,37,70,58,16,84,40
10,42,100,31,75,37,56,5,14,57
12,18,83,6,24,59,99,12,54,49
97,27,7,25,29,99,54,93,50,97
30,90,48,32,1,41,84,66,4,30
38,29,20,17,4,42,14,86,34,79
15,32,19,1,84,58,81,13,13,49
48,89,62,69,16,80,38,31,69,9
62,43,25,53,21,30,22,69,15,6
92,3,65,27,62,76,14,16,47,13
90,32,36,48,50,60,48,93,54,38
59,32,13,59,83,15,5,23,53,51
14,48,46,13,10,28,68,98,1,26
3,100,22,89,84,55,88,19,52,21
78,36,63,6,78,8,83,39,58,59
23,21,80,98,66,28,95,76,70,62
69,4,65,92,35,93,42,31,45,100
64,53,73,20,72,26,33,1,8,17
94,72,11,72,80,89,92,18,32,48
19,93,5,28,23,99,58,87,99,20
79,74,74,53,78,41,16,8,12,72
93,79,35,79,49,64,59,90,22,79
48,94,36,94,75,41,19,80,27,84
99,66,93,63,21,29,39,72,29,14
3,57,30,24,25,28,9,68,7,66
48,21,3,69,72,26,64,65,4,4
61,2,70,1,25,27,84,20,98,71
2,69,18,25,100,53,43,90,82,82
8,6,86,6,91,79,77,39,30,66
1,17,100,26,43,44,30,84,97,71
28,35,55,4,89,55,72,60,33,69
88,78,90,1,71,28,48,76,72,40
57,9,83,37,69,64,18,85,7,15
79,23,32,39,15,94,50,55,6,96
24,12,42,61,59,16,10,63,50,45
10,84,81,12,19,85,76,88,46,28
46,3,80,14,63,84,30,32,72,1
8,30,39,49,14,65,100,20,54,47
88,5,94,10,45,59,37,34,89,67
87,72,39,21,14,83,89,96,61,19
85,48,84,85,21,21,61,11,98,84
19,24,44,85,3,21,42,80,98,100
86,99,35,2,76,65,41,47,95,76
1,54,33,100,83,45,93,67,78,56
91,73,20,21,73,48,48,1,41,59
58,9,82,56,2,70,34,78,81,37
69,19,15,56,83,50,83,20,10,32
84,49,20,23,60,30,76,11,9,47
91,60,90,81,10,46,19,76,8,20
58,5,81,79,98,86,60,81,37,31
11,19,89,92,70,27,69,74,17,74
98,4,10,7,18,31,94,79,41,82
47,55,72,33,40,65,31,7,41,50
65,23,99,79,63,85,85,14,4,2
38,12,73,19,10,80,26,94,78,11
58,13,49,59,78,62,60,77,12,99
100,79,57,55,86,86,9,83,71,80
65,28,86,72,39,19,79,95,7,67
47,66,25,65,73,65,66,44,6,35
25,20,73,83,86,66,45,64,48,41
7,98,61,82,53,28,67,80,7,85
48,55,78,83,14,38,10,29,34,38
3,35,25,51,21,98,75,88,34,12
77,7,71,68,82,60,83,54,73,5
61,54,76,23,78,16,47,87,83,43
66,56,16,37,9,12,31,42,56,76
40,54,86,53,100,26,24,58,19,39
97,37,59,18,90,76,31,34,100,22
50,46,48,30,62,78,30,36,65,40
27,56,90,66,32,30,32,92,97,32
79,82,71,20,100,51,48,84,34,54
86,3,31,58,18,76,10,19,22,54
37,32,70,6,50,83,2,95,23,63
58,71,26,32,64,49,19,54,88,20
51,44,56,27,39,15,17,90,39,42
78,25,77,87,50,44,60,53,98,82
50,15,44,66,11,70,28,48,9,13
83,69,27,7,96,89,41,54,45,96
63,19,18,71,21,60,99,17,75,100
13,62,76,38,41,32,1,85,18,100
100,81,91,42,66,88,11,54,51,5
99,19,63,82,69,22,19,16,93,39
45,97,29,4,83,8,48,7,10,79
42,32,58,29,74,97,89,7,95,37
6,73,35,3,15,52,92,81,2,19
17,63,3,59,6,4,90,27,58,25
28,73,85,82,21,90,11,22,46,65
22,5,5,100,3,8,43,14,17,29
87,51,96,11,96,82,98,53,54,79
10,39,31,89,100,92,59,39,29,25
69,78,56,50,56,38,90,37,34,6
3,29,13,27,14,74,29,86,26,93
69,66,61,9,94,88,29,83,20,26
59,50,76,92,63,40,65,57,27,93
58,96,54,4,84,69,55,49,59,11
55,49,6,20,62,46,47,34,8,66
16,56,30,75,44,27,95,42,83,40
67,77,34,28,44,65,18,39,41,54
51,79,58,45,88,98,70,93,93,68
50,35,32,61,46,47,58,2,30,78
60,81,18,46,47,18,46,29,24,11
23,22,80,42,65,51,14,100,52,5
10,92,12,79,7,74,7,94,8,93
12,72,79,36,94,91,66,15,73,56
70,88,74,24,61,6,37,57,89,39
74,96,90,64,27,53,89,57,67,52
54,57,58,96,46,87,68,16,78,50
58,85,42,77,65,78,95,43,86,28
81,46,68,59,37,5,8,69,29,6
42,79,23,11,93,66,86,44,3,72
30,72,74,19,44,3,63,46,97,18
90,98,66,26,55,91,95,82,80,23
61,89,42,66,44,55,69,57,39,31
50,46,64,62,15,48,93,58,44,12
75,99,5,55,63,60,5,5,49,22
86,16,17,31,37,54,8,6,51,46
20,79,12,61,46,57,1,64,62,23
54,100,28,3,83,93,82,15,11,69
71,65,26,78,57,51,46,51,22,22
10,25,63,25,67,48,55,64,7,88
15,40,12,29,11,23,42,44,59,33
88,4,75,4,54,54,2,2,30,75
61,88,28,17,17,67,99,33,26,60
84,26,11,65,74,77,18,89,46,73
12,88,47,21,30,88,56,38,23,67
31,79,19,17,97,44,64,31,59,74
91,87,59,95,77,8,92,45,64,92
83,4,3,17,93,93,25,86,79,34
67,85,8,1,84,18,95,27,27,20
70,12,35,95,65,4,66,72,89,86
82,69,87,69,81,4,31,82,76,96
11,43,83,83,51,4,63,89,27,17
74,11,90,48,20,16,40,2,45,14
92,84,88,11,24,5,52,45,22,48
71,26,35,97,10,69,37,65,25,95
67,39,57,5,19,25,35,34,65,75
10,23,61,35,71,25,84,32,84,39
79,28,73,36,29,88,48,49,17,23
59,83,71,69,92,84,89,16,67,9
63,66,60,58,26,25,16,4,21,87
26,37,52,21,67,65,24,39,99,24
46,32,5,84,5,29,96,45,8,21
33,50,5,99,20,98,32,65,42,90
2,87,21,99,68,65,37,80,17,13
12,96,72,47,54,24,61,57,56,28
20,97,62,48,98,95,16,50,97,70
26,57,92,61,95,10,6,24,41,46
27,87,69,97,28,80,32,24,2,63
41,61,22,57,94,91,10,13,15,45
9,76,71,11,73,79,72,46,3,46
4,55,62,10,34,39,78,48,93,58
65,64,53,41,66,21,91,36,26,68
14,67,6,86,66,10,63,73,38,14
65,62,13,53,62,17,31,36,38,18
31,63,96,16,94,56,21,38,70,50
27,35,66,32,1,37,98,78,94,41
64,41,94,66,47,5,15,73,28,23
35,38,80,74,23,41,100,40,66,10
81,63,72,66,36,70,37,39,99,40
51,91,47,33,35,1,55,58,13,77
75,7,36,94,97,86,18,80,50,98
74,17,65,44,18,25,10,53,31,4
37,69,80,79,31,47,16,90,90,53
21,55,39,94,65,93,71,5,97,85
77,55,39,16,44,51,70,75,36,77
90,49,37,82,4,21,54,7,89,79
86,88,7,78,47,37,4,94,3,24
73,43,48,97,73,68,46,46,80,7
76,57,61,73,98,49,36,23,9,81
33,81,89,67,11,55,69,33,49,91
77,99,24,31,83,14,81,99,15,44
33,70,93,63,28,62,18,46,97,95
65,1,53,42,83,18,2,27,70,88
33,26,53,66,10,12,37,21,73,58
53,78,93,95,80,54,2,62,100,100
29,73,97,74,63,59,11,92,97,98
98,20,66,63,49,22,89,92,66,66
45,31,87,58,61,27,84,12,57,6
54,85,83,55,4,91,27,12,34,41
30,59,19,86,84,39,25,53,70,80
44,75,18,21,18,56,19,3,50,68
88,95,24,9,61,42,72,85,45,16
41,27,59,10,93,54,69,52,73,57
59,40,74,42,99,32,29,49,53,3
49,30,64,43,71,4,60,48,91,43
52,66,5,77,25,100,38,86,99,89
24,99,59,89,43,19,47,44,24,74
15,18,24,13,88,65,75,96,84,81
4,49,99,91,42,82,28,93,15,68
37,11,58,73,100,54,84,32,28,20
3,74,29,38,81,56,15,78,84,62
87,11,87,12,23,33,8,39,91,98
7,29,48,89,7,85,81,76,69,22
86,18,94,24,50,83,4,85,86,86
9,96,31,50,83,72,56,2,77,97
3,63,16,66,15,52,77,33,64,59
75,47,88,42,58,43,82,11,68,69
74,52,21,20,13,74,88,81,47,12
87,3,45,54,6,50,65,42,14,37
89,98,22,92,24,77,84,37,34,55
88,66,40,78,54,7,1,42,91,41
50,6,72,28,27,12,3,57,13,64
47,15,30,5,83,12,49,50,73,96
55,79,95,93,32,29,47,48,27,72
89,14,93,4,57,28,81,6,9,56
19,53,45,40,24,4,13,95,28,60
63,33,88,25,89,67,14,61,59,43
61,18,78,57,48,84,2,22,31,67
41,64,6,15,7,82,37,51,73,2
100,94,22,33,72,95,3,32,11,39
73,96,88,34,38,18,17,44,34,100
40,55,28,64,85,5,15,21,51,96
42,4,8,51,45,52,75,26,30,16
90,39,12,89,90,29,19,30,98,70
12,58,57,27,56,65,29,26,81,14
91,27,24,16,15,53,90,99,80,75
48,29,2,65,56,62,94,58,67,70
10,48,47,43,3,53,83,45,97,77
3,72,61,20,66,27,34,18,83,4
10,76,64,59,72,89,76,88,68,39
95,69,36,31,24,43,11,11,90,16
54,3,27,17,71,97,86,26,54,19
72,65,14,85,73,68,9,76,60,95
97,94,25,9,12,82,65,58,59,9
35,34,85,1,64,40,50,12,70,98
5,23,70,57,80,55,44,92,96,77
74,92,27,31,55,87,41,12,46,39
66,6,5,34,27,35,90,50,95,68
40,29,9,29,18,60,93,66,95,86
74,98,57,26,79,86,8,97,70,63
39,72,84,90,94,16,68,72,93,93
21,73,1,61,44,74,54,44,32,9
1,66,21,77,9,20,99,60,88,83
80,59,50,90,72,24,21,25,16,54
62,79,28,85,93,93,14,63,30,85
59,76,88,28,58,96,75,26,50,41
27,11,38,12,9,31,7,32,15,96
64,8,4,4,76,64,86,2,49,58
28,46,54,85,88,83,47,41,64,48
34,16,31,39,73,40,2,99,42,51
97,95,81,61,63,50,15,29,20,53
14,39,28,51,34,85,99,85,15,30
1,25,40,45,37,11,27,63,3,4
80,48,92,8,80,46,93,43,19,65
32,36,78,74,76,7,84,86,9,32
47,43,61,26,51,39,17,94,82,67
80,22,76,62,91,69,45,57,72,90
17,3,55,5,94,48,1,56,80,16
11,55,34,28,2,24,71,57,39,40
85,78,47,77,35,24,69,93,17,26
86,12,69,84,9,71,63,3,82,75
27,41,61,7,94,9,52,76,23,58
78,22,19,92,37,32,95,72,91,60
57,41,14,24,58,25,83,76,82,48
16,40,27,86,13,27,8,51,5,42
61,78,96,83,53,92,37,93,84,13
55,79,77,97,31,96,60,92,64,79
59,32,57,81,3,81,96,92,72,20
64,29,61,97,19,94,14,95,27,60
19,54,6,53,45,47,73,86,12,99
43,27,2,67,60,93,57,25,99,8
57,86,48,7,76,42,60,38,82,100
75,83,25,68,26,22,34,71,78,69
33,21,35,17,98,39,78,5,97,38
25,58,12,35,2,40,21,36,64,94
42,40,43,74,46,2,60,5,36,7
63,94,97,74,26,89,60,88,32,42
28,14,73,8,93,2,80,60,45,44
32,29,4,59,4,54,22,71,75,94
20,51,13,43,58,12,100,67,2,60
86,53,96,79,40,22,43,2,88,41
78,59,61,5,93,48,36,26,10,52
97,40,60,56,34,58,48,44,99,25
73,55,43,6,98,57,86,72,7,7
19,76,94,37,37,76,60,55,66,38
64,84,95,82,16,34,71,59,46,36
18,19,71,94,44,86,16,100,24,82
49,30,80,31,88,19,84,43,91,48
11,95,43,82,94,90,82,94,69,57
12,45,45,13,66,50,37,78,68,3
79,18,70,62,73,93,25,74,16,64
88,68,79,29,100,3,68,17,89,96
38,23,13,50,48,13,18,89,53,86
41,31,17,1,17,39,50,48,30,98
97,84,44,76,18,23,72,97,40,8
4,18,40,1,97,65,37,9,87,33
31,80,62,13,10,79,99,8,64,28
45,59,13,52,88,31,20,20,18,93
38,41,29,49,95,10,30,30,79,49
89,70,62,41,69,52,25,78,59,90
81,86,89,76,28,44,38,79,71,14
46,84,45,52,78,30,18,92,54,49
55,55,42,38,90,69,95,66,75,19
11,29,66,28,95,94,98,58,96,85
27,74,86,25,61,100,94,9,27,98
43,91,92,89,55,88,22,53,50,11
60,61,80,99,34,10,3,35,65,40
13,55,56,92,34,16,95,60,18,62
67,68,54,92,44,74,6,4,46,32
93,78,10,50,66,28,73,75,47,93
39,1,49,31,44,12,35,44,16,40
7,28,73,77,23,60,35,16,87,22
92,80,94,49,24,64,19,29,65,63
29,18,50,9,66,72,73,28,90,41
67,76,79,52,61,5,94,87,80,89
82,90,88,24,49,98,9,22,62,39
39,74,10,7,1,51,15,32,91,1
74,59,42,36,76,62,56,47,8,57
89,41,23,16,10,85,29,8,45,99
4,51,15,90,45,73,50,51,46,73
98,11,37,78,15,13,16,6,68,100
61,79,98,75,13,49,95,31,59,35
71,6,63,1,75,56,74,91,33,60
49,89,16,9,60,94,81,95,100,93
64,49,80,22,20,23,10,3,78,44
98,19,100,67,21,47,23,13,14,56
66,26,69,35,44,79,29,48,74,94
45,76,66,47,15,82,3,86,56,79
49,14,96,50,73,76,45,52,72,47
71,99,28,24,96,99,30,34,87,75
73,34,23,38,22,34,49,91,32,89
91,81,86,29,5,89,29,37,90,5
89,67,65,9,20,72,23,58,78,21
2,14,77,80,29,12,41,79,24,50
35,79,90,27,66,26,89,18,58,91
15,62,42,12,53,63,33,26,79,25
100,57,76,79,54,35,18,23,39,7
99,42,73,3,67,91,81,13,77,30
81,63,76,39,58,58,24,79,71,29
6,50,44,68,68,58,92,82,34,42
96,88,57,19,69,45,70,50,34,41
29,74,46,34,43,88,68,78,50,46
84,70,13,70,67,10,44,60,6,28
67,29,15,96,53,35,12,50,24,93
34,56,33,64,99,18,5,83,82,14
1,36,72,46,97,62,28,48,3,59
46,8,92,54,47,47,74,88,10,19
80,53,79,32,89,16,83,37,62,7
76,26,1,12,48,99,81,27,69,47
60,96,3,86,30,93,21,63,9,43
90,39,13,13,73,53,67,67,32,22
23,17,99,89,81,8,36,20,85,80
34,40,76,59,41,39,34,63,14,100
77,80,77,26,9,17,32,18,40,6
55,5,28,31,2,30,62,36,21,78
6,80,54,99,73,89,41,44,26,32
65,57,69,98,50,10,98,40,92,21
83,32,60,24,39,54,79,6,54,58
16,86,49,37,52,72,4,41,73,14
20,48,27,98,37,32,38,63,23,27
86,92,2,9,19,43,98,38,24,95
37,60,85,78,13,53,42,51,56,32
4,72,28,47,58,14,22,20,73,83
93,47,92,43,4,77,79,61,48,49
96,20,19,60,51,76,71,63,61,66
22,55,90,34,15,86,10,96,5,88
81,74,23,100,63,25,77,72,38,13
89,73,54,28,32,69,36,47,89,57
68,72,75,47,23,63,6,35,42,53
72,84,56,67,36,28,12,24,67,53
83,82,52,81,36,87,26,33,13,49
69,29,85,16,28,42,58,12,100,66
93,81,72,48,50,56,76,78,15,28
74,27,71,6,58,50,71,81,16,41
97,47,55,1,39,4,6,19,57,33
73,97,6,40,6,37,81,45,37,16
15,60,2,4,19,71,89,8,15,62
37,84,57,83,52,54,7,9,53,33
34,37,94,71,7,29,22,94,5,29
39,31,33,14,84,94,95,41,2,34
49,66,39,3,47,40,40,33,100,57
60,46,28,83,54,53,54,47,43,27
90,42,63,16,64,56,77,61,58,39
23,67,89,95,55,31,21,74,40,47
46,34,80,8,90,37,31,71,47,3
25,20,2,46,71,91,99,36,95,81
6,66,35,80,59,85,44,14,73,2
50,39,9,97,75,29,96,67,5,97
91,88,88,7,27,12,2,50,48,81
22,21,73,28,59,82,80,16,30,63
100,37,51,31,28,16,19,90,33,60
44,60,47,70,74,44,67,31,72,87
92,34,100,47,14,6,80,53,97,42
84,21,41,51,46,96,83,18,25,5
59,62,59,72,55,52,30,96,46,19
30,86,52,59,83,51,17,91,7,5
100,65,96,22,53,29,8,90,88,63
36,71,96,29,84,23,61,59,16,33
59,84,29,14,49,66,74,57,49,35
65,39,12,21,63,100,55,22,6,92
74,87,68,20,95,52,87,11,7,45
82,47,22,43,9,59,35,18,89,87
86,52,56,58,19,81,23,62,27,99
86,36,99,74,1,45,50,44,84,55
8,78,80,46,2,61,59,11,10,23
79,43,96,69,61,41,18,6,13,16
70,37,74,20,69,61,81,67,17,62
11,31,83,40,1,41,11,78,94,58
37,12,84,11,37,61,19,5,90,31
23,51,19,42,93,66,88,38,45,41
75,29,90,41,54,57,41,17,69,7
3,47,12,52,84,87,76,37,82,33
100,29,37,86,65,78,57,37,63,83
20,36,60,12,65,86,49,75,5,16
33,25,52,70,42,19,36,78,72,72
20,44,58,82,37,97,18,45,74,42
35,100,33,70,41,16,63,1,41,65
8,72,34,26,43,20,20,6,63,14
18,39,11,55,55,59,82,20,3,56
45,33,88,90,32,4,12,83,47,18
88,44,95,7,84,94,43,15,76,26
39,2,93,5,83,25,87,46,76,50
43,10,57,58,46,10,94,32,93,47
73,6,19,18,5,30,75,56,7,29
30,13,1,69,30,1,58,57,70,12
24,56,46,18,32,92,77,76,85,43
4,66,71,84,54,99,68,35,53,89
80,17,2,6,41,80,91,76,32,45
90,52,100,91,83,41,81,45,64,14
6,56,33,64,4,51,53,87,7,36
94,81,29,63,90,67,49,79,12,31
22,87,22,100,71,27,38,88,1,51
34,39,94,95,23,100,54,35,50,88
99,91,27,56,41,49,71,18,23,49
57,52,1,77,97,53,62,2,85,28
88,39,8,6,96,72,61,67,65,2
99,49,36,87,51,84,88,82,46,93
67,77,44,53,27,70,51,53,41,18
27,34,10,11,79,28,16,7,43,45
46,20,12,38,94,78,20,11,43,74
14,45,7,88,19,47,53,63,28,40
13,96,48,37,76,68,90,10,23,14
18,84,56,45,86,23,25,77,18,76
6,88,12,70,27,12,26,52,16,49
40,8,64,17,92,14,87,28,88,3
27,17,38,4,78,42,86,80,91,34
37,18,1,37,15,94,12,91,95,33
84,36,69,91,3,46,40,79,45,75
28,22,30,2,73,96,10,100,13,72
86,2,3,69,91,39,58,4,32,18
12,87,60,7,96,91,17,70,77,52
14,46,13,92,23,14,85,46,70,90
39,87,32,13,15,38,65,27,20,95
68,97,32,65,75,9,85,85,64,80
63,55,25,5,74,44,63,58,72,37
7,38,22,9,56,26,88,78,50,55
60,27,63,16,92,12,14,70,66,24
43,39,86,84,36,16,68,53,81,50
98,72,22,18,3,7,99,100,91,96
100,20,85,71,32,5,21,68,3,2
91,19,80,40,50,27,3,35,81,44
22,41,3,13,58,12,67,94,5,70
83,68,36,23,77,39,79,35,4,34
4,78,83,87,52,37,34,29,32,12
30,88,92,8,8,1,58,45,65,92
95,56,54,75,3,98,14,52,56,83
27,83,11,67,81,23,56,10,10,25
9,94,96,21,91,64,97,41,37,24
63,86,68,15,74,83,72,60,46,95
64,14,34,82,95,92,52,91,55,49
72,84,98,87,39,37,49,60,39,37
63,46,7,39,18,25,53,35,12,29
10,59,65,67,2,68,80,56,79,89
53,1,59,6,22,8,12,35,49,19
1,32,12,45,25,94,14,49,32,40
72,100,92,45,91,48,37,99,29,92
63,39,67,94,20,66,91,34,70,69
17,21,8,56,32,24,27,42,79,89
68,8,81,29,53,14,56,9,68,87
37,71,27,23,34,50,14,23,14,7
18,28,54,95,71,92,72,36,18,94
31,11,91,79,92,74,91,20,74,35
74,46,84,87,74,97,44,43,4,53
89,59,77,67,77,74,91,67,96,38
64,47,86,90,26,83,93,77,69,93
46,77,67,59,65,90,70,96,50,7
55,59,48,7,98,10,63,39,16,44
29,51,55,98,27,61,43,18,1,11
81,74,44,97,11,91,62,61,46,33
90,93,51,47,27,27,40,39,74,70
35,49,25,52,47,87,43,80,41,5
11,97,14,6,50,30,5,33,86,98
60,64,89,77,13,7,6,54,56,41
52,90,57,25,99,4,51,15,3,43
95,39,31,29,67,49,19,10,17,58
86,64,28,17,40,44,72,65,55,80
68,99,41,57,41,54,55,80,80,69
100,43,26,96,54,98,46,54,100,99
62,89,37,39,79,9,49,23,47,40
28,100,77,64,84,5,88,38,45,12
66,47,80,63,77,5,60,11,25,56
75,17,62,52,91,83,66,28,45,56
40,50,17,74,54,70,12,68,14,37
10,12,86,38,11,76,4,67,35,83
61,64,89,72,29,28,37,60,65,36
55,12,88,88,12,41,70,17,35,80
82,7,41,60,82,22,87,31,7,39
88,55,59,79,6,46,16,45,91,45
97,27,61,59,7,77,11,74,63,17
59,16,64,19,90,70,41,92,63,72
32,99,48,3,30,41,44,64,98,98
20,3,27,9,74,96,21,63,45,5
31,80,58,81,92,60,61,34,32,54
26,98,79,96,47,59,98,82,54,99
95,77,59,19,64,80,51,29,31,15
78,17,34,62,56,56,37,7,82,22
86,27,67,20,72,8,11,47,62,30
47,60,90,38,98,48,15,74,28,20
76,66,66,12,55,78,39,68,63,65
16,5,89,13,53,84,97,59,67,30
28,73,96,95,97,68,51,79,33,2
26,17,61,87,16,68,97,17,41,49
1,66,37,82,67,62,4,74,62,9
87,52,95,74,66,84,59,60,74,61
72,42,32,36,40,18,21,74,1,40
69,22,51,47,54,23,100,55,35,82
47,68,31,27,24,16,49,9,55,83
79,72,98,26,45,35,29,50,4,86
50,30,76,39,99,29,68,2,45,42
35,90,60,44,32,35,55,95,57,1
68,58,23,14,47,80,5,61,63,100
38,88,54,59,28,77,97,99,23,40
5,5,57,42,16,78,19,81,32,70
34,64,7,95,2,17,2,10,66,12
18,75,6,36,28,45,15,74,91,29
14,54,5,69,32,44,9,98,73,76
26,67,44,58,71,22,80,41,76,94
5,28,75,79,11,12,83,60,73,10
19,41,100,30,77,10,54,3,97,67
17,19,58,65,85,16,47,53,18,10
95,9,5,50,37,53,32,47,51,53
93,24,17,99,85,92,56,33,40,47
20,97,90,7,20,49,83,18,38,95
29,80,54,4,71,35,60,38,97,64
78,34,69,52,99,48,38,59,93,36
53,1,41,6,48,42,3,19,60,50
92,35,63,13,31,95,2,24,51,77
78,66,64,57,51,14,24,97,67,95
23,41,93,28,28,17,38,30,8,21
71,19,71,74,94,47,8,39,24,35
74,53,43,87,35,70,77,92,56,35
84,38,21,29,80,69,28,24,6,50
57,90,79,48,70,92,18,34,63,24
39,71,90,75,96,35,30,84,44,58
35,51,40,83,100,40,7,86,13,49
42,19,14,85,59,4,91,12,53,98
80,24,4,82,69,77,14,62,64,93
5,47,1,69,54,83,80,21,35,75
33,92,68,93,1,3,99,69,71,99
80,4,82,27,25,42,6,39,78,98
11,98,5,91,39,3,100,25,37,100
27,73,80,13,93,48,11,62,27,6
4,34,27,68,49,6,57,52,39,21
9,91,1,32,2,5,69,71,81,70
56,52,35,51,13,81,15,72,12,25
8,99,33,97,39,36,2,43,69,87
19,69,72,72,93,95,31,39,33,39
1,91,97,92,53,98,15,72,83,86
82,58,53,71,77,41,37,67,44,44
72,23,21,46,89,78,53,71,85,96
36,43,35,23,60,62,35,25,36,91
78,84,46,89,30,99,32,82,97,40
86,88,42,9,48,20,53,98,48,76
9,77,11,32,83,57,82,67,64,88
65,96,14,85,2,74,22,70,44,11
38,72,79,39,59,65,63,57,39,87
37,91,49,99,80,74,46,6,65,90
94,43,11,61,22,75,29,38,94,63
90,41,97,6,7,94,73,92,53,1
71,27,92,71,86,73,72,11,16,10
22,2,72,71,100,19,42,60,52,63
96,53,55,63,59,22,7,31,61,92
92,71,23,7,22,59,50,43,9,29
4,1,49,94,54,92,82,91,25,53
59,82,89,85,81,23,44,36,16,81
48,36,28,42,2,3,97,17,40,58
16,72,16,24,79,2,70,58,93,61
50,17,60,25,29,79,94,53,100,17
2,79,29,46,43,19,96,49,15,6
92,61,83,36,64,38,56,72,44,16
16,18,57,28,34,46,25,27,4,82
63,93,49,57,4,15,9,19,63,3
77,22,57,34,38,73,73,6,46,84
90,97,10,67,79,64,1,22,48,17
89,66,84,3,65,43,24,51,3,74
83,77,74,57,99,20,91,76,97,76
30,41,15,93,48,87,81,55,25,33
55,78,85,57,7,100,24,84,33,100
88,36,75,1,74,20,34,64,78,2
43,52,33,2,59,21,32,1,34,38
44,91,40,43,57,60,7,83,7,8
19,55,15,25,1,46,41,6,35,47
3,30,67,78,72,41,99,36,83,46
10,72,93,84,18,7,21,70,10,64
34,97,69,9,64,17,73,51,17,86
14,51,62,1,39,7,47,96,65,69
25,16,20,43,3,25,37,86,84,18
32,77,22,9,1,16,35,48,47,57
76,20,38,38,89,61,17,83,28,28
59,33,61,3,63,36,49,39,74,29
83,83,8,55,85,88,17,13,58,51
84,77,1,62,26,93,2,84,54,1
10,56,41,51,46,21,19,77,2,32
9,40,8,91,73,27,70,81,100,40
60,55,17,2,63,44,85,8,98,29
61,17,58,19,6,26,69,96,58,60
22,44,14,74,86,42,85,17,40,27
64,16,56,64,85,54,82,54,94,27
39,80,14,15,18,37,61,99,6,49
30,12,65,93,41,54,48,56,82,83
62,15,24,68,66,53,53,100,97,46
55,3,66,76,36,15,33,63,64,8
47,8,78,52,88,25,9,59,79,75
4,36,29,85,63,26,29,46,11,34
65,21,11,24,83,57,64,42,9,11
60,54,68,81,86,60,1,8,21,83
34,87,83,79,14,6,40,83,42,40
18,97,74,3,95,65,36,51,31,86
11,21,59,13,68,84,27,85,55,36
89,49,86,17,33,41,38,97,8,78
39,69,22,90,70,11,40,63,31,74
63,78,90,97,100,15,50,33,2,84
13,40,20,42,31,37,52,18,15,87
68,16,29,42,4,96,50,59,18,34
20,90,67,39,47,99,51,99,82,91
74,92,34,48,41,20,31,82,44,81
17,10,67,55,43,46,56,77,32,15
52,83,10,92,44,95,95,3,29,22
51,95,37,29,22,38,22,73,23,79
63,18,18,4,42,4,91,39,96,77
22,31,94,81,83,89,91,77,44,66
86,13,56,48,99,57,56,16,15,23
76,13,8,80,88,45,57,77,100,66
42,60,98,71,83,68,46,65,45,69
50,91,50,49,22,33,9,7,27,100
25,69,38,85,37,83,55,10,58,82
94,59,51,92,13,28,74,64,68,44
6,52,85,70,65,78,18,50,67,22
9,59,33,27,30,87,17,73,13,27
43,41,64,53,45,51,13,25,57,34
2,13,45,26,33,26,25,41,37,46
56,49,78,47,54,73,39,78,8,69
5,37,86,14,82,66,33,39,99,100
53,73,34,42,4,13,47,81,92,28
46,22,76,99,34,84,21,71,93,56
45,60,84,12,32,3,76,17,99,66
4,81,47,1,59,6,51,94,7,28
23,99,20,32,12,43,35,57,42,5
76,100,100,53,73,84,5,78,24,32
82,99,4,61,2,17,72,84,73,49
32,26,4,81,6,50,65,40,32,91
16,45,90,98,89,85,70,44,9,16
11,28,51,75,86,71,68,74,17,94
75,66,50,47,40,80,86,11,79,40
97,60,76,55,89,23,24,63,30,23
82,3,28,41,32,13,54,68,73,9
35,22,88,90,80,58,43,51,97,76
45,27,8,90,51,57,12,6,71,89
54,98,62,68,39,95,84,27,79,99
66,74,12,39,48,47,31,89,88,52
30,91,98,10,18,50,6,70,78,26
92,58,4,56,87,65,69,2,47,38
78,29,70,85,49,7,47,3,27,94
23,57,61,74,9,93,45,44,79,61
52,46,29,20,8,49,50,13,73,92
73,70,89,99,92,18,57,92,48,72
46,54,17,12,60,2,24,77,6,73
62,21,80,59,2,98,25,36,43,43
79,73,65,88,56,73,30,15,31,64
88,55,36,72,1,31,74,54,61,45
86,91,65,27,76,72,79,94,15,73
14,7,14,20,97,86,75,74,32,87
30,85,92,69,53,80,60,93,70,56
24,50,91,71,60,50,2,56,76,76
12,65,11,77,7,3,29,80,17,31
16,45,69,98,61,21,79,75,97,19
79,6,29,32,20,17,23,79,76,22
53,45,71,19,37,48,94,77,17,47
96,62,4,96,33,19,79,78,36,27
11,43,34,38,80,80,4,93,96,26
51,75,43,28,41,10,74,8,20,92
4,2,95,46,77,48,20,13,3,57
72,25,13,73,39,35,84,97,25,18
8,100,54,8,86,11,9,25,28,77
44,50,66,88,25,29,54,85,22,45
54,24,41,79,39,15,44,5,54,87
7,13,32,66,53,100,17,94,56,85
5,62,74,63,31,53,77,4,90,97
81,94,45,53,81,83,100,56,33,43
56,94,24,9,32,63,74,91,45,92
94,46,70,86,77,55,2,13,56,70
4,14,70,86,29,80,8,42,69,99
18,36,7,11,29,54,98,57,91,28
14,66,37,16,18,63,11,97,78,17
40,46,54,19,19,64,27,99,20,71
23,24,85,59,77,67,28,60,30,61
33,66,31,27,34,56,41,40,45,70
24,70,48,50,59,57,74,79,80,24
91,16,61,42,60,5,50,64,7,88
74,80,75,72,48,87,92,60,47,32
48,34,70,51,82,33,66,8,98,88
19,100,82,82,23,89,70,71,76,71
47,4,84,17,81,68,53,17,45,65
44,14,90,89,85,33,62,82,79,71
69,36,79,32,46,7,10,81,77,43
62,37,65,99,17,91,1,90,16,31
82,94,82,14,17,19,21,98,47,1
4,35,29,31,50,21,96,97,35,74
22,63,61,29,47,11,9,65,34,21
9,97,46,85,77,28,56,48,84,86
41,6,91,36,67,10,48,52,73,60
35,100,21,35,52,57,22,82,43,5
40,37,10,76,25,35,25,39,79,12
11,74,51,8,22,34,15,7,81,32
29,93,38,29,32,35,26,68,71,1
10,47,7,81,4,66,97,75,5,62
87,11,4,7,42,98,54,83,57,62
97,97,77,46,87,61,53,73,20,12
64,50,93,42,37,47,7,17,37,69
43,46,37,63,24,47,70,74,28,96
33,84,53,64,58,80,33,72,9,64
77,9,25,33,66,3,11,34,99,77
44,21,86,43,70,82,28,78,12,15
30,56,55,85,91,94,31,16,29,70
37,1,27,38,1,82,25,34,1,18
26,66,44,21,80,5,85,99,66,33
1,80,34,81,53,80,82,92,17,45
89,39,32,83,21,67,46,99,60,73
18,34,16,55,52,90,82,1,19,45
39,23,79,24,77,38,62,62,13,8
4,30,53,79,61,55,50,57,42,94
3,40,56,42,63,66,36,75,20,8
51,28,2,78,71,50,40,41,17,93
75,22,70,51,23,77,64,5,52,50
37,11,100,58,65,77,20,32,27,80
27,58,38,31,18,57,5,11,73,59
73,11,8,96,23,57,12,4,75,41
50,38,74,21,77,86,25,6,72,12
19,49,38,43,24,68,1,85,91,31
31,49,31,81,75,25,37,83,36,30
36,23,66,72,57,47,88,97,40,9
32,15,77,39,46,62,46,89,23,21
23,23,1,10,33,13,9,10,36,3
6,46,24,16,60,53,69,31,13,33
53,36,53,99,26,75,83,8,54,2
53,98,98,48,91,85,64,94,91,63
55,96,15,68,54,75,43,5,85,73
95,29,57,77,69,40,60,55,54,16
42,77,22,82,80,96,57,62,41,69
28,45,32,70,36,21,75,45,11,79
75,46,67,72,58,98,66,29,4,29
2,91,14,56,77,17,37,83,90,70
22,6,25,96,13,36,9,24,57,73
23,58,55,86,26,40,11,43,59,86
11,36,20,79,33,52,11,45,83,54
70,40,95,37,89,70,98,2,21,55
81,80,36,91,19,2,49,75,70,72
32,33,88,12,57,69,51,63,47,87
32,21,97,43,37,54,25,19,10,67
34,32,13,61,28,6,64,65,100,92
15,5,96,81,28,2,98,62,40,23
42,82,16,71,72,12,1,100,92,93
31,71,82,61,75,16,9,97,82,83
76,62,7,35,27,21,28,90,94,89
77,44,60,92,48,73,35,20,22,51
33,36,13,48,36,94,98,27,96,64
75,6,58,17,17,3,69,84,45,48
71,4,9,46,40,7,85,13,55,1
98,5,15,50,16,39,67,47,28,85
54,93,26,80,26,18,68,1,100,33
35,55,17,59,17,86,18,14,42,44
23,7,17,75,40,26,97,24,36,77
7,76,23,72,13,54,62,62,97,41
12,28,18,48,14,32,35,42,43,39
13,25,95,61,52,21,44,23,74,71
30,33,35,51,95,51,77,94,47,69
8,53,99,71,52,95,18,66,5,81
55,32,93,70,52,90,63,6,28,32
79,57,36,32,66,23,6,79,74,30
8,75,52,95,92,100,16,30,24,17
99,66,9,91,59,51,11,51,53,53
96,70,82,76,97,89,17,92,95,42
89,57,80,7,88,72,26,55,44,100
51,29,62,46,38,15,35,9,87,24
49,71,11,15,10,87,62,15,66,93
14,99,73,26,11,2,63,75,98,72
63,24,29,97,81,86,29,13,88,25
20,12,36,58,90,82,10,76,81,66
40,12,65,16,2,2,36,42,85,35
92,69,16,98,80,22,64,35,79,80
35,53,24,16,22,42,62,70,54,53
89,60,81,45,55,43,78,1,100,77
57,50,77,50,11,94,10,91,80,8
5,97,100,37,92,28,19,21,44,63
44,18,40,54,20,69,76,9,48,18
38,48,37,84,48,59,91,86,34,23
44,40,7,38,50,99,50,32,74,81
47,78,56,1,1,47,62,53,66,90
70,46,41,63,5,3,3,36,81,9
80,95,14,14,40,75,80,63,24,85
77,88,19,62,40,5,100,74,74,48
3,23,3,79,90,71,42,68,95,32
96,2,61,31,93,43,3,92,19,1
97,72,68,69,29,3,27,19,34,28
64,61,79,68,62,94,13,78,45,61
51,100,41,89,92,98,67,48,61,87
65,94,46,33,30,82,66,69,89,78
87,29,26,59,21,83,41,30,65,16
55,86,49,16,22,47,74,7,78,81
70,40,78,30,63,25,46,41,37,89
78,37,65,80,59,24,1,41,55,86
58,97,21,43,74,51,16,92,72,38
52,22,78,11,72,4,53,27,62,97
16,69,73,89,80,18,41,56,66,26
72,24,23,47,9,75,4,5,96,20
78,45,87,51,8,77,91,87,78,73
52,13,25,74,93,41,50,1,56,23
79,88,39,59,96,4,70,21,97,35
69,40,14,34,71,68,48,87,40,89
83,98,84,90,19,44,1,35,78,89
91,80,48,59,6,61,84,32,92,10
40,89,41,54,6,20,41,37,78,8
5,67,22,37,2,80,62,35,96,22
55,38,91,62,3,40,41,7,75,17
68,89,91,42,86,66,55,72,72,66
13,12,66,67,2,16,94,14,23,82
87,94,49,15,53,94,4,86,2,86
77,68,26,4,39,87,94,88,97,93
69,75,76,89,89,53,43,7,14,44
75,78,15,8,59,99,51,91,32,5
37,100,6,75,80,58,97,86,30,61
91,68,72,44,84,67,16,12,64,54
90,65,100,27,80,31,50,100,10,73
29,46,70,33,35,92,23,99,39,65
41,23,12,28,60,8,46,100,4,53
47,90,8,26,74,49,78,48,16,37
9,16,17,21,96,37,23,77,61,2
80,66,61,7,18,98,91,80,29,91
13,100,24,92,76,99,38,46,15,48
40,37,12,87,21,58,23,33,76,27
65,89,28,19,19,13,40,34,11,5
58,4,81,56,28,88,35,45,35,81
59,10,31,75,88,17,41,74,47,64
27,21,34,9,72,17,63,93,85,19
62,86,87,74,72,33,58,17,41,49
53,100,61,15,96,69,2,56,70,34
86,35,69,26,70,71,19,91,37,31
76,92,54,30,95,86,40,30,23,25
77,52,28,61,3,64,81,90,46,9
68,90,65,86,28,27,69,37,39,87
65,30,56,55,31,90,65,69,4,45
47,24,92,83,62,77,86,72,36,98
16,76,31,9,41,12,7,31,69,6
49,53,29,52,68,58,28,2,20,44
29,20,52,66,63,92,13,23,11,93
61,18,32,82,48,89,100,93,68,47
27,85,67,80,39,77,77,96,40,69
3,24,28,46,27,66,10,55,37,33
94,23,92,100,58,31,3,1,61,90
94,89,55,9,96,76,90,62,30,99
8,100,100,92,9,35,14,73,88,71
26,1,57,21,65,9,78,81,7,90
90,97,21,65,7,13,39,19,76,12
28,45,40,81,80,45,6,46,73,50
32,99,32,100,26,85,98,87,17,51
49,97,23,97,60,93,69,80,62,64
11,85,70,49,25,55,96,48,89,23
44,17,72,85,8,71,51,98,3,18
82,68,17,13,40,72,30,37,26,62
54,11,66,10,71,66,99,55,59,31
52,53,13,12,10,14,83,21,12,50
30,34,52,18,46,81,43,25,56,51
28,33,48,48,42,41,39,53,84,48
38,13,35,93,18,81,19,21,8,73
64,39,10,78,67,96,85,3,39,12
52,58,8,29,94,8,46,87,24,86
31,83,87,100,84,95,69,9,6,32
72,76,19,56,31,25,32,42,8,96
32,69,33,91,89,3,24,44,79,16
41,21,60,25,96,30,98,97,27,79
51,58,16,12,43,80,16,94,95,88
43,12,14,5,66,29,31,64,4,75
50,45,89,53,71,90,52,49,87,48
85,34,6,12,98,96,67,55,36,33
5,40,89,4,46,21,48,8,94,60
3,31,90,18,75,4,79,69,55,88
60,86,18,83,96,32,87,4,21,41
5,68,38,49,89,87,92,29,86,47
33,52,28,17,21,32,81,61,38,41
47,40,98,52,26,16,83,27,90,29
28,46,59,24,33,46,88,11,30,93
40,33,47,100,33,47,54,25,1,35
63,44,64,69,57,3,52,63,22,93
69,60,99,53,75,74,80,70,69,41
1,51,73,100,49,69,74,54,96,15
8,9,35,63,54,78,8,51,99,85
59,45,14,1,9,90,83,92,20,80
11,73,26,46,38,23,46,53,79,59
72,75,23,97,61,66,87,30,43,66
29,15,30,47,40,64,21,98,32,79
17,53,24,65,66,77,91,23,15,60
57,29,19,40,86,23,99,46,30,23
8,65,39,49,84,68,82,51,70,14
34,70,31,47,30,14,33,87,30,58
6,83,79,96,68,78,44,62,68,13
42,1,18,91,11,39,32,2,4,52
17,23,87,81,4,55,58,60,64,36
90,66,64,52,15,25,47,33,51,64
30,84,36,90,74,56,8,35,38,88
96,60,17,36,54,75,9,69,11,77
74,67,52,16,49,89,48,71,78,81
43,48,62,41,58,52,36,92,95,88
16,90,33,58,85,100,25,63,14,44
4,30,77,8,96,26,63,37,47,31
63,87,14,63,77,74,92,42,18,84
21,97,75,34,77,42,66,16,83,4
86,92,53,89,31,45,94,71,74,85
41,91,67,100,28,50,54,95,23,66
20,88,88,55,38,71,74,7,92,52
64,57,81,44,35,50,1,22,53,24
47,75,74,73,87,28,1,18,68,16
54,48,68,96,8,68,74,88,72,91
77,83,98,9,95,5,54,65,21,47
12,66,70,92,93,87,19,10,31,21
32,93,39,24,89,55,48,81,21,4
16,63,87,88,19,38,68,51,24,25
85,50,7,100,51,10,53,72,2,50
63,46,83,59,97,92,48,14,35,52
36,77,91,6,81,69,4,52,13,49
67,91,20,28,7,69,32,24,2,8
90,96,88,74,72,11,83,6,51,49
39,92,79,56,17,72,78,51,19,57
99,90,75,94,33,25,45,97,20,37
53,6,5,73,56,44,1,80,85,4
86,22,69,77,60,26,54,36,5,79
28,6,62,18,54,16,44,45,99,72
59,31,89,67,47,56,60,23,77,68
66,27,95,10,8,43,7,83,95,4
55,38,57,8,96,39,41,83,80,54
58,62,87,4,53,24,72,67,51,35
86,2,58,99,6,88,60,98,83,86
4,10,36,49,51,86,8,88,67,32
30,1,50,21,93,25,27,83,84,36
78,30,1,99,24,78,79,53,77,99
100,47,3,28,32,68,8,17,28,69
48,97,18,68,69,4,10,81,8,4
77,86,47,51,19,30,47,83,74,97
25,34,1,57,62,97,3,62,82,5
92,98,17,83,62,60,13,2,92,18
37,39,76,80,72,3,95,51,45,32
96,56,42,70,50,70,93,58,9,56
85,70,67,27,2,60,74,55,71,80
31,55,51,90,73,100,64,71,64,90
39,98,41,15,16,39,79,80,54,27
62,18,54,24,42,63,76,76,55,66
95,40,91,52,71,70,55,86,100,48
67,51,17,34,47,17,90,66,26,19
79,45,48,96,19,33,6,74,74,1
12,71,37,11,91,46,16,30,86,12
89,69,42,37,13,52,48,12,98,71
32,92,87,58,34,65,82,83,88,83
81,69,22,57,9,69,20,13,70,61
38,62,30,23,53,100,46,56,55,25
14,16,87,96,98,75,53,58,99,28
71,50,21,70,33,29,36,68,29,44
83,4,83,50,29,62,47,80,93,60
37,28,74,74,31,31,83,73,49,71
28,9,8,85,62,42,73,85,83,64
98,70,91,33,94,52,9,49,41,46
86,54,20,1,55,17,93,43,61,30
50,12,19,39,60,28,89,33,40,49
47,2,69,4,26,58,62,44,41,32
46,9,38,73,22,36,51,69,74,63
86,8,59,19,12,28,35,52,87,41
7,64,54,69,92,41,12,60,95,9
68,34,74,3,66,18,22,65,45,89
49,51,44,2,1,69,72,52,25,83
68,38,86,78,89,23,52,79,76,31
44,17,14,72,32,92,23,34,2,4
29,55,7,5,2,33,1,39,98,38
20,68,47,5,17,37,20,65,85,53
69,29,18,83,29,50,44,13,34,83
94,17,87,69,7,21,42,95,53,25
72,54,64,41,27,1,60,100,84,97
81,48,65,96,54,71,61,5,12,98
29,82,85,97,100,9,61,60,47,2
68,82,34,40,91,84,30,51,43,1
90,46,14,28,24,30,91,50,35,70
55,37,82,64,14,64,79,60,86,73
34,36,34,2,100,72,29,3,90,48
94,71,3,96,68,24,29,80,66,99
41,39,76,97,58,3,80,75,82,93
15,76,32,7,94,19,30,94,58,61
93,83,38,96,31,97,51,74,90,88
9,95,1,57,21,55,33,59,54,85
48,87,66,11,78,31,73,26,81,12
3,5,4,51,29,16,34,90,57,52
63,57,79,23,89,56,44,54,31,53
31,66,84,16,38,58,4,10,3,68
66,90,31,47,1,43,83,15,73,42
92,27,54,44,42,96,49,99,96,70
61,6,100,62,6,64,86,44,69,48
41,10,39,31,19,19,41,60,50,16
72,19,62,58,22,53,50,77,12,81
31,30,46,37,46,68,1,44,15,50
48,59,70,43,39,95,31,9,62,60
81,76,68,87,13,5,19,72,95,66
11,94,32,43,85,2,75,76,37,47
76,28,54,44,69,87,18,58,70,84
70,36,85,39,31,45,80,74,53,93
44,6,4,62,37,70,39,25,97,88
70,54,17,6,63,64,74,65,78,33
45,72,94,56,69,42,88,58,71,59
28,8,45,88,96,73,100,86,46,76
76,46,98,71,29,67,18,69,13,30
35,59,33,94,63,55,57,60,28,67
25,25,54,74,18,78,44,21,37,88
10,66,96,8,7,81,61,69,54,59
42,48,16,87,32,93,76,96,42,90
65,38,77,67,43,9,47,19,67,56
96,64,77,91,3,90,16,21,31,1
99,54,77,25,60,11,62,100,9,41
52,19,23,32,41,80,16,46,32,74
25,65,47,46,50,59,52,98,27,55
99,79,76,57,30,13,33,59,90,31
75,17,51,61,25,6,38,24,56,71
16,78,24,33,100,67,18,51,9,52
15,39,9,68,80,69,71,21,42,16
54,25,44,76,93,22,16,36,27,62
18,29,85,70,70,14,68,93,13,18
69,56,22,36,73,59,74,88,74,5
41,67,64,86,41,57,12,71,16,78
25,77,24,27,93,52,69,66,14,86
86,83,20,2,73,21,85,21,35,33
22,61,32,29,93,41,77,60,91,90
88,80,54,46,47,85,73,77,19,73
50,39,79,12,76,38,64,34,30,36
12,65,95,75,4,41,28,38,47,21
12,7,19,65,79,76,97,81,82,7
48,10,18,87,56,16,91,20,12,26
79,91,10,1,30,18,65,46,81,4
46,18,63,13,95,37,88,73,39,64
27,38,9,66,40,48,29,86,44,82
24,94,64,95,16,29,100,13,5,26
18,54,99,73,55,41,62,25,46,92
73,11,10,32,88,85,70,15,92,60
36,38,50,92,52,61,81,13,40,89
5,4,60,4,63,81,91,75,81,4
86,48,47,99,87,8,26,48,33,93
64,25,51,7,14,98,88,41,41,7
92,45,77,20,81,56,8,37,5,57
37,2,49,18,4,72,23,7,22,72
39,99,12,11,22,25,51,19,1,11
11,59,4,41,73,94,68,55,12,7
82,58,16,29,41,65,22,81,97,26
91,99,85,21,29,5,12,11,93,61
18,47,30,95,91,94,27,3,79,64
57,61,98,66,39,61,96,78,8,84
99,36,3,70,34,59,73,89,47,84
93,92,4,67,47,6,84,10,25,9
40,73,81,23,26,67,53,24,8,3
16,83,59,52,52,83,12,79,47,85
80,36,63,32,84,42,32,39,6,95
62,85,6,13,39,57,98,9,16,16
96,69,54,50,77,3,80,7,2,98
81,17,94,84,21,40,97,20,95,34
15,42,31,55,43,39,37,88,33,90
48,90,36,94,71,94,86,34,19,37
61,88,10,34,19,6,61,89,14,100
7,48,52,12,94,3,25,70,62,78
75,6,100,78,49,72,68,92,74,86
4,11,33,53,64,91,85,94,12,95
80,54,38,79,96,100,39,14,15,39
92,11,95,63,8,13,36,98,41,31
56,93,80,41,40,13,69,81,35,11
80,32,84,71,9,55,41,44,74,96
5,32,49,2,79,74,33,100,17,37
96,16,70,53,14,81,45,56,53,59
38,50,16,17,76,9,42,71,61,68
96,48,42,25,21,88,42,56,2,14
41,39,46,66,80,83,31,29,79,26
22,55,53,97,19,62,13,63,75,42
71,97,40,43,38,13,49,85,42,74
53,3,16,15,5,89,16,93,21,29
42,2,59,62,48,76,23,90,73,37
12,33,90,79,40,12,72,100,46,23
43,14,5,92,70,57,65,47,49,45
22,30,53,20,49,71,35,47,18,77
63,67,89,34,4,82,27,45,84,96
31,21,10,7,35,72,43,28,36,50
43,91,59,49,41,10,42,93,68,79
54,86,21,47,24,82,25,100,49,48
25,51,40,91,54,29,32,46,47,98
96,52,11,3,38,26,54,61,83,38
36,88,72,47,8,35,15,22,35,33
30,44,18,44,82,66,46,89,57,68
97,98,57,30,73,29,6,87,24,47
8,18,39,60,22,93,69,84,37,99
34,2,88,82,72,69,17,77,24,67
75,61,60,56,90,98,69,64,45,10
73,21,49,67,47,19,94,58,98,44
15,47,77,94,30,69,57,8,27,24
99,9,65,51,50,92,100,45,58,49
9,100,19,43,37,87,45,17,30,71
28,96,97,62,38,61,9,75,74,66
98,90,11,71,74,72,17,18,29,47
9,52,82,66,13,59,15,89,59,59
93,4,24,34,48,69,38,34,69,48
39,87,21,83,20,7,49,88,24,10
54,98,26,95,7,36,78,44,89,97
95,2,21,65,21,22,21,92,4,32
2,15,96,96,87,95,9,47,49,55
20,55,21,95,84,72,23,30,98,59
1,65,44,71,88,62,82,64,86,63
85,60,9,87,28,82,9,18,35,40
60,33,46,11,30,42,53,7,85,41
90,51,18,67,10,99,5,29,86,52
33,96,28,57,97,99,32,94,78,93
52,90,22,79,66,59,40,53,19,51
58,88,43,38,39,38,5,13,62,62
57,73,40,7,53,47,25,50,63,76
54,20,20,57,25,58,53,96,18,27
59,100,53,47,3,45,85,24,21,79
29,79,54,71,34,56,30,52,46,84
31,89,68,29,94,3,2,25,62,95
79,62,37,34,6,20,48,15,47,26
96,92,52,42,44,54,59,21,54,56
73,2,30,48,47,10,63,39,33,82
26,16,87,100,10,18,38,37,83,73
15,75,62,18,37,66,48,78,19,13
40,60,2,82,35,86,42,7,42,50
4,23,69,53,17,68,90,69,41,20
83,96,43,12,38,33,33,70,85,94
62,3,62,18,19,47,72,78,70,29
5,10,16,3,54,27,98,91,22,78
89,69,25,70,89,41,96,60,99,89
17,59,31,81,92,85,47,29,47,99
56,50,75,86,30,19,30,14,30,65
48,27,82,14,95,74,44,100,44,69
20,71,86,92,62,21,40,83,20,95
68,23,28,95,96,14,96,42,92,42
47,12,26,59,78,71,99,46,2,65
88,61,52,82,22,61,80,29,52,34
68,68,55,29,54,100,5,96,42,61
29,46,37,53,13,64,54,84,77,35
49,21,9,21,57,22,40,35,61,15
89,37,4,60,98,71,69,72,7,62
62,97,74,12,13,83,35,46,12,5
99,84,13,2,24,60,39,18,62,3
30,31,3,79,69,42,6,55,22,45
25,36,48,10,49,52,32,91,53,26
61,67,2,24,7,58,30,54,14,93
55,40,84,4,99,70,9,34,68,54
88,34,18,96,69,5,72,8,19,9
77,100,29,67,41,5,4,36,93,57
54,48,98,71,13,73,33,28,22,97
37,11,51,57,87,63,22,79,10,46
87,33,84,31,74,34,30,50,35,90
81,33,33,67,100,24,20,13,63,55
56,56,9,47,4,91,87,63,61,15
88,51,61,85,79,38,2,38,10,70
10,32,29,93,74,94,23,71,77,24
74,91,93,99,26,35,60,75,39,27
95,96,51,59,49,88,58,33,71,58
100,88,17,7,24,3,95,27,88,36
14,41,40,63,75,27,90,9,66,3
71,90,15,16,76,79,10,88,54,68
36,68,33,87,17,91,31,14,6,28
2,95,46,7,37,44,26,35,1,37
29,12,54,63,81,92,38,41,4,16
94,86,97,23,82,40,20,89,30,51
69,20,76,8,30,18,80,63,78,77
53,82,52,76,61,18,78,42,89,8
30,37,47,3,70,2,79,14,95,27
46,96,41,96,57,16,8,60,10,4
83,30,29,74,24,44,29,31,97,23
50,74,8,52,70,38,53,46,61,18
41,35,50,99,40,99,50,10,53,12
61,41,11,29,61,7,42,61,70,64
3,19,86,99,56,26,36,13,54,48
91,11,59,72,60,5,42,32,67,96
74,5,53,35,47,98,94,87,81,86
16,89,49,62,43,18,12,13,17,13
56,46,97,50,74,2,4,20,76,19
4,37,91,85,41,34,82,60,42,17
10,21,5,95,80,68,31,22,50,11
42,65,8,18,78,75,60,92,11,44
31,100,50,42,79,10,72,90,85,47
89,4,10,89,95,69,92,98,33,42
26,91,28,33,76,86,13,63,12,20
49,94,14,96,35,58,79,86,43,53
47,63,85,3,73,24,70,34,57,15
78,58,73,86,2,17,87,67,41,62
9,55,75,23,34,72,97,24,19,91
67,76,51,80,30,11,27,54,8,71
33,86,56,55,59,36,77,50,4,36
56,49,28,93,57,68,69,66,80,38
90,22,88,66,7,65,21,84,21,87
47,2,1,96,54,94,97,22,35,45
80,62,28,81,29,46,52,91,4,48
26,79,6,83,19,40,29,100,96,84
75,9,8,7,3,54,97,81,16,36
6,33,11,57,18,18,60,73,42,7
61,17,1,65,4,94,52,31,8,40
22,14,27,18,85,26,91,37,93,21
68,16,34,35,70,94,100,61,81,84
60,2,100,94,58,36,40,96,14,20
65,61,44,83,32,35,31,24,46,43
73,96,11,48,6,6,82,46,77,46
10,29,89,53,28,56,37,27,95,6
54,52,4,3,95,62,44,32,56,33
45,83,65,93,15,74,48,69,56,41
13,22,86,48,83,27,49,12,88,76
49,90,82,94,49,36,25,25,53,60
26,36,12,13,79,44,1,100,99,19
50,81,2,1,62,48,78,29,76,14
40,32,79,30,14,82,51,15,51,96
20,71,100,65,56,100,83,3,47,81
53,62,4,37,52,68,62,72,28,79
21,31,43,9,23,45,2,100,67,86
13,87,87,40,21,66,89,10,3,76
62,69,92,51,85,2,75,80,11,81
90,1,57,90,25,41,33,7,73,34
10,12,20,41,30,35,62,90,9,37
36,38,64,59,95,43,57,12,39,2
38,18,74,58,27,64,79,98,35,15
45,56,36,33,87,99,54,48,1,62
93,95,73,33,54,80,91,91,59,64
18,3,21,84,14,62,51,54,56,75
81,99,31,13,26,83,22,68,98,89
17,21,3,98,41,75,38,36,61,7
68,65,43,46,62,84,3,91,82,57
93,49,81,92,8,14,30,99,89,19
29,11,70,47,7,45,98,50,89,68
26,39,1,8,8,69,35,91,95,41
32,18,49,82,34,25,90,28,88,81
45,56,81,3,1,88,5,49,65,29
63,58,62,73,91,92,68,47,2,14
41,9,69,40,17,22,40,28,58,28
34,37,66,78,37,86,61,80,100,63
25,39,96,78,5,84,11,96,10,20
78,7,53,50,75,31,81,68,62,19
12,90,65,48,8,87,72,2,22,15
87,83,30,50,29,88,64,61,31,36
27,45,36,53,47,78,47,52,68,61
86,14,23,17,95,65,24,9,29,47
91,3,68,25,82,38,81,53,55,3
2,51,18,99,83,10,48,81,37,2
96,97,13,21,38,54,21,86,5,86
64,97,26,49,92,95,9,69,55,89
6,27,30,55,30,16,48,35,88,86
12,67,87,23,64,57,30,13,98,73
46,56,42,1,94,65,72,66,60,69
87,65,94,27,10,97,40,21,8,53
40,66,82,83,65,92,24,65,26,47
82,75,2,29,39,24,15,18,77,42
68,41,50,58,79,95,81,55,82,73
61,81,27,69,59,4,8,49,5,71
96,6,42,22,53,46,62,58,21,23
68,91,86,65,23,59,32,45,33,86
58,18,82,94,59,60,42,33,38,97
3,40,54,73,58,92,23,32,41,47
26,65,97,59,16,50,70,79,86,30
10,62,74,20,70,91,52,13,7,31
6,63,53,35,34,42,59,79,14,94
99,27,13,100,61,22,66,6,41,66
42,97,43,92,21,50,71,59,78,45
63,43,35,8,93,29,26,87,21,13
7,56,38,52,93,35,60,45,53,4
39,67,97,40,7,94,36,75,10,35
75,33,8,25,95,15,38,37,94,3
64,51,29,91,88,62,42,74,3,88
74,92,17,58,45,19,46,13,88,53
92,55,90,31,88,21,85,46,1,66
93,13,36,6,27,25,83,42,28,91
62,42,30,13,99,40,98,79,99,3
98,81,74,47,17,7,8,38,49,26
49,64,31,82,6,10,68,58,72,95
55,15,21,96,99,85,50,11,67,69
76,1,17,62,4,70,57,58,70,97
95,100,93,72,15,48,24,29,4,59
5,50,45,45,68,38,51,73,42,70
34,18,68,19,42,51,38,77,44,12
9,42,75,66,63,18,90,14,55,80
39,32,63,66,30,21,34,70,12,15
37,34,82,31,3,6,11,45,28,20
76,61,21,21,41,63,11,28,30,36
57,14,31,33,39,90,29,21,42,37
14,90,2,72,77,62,32,33,43,76
3,78,77,70,35,84,52,55,51,24
5,35,17,70,89,85,76,89,79,12
55,15,99,92,58,48,28,22,62,83
100,23,28,49,37,55,49,80,81,33
90,24,6,4,95,26,16,1,94,31
82,20,84,63,44,27,4,18,72,94
37,51,11,82,1,91,67,6,14,72
44,66,79,48,77,65,15,86,63,56
96,82,78,3,30,42,43,78,68,16
16,80,73,58,64,95,83,17,20,70
61,53,76,93,3,83,82,17,96,63
81,86,45,18,7,78,38,67,92,51
15,63,34,55,91,50,49,13,7,54
46,97,96,82,39,46,28,72,90,17
84,66,61,13,40,3,11,41,85,53
61,47,54,95,50,23,13,30,33,4
91,91,49,55,92,48,17,1,1,83
77,61,64,26,21,87,20,89,77,74
48,37,47,82,87,67,61,28,65,23
86,47,81,97,84,37,21,19,49,85
69,78,42,96,58,75,37,45,16,76
82,56,39,46,39,68,38,16,96,81
35,82,81,56,51,16,95,50,43,26
80,3,79,30,18,16,91,32,7,24
55,22,50,81,30,86,50,86,10,98
98,50,83,85,31,45,25,79,37,89
28,54,52,63,97,37,73,92,68,67
28,72,56,48,88,30,80,68,54,88
100,22,99,56,46,100,71,91,51,88
68,78,2,32,12,28,85,92,40,74
17,22,41,9,36,67,57,53,44,70
69,1,98,40,4,67,39,33,93,42
94,40,23,52,66,64,11,85,41,29
38,100,5,62,46,38,58,88,70,12
34,14,79,67,20,81,98,99,37,51
84,25,4,94,61,97,77,62,85,76
84,19,74,86,99,56,22,36,74,59
64,99,35,31,96,78,29,44,66,10
56,2,46,10,77,33,70,54,66,78
36,82,26,50,67,85,72,95,21,33
28,31,75,63,99,60,52,32,24,35
48,98,53,95,58,4,9,85,20,85
81,52,65,27,4,22,51,55,87,54
64,34,19,57,41,13,14,81,24,13
34,80,33,64,65,85,98,54,39,83
49,1,16,80,66,41,90,79,99,77
7,26,92,26,12,28,18,99,40,65
31,17,41,43,16,8,68,90,76,43
86,58,98,13,11,42,28,19,87,88
47,39,33,64,66,91,1,32,76,84
97,55,1,80,66,21,51,62,84,77
47,71,42,34,68,37,33,61,3,25
18,97,66,25,51,72,14,10,50,81
44,32,30,66,69,100,32,70,17,93
68,5,94,17,93,20,10,28,45,15
97,95,69,42,20,86,12,37,12,65
29,39,93,69,62,10,65,100,12,6
52,21,2,82,74,75,21,73,51,26
96,38,34,56,34,9,31,77,56,24
59,15,16,80,49,84,94,74,6,98
50,42,75,5,54,1,58,87,24,53
85,58,65,69,90,100,15,89,10,53
35,63,61,44,55,95,10,45,90,35
51,4,83,77,20,14,5,21,52,29
85,63,31,28,78,15,67,38,71,35
78,72,73,22,64,9,8,1,95,67
41,95,84,97,22,87,17,71,100,20
37,52,88,40,35,35,69,22,13,28
92,92,8,80,55,18,3,4,45,50
16,58,57,36,21,18,92,3,9,87
99,40,5,57,14,78,20,94,23,24
73,45,33,74,72,68,7,19,81,60
57,70,10,81,93,30,75,83,43,61
76,21,60,56,5,49,64,56,28,82
98,18,59,16,77,89,54,15,98,3
26,9,1,2,91,40,97,20,47,83
26,59,33,80,39,91,56,5,81,49
33,38,8,69,27,18,28,44,71,62
38,13,26,24,4,25,84,67,92,34
76,96,8,85,91,13,26,55,38,61
100,91,73,92,11,83,20,15,44,25
91,29,49,11,46,83,12,67,92,12
3,53,23,73,58,41,64,100,19,54
36,59,56,94,83,52,84,35,81,3
14,65,33,57,39,15,17,55,52,38
63,99,83,41,33,51,52,79,39,63
77,64,21,40,12,26,4,59,86,96
22,66,79,76,40,89,71,76,39,25
51,84,50,86,96,38,37,38,86,57
83,18,25,41,20,14,27,76,32,53
85,97,91,62,13,76,27,17,65,11
77,11,68,44,31,85,16,35,69,1
9,29,18,64,94,53,4,78,41,87
42,72,20,31,43,37,63,59,42,7
52,64,96,88,19,51,3,73,87,89
100,17,30,58,88,63,40,25,69,26
1,26,20,48,42,29,9,91,11,69
47,65,97,22,46,72,47,63,73,8
73,85,68,90,70,70,48,89,85,28
34,82,17,60,64,64,32,2,21,3
91,1,18,87,18,18,23,14,12,98
24,89,78,7,14,60,9,33,99,80
71,46,68,75,78,55,71,45,5,99
28,53,36,39,39,20,34,5,82,92
82,53,8,40,2,35,5,12,23,83
79,66,72,57,100,7,93,99,10,74
31,59,28,82,35,67,87,48,63,67
17,89,40,10,14,71,41,88,19,100
77,42,57,62,75,25,1,31,32,59
61,59,10,12,63,20,53,42,3,17
100,53,28,82,85,46,84,5,45,93
34,4,29,22,74,35,98,58,37,93
46,61,73,100,42,69,31,12,75,32
57,6,97,30,18,29,46,62,74,47
13,75,48,48,98,28,73,48,67,100
69,65,43,51,61,85,67,34,39,64
8,23,8,6,92,36,22,12,1,40
20,90,99,55,78,69,3,8,47,67
70,46,76,16,56,68,82,15,48,87
72,6,74,1,55,67,81,10,65,17
15,15,60,49,45,22,10,33,52,73
99,25,2,43,58,72,37,78,89,79
98,28,82,49,63,2,91,85,74,49
54,19,65,99,57,100,2,68,24,38
12,83,92,94,1,75,5,76,63,46
80,57,78,27,77,69,1,72,16,29
33,88,75,85,8,6,84,75,88,62
40,10,2,25,34,34,100,32,53,6
49,22,61,63,96,70,35,55,44,65
25,67,42,17,89,59,36,91,92,18
94,89,70,22,59,74,69,59,93,38
13,37,35,56,25,17,30,91,83,98
2,95,64,86,14,41,9,61,19,34
47,75,13,59,56,41,41,51,76,17
18,81,7,80,7,22,32,31,10,29
94,61,99,7,8,33,36,84,48,19
20,71,30,58,33,22,29,90,50,14
26,4,63,54,74,26,63,78,92,1
67,25,85,68,6,78,91,12,19,48
35,46,90,60,78,28,13,78,39,98
84,83,65,24,97,73,4,96,16,66
11,1,12,100,35,89,98,14,61,98
89,44,61,30,26,8,82,5,27,71
53,92,14,79,22,28,84,86,77,11
7,90,8,87,79,30,11,88,24,65
93,55,61,35,75,22,100,46,57,90
17,20,37,39,96,92,79,63,34,83
20,53,9,60,64,11,63,29,51,10
37,75,99,2,40,87,4,74,18,73
44,17,31,47,35,97,92,91,13,100
46,63,35,34,7,63,42,41,28,27
89,14,95,8,68,34,47,77,50,27
78,15,39,89,42,35,63,7,13,32
22,60,9,31,87,7,52,45,53,9
38,1,85,23,11,48,82,10,52,42
82,13,61,30,89,35,84,25,20,6
83,59,17,71,7,21,46,34,90,6
92,4,35,79,50,20,26,73,64,84
12,44,17,81,60,13,96,3,55,93
46,52,1,21,94,45,72,78,24,48
97,1,9,91,5,60,21,87,3,79
5,52,66,20,35,52,30,86,14,41
67,94,46,26,46,27,53,27,2,63
61,40,90,40,81,41,77,70,100,19
54,100,90,9,64,59,78,72,46,78
30,23,69,49,77,13,47,81,23,48
89,32,21,100,75,34,28,10,31,80
100,9,87,65,22,90,2,12,32,7
75,5,83,12,25,13,43,46,87,53
35,85,8,28,17,84,9,49,52,10
37,56,94,91,26,25,26,11,61,85
91,29,75,10,13,15,18,29,62,65
5,89,73,30,53,82,60,75,70,73
14,32,96,82,96,13,9,80,34,89
49,61,16,2,71,100,67,68,89,12
77,97,78,55,30,49,80,51,7,70
17,98,13,98,61,74,63,36,76,1
72,84,6,8,48,4,63,66,56,67
67,20,21,82,100,51,64,36,69,12
53,31,28,9,37,86,47,45,49,51
48,31,62,70,26,49,30,23,65,76
61,57,74,90,82,10,19,42,51,87
6,97,1,58,39,35,3,39,20,96
38,5,72,16,24,85,34,75,89,57
76,55,82,74,51,32,17,42,26,3
84,90,23,95,96,89,18,20,86,77
100,75,22,57,35,46,71,25,43,9
33,11,79,22,74,31,66,34,18,89
87,16,48,82,80,48,93,94,88,86
86,30,53,4,39,22,48,29,18,46
2,71,6,2,7,14,89,67,66,81
61,62,66,48,47,44,92,63,28,70
88,100,7,27,36,94,68,83,85,96
49,90,68,87,74,33,84,72,91,2
32,58,89,69,78,32,6,24,84,68
54,37,13,91,47,27,43,12,28,48
59,58,10,60,47,69,30,1,30,23
89,96,14,84,40,89,26,40,54,31
90,13,25,37,36,84,84,24,81,66
13,55,25,38,86,5,40,44,23,16
85,21,16,15,31,48,28,84,89,56
13,49,93,96,60,17,93,7,86,57
23,10,53,72,52,47,28,55,100,75
45,39,36,90,90,42,70,46,19,24
77,18,20,79,1,36,96,61,92,98
2,59,17,93,33,32,10,94,2,63
34,84,43,80,21,80,29,98,13,56
53,89,11,38,93,95,25,52,50,44
80,81,3,30,43,47,28,91,49,76
92,53,72,4,76,18,18,10,92,21
65,20,9,70,6,67,89,70,30,87
33,72,69,96,80,35,90,98,61,56
47,32,97,42,11,24,47,9,30,31
31,96,35,12,21,23,37,20,72,56
56,18,12,96,47,86,45,19,7,88
34,51,20,48,75,21,57,10,35,50
37,5,91,3,19,28,69,8,50,62
92,96,92,64,67,39,21,9,43,12
67,89,53,99,57,83,11,12,66,26
13,95,51,55,48,83,95,49,96,53
55,5,30,45,90,78,6,99,91,93
31,80,55,23,73,53,78,28,20,76
54,25,46,89,31,59,70,47,19,88
2,36,34,59,62,18,88,44,72,84
2,45,27,80,47,29,97,12,75,34
87,83,55,87,50,47,45,54,67,37
32,52,33,86,13,41,78,35,31,46
43,1,57,4,70,43,72,38,68,19
39,22,79,84,68,16,74,46,39,59
45,44,73,89,100,8,94,24,5,26
70,55,87,60,44,90,69,9,50,7
26,92,16,66,11,34,85,74,76,32
77,89,67,9,40,17,17,75,80,38
7,30,31,11,68,92,83,86,64,53
96,68,91,9,61,93,18,15,97,59
9,51,28,94,75,30,24,54,62,73
4,77,12,16,19,76,96,4,19,83
51,65,18,88,49,83,24,67,89,13
29,59,4,82,4,18,79,12,31,52
17,65,83,89,39,87,12,32,82,69
7,65,30,41,36,51,42,65,93,30
17,20,25,27,18,52,62,38,14,24
28,81,47,97,54,86,2,66,45,4
42,18,12,63,29,2,69,52,92,4
22,76,72,51,69,34,2,54,96,78
62,51,13,48,98,7,11,13,45,60
75,48,8,77,31,10,96,5,64,53
54,48,77,40,93,37,94,26,68,94
88,80,15,57,96,56,60,98,23,99
67,80,9,29,40,54,12,78,45,30
25,30,55,83,29,41,97,19,12,5
4,40,74,1,3,47,81,80,84,45
2,21,40,25,29,52,96,73,49,28
59,35,73,49,56,26,32,100,12,29
34,86,65,73,40,9,5,35,78,11
40,66,65,92,60,82,17,80,54,76
7,81,58,56,39,59,37,28,37,95
12,84,49,83,29,93,41,59,50,10
61,72,75,66,21,57,90,85,38,45
15,41,35,63,12,92,71,64,35,82
56,37,12,1,42,72,85,65,74,65
79,72,93,14,79,51,53,17,78,31
97,98,29,87,82,80,65,23,43,46
38,24,51,60,90,55,71,56,55,93
93,66,96,33,73,17,52,79,11,4
49,59,90,75,70,7,91,23,68,86
16,72,26,33,75,49,11,66,94,12
98,76,58,31,19,72,32,87,93,56
17,41,10,42,23,10,38,1,79,44
52,11,95,73,15,76,31,86,62,15
74,71,39,33,60,22,53,6,50,7
84,20,5,100,72,32,86,16,98,87
89,64,17,85,30,6,50,5,90,69
50,19,79,31,58,1,99,45,30,11
55,76,64,91,74,6,21,66,66,40
55,48,12,17,98,48,81,45,49,9
3,95,41,95,71,45,87,69,65,98
87,24,53,84,74,21,75,30,94,46
57,12,5,30,69,20,47,21,6,85
14,47,15,35,63,14,36,61,57,4
1,80,71,29,71,88,61,64,78,48
62,70,71,84,64,38,95,31,23,96
47,21,91,41,16,22,26,37,64,84
34,42,51,21,65,60,25,2,88,80
65,46,5,89,90,98,92,95,38,13
5,80,61,56,2,20,9,24,58,17
96,57,77,47,4,56,9,39,9,4
16,61,69,7,92,48,38,22,13,16
70,46,75,27,40,76,59,67,38,43
78,26,33,54,26,27,68,1,75,52
36,20,50,63,72,43,89,44,25,95
12,41,31,67,74,21,17,75,100,18
77,86,85,1,9,36,55,94,16,97
64,99,95,35,65,76,32,20,43,75
28,78,31,61,97,31,25,99,81,87
67,60,92,34,56,82,70,25,21,80
69,58,69,57,62,23,13,28,46,38
46,28,41,50,71,38,60,78,67,47
3,1,78,48,15,39,10,53,82,100
82,42,80,90,28,39,23,58,65,97
33,52,98,40,30,58,50,14,41,55
74,45,73,38,77,35,14,78,52,94
43,94,93,11,10,74,17,94,62,44
44,67,35,45,4,16,83,26,13,23
47,34,64,21,53,91,41,46,13,17
68,81,42,17,48,100,19,39,65,62
39,23,44,12,53,25,43,28,56,48
88,80,71,42,61,69,96,46,59,18
38,49,6,80,23,21,4,84,93,86
38,37,7,45,29,46,25,76,5,97
77,60,6,74,39,22,36,20,64,72
94,66,26,37,20,49,94,52,47,42
7,3,98,90,79,84,57,67,74,98
51,23,50,32,53,46,61,43,77,9
71,53,81,40,5,28,4,98,57,34
38,27,89,25,13,9,93,84,72,49
18,96,77,17,96,19,92,34,79,56
48,57,97,9,97,36,23,66,88,35
99,59,19,66,44,42,65,75,25,94
45,18,89,62,80,77,6,30,15,55
12,82,73,8,24,76,65,62,23,71
85,2,42,1,53,17,43,20,83,26
45,97,27,23,93,63,57,65,72,88
76,71,87,20,9,68,94,35,59,3
28,7,55,93,73,44,22,65,99,8
14,63,50,45,30,51,18,42,26,2
84,47,67,15,74,82,60,42,32,95
69,31,22,80,65,26,34,71,96,71
21,58,11,26,27,25,42,4,87,62
60,70,71,54,1,92,56,60,7,96
65,95,7,50,59,96,37,77,66,41
79,77,29,26,46,85,58,28,71,33
1,21,78,87,8,52,56,15,43,22
80,40,39,49,19,33,66,39,27,40
50,78,2,14,14,47,34,6,18,58
83,50,58,39,72,69,59,70,51,76
42,93,55,41,27,97,58,71,75,84
16,2,30,59,20,15,82,2,95,17
9,10,21,63,44,63,2,59,11,51
34,75,75,25,16,83,47,99,16,52
17,20,20,36,62,79,69,24,10,17
20,75,83,36,34,56,93,36,81,72
76,84,37,91,51,74,43,25,44,21
58,6,8,74,71,7,93,64,4,68
6,11,72,18,94,16,41,40,75,56
64,41,59,69,65,5,58,15,72,53
76,93,54,94,79,21,90,75,67,79
79,75,52,82,46,83,56,93,41,99
27,20,97,90,21,72,83,98,64,68
55,25,66,39,34,39,81,81,51,11
78,96,30,2,89,3,28,32,90,15
97,52,69,31,53,38,23,84,53,16
67,46,82,16,40,47,48,12,88,81
73,17,42,27,8,64,81,98,80,58
17,90,54,27,62,21,75,8,60,59
95,36,51,48,15,94,5,90,90,94
23,25,91,94,6,97,44,32,79,64
4,69,79,98,52,88,79,26,18,6
98,73,79,48,3,4,73,28,33,55
62,71,91,24,54,99,16,78,23,51
76,62,47,4,71,25,21,4,63,25
11,25,45,4,67,57,51,92,28,97
76,79,25,73,43,79,41,22,78,44
22,80,34,85,62,19,88,96,17,45
12,79,79,50,84,22,18,6,27,81
70,64,55,6,26,88,58,22,29,96
39,49,84,76,11,15,53,80,85,82
69,57,96,95,31,77,27,67,55,71
62,23,41,26,58,63,73,4,77,56
61,40,29,33,45,16,44,23,85,34
22,33,66,46,36,94,5,31,17,11
80,25,30,74,2,45,58,22,68,62
23,89,4,74,27,66,48,55,57,100
98,25,2,87,78,72,13,74,48,3
64,17,22,52,71,86,13,43,52,62
38,3,37,40,4,62,68,83,25,43
7,53,59,54,97,20,20,64,34,77
54,16,10,56,89,56,37,2,1,86
98,71,32,48,39,17,96,29,56,8
89,62,8,3,78,100,68,66,10,5
99,68,57,14,13,83,64,99,69,23
25,49,42,95,13,5,51,65,18,58
44,80,34,96,53,36,20,14,52,9
2,63,57,36,67,77,90,76,17,31
54,12,51,11,78,60,46,45,29,96
28,7,83,37,73,5,87,49,39,4
23,15,11,19,64,20,98,17,37,68
55,5,24,49,83,11,22,14,45,40
55,70,97,3,9,18,50,52,34,54
52,27,93,3,63,25,30,40,25,56
5,77,56,4,71,14,80,88,51,98
43,28,40,78,32,92,11,28,11,87
33,66,96,85,60,5,95,56,75,95
52,5,64,15,72,64,3,19,40,38
78,64,42,46,8,17,43,85,2,53
67,45,86,15,99,24,92,50,83,58
28,44,94,64,6,56,41,91,49,42
84,52,52,16,46,95,60,54,32,47
15,61,36,5,99,74,98,58,25,63
77,81,98,8,20,24,98,67,21,53
36,9,1,83,24,41,48,68,49,59
44,96,56,13,72,70,19,51,5,57
31,54,70,32,20,34,28,54,57,81
18,17,52,47,65,99,62,23,95,4
45,7,96,93,58,27,15,55,21,38
26,87,96,51,19,70,15,69,29,33
33,35,3,58,90,32,29,58,42,98
3,6,70,30,37,55,4,27,32,53
95,17,30,12,65,59,61,84,52,81
92,68,99,43,80,26,77,88,54,85
24,54,72,99,10,25,2,63,71,38
82,38,74,82,48,95,59,2,51,50
7,6,100,67,32,52,99,65,82,77
28,25,16,84,89,66,78,44,85,19
10,88,29,78,33,19,43,22,71,41
8,17,14,62,10,70,59,64,26,28
67,46,52,4,20,32,85,64,20,90
93,11,7,96,2,41,62,59,11,64
1,42,79,77,84,80,53,65,4,96
65,87,64,38,15,12,69,53,44,28
98,94,66,89,1,62,53,16,77,81
91,39,47,48,51,41,8,83,38,11
1,4,100,79,45,31,9,85,41,25
34,50,46,79,69,10,93,2,9,62
26,56,60,20,58,6,89,62,31,34
68,44,69,54,61,18,20,19,32,72
47,20,2,11,11,42,28,78,19,96
16,1,26,54,71,79,95,98,7,91
32,62,1,54,85,80,63,19,98,37
54,38,79,56,3,97,86,21,27,90
93,70,33,49,73,17,67,72,6,72
3,44,21,9,25,88,25,41,2,61
94,83,42,41,23,7,22,21,96,87
37,95,24,65,71,36,81,85,100,57
55,11,3,17,9,12,56,35,27,21
65,88,76,1,39,2,81,9,98,8
37,32,79,21,58,64,19,100,62,42
58,11,71,63,73,51,100,9,27,45
45,74,5,18,24,7,93,9,100,91
48,75,77,35,67,74,16,43,49,43
51,81,87,66,77,55,52,41,56,59
99,73,23,45,95,64,28,94,9,87
50,93,81,81,21,91,78,40,3,71
85,65,56,69,82,8,7,88,100,63
54,32,67,59,86,39,12,18,12,91
81,1,96,57,78,37,57,36,24,76
30,52,37,99,100,57,44,17,77,10
75,8,57,2,77,42,37,41,86,69
80,34,10,12,11,13,9,18,4,59
27,19,62,34,67,38,13,86,45,27
86,86,4,49,14,63,66,36,8,74
5,98,93,7,52,45,6,58,59,79
99,53,60,6,88,39,18,51,69,93
77,42,89,7,65,1,46,99,65,5
11,57,88,91,51,27,42,42,8,70
55,28,84,81,89,56,51,55,95,10
84,2,66,43,28,82,80,38,44,66
79,1,29,10,17,85,60,31,22,93
17,13,33,18,73,70,22,39,22,17
54,100,86,48,30,86,15,36,73,11
7,98,82,86,51,22,45,98,28,6
83,93,33,51,67,70,23,84,68,70
97,3,61,19,71,98,28,33,90,54
100,79,37,78,11,60,28,87,62,88
8,5,5,86,78,50,18,95,95,61
83,32,76,37,47,11,79,27,29,62
23,64,22,49,88,93,38,73,56,68
37,30,60,92,29,10,3,83,63,42
8,30,43,74,78,64,78,2,29,58
39,70,79,28,50,63,25,24,79,66
100,27,70,66,27,28,27,4,46,22
79,21,28,96,23,52,56,49,33,58
7,71,7,69,8,66,22,97,98,35
32,48,38,22,61,21,51,43,48,37
65,47,8,98,32,94,16,34,31,5
35,89,73,49,78,76,85,15,5,75
51,49,26,45,76,53,60,1,24,27
3,47,61,48,86,28,35,58,86,3
40,72,63,44,95,63,6,56,56,61
93,39,59,54,53,69,10,37,97,19
66,89,24,74,94,25,32,36,46,34
11,89,81,65,95,64,33,62,22,49
6,85,9,83,30,50,80,86,12,68
57,62,45,71,21,19,69,25,1,89
94,21,40,2,50,50,56,74,12,66
7,23,29,36,19,13,99,18,96,81
16,97,44,21,29,25,37,3,61,32
21,11,82,12,2,24,48,27,94,62
7,32,93,63,63,45,42,46,4,31
93,9,16,96,86,81,82,36,75,43
73,31,22,67,87,33,97,44,18,77
64,18,13,12,63,43,20,3,91,62
73,78,39,79,48,67,98,64,32,52
97,87,4,64,70,39,21,43,93,62
18,2,21,47,43,25,16,14,68,86
21,16,16,50,86,76,38,66,55,2
36,17,52,92,11,97,81,96,96,28
54,32,72,9,10,53,56,29,85,81
86,82,66,32,51,35,64,13,73,77
65,20,86,100,74,58,7,53,70,5
54,57,60,78,40,94,38,61,94,58
10,12,62,49,30,83,23,34,47,73
47,56,50,80,15,59,5,26,13,17
62,4,22,34,38,90,23,41,37,92
61,35,53,27,20,83,83,38,39,75
7,7,24,21,67,69,27,77,98,85
69,14,51,85,63,96,34,100,32,37
67,6,28,45,79,24,8,36,3,38
89,87,11,68,10,3,11,74,38,43
25,60,90,2,36,15,81,96,65,82
8,56,74,6,4,18,20,59,57,38
85,78,66,29,27,39,41,57,29,64
74,8,54,87,37,76,92,79,34,1
38,56,94,38,97,13,99,86,43,20
4,86,8,32,86,83,17,93,5,90
29,54,84,69,45,33,11,47,75,25
80,42,44,87,10,53,57,58,46,94
50,71,49,45,64,71,77,14,88,42
24,73,64,36,85,67,12,80,58,46
42,68,92,37,8,80,58,90,71,73
30,26,97,27,72,69,5,46,40,38
2,64,65,48,62,68,78,45,71,57
75,22,86,82,84,75,88,47,77,45
8,80,39,86,14,100,44,74,81,8
98,71,98,10,2,46,34,96,62,30
68,22,14,77,4,68,40,40,13,67
64,15,59,76,43,81,17,15,68,6
33,69,58,33,61,61,56,34,90,77
58,52,4,50,5,56,74,64,42,76
86,62,86,76,24,72,10,48,39,13
43,86,88,38,64,79,58,57,88,19
27,21,38,80,41,62,27,63,59,1
53,72,22,81,84,69,38,82,77,7
26,31,34,82,24,28,74,30,23,33
67,20,97,96,29,19,99,68,72,3
100,46,71,53,61,66,62,22,95,74
94,65,38,49,10,66,54,71,59,88
85,20,73,67,70,27,56,70,76,25
8,75,74,37,10,53,98,30,47,18
2,33,62,80,7,24,5,19,6,96
92,13,34,35,28,99,5,86,76,6
48,88,51,38,63,42,11,44,58,72
48,70,31,30,25,45,94,49,54,27
32,95,45,74,74,96,79,67,18,41
94,21,74,30,57,77,19,95,93,2
64,39,18,3,88,77,53,27,82,52
42,52,95,76,19,16,12,66,85,67
88,50,42,2,35,79,23,21,18,99
74,30,83,79,78,98,62,30,96,39
51,62,53,24,38,16,61,46,38,63
46,49,81,34,76,43,100,25,69,17
86,16,12,6,97,55,10,53,62,70
84,4,53,66,34,55,46,97,43,74
11,93,35,43,21,72,45,13,48,85
73,31,18,19,62,44,51,88,27,83
70,76,76,74,100,77,7,15,3,81
40,3,65,8,76,9,51,14,67,37
30,2,40,13,9,75,28,62,63,26
71,25,66,56,96,98,65,48,20,60
21,13,48,18,79,25,77,57,31,6
28,34,54,48,54,48,97,66,36,33
59,75,25,17,89,20,100,25,23,34
36,90,40,22,50,81,13,9,37,83
91,93,40,38,34,63,51,98,60,46
44,48,64,57,39,50,65,34,84,51
10,6,58,15,79,91,9,72,82,35
38,52,21,88,12,18,81,43,4,23
25,10,55,66,75,69,95,27,3,18
83,39,16,79,20,26,96,68,63,21
83,4,48,53,64,64,36,82,15,19
92,31,87,13,43,22,15,77,91,87
24,86,97,26,17,13,44,45,28,49
71,22,10,100,87,25,30,65,94,90
65,98,20,84,93,53,45,9,21,95
27,99,26,51,12,15,30,69,10,10
47,58,70,61,71,82,22,17,6,50
98,93,86,31,46,67,63,73,23,68
38,10,86,44,46,84,52,16,12,60
23,5,32,23,57,23,99,77,43,83
35,84,59,71,94,6,82,20,2,44
83,84,100,45,8,65,49,42,54,41
16,84,84,77,28,71,4,49,22,52
86,77,44,7,30,34,46,81,90,10
27,93,52,94,98,2,53,70,1,18
99,84,6,60,34,54,13,18,43,52
55,36,46,32,7,17,1,61,19,52
22,6,3,1,57,20,57,31,38,94
97,71,61,14,66,97,46,61,10,77
17,31,96,36,12,88,71,70,74,83
19,37,77,58,86,37,14,52,84,57
20,34,89,70,51,50,8,71,29,27
41,99,25,41,74,1,82,4,47,70
43,34,53,53,59,68,70,14,32,50
28,11,98,37,5,13,57,56,5,40
64,52,59,32,36,33,90,68,24,92
95,60,78,52,12,96,81,66,61,44
2,47,20,84,91,14,42,57,92,46
63,96,66,90,75,96,3,79,88,52
79,72,84,12,8,61,45,95,46,95
2,29,12,48,69,47,37,12,39,81
45,79,54,62,68,88,28,45,40,15
33,66,64,91,3,93,89,17,51,86
11,71,3,26,59,23,73,82,40,79
7,1,42,94,63,95,30,48,19,58
73,8,20,82,71,16,98,7,73,51
36,95,32,67,51,2,61,7,32,27
30,29,84,76,78,46,6,95,41,16
22,61,72,58,51,53,25,19,32,35
97,23,51,4,31,40,83,5,1,56
95,75,59,27,76,95,78,94,8,47
24,8,64,49,56,87,11,46,59,7
15,85,25,56,59,26,50,77,31,48
44,54,12,26,48,89,78,63,59,93
95,81,84,37,31,24,59,14,47,12
62,3,44,1,87,52,6,18,7,68
99,79,83,34,74,55,17,99,57,51
37,88,91,67,18,6,59,26,6,80
22,43,97,60,27,6,63,33,27,53
91,81,28,27,87,34,59,51,20,61
32,88,21,72,76,37,74,5,29,8
42,17,85,28,97,99,22,14,84,93
13,80,1,38,47,23,91,94,31,83
40,55,32,93,38,86,20,57,45,99
96,58,7,49,70,88,28,5,92,19
71,42,92,4,70,2,73,41,63,17
1,61,5,29,53,93,9,31,55,90
61,93,31,27,78,10,22,99,26,81
37,47,99,76,92,55,84,58,69,86
75,68,24,83,66,100,78,1,60,53
7,52,75,40,77,7,52,55,98,69
98,76,8,49,55,61,43,81,16,76
24,15,56,72,78,81,23,44,70,73
9,80,28,33,18,24,10,13,64,38
21,80,75,93,75,77,39,3,48,68
89,43,38,71,1,83,45,53,99,16
65,94,80,62,97,32,3,1,96,31
95,11,13,25,5,28,94,51,91,99
32,63,92,21,96,33,20,25,44,79
96,24,18,40,57,33,83,2,23,77
17,75,50,63,53,9,39,27,11,68
72,41,97,27,100,50,45,60,26,3
93,99,92,27,22,53,25,97,88,24
1,26,43,55,84,11,7,77,54,30
76,13,81,19,81,3,87,83,6,16
29,23,44,81,4,23,67,78,5,32
26,37,17,4,26,74,12,80,84,97
57,70,45,29,87,85,96,57,11,80
21,67,46,77,76,49,63,50,36,70
1,77,86,14,18,88,49,89,57,64
44,61,3,26,80,6,51,93,93,96
74,73,14,73,66,73,44,99,55,42
30,16,84,29,85,99,9,59,54,66
97,17,24,47,13,23,47,88,70,57
69,62,59,44,34,63,96,59,64,14
14,15,95,43,34,41,45,82,8,91
99,37,55,91,49,8,66,25,75,2
66,90,67,15,3,87,62,47,15,8
89,62,66,100,38,79,86,24,15,87
97,2,45,9,4,45,38,12,42,77
23,10,13,64,30,44,74,45,61,9
32,56,79,5,63,34,57,14,85,71
13,13,39,34,65,26,16,91,8,48
59,5,100,19,25,12,70,20,96,91
2,27,69,47,39,14,58,87,20,69
50,12,22,3,17,2,96,30,19,80
28,41,11,11,77,27,50,31,25,59
57,50,56,62,46,94,16,22,22,100
13,82,34,33,28,42,51,51,79,65
8,78,87,38,79,74,5,21,59,35
2,4,3,60,96,12,77,58,19,23
47,89,37,1,50,80,80,49,53,29
80,6,44,55,10,40,89,16,82,49
70,62,93,96,35,30,66,67,28,14
97,29,12,99,76,8,9,88,5,36
62,60,77,21,11,82,43,3,21,36
35,82,15,62,88,56,77,92,46,53
46,26,80,7,57,47,68,30,56,47
6,51,4,30,69,33,74,22,15,9
27,42,65,68,15,53,65,5,49,93
55,58,98,74,63,44,74,40,81,47
47,80,71,36,22,3,90,41,17,28
81,37,52,37,67,38,18,31,85,13
24,83,5,63,17,43,83,71,19,54
39,38,43,26,19,83,81,88,95,18
48,60,78,66,22,40,5,21,76,88
82,86,8,22,59,59,83,100,77,51
45,70,46,51,7,56,12,8,54,90
68,42,90,24,22,77,27,3,22,48
44,90,55,92,4,96,73,26,99,70
93,26,20,56,9,91,74,81,86,27
76,25,47,6,8,71,92,61,58,64
67,30,83,5,97,8,31,52,4,22
13,65,82,58,3,75,71,69,75,33
59,39,5,76,19,45,56,65,42,99
56,28,64,25,36,69,29,35,67,88
43,48,41,44,80,28,89,99,13,45
45,71,23,50,81,35,42,94,90,3
93,97,4,20,97,37,4,6,100,62
13,4,30,54,17,84,52,11,23,24
34,27,1,37,27,52,38,97,49,32
26,5,66,67,96,3,77,94,84,25
61,28,42,26,3,34,34,93,42,57
17,38,82,17,2,84,16,41,45,82
23,80,60,23,29,6,80,51,9,67
68,8,100,96,75,11,49,11,46,75
37,30,83,73,64,81,81,67,84,40
26,98,95,35,47,67,68,78,66,36
16,18,59,5,78,36,23,100,88,97
29,12,80,3,94,30,39,18,44,21
20,29,43,98,40,79,64,95,97,20
6,85,69,51,5,80,67,15,88,86
78,4,73,52,25,69,21,45,27,17
97,67,39,9,61,49,14,33,34,35
66,28,17,75,68,7,77,26,38,67
87,45,82,22,42,30,51,20,42,91
58,90,17,6,19,41,70,20,15,84
99,96,35,42,26,31,65,6,78,35
93,41,93,55,89,98,98,45,56,99
49,94,35,58,97,23,45,32,71,82
67,22,37,75,91,75,5,77,82,9
48,27,94,18,43,29,76,72,59,31
33,56,84,55,14,9,41,65,25,95
72,75,80,14,86,92,38,75,67,74
2,57,74,98,2,85,38,45,72,18
50,52,61,44,64,42,83,21,47,1
84,71,75,8,88,99,37,75,31,87
8,2,84,58,66,50,59,83,25,30
5,65,18,14,89,33,92,75,82,42
17,43,15,30,68,78,17,39,87,98
76,64,53,81,86,62,69,40,35,35
92,1,55,45,74,87,25,27,36,26
3,31,29,35,94,24,23,31,73,41
7,87,95,96,40,35,67,82,14,66
35,16,62,10,55,98,16,92,21,96
99,83,86,74,51,25,8,91,68,49
23,12,19,37,44,90,67,8,77,94
58,59,62,68,73,56,6,35,2,97
11,34,33,61,69,58,35,19,2,83
41,11,58,74,98,67,3,68,47,65
77,27,59,50,85,49,67,21,52,35
68,8,95,9,22,19,1,54,3,91
61,85,69,62,74,82,30,91,64,43
2,14,20,29,35,5,9,97,81,50
39,4,82,89,1,100,68,9,23,15
42,79,91,62,36,58,60,10,86,17
49,50,13,35,12,60,8,63,45,21
34,42,15,89,33,50,39,7,90,29
39,50,57,72,8,10,36,36,5,37
90,89,83,22,29,48,84,75,21,73
70,55,25,85,4,79,44,9,54,50
58,28,5,22,41,21,71,73,45,80
1,58,86,96,24,43,62,71,75,34
4,22,27,80,11,54,61,53,44,40
1,75,91,58,12,17,35,96,89,32
76,99,58,97,61,59,29,10,78,21
62,53,25,81,39,31,16,32,3,87
65,80,34,55,13,60,90,14,92,42
85,68,80,25,95,5,59,61,60,76
79,91,98,73,31,55,29,10,36,99
12,82,30,40,10,55,87,57,84,15
62,33,88,84,73,34,15,80,75,17
8,91,64,78,31,16,14,15,34,31
97,29,11,53,2,61,53,27,49,73
69,32,94,92,3,72,8,4,35,48
65,4,79,28,6,44,8,62,67,68
71,74,9,16,93,73,17,53,36,92
40,6,6,15,51,68,8,81,65,7
45,31,93,65,6,33,53,4,97,22
14,14,46,65,59,5,60,49,74,56
11,51,40,84,18,10,5,20,71,34
29,47,47,6,13,16,81,66,5,59
10,39,100,22,49,63,37,48,96,19
83,38,29,82,43,58,52,84,7,36
29,20,23,92,94,81,7,73,43,37
1,30,13,78,95,28,52,62,51,28
21,41,26,83,91,95,89,96,89,36
99,42,47,50,24,34,32,45,68,16
6,40,58,7,29,20,52,72,9,15
7,72,69,55,1,3,46,5,46,57
9,67,86,60,100,1,78,57,37,92
29,76,60,56,65,65,31,85,13,85
61,78,36,6,4,83,83,69,89,70
88,43,97,43,22,45,66,45,57,52
32,72,43,48,57,51,60,94,10,17
98,58,25,72,65,83,82,8,37,50
56,8,9,33,91,43,11,8,75,60
86,95,25,7,60,67,89,28,65,38
52,44,87,89,30,51,49,39,22,88
73,98,72,19,16,56,47,81,78,60
36,4,50,96,45,93,34,62,46,28
31,57,42,35,28,14,83,68,66,30
98,89,77,64,56,83,52,49,72,9
84,81,19,19,47,76,74,89,58,7
30,53,27,93,84,99,45,3,51,75
65,80,65,23,94,13,69,10,75,37
35,43,84,77,19,6,23,91,20,77
49,83,39,71,69,81,93,71,59,21
32,30,43,65,20,66,26,6,62,77
7,68,56,38,29,27,72,22,59,51
45,11,1,84,96,11,69,80,4,30
86,64,12,73,96,25,99,76,38,26
4,59,1,18,23,50,1,70,63,64
85,5,93,30,88,77,9,85,20,74
39,44,52,82,34,40,97,3,73,21
4,76,27,99,48,65,67,25,19,84
10,65,16,87,39,42,39,20,7,100
24,75,63,23,23,14,11,41,20,60
90,86,80,25,30,27,98,31,3,88
90,82,28,25,10,9,74,65,66,31
99,17,74,60,19,3,71,61,5,29
89,6,96,48,4,87,71,50,82,52
83,31,12,69,77,45,29,62,50,13
36,15,29,16,98,31,52,31,57,81
94,69,42,29,91,41,70,62,18,56
37,72,48,6,58,55,45,64,29,65
60,25,20,69,28,81,95,55,83,39
93,5,64,16,51,4,17,40,11,22
98,1,45,94,7,60,63,7,51,74
11,16,88,41,32,53,74,20,56,27
49,75,59,94,47,71,87,94,30,3
96,36,20,43,46,16,3,27,95,10
34,16,56,63,76,82,1,9,11,80
48,82,82,24,57,42,66,75,43,98
55,21,74,90,36,100,39,90,27,1
22,84,35,22,49,43,61,50,49,98
10,36,17,25,86,72,10,54,96,58
28,73,74,33,32,83,96,3,28,64
16,16,12,6,51,32,94,23,21,88
33,92,91,64,4,19,54,1,55,71
72,50,14,43,46,85,88,84,37,80
95,89,12,54,65,27,10,70,4,51
37,8,26,70,76,85,26,57,5,99
89,73,1,100,79,43,98,24,34,86
1,100,64,79,83,9,98,52,84,91
33,98,33,48,41,1,95,6,57,36
35,28,16,7,94,13,65,26,49,49
8,65,67,18,90,84,28,85,6,27
52,62,26,97,20,61,1,34,96,25
66,78,53,95,8,41,17,68,42,52
58,37,56,42,26,18,11,48,57,12
77,41,38,11,2,60,6,36,19,99
13,81,56,9,59,72,46,26,33,56
93,22,5,4,85,21,53,68,44,16
97,43,20,58,62,9,84,53,47,16
74,5,3,56,36,18,59,88,78,30
81,43,37,93,5,8,12,53,63,33
38,20,86,77,80,28,64,74,9,15
68,73,27,11,73,63,64,25,7,11
76,100,80,88,18,64,30,54,73,70
22,98,98,3,24,91,7,52,26,19
27,58,80,57,91,5,16,35,90,41
65,100,75,64,10,34,28,41,40,59
39,79,74,74,70,39,65,52,58,97
15,41,33,35,70,71,13,62,20,92
48,9,6,33,1,7,27,24,27,73
44,22,87,8,56,90,28,53,4,39
43,57,98,45,63,72,88,34,71,74
36,35,33,61,87,67,80,53,62,31
52,69,100,58,62,5,99,5,41,15
24,62,81,54,72,73,53,46,95,70
50,59,63,34,4,33,89,16,23,39
24,100,75,83,14,98,55,48,69,99
79,82,7,78,84,91,26,21,21,11
98,71,80,31,9,5,20,7,3,39
31,13,11,95,6,20,52,2,85,97
6,81,38,39,57,46,31,13,64,33
59,16,67,19,92,18,47,21,46,45
22,11,33,38,100,49,18,100,81,67
14,86,33,19,37,90,51,8,83,41
72,45,40,45,52,29,53,65,52,32
48,85,61,51,70,30,34,37,96,55
92,22,26,87,87,26,16,47,59,62
78,32,72,91,16,61,79,28,85,62
15,28,19,99,2,37,93,94,35,34
63,54,98,97,35,20,24,39,27,72
17,47,2,5,35,33,3,43,79,16
32,20,24,28,67,13,49,63,48,42
1,35,21,57,9,92,89,71,66,3
48,68,96,14,35,33,47,57,21,37
75,36,23,41,87,75,70,5,81,1
77,46,56,66,96,42,9,11,22,50
95,15,75,74,39,61,82,15,26,82
14,65,90,32,73,76,22,2,60,17
58,49,75,40,50,5,43,48,87,10
4,47,25,84,29,81,66,26,63,66
65,65,31,39,61,3,45,85,39,24
16,24,28,18,29,25,75,19,21,46
32,36,66,70,72,91,14,11,37,28
15,80,74,83,76,91,21,20,22,64
83,84,16,73,62,86,52,87,83,86
54,32,1,48,82,62,10,12,53,89
39,5,59,55,44,68,36,56,55,42
54,53,62,93,37,46,94,98,18,66
27,78,86,14,71,48,55,80,5,95
34,44,86,60,10,89,80,16,10,24
7,99,22,92,53,89,49,38,39,14
50,5,15,29,25,45,59,50,74,80
19,85,20,94,92,62,70,73,67,38
44,61,6,69,60,79,29,49,66,90
58,78,36,43,48,61,78,27,12,50
68,95,69,82,74,12,85,48,50,93
90,56,57,60,89,59,7,55,54,8
45,69,19,6,24,7,19,70,23,11
86,57,84,94,10,78,5,46,79,16
2,35,75,60,92,26,66,47,89,20
68,78,90,58,98,79,39,88,11,45
54,95,46,8,65,82,55,39,17,97
69,75,94,58,13,42,81,25,54,78
65,67,8,34,82,3,3,5,26,91
37,23,82,71,42,92,100,59,23,5
33,9,54,99,11,13,71,53,62,1
31,69,23,39,9,65,17,66,94,61
30,74,93,93,82,64,38,13,18,77
99,46,64,51,20,11,53,16,59,31
90,28,55,49,1,73,61,71,23,20
76,7,56,22,33,71,38,89,78,53
79,18,11,89,92,54,91,97,7,44
79,70,97,13,2,58,81,78,69,62
20,79,55,93,97,64,87,75,12,61
77,22,76,12,16,94,30,99,84,79
21,33,6,94,89,61,49,5,87,35
3,50,35,26,85,22,61,62,62,48
59,48,37,36,58,46,32,72,14,59
64,96,92,48,30,71,45,27,61,2
88,93,13,1,5,100,62,21,69,29
30,50,68,70,90,69,75,37,98,43
69,90,54,26,43,4,99,13,90,54
96,43,59,36,46,94,33,72,30,38
83,39,2,89,15,34,57,48,12,57
5,53,10,39,54,32,21,6,100,33
29,88,90,10,16,64,72,30,84,86
16,3,83,20,95,100,53,83,73,8
79,63,7,98,76,52,47,18,79,31
56,41,76,67,66,95,60,46,100,72
74,55,41,62,3,25,34,6,67,89
57,91,48,48,47,45,93,11,18,38
64,17,81,7,64,60,23,42,27,2
1,10,16,82,23,14,19,88,49,83
93,17,51,12,29,23,8,70,50,12
98,29,58,64,38,71,10,90,68,1
9,84,38,63,14,43,37,50,57,7
93,78,35,90,18,91,18,9,15,33
24,90,4,59,65,89,43,21,84,74
16,60,74,49,12,52,85,70,25,6
21,32,59,1,83,7,14,33,57,61
68,15,7,1,13,31,34,50,92,51
17,35,14,79,82,11,5,2,51,97
22,97,48,76,78,68,99,16,76,26
59,15,35,64,99,13,31,81,99,21
48,86,90,57,16,18,38,9,54,49
78,11,83,23,39,84,33,42,53,59
59,50,61,57,8,10,27,91,8,88
54,14,57,18,77,32,18,78,25,59
10,82,41,13,100,76,11,67,20,88
45,81,43,95,48,65,52,55,98,41
5,58,54,48,38,60,26,79,98,97
17,19,9,84,50,63,40,14,50,60
64,24,69,37,46,92,96,69,36,6
64,18,70,54,80,69,17,63,62,24
15,89,95,41,84,79,78,69,55,50
42,33,93,13,12,99,36,60,70,23
54,67,57,30,46,55,78,73,41,30
50,38,99,100,14,55,54,55,96,14
79,58,96,7,76,24,72,71,96,66
90,23,66,60,93,22,55,98,88,13
20,30,2,40,71,85,21,64,78,71
3,78,35,17,99,80,82,74,91,74
17,46,27,33,51,77,12,90,37,16
41,87,67,24,65,25,73,58,62,88
1,35,45,29,81,94,8,96,13,40
75,59,9,18,65,86,83,89,68,26
90,41,70,12,98,72,56,98,33,51
17,18,34,83,77,80,94,69,86,87
74,37,58,88,98,79,29,4,64,64
35,16,72,40,66,94,69,37,90,14
79,92,14,98,65,48,93,81,82,41
99,3,28,8,86,86,72,52,22,48
82,12,84,52,9,37,13,85,42,100
97,89,95,75,13,28,23,38,92,18
69,26,82,83,99,12,32,89,68,30
98,74,93,16,65,21,23,82,27,58
77,14,70,16,33,9,64,49,40,15
39,74,54,73,72,42,34,37,56,22
59,50,77,99,11,5,52,2,16,48
71,96,90,20,65,8,90,48,100,94
52,21,65,51,46,9,81,58,62,1
49,92,50,49,54,85,75,90,31,81
69,53,90,2,99,86,83,62,52,37
13,38,88,55,91,40,15,87,37,100
54,54,31,29,73,47,12,87,58,95
4,80,47,48,59,76,86,63,100,98
5,26,99,50,1,87,11,36,58,41
33,45,54,20,76,59,58,69,47,93
10,16,93,52,8,68,90,21,97,24
77,34,54,14,86,22,30,78,19,18
25,69,87,48,42,36,43,27,51,89
3,55,8,91,96,42,42,100,42,34
23,64,84,92,59,20,24,10,98,35
49,18,67,32,57,27,23,81,58,29
26,65,47,60,13,92,73,7,70,17
67,98,86,93,3,83,13,88,46,13
48,60,57,1,61,50,38,57,67,63
76,16,3,25,1,67,54,6,74,80
81,95,9,59,5,93,69,84,91,57
26,14,5,83,68,1,93,16,98,48
88,12,19,63,90,40,32,91,45,52
41,45,19,49,95,97,39,64,100,32
82,11,21,37,56,66,3,60,58,46
61,48,4,20,3,59,57,83,17,17
9,69,4,45,5,33,82,98,81,59
67,2,58,49,100,7,17,6,6,26
84,19,19,28,11,80,23,40,13,92
86,64,99,58,32,29,69,47,32,22
22,95,90,65,61,19,37,4,1,64
81,59,58,49,23,58,58,57,50,15
90,81,92,56,70,58,25,60,87,29
74,65,62,62,70,67,69,11,98,5
21,77,23,67,20,53,88,84,79,37
93,34,41,54,70,10,24,52,9,86
12,39,33,7,75,5,38,92,8,54
61,11,7,30,66,80,55,19,51,100
68,96,33,100,15,15,91,56,41,93
58,93,15,69,83,83,53,45,19,67
34,23,84,22,51,38,13,51,9,57
62,25,47,71,72,63,33,48,62,94
68,57,34,75,81,98,85,16,78,37
76,76,6,25,81,47,43,66,53,14
12,48,39,44,17,65,9,24,92,6
89,88,90,62,65,21,86,57,47,23
47,28,63,3,84,58,59,19,22,55
20,4,93,58,37,50,59,63,58,81
48,35,85,54,12,65,23,75,44,84
88,70,24,65,27,54,78,57,85,34
35,21,78,27,32,50,36,77,59,72
30,66,78,40,71,16,76,83,27,68
16,19,32,34,18,84,62,34,100,34
52,99,89,98,90,25,23,99,97,57
59,87,21,8,24,45,11,94,29,79
27,99,3,82,57,62,48,4,100,60
36,70,20,81,27,29,37,35,56,81
23,52,89,69,33,50,3,87,79,99
89,65,79,88,40,2,45,15,65,77
29,69,73,77,92,83,98,2,48,77
31,85,88,63,58,19,90,96,41,5
57,60,65,42,90,26,35,17,52,23
14,61,28,39,29,90,20,95,6,10
26,18,47,19,11,95,35,32,59,46
24,68,18,30,20,20,22,18,53,30
89,49,44,90,77,73,71,49,6,61
7,13,88,99,60,45,80,65,15,21
73,39,56,83,35,34,97,23,69,70
70,28,27,77,51,72,41,50,41,34
82,24,19,43,42,7,34,15,23,74
20,17,3,53,90,90,74,36,23,54
12,6,87,65,90,10,43,83,30,7
22,76,48,95,13,95,39,81,15,41
24,58,60,3,64,69,66,45,61,55
50,78,5,58,81,38,55,18,71,40
37,14,22,80,3,91,8,98,24,19
63,39,30,63,81,20,44,70,18,30
31,10,62,23,21,28,68,17,38,52
62,38,85,79,19,63,31,55,5,51
41,9,77,14,39,95,82,40,47,12
60,1,4,65,9,18,5,62,64,37
28,76,44,52,77,82,42,85,10,54
66,84,50,21,4,93,47,61,98,86
5,19,5,13,16,2,18,48,40,5
99,62,65,12,37,75,65,98,21,86
25,46,28,65,69,10,51,53,35,6
88,2,40,15,75,81,26,66,6,92
5,55,39,64,34,100,95,55,87,33
80,55,60,57,95,15,40,35,2,9
35,30,31,53,44,36,3,25,22,26
45,99,50,82,79,63,93,73,75,38
77,48,32,50,85,5,52,43,33,50
31,11,30,6,8,49,18,13,11,28
14,55,96,73,70,73,15,66,77,67
71,76,4,53,65,29,99,93,60,72
82,85,58,47,71,57,51,80,87,74
22,59,99,61,67,70,28,75,78,17
52,80,47,51,88,24,66,53,48,35
25,14,65,48,83,85,5,58,36,30
53,5,64,64,19,31,82,47,15,87
84,96,37,59,23,17,30,78,2,91
4,23,22,92,23,51,17,1,37,6
31,98,54,22,10,89,9,66,18,41
50,70,83,21,33,71,46,23,22,71
30,38,93,51,43,97,28,64,21,74
89,89,14,65,41,50,8,73,77,72
29,59,9,36,9,57,9,51,42,99
9,51,43,91,65,69,89,14,10,40
33,64,8,33,63,53,94,52,3,52
100,90,29,33,95,57,95,86,60,7
13,85,22,79,98,3,3,75,66,26
99,98,48,41,53,53,39,39,99,64
23,60,61,90,22,96,73,60,55,34
35,83,91,11,5,37,84,1,98,25
50,33,70,41,36,69,21,5,76,99
53,22,39,30,38,73,95,50,92,34
72,23,48,83,14,75,69,45,33,40
8,95,80,23,96,30,33,10,81,9
87,26,93,73,87,96,5,26,88,82
33,96,5,5,15,53,82,44,36,98
29,56,1,82,99,14,53,22,64,16
68,78,8,36,25,91,3,23,77,60
60,3,19,63,29,75,32,94,16,99
95,17,91,48,76,11,46,68,29,10
28,99,28,70,24,25,87,53,90,8
30,78,73,51,83,11,37,7,89,99
96,64,31,76,96,27,89,57,13,70
4,32,77,69,59,14,80,47,70,41
92,93,67,44,3,61,2,38,24,17
60,12,65,66,91,15,67,14,93,38
38,78,96,74,59,48,89,85,44,84
5,6,3,25,38,8,75,11,94,61
97,74,14,62,4,76,44,46,68,5
33,15,79,13,23,21,52,33,59,19
35,100,86,7,82,5,7,13,10,91
76,90,20,70,10,16,92,18,97,66
92,66,12,10,57,62,58,70,81,84
43,91,61,65,72,26,20,34,65,84
47,70,74,60,32,4,63,59,94,84
26,75,81,92,73,53,38,36,15,65
69,20,72,51,13,61,71,42,2,13
1,31,42,27,64,43,39,64,84,14
39,95,68,1,40,75,51,46,49,40
82,87,67,98,23,60,44,16,52,28
74,39,3,99,62,30,42,9,52,98
52,99,96,13,8,20,93,75,87,62
35,41,37,40,27,34,21,84,30,62
27,41,97,91,49,90,1,55,86,97
61,51,52,89,64,95,89,82,4,16
97,10,20,53,35,48,52,94,6,90
80,84,68,49,24,36,85,89,8,16
17,75,97,38,100,12,72,19,16,87
47,65,38,94,66,97,81,15,55,38
100,100,18,3,46,71,87,83,37,36
38,23,88,22,16,77,27,1,95,37
22,7,68,98,85,96,32,68,5,51
13,31,43,75,99,50,91,51,94,45
30,66,37,68,98,5,1,16,19,83
64,94,13,43,60,20,30,33,22,46
52,43,47,52,95,6,67,58,15,1
37,21,57,22,94,58,37,87,15,31
65,58,21,4,97,95,3,3,67,86
61,96,44,90,43,68,69,46,50,22
46,38,48,37,73,30,73,28,26,10
15,24,4,60,92,11,21,48,68,86
86,97,66,100,89,48,32,19,64,23
13,97,92,2,2,8,30,48,23,63
29,61,100,64,94,4,96,20,37,47
5,16,80,90,51,67,51,82,70,53
4,1,47,11,15,1,40,38,98,64
70,10,27,98,65,7,59,55,98,73
10,9,93,49,55,99,32,11,61,21
79,98,89,5,55,19,54,23,19,48
4,95,16,33,59,73,61,26,98,20
16,98,24,15,29,7,42,36,99,33
82,11,97,52,42,2,9,86,13,87
2,17,29,72,49,72,69,41,62,40
39,69,60,48,31,79,47,54,58,47
33,33,11,99,23,21,8,46,97,28
65,4,4,93,79,11,29,88,12,1
78,40,38,18,90,92,47,5,86,38
60,75,94,72,56,26,76,46,69,6
2,83,99,60,55,81,95,24,35,43
32,55,60,90,10,61,11,100,56,67
59,43,34,48,36,55,98,8,82,17
98,81,87,25,20,67,59,35,93,64
33,50,47,30,10,10,12,14,2,41
87,69,41,69,44,65,37,73,1,79
23,95,35,79,98,35,74,97,67,3
14,44,96,38,90,45,4,72,62,32
37,92,67,31,41,60,53,49,42,84
9,65,66,5,52,64,95,77,29,77
95,61,71,23,73,64,56,15,95,29
46,98,76,45,46,1,49,36,92,76
36,47,30,10,66,1,27,63,2,20
82,99,40,44,89,66,95,80,30,91
84,25,8,67,3,43,27,75,14,58
57,96,65,68,77,65,34,99,88,98
75,52,70,12,11,25,14,9,93,83
70,19,52,97,26,94,6,42,14,24
55,27,36,98,99,63,78,19,45,15
23,67,24,46,1,96,63,40,21,99
99,14,51,94,92,26,9,28,94,62
6,14,44,87,73,15,33,65,61,80
53,52,87,13,18,48,41,38,10,80
89,20,27,57,68,17,47,42,89,34
85,41,21,99,43,4,58,62,78,10
54,78,95,16,87,70,59,36,16,13
73,6,79,39,44,19,83,86,78,20
66,58,100,24,51,70,6,65,56,98
96,81,16,11,51,58,87,59,45,61
70,35,27,62,54,20,71,84,45,70
64,17,58,71,84,3,100,97,9,34
14,60,75,65,72,96,82,73,64,100
98,83,50,88,27,54,60,6,90,40
8,13,51,59,69,18,98,97,33,36
86,13,82,91,40,6,39,47,55,70
48,84,23,44,6,51,56,47,3,59
78,46,38,63,73,51,57,20,66,57
64,54,64,64,68,28,3,44,36,37
66,41,56,66,22,77,92,59,77,89
82,49,65,14,78,74,60,29,10,2
50,78,52,13,18,73,21,9,42,35
4,49,25,19,36,62,74,19,19,72
41,1,59,44,32,61,69,13,50,73
17,1,44,56,93,47,97,59,24,25
23,29,19,63,66,49,15,73,67,35
26,95,55,16,80,14,52,50,30,90
30,3,61,91,60,20,4,36,10,45
52,41,5,83,41,71,33,5,34,54
57,49,60,49,65,87,7,26,20,82
92,29,36,85,98,79,56,64,10,6
66,14,68,28,89,75,34,95,98,98
64,44,9,44,13,60,18,14,8,49
3,92,16,51,51,12,34,3,72,50
67,54,22,26,26,50,75,5,77,90
37,85,54,6,51,1,53,79,96,76
97,20,23,9,2,4,23,48,66,28
31,40,100,55,16,38,20,33,65,81
45,57,89,78,61,70,86,51,86,49
37,66,27,38,17,43,10,100,90,78
24,62,40,52,69,64,45,38,42,89
22,70,92,77,53,91,67,26,50,41
73,88,14,11,38,67,94,25,59,31
72,21,65,62,95,98,53,40,74,9
74,82,88,39,45,97,95,21,97,86
99,100,64,32,68,33,18,47,42,80
2,57,9,73,8,91,29,80,1,25
55,76,88,22,65,45,78,2,41,13
94,42,55,9,87,77,24,87,89,25
51,4,89,54,7,77,94,10,63,66
9,92,87,77,47,37,51,79,44,3
49,29,35,86,89,91,11,63,87,51
84,90,23,26,1,25,92,54,87,16
74,8,2,99,52,98,49,18,73,37
46,15,48,3,95,88,86,17,51,61
20,90,53,9,4,17,33,75,47,53
53,48,20,38,32,65,9,12,2,96
18,14,42,100,8,59,80,33,27,1
83,90,45,24,26,95,60,40,64,45
12,64,13,57,9,29,46,82,15,81
2,48,24,92,73,86,10,90,47,52
31,80,96,10,10,37,40,94,51,13
80,9,85,33,53,82,50,25,18,33
75,87,4,27,98,24,89,2,10,91
52,38,16,95,10,69,100,17,1,59
88,36,90,5,19,38,48,48,62,16
20,21,38,74,85,44,14,38,4,49
91,59,93,95,24,61,44,55,58,33
20,26,62,29,17,22,52,75,75,63
30,89,65,67,34,76,98,49,5,97
66,19,96,61,31,79,55,34,62,18
35,59,60,60,32,91,85,39,25,3
5,93,41,3,20,78,78,67,62,83
17,56,85,47,49,97,50,85,91,44
45,76,50,86,88,37,76,79,75,45
89,97,38,38,23,13,96,89,42,49
87,92,8,56,73,16,39,50,23,71
30,31,7,50,32,67,76,65,11,93
92,65,77,63,51,28,78,4,86,44
44,34,62,55,25,1,20,80,45,16
57,43,21,47,15,6,6,96,47,43
94,72,82,62,62,46,72,49,55,46
20,28,83,22,31,19,36,4,77,27
19,51,14,74,96,56,19,19,70,21
37,19,58,3,8,7,17,50,64,27
10,38,9,26,91,8,38,10,80,59
99,41,57,71,1,6,59,100,45,85
100,86,90,45,22,55,60,90,64,52
66,79,39,79,2,75,21,93,98,100
37,33,19,20,37,62,13,94,49,90
41,70,98,70,48,25,7,16,34,53
12,87,1,67,63,3,64,68,47,56
87,83,40,98,38,99,64,55,92,51
32,8,11,63,44,76,70,92,97,88
49,62,67,85,56,12,25,89,93,49
12,68,52,74,80,46,39,19,46,96
29,34,81,65,25,71,64,13,66,41
55,57,41,85,18,25,22,20,99,11
97,81,56,37,8,57,99,21,39,76
83,58,68,32,57,85,87,55,45,15
53,78,46,27,14,83,8,60,94,17
51,95,88,26,40,49,93,86,38,87
91,71,44,35,90,88,11,38,93,26
53,78,63,63,73,24,36,13,12,8
79,49,59,38,100,46,89,70,16,63
72,62,91,49,20,71,36,96,8,66
19,67,96,39,61,76,44,6,83,17
90,2,40,44,27,100,30,61,13,69
29,23,100,81,88,95,79,100,93,28
86,17,41,15,66,35,44,99,48,57
4,80,55,59,39,34,3,85,6,64
12,60,58,87,28,24,63,74,56,64
56,75,20,96,21,9,10,3,85,91
19,93,55,2,52,60,22,52,21,58
26,83,61,92,24,54,20,42,94,81
62,85,39,69,57,71,70,70,98,1
3,6,51,50,82,55,78,20,58,23
55,11,31,48,94,55,42,2,40,42
76,22,13,80,3,97,39,93,23,7
65,67,81,37,45,39,57,69,89,63
41,64,85,69,77,70,94,35,45,88
45,2,17,64,63,49,94,96,78,88
13,20,91,27,38,40,83,60,17,77
11,66,66,66,29,77,99,65,64,75
99,44,30,67,12,29,76,16,55,69
92,20,51,2,100,80,47,42,37,96
40,49,80,99,91,94,4,1,61,53
78,22,94,55,71,57,55,11,94,15
91,7,24,73,56,83,14,85,70,55
25,20,16,31,5,29,55,45,23,19
77,55,57,30,87,35,14,70,52,53
13,94,91,98,36,47,27,66,19,93
44,78,18,81,83,33,50,33,37,5
47,68,91,60,43,70,28,98,32,11
71,82,22,72,28,76,48,7,14,27
61,95,70,42,46,15,38,41,79,64
95,83,6,93,54,50,67,27,54,54
8,50,15,60,76,50,28,11,27,69
32,77,39,59,82,13,38,37,66,20
21,16,64,95,3,9,88,67,34,65
98,35,72,90,99,98,88,53,40,79
79,62,6,47,38,19,61,81,15,1
2,1,60,97,34,100,7,67,3,94
39,78,76,2,51,83,57,22,48,83
22,21,83,3,100,4,12,77,7,56
40,74,62,59,100,41,90,74,69,62
90,17,42,45,75,52,1,30,14,31
15,77,42,70,63,44,45,31,97,15
12,93,57,45,23,67,32,82,51,34
35,52,63,86,41,88,38,24,6,21
70,80,57,17,19,21,77,82,98,67
8,56,8,42,44,98,25,42,41,37
30,27,79,1,11,52,84,57,12,8
39,83,89,53,64,6,41,92,54,22
27,14,89,15,77,95,61,45,15,76
72,67,74,77,81,36,91,87,75,55
2,37,27,43,86,2,83,19,84,79
75,90,67,75,67,94,42,22,75,48
16,18,2,65,2,68,48,78,73,69
38,74,56,35,67,47,36,15,26,14
30,23,63,83,72,80,89,30,99,3
15,46,17,63,93,51,89,60,5,74
61,49,23,75,39,89,51,93,4,71
21,73,62,77,37,96,70,51,31,83
54,98,26,63,56,41,88,2,87,74
53,69,38,36,28,58,44,34,84,1
18,73,75,78,42,27,26,9,24,17
92,90,63,51,19,9,66,56,14,86
82,26,56,78,76,100,81,19,21,91
76,75,31,16,72,82,67,36,47,52
100,64,72,67,49,35,65,80,60,36
63,28,35,90,88,94,36,85,83,55
9,90,92,76,77,67,21,68,20,37
97,74,88,41,93,44,20,44,65,77
60,12,7,54,62,34,17,100,100,96
42,100,74,74,48,12,83,79,6,13
99,97,15,12,76,74,5,52,83,49
22,5,49,10,69,4,93,53,2,5
59,76,97,33,20,46,28,83,9,56
29,14,80,86,96,17,49,83,11,75
99,49,81,98,13,28,51,2,52,76
32,53,78,27,85,30,6,71,22,99
12,68,61,19,26,92,78,82,42,1
39,18,77,67,69,63,1,70,75,93
30,93,32,11,42,16,23,37,1,31
35,64,99,89,57,51,47,15,13,16
56,93,14,91,100,80,82,74,30,23
50,29,52,63,74,37,15,47,100,67
32,22,65,72,63,40,38,30,81,20
75,38,46,45,19,46,71,23,37,49
28,72,87,81,28,70,57,44,44,13
95,14,93,28,23,65,65,20,41,44
84,23,29,71,81,12,33,28,43,35
14,63,28,51,57,19,48,61,84,45
72,36,22,63,63,9,87,25,40,95
49,56,85,87,85,96,47,9,67,55
55,62,13,85,51,45,20,39,80,42
9,90,30,57,72,57,49,11,35,20
98,92,92,81,89,86,100,91,81,21
58,33,59,52,16,98,40,7,63,58
90,23,88,18,26,70,78,84,39,27
43,9,45,24,85,27,87,24,59,77
96,66,27,75,39,1,35,82,19,67
12,57,61,92,45,31,14,93,81,2
73,27,8,4,76,22,25,41,100,31
4,75,79,48,32,65,50,51,60,65
15,33,46,95,37,89,83,68,69,49
62,5,33,71,32,13,32,59,88,25
63,58,25,95,57,84,11,64,42,65
58,17,81,11,53,82,80,15,37,5
83,92,27,70,79,52,28,87,100,70
44,31,97,70,93,12,89,90,1,77
82,25,88,46,6,86,79,72,47,30
13,6,27,68,97,63,34,52,91,34
99,87,13,84,67,5,21,37,13,61
33,77,98,86,63,31,70,57,6,91
44,88,15,72,58,40,88,14,62,32
44,83,39,26,75,1,71,26,12,76
3,72,45,1,61,63,19,64,12,21
6,47,79,93,63,30,21,52,11,29
57,80,43,20,95,56,10,82,99,8
5,38,48,96,42,73,55,18,28,71
81,64,16,23,66,3,93,92,24,72
30,32,72,69,6,74,28,26,93,47
92,39,52,78,27,92,76,82,20,55
53,17,82,74,50,63,93,42,58,74
60,41,22,63,8,63,2,89,71,8
59,78,8,93,74,64,36,41,25,30
42,59,97,77,97,35,42,60,15,35
71,13,82,67,81,94,55,92,36,45
56,98,21,86,74,85,15,54,13,14
31,14,3,81,48,87,33,69,3,85
74,88,96,21,47,61,56,46,42,7
29,68,13,59,46,48,1,69,65,87
49,40,23,1,95,11,71,28,64,28
64,54,87,86,31,57,95,29,95,98
71,35,66,51,30,16,46,53,1,33
9,57,46,93,10,15,84,6,19,41
89,41,55,15,74,62,49,37,84,85
10,63,39,34,9,76,48,9,12,58
52,16,78,74,19,94,45,42,59,7
17,38,100,68,44,24,65,90,86,33
30,40,25,3,30,98,14,22,30,77
13,81,42,45,15,27,78,1,1,4
30,5,65,88,66,55,82,82,49,98
19,47,61,4,70,61,61,82,32,78
30,1,43,18,100,9,13,24,26,13
19,78,66,93,46,4,32,45,54,12
35,36,38,16,23,30,74,51,93,42
21,99,16,88,24,3,39,11,92,32
27,63,59,66,89,72,31,4,50,35
23,58,9,66,40,17,49,23,79,95
44,89,71,92,8,78,8,81,47,78
48,39,15,11,34,31,63,89,23,58
1,1,20,83,99,42,41,85,85,79
5,37,24,46,9,42,91,93,49,10
85,37,7,4,6,49,18,10,79,57
56,61,69,1,2,29,92,2,12,83
77,42,79,44,45,64,48,16,74,38
57,18,80,81,38,38,16,82,15,91
57,98,2,39,82,35,5,82,6,72
5,13,40,62,74,32,41,46,53,62
19,38,60,71,79,24,94,56,73,62
24,48,11,2,44,30,66,26,92,34
73,22,99,56,55,25,78,67,52,1
32,64,100,51,34,74,52,10,46,62
48,11,82,63,26,57,69,2,67,49
86,79,12,71,59,39,22,63,84,53
43,4,3,32,53,49,99,46,61,52
31,12,44,62,69,29,45,34,76,15
81,44,80,18,67,73,33,22,93,75
84,83,63,17,44,25,62,52,23,82
90,55,96,13,95,97,20,56,59,69
6,5,33,100,68,70,48,9,17,100
10,84,36,44,28,95,45,49,98,57
18,92,63,16,57,16,11,73,81,7
40,22,43,69,99,14,90,91,12,44
34,78,40,7,92,61,8,9,44,12
26,89,67,88,62,15,26,86,50,1
93,60,1,75,60,4,35,38,44,43
8,6,43,85,43,41,69,3,17,21
4,90,68,55,52,9,55,30,50,84
17,69,21,91,16,55,85,49,79,59
34,38,60,87,5,90,90,6,1,68
34,87,43,58,88,58,37,2,74,67
52,48,66,50,89,24,72,19,6,82
67,87,97,77,21,51,100,16,77,33
4,68,20,86,16,60,30,21,91,25
98,38,73,92,23,46,20,15,89,28
90,98,76,64,19,63,27,64,80,52
86,63,5,88,40,72,7,99,2,76
42,22,1,77,69,52,52,60,30,48
41,32,19,73,71,7,79,83,72,53
77,18,59,51,72,87,20,24,67,93
54,5,64,42,58,23,10,78,98,41
31,18,32,3,38,95,60,64,48,54
61,29,50,60,49,21,21,18,23,16
11,18,62,51,12,6,76,66,73,58
48,6,88,93,52,33,19,27,25,60
87,60,59,76,41,62,76,2,86,16
19,96,4,51,80,44,49,40,38,50
45,4,97,81,42,51,68,17,98,64
98,10,41,72,37,51,89,80,67,32
49,87,10,92,93,4,76,89,80,17
44,82,82,80,45,21,98,18,67,84
86,71,49,90,78,27,66,95,12,1
68,49,82,67,60,48,15,93,12,10
81,55,51,10,9,64,37,86,30,57
61,97,72,10,68,8,89,83,76,70
27,62,8,77,6,94,40,89,78,6
17,54,89,88,50,84,31,26,74,24
39,9,60,58,48,52,24,94,31,83
22,34,26,20,12,90,36,81,61,5
70,55,67,15,4,35,11,27,64,53
49,44,99,73,58,25,7,3,39,21
14,9,49,80,78,46,80,40,91,81
41,26,80,56,56,65,29,96,93,17
22,90,46,7,77,25,16,63,73,91
42,11,21,59,17,37,53,18,37,68
68,10,48,71,93,96,7,53,72,59
24,78,90,73,67,77,64,85,22,73
59,85,48,6,28,89,76,8,9,84
14,49,31,67,46,64,59,1,1,100
77,65,98,78,8,92,14,99,99,1
92,6,74,13,30,52,14,11,100,64
81,36,76,99,27,16,50,21,7,82
84,77,87,33,46,21,73,2,2,55
2,91,29,61,24,90,2,97,75,76
65,5,39,6,38,90,65,21,47,80
36,76,72,17,76,41,71,45,12,85
34,99,52,53,71,21,61,76,15,77
56,14,81,31,44,30,26,66,88,85
59,46,84,42,45,89,9,68,73,23
86,12,3,63,48,86,15,96,62,20
71,12,81,52,87,72,93,63,65,80
23,58,61,36,70,38,77,75,83,69
77,31,90,55,24,69,26,2,85,6
76,2,11,99,76,34,2,49,72,73
57,45,82,22,35,26,53,76,82,83
33,19,56,53,42,67,33,61,65,40
64,89,74,4,12,43,38,13,28,92
34,85,98,20,57,73,31,41,80,86
71,7,20,93,37,64,25,31,18,19
10,98,85,63,11,18,78,56,94,29
78,16,81,6,28,87,81,85,78,26
3,49,38,36,26,76,3,11,32,6
46,83,22,6,11,23,86,78,34,17
37,42,75,54,67,31,95,10,62,13
15,41,96,91,43,49,69,2,100,73
92,97,25,44,6,94,63,48,21,94
72,60,31,62,11,34,90,4,42,50
60,87,46,13,80,56,18,93,27,92
31,41,79,38,94,16,76,30,50,58
91,75,78,50,23,95,64,65,29,74
27,68,39,90,10,57,17,20,4,17
19,26,16,60,73,29,45,25,84,13
63,100,60,36,21,41,49,61,34,35
10,70,27,57,33,12,46,40,32,13
45,52,46,17,94,60,85,39,55,26
73,89,82,69,1,41,68,31,66,5
90,77,47,22,99,20,61,93,68,66
58,85,74,3,42,30,11,56,70,69
7,79,81,31,79,85,74,35,45,40
88,90,92,49,52,18,66,54,9,16
67,59,50,24,67,77,64,10,72,57
1,72,40,36,64,65,89,70,16,17
80,37,92,31,31,57,10,80,89,95
57,19,80,91,77,9,22,68,39,31
57,41,44,6,13,50,95,41,1,24
9,98,60,19,20,10,60,60,47,11
44,73,86,73,37,39,18,82,13,29
86,11,53,94,40,43,88,87,28,27
33,90,89,52,2,10,74,40,71,74
71,49,73,76,8,34,46,48,40,48
71,68,7,58,45,27,71,41,17,31
43,21,93,54,18,9,19,18,5,9
77,37,5,63,44,8,6,68,42,49
68,85,51,37,64,9,71,40,62,40
69,89,70,68,95,47,11,22,52,83
70,50,84,51,41,55,55,15,78,57
52,54,50,44,9,26,34,20,94,87
42,25,21,14,3,11,77,85,89,45
95,12,19,3,87,8,22,68,87,3
15,52,48,47,47,11,85,58,77,24
69,47,45,80,50,43,88,19,27,98
41,18,33,61,76,43,19,7,44,16
56,38,90,90,44,70,21,61,29,30
59,20,77,19,77,29,28,27,72,29
58,86,23,98,29,25,31,42,2,18
2,98,89,32,95,90,38,74,16,13
81,95,62,56,77,33,34,85,3,33
31,65,6,4,24,65,42,49,23,84
96,19,32,39,21,22,8,78,66,9
11,23,97,1,61,83,90,1,86,67
59,44,64,84,24,30,65,6,37,8
98,51,32,7,77,79,52,5,64,68
3,83,8,91,30,37,7,48,53,29
29,27,65,2,78,33,46,84,91,4
95,36,37,49,25,98,17,97,65,60
39,35,32,68,65,90,79,41,21,59
78,42,94,76,86,31,18,62,11,11
62,40,76,51,36,33,59,64,66,16
89,88,89,81,96,66,73,38,60,35
95,24,59,40,46,1,77,61,12,99
94,29,99,55,33,37,15,27,23,100
86,79,44,79,58,7,29,38,83,90
49,22,12,58,58,8,53,38,44,49
29,10,44,48,73,81,56,12,87,13
23,73,24,49,51,99,58,75,20,60
43,2,73,56,8,55,93,74,76,1
38,18,10,96,59,15,65,30,70,16
37,85,99,52,73,10,77,84,94,10
69,36,37,91,72,32,16,61,97,48
85,35,19,19,47,13,74,76,51,16
62,82,31,31,50,31,45,25,58,20
45,4,37,85,5,69,38,7,15,2
77,86,88,50,57,51,30,91,79,40
14,81,15,21,18,46,51,91,73,78
78,52,49,40,39,93,34,63,62,53
100,95,79,93,8,56,83,33,57,57
38,81,91,79,47,11,10,33,32,91
28,69,51,37,22,33,66,10,50,73
26,71,17,2,7,51,74,85,79,76
54,75,98,66,8,91,74,54,62,66
76,62,80,11,74,34,36,76,79,11
6,30,91,10,16,99,46,83,36,36
38,44,64,95,68,56,73,24,85,41
30,58,24,6,6,4,5,95,52,98
26,63,82,4,58,19,60,19,11,91
14,96,86,73,10,40,90,12,26,47
82,87,20,15,72,71,53,80,22,50
55,92,56,91,58,91,8,53,98,87
27,68,36,60,74,62,52,34,37,63
2,10,51,81,46,60,80,88,48,15
38,65,33,26,16,91,66,19,38,97
42,73,37,86,24,3,64,69,1,30
98,87,18,63,43,20,5,72,87,29
47,60,78,36,1,88,57,93,29,63
17,33,84,58,92,16,46,48,17,60
90,37,21,32,19,71,82,67,55,63
67,36,70,17,94,15,81,63,54,24
15,46,10,47,63,87,21,1,1,38
42,1,3,22,68,44,38,53,32,30
43,39,85,79,98,97,69,67,46,46
31,46,91,85,13,15,36,39,81,37
32,71,45,50,42,83,52,45,2,7
1,100,85,31,75,38,18,57,37,87
47,7,42,35,15,77,39,37,50,17
33,46,61,13,74,13,87,71,35,4
37,37,47,86,60,93,77,99,3,60
58,47,62,97,13,71,44,35,16,28
56,68,69,38,76,55,67,12,20,35
72,26,88,32,71,9,25,1,8,79
31,50,84,35,27,1,85,55,42,31
56,10,97,95,81,81,90,38,70,56
95,15,44,78,57,67,48,19,38,63
29,38,58,67,44,89,25,34,52,29
76,82,79,82,82,7,40,70,43,92
8,29,94,11,51,43,55,10,47,43
33,95,79,44,82,46,47,67,50,36
39,18,75,75,97,70,74,38,25,74
61,86,31,53,67,40,85,74,83,99
15,61,79,32,72,89,15,92,66,54
54,93,53,82,64,27,73,4,4,72
61,1,87,10,94,92,10,21,9,85
75,30,69,72,24,40,92,45,4,18
92,13,28,13,31,93,21,41,43,26
60,13,3,35,89,8,5,23,76,49
26,3,44,76,50,32,20,88,94,87
51,28,17,32,47,56,96,24,30,93
11,75,40,81,82,66,31,12,36,10
45,79,71,91,73,25,100,21,96,44
67,96,80,40,38,19,48,51,52,75
39,86,43,65,39,8,2,43,29,76
73,74,21,93,30,4,10,89,16,42
90,45,67,68,49,64,81,96,67,12
20,20,75,11,64,91,68,38,61,55
46,10,1,33,81,73,36,91,41,58
80,50,53,44,42,40,96,22,66,91
97,43,36,90,96,50,28,67,32,70
58,64,30,30,63,100,99,6,23,26
76,66,6,60,81,85,58,40,61,11
41,47,35,43,29,48,22,68,58,84
95,4,80,100,68,34,38,31,39,77
48,8,83,49,25,3,39,74,76,87
83,65,50,97,18,37,87,76,77,99
29,97,59,62,79,80,2,7,78,92
19,85,89,29,13,69,12,15,39,78
25,66,19,46,87,15,4,94,43,31
12,100,29,86,94,90,98,82,50,35
65,55,72,97,48,9,23,72,47,100
7,65,100,72,54,40,21,31,31,29
26,93,53,63,26,81,86,71,25,94
55,10,82,39,18,32,73,69,1,90
30,13,59,90,12,16,23,100,87,66
10,96,91,76,8,74,8,67,49,43
52,88,38,97,81,35,83,82,89,1
93,66,23,37,96,39,92,32,33,63
65,34,32,37,96,42,6,8,76,51
29,1,64,96,44,32,99,29,26,12
21,83,70,92,73,97,39,95,26,89
10,56,83,59,53,6,24,55,38,2
61,79,83,20,39,31,47,8,9,47
86,93,25,88,66,84,35,55,27,37
33,83,69,88,11,52,50,19,97,42
31,82,49,59,59,52,34,34,29,79
37,75,74,60,73,61,54,39,17,20
69,7,41,54,25,37,91,83,20,67
90,22,87,10,100,15,83,54,77,85
88,10,5,57,74,42,76,21,62,72
46,36,37,40,88,58,99,76,9,94
25,52,56,25,74,34,33,95,36,16
19,32,31,47,45,72,74,78,54,34
67,75,89,48,74,85,99,81,19,16
81,14,52,17,20,15,25,68,57,92
33,45,14,74,14,79,25,85,32,62
41,1,100,28,3,12,1,98,11,28
78,48,87,21,67,13,97,18,22,37
33,82,78,1,45,24,68,15,73,34
28,56,74,92,24,63,92,88,30,50
87,27,15,32,11,47,82,88,65,20
77,66,47,77,66,41,35,10,2,57
67,59,97,74,49,25,64,69,63,89
69,18,27,4,80,89,73,32,25,96
32,49,33,54,97,50,93,31,54,94
86,36,91,9,28,10,69,19,9,81
95,26,75,60,5,30,36,4,52,72
66,50,61,48,86,8,100,95,80,89
27,54,16,47,90,74,56,4,29,7
83,35,7,37,83,1,54,22,39,70
22,3,69,51,3,2,78,96,86,47
85,59,41,46,11,23,14,77,25,58
15,34,88,9,74,34,29,24,12,24
36,57,43,4,91,36,89,61,40,70
19,18,23,56,15,82,58,8,51,29
48,73,7,1,57,28,60,29,92,77
57,56,27,12,96,78,49,71,37,64
20,27,50,9,36,8,49,57,26,66
31,7,64,81,56,68,27,82,58,13
81,46,75,82,63,32,15,16,39,94
99,19,28,83,71,69,40,90,78,69
7,65,25,81,80,90,75,54,76,46
22,14,18,89,39,33,100,70,78,58
66,88,21,6,69,75,56,52,81,60
78,99,50,66,6,56,89,38,89,52
45,94,45,84,51,56,87,69,97,30
41,31,56,76,20,40,87,97,55,75
79,72,30,1,14,76,26,12,75,10
29,76,62,21,43,31,32,67,66,25
81,56,50,64,80,51,94,41,55,51
36,95,81,85,90,87,9,89,4,57
27,94,88,80,39,8,50,48,12,44
20,13,26,95,98,74,18,79,37,92
22,80,89,68,33,47,52,25,27,36
6,83,96,13,100,42,86,58,33,56
96,89,2,5,49,51,92,69,54,68
66,84,47,42,63,50,21,100,58,87
28,96,73,100,100,99,27,41,4,88
94,77,76,79,34,71,96,36,37,73
84,24,51,23,12,62,18,61,36,72
16,84,98,59,97,87,45,68,41,36
86,59,79,39,2,99,52,40,61,57
78,75,5,28,23,15,79,75,93,4
33,67,56,60,17,79,35,29,37,7
85,21,7,17,98,61,26,23,85,42
18,79,62,67,44,59,81,57,55,78
36,8,24,66,12,36,10,70,55,86
36,64,19,85,71,71,86,5,13,83
52,46,16,46,3,46,36,38,11,61
81,63,67,96,90,26,50,98,1,36
59,88,47,57,73,19,6,29,10,39
71,83,15,46,50,38,42,5,98,6
40,27,65,59,86,55,82,81,58,57
94,88,84,11,66,2,95,40,19,17
92,37,78,59,59,54,85,60,87,88
44,4,9,9,65,16,75,89,27,35
58,1,10,42,10,37,14,25,12,18
55,49,68,88,78,33,13,25,68,2
44,33,87,19,54,96,20,94,34,25
88,92,93,19,16,67,22,94,85,9
30,10,89,27,10,56,30,51,56,98
87,13,60,74,45,29,41,6,12,90
13,49,8,64,19,24,62,28,62,45
53,19,82,92,92,14,45,14,51,63
66,47,88,35,70,36,81,60,16,31
70,63,87,82,39,42,91,28,64,77
96,68,36,76,46,29,66,23,7,63
73,30,68,12,92,57,87,90,8,63
98,28,92,73,62,94,10,23,73,83
46,10,61,3,61,93,31,33,27,8
72,18,50,77,47,59,94,77,11,100
7,24,98,20,13,69,31,78,88,44
45,95,99,54,31,47,78,72,95,86
37,94,22,60,30,71,23,3,100,46
71,71,76,61,78,37,86,61,36,79
30,82,27,32,54,70,67,7,13,1
45,48,68,52,39,68,34,90,62,76
51,13,31,95,64,53,6,87,85,24
13,34,74,70,69,1,80,75,13,35
6,68,30,10,65,98,93,36,52,100
53,48,58,92,35,72,26,23,26,97
32,58,12,62,61,61,99,75,81,38
61,66,99,73,29,56,86,50,87,76
90,54,87,72,29,48,26,28,39,57
25,24,10,89,37,76,4,40,48,3
52,5,56,15,85,20,28,100,93,68
61,64,97,71,87,85,34,68,17,23
8,95,62,1,8,11,57,87,20,95
29,7,25,67,76,61,87,8,66,88
43,12,14,87,51,37,85,56,63,47
45,33,79,13,55,45,82,44,13,9
92,65,47,70,62,35,2,87,66,31
15,26,100,83,32,14,97,47,34,32
80,24,84,45,76,4,13,16,8,10
23,7,71,6,14,22,97,16,32,34
99,45,39,59,34,12,43,69,27,23
85,45,49,13,79,100,31,40,84,22
46,57,77,98,37,71,47,63,25,24
23,1,73,13,54,88,31,13,38,25
2,59,66,21,48,49,39,80,78,18
60,23,55,45,4,24,5,85,82,97
71,71,5,4,23,13,68,53,18,73
8,40,45,77,89,64,10,37,30,57
10,39,30,5,68,58,42,17,38,46
8,99,66,79,74,36,7,85,66,76
50,89,93,39,12,71,9,31,5,81
92,70,42,37,98,33,65,55,86,24
47,73,15,63,97,95,37,39,97,40
84,50,69,77,86,92,54,6,19,13
95,86,11,9,17,7,42,22,82,33
23,30,63,50,28,63,43,49,67,32
62,46,29,69,33,6,52,85,15,12
98,5,14,27,71,29,59,45,76,100
84,91,75,72,60,26,70,46,81,22
8,16,46,66,97,2,48,99,56,90
51,53,3,73,54,87,18,46,37,15
67,72,29,72,58,65,51,93,63,65
80,34,47,40,52,31,49,76,43,8
30,97,19,83,87,94,35,36,19,8
15,2,40,42,86,16,95,16,63,39
96,65,22,56,38,77,48,27,29,88
99,27,33,78,3,73,46,95,40,86
47,77,25,68,72,51,32,86,56,35
17,5,36,23,85,71,32,80,86,20
57,23,76,10,55,79,83,74,67,85
8,9,3,79,99,51,38,59,48,5
3,60,73,57,69,37,49,38,49,39
2,24,51,26,14,28,72,1,80,72
53,27,43,31,81,14,31,4,43,49
40,72,28,72,48,98,11,17,94,79
10,37,92,25,67,67,69,68,39,67
64,79,80,65,97,42,59,84,83,65
91,28,51,27,50,15,87,16,80,61
48,27,54,32,56,64,24,91,5,19
79,29,8,20,88,10,45,79,67,75
62,43,80,7,9,100,46,5,24,66
66,35,62,48,59,8,56,92,92,67
92,25,91,91,79,65,72,29,24,4
17,4,87,22,8,52,69,70,3,3
75,59,99,68,25,35,35,11,31,47
49,9,32,16,19,37,57,36,21,24
64,22,90,48,68,40,54,68,64,89
72,45,45,80,62,67,13,78,2,10
96,14,70,44,87,27,57,22,55,46
54,94,56,76,91,79,95,91,85,47
59,92,27,97,85,52,28,36,91,87
11,53,47,62,39,75,67,88,32,49
25,8,72,63,21,59,46,42,44,15
90,84,1,39,66,53,22,68,13,67
70,45,92,15,19,54,29,60,83,23
57,21,78,54,22,65,51,61,27,51
54,69,21,82,16,86,65,40,69,12
33,89,54,36,46,86,77,54,63,73
60,16,55,85,62,48,62,44,90,14
73,93,28,51,25,29,88,15,32,73
14,45,64,52,61,62,15,85,54,36
50,66,80,26,34,57,46,25,6,37
73,25,50,10,90,1,3,54,22,49
93,42,23,34,7,31,36,35,78,68
26,63,86,84,5,82,85,42,91,16
81,7,93,59,7,6,7,90,18,51
31,72,6,81,22,76,25,5,43,86
36,97,84,5,2,84,37,65,69,28
71,35,43,94,33,32,90,75,61,37
7,41,10,61,92,93,29,2,18,28
90,42,20,1,80,78,70,82,54,72
47,64,74,43,30,16,22,5,88,20
72,27,59,57,96,13,87,60,55,48
7,99,7,63,36,68,56,63,36,79
38,70,24,61,80,87,24,10,23,96
19,61,19,10,86,42,72,53,2,79
34,91,25,37,6,19,75,32,29,9
56,48,13,72,65,90,67,82,21,30
86,64,76,76,23,33,69,1,98,89
98,84,51,19,60,18,98,92,15,70
20,46,4,85,12,8,52,38,34,28
35,60,98,3,54,12,36,38,80,70
77,83,21,30,20,47,95,60,39,64
70,12,33,71,57,5,20,53,44,57
6,35,90,72,55,22,48,30,53,18
10,15,18,84,53,42,90,78,20,92
40,38,4,70,64,1,66,77,81,60
99,37,80,78,72,1,51,9,38,14
95,28,21,9,41,95,29,58,78,73
77,23,92,46,26,95,33,30,37,10
30,64,80,92,95,85,50,8,2,6
22,43,38,86,45,49,22,64,73,4
79,75,39,12,76,21,38,10,66,79
48,97,83,37,17,63,33,58,93,98
62,57,28,1,3,64,54,70,96,30
7,68,40,52,41,65,74,84,4,68
35,25,18,11,63,4,34,24,3,97
2,100,93,35,24,41,49,1,86,65
10,36,21,58,27,63,63,28,18,88
1,55,33,70,19,99,49,96,32,25
95,57,40,19,34,47,58,89,7,65
24,41,43,27,14,39,61,6,50,59
87,18,94,51,18,33,3,68,50,26
55,83,73,44,71,27,84,12,22,61
66,21,4,12,87,67,17,38,46,1
47,99,33,91,17,74,73,10,27,48
85,71,67,35,80,33,73,41,1,27
16,67,60,79,14,61,19,18,94,12
83,43,91,98,32,57,76,91,62,92
75,64,99,15,26,82,72,77,34,59
3,2,95,4,44,96,13,83,97,50
95,22,79,13,6,56,95,20,51,93
19,2,20,5,40,42,29,39,92,37
59,19,63,81,16,40,28,16,63,80
100,89,28,69,8,83,36,68,73,100
74,18,1,98,11,65,29,12,4,66
11,64,28,28,75,90,26,96,17,99
70,11,34,3,89,18,94,97,56,6
80,93,26,59,62,45,98,39,15,41
45,35,82,3,69,83,98,32,53,33
92,32,38,55,22,84,29,39,13,6
20,54,98,36,78,51,70,60,83,55
74,63,92,91,68,56,69,67,90,20
75,42,99,64,2,11,52,56,39,56
54,24,16,27,21,19,85,70,78,33
67,55,36,100,72,73,38,9,68,12
14,76,86,65,74,14,11,88,81,98
7,26,82,74,76,19,90,6,51,28
59,19,83,75,27,85,29,72,26,3
90,28,50,66,73,57,13,15,90,70
10,82,21,16,10,4,2,68,97,75
67,36,91,68,63,10,41,15,28,62
32,23,77,43,66,73,92,42,15,61
77,28,59,57,41,76,97,34,79,94
28,79,88,41,52,34,78,72,16,16
85,41,81,98,29,88,97,71,60,45
92,73,12,73,70,82,83,71,8,9
89,26,39,62,63,72,80,9,75,30
33,92,43,26,40,42,88,60,72,82
16,12,72,15,90,27,4,87,44,13
58,19,94,53,42,23,14,73,56,69
40,100,25,78,10,78,90,26,22,51
100,29,65,25,60,52,42,92,64,81
91,48,94,64,82,18,29,17,99,6
26,5,60,51,99,53,55,16,50,23
83,58,76,27,27,68,6,94,34,39
23,65,78,61,92,33,27,60,32,11
30,88,57,48,10,44,82,27,87,54
1,71,5,33,72,65,38,89,3,75
77,32,62,13,11,27,35,47,85,94
85,73,99,75,86,27,92,33,57,49
12,11,100,80,49,30,26,63,65,16
51,85,35,96,57,8,100,74,55,41
95,9,67,7,3,34,98,1,12,67
77,73,36,27,99,61,17,37,19,75
51,37,91,94,30,18,100,59,75,75
89,84,93,18,72,1,93,66,18,57
53,18,60,3,22,70,91,32,19,33
76,87,17,63,77,51,76,78,36,20
12,38,60,100,62,47,68,25,84,30
17,46,25,26,80,12,41,54,16,77
87,98,31,46,18,42,65,47,85,59
62,38,8,17,42,6,32,19,6,44
67,10,42,48,37,25,15,34,1,5
10,73,80,41,12,66,56,30,1,39
34,49,34,12,38,95,56,51,85,61
1,65,40,69,22,57,58,69,65,12
42,70,11,11,5,79,58,70,62,47
80,96,39,9,89,75,22,6,78,43
20,9,4,86,10,60,49,38,66,29
37,1,12,71,3,75,36,39,85,20
82,25,55,2,15,83,90,6,35,32
89,72,51,65,20,88,98,82,43,34
52,58,89,95,39,6,8,79,26,72
24,49,5,81,27,37,77,12,51,25
27,23,23,56,34,40,81,65,41,45
80,6,54,22,99,33,86,27,43,55
2,28,76,80,19,81,3,98,88,58
26,31,2,25,53,8,51,24,47,39
63,15,34,86,86,20,42,76,100,87
96,48,2,95,40,27,22,4,86,31
31,29,69,35,87,40,54,93,3,64
79,55,97,45,18,97,93,5,62,51
73,76,96,44,49,67,53,77,97,62
88,45,29,35,76,67,7,28,86,69
39,89,21,68,45,6,9,34,6,82
99,52,92,53,21,60,8,50,18,76
14,65,13,73,70,42,98,35,35,36
38,79,15,87,74,52,21,19,96,39
60,42,93,16,13,51,15,12,3,74
91,77,5,91,55,88,43,1,53,56
25,85,37,16,11,74,96,62,77,53
48,50,74,58,77,52,88,77,2,37
48,82,63,76,50,32,26,16,43,93
50,83,26,93,18,54,64,59,57,61
50,21,45,96,42,82,25,47,98,30
55,84,69,67,88,15,96,80,17,37
89,81,96,62,40,93,46,67,30,83
95,26,52,64,70,30,98,93,88,79
73,23,89,74,33,31,15,52,9,29
12,62,24,90,38,68,96,42,3,83
90,17,16,19,30,1,31,71,20,93
16,34,40,26,30,88,69,39,13,80
23,94,99,83,32,62,66,89,88,44
4,28,53,97,61,42,97,2,17,38
56,51,56,10,14,21,7,73,38,62
62,52,18,61,30,99,53,72,57,25
12,78,53,25,68,84,68,91,44,83
23,68,31,23,93,80,15,74,88,66
36,46,97,92,75,54,54,93,72,85
62,6,66,9,56,73,52,63,20,59
85,33,18,33,15,52,90,47,32,45
51,81,43,61,32,11,62,99,71,2
36,77,40,85,82,28,81,33,17,28
80,44,12,33,60,50,62,11,38,12
55,68,94,44,6,4,56,65,59,68
76,81,49,33,84,57,29,28,8,27
62,89,64,83,5,32,66,77,94,21
28,52,91,9,61,45,68,36,28,2
98,36,3,78,93,95,20,74,10,10
9,98,93,22,71,88,95,1,98,62
19,37,55,69,26,2,43,13,75,49
93,80,64,10,61,96,2,25,1,23
11,94,86,84,92,56,73,50,17,11
17,99,70,68,62,1,18,78,53,77
81,78,49,39,7,72,8,11,27,44
40,83,55,44,98,39,41,45,34,9
24,18,52,71,60,58,71,24,81,47
73,26,2,80,48,12,61,39,53,92
50,95,15,42,6,3,11,78,30,56
57,84,72,30,11,93,30,3,6,75
86,29,86,82,39,36,97,87,14,61
39,5,67,58,41,49,18,71,24,96
58,40,41,76,65,66,89,43,79,36
27,30,72,28,79,41,14,43,9,9
73,87,63,88,95,9,80,64,82,12
87,73,58,100,94,17,32,37,27,89
66,18,55,14,16,29,75,53,59,78
62,58,56,95,45,1,16,42,49,77
86,66,4,63,81,72,34,41,71,10
21,99,35,58,16,31,98,32,73,84
90,47,18,74,26,3,84,42,71,75
36,33,90,54,84,20,47,25,30,79
11,40,14,38,85,15,83,17,76,30
21,85,69,98,44,51,57,90,67,49
93,52,27,65,58,24,100,51,64,80
16,93,2,31,95,26,28,16,98,40
8,71,82,47,57,89,87,85,72,61
58,39,27,21,3,52,4,64,99,66
64,50,35,28,18,61,83,80,66,94
38,87,55,23,53,17,14,80,80,100
20,13,42,56,66,88,87,23,45,46
85,30,11,14,68,78,76,30,48,11
8,51,21,25,10,24,55,21,71,75
89,43,12,39,21,13,90,60,57,100
8,7,26,42,63,75,79,76,66,56
76,9,31,25,70,19,16,15,46,34
39,41,100,15,93,34,39,5,20,5
99,100,38,21,97,84,53,10,66,96
87,14,9,97,82,92,34,24,68,89
79,94,18,17,69,50,94,18,48,14
7,90,61,100,28,24,60,2,53,89
40,21,96,61,14,23,12,3,59,62
55,3,83,44,100,19,96,88,14,11
79,76,69,96,87,38,54,69,72,6
26,36,1,76,93,58,23,91,30,60
36,73,52,22,78,27,13,80,12,83
16,26,11,94,64,10,87,15,76,42
91,47,4,77,7,54,7,55,64,1
96,100,32,65,95,40,21,16,79,95
88,61,1,17,46,16,62,4,98,24
31,49,9,10,32,95,26,10,99,35
43,30,54,83,54,32,54,97,49,13
35,14,15,95,94,7,18,78,78,57
81,99,77,2,21,26,97,36,82,70
82,81,39,52,47,66,38,26,12,35
27,4,17,49,56,41,49,70,7,89
22,53,8,97,56,3,63,44,100,31
82,84,79,70,9,36,87,34,17,44
39,87,61,13,89,1,66,45,79,8
56,87,79,62,61,52,15,17,27,66
57,54,17,62,5,29,90,76,86,19
1,77,53,20,95,56,44,90,2,57
98,14,53,8,1,92,98,64,31,24
10,100,4,18,74,61,83,84,94,2
98,98,12,100,95,81,55,44,61,70
17,87,42,3,61,14,33,52,6,76
63,13,40,9,5,13,27,34,84,84
76,90,94,44,34,88,17,56,11,12
8,94,43,34,12,64,4,47,33,100
77,68,57,32,77,72,95,92,62,23
48,8,23,38,59,55,70,32,7,51
86,73,72,94,54,46,81,26,18,68
4,93,71,5,92,84,76,23,41,89
91,26,17,84,54,33,28,87,13,94
58,88,52,6,87,19,72,61,61,41
38,89,42,26,68,60,88,58,16,5
84,26,39,32,58,10,61,91,51,34
92,44,27,29,62,19,18,21,84,68
26,33,85,47,71,97,93,93,50,73
13,13,89,6,15,17,9,21,67,23
36,59,37,49,24,11,16,48,51,100
75,4,9,16,35,3,19,14,77,68
97,44,78,77,34,80,70,43,38,58
84,33,50,96,15,4,21,37,82,72
85,43,53,16,76,89,79,61,50,84
18,3,58,82,11,70,63,64,65,86
11,76,52,7,30,98,95,42,40,59
66,75,79,43,83,27,27,66,17,35
63,73,2,40,19,46,91,73,72,22
10,99,47,79,64,52,51,82,71,95
85,7,95,94,56,87,25,39,37,88
9,49,20,10,65,15,34,95,88,96
15,38,75,68,60,42,70,86,44,9
47,13,37,18,90,6,44,54,100,18
39,36,45,58,99,48,55,98,94,21
96,43,23,93,60,6,7,20,61,3
74,94,83,80,31,79,46,75,83,82
73,63,68,26,44,9,43,87,67,56
53,98,88,7,34,99,87,83,42,24
64,56,67,70,75,21,44,98,8,15
22,19,32,46,78,97,93,38,21,10
89,14,44,24,21,81,19,57,58,17
79,22,17,54,72,44,30,46,66,15
100,38,43,13,85,84,35,49,34,46
77,48,82,50,83,33,55,33,73,59
52,28,18,73,33,39,50,51,40,82
27,73,27,97,36,12,56,46,57,22
38,18,72,20,82,58,42,97,64,24
32,32,80,34,19,98,21,85,83,60
52,61,90,35,73,28,3,19,58,38
24,26,68,58,16,19,87,64,36,4
26,64,69,23,6,98,70,1,2,84
61,40,23,65,45,8,46,95,82,10
85,90,75,11,47,17,78,75,36,68
14,100,33,2,97,50,57,62,23,31
7,20,18,26,86,78,42,71,20,54
97,77,35,38,89,74,12,7,96,57
1,76,34,51,9,78,36,59,13,44
67,32,70,92,88,59,81,32,9,96
24,68,36,54,88,23,47,91,33,77
51,94,51,39,58,20,1,37,26,69
25,60,39,52,14,2,75,6,10,68
78,68,29,65,55,51,47,58,59,56
13,28,1,42,43,41,53,32,57,70
52,29,31,36,26,65,47,31,66,60
48,96,82,68,97,5,50,18,60,70
8,79,55,29,43,4,12,69,67,53
55,69,52,26,95,70,32,30,24,11
34,80,54,12,24,15,12,33,13,73
66,70,74,29,73,97,29,63,2,95
66,49,73,29,59,33,88,60,56,14
9,59,42,36,62,13,83,14,87,13
44,14,47,99,32,20,75,100,6,21
90,59,95,63,35,70,84,38,50,29
92,35,98,99,18,34,84,38,8,60
59,55,3,62,59,42,46,71,53,47
69,33,96,46,23,12,17,58,58,26
79,3,91,50,67,49,9,71,39,1
13,91,60,24,59,9,86,29,16,15
45,99,36,20,27,96,100,74,29,97
16,100,78,65,20,28,54,58,67,66
53,71,63,43,89,38,82,2,8,36
39,10,21,78,61,12,85,90,38,96
80,51,92,36,45,75,7,37,11,38
28,77,91,98,13,34,99,58,46,80
81,60,91,88,21,41,1,23,8,32
97,93,44,97,76,56,43,28,88,68
43,22,57,81,61,87,65,90,7,85
6,8,76,98,68,29,2,96,100,14
27,70,48,74,18,78,78,16,64,23
31,9,41,85,30,47,10,69,5,30
48,40,71,81,88,11,29,91,90,69
68,57,80,61,56,59,4,89,89,22
65,45,67,73,95,41,16,56,72,71
37,11,94,4,71,53,11,39,62,92
64,73,26,86,3,69,75,56,17,61
89,61,52,85,49,62,57,72,61,86
27,13,70,87,58,72,33,57,33,32
5,1,80,42,54,75,60,32,74,74
55,80,5,89,83,33,38,62,68,1
74,98,45,32,93,22,88,3,23,76
7,44,26,41,56,12,73,59,78,3
36,56,81,46,29,83,25,7,79,65
79,89,75,79,19,44,35,8,64,14
68,62,94,86,55,68,81,19,9,71
94,65,67,18,64,67,88,91,25,17
85,10,53,73,37,86,47,55,95,44
7,73,43,56,27,85,45,31,60,60
39,97,37,5,14,11,72,52,60,100
29,79,84,84,63,16,69,93,50,46
51,1,40,24,73,24,57,1,60,23
22,21,13,30,48,57,54,7,45,94
46,25,77,13,55,62,40,27,30,45
95,92,32,77,71,10,51,79,5,44
12,4,58,6,33,61,91,75,95,82
41,36,25,49,67,18,8,44,81,28
79,16,55,14,61,65,33,29,61,44
91,47,83,50,11,80,37,65,2,89
72,86,61,38,79,90,56,50,47,98
97,98,12,17,31,39,89,90,88,88
48,72,67,91,72,31,85,10,87,98
34,75,81,43,70,97,76,15,59,26
37,88,69,93,86,82,8,14,94,80
41,49,77,51,71,33,60,99,4,56
91,42,43,79,93,77,55,71,17,53
31,28,27,58,32,77,29,15,85,98
32,46,76,9,7,50,5,78,72,22
27,82,30,61,45,90,40,61,10,6
44,96,38,59,78,31,23,17,4,13
47,32,53,46,12,5,100,97,25,68
39,10,12,32,76,88,68,54,87,82
53,24,23,56,27,82,37,2,92,60
32,97,39,41,89,1,7,53,15,7
52,8,65,23,61,95,26,94,37,29
55,43,32,71,26,69,17,56,38,91
90,66,80,67,16,99,7,90,2,95
78,48,77,24,7,47,38,16,64,69
41,7,44,71,8,1,56,95,79,91
67,65,4,27,86,91,24,39,38,13
65,46,52,3,33,66,9,72,54,26
96,44,56,92,70,41,74,69,95,82
6,91,7,96,94,41,11,73,56,61
23,68,5,36,14,86,58,40,39,18
49,61,33,36,24,87,100,7,72,2
72,2,29,100,64,4,77,11,8,58
36,1,38,6,87,99,82,56,95,59
49,82,94,37,46,63,2,97,80,65
5,16,67,43,51,72,66,60,82,79
4,99,73,17,33,27,51,82,37,45
54,26,61,89,93,99,19,48,88,97
6,19,70,25,44,26,7,21,100,52
24,40,23,62,42,2,18,10,4,8
50,41,93,36,3,80,84,59,76,64
78,39,16,89,79,19,81,37,78,42
64,38,90,15,1,13,84,72,69,100
23,6,28,16,26,41,72,7,98,60
47,100,33,35,90,62,94,76,36,27
24,63,30,70,56,47,5,63,1,27
4,83,77,60,61,66,26,50,18,55
40,45,23,22,16,34,3,48,81,20
54,34,24,58,43,47,30,58,83,68
11,99,37,39,74,97,68,47,95,64
9,24,81,52,55,34,74,31,40,1
15,34,22,18,35,12,14,38,83,23
72,86,70,23,8,88,8,14,3,38
36,70,86,70,89,17,6,67,36,50
54,25,59,33,1,40,97,65,99,52
71,91,64,41,56,72,2,47,41,79
9,56,35,91,57,13,40,39,69,51
31,86,86,19,49,60,90,15,10,42
37,67,80,31,21,92,45,37,20,48
58,28,92,33,98,64,47,38,5,24
80,31,86,1,32,56,52,39,40,12
76,96,31,15,30,95,69,5,38,31
33,35,84,17,75,100,41,92,89,39
63,34,26,4,71,12,9,11,98,77
71,50,85,74,78,23,35,91,59,87
86,19,48,60,17,98,19,7,19,87
46,66,92,7,91,54,23,57,67,88
40,21,74,81,44,20,99,42,20,69
14,23,66,83,17,81,82,70,77,60
98,20,91,47,93,12,58,90,75,23
39,10,77,56,81,17,56,90,69,17
47,49,43,88,63,42,59,67,26,76
78,7,44,68,87,16,4,55,84,53
24,90,24,30,23,32,49,78,25,43
58,36,53,28,10,59,15,63,84,72
43,4,31,75,48,3,27,66,7,28
16,8,19,8,60,74,91,76,99,81
48,69,25,33,96,37,47,50,94,12
16,82,59,51,64,54,56,68,33,9
65,43,20,34,71,66,12,1,52,33
68,42,42,19,85,69,39,57,22,7
80,31,10,75,44,68,87,33,13,15
57,50,51,5,88,33,90,26,27,65
2,31,62,26,2,11,53,100,85,47
85,23,37,19,85,51,4,4,72,25
69,99,13,74,34,12,61,95,53,49
27,22,70,1,34,85,68,61,49,29
65,8,18,72,24,96,18,77,57,58
1,54,9,3,75,27,39,37,79,47
55,100,15,57,41,37,50,36,82,10
18,41,96,19,43,11,8,1,60,98
83,34,5,29,21,69,20,20,26,18
91,94,54,80,42,72,41,43,61,2
71,14,60,12,74,49,45,45,75,86
91,69,72,32,48,44,28,13,33,100
16,78,13,42,58,18,37,16,23,47
77,94,63,58,73,92,89,33,54,22
52,58,37,99,37,28,33,11,99,63
32,80,16,2,49,80,36,26,19,49
98,40,5,77,63,91,46,49,62,7
6,97,97,52,39,97,32,94,81,2
1,88,38,34,39,83,87,15,93,64
49,13,59,36,16,75,24,8,66,98
16,95,17,96,13,38,89,64,17,8
91,32,17,59,40,97,50,48,70,35
49,13,51,99,3,24,89,99,62,89
67,75,55,65,78,94,40,40,48,3
57,95,24,4,44,47,53,87,8,35
73,95,90,56,20,91,34,23,41,41
7,11,52,54,93,5,55,26,14,11
62,23,50,14,8,10,36,77,16,33
29,35,24,83,8,8,51,70,49,77
26,46,81,81,2,75,94,49,44,3
23,12,60,1,28,72,3,16,33,60
19,80,10,87,71,23,17,89,38,30
56,26,64,78,71,36,35,4,54,65
98,22,11,57,24,95,62,12,66,57
51,71,21,81,55,84,34,3,39,63
28,64,11,8,62,11,82,73,29,71
85,85,26,21,25,77,42,43,53,4
55,33,48,77,84,5,60,52,69,1
12,58,88,77,2,58,48,3,52,17
9,32,23,68,80,59,38,55,36,91
80,1,49,68,30,30,44,15,19,4
80,54,55,90,44,30,60,31,9,35
51,79,81,17,3,92,61,19,91,82
41,70,28,79,26,30,44,16,98,98
88,35,85,42,99,68,27,66,79,11
61,23,29,33,76,41,36,36,50,28
5,69,28,52,100,17,47,9,16,46
9,12,68,61,29,99,22,77,80,76
23,53,13,8,22,46,1,28,31,97
66,66,41,34,19,72,60,54,64,55
68,1,49,41,52,76,1,57,87,54
59,1,11,98,59,10,76,75,21,95
33,95,56,27,2,97,18,4,49,3
20,21,40,4,13,6,77,32,80,85
35,7,14,12,93,91,95,68,6,97
80,81,64,46,85,67,90,74,47,69
67,69,18,23,55,9,85,58,43,19
10,100,57,73,32,66,3,12,40,47
97,91,17,6,52,57,9,25,9,30
3,15,77,18,55,13,1,55,79,44
93,53,84,57,86,94,42,10,50,38
55,35,19,15,72,31,81,29,72,61
3,80,30,87,99,47,7,46,50,59
85,90,16,45,100,89,90,3,29,72
99,39,82,10,37,69,97,62,84,74
23,43,60,30,66,92,38,45,68,92
70,72,21,30,9,65,55,50,94,22
3,93,64,77,86,6,91,35,33,62
87,60,1,97,32,20,26,43,32,42
95,29,66,6,77,28,52,78,10,61
77,19,28,59,49,97,59,8,65,51
62,37,63,81,19,38,16,80,2,70
97,36,22,5,61,64,24,72,35,23
27,36,66,75,69,25,89,83,13,16
26,55,63,35,19,94,22,4,49,28
9,5,36,18,63,94,35,60,31,10
51,99,53,5,69,19,67,64,45,73
10,44,91,9,100,27,53,84,81,96
37,29,23,66,93,78,54,29,54,39
31,95,75,25,98,51,40,14,96,94
68,52,76,25,86,45,81,46,40,36
67,74,18,72,15,89,89,5,41,70
22,33,80,59,87,72,64,43,77,70
23,62,53,28,89,94,53,9,53,94
57,73,26,1,63,26,21,58,73,41
40,69,58,2,34,12,96,87,86,18
6,93,96,88,20,91,73,95,32,4
94,41,44,82,67,41,64,81,59,80
47,42,2,78,82,20,1,87,4,20
71,20,89,96,3,97,8,76,85,4
70,6,77,8,13,42,38,44,2,25
45,4,5,95,83,64,52,57,40,24
6,75,44,28,22,56,14,23,54,79
61,64,79,32,58,9,20,10,55,16
89,6,95,73,48,28,76,30,11,86
71,62,53,36,97,93,23,4,89,54
11,93,87,33,6,84,70,97,94,4
59,81,25,91,36,75,62,34,7,14
53,8,19,87,88,29,14,3,28,57
31,93,94,21,58,9,93,17,38,95
96,72,84,20,66,33,52,11,65,67
70,80,66,55,29,88,42,8,26,52
44,79,47,91,46,100,45,47,25,87
72,62,46,66,17,41,69,13,29,84
71,44,50,40,53,67,28,45,67,2
53,5,89,26,42,12,77,66,77,44
22,48,54,96,73,62,73,69,21,12
55,91,98,6,91,16,92,34,79,96
92,53,100,15,75,47,20,97,19,84
30,30,59,43,39,48,58,69,52,65
99,72,7,60,55,70,6,68,68,29
69,37,42,16,3,95,92,83,22,33
31,8,52,7,40,33,51,12,42,84
8,84,45,73,75,40,55,90,35,37
44,9,86,46,14,43,80,30,23,4
17,57,14,7,5,14,80,89,32,7
97,50,9,59,78,89,82,76,28,70
95,81,18,20,44,61,92,10,25,70
82,72,99,21,89,12,74,65,57,24
92,60,30,21,46,44,97,3,28,96
34,54,83,23,43,61,100,46,58,2
43,6,44,4,67,6,33,91,39,68
87,19,67,45,21,83,22,14,1,76
19,15,62,80,24,17,88,96,80,80
10,52,22,39,61,80,14,49,35,4
49,21,24,95,12,13,70,31,64,77
60,35,97,13,41,41,21,20,80,2
66,69,33,9,32,34,49,20,39,48
32,41,45,29,51,57,48,77,66,23
28,22,63,100,73,9,21,17,71,13
10,7,42,66,45,62,62,77,68,67
62,98,44,49,91,27,54,38,88,81
70,66,95,3,79,10,74,93,52,3
59,34,32,68,24,22,73,11,99,96
34,18,23,39,79,91,53,24,89,14
36,44,63,43,43,96,20,73,51,52
2,52,83,71,78,52,87,2,69,15
4,73,100,91,49,86,94,8,10,40
25,59,84,75,29,16,78,9,77,94
14,87,25,99,80,69,22,42,2,11
100,23,22,52,42,27,18,25,65,31
66,56,44,5,53,36,75,71,51,57
39,37,47,60,20,77,87,79,98,4
100,97,59,3,24,2,78,6,36,67
50,46,52,9,45,71,99,71,59,12
47,86,29,44,62,80,97,45,24,100
33,68,29,83,45,8,95,55,14,56
86,68,71,100,86,16,100,74,35,89
37,48,15,93,10,57,20,36,40,40
98,69,48,90,9,18,76,60,19,56
8,99,42,16,69,12,22,49,55,11
31,58,72,24,62,56,3,73,96,80
79,44,62,90,80,19,73,12,73,55
41,44,57,72,56,76,3,30,88,13
78,6,75,60,15,9,46,96,11,44
93,14,62,71,41,21,95,73,10,67
79,42,45,20,17,96,33,89,43,24
4,77,27,24,73,38,39,66,57,90
28,29,32,46,31,30,26,53,70,13
7,53,35,45,26,19,1,6,58,61
7,1,20,76,79,64,94,24,38,53
48,63,58,95,53,81,65,92,5,34
93,88,87,77,34,53,92,83,27,18
61,94,99,9,56,25,93,14,95,54
62,28,96,89,32,57,79,96,79,49
57,39,95,90,41,79,85,78,20,56
71,96,90,3,25,90,10,5,37,50
52,15,56,42,94,8,15,63,58,11
55,71,70,39,2,34,16,20,38,57
12,26,49,41,91,87,10,100,69,18
15,78,50,40,40,14,32,12,17,85
62,63,48,21,16,21,31,74,61,72
40,81,72,43,40,37,82,90,31,7
76,7,24,80,13,83,41,23,2,35
45,8,29,23,13,57,38,24,46,87
44,14,69,94,92,78,61,89,30,47
28,95,53,6,14,91,43,79,87,31
39,98,3,48,92,15,48,58,51,80
6,63,75,90,77,34,13,87,77,5
23,95,16,68,33,32,1,89,14,49
23,60,55,71,51,98,38,69,35,54
45,4,61,33,17,88,90,35,71,94
26,59,23,44,33,79,64,17,8,55
90,80,54,16,100,56,4,40,3,86
83,67,85,37,35,56,64,93,57,16
31,93,27,100,52,57,85,6,75,72
17,55,18,35,72,32,65,34,47,89
68,65,16,22,40,36,54,84,51,68
69,71,75,40,47,12,53,26,26,53
38,22,40,10,90,8,38,26,33,51
82,92,28,72,86,70,33,34,61,22
64,40,47,50,60,88,81,34,31,35
85,31,35,54,93,59,71,44,22,27
40,69,21,59,55,3,53,25,67,71
33,47,2,32,3,91,77,75,68,85
38,17,49,56,35,19,43,24,50,6
21,7,37,36,34,48,70,98,53,47
42,94,36,84,35,12,66,72,26,76
30,57,31,24,37,56,85,88,91,2
35,86,65,66,59,76,52,36,9,17
46,35,53,59,70,44,56,81,11,67
37,92,25,93,27,41,81,20,53,60
56,93,64,36,72,70,21,45,99,7
87,37,20,30,54,10,11,55,2,21
95,73,1,86,60,78,95,67,52,81
15,70,21,66,75,32,4,78,100,3
45,30,49,33,34,90,43,74,53,24
66,47,3,52,65,95,26,21,75,1
85,5,11,52,93,66,96,75,22,67
25,18,2,79,65,17,48,16,14,26
34,81,88,12,40,35,62,72,98,94
58,37,48,97,100,85,47,97,29,90
43,77,1,14,23,94,38,3,21,67
57,48,11,38,4,35,72,29,21,22
95,51,27,18,75,16,21,57,82,70
66,58,83,40,71,89,47,99,25,62
5,44,85,46,82,34,53,33,31,16
12,77,49,3,24,25,38,74,51,5
1,51,46,15,75,90,57,29,78,37
7,86,76,77,90,33,46,79,8,5
32,37,3,6,13,72,60,66,56,92
19,39,16,49,29,19,44,15,52,96
73,71,90,35,7,69,40,62,9,57
93,58,13,82,29,41,97,71,64,72
1,16,5,95,22,60,54,59,7,12
76,69,45,8,95,85,40,16,46,85
50,21,10,63,61,75,27,19,53,84
97,10,80,81,7,87,78,7,33,19
49,36,6,64,92,17,37,30,62,96
78,77,22,47,5,50,94,18,74,75
13,35,93,82,93,99,69,80,87,13
27,46,33,58,9,5,96,35,13,10
42,58,28,58,37,26,80,54,75,26
98,17,49,65,48,6,100,18,14,62
28,92,80,99,84,73,87,28,50,41
81,88,16,39,10,26,91,83,22,2
14,91,63,44,59,81,14,88,86,8
50,91,2,79,3,68,38,39,82,77
30,29,76,69,15,49,53,74,35,10
46,19,92,33,76,89,90,25,61,94
12,4,74,83,83,65,46,87,14,21
23,68,60,5,20,77,18,49,52,54
24,14,8,43,20,33,2,9,85,60
11,45,91,46,96,41,87,70,80,2
19,30,86,16,47,29,97,34,25,23
19,47,26,85,70,91,99,100,14,94
15,48,95,88,20,43,68,80,63,50
86,79,6,43,76,65,80,16,8,99
23,37,14,27,44,77,75,13,50,60
94,86,30,48,73,52,84,86,30,24
53,46,97,7,21,92,44,56,76,46
57,17,71,98,37,84,41,90,93,5
61,13,90,50,23,36,75,9,42,45
100,75,27,48,58,44,7,77,89,36
60,73,50,45,95,88,35,26,22,78
59,23,85,7,3,46,57,64,100,34
6,48,70,33,89,55,87,38,31,4
17,23,86,79,54,63,45,97,3,25
97,5,10,100,100,99,69,9,83,38
50,62,7,16,36,48,2,9,38,92
30,47,78,14,75,83,25,33,37,68
37,92,79,78,52,79,73,99,55,99
25,15,99,2,47,97,80,71,38,37
44,29,30,49,48,93,60,89,59,91
38,68,74,96,13,82,6,47,13,52
35,54,23,88,11,24,16,71,44,47
82,2,99,6,79,20,61,48,79,55
40,75,28,18,93,73,29,21,12,39
66,3,22,50,40,81,57,23,29,6
75,22,37,81,85,30,18,79,32,1
90,87,19,4,74,43,60,13,95,17
43,7,70,24,14,70,88,50,39,78
80,47,1,45,64,23,70,7,58,64
44,9,75,91,48,1,45,37,37,39
36,30,19,9,9,83,11,76,100,11
82,98,60,57,76,28,19,15,15,21
10,41,38,55,81,57,22,51,44,70
14,24,40,53,62,67,4,55,79,32
99,19,67,92,100,87,71,77,92,78
80,39,43,34,11,70,91,23,16,74
26,74,75,72,26,38,79,55,34,31
4,36,18,16,52,91,97,57,36,82
67,8,49,29,4,76,13,20,47,64
49,19,25,53,32,50,38,74,94,8
72,59,6,2,32,89,1,53,44,45
15,7,2,94,28,32,60,43,30,63
77,74,73,78,42,88,15,90,94,7
31,36,43,58,18,27,49,97,82,89
44,63,8,42,56,25,56,21,17,94
39,85,90,52,44,51,53,5,96,72
78,81,38,3,60,27,11,11,98,58
68,66,23,20,85,21,83,33,15,28
99,32,46,27,79,22,30,52,10,49
2,94,93,84,64,65,55,34,88,85
71,87,100,14,30,60,46,13,8,61
13,70,95,16,81,10,49,8,34,20
48,41,94,78,41,70,86,98,80,61
41,76,56,6,5,2,9,96,40,95
56,74,100,98,8,92,62,55,27,95
15,66,13,11,83,32,15,62,37,3
28,73,90,24,70,89,14,34,50,27
49,73,44,58,89,66,36,57,20,77
35,13,6,13,70,46,62,39,54,95
25,67,21,24,56,89,26,21,48,48
1,59,20,41,13,87,48,43,18,78
37,52,38,79,26,11,12,27,15,46
28,99,82,34,61,69,69,20,52,4
52,83,48,20,67,47,3,43,67,60
22,87,27,55,77,92,89,85,83,12
72,83,78,47,86,80,65,2,67,28
76,19,17,27,54,10,26,80,92,46
51,13,100,92,24,57,64,7,13,75
87,85,64,1,100,56,79,13,14,60
61,42,55,29,19,20,7,51,35,22
30,20,90,1,49,36,15,91,92,41
83,6,45,35,78,61,49,46,25,99
75,48,39,47,16,32,85,91,10,58
73,69,72,3,44,27,38,17,54,82
9,36,19,75,20,18,54,23,4,78
19,79,59,61,6,50,94,24,69,59
78,21,11,74,69,65,41,58,82,27
3,39,16,84,96,50,17,43,66,27
70,97,93,95,88,79,11,60,40,76
53,49,21,69,67,38,13,67,79,42
28,39,81,40,76,73,9,63,73,92
92,30,68,96,76,3,78,49,84,67
21,13,39,91,26,36,32,37,98,55
52,62,44,72,41,21,8,1,78,68
84,57,58,30,38,69,63,82,7,55
16,85,68,58,45,33,45,35,66,77
11,43,54,35,30,83,58,86,81,40
15,53,16,72,25,39,56,53,92,56
63,89,93,99,87,60,74,34,10,51
42,16,33,43,40,55,79,73,72,57
63,16,43,13,83,36,35,69,18,76
1,12,19,39,99,75,92,1,46,31
6,21,65,76,8,51,45,29,95,70
90,99,39,24,6,91,39,93,56,1
42,79,88,70,95,2,2,28,39,35
36,66,67,1,44,15,33,75,57,98
100,55,80,71,41,61,38,4,40,1
24,9,75,26,94,2,77,11,64,7
14,91,14,99,19,83,34,64,75,39
35,67,37,79,45,87,68,78,16,28
37,35,12,30,65,88,94,89,16,51
76,30,74,4,48,89,36,15,59,43
25,81,27,7,87,89,91,1,2,9
91,96,68,79,64,83,72,72,4,83
69,27,78,54,13,50,83,92,15,71
85,21,56,72,100,58,77,46,16,13
74,43,81,15,21,96,14,58,28,91
18,2,75,68,86,64,68,98,2,20
57,98,58,35,77,92,68,44,86,36
39,52,23,6,30,76,65,65,31,76
80,73,18,59,82,59,92,42,2,46
47,49,72,17,69,62,11,72,30,83
35,32,11,10,3,11,52,86,24,98
63,2,98,1,12,85,55,11,41,90
14,40,46,56,18,88,35,28,56,73
89,53,19,42,92,48,23,45,13,91
38,92,68,3,91,67,1,84,40,20
49,44,12,38,50,59,53,97,47,18
98,20,60,26,92,98,88,53,72,45
20,71,78,64,72,20,69,45,23,63
31,95,85,12,76,24,56,23,35,34
32,55,20,42,56,79,12,73,40,85
73,22,53,93,83,62,38,35,61,75
73,57,6,29,53,36,34,42,1,55
81,5,32,3,78,23,43,48,70,55
93,31,98,71,80,38,53,51,48,44
27,64,62,6,11,8,87,19,17,57
12,13,100,8,74,93,84,6,72,4
85,55,98,95,56,56,81,75,18,5
89,56,30,22,2,52,74,38,64,9
64,20,83,71,27,18,76,29,15,74
30,75,49,6,19,58,63,73,1,2
58,91,11,84,4,5,57,76,58,63
45,51,89,26,38,22,23,17,20,44
58,23,90,40,77,37,28,41,71,46
87,64,60,29,80,88,29,23,21,79
42,84,6,31,41,66,83,89,73,53
67,82,52,69,42,37,38,84,52,32
21,44,57,71,20,52,16,83,14,6
11,69,28,24,1,21,67,15,23,68
81,50,21,83,57,21,47,96,49,79
9,77,98,35,35,61,56,10,56,92
28,89,16,36,99,26,89,49,79,88
31,78,77,84,48,21,15,48,4,2
85,61,61,56,9,84,3,51,53,19
58,4,41,82,56,66,76,62,79,47
96,90,77,70,17,76,82,100,4,14
78,93,45,62,73,91,99,14,69,49
30,55,39,94,53,75,16,33,96,77
48,93,2,13,29,51,7,33,59,29
100,59,51,69,36,86,93,88,74,76
62,86,18,44,39,58,66,1,27,100
61,12,94,47,16,34,46,78,87,74
89,53,55,99,43,97,17,60,86,43
67,51,41,12,42,64,57,4,84,29
61,4,51,1,29,70,59,98,13,61
42,56,44,2,86,44,46,49,69,11
53,28,50,47,29,77,64,41,23,76
69,25,68,10,24,18,83,1,99,24
80,10,37,57,6,98,19,81,6,20
27,10,33,44,59,32,7,75,63,63
36,69,20,50,64,64,1,71,75,78
84,87,96,32,22,75,30,72,32,36
99,41,37,77,32,88,99,65,95,35
29,19,49,44,58,27,34,65,26,57
73,42,29,22,92,50,33,65,77,2
31,76,86,26,16,42,16,41,77,74
75,2,45,2,80,65,51,5,8,98
93,14,53,71,99,3,43,49,77,49
32,57,67,34,17,58,37,54,52,94
34,24,7,45,29,51,12,82,97,48
34,47,46,15,86,100,72,25,92,91
79,26,4,25,9,2,55,25,64,80
65,75,17,9,96,80,51,56,56,84
4,75,3,39,12,21,54,68,66,91
66,73,66,80,29,14,1,29,57,17
9,84,88,75,1,99,63,60,99,68
62,93,37,69,75,93,55,75,98,62
83,19,24,53,2,5,29,99,64,56
49,52,58,92,93,76,11,34,1,1
10,96,83,97,94,47,71,3,23,97
21,36,9,14,8,63,24,84,76,7
85,67,97,69,97,67,33,74,28,45
30,52,94,7,32,67,93,17,47,52
72,87,84,84,93,49,17,49,22,70
89,95,76,71,71,40,53,43,43,64
91,19,8,59,30,59,2,79,36,44
6,5,65,80,34,51,76,15,37,53
61,95,89,76,77,97,53,100,22,3
76,1,23,19,1,40,64,68,6,30
60,4,43,2,73,55,58,13,60,50
82,48,27,95,75,97,75,85,88,56
44,74,17,89,19,76,50,47,89,17
54,70,46,36,37,65,76,59,20,39
35,47,27,73,100,9,53,93,86,92
17,74,40,67,56,55,57,21,14,49
65,40,65,78,54,40,77,3,24,91
77,41,53,20,100,56,61,53,85,8
22,21,93,73,19,71,45,69,79,23
3,58,18,95,16,68,80,30,77,43
48,10,75,60,58,31,39,54,19,85
84,96,88,35,36,26,10,99,45,17
29,25,98,88,77,63,41,21,42,75
77,4,30,26,66,68,34,45,56,61
33,45,92,66,23,83,3,17,56,53
4,88,72,46,38,25,3,53,39,86
97,22,37,10,86,96,21,7,77,63
29,98,10,68,44,29,29,78,96,67
82,51,45,27,50,4,79,99,30,14
76,34,86,4,100,17,47,14,62,66
18,40,4,18,35,50,80,16,23,32
30,2,4,45,99,9,44,13,33,64
20,36,68,92,40,90,47,68,90,89
100,69,96,48,79,93,93,36,97,56
11,69,19,54,43,7,4,100,76,3
62,1,50,50,58,30,44,17,12,31
56,49,26,31,56,20,15,29,30,88
1,30,63,31,31,97,53,78,96,91
50,95,21,27,92,75,67,13,88,98
67,95,14,55,25,3,19,95,83,1
55,52,76,40,81,97,52,94,77,53
41,31,4,34,97,27,81,72,12,67
75,81,64,79,48,55,32,42,27,51
35,29,71,20,68,100,65,30,95,40
4,95,55,65,40,99,28,43,49,17
53,80,53,19,20,56,68,11,80,84
98,59,33,94,95,14,19,23,82,18
24,37,93,74,11,54,25,63,81,76
33,32,5,14,53,35,69,18,3,74
2,65,97,70,59,56,72,55,93,5
31,72,97,58,45,53,4,75,25,40
83,91,37,65,73,23,4,90,49,55
21,99,44,79,98,100,93,3,38,47
91,9,38,1,16,2,68,19,32,40
51,28,88,45,96,50,87,90,90,72
68,29,70,85,55,80,62,62,83,87
86,44,66,3,96,9,92,83,10,30
64,83,49,14,90,51,67,52,84,98
21,63,97,25,41,79,12,53,64,26
65,41,69,94,14,80,89,93,97,46
93,14,75,15,90,78,53,9,94,73
96,32,83,76,20,26,94,48,8,32
57,52,2,44,89,93,18,2,71,94
12,16,94,12,97,91,25,63,94,50
39,41,60,21,91,49,94,65,78,48
38,86,79,27,23,47,14,100,27,31
95,95,99,39,73,31,88,10,53,24
80,79,31,68,29,72,26,10,90,28
72,92,24,52,86,4,20,11,62,58
80,68,35,65,65,42,56,99,13,11
35,48,20,24,89,96,78,65,14,80
53,15,63,79,17,12,70,80,3,67
36,67,87,14,76,65,66,90,13,5
56,51,33,68,33,18,91,92,83,16
26,11,7,65,78,85,51,93,32,70
2,27,5,56,10,80,60,18,84,100
45,44,91,20,26,93,98,12,78,30
10,98,44,98,18,8,76,11,78,75
21,27,93,85,41,30,7,59,46,39
87,88,3,58,14,51,22,56,80,80
64,13,6,52,7,34,81,37,9,54
31,59,21,8,89,46,15,32,30,17
99,74,85,18,97,94,10,78,55,63
86,94,80,46,55,93,30,74,20,76
5,86,24,15,91,71,9,70,68,79
45,60,10,64,1,43,85,94,44,95
37,81,71,65,13,50,37,44,9,33
75,95,32,30,22,50,30,24,29,94
98,28,91,18,46,90,67,11,84,89
48,65,16,62,55,59,5,30,16,81
16,90,98,44,81,87,33,35,68,49
33,43,97,78,44,81,99,92,68,95
35,24,40,88,25,98,77,42,3,63
40,75,84,8,41,93,99,55,65,84
100,67,99,76,41,54,81,81,24,30
74,37,18,78,42,36,84,5,67,8
19,36,83,87,94,82,85,94,60,86
30,77,45,21,87,4,66,60,33,16
67,18,39,80,2,66,95,61,25,70
44,17,46,33,61,86,73,13,63,27
32,91,32,75,20,74,58,18,78,71
88,58,7,92,84,4,55,9,53,3
98,85,84,93,11,9,80,42,99,76
52,28,28,53,69,22,22,24,75,72
12,75,13,87,96,67,31,81,31,35
29,93,37,81,100,49,74,33,73,92
48,35,21,56,65,44,64,85,70,23
40,30,3,78,51,38,27,21,91,18
47,87,11,1,28,8,58,25,70,90
4,95,77,17,42,47,20,89,48,54
75,13,99,21,39,81,24,48,47,24
18,86,28,4,53,34,69,42,94,39
74,34,51,12,64,50,67,40,86,9
14,61,80,100,16,93,28,10,42,5
36,2,71,46,17,34,34,54,100,22
57,66,14,17,85,66,84,37,3,98
19,97,39,72,22,35,30,94,87,6
61,31,79,22,14,15,42,1,29,65
58,25,51,29,51,69,3,11,1,16
66,34,9,99,44,13,1,98,19,89
36,14,89,79,95,61,78,34,3,37
10,51,61,47,30,98,55,61,14,2
58,71,98,48,25,81,10,41,79,55
87,81,87,50,91,87,69,96,86,95
1,2,6,98,9,31,90,58,69,89
66,19,2,78,53,43,19,64,3,10
84,43,27,93,64,77,80,4,92,42
42,45,71,37,81,27,41,98,75,8
84,60,35,49,74,73,1,67,75,1
99,91,68,99,53,79,77,70,68,45
33,57,31,50,73,81,59,19,27,97
25,99,56,48,37,47,79,97,65,5
67,88,47,14,3,11,40,53,69,56
50,79,5,96,82,79,54,16,44,41
6,83,86,80,19,4,42,37,7,45
30,5,14,19,80,22,8,2,42,42
18,48,11,63,79,34,97,5,79,66
28,82,49,62,11,49,39,9,14,64
74,19,58,69,34,3,46,26,56,22
16,74,43,13,4,41,100,100,17,41
94,39,61,73,57,77,10,89,97,86
89,22,52,17,62,22,16,100,36,83
53,52,38,70,71,76,75,9,5,32
99,53,40,89,52,97,7,99,90,48
50,72,33,13,26,78,93,72,34,58
63,52,83,6,91,31,8,76,64,74
34,38,61,51,28,74,41,66,3,79
23,37,49,70,45,37,66,18,48,86
71,24,95,64,82,23,80,87,61,66
80,62,26,86,40,69,92,16,4,63
78,82,13,20,80,61,41,80,20,26
76,66,95,41,57,8,90,51,63,23
69,43,90,90,25,40,11,64,100,40
96,60,28,6,99,83,41,14,33,35
4,100,89,28,41,73,67,73,42,87
86,98,60,69,37,92,30,7,82,74
84,87,60,12,7,84,92,53,42,42
73,69,19,95,5,36,82,88,1,46
87,97,84,65,17,56,57,46,2,84
42,44,94,78,76,11,81,28,62,69
15,52,4,39,29,72,60,43,49,94
63,91,93,98,87,30,38,1,87,7
58,30,35,60,11,4,76,37,73,34
20,37,18,68,8,43,9,95,78,2
55,21,37,76,28,8,89,4,23,69
88,88,32,43,33,15,95,13,85,82
53,71,40,13,65,10,97,60,16,22
100,55,20,56,27,74,59,81,6,34
56,61,18,93,67,7,91,34,17,6
5,22,83,20,6,28,6,15,16,22
54,85,57,95,39,25,21,94,59,45
73,67,86,5,90,61,52,22,85,98
38,92,96,68,24,16,11,40,64,96
17,69,40,41,39,16,40,46,6,18
74,20,85,81,67,18,7,83,63,97
4,73,54,37,35,70,98,5,94,94
83,13,3,89,97,20,46,93,80,30
25,87,1,68,47,58,47,13,54,9
63,80,21,38,46,6,60,69,85,97
65,69,39,87,63,94,33,16,38,98
3,56,85,62,15,64,49,82,13,6
83,22,76,16,15,7,88,5,37,60
57,100,74,47,59,91,91,43,67,80
82,90,97,9,48,48,35,81,99,84
52,96,62,32,68,92,100,98,8,66
72,25,53,96,3,24,1,18,66,79
100,39,69,75,71,75,93,82,66,1
100,86,68,91,58,74,86,52,90,16
58,55,67,72,43,14,14,45,2,84
42,79,56,9,23,93,17,9,63,73
13,18,15,21,13,79,17,27,46,80
36,35,4,27,50,88,57,41,49,37
47,32,42,40,31,50,82,66,90,37
28,80,89,39,40,8,88,82,46,62
96,28,50,76,26,20,43,10,93,30
80,73,42,54,24,58,95,20,3,71
70,15,15,72,8,68,62,5,5,82
62,54,2,43,16,3,1,63,10,26
22,20,25,19,25,3,92,74,34,87
76,59,85,33,34,11,45,64,4,45
53,93,16,81,46,27,27,91,96,14
96,27,94,82,47,52,52,85,22,59
37,34,52,67,89,81,16,6,10,49
85,23,84,63,47,35,5,94,100,1
78,87,94,27,98,23,36,74,24,31
87,37,73,10,7,37,84,91,19,18
85,68,92,14,24,71,58,57,56,44
68,69,11,63,20,62,49,60,77,22
33,68,20,83,2,37,72,100,54,53
9,7,54,85,7,13,27,11,37,36
54,79,94,100,34,93,37,6,96,39
34,48,57,53,96,43,40,36,55,72
47,14,28,23,3,37,93,57,33,13
60,98,34,8,43,1,1,95,23,22
83,49,36,26,57,11,17,72,19,47
78,29,12,90,73,54,71,87,75,67
4,97,15,22,7,31,85,39,1,27
38,72,43,32,38,33,43,1,32,1
80,36,31,95,23,26,8,30,96,20
96,60,1,13,52,20,56,8,20,92
64,44,18,6,64,37,38,29,57,65
55,15,75,99,50,4,41,80,27,79
80,65,95,24,76,48,1,88,43,93
29,62,39,85,31,81,80,91,4,16
62,62,77,54,42,3,10,60,80,39
88,68,15,37,12,55,66,30,38,26
93,31,99,69,13,38,61,42,4,90
21,20,97,30,76,24,63,52,20,27
76,23,77,50,21,53,97,88,82,11
74,75,75,49,67,88,74,85,56,94
45,94,25,97,80,7,30,58,44,28
14,66,76,26,24,12,56,15,94,45
97,40,44,25,73,78,43,76,3,88
78,69,56,97,48,17,42,90,75,99
69,13,82,62,54,94,96,34,5,71
44,11,6,48,9,78,15,91,36,21
70,83,24,57,18,53,53,20,55,37
30,24,67,3,5,32,62,40,2,71
86,71,77,92,70,75,6,8,82,25
2,41,57,4,82,2,39,81,67,36
54,95,8,3,53,88,66,8,52,97
34,96,47,31,91,65,39,26,23,36
79,70,15,71,43,63,72,42,34,80
31,43,35,21,48,22,42,42,60,25
49,74,56,47,14,13,91,15,51,68
6,25,49,94,87,81,78,79,59,18
3,59,84,76,79,51,5,1,52,33
75,59,85,81,50,92,41,61,77,51
85,29,71,80,66,44,36,34,61,15
15,67,9,15,74,19,84,33,73,12
88,73,34,1,50,21,97,87,79,60
33,40,5,84,30,21,99,4,100,50
63,97,28,74,82,47,11,15,83,53
32,51,51,33,79,16,64,93,13,25
39,35,40,49,57,12,28,41,54,8
39,81,52,87,10,26,29,96,48,8
100,1,81,18,97,26,65,61,82,43
32,72,23,17,12,82,39,41,31,20
16,42,51,11,14,30,45,58,46,76
65,97,7,48,41,41,14,58,70,79
45,34,58,27,11,93,61,13,9,34
67,8,35,87,67,80,87,40,24,24
37,51,6,99,92,73,1,20,54,19
53,13,62,51,54,10,17,30,58,37
21,66,81,43,55,28,70,12,2,20
70,3,87,25,7,43,81,30,90,76
10,71,67,14,40,50,81,70,75,62
4,27,96,13,24,78,64,36,79,11
44,54,72,81,54,35,89,11,34,13
61,6,58,30,20,1,42,13,98,15
57,26,26,80,4,69,84,66,83,35
79,67,78,30,74,77,70,9,50,38
1,98,13,95,48,47,60,68,27,71
56,100,67,52,51,35,55,32,91,22
43,16,42,56,54,40,3,95,48,51
20,95,72,26,57,66,9,20,6,58
62,67,66,18,25,5,9,51,23,56
89,78,13,29,23,91,75,85,48,89
87,82,85,24,43,62,18,9,77,99
58,100,72,14,4,47,11,64,54,35
29,71,13,76,74,36,10,51,89,64
65,5,82,40,21,59,1,78,80,74
68,79,57,30,59,1,83,95,72,81
58,77,96,30,14,9,74,86,71,95
71,71,55,87,10,66,10,11,40,87
69,46,81,5,17,96,78,42,100,88
90,26,73,83,65,37,29,21,69,24
42,63,34,20,51,65,72,99,4,68
83,95,51,76,31,12,56,36,20,48
88,47,58,24,1,82,65,12,46,19
50,25,41,99,41,87,1,91,13,78
14,100,63,79,15,88,66,77,6,37
94,32,76,21,69,91,42,32,7,55
50,94,33,49,57,96,20,82,82,77
56,58,20,80,44,36,67,60,89,74
67,77,56,91,65,40,9,28,55,26
92,77,48,40,17,58,51,85,10,24
89,9,74,64,77,13,14,50,21,58
75,71,5,75,18,90,12,26,40,14
38,30,93,64,98,33,56,91,6,79
95,86,9,100,53,41,45,13,35,95
17,18,64,100,97,7,65,81,69,21
63,36,7,18,27,100,46,62,14,45
39,48,95,38,40,86,32,26,17,83
32,52,72,87,91,66,32,10,27,20
44,70,62,98,28,6,48,2,72,9
53,49,18,44,84,99,72,21,87,50
66,79,73,65,15,82,26,16,92,78
60,19,68,21,44,10,62,33,72,96
49,66,61,14,44,32,13,84,75,7
92,54,93,32,89,33,22,7,41,92
83,73,99,12,15,93,21,90,62,6
17,84,56,74,100,41,91,8,7,55
88,46,82,56,28,14,59,38,58,52
37,78,54,37,62,1,30,39,24,84
8,64,76,53,85,64,72,50,60,52
19,45,98,1,38,82,87,54,53,18
58,89,36,56,2,71,4,59,55,62
89,54,77,7,51,56,80,32,26,97
13,31,81,58,44,34,8,26,16,65
84,92,86,93,22,15,54,1,59,48
33,18,99,94,84,65,5,82,3,38
72,60,39,10,42,5,88,69,81,10
94,7,18,50,82,20,19,62,47,86
72,24,63,60,16,91,24,4,44,46
30,1,93,28,63,4,4,92,77,31
75,63,49,97,81,9,24,46,8,37
23,79,24,91,14,99,51,61,78,91
50,92,69,25,50,39,64,52,62,23
22,18,81,7,85,37,27,77,94,1
20,53,56,10,17,8,49,20,3,48
53,40,45,84,10,37,76,75,13,19
15,67,79,29,36,79,54,99,34,38
72,61,19,34,56,78,85,76,62,35
48,72,98,15,9,46,7,29,70,51
21,85,32,81,80,40,33,77,67,99
28,56,59,53,22,92,63,49,99,51
86,71,66,42,79,86,33,41,78,21
90,91,20,67,40,37,10,48,92,28
42,53,18,3,94,94,100,62,27,12
1,40,45,21,66,65,56,14,81,81
63,90,45,47,27,27,55,33,16,93
54,65,81,19,96,17,94,19,40,26
51,44,100,1,97,30,2,52,74,51
79,10,23,82,36,9,84,23,3,30
13,53,8,73,5,45,94,3,53,93
86,12,6,85,22,8,18,36,89,28
48,39,88,94,62,11,65,57,34,42
93,53,50,90,65,77,78,72,39,67
27,70,25,8,15,15,6,3,77,78
10,95,50,46,99,15,39,25,71,90
32,94,12,30,64,75,75,52,51,17
35,59,74,60,82,100,18,27,69,34
72,29,36,58,70,49,29,37,63,89
35,58,60,4,43,48,17,64,9,11
84,4,38,49,90,97,64,58,42,37
39,46,64,99,20,20,53,76,17,2
38,44,47,58,74,11,88,13,80,41
14,3,90,13,93,32,77,25,67,55
69,46,92,91,67,44,52,7,73,15
33,60,65,46,50,97,22,12,81,16
8,77,58,10,81,23,5,48,51,68
80,80,43,74,34,64,75,72,16,6
92,40,73,55,43,64,24,61,67,86
1,16,80,87,47,82,72,81,54,55
55,45,8,12,39,15,84,25,65,85
93,53,55,80,48,88,81,59,75,86
33,4,73,22,61,81,58,3,1,54
41,43,100,70,58,6,6,26,15,85
97,7,47,61,10,40,69,40,100,81
88,83,27,30,69,87,30,51,3,60
80,75,100,100,22,47,44,44,42,47
61,73,82,64,28,68,74,21,17,88
80,63,4,55,69,58,27,48,51,86
22,57,9,29,63,87,51,54,98,46
48,55,68,65,66,21,81,50,12,10
34,94,50,50,24,66,26,83,92,71
85,73,58,15,84,57,72,90,34,47
27,36,48,18,92,41,21,89,62,45
3,83,64,48,54,48,99,83,3,27
9,8,4,30,50,69,20,57,81,90
86,57,72,19,93,32,67,12,11,91
91,88,8,30,81,74,46,26,6,11
47,30,49,74,15,7,77,44,79,66
84,43,100,85,13,30,66,10,44,86
45,99,62,92,89,8,64,83,47,25
11,20,20,91,79,23,42,32,26,56
26,20,65,20,41,9,68,91,37,1
31,76,91,77,7,25,89,36,99,58
54,22,7,15,26,50,97,61,2,83
2,38,56,75,35,64,10,20,27,16
44,35,59,25,69,28,63,40,85,56
66,32,29,66,100,66,68,8,41,15
25,67,2,30,20,26,6,32,88,88
76,22,61,49,28,66,11,9,45,74
44,65,92,91,44,27,59,58,53,45
6,86,9,36,36,31,30,62,27,44
87,66,46,68,25,66,69,93,55,64
64,68,86,55,31,57,1,26,39,21
83,48,53,59,38,48,25,62,6,3
68,100,46,75,16,39,70,40,86,88
100,95,40,91,45,51,85,77,2,7
13,73,30,92,47,94,29,55,21,17
7,49,76,60,86,9,51,69,56,61
46,19,53,25,22,65,89,82,70,79
55,25,29,52,27,3,86,55,95,58
80,36,80,23,89,34,14,46,7,6
67,2,59,46,40,4,96,92,29,81
11,69,88,23,14,77,12,69,22,15
79,82,1,55,75,27,83,43,47,28
48,31,4,82,59,60,99,33,58,90
57,64,1,83,63,94,4,2,19,87
12,69,28,97,5,65,40,84,22,21
7,50,62,22,73,15,58,48,71,9
48,15,16,9,75,69,47,42,79,69
54,48,86,79,91,46,25,21,63,43
24,22,17,22,94,11,59,88,87,75
28,8,47,63,43,43,2,67,69,17
99,12,6,73,25,6,10,96,38,79
43,14,69,84,95,89,64,19,91,76
100,41,63,49,57,1,15,92,9,17
95,78,99,20,25,24,20,47,31,3
30,19,32,64,24,49,40,26,58,1
36,91,74,80,25,7,76,1,87,54
10,84,57,19,12,31,34,25,1,14
78,71,59,33,61,58,68,92,42,10
35,92,80,8,77,36,11,59,62,66
79,18,78,6,59,24,8,12,70,7
39,23,71,58,26,54,81,54,9,56
3,84,52,76,73,19,87,77,80,23
24,48,78,79,9,96,45,63,83,47
89,29,71,54,51,90,69,68,3,72
76,80,11,67,16,9,88,71,60,4
28,41,78,40,45,78,64,71,51,88
37,48,39,18,33,82,100,72,29,4
45,9,11,52,35,1,15,52,95,29
70,78,40,73,18,75,74,6,62,98
94,26,62,22,46,97,54,72,8,81
22,86,17,12,48,66,69,79,79,17
80,56,7,55,67,86,92,79,49,86
26,39,1,60,69,44,47,75,35,36
8,94,47,78,10,76,21,28,77,8
73,72,82,28,48,3,80,60,34,65
50,57,18,4,34,19,65,67,50,66
9,14,7,4,95,5,62,65,29,98
81,42,76,42,25,42,91,77,22,57
60,59,11,61,36,70,79,99,37,51
32,56,42,96,73,20,49,25,52,8
81,43,38,10,49,80,61,86,4,51
65,59,92,91,48,23,47,3,45,89
82,64,27,26,83,59,44,75,83,78
47,97,36,93,91,33,17,91,31,93
10,67,68,46,55,79,99,32,84,28
79,14,93,53,94,21,6,87,41,29
17,47,33,82,44,18,39,29,57,20
35,81,73,52,55,60,80,1,43,57
83,95,74,97,85,91,51,96,70,32
81,14,36,44,24,9,78,16,32,46
63,78,56,95,65,42,57,62,73,56
60,67,85,18,97,15,63,34,43,31
68,52,72,79,12,46,77,53,32,4
43,95,51,18,67,29,97,44,75,32
19,78,96,79,1,32,41,89,99,98
39,98,62,2,81,83,95,9,72,42
94,67,58,92,1,49,85,47,1,31
73,69,29,6,82,14,15,51,16,82
2,4,83,3,95,14,91,86,29,45
46,35,18,49,14,75,59,26,27,21
15,33,72,24,84,52,99,64,24,97
58,41,22,92,93,67,76,54,61,55
49,36,98,74,9,47,85,30,48,98
9,18,37,8,93,60,4,75,77,38
35,48,94,66,46,55,27,37,4,10
93,73,61,57,40,84,90,64,46,37
11,65,57,12,39,71,26,33,88,59
89,33,63,38,71,52,27,56,39,6
1,27,64,51,8,3,2,28,64,27
46,96,30,89,15,34,62,37,43,37
94,51,36,66,96,60,45,77,50,36
47,3,15,73,39,56,61,16,30,79
86,7,93,81,76,75,19,7,8,60
17,46,66,17,91,13,65,79,9,17
32,20,84,66,77,35,93,69,67,55
43,49,80,94,96,66,19,71,88,28
68,78,4,92,68,14,75,66,47,5
92,44,14,72,79,58,88,76,98,63
97,92,43,21,49,58,97,60,10,76
18,44,86,55,86,57,82,88,87,16
72,89,71,19,27,24,84,98,35,51
1,43,28,14,51,95,19,23,62,65
55,36,51,45,73,39,79,86,88,62
3,13,12,18,17,96,19,48,85,12
23,25,62,70,33,59,65,96,31,53
94,98,19,51,28,79,57,75,13,20
86,82,30,32,78,41,61,26,86,52
48,50,66,65,11,40,32,83,37,6
86,92,80,49,14,70,74,12,94,85
1,65,92,99,35,79,21,42,72,36
39,8,20,99,68,81,5,70,90,75
32,99,88,43,79,45,39,35,24,58
25,31,73,88,22,71,36,87,72,66
40,78,32,32,16,32,34,69,40,45
88,11,44,27,6,30,35,73,82,73
29,58,45,70,42,94,13,56,81,71
23,71,63,76,88,78,24,61,74,12
60,94,94,45,61,68,32,15,2,15
14,68,16,53,87,75,86,87,36,58
31,72,29,91,49,72,44,84,39,15
68,95,34,46,83,83,76,21,57,45
86,9,21,39,1,73,75,91,68,45
6,35,12,57,88,76,62,59,47,9
40,30,8,13,67,37,22,100,91,77
92,12,90,23,68,53,26,31,21,24
23,12,46,98,44,23,60,63,21,57
15,44,15,78,97,22,87,31,89,93
60,19,97,63,49,9,13,39,2,27
86,2,18,94,81,60,72,2,67,4
82,20,35,51,97,68,19,80,39,74
98,77,31,43,14,35,12,82,12,83
6,51,98,43,34,13,81,29,88,97
78,93,4,60,53,24,10,79,18,37
7,15,69,59,43,80,67,45,71,23
86,28,99,9,78,59,51,37,96,35
88,3,92,72,24,75,82,81,38,36
39,44,53,71,91,71,64,17,19,56
2,72,48,6,48,77,100,40,91,66
60,86,93,54,96,20,21,7,68,43
39,58,94,61,50,97,97,10,27,32
35,20,26,62,15,41,27,55,41,15
13,88,26,85,64,5,70,65,60,64
20,35,7,42,60,74,39,14,36,49
1,97,64,39,96,93,83,4,27,83
64,52,2,9,42,58,64,92,74,11
82,64,47,35,85,63,15,56,18,81
1,20,2,88,45,6,70,82,60,99
20,2,29,65,91,85,37,74,51,30
99,89,87,32,82,8,87,33,27,37
4,69,42,57,63,91,49,12,52,79
34,24,97,62,61,75,100,94,100,19
64,46,45,32,5,32,50,30,25,97
86,74,92,54,59,15,67,25,46,74
33,32,16,25,86,22,1,9,22,52
9,93,39,54,82,10,63,60,11,19
32,52,76,98,50,34,97,47,50,87
71,94,64,36,59,58,41,36,73,91
34,55,52,69,86,70,31,80,90,27
83,13,83,86,28,24,80,16,67,47
78,22,44,84,24,65,96,91,10,87
11,53,18,45,59,55,7,89,56,36
20,31,87,93,74,23,98,67,68,4
59,93,69,12,25,73,6,78,20,98
68,20,18,86,99,8,28,39,100,39
58,49,44,78,45,22,40,69,77,32
39,86,2,67,44,74,77,53,83,91
83,41,93,17,30,66,58,38,29,30
51,20,32,4,94,54,21,70,67,10
87,75,60,86,95,34,18,80,79,73
60,80,86,20,46,36,60,9,22,58
99,25,11,64,7,80,64,31,88,88
76,97,75,63,55,81,77,66,76,19
80,12,50,56,2,46,4,73,39,93
5,14,54,91,68,72,78,4,50,51
80,94,29,65,45,41,18,80,2,33
13,77,55,68,91,95,32,21,35,39
48,62,71,72,42,83,37,53,64,29
64,28,15,86,17,53,17,46,46,35
86,50,91,59,12,87,11,32,2,38
23,43,34,95,12,76,70,28,74,60
1,33,17,71,58,5,72,90,1,45
6,20,39,78,90,42,96,72,37,50
95,89,17,31,6,44,53,62,47,85
95,96,87,55,43,70,14,42,86,22
100,70,58,97,62,84,25,20,33,94
96,47,13,51,56,8,92,32,19,74
87,11,9,23,38,98,98,13,1,37
39,39,43,54,22,76,2,24,66,27
6,44,7,19,81,97,28,72,96,95
79,6,56,93,26,12,55,82,62,1
58,92,53,46,21,51,2,34,26,99
21,83,52,49,5,50,67,88,35,54
8,39,88,71,1,55,32,60,98,67
97,42,82,16,45,26,54,41,10,55
44,4,44,75,35,40,5,2,98,74
36,28,93,11,48,32,33,56,82,35
78,99,39,87,37,13,13,59,60,81
75,25,95,63,35,46,68,92,84,84
29,10,99,5,51,22,55,50,26,33
62,65,45,25,77,41,33,28,59,48
25,79,18,38,37,64,33,35,45,57
19,81,80,57,46,98,11,6,72,10
51,78,3,85,16,21,8,28,68,71
52,71,68,98,70,33,94,51,56,26
42,3,22,60,93,69,51,11,91,32
53,83,59,39,27,22,81,26,93,52
29,99,58,89,94,8,89,91,61,44
54,29,89,9,80,4,46,37,79,32
52,92,72,100,56,34,19,10,73,73
48,32,32,62,19,66,86,82,27,19
75,95,66,83,36,13,22,21,57,17
33,83,53,19,78,18,47,65,90,75
41,50,17,56,82,19,93,79,17,24
3,73,67,20,46,26,54,76,55,64
32,35,5,82,99,84,23,46,24,54
49,77,6,70,45,25,93,58,1,75
47,46,97,38,1,61,88,6,12,5
90,78,38,77,3,100,91,18,34,59
23,85,77,40,48,62,18,19,35,88
10,48,91,78,71,81,33,6,52,33
12,46,75,19,67,11,35,83,55,52
81,27,52,66,67,49,87,7,22,28
99,78,29,100,8,34,53,73,45,79
7,53,93,76,93,36,17,6,99,43
10,2,76,22,23,31,61,39,92,68
95,79,75,20,49,45,85,2,75,45
37,7,31,31,22,15,14,56,26,75
79,99,70,5,11,72,92,71,7,64
73,1,35,29,10,82,35,88,82,24
23,5,13,77,18,87,23,37,19,4
76,52,16,46,97,21,64,75,44,49
17,80,96,79,48,62,97,58,37,18
55,98,16,78,74,25,77,41,83,7
39,29,21,100,25,21,44,100,75,99
17,83,97,10,94,81,66,80,71,66
40,70,90,35,74,73,94,19,62,46
68,94,47,100,93,45,100,64,55,3
22,84,51,92,95,61,17,14,13,63
57,12,30,51,70,81,3,39,99,64
12,37,91,12,76,53,36,41,79,23
88,95,95,85,62,98,69,94,46,64
74,41,56,50,39,71,81,88,68,8
5,36,6,89,55,72,78,2,32,55
51,16,61,32,86,47,15,55,27,84
36,46,89,16,38,47,82,39,5,70
37,50,56,61,20,95,47,39,28,64
36,17,52,34,67,79,62,19,20,96
88,66,67,64,49,70,89,16,59,75
25,75,21,8,38,41,83,21,99,82
5,37,66,3,11,38,62,46,33,28
38,70,37,97,17,64,10,78,5,24
58,75,29,57,82,100,67,76,45,38
21,99,76,19,31,63,60,95,76,26
58,81,7,14,21,92,21,51,49,31
14,11,63,59,61,15,29,33,66,24
72,47,51,12,67,88,91,23,71,55
59,21,58,52,30,66,18,12,96,89
34,96,4,31,6,90,57,49,18,49
9,12,70,67,37,82,3,1,93,93
41,33,92,76,93,32,82,39,92,49
88,52,47,17,74,87,37,8,58,53
75,9,77,25,85,10,18,60,83,14
92,69,42,20,20,12,92,79,64,99
73,80,76,12,52,41,90,11,7,91
47,74,53,67,27,93,26,24,69,18
9,88,95,85,96,10,60,80,88,60
47,1,82,24,44,21,62,78,23,10
25,100,11,11,52,6,48,47,11,61
89,37,88,91,7,2,5,27,15,40
70,82,76,7,54,96,21,48,62,30
96,64,76,29,50,96,25,68,95,8
87,83,13,33,17,13,95,96,18,43
19,76,63,64,72,17,1,21,60,79
17,52,32,43,66,90,99,9,80,8
78,47,87,3,21,52,15,79,66,39
14,88,25,4,23,20,52,36,96,22
39,69,63,83,78,90,38,53,77,38
41,2,80,84,97,98,66,28,48,25
21,92,45,45,31,47,44,72,52,6
40,94,86,72,74,33,91,38,100,35
18,12,85,38,63,97,20,78,53,66
97,56,68,93,90,29,16,70,36,88
63,36,9,81,64,53,98,53,59,69
81,31,45,72,89,69,87,19,42,28
2,31,11,17,48,13,61,98,29,51
95,22,93,2,46,76,45,56,64,31
82,85,62,42,43,65,84,95,90,9
5,8,72,18,73,51,47,92,22,40
49,36,23,97,57,82,50,56,95,50
26,80,43,30,17,27,29,32,7,8
70,90,78,85,57,4,99,38,42,18
39,14,82,15,84,97,45,99,25,70
53,41,98,6,65,15,54,61,51,4
21,89,7,2,38,30,23,37,28,19
94,5,26,33,86,53,13,1,87,10
68,28,54,60,50,43,89,50,45,64
33,68,50,34,62,10,73,14,7,75
35,86,41,82,92,91,49,98,37,9
8,82,98,36,92,2,22,14,3,20
38,66,20,39,19,12,2,31,26,35
81,74,31,3,92,85,1,6,8,13
5,79,31,45,42,32,94,14,55,34
81,24,24,75,72,57,18,94,5,42
9,2,55,30,35,38,7,20,50,96
74,52,93,75,88,5,96,84,67,66
90,62,54,55,12,31,14,98,58,91
15,52,19,83,16,51,98,81,33,88
76,87,22,21,2,87,57,51,53,66
10,54,19,35,42,30,52,10,23,17
46,95,25,87,77,31,3,71,78,32
24,46,16,16,51,21,20,89,34,95
44,52,8,70,20,81,80,19,70,5
93,72,6,57,68,65,60,7,21,1
86,67,84,52,5,1,5,37,72,88
74,30,56,8,83,67,11,67,31,16
83,82,83,73,22,33,67,26,24,22
14,4,29,2,86,54,87,67,81,100
60,93,47,76,64,6,14,30,37,71
8,6,44,11,53,16,23,96,84,66
76,14,79,45,46,64,24,61,37,89
15,96,36,47,94,28,93,23,58,63
53,91,60,15,18,36,93,75,15,61
78,84,48,90,29,45,91,62,100,28
47,24,1,57,23,43,93,62,24,24
26,85,78,7,82,37,38,28,32,44
56,49,61,42,6,59,51,54,79,94
37,1,78,57,78,27,75,17,47,13
48,57,70,5,95,49,59,64,100,35
12,65,87,17,28,35,63,1,21,59
30,53,7,47,77,85,8,5,57,31
99,21,30,15,89,41,4,41,28,57
84,82,35,35,53,55,66,99,4,95
89,33,93,29,93,7,87,83,13,11
55,30,80,31,54,91,60,61,80,95
28,49,57,98,32,75,54,56,2,60
57,88,4,7,91,82,56,39,63,77
10,68,84,8,66,91,55,80,7,95
65,33,77,53,49,10,63,4,12,72
54,24,56,28,55,91,83,68,40,35
39,60,56,18,93,36,68,82,55,36
50,25,58,85,71,68,66,46,22,44
22,80,88,99,68,3,36,25,74,9
85,87,72,42,32,99,86,55,77,92
33,67,38,23,22,98,69,59,30,40
75,14,17,11,47,79,9,40,41,18
58,25,66,62,71,16,60,30,73,75
57,5,66,11,87,87,79,25,38,68
50,18,48,45,48,14,99,96,63,89
95,90,22,84,91,4,70,51,33,40
37,26,97,68,79,63,78,66,73,81
94,14,60,43,96,45,51,27,56,26
97,63,40,33,55,28,36,79,25,59
13,22,7,57,35,61,97,31,5,43
96,58,92,100,35,90,44,57,21,93
61,31,6,93,81,63,41,80,33,30
46,98,100,38,31,70,42,87,56,52
21,3,38,98,98,71,47,43,51,11
72,64,27,14,91,84,76,34,69,35
21,90,100,72,33,29,30,33,46,8
25,3,42,5,91,9,59,29,23,1
66,49,32,34,26,19,6,86,72,4
35,59,60,67,58,35,22,41,74,33
41,95,35,69,42,4,88,31,2,16
63,43,69,42,80,1,38,10,88,67
77,24,29,84,63,98,31,91,99,81
76,71,63,83,4,76,48,49,43,62
4,1,74,97,86,46,70,91,44,93
67,85,23,26,55,25,79,89,55,66
81,39,100,7,100,93,12,30,26,48
23,80,77,5,28,33,32,69,26,11
33,96,20,73,88,1,6,73,28,78
65,75,98,71,8,33,9,42,72,3
64,85,16,68,39,66,4,52,34,19
50,57,34,65,17,40,27,14,68,25
96,88,64,52,96,26,33,47,46,70
65,79,100,7,25,1,74,14,24,3
58,37,11,47,56,78,33,81,89,28
98,30,79,36,39,68,27,97,49,81
66,57,89,46,40,41,4,98,77,88
88,29,76,72,66,45,98,29,29,54
2,46,96,86,34,35,70,96,82,56
75,9,26,43,12,37,4,95,29,97
36,88,66,41,38,48,1,7,21,82
29,27,64,69,34,94,24,98,62,76
2,50,80,100,17,41,92,97,18,67
20,48,28,77,73,72,46,1,98,4
67,88,57,54,83,12,59,77,32,23
31,80,70,98,6,30,60,65,97,52
52,46,14,14,64,40,24,36,3,97
75,66,19,43,85,61,98,30,13,56
30,27,4,68,31,39,45,53,30,32
36,53,29,76,7,81,95,80,54,2
17,8,4,72,85,28,28,11,2,87
99,85,15,37,55,30,46,62,44,45
53,50,85,75,88,45,23,98,30,30
28,70,3,33,20,38,93,94,26,52
52,31,59,14,24,62,99,2,18,3
87,11,18,95,41,57,29,5,26,31
28,86,69,47,56,84,74,85,63,9
85,16,47,24,3,4,31,70,6,54
8,35,53,51,80,36,88,31,96,16
95,25,78,40,100,7,93,44,25,76
5,88,37,52,25,46,95,69,27,92
83,32,30,18,73,10,33,68,27,45
98,22,41,13,91,80,24,53,37,4
91,37,82,7,32,28,6,14,52,38
93,15,24,98,18,8,21,18,36,42
14,69,47,94,4,46,80,29,47,31
32,2,100,41,15,20,25,10,2,7
70,48,76,81,93,10,98,53,57,21
18,70,22,100,2,23,19,81,82,18
33,17,51,98,71,50,7,69,42,54
17,66,10,36,100,6,51,31,58,98
2,63,3,16,91,33,53,38,95,74
77,21,52,76,52,17,82,49,54,2
97,36,62,4,73,90,87,36,13,31
73,83,36,34,68,87,10,18,29,80
9,4,55,90,59,92,6,53,37,25
26,37,31,87,2,3,48,98,21,42
80,34,66,10,52,10,15,77,60,14
16,28,80,1,70,15,99,71,94,3
100,25,98,68,14,19,9,38,87,80
33,22,16,70,59,94,68,54,14,50
4,39,3,87,94,88,76,29,71,12
15,8,51,64,36,4,62,69,33,54
65,75,22,86,70,58,14,44,38,57
13,27,28,46,51,88,45,92,93,34
92,28,89,59,12,82,80,12,63,87
39,90,12,89,59,50,86,22,53,3
73,51,44,73,6,69,4,61,70,71
68,94,86,39,72,63,84,60,24,52
28,100,19,82,3,54,52,79,66,37
5,55,51,86,55,82,15,2,89,5
39,9,95,74,81,46,35,4,71,5
44,15,35,50,59,43,15,75,74,49
36,21,88,26,88,15,67,100,83,7
29,42,26,81,38,42,24,32,47,32
51,77,2,61,46,52,85,58,40,44
68,77,35,97,39,89,61,30,45,40
95,22,68,78,69,98,76,35,97,40
6,76,78,59,40,7,32,96,10,57
47,52,24,51,19,65,29,82,8,27
94,59,20,54,100,3,40,44,26,78
76,12,11,36,34,96,5,90,50,35
62,76,64,61,62,53,77,57,96,73
18,47,59,48,14,38,81,83,57,39
74,14,64,95,32,88,14,40,43,47
100,34,6,58,42,63,61,97,17,40
81,76,22,27,51,36,66,68,81,28
28,70,49,20,86,2,24,80,82,2
85,68,22,93,43,20,76,33,69,80
85,12,62,98,11,29,15,70,47,37
42,48,66,44,65,38,67,59,10,6
83,52,95,63,34,73,5,27,87,35
40,51,12,27,12,50,72,46,5,49
24,6,41,17,67,32,68,86,86,80
27,32,54,27,65,6,6,33,25,2
78,26,93,46,54,48,4,12,13,35
57,84,27,65,3,32,11,68,95,100
52,46,22,67,42,9,49,30,8,90
93,50,44,10,96,95,85,30,17,9
25,44,74,64,39,12,31,29,60,28
92,99,56,45,74,95,89,19,79,29
39,86,25,68,70,63,13,59,65,88
61,67,19,12,91,38,46,20,48,5
49,64,18,45,16,61,73,78,5,68
58,69,12,80,3,12,47,22,3,41
15,45,53,66,46,34,31,32,40,42
95,30,69,69,93,96,71,38,99,15
84,51,92,99,45,48,27,29,10,66
89,43,79,23,76,67,60,50,32,9
12,55,24,24,32,70,23,18,92,89
97,71,45,59,59,10,38,17,12,55
65,23,74,60,14,20,43,52,29,83
98,1,93,29,6,71,89,31,27,43
93,26,26,85,93,47,74,22,20,86
33,52,10,75,36,98,10,11,41,32
74,79,35,44,57,45,88,68,56,42
10,94,53,27,24,45,51,33,42,84
10,7,14,51,25,86,45,61,58,97
82,25,39,71,18,80,50,16,50,6
39,48,65,17,99,87,46,79,74,57
14,42,65,68,21,18,48,41,83,11
67,80,64,54,80,22,85,69,84,83
77,83,35,44,18,78,84,17,73,11
59,69,84,94,90,85,78,17,76,96
65,37,17,47,77,73,57,76,81,91
36,44,57,67,10,9,52,25,62,92
78,98,23,11,68,34,40,32,12,47
24,74,7,75,46,10,33,83,48,86
9,52,49,93,84,4,39,52,94,62
62,54,21,26,94,96,72,99,70,53
47,29,100,10,22,68,40,23,66,83
35,64,67,35,86,7,49,42,36,40
87,50,66,24,74,70,49,30,15,83
92,22,14,47,42,81,97,17,27,25
69,59,19,29,18,58,88,89,16,8
63,48,14,20,77,4,13,70,40,72
43,25,17,53,38,16,61,14,32,36
93,94,55,69,97,55,55,19,19,36
18,32,61,85,45,59,4,11,52,95
29,57,1,84,28,79,5,25,38,17
68,97,85,26,20,56,35,39,71,60
97,32,91,49,95,68,93,33,63,91
68,93,13,76,71,26,95,72,6,28
25,86,30,60,24,17,37,51,96,30
23,13,43,9,54,66,15,31,96,94
61,92,54,21,46,23,85,57,91,11
64,92,75,30,99,42,62,13,49,14
28,79,41,36,87,79,51,36,92,21
86,48,16,69,32,84,95,39,79,9
13,33,23,77,97,58,21,95,83,67
41,39,93,25,3,97,40,72,27,48
95,45,64,59,10,17,87,95,11,4
70,58,50,57,36,12,21,84,59,98
71,7,18,69,74,91,6,29,37,74
59,66,45,8,29,76,36,45,60,98
64,65,22,100,38,96,39,15,98,31
27,23,47,94,7,61,76,55,58,27
80,57,41,34,49,55,56,91,88,65
91,72,78,64,34,86,71,99,62,23
75,1,5,31,71,9,8,91,39,99
37,56,73,96,82,75,91,28,32,66
13,4,26,15,73,26,58,55,74,34
30,34,44,29,73,78,91,93,20,62
47,66,61,67,90,44,36,80,88,13
1,2,3,4,5,6,99,98,98,99
26,92,54,16,66,81,88,30,91,23
9,13,45,38,55,19,23,82,23,23
69,21,21,18,40,86,33,4,100,8
18,58,51,42,63,21,2,38,20,74
56,73,45,94,5,84,25,45,23,85
67,85,3,22,41,44,34,29,16,87
76,85,55,26,46,2,78,38,33,11
45,10,73,63,60,100,93,31,41,92
97,57,34,90,17,67,36,10,89,24
30,25,50,7,91,91,44,12,9,75
14,36,83,6,19,54,6,39,80,72
66,31,74,91,76,32,80,5,13,91
87,80,16,26,18,59,33,63,99,100
48,44,66,25,88,9,69,36,26,50
49,13,32,59,63,33,81,68,84,17
42,85,77,35,47,40,74,5,90,62
50,29,18,63,3,65,28,94,7,20
42,47,20,33,1,33,73,5,73,51
24,99,66,54,72,39,70,42,18,44
10,1,15,46,96,80,47,24,92,35
43,80,72,23,17,62,37,78,16,29
30,84,31,89,77,24,64,17,11,13
89,80,99,89,94,61,7,70,1,14
30,9,27,39,94,75,99,83,74,15
31,36,91,29,85,17,71,66,15,89
97,21,31,15,65,68,48,18,74,34
13,46,27,15,97,97,52,14,57,16
51,23,13,18,21,39,19,73,2,62
15,60,94,57,36,41,8,4,97,44
60,34,28,21,75,18,76,88,67,64
3,22,67,78,91,26,19,92,97,100
64,31,58,52,30,28,43,12,65,52
43,4,86,82,2,39,97,65,40,15
74,67,95,18,7,26,88,55,56,69
66,31,39,65,34,12,54,74,78,20
29,59,59,75,35,82,83,93,94,39
42,94,46,7,54,28,15,76,28,33
96,80,5,58,72,40,77,17,41,62
19,6,36,57,76,15,15,16,89,18
38,54,52,87,40,84,46,88,58,94
41,13,48,87,6,27,46,76,8,29
87,69,82,90,6,36,34,100,43,26
45,26,97,42,95,88,30,60,4,34
12,96,85,78,10,5,24,77,48,46
48,45,91,23,22,49,75,39,59,1
51,15,19,2,58,41,6,14,72,67
8,54,67,23,56,17,72,25,71,17
60,45,80,19,74,97,9,61,61,61
7,74,35,98,81,27,57,22,31,55
91,6,15,67,55,45,86,81,68,80
37,58,87,87,74,18,63,21,8,11
21,12,24,71,22,79,26,50,42,92
91,36,90,49,63,96,95,100,57,12
50,52,2,25,1,41,82,70,48,39
58,40,74,45,50,75,37,60,46,96
47,98,38,68,11,5,34,25,65,44
82,88,38,7,21,13,55,24,99,62
32,38,62,26,13,59,73,95,61,66
89,93,67,43,23,68,43,2,25,66
55,57,68,81,13,18,9,36,41,35
49,24,44,27,16,85,28,9,20,45
65,41,74,81,82,79,86,93,29,4
97,89,26,47,2,86,71,31,22,38
10,29,76,65,100,94,5,21,40,31
81,49,79,46,73,78,93,17,54,84
26,92,28,42,31,56,66,63,19,26
31,75,75,74,100,63,9,81,55,62
22,69,59,36,99,38,26,49,74,59
87,22,6,81,13,42,65,98,26,36
25,66,88,77,96,79,22,28,40,49
64,91,64,82,30,62,26,74,31,64
81,40,21,97,85,39,97,6,51,61
56,74,9,56,23,73,94,53,47,73
6,33,64,88,34,6,43,23,78,94
64,36,3,48,77,22,92,57,8,94
54,19,45,83,87,91,15,56,46,19
53,4,84,70,20,33,38,90,22,49
27,44,76,13,90,79,4,18,48,64
20,94,1,14,60,93,63,41,37,80
25,55,47,65,65,58,70,61,42,97
24,95,1,10,30,42,58,13,82,74
85,23,29,73,91,78,41,67,97,36
3,83,51,8,63,89,47,53,95,83
20,87,53,85,75,90,55,79,57,3
16,59,27,46,37,60,65,2,35,95
99,52,51,85,64,56,95,87,49,95
62,74,49,48,30,100,15,92,74,69
48,19,47,18,36,17,57,62,45,100
20,18,94,46,88,28,63,64,38,24
78,33,29,48,18,22,47,51,64,56
8,71,95,91,93,15,13,67,58,19
90,78,49,63,37,28,94,16,44,38
40,16,91,21,88,43,48,56,99,10
27,53,94,4,50,82,68,59,42,69
11,53,15,21,31,74,78,19,22,5
36,4,25,93,20,94,89,39,36,98
34,96,57,26,10,58,33,40,92,30
18,30,81,13,33,9,91,18,18,61
100,75,66,96,58,5,86,61,75,93
92,90,22,10,48,53,64,24,19,54
36,62,97,13,25,100,90,7,71,55
14,99,58,64,49,36,88,16,56,44
9,79,67,98,99,42,83,5,55,7
65,94,73,99,13,56,89,32,17,68
14,26,99,18,12,74,82,36,72,4
87,85,32,33,69,73,50,15,58,29
15,8,7,5,82,18,57,5,58,40
34,62,2,6,42,81,99,13,7,97
60,35,50,29,96,56,87,42,29,36
12,10,29,97,29,80,7,2,69,16
21,18,89,98,98,92,2,23,16,3
83,68,97,34,37,21,56,62,22,60
66,26,89,19,98,14,71,47,7,64
87,10,37,97,59,56,86,50,96,27
6,21,44,5,18,34,74,62,2,41
75,53,30,14,37,77,4,34,64,99
41,84,79,50,86,14,76,54,72,95
28,81,59,65,59,34,6,46,84,6
73,29,25,12,41,97,18,28,74,73
49,92,5,67,94,60,42,72,50,73
68,16,8,59,45,15,22,64,79,62
63,20,86,49,2,45,94,46,94,40
60,89,53,11,53,85,76,36,3,26
8,20,25,69,12,53,70,95,5,63
57,1,3,94,44,65,36,76,63,94
98,98,97,48,58,55,7,48,67,40
85,31,14,31,39,88,45,29,46,4
59,85,48,39,45,18,92,16,15,53
77,39,21,69,2,5,50,32,77,84
60,73,32,70,92,77,21,88,1,71
74,65,77,65,73,93,61,69,50,76
40,100,41,71,40,22,89,29,77,67
69,90,60,98,87,22,96,85,17,37
48,60,79,13,74,18,98,75,27,7
66,9,3,23,82,17,83,94,30,3
6,47,93,39,33,33,42,31,17,25
54,76,93,46,23,87,71,14,76,31
89,83,67,80,69,32,32,61,94,19
18,66,56,29,1,56,53,50,10,61
9,86,20,26,14,12,85,99,68,4
20,44,55,55,99,31,67,63,54,8
29,5,2,35,33,21,12,58,69,89
24,28,1,30,96,9,38,41,42,14
54,5,45,14,84,13,47,38,9,30
64,82,8,50,5,17,24,3,42,97
1,39,31,64,70,51,1,57,27,29
72,27,97,84,14,57,78,64,60,78
26,4,62,12,95,73,80,57,88,29
88,21,1,52,8,97,27,10,44,19
54,83,95,62,87,7,28,18,29,74
11,60,44,22,10,5,82,48,6,27
85,99,88,92,67,80,51,77,60,68
94,100,1,52,21,19,44,4,86,99
71,86,8,8,24,55,7,80,82,65
93,95,97,39,28,23,81,24,99,1
66,74,91,100,12,68,11,58,97,49
71,57,84,29,64,83,28,51,57,59
68,27,67,84,23,44,25,71,72,86
53,56,72,90,8,45,62,62,26,40
58,31,4,29,91,66,58,48,89,77
74,13,49,37,92,32,100,95,97,42
100,92,39,83,67,71,86,57,41,81
82,30,57,85,100,97,65,66,8,6
51,16,71,84,65,98,16,74,94,14
78,93,13,79,41,27,87,55,49,37
24,47,18,74,98,14,62,83,84,61
90,9,63,74,77,99,31,47,16,39
83,50,92,2,33,91,77,71,25,53
19,58,32,28,50,56,50,64,9,38
30,35,92,21,77,22,54,9,74,13
29,76,73,17,29,67,45,82,45,21
96,2,76,51,24,64,58,75,94,37
10,80,91,74,48,33,38,22,39,68
45,45,100,66,74,50,39,92,99,59
47,56,62,63,81,73,10,11,78,65
58,14,85,43,95,19,19,30,62,39
20,31,95,35,11,77,29,2,6,87
82,93,29,81,74,2,42,2,49,30
85,34,98,87,53,81,44,4,83,87
21,29,21,42,49,73,38,51,16,40
24,79,47,55,22,12,40,73,11,8
52,84,16,78,29,15,68,23,68,37
7,65,57,57,99,67,37,4,28,77
100,73,56,7,66,98,99,25,100,3
99,57,37,55,11,93,64,48,15,5
64,93,92,22,31,4,79,94,81,77
14,78,14,74,100,54,38,54,65,74
29,91,33,6,40,24,19,55,84,44
45,56,79,62,8,87,24,11,5,63
6,56,36,78,96,57,84,31,60,79
4,74,52,4,34,28,8,53,90,76
90,22,53,50,7,1,48,9,3,12
8,34,7,2,30,27,76,76,47,27
65,81,61,52,92,49,88,30,12,42
25,46,92,82,57,4,34,40,93,1
82,50,10,37,62,96,97,99,63,11
33,9,86,5,100,38,33,52,27,44
5,83,49,99,76,37,43,89,86,83
52,58,28,69,37,60,36,48,68,73
82,1,49,76,3,81,23,61,55,72
45,98,57,87,68,82,89,49,70,78
94,2,14,29,9,43,32,37,8,34
83,48,33,18,53,81,72,15,91,53
99,78,45,88,90,41,48,85,7,54
49,94,66,89,6,90,29,24,43,17
45,93,38,87,96,7,26,3,85,49
23,36,21,10,44,42,34,68,95,61
59,12,88,54,85,17,83,53,97,75
16,74,82,70,54,69,57,24,17,51
3,85,27,2,29,99,32,66,99,53
27,25,3,45,2,8,23,2,76,95
37,84,28,7,26,26,96,43,96,16
57,22,21,11,72,39,37,49,100,62
41,33,23,80,11,16,73,20,58,42
8,89,70,65,43,37,33,49,14,71
81,59,1,1,16,86,50,46,56,39
30,16,35,83,44,55,61,28,2,55
53,82,56,87,54,8,95,58,71,41
25,46,3,16,69,38,76,94,36,5
24,100,77,15,71,98,45,85,20,79
49,39,26,96,14,87,44,64,26,7
62,49,82,16,34,18,60,71,58,71
11,56,77,100,87,6,77,9,60,4
31,5,99,49,23,77,96,13,86,90
18,29,34,56,47,35,21,4,45,33
45,61,70,70,16,5,57,10,24,46
14,10,97,70,72,31,26,47,68,79
75,13,66,41,41,54,15,33,3,9
30,98,98,88,70,9,3,95,15,79
39,43,70,30,82,10,49,1,17,45
49,78,44,48,85,30,70,91,36,98
45,3,18,38,26,91,73,40,96,94
91,35,94,24,95,84,30,54,100,71
45,99,77,27,72,13,54,54,88,14
7,33,36,36,3,63,46,82,64,88
47,96,93,54,78,74,93,97,59,13
20,66,44,31,31,74,45,20,59,86
90,5,89,64,30,30,59,87,45,85
83,89,86,29,25,6,27,62,12,27
29,37,92,4,32,8,55,19,15,100
64,64,40,63,66,92,5,41,87,8
50,80,22,86,62,97,77,63,21,57
86,3,5,39,2,90,91,81,46,13
87,67,32,11,2,29,15,94,91,46
25,72,37,74,51,3,13,41,26,45
99,62,32,6,46,53,44,58,41,44
28,56,99,5,40,67,55,91,42,50
46,36,51,31,100,79,98,67,24,45
86,93,1,28,87,51,2,67,43,34
91,75,72,8,71,43,46,86,11,46
99,70,28,22,86,47,38,11,11,10
45,79,32,87,54,72,2,78,92,44
62,11,66,56,70,80,84,59,15,94
77,14,48,21,17,64,62,78,64,5
24,19,67,77,97,73,98,13,99,51
34,43,33,19,83,19,6,13,81,68
19,13,86,26,25,10,67,17,10,42
9,23,100,66,44,37,29,28,53,9
28,5,100,7,19,18,5,12,25,9
83,51,18,23,100,28,72,2,72,26
51,89,27,93,96,34,85,93,25,46
90,17,34,45,25,34,45,92,15,55
20,100,14,28,64,43,74,15,10,7
23,7,83,63,95,11,27,46,30,44
8,6,40,45,77,95,93,83,40,83
97,81,2,88,78,62,94,52,44,4
91,20,87,39,82,43,87,66,23,36
3,61,63,9,23,29,95,54,68,96
94,9,55,10,20,6,93,92,69,64
30,87,16,74,17,54,91,18,53,52
98,3,31,56,50,84,72,72,19,46
30,70,14,34,74,59,62,17,78,76
61,75,98,84,41,60,27,52,49,76
72,1,32,58,47,5,51,48,10,1
23,30,81,38,79,76,80,36,30,95
26,59,71,12,34,42,25,25,50,62
29,59,41,60,11,83,3,54,49,7
2,86,4,14,17,35,6,75,80,76
89,8,27,53,57,88,44,24,58,48
37,70,33,57,70,60,65,98,1,64
82,43,35,88,35,58,47,40,32,72
87,5,80,42,68,38,73,25,96,57
92,86,73,64,82,17,95,81,39,60
1,62,79,4,75,21,29,72,25,56
22,9,68,70,13,40,50,86,36,99
49,95,15,94,27,18,3,71,62,35
41,52,95,92,18,29,78,10,2,40
13,19,76,47,82,44,27,32,50,75
19,93,97,53,43,41,92,67,50,55
41,28,74,88,13,40,28,94,1,72
42,33,14,79,71,64,8,51,83,58
75,46,26,83,76,38,81,37,59,99
5,23,98,77,48,27,62,49,60,7
79,88,18,13,97,70,92,92,95,84
45,5,33,97,75,26,68,61,70,85
84,17,85,80,84,70,100,55,73,61
17,42,92,64,4,42,86,2,31,83
16,47,84,28,2,72,1,21,71,65
53,39,31,36,9,13,32,22,81,80
3,36,55,82,51,68,42,78,37,65
68,74,39,49,26,53,82,59,58,50
18,51,18,27,12,90,82,40,30,52
42,71,99,57,100,36,80,18,78,21
69,95,58,38,80,83,91,100,21,99
27,72,86,94,5,42,88,85,39,12
41,65,51,74,37,97,83,79,61,27
66,81,45,58,17,34,30,34,96,13
44,45,48,45,40,98,91,21,46,29
45,91,9,22,15,47,61,37,84,48
76,27,31,79,93,55,43,8,14,91
24,63,86,7,67,34,50,40,41,93
5,81,6,52,56,99,84,2,3,30
9,45,72,10,51,9,78,14,48,21
52,2,71,65,47,60,15,13,78,57
48,68,72,30,79,20,82,52,31,46
42,93,56,13,66,49,100,68,51,69
66,53,93,38,80,61,69,1,68,79
76,93,97,76,13,48,71,55,54,89
48,24,91,7,85,84,5,85,51,16
54,80,63,31,25,40,98,100,91,86
42,52,94,23,45,40,63,89,74,66
60,34,31,48,88,92,3,42,72,59
56,60,48,7,90,27,38,61,73,53
86,22,49,36,21,66,16,42,84,22
80,33,55,57,4,73,20,5,26,10
20,64,53,53,51,83,55,22,27,94
98,60,4,30,69,96,73,29,64,10
70,39,80,40,90,66,60,58,51,67
76,92,16,44,71,43,76,4,65,87
96,75,66,42,100,21,19,67,77,32
25,67,8,45,52,12,49,31,58,25
36,62,46,51,19,38,85,90,38,16
48,10,48,6,12,20,99,53,46,56
9,39,18,87,51,49,91,57,42,56
27,100,62,3,64,41,61,16,78,29
14,15,59,96,62,52,38,69,11,100
90,37,82,38,80,43,71,16,66,1
59,74,24,99,100,12,35,23,48,12
11,27,84,97,7,28,94,71,51,58
14,54,64,62,49,53,13,95,54,89
13,19,1,87,19,34,82,16,72,6
81,25,83,88,71,70,99,76,28,33
2,93,99,41,71,66,22,50,54,12
10,14,97,34,59,8,94,78,27,26
100,55,77,9,1,68,65,6,61,39
30,52,72,6,39,36,83,34,2,68
38,48,68,4,30,20,6,47,35,85
93,4,27,43,51,16,69,6,34,85
66,73,60,57,86,22,46,1,86,36
30,87,64,54,41,36,97,56,16,73
49,2,83,75,44,26,44,56,96,7
14,13,4,23,54,64,27,45,54,50
26,28,54,91,43,48,32,50,8,24
57,55,58,75,19,88,75,77,21,18
29,9,65,15,90,10,30,20,12,52
85,97,74,94,32,92,84,18,70,75
76,92,19,41,36,89,11,100,91,6
65,31,94,8,25,45,91,71,36,83
59,40,98,56,99,33,77,7,46,15
76,84,67,47,82,44,71,5,40,9
96,12,24,78,23,43,68,67,53,41
55,86,6,53,99,28,43,64,87,54
83,74,90,47,20,45,79,33,99,66
7,16,31,25,90,2,38,85,74,68
62,32,31,67,38,60,85,39,12,16
79,16,3,45,74,92,82,1,71,85
98,44,64,27,83,55,50,13,91,39
83,27,86,20,96,84,64,29,85,11
8,99,14,35,93,56,57,95,67,13
56,27,2,39,73,62,22,64,43,92
6,42,84,19,33,45,84,85,46,20
29,69,60,4,98,44,17,1,50,13
85,37,19,30,58,31,37,59,12,33
46,6,59,31,12,81,3,22,94,20
5,45,1,41,39,39,15,86,28,96
70,81,74,63,47,60,28,77,41,24
53,100,83,65,2,60,37,24,77,16
2,12,1,90,49,5,10,57,24,54
67,15,26,10,65,66,36,84,35,16
75,58,45,96,43,93,64,43,37,19
5,27,59,92,23,2,18,63,56,66
34,44,40,35,85,99,36,91,78,62
19,84,84,49,50,94,10,44,37,69
86,28,89,39,11,5,82,74,96,91
36,59,3,49,94,11,37,14,35,31
19,3,95,32,98,46,71,64,36,62
55,18,17,25,49,80,28,71,49,80
71,76,34,29,20,98,43,54,33,76
54,63,34,87,100,6,40,18,38,54
10,58,91,70,68,25,30,80,57,26
99,97,80,72,6,93,48,92,17,15
46,39,73,21,20,23,77,32,68,7
49,88,97,88,57,96,24,32,20,77
17,69,56,57,28,79,59,87,85,79
33,58,21,72,98,6,12,23,29,36
55,5,28,87,12,70,60,90,70,65
54,58,31,22,60,66,57,95,39,48
57,88,42,8,73,65,65,35,73,70
23,97,61,47,86,19,58,1,13,48
42,96,46,25,65,34,68,48,83,96
14,57,15,30,52,56,50,1,46,40
72,2,92,86,69,79,67,32,69,24
35,87,66,38,80,63,9,6,56,85
13,80,52,86,16,57,73,16,95,78
42,88,9,17,46,23,37,34,84,50
80,40,44,20,90,2,24,59,52,78
66,74,99,62,5,44,92,32,50,66
92,48,97,70,43,41,74,46,68,98
40,48,69,37,78,25,38,5,76,34
17,72,85,81,21,7,36,53,70,26
80,14,11,44,1,81,94,21,99,59
62,42,22,77,38,30,18,41,9,80
66,43,82,26,36,78,83,35,30,31
2,32,48,24,66,17,33,7,47,82
73,26,55,63,100,61,94,42,6,35
50,85,8,17,32,86,60,14,40,81
100,3,18,76,63,71,35,15,54,55
86,47,27,8,26,88,18,88,44,97
92,68,26,33,81,29,23,57,5,88
40,68,23,82,2,35,28,71,64,15
32,35,90,47,96,6,7,43,45,61
96,94,26,67,53,61,1,33,17,56
8,87,87,86,82,68,80,65,20,16
13,8,79,64,100,14,99,20,35,68
59,82,87,17,27,49,73,64,15,81
6,8,12,26,89,73,22,16,39,3
43,49,47,68,43,71,57,40,2,60
1,6,1,44,74,17,22,49,85,36
55,48,92,97,15,54,64,60,48,100
33,86,1,4,21,62,3,96,10,13
81,62,74,3,40,99,22,29,86,78
83,95,78,88,70,40,29,14,39,80
97,86,90,82,53,65,39,80,38,51
23,51,72,79,27,39,28,41,80,18
87,86,46,97,91,69,51,8,43,14
47,44,43,77,43,30,95,2,90,79
42,65,57,60,16,5,20,37,81,28
26,23,87,70,53,86,41,27,52,54
41,85,99,60,27,12,2,37,77,100
82,3,38,82,75,83,92,87,92,88
15,19,94,95,89,29,12,35,44,49
2,22,17,99,80,49,22,38,69,96
25,57,68,98,17,93,34,28,43,74
51,27,19,1,30,89,85,83,96,48
56,59,43,82,93,6,7,4,39,28
79,79,5,28,11,1,54,49,13,7
81,79,84,39,11,7,65,67,37,18
97,52,23,62,13,46,18,40,7,16
78,56,88,67,36,95,55,85,30,2
89,92,95,92,60,46,2,39,11,22
57,95,70,16,80,50,31,4,5,14
33,61,20,18,15,24,44,100,88,92
42,57,90,84,78,75,42,44,57,81
43,65,49,67,72,19,56,8,36,56
64,94,94,98,52,75,64,25,41,87
30,41,54,87,14,17,47,65,11,11
60,39,40,7,7,37,80,21,1,75
71,37,2,62,43,38,93,1,16,9
84,25,94,78,50,87,29,2,64,82
18,40,78,49,59,21,59,68,73,99
52,55,88,80,93,82,88,5,30,85
16,60,32,54,67,27,36,63,74,94
43,16,80,50,30,83,95,82,96,65
93,77,24,40,78,29,93,82,5,66
32,64,86,45,96,100,86,13,51,50
100,6,19,55,50,12,43,92,52,52
4,72,74,98,11,68,96,40,78,73
38,18,89,11,89,43,91,80,46,74
59,29,100,15,89,92,98,88,16,79
82,8,46,92,97,16,97,19,5,99
53,32,6,29,70,13,99,54,76,52
22,31,33,17,4,1,100,92,26,4
9,15,12,21,6,37,85,30,87,55
71,33,55,20,14,47,7,36,67,17
52,79,70,13,94,39,2,54,97,81
39,89,86,38,31,2,72,54,52,40
9,30,16,12,34,34,94,3,35,13
4,74,73,21,6,43,39,56,74,89
51,14,34,8,38,50,43,30,74,40
86,59,18,56,58,61,87,25,59,80
70,81,72,8,85,30,51,6,37,10
76,21,7,68,1,50,84,41,36,16
64,43,76,45,73,59,27,98,93,32
31,33,18,8,51,81,74,81,8,66
66,96,85,47,32,3,74,86,53,43
7,67,4,60,55,14,91,85,83,4
47,85,69,68,81,37,25,56,100,54
28,25,37,53,3,27,73,29,20,42
22,2,35,17,99,94,17,12,78,30
26,52,51,10,97,45,32,79,46,45
78,6,80,34,56,36,90,21,45,34
34,71,10,42,1,89,74,11,12,5
55,89,7,45,38,10,13,28,4,5
97,83,52,23,14,10,65,14,88,91
15,96,15,86,91,69,41,40,74,86
25,56,48,82,80,76,61,34,85,96
29,16,41,43,4,40,69,87,21,51
31,27,55,71,92,75,97,73,1,93
49,51,43,84,75,61,31,72,27,77
19,89,22,19,27,32,44,14,15,46
35,85,22,46,2,72,9,42,25,13
17,31,87,83,16,51,100,66,91,89
51,73,84,32,22,75,91,16,29,66
66,15,66,28,16,51,1,64,13,86
46,5,8,10,29,55,33,34,8,32
76,34,86,10,3,19,20,54,64,17
94,80,73,11,81,54,3,87,81,2
99,20,82,44,50,38,79,67,74,96
21,54,59,5,57,53,51,92,99,98
95,42,72,69,88,20,18,56,35,54
27,74,1,39,37,9,100,42,98,53
33,30,68,55,20,2,16,20,62,21
88,61,18,11,24,67,76,11,75,31
18,69,43,67,68,7,42,68,49,64
13,18,64,70,80,98,16,20,47,42
18,94,88,77,87,82,40,83,79,78
15,98,95,1,86,56,43,20,7,1
26,35,31,24,46,40,51,51,70,98
83,20,79,15,83,94,59,70,1,75
69,46,52,44,9,11,71,96,3,7
37,12,44,67,20,44,21,25,95,24
55,11,43,19,45,47,18,61,43,10
62,95,27,95,79,11,19,44,54,79
56,83,21,8,30,38,73,44,89,45
81,73,21,52,56,58,18,89,51,71
44,1,65,22,34,86,60,49,55,11
27,91,95,46,28,40,72,8,94,51
2,75,67,66,59,71,42,38,73,31
51,49,53,97,31,72,36,83,24,15
20,18,64,85,40,66,41,43,15,50
23,94,70,83,67,36,100,61,55,40
98,30,63,38,72,39,13,88,73,99
43,62,13,75,43,63,95,13,48,22
12,76,8,34,87,39,72,91,13,99
54,92,6,18,77,36,62,8,83,95
76,66,30,42,34,10,42,48,20,30
37,52,73,48,10,29,24,4,25,29
28,53,44,72,4,82,7,22,55,76
28,68,16,37,91,34,14,44,87,82
39,90,2,29,71,27,56,7,25,51
12,46,52,23,37,13,25,52,53,95
45,70,29,23,85,5,87,20,77,99
79,69,23,73,16,90,4,98,37,7
18,13,100,30,39,96,52,43,4,92
66,35,82,10,23,76,100,39,42,88
55,13,31,17,23,15,92,6,64,53
4,12,19,36,91,9,55,2,20,16
100,17,80,29,69,57,76,84,79,52
82,26,97,89,10,53,39,86,80,55
53,83,78,25,91,22,75,30,61,50
39,15,92,62,74,98,35,98,96,89
88,64,64,36,75,36,9,39,3,45
27,59,97,29,2,99,18,80,19,65
50,42,48,66,81,49,32,68,6,78
65,72,23,40,6,87,68,89,48,45
80,17,56,44,67,45,23,3,12,68
49,35,35,16,77,63,13,27,56,99
5,46,24,35,95,85,53,6,3,4
82,71,60,62,14,72,62,54,90,36
20,80,65,47,86,66,30,58,44,79
90,57,62,55,98,61,55,78,4,82
74,21,49,83,61,65,87,36,11,85
1,14,7,12,18,74,27,60,87,22
82,75,95,4,54,25,73,83,67,56
6,18,36,31,62,75,6,87,90,17
46,5,87,69,77,1,84,27,58,31
52,54,100,21,10,82,33,18,58,47
9,18,5,23,19,68,24,46,24,65
6,64,23,70,17,83,80,17,99,68
18,2,78,80,5,92,81,21,76,59
79,92,64,24,45,90,81,55,22,62
71,23,26,20,24,85,96,50,47,9
96,39,9,36,56,91,77,15,21,38
56,26,82,29,34,94,84,57,40,82
46,61,19,69,21,9,73,53,27,44
43,30,59,58,6,56,63,12,23,97
21,19,50,96,90,72,67,80,80,64
100,99,40,14,66,23,57,19,6,90
59,25,76,87,62,64,30,43,68,46
4,33,36,5,46,71,3,72,45,1
99,73,31,71,6,10,74,73,73,76
83,71,37,99,58,82,45,74,79,4
27,45,75,14,83,57,72,22,100,49
48,55,77,56,29,15,95,83,15,90
17,45,67,1,70,7,24,92,60,4
51,17,12,53,36,39,36,45,19,99
20,12,75,65,47,42,76,23,21,53
62,54,97,6,19,91,4,42,47,10
17,43,34,24,26,45,86,64,63,65
17,12,49,10,66,1,48,69,49,34
44,33,24,73,13,95,49,88,85,26
98,41,24,75,87,66,78,70,4,83
28,23,24,90,96,98,64,18,26,27
96,66,11,36,29,67,8,69,85,17
54,58,13,10,70,4,83,93,63,46
6,16,69,37,49,58,84,71,61,57
72,10,78,37,66,20,77,52,61,98
25,41,8,97,44,1,79,61,92,75
46,37,49,51,10,15,89,96,13,62
92,72,51,3,37,68,67,91,62,3
57,19,63,1,89,49,19,82,72,3
46,66,46,84,84,3,45,35,24,98
83,58,49,89,20,63,13,46,9,15
52,79,5,8,57,83,74,16,2,85
22,58,95,31,47,87,37,99,46,29
79,2,81,5,73,98,15,19,96,13
38,5,82,20,48,99,80,19,7,32
100,52,24,72,69,52,100,47,19,17
22,79,86,92,26,79,1,81,72,43
84,96,85,92,55,53,100,20,4,96
34,8,89,2,52,33,13,18,19,5
75,59,73,39,11,31,58,25,14,6
21,61,4,60,93,54,45,43,29,34
17,55,42,40,73,94,5,49,3,21
98,6,25,42,5,42,80,98,52,54
45,87,66,29,13,66,53,55,65,99
68,63,86,9,5,12,36,42,92,86
29,41,85,92,11,11,92,38,73,83
56,87,38,62,81,29,61,78,29,35
48,75,10,90,78,47,46,91,2,25
83,25,49,79,76,2,40,47,45,91
50,5,65,82,67,42,64,13,41,61
21,13,26,32,68,77,87,59,94,55
98,74,50,93,10,20,44,41,64,76
88,4,21,23,92,69,29,34,55,42
26,17,80,95,31,40,33,97,88,43
97,10,87,35,6,83,59,5,5,86
67,82,23,80,65,88,41,64,99,15
70,64,22,27,22,37,72,98,31,91
67,21,81,27,28,99,35,4,98,53
86,4,1,48,27,7,72,46,44,30
63,36,63,98,80,100,76,98,28,17
57,94,43,56,95,16,22,87,77,34
60,95,66,71,54,28,99,7,66,31
86,30,20,25,29,13,95,28,85,97
71,68,93,56,69,66,6,79,58,64
56,22,53,39,72,48,26,32,23,68
61,2,44,35,19,37,75,83,15,61
17,48,90,88,48,89,4,65,23,99
48,63,21,77,50,26,62,9,13,27
26,58,47,11,87,33,97,16,96,50
21,14,11,95,86,68,92,89,17,27
93,68,40,14,43,93,6,8,87,80
98,86,26,63,95,84,66,31,70,5
75,100,42,72,59,29,58,3,36,39
56,40,99,22,10,8,5,47,38,48
3,32,73,100,99,58,31,12,14,78
90,42,3,82,33,11,8,58,35,99
37,41,51,53,94,18,46,10,39,47
47,70,3,85,72,25,53,14,33,68
13,57,66,64,37,34,39,64,28,24
32,95,100,59,58,100,61,34,36,31
100,65,71,33,18,14,59,95,93,54
31,75,2,46,86,78,8,38,22,4
71,45,89,28,31,79,97,96,69,62
72,48,86,52,20,15,38,21,39,8
52,33,59,38,40,52,60,62,85,93
3,97,93,11,94,19,44,77,98,90
73,91,44,10,71,35,5,17,75,33
2,48,29,33,67,51,57,4,35,51
78,3,87,79,81,96,18,57,55,65
99,74,79,13,97,3,69,4,18,36
82,9,72,85,1,59,59,35,82,31
2,93,99,86,59,59,39,55,45,18
55,33,8,14,45,85,44,24,5,23
29,81,7,15,69,42,78,7,63,54
22,12,70,40,15,76,48,31,37,10
97,85,53,58,29,10,38,56,87,53
18,17,65,22,17,30,92,60,73,78
92,88,87,13,73,33,1,39,28,68
24,87,32,22,29,74,14,40,8,23
59,17,7,87,41,83,71,15,86,23
75,89,41,14,35,83,13,10,37,57
22,57,41,45,70,14,49,29,50,12
79,76,35,33,40,4,29,96,57,98
83,88,37,70,6,17,10,42,8,1
57,75,67,63,96,96,23,20,37,35
93,65,45,86,2,66,96,21,94,59
20,60,77,19,86,82,87,58,60,64
69,31,26,14,100,97,17,87,8,15
51,7,82,49,64,35,61,9,27,62
24,72,5,91,99,51,95,39,96,20
32,12,13,79,17,46,95,77,89,84
91,9,69,72,31,30,10,40,81,85
58,94,48,68,43,78,63,45,12,87
51,44,42,7,21,1,54,86,40,74
3,28,88,31,22,42,1,71,15,21
40,32,26,76,20,42,4,31,86,75
29,28,77,100,69,76,91,51,92,38
10,41,96,9,81,86,87,30,69,48
70,56,100,74,89,79,88,25,60,100
10,6,49,96,67,21,19,19,100,55
88,70,99,28,4,31,97,67,7,83
11,89,43,64,71,19,47,58,96,96
16,10,33,14,95,83,27,68,56,12
13,85,35,34,84,93,89,80,81,60
12,48,18,18,13,40,86,29,65,73
96,11,68,26,47,78,40,73,54,42
30,77,89,40,98,96,95,26,23,57
79,81,99,46,37,49,85,95,12,8
27,20,4,57,100,9,20,47,14,56
47,54,84,75,63,35,15,56,93,36
27,17,77,48,18,75,98,43,37,81
66,17,93,24,85,81,76,8,92,100
52,39,68,72,68,81,72,22,96,47
76,78,28,40,25,86,59,77,72,94
60,7,90,89,49,3,90,13,3,53
71,31,35,11,17,84,4,70,12,34
10,80,77,29,44,50,18,63,8,46
79,57,77,37,67,73,11,71,88,31
45,26,12,14,36,56,13,37,7,94
86,14,34,15,69,97,66,50,68,91
51,47,46,14,27,64,53,66,31,13
13,56,12,15,62,3,14,1,28,26
20,75,83,96,5,32,18,46,74,45
84,5,97,64,76,28,17,46,100,100
1,56,25,11,99,95,98,15,33,45
33,95,46,34,86,2,68,78,8,25
33,62,56,61,57,25,75,32,48,26
35,72,22,84,81,94,9,42,94,41
30,82,97,87,63,13,91,89,62,72
66,58,22,90,57,34,20,83,31,4
60,73,69,100,22,85,84,75,62,60
22,30,8,41,8,7,71,5,97,19
5,79,1,50,85,25,87,58,82,81
83,77,53,35,89,37,100,59,48,47
49,93,85,4,65,2,9,24,15,62
98,94,54,74,80,46,89,88,81,17
85,63,79,79,84,53,11,85,63,50
88,7,73,50,33,76,9,18,61,14
23,72,65,37,91,7,78,71,2,95
18,27,83,27,87,10,69,4,33,55
76,84,52,32,14,79,26,16,61,19
91,89,55,88,6,64,10,40,94,23
87,19,44,76,52,31,63,88,19,56
20,63,62,92,22,62,32,10,36,70
41,21,13,88,29,4,24,71,60,3
22,58,40,96,88,58,11,50,73,27
4,93,34,45,55,26,61,60,28,38
38,24,56,94,4,31,32,24,30,66
69,1,100,62,60,91,48,98,80,19
12,36,13,100,48,95,69,6,56,85
42,77,15,79,34,31,60,52,100,50
78,80,71,90,21,6,82,70,91,27
21,13,56,72,75,22,70,80,34,23
88,9,13,24,46,36,64,22,73,55
59,79,22,11,88,70,57,47,37,18
39,62,67,1,72,7,49,67,26,77
65,10,80,37,33,5,81,52,65,39
90,89,74,81,26,62,59,71,41,25
36,37,47,42,59,66,39,25,36,13
34,67,96,95,40,32,49,33,97,3
62,12,45,36,17,2,3,82,22,92
84,66,60,79,35,42,30,86,8,88
21,84,56,39,72,25,32,68,53,31
42,33,21,10,53,30,95,83,59,43
28,62,95,38,68,14,28,39,61,64
15,81,42,36,23,46,37,21,51,88
80,84,96,2,45,46,49,59,6,31
78,84,54,30,98,24,65,2,72,39
53,19,67,52,53,18,50,67,83,45
89,18,81,87,51,61,17,97,78,75
46,12,44,40,53,43,42,91,72,13
95,25,93,30,89,49,91,8,73,25
61,39,19,68,1,69,76,79,83,4
53,33,39,11,40,43,46,12,37,78
49,16,67,37,3,32,98,92,97,62
59,27,64,36,11,48,47,56,37,62
73,2,54,29,59,12,91,83,85,4
91,50,14,79,27,30,95,4,70,39
72,18,42,72,40,13,13,67,19,99
45,95,59,84,14,53,88,40,8,98
36,92,98,43,27,26,29,18,21,96
19,17,83,9,51,28,14,28,63,1
34,78,59,84,38,99,10,78,88,68
42,87,85,54,26,31,37,28,89,41
87,5,73,51,21,22,98,58,25,80
34,86,78,45,51,82,25,75,19,44
72,19,53,24,69,76,53,31,34,29
63,85,21,29,86,95,80,48,51,98
53,64,81,47,52,68,60,13,26,33
99,80,63,68,37,6,54,18,93,94
86,92,84,90,79,13,73,57,77,57
70,38,41,1,56,37,16,29,92,26
60,100,98,20,29,5,71,8,86,88
21,11,48,76,74,81,60,73,89,68
31,68,37,19,48,6,88,30,9,7
43,58,86,29,2,10,78,47,44,45
69,83,46,83,60,25,41,42,50,4
28,47,39,65,75,15,40,34,46,9
7,32,63,62,29,82,56,59,86,32
57,35,86,57,81,57,85,5,59,6
45,73,3,83,46,81,52,42,79,82
29,31,80,89,24,37,67,6,20,34
92,76,37,24,56,39,20,78,68,87
57,55,9,76,63,32,88,8,67,93
73,91,4,91,3,38,68,66,89,58
93,81,12,56,71,41,49,45,26,51
71,58,100,84,9,79,44,4,20,63
89,4,96,55,40,95,59,8,79,26
84,7,98,78,86,67,55,18,9,38
65,28,22,55,39,50,3,16,40,14
75,14,3,28,10,18,20,27,21,14
26,92,23,68,42,73,33,69,3,49
16,89,84,77,88,60,91,64,64,82
50,61,66,92,26,42,63,6,65,63
74,31,59,86,79,47,73,96,6,89
66,56,93,30,55,89,46,26,72,3
54,61,11,37,38,8,50,51,69,10
31,96,9,71,2,26,47,1,6,27
20,21,10,98,61,90,95,99,33,91
73,67,28,46,21,87,45,61,18,90
15,71,37,10,62,48,5,13,36,21
38,51,44,30,25,34,84,88,9,67
82,30,89,26,15,37,51,44,45,61
95,42,42,48,77,21,16,58,30,84
8,90,57,61,42,81,64,58,67,40
78,47,43,77,89,74,88,92,12,87
41,16,43,34,9,93,25,43,70,22
7,20,84,88,2,76,16,1,38,41
36,89,26,15,23,32,74,79,98,13
38,2,60,63,92,98,65,60,95,6
1,39,71,3,57,100,34,94,87,47
46,18,38,32,54,35,39,58,10,7
29,53,71,66,58,52,8,14,24,19
43,82,76,17,70,97,88,62,85,43
37,49,95,49,20,14,4,36,2,43
37,75,62,93,93,63,56,11,6,29
32,55,10,32,79,1,37,69,5,37
11,10,64,46,18,1,18,21,69,58
70,1,86,79,94,33,100,45,99,38
65,65,30,70,49,45,86,50,48,84
9,86,90,26,61,35,61,27,87,1
92,40,15,35,54,61,86,33,30,60
92,65,43,28,26,39,12,93,95,67
10,5,79,53,36,31,1,51,99,12
82,67,9,44,3,99,17,100,73,72
5,72,98,42,3,23,67,75,99,52
48,17,55,40,21,85,93,26,56,24
95,93,45,10,21,43,33,79,81,35
76,3,53,1,16,56,84,90,62,55
56,3,46,87,33,43,53,2,70,43
26,50,36,92,100,90,22,100,45,64
19,59,96,83,74,15,69,4,63,69
12,49,85,88,100,57,87,36,16,53
80,20,1,41,76,39,21,12,72,96
75,100,56,86,99,76,15,3,28,7
91,44,36,93,55,80,74,12,40,18
40,89,43,95,33,38,68,5,54,5
30,12,52,3,78,29,31,42,12,20
51,69,58,81,14,41,31,89,5,81
84,1,60,85,65,16,17,61,82,30
62,86,96,26,46,56,25,59,87,41
15,17,7,16,62,81,69,82,64,28
49,53,86,20,57,91,21,21,15,43
19,34,50,62,57,14,1,22,25,52
94,8,54,86,44,83,100,92,9,76
4,94,57,71,74,57,14,34,59,20
48,76,31,71,25,73,4,39,15,22
93,9,74,19,44,43,81,2,68,30
9,95,20,38,50,89,9,14,46,65
82,57,35,9,85,75,100,88,14,13
89,36,46,22,35,34,55,73,15,96
6,44,98,40,65,85,92,86,10,29
46,59,46,52,19,17,49,51,66,38
53,36,96,31,73,52,55,75,94,61
55,65,72,27,99,28,76,69,84,2
76,52,16,4,35,59,3,59,90,39
72,92,55,92,65,96,42,26,7,73
57,96,86,37,33,17,88,30,5,67
99,46,14,46,31,83,51,38,59,7
67,2,42,42,64,2,6,94,33,85
47,69,62,66,100,62,13,76,52,33
3,76,29,37,58,46,9,67,77,43
68,88,29,16,67,14,45,92,5,44
62,74,82,93,56,95,96,94,58,38
40,26,86,11,28,9,50,50,83,66
82,67,71,80,78,48,75,53,51,9
30,30,10,80,83,44,24,42,89,81
12,43,44,8,52,49,11,89,92,9
99,45,91,53,20,42,19,85,91,22
81,30,35,28,44,65,63,37,17,52
80,16,56,52,9,33,53,41,78,28
68,86,36,34,98,1,28,67,17,22
84,21,71,66,89,68,71,63,20,42
5,58,96,33,40,6,74,60,57,87
49,81,62,43,59,94,59,32,64,24
89,27,94,86,100,29,68,20,82,38
12,62,79,15,20,38,4,82,98,56
89,18,85,80,72,24,99,38,92,69
95,33,6,66,43,52,13,69,76,78
94,100,71,17,27,15,19,68,78,65
24,30,45,19,15,45,81,95,13,44
24,30,72,44,61,1,20,15,76,8
29,18,74,53,100,22,100,73,48,75
82,20,26,4,28,93,46,91,34,45
38,77,71,97,20,28,88,57,25,34
14,64,3,84,59,78,53,19,23,39
99,77,90,78,43,63,34,80,58,13
73,59,59,87,39,46,55,33,95,48
91,79,93,33,53,86,78,3,95,86
28,63,53,96,45,88,47,42,54,77
70,30,33,2,47,71,44,6,93,87
100,83,53,43,50,9,93,35,75,100
91,6,66,18,38,12,70,24,88,80
9,38,100,3,84,37,49,30,28,75
23,14,64,45,78,87,71,71,82,2
98,11,20,6,30,16,73,84,26,79
100,19,60,40,54,95,72,11,4,86
20,31,61,84,69,89,48,46,97,79
19,98,47,60,85,81,30,33,6,33
23,45,45,26,25,14,70,67,14,53
100,55,17,46,21,49,68,12,16,47
99,70,44,11,60,64,14,96,61,71
78,24,39,65,24,10,55,10,77,69
53,54,48,76,54,95,47,8,60,19
27,54,62,15,9,9,71,82,98,49
32,92,60,44,5,31,18,44,67,30
63,92,21,37,92,6,19,36,42,60
1,75,46,45,59,36,68,95,43,81
98,11,52,99,1,7,6,72,45,26
16,30,49,60,70,22,91,82,15,53
53,18,11,80,30,62,49,13,36,28
22,41,27,92,60,48,57,76,98,42
72,38,4,41,25,25,22,32,2,69
84,42,78,84,46,1,30,22,1,26
25,2,76,61,77,53,54,4,1,17
89,35,66,51,84,41,90,30,46,44
33,53,41,50,28,42,65,76,36,42
31,74,7,12,28,47,56,94,45,83
65,30,33,79,56,28,29,72,62,77
97,10,3,48,95,45,57,28,90,99
22,92,48,88,20,7,59,97,8,48
80,50,84,67,92,23,29,17,68,59
80,17,13,6,74,23,10,3,38,77
59,21,5,6,47,53,29,79,23,90
34,26,98,27,78,22,61,10,81,51
6,50,59,21,59,17,55,63,80,94
80,83,2,65,14,13,18,49,8,89
28,86,100,94,19,51,69,3,67,28
43,66,34,74,28,81,87,31,23,32
58,54,1,76,85,14,35,24,86,55
11,56,74,91,57,29,15,53,4,8
61,29,39,10,14,85,81,9,78,39
2,42,32,95,47,25,45,62,61,58
30,96,93,73,67,71,42,36,7,23
66,61,43,63,31,87,35,90,52,25
60,73,91,13,82,95,16,1,41,64
44,75,1,21,18,36,63,2,6,85
79,99,45,92,88,34,68,79,77,10
43,13,22,32,3,10,36,85,47,59
69,34,93,47,65,39,76,17,72,96
33,32,22,29,6,15,37,70,10,34
8,55,79,52,45,45,39,1,97,90
100,53,75,11,49,40,9,82,87,41
81,55,63,2,37,26,93,22,27,86
31,54,61,60,90,36,5,13,37,20
81,50,58,82,71,43,46,51,25,86
44,12,59,7,8,58,72,60,21,60
42,61,75,61,74,25,66,45,60,18
22,63,74,23,22,5,95,97,52,23
73,25,82,30,57,41,87,98,53,43
87,6,95,64,75,27,34,16,52,35
42,73,48,84,13,35,18,14,96,72
73,59,75,97,98,4,63,48,88,45
11,54,37,45,60,71,12,16,81,73
52,32,92,43,19,72,92,2,43,39
62,81,19,100,66,96,94,39,85,70
59,27,8,86,41,2,55,44,88,81
67,74,86,1,76,78,6,75,82,52
89,62,61,52,9,7,68,30,88,52
48,95,40,17,72,66,100,96,5,71
14,88,46,94,94,97,72,39,85,17
52,26,18,6,11,56,25,98,56,93
49,40,78,22,25,72,93,19,32,21
55,15,100,33,40,81,48,12,55,30
75,12,73,23,93,98,36,11,40,98
70,45,65,100,7,58,62,49,83,13
92,8,24,6,51,15,92,50,11,38
22,99,93,13,23,98,17,45,98,5
44,15,36,2,91,97,32,99,65,76
91,54,5,25,11,68,43,65,6,23
53,40,99,68,16,12,39,51,41,22
5,22,21,55,46,41,54,3,100,6
41,62,88,72,73,2,18,74,86,77
31,66,14,98,6,7,65,70,9,73
75,99,80,87,59,68,41,33,94,8
91,92,43,16,66,41,41,86,79,17
95,27,25,5,6,68,41,59,13,29
35,56,11,21,57,12,9,83,29,59
14,22,13,12,19,35,45,70,71,42
99,87,77,18,54,82,65,41,67,51
82,34,60,34,35,61,31,73,68,65
51,54,2,85,95,80,91,51,66,16
1,16,94,89,6,29,54,50,22,37
58,63,52,97,22,72,49,68,93,11
84,80,25,68,97,71,24,82,85,95
82,76,73,82,85,39,66,92,73,98
31,21,93,20,50,75,79,36,89,13
65,64,100,26,73,11,68,41,83,20
94,52,35,90,32,46,82,76,45,94
74,16,30,70,60,82,68,9,17,60
96,73,96,41,12,59,20,34,88,28
73,4,79,42,18,51,63,96,45,66
22,62,65,14,9,91,2,23,11,68
77,88,80,81,94,94,81,76,83,79
94,26,55,8,62,18,43,22,59,44
64,18,55,86,41,49,19,89,31,50
77,29,99,68,72,71,74,97,19,15
90,14,70,11,69,3,7,45,43,84
20,44,51,37,69,23,69,92,18,62
66,14,58,45,15,18,35,81,83,26
6,28,52,66,77,8,34,78,61,33
65,61,1,30,67,32,57,92,62,10
15,6,40,89,85,14,64,89,83,54
45,4,91,85,40,33,14,60,37,95
27,35,66,37,15,100,30,83,85,21
10,13,73,16,36,62,85,3,87,26
29,98,15,21,3,53,57,71,74,91
75,21,48,6,42,24,11,34,97,78
93,58,77,83,18,33,29,30,32,23
47,58,93,81,62,5,61,1,46,72
33,80,44,33,59,24,91,46,14,6
29,47,66,9,73,28,26,87,100,29
15,48,88,43,59,43,85,86,96,62
98,54,30,28,100,3,97,55,89,73
100,92,31,91,70,91,6,38,23,9
5,67,73,43,38,44,90,45,48,59
54,72,89,35,14,75,42,79,23,48
4,38,10,17,89,6,21,96,9,55
25,81,15,95,22,16,18,64,54,37
28,24,48,80,69,12,81,71,79,43
72,38,59,81,65,39,45,65,45,93
64,66,74,48,5,15,43,93,82,75
76,83,86,2,77,19,18,2,58,40
67,12,55,38,79,69,27,71,18,97
85,47,10,91,13,83,41,36,8,75
94,58,82,4,75,42,21,22,75,65
86,55,93,30,50,19,66,25,89,40
59,1,64,17,9,48,5,91,81,96
45,54,2,52,72,5,29,97,17,48
24,30,63,9,67,5,16,57,30,36
74,54,75,71,20,86,85,30,100,68
38,82,66,98,63,46,23,59,95,19
20,82,21,16,15,92,27,52,46,15
4,58,96,1,78,38,29,11,98,41
14,87,99,30,57,38,61,76,32,52
90,69,60,21,66,91,66,29,99,89
23,70,59,5,91,86,96,24,75,1
19,29,94,32,42,44,19,44,95,77
69,41,26,77,55,5,74,71,62,65
29,92,20,5,73,88,74,4,36,66
1,8,96,35,66,68,15,26,99,46
60,75,74,44,100,79,57,69,95,99
10,35,98,49,69,79,9,58,30,86
20,46,16,18,53,23,8,18,68,28
42,16,38,5,47,54,59,32,73,98
51,24,62,66,10,62,33,30,65,71
29,80,17,19,80,56,94,81,53,35
69,77,2,66,77,74,15,47,48,68
15,31,5,78,40,26,68,13,12,44
75,80,98,10,19,20,59,88,46,36
63,12,8,5,73,65,82,28,43,46
66,9,3,39,64,97,5,28,88,93
60,20,48,14,33,62,67,15,64,44
89,25,59,21,73,31,88,34,33,19
35,81,62,25,93,60,55,64,4,52
51,23,51,1,1,56,60,59,85,88
99,12,6,71,17,39,49,92,45,70
62,58,29,41,22,22,91,26,58,3
48,83,98,50,59,37,91,44,82,4
72,59,27,23,93,100,46,95,6,12
60,92,79,4,17,13,76,55,48,29
52,3,83,67,24,60,19,20,95,66
3,55,75,63,70,57,59,5,84,17
43,98,13,29,46,22,73,83,17,55
39,99,21,61,83,4,96,16,88,72
80,63,42,85,90,47,64,54,76,29
43,83,67,66,42,75,94,76,6,56
19,99,51,61,52,80,90,7,40,62
82,45,49,69,84,77,97,72,66,32
50,20,76,43,13,58,56,13,31,47
99,47,95,88,80,31,33,83,70,22
65,14,74,18,74,52,36,7,72,86
96,7,52,3,53,7,91,66,15,2
61,92,87,42,67,19,50,6,28,74
60,24,92,3,18,96,12,33,46,16
56,96,99,77,8,60,10,34,97,30
68,93,84,61,99,57,17,41,76,84
10,4,40,31,95,62,40,11,93,55
100,41,19,69,6,10,71,12,33,58
35,99,99,22,74,44,92,30,62,85
63,17,67,91,83,98,64,89,70,85
62,12,85,32,72,3,73,54,60,38
55,40,60,46,74,53,77,10,74,19
60,9,26,99,73,6,80,64,90,5
83,86,58,30,48,83,28,87,36,76
52,86,98,12,40,17,36,11,29,41
20,44,86,33,32,3,45,54,31,40
38,3,16,27,74,58,92,65,62,50
89,78,35,49,30,1,2,99,85,99
55,4,73,59,78,55,52,78,29,44
27,59,83,41,15,70,19,34,77,76
56,57,59,94,86,34,2,28,67,59
23,51,75,34,1,32,45,71,91,95
100,12,89,83,60,19,1,67,58,24
9,31,93,65,52,64,33,95,64,8
85,14,73,58,97,10,77,11,46,100
77,96,58,58,13,76,83,47,82,93
86,51,100,96,29,7,71,19,38,32
77,38,51,52,56,34,39,53,47,84
93,12,76,42,56,62,85,84,90,64
38,11,30,86,7,95,14,55,72,99
53,11,20,83,33,60,17,87,85,98
40,14,34,6,57,40,29,21,74,61
49,50,57,86,51,9,94,5,13,76
25,68,64,33,52,84,82,64,63,35
26,41,37,86,21,45,56,21,71,79
15,96,24,58,28,26,100,51,11,9
46,19,84,68,96,70,26,48,82,22
98,61,45,100,92,89,42,79,21,37
5,68,19,60,26,80,22,80,11,75
68,97,88,76,4,38,42,28,94,38
63,94,7,6,32,48,88,44,10,35
53,67,71,89,6,55,46,36,88,94
61,31,68,87,32,100,77,36,73,99
61,58,94,96,45,41,38,69,49,73
32,50,41,60,10,43,43,32,25,30
7,87,84,3,2,66,59,95,12,40
61,80,1,11,85,79,74,77,62,61
30,63,61,47,94,50,46,77,37,75
13,43,53,78,12,25,4,2,64,95
99,22,85,27,93,17,15,87,84,38
22,34,41,13,92,87,47,86,95,94
74,30,3,12,18,61,44,5,11,76
100,97,7,41,68,3,96,75,63,85
42,10,100,28,42,44,8,90,98,4
38,22,10,11,80,76,40,45,92,60
71,47,11,35,55,76,7,94,65,80
14,59,8,25,5,18,4,10,39,48
92,73,9,10,3,69,89,35,28,63
32,74,84,53,61,3,50,57,6,23
25,85,3,38,85,45,52,21,16,86
56,6,47,83,21,50,94,3,19,49
60,34,15,20,74,73,20,54,35,54
96,92,15,27,83,21,25,34,60,99
83,47,25,48,75,12,79,5,61,89
84,12,57,23,93,61,24,84,95,79
13,90,63,36,78,82,30,85,34,73
82,99,56,37,13,98,92,63,57,50
38,55,69,8,72,42,77,2,3,100
46,2,66,4,2,87,59,99,97,1
86,97,29,49,17,30,64,57,56,42
64,20,7,80,10,68,38,81,69,50
41,92,61,93,75,25,32,2,45,95
69,9,2,58,94,20,38,18,91,35
78,15,72,8,62,65,8,59,100,77
70,44,11,78,5,56,25,80,40,94
84,75,85,48,94,91,2,32,7,7
10,39,59,45,66,62,58,30,13,50
29,25,39,68,47,72,65,22,99,30
57,29,48,30,73,6,94,42,46,96
51,66,44,19,68,87,71,97,60,60
52,66,22,74,39,15,27,21,26,54
91,38,51,73,92,26,19,65,28,42
29,2,84,71,77,83,2,38,33,49
35,4,16,50,5,64,2,60,96,58
68,9,10,94,45,39,42,84,79,36
7,26,75,67,60,95,47,71,96,52
81,70,32,55,82,29,56,53,60,67
49,74,81,89,41,39,16,64,11,72
9,38,59,64,56,11,86,96,72,67
9,75,37,20,55,55,28,46,33,8
31,94,89,13,64,66,18,92,92,77
44,64,19,46,86,32,24,58,65,8
41,25,89,64,56,54,31,5,35,48
23,70,43,96,56,38,30,94,40,15
2,47,14,27,30,18,65,19,23,45
7,16,33,64,28,48,53,81,99,77
63,43,21,94,63,86,15,64,45,95
57,38,19,29,37,76,85,30,10,41
79,2,75,6,88,97,86,48,78,63
3,87,23,55,80,83,50,35,34,75
51,99,33,69,3,79,48,75,3,54
63,92,82,19,53,74,6,45,89,96
37,17,78,88,90,65,95,34,24,2
58,17,35,56,25,39,60,41,39,2
92,58,22,28,33,24,97,24,92,38
84,60,55,74,55,60,8,6,56,65
63,52,3,9,5,35,26,88,84,53
6,99,68,34,2,55,55,32,94,17
53,29,84,8,63,30,94,97,38,34
66,14,33,71,30,41,14,69,24,47
10,86,6,63,19,95,50,41,44,5
68,61,69,40,75,42,31,59,46,60
23,92,18,86,32,4,86,23,28,17
98,51,11,80,42,8,40,49,14,29
78,64,25,12,79,78,93,14,57,10
27,43,96,47,84,1,50,11,32,100
18,99,62,62,70,67,34,40,20,17
4,89,59,13,96,90,14,93,15,85
76,1,68,4,75,18,95,29,46,27
58,80,10,24,26,18,19,23,30,49
75,29,76,58,30,50,67,71,76,33
24,50,60,70,85,61,86,24,34,51
25,2,46,43,42,23,6,44,50,5
25,69,66,52,42,22,100,50,58,40
49,59,48,66,47,17,73,60,11,93
67,70,65,71,4,84,20,52,17,14
62,76,84,13,56,5,100,13,83,18
4,95,5,82,85,40,50,34,80,100
11,66,14,80,94,86,22,51,77,5
42,16,70,66,70,37,69,62,86,16
90,12,9,27,54,61,95,15,48,83
18,96,9,8,89,100,28,30,8,12
30,24,20,58,10,28,85,39,9,6
19,30,55,36,78,88,20,60,53,23
75,36,41,53,59,61,76,62,95,44
70,38,57,95,65,79,33,39,8,12
88,56,56,55,91,27,41,87,98,22
77,93,13,68,17,86,74,13,33,58
38,57,44,36,51,26,48,34,62,83
5,51,5,30,33,64,9,15,40,4
99,28,94,35,52,82,50,74,87,60
14,45,31,34,68,35,95,40,27,59
93,85,42,66,34,82,66,53,57,58
74,51,39,64,98,63,14,36,52,73
51,96,73,22,15,44,32,13,14,56
53,14,42,20,7,72,39,73,77,63
37,12,10,48,27,15,11,29,12,17
25,73,84,95,58,15,94,19,13,53
50,19,69,64,50,34,4,41,63,93
39,57,12,64,44,45,50,14,50,61
50,32,65,9,27,99,31,33,27,83
65,71,45,32,4,2,24,36,61,84
65,59,73,53,69,40,70,19,85,72
94,84,47,13,97,29,93,31,91,51
96,64,57,61,8,100,96,24,5,27
38,22,9,24,11,43,36,84,5,28
23,83,13,96,77,98,97,22,1,34
20,6,5,98,99,58,82,36,32,15
37,14,17,48,11,67,99,59,91,80
42,16,13,18,73,36,1,52,84,60
84,95,64,72,86,12,77,14,55,45
94,98,22,16,11,83,41,9,94,9
38,46,9,37,26,74,74,84,38,60
17,26,6,53,79,66,82,87,18,100
2,91,60,33,14,86,89,10,60,30
5,75,41,20,36,89,61,61,3,73
36,89,37,40,87,38,29,11,59,78
10,58,18,49,9,51,3,18,1,12
50,48,6,73,81,37,60,56,65,65
37,33,72,35,21,61,100,33,87,82
65,66,51,28,79,13,3,6,16,55
47,10,35,77,81,43,39,43,68,12
71,15,10,77,52,18,62,6,89,85
39,69,91,87,72,17,69,37,30,16
39,15,38,97,100,75,53,12,36,49
53,76,88,74,67,42,72,59,32,25
36,89,7,4,3,70,60,48,47,87
73,35,36,48,8,13,48,59,91,49
56,3,40,86,81,79,49,63,47,40
97,97,30,68,44,1,71,20,24,91
25,22,78,58,93,49,13,39,86,96
53,37,73,5,49,75,68,71,60,82
83,30,54,93,40,75,93,94,69,46
59,22,95,39,13,12,37,32,87,15
80,61,49,79,4,23,77,15,89,8
70,94,51,60,8,35,33,52,61,81
61,26,99,53,98,89,67,99,79,80
11,12,44,69,68,82,25,43,4,62
72,49,65,7,63,41,100,46,13,19
89,40,52,74,33,44,46,34,56,36
35,38,47,11,7,5,87,54,48,19
59,12,92,64,21,54,43,59,3,79
90,54,16,39,38,81,52,19,61,86
96,27,8,15,37,79,15,30,92,10
32,66,44,47,10,77,99,93,72,49
72,44,13,11,55,48,10,75,22,88
36,61,32,19,12,44,50,42,90,82
18,80,46,40,41,68,4,51,70,100
14,8,16,45,85,78,11,75,85,99
24,78,60,25,95,13,36,10,32,43
95,30,16,30,98,67,30,35,34,91
89,73,22,87,22,85,97,91,74,3
15,4,30,87,23,81,57,100,35,81
51,50,65,89,23,51,58,87,80,31
97,30,44,88,53,52,72,84,5,9
6,45,92,68,11,3,4,59,83,89
70,53,81,90,57,45,31,23,48,74
96,88,55,98,8,42,28,32,67,49
1,36,44,73,17,93,85,6,29,19
68,35,51,56,60,71,41,100,11,62
59,51,23,26,30,93,48,70,9,90
51,19,14,38,22,39,95,24,100,88
55,56,36,77,9,15,37,7,14,48
5,66,86,100,82,29,57,20,58,86
24,47,12,82,43,8,17,18,66,7
37,98,42,63,93,83,35,72,6,16
25,3,2,85,63,36,34,91,88,41
93,77,89,59,16,97,14,56,17,20
41,79,20,22,74,12,61,23,77,12
44,94,73,31,1,74,94,28,38,86
15,74,10,36,93,20,67,36,56,88
25,80,81,100,33,43,2,76,51,11
92,37,34,83,26,83,4,32,97,21
63,17,46,46,30,41,88,64,82,68
18,38,68,95,53,14,64,21,10,64
64,1,1,33,88,47,50,90,30,88
45,43,37,41,5,66,9,4,85,21
86,1,24,76,98,63,25,59,49,57
87,70,26,16,13,77,45,60,56,38
48,43,10,92,59,3,32,47,68,62
38,84,63,1,77,28,39,71,44,99
19,44,38,60,95,98,31,93,62,100
85,64,65,57,98,35,76,40,86,84
100,81,55,20,17,75,51,34,49,10
59,12,42,91,53,78,95,66,51,61
75,9,9,37,20,18,99,94,32,3
68,77,49,74,40,74,36,39,95,37
27,33,80,50,30,63,6,18,81,10
73,48,41,73,68,94,73,33,26,43
71,50,11,37,32,20,91,95,53,45
94,18,17,85,49,59,69,84,78,31
23,5,18,80,81,60,63,1,95,66
16,89,59,29,30,42,8,13,96,85
2,74,46,89,26,45,91,1,58,27
100,96,62,84,89,5,35,9,17,58
98,17,42,72,32,91,23,23,6,89
2,59,15,49,87,52,100,43,92,87
97,26,28,50,96,92,37,3,28,18
56,93,20,96,6,61,5,16,10,60
82,17,29,65,99,67,89,23,42,26
21,24,87,58,51,23,82,58,79,41
97,46,38,90,15,36,97,54,60,89
37,6,45,63,25,73,39,57,44,87
15,93,26,6,32,9,85,99,98,13
69,1,57,14,99,71,11,83,60,10
60,17,67,1,24,59,32,84,86,35
65,8,27,69,79,81,47,29,91,69
81,22,3,34,67,56,22,37,79,88
20,65,43,97,31,100,98,96,96,19
82,91,54,70,1,63,10,18,21,50
56,75,54,20,13,16,37,94,22,89
89,66,91,99,78,74,2,42,74,100
84,31,74,7,82,9,68,35,27,36
51,43,90,4,17,46,89,16,24,11
21,23,73,70,79,95,77,75,57,46
11,89,74,53,62,87,14,37,89,35
40,53,95,10,59,2,76,80,53,11
15,72,8,62,61,94,78,50,91,52
52,63,84,18,22,22,16,29,24,82
2,59,81,43,30,41,8,97,75,30
56,86,40,76,82,77,10,62,49,94
50,52,9,56,13,52,58,30,11,6
68,86,5,1,91,89,12,30,33,19
82,63,71,53,1,34,92,27,91,2
72,54,95,11,13,18,58,79,42,28
33,9,24,8,96,54,41,46,44,92
64,74,52,54,27,78,23,35,3,21
41,73,54,37,85,29,6,51,70,26
73,80,77,99,64,30,17,87,74,85
29,14,51,74,54,78,10,84,31,60
40,85,65,43,34,62,58,62,26,56
55,35,4,49,86,15,59,19,79,99
47,92,88,36,50,65,58,29,73,64
79,13,19,95,29,96,45,57,57,90
6,4,2,21,75,49,71,95,69,88
65,39,34,51,61,67,13,52,29,36
49,34,67,64,96,2,68,70,3,93
63,49,80,2,1,91,58,86,63,49
91,12,83,71,31,7,84,36,26,97
13,77,95,66,72,34,3,55,55,63
11,44,90,30,90,10,28,73,22,83
18,51,76,42,5,87,20,52,56,25
51,4,40,39,72,37,45,94,79,19
48,53,42,80,60,32,68,5,69,13
80,84,94,19,76,7,40,96,10,39
48,69,74,67,60,46,91,35,81,87
24,89,79,86,24,81,29,75,91,84
1,38,36,23,24,42,62,100,68,15
45,7,66,56,18,60,50,92,59,18
41,97,42,53,4,99,69,62,7,47
92,63,9,60,14,92,26,42,80,71
82,70,74,12,46,73,30,23,49,76
13,88,28,8,37,33,54,67,15,53
43,31,91,72,58,69,85,32,35,50
25,70,81,83,45,59,40,16,85,76
18,59,36,70,25,89,57,24,50,61
39,50,21,50,28,32,19,77,73,70
73,35,52,1,54,90,31,80,65,68
79,78,49,52,67,74,62,15,53,83
10,22,20,56,65,54,21,91,10,31
44,82,77,61,10,12,68,60,35,53
78,96,19,89,46,29,72,37,5,71
97,11,9,77,59,68,75,31,72,95
34,73,79,9,50,100,59,36,78,63
93,24,57,21,22,45,85,92,83,48
76,22,4,61,27,77,12,6,33,57
6,30,20,78,32,26,4,49,76,57
42,11,59,9,56,49,42,22,65,52
95,62,65,58,70,81,71,96,65,61
28,21,46,35,11,66,21,9,86,85
45,6,86,49,30,69,49,66,9,88
99,27,6,66,10,17,65,5,1,83
82,88,100,91,95,72,47,36,55,84
80,19,92,93,23,80,81,79,42,34
29,96,5,55,36,24,75,48,85,20
63,13,51,5,50,40,16,93,2,59
39,59,90,36,22,31,86,90,63,36
65,23,79,13,73,64,1,22,15,35
66,50,93,69,82,84,77,56,87,62
59,76,66,23,47,3,79,80,50,66
17,91,79,6,93,67,37,20,90,52
48,5,79,76,7,33,70,7,30,71
50,95,65,67,34,47,1,85,47,57
66,9,86,27,58,97,11,5,58,60
32,42,63,65,22,25,37,3,82,84
61,88,53,80,59,19,20,67,81,28
23,78,74,15,63,96,95,68,44,51
32,73,20,32,82,71,8,29,44,60
59,54,35,77,99,41,51,84,16,98
38,48,80,75,70,90,5,28,45,40
85,18,39,16,32,10,68,14,15,12
100,50,64,86,10,23,49,18,75,86
18,45,52,19,98,66,4,55,65,100
64,67,9,25,53,10,53,53,75,29
40,25,78,82,52,3,62,7,44,91
77,38,73,72,28,74,92,24,36,99
9,76,64,62,84,92,96,99,32,50
39,27,47,26,35,60,28,31,98,83
44,29,25,3,9,4,80,100,66,82
53,9,39,83,79,47,91,77,53,36
52,42,73,91,15,23,23,81,10,17
84,84,22,1,26,13,66,68,51,37
87,32,2,8,42,12,91,72,86,76
56,68,30,67,29,100,81,89,29,7
5,48,42,94,98,41,74,67,9,4
27,79,95,43,66,26,8,18,3,87
32,71,2,82,68,21,35,27,91,35
86,17,84,41,99,38,40,44,16,18
60,23,75,11,22,32,29,80,35,72
58,83,81,13,17,99,89,56,31,2
84,34,9,74,4,79,13,23,75,44
79,74,85,47,26,92,87,32,3,19
94,54,86,85,19,57,34,88,29,67
91,31,27,44,81,13,42,87,35,79
67,94,19,44,38,82,28,67,75,79
20,13,57,73,20,71,23,34,70,22
73,77,21,46,90,10,24,91,60,91
13,53,17,45,22,58,79,30,22,30
65,28,60,65,95,31,17,52,29,68
98,88,19,58,88,19,74,38,1,61
53,2,33,21,67,4,58,76,90,89
52,73,23,19,73,99,44,63,41,87
46,62,66,80,50,78,14,84,64,8
71,75,43,11,66,69,79,70,72,19
34,98,26,26,48,92,16,7,4,98
5,2,100,82,12,77,19,60,15,96
16,39,59,15,84,42,96,32,13,79
30,67,11,55,23,26,81,84,23,90
72,37,37,86,95,27,6,14,17,37
63,36,44,43,40,57,4,45,28,79
10,68,32,70,27,59,64,36,82,39
82,32,20,26,80,1,30,34,9,87
49,41,8,2,3,54,67,46,85,32
71,18,69,47,39,7,35,4,99,12
75,47,32,12,22,95,87,35,90,6
79,78,14,98,3,27,37,99,18,1
82,92,92,51,99,43,65,93,91,18
72,90,99,49,45,49,47,92,74,19
60,53,62,66,98,92,21,96,99,9
72,76,10,84,51,89,18,12,72,85
89,95,34,29,45,87,76,52,33,69
80,31,53,16,48,8,14,79,73,96
14,78,47,20,26,23,100,6,32,85
61,11,75,15,19,56,39,23,7,62
96,95,30,80,80,34,51,60,68,93
100,69,65,53,81,41,1,81,46,60
2,20,47,57,55,90,39,31,99,97
59,19,42,65,90,72,81,25,33,24
23,11,12,58,66,86,43,82,92,61
36,92,38,84,27,41,92,87,73,27
66,32,42,98,9,99,79,60,79,40
41,64,3,42,48,16,27,39,88,87
42,15,91,66,43,42,45,46,27,47
98,64,93,82,11,2,77,35,60,68
34,25,3,6,47,91,60,97,1,74
61,29,79,74,30,52,76,49,66,61
43,94,50,72,51,79,91,47,74,45
41,80,23,99,36,9,62,2,27,20
90,16,33,53,31,68,5,94,62,10
13,42,14,54,55,91,67,3,69,60
9,89,80,24,46,58,60,97,100,73
95,24,77,76,38,51,10,21,96,86
62,19,87,5,15,75,44,70,75,61
45,79,93,13,67,18,59,53,61,61
9,15,46,75,31,44,14,79,6,72
83,54,4,61,97,79,12,57,55,71
97,66,79,21,95,4,13,47,51,95
91,69,77,22,17,29,75,70,64,28
97,43,23,50,11,80,60,75,87,54
41,55,28,51,31,70,11,2,20,27
51,59,93,24,80,72,70,29,73,25
57,18,24,54,98,67,94,18,69,4
62,55,49,21,66,38,40,74,37,92
82,54,99,13,4,94,4,19,27,40
40,47,64,82,69,19,38,39,26,7
2,97,69,97,84,39,30,32,76,89
84,10,13,33,63,71,76,47,50,62
29,13,59,70,10,5,68,58,96,38
68,37,49,4,36,30,56,64,84,85
9,9,73,89,84,56,39,90,50,32
29,39,64,61,53,9,88,55,32,47
58,5,64,21,55,2,60,8,98,5
15,86,92,13,30,88,46,44,94,28
57,73,55,14,49,61,58,60,91,31
61,3,55,8,4,87,26,40,63,99
74,29,44,93,98,33,89,39,71,53
37,84,96,75,22,41,79,98,4,66
46,92,17,53,1,92,32,48,27,83
40,76,9,79,94,13,44,97,90,12
24,84,17,17,83,50,37,85,18,81
100,9,30,13,5,80,32,18,86,91
44,8,31,53,17,39,52,85,14,57
45,90,92,31,56,47,18,87,89,67
99,17,16,11,97,68,77,76,9,58
6,28,86,43,9,2,76,76,98,89
60,50,5,74,63,3,6,5,68,40
82,10,13,11,9,99,54,93,66,30
70,17,37,35,38,39,40,89,58,100
95,23,70,40,53,91,47,19,54,89
2,69,20,94,86,35,23,35,100,82
62,45,63,20,53,97,16,3,28,31
17,67,16,79,70,40,41,8,49,45
66,43,97,88,85,12,31,67,39,97
16,21,27,27,17,19,76,40,76,49
62,24,1,35,9,31,71,55,96,55
70,36,98,94,81,100,93,44,43,23
46,47,21,69,41,99,82,52,99,61
77,100,97,44,64,80,8,75,64,51
18,41,51,53,11,55,74,95,21,22
36,47,93,5,62,93,31,1,4,49
2,56,35,90,11,50,1,2,7,15
74,35,92,70,24,3,69,6,32,8
66,91,89,1,81,33,3,78,82,100
53,7,43,54,61,20,73,31,8,78
37,26,83,43,17,13,46,13,38,51
19,55,70,99,68,48,77,12,72,40
100,19,16,47,14,59,17,78,92,58
93,17,99,52,26,84,17,9,13,64
9,79,56,93,99,17,54,67,76,58
90,15,40,71,55,13,54,21,48,33
4,1,52,91,56,87,55,49,8,39
49,82,80,15,37,15,41,52,78,93
91,87,6,14,88,25,81,76,71,28
1,41,7,63,33,14,66,67,27,7
80,78,68,15,89,69,47,98,94,4
8,32,100,15,42,50,100,82,28,47
60,43,78,48,6,38,28,41,71,79
70,74,71,78,89,15,24,98,98,21
69,72,61,11,20,2,37,18,8,54
91,2,87,38,84,43,15,27,75,13
73,6,39,88,51,90,50,74,25,47
22,16,36,1,11,28,69,7,51,31
64,60,68,35,19,78,73,82,23,69
45,43,71,24,96,30,56,99,80,64
8,37,26,71,66,45,58,35,68,20
23,92,99,70,2,62,57,68,91,22
86,54,99,91,74,63,58,45,81,45
20,16,42,61,77,26,71,44,39,56
14,46,42,72,58,56,1,23,31,50
32,83,56,10,14,56,89,5,37,6
44,37,74,43,17,41,95,11,70,21
61,16,100,47,53,71,25,84,97,89
42,61,25,69,8,94,47,34,42,18
33,79,82,13,87,11,34,93,14,53
13,44,32,75,80,73,58,10,30,13
38,58,65,13,62,14,96,35,13,71
8,22,2,67,14,29,76,44,50,52
56,64,55,40,96,50,100,19,30,23
34,21,69,10,66,69,85,86,50,5
95,94,99,14,47,84,77,87,50,48
82,3,53,25,58,12,41,59,25,46
26,79,92,13,63,57,96,7,49,97
73,11,6,92,55,91,13,40,46,36
47,87,33,52,81,62,88,37,84,53
53,23,9,44,85,30,52,83,77,5
88,57,95,18,22,75,44,23,6,29
67,50,32,66,44,17,93,70,59,31
35,81,83,57,16,70,98,70,69,69
32,13,39,83,39,5,24,71,31,84
38,64,17,57,87,28,22,73,25,36
16,94,67,1,88,24,47,54,54,100
45,88,89,20,51,94,14,51,37,23
8,95,83,24,8,40,68,99,46,57
41,41,88,35,48,60,71,84,44,99
40,23,84,45,90,51,66,83,16,30
28,18,64,19,86,36,87,10,97,39
35,77,39,62,72,20,10,38,14,56
37,12,30,88,94,65,68,57,11,24
96,39,86,4,29,83,18,50,87,100
22,56,64,83,63,34,66,2,97,84
61,15,91,55,81,4,6,45,40,15
80,34,8,52,40,94,80,45,32,1
54,1,54,59,29,34,26,96,61,65
79,64,17,87,72,17,24,25,12,67
25,65,52,85,20,19,59,51,29,4
67,59,38,28,45,19,10,18,41,24
20,77,17,92,96,84,50,76,69,29
79,1,96,63,1,78,21,64,77,95
49,48,57,12,37,89,66,99,70,39
43,11,9,92,58,8,39,95,9,70
18,10,47,80,14,98,22,11,39,79
82,69,22,29,9,81,59,24,32,36
93,81,47,10,32,28,80,77,44,93
81,49,46,22,79,40,29,56,3,81
83,9,85,58,61,94,83,30,84,33
85,85,61,47,67,68,17,29,6,45
50,90,55,59,28,60,84,50,49,54
88,87,100,37,97,48,70,17,84,43
92,90,25,37,18,100,99,55,93,30
67,93,84,70,4,69,21,4,57,96
69,53,41,94,23,27,87,81,7,62
8,99,29,79,77,58,74,4,50,21
36,2,60,16,31,87,71,45,79,68
78,24,18,62,44,36,38,96,67,32
6,80,97,54,54,14,20,30,68,80
20,46,75,49,94,84,26,1,87,43
31,59,81,46,90,21,78,86,67,18
43,83,21,49,94,30,71,12,7,93
29,11,51,2,29,86,58,24,78,4
86,53,26,50,31,29,44,31,97,82
73,42,78,100,84,10,54,55,78,26
10,51,47,63,65,42,34,19,56,81
88,88,92,65,66,42,47,87,19,76
18,8,58,23,40,13,99,13,2,9
96,20,51,68,45,27,4,36,60,4
51,62,31,65,15,6,54,59,61,15
8,96,65,75,49,83,29,26,22,40
50,63,26,49,13,12,45,72,2,6
13,2,67,26,8,34,57,3,9,39
72,10,92,97,4,10,30,11,66,15
16,81,68,62,8,48,92,79,14,23
2,29,13,25,45,16,45,23,94,11
5,74,9,70,87,1,3,94,15,4
35,61,21,46,96,17,59,21,68,77
78,87,94,8,35,20,30,94,33,35
16,50,2,96,95,36,34,11,71,55
54,23,23,37,9,8,12,67,29,5
40,33,71,94,30,42,80,35,56,38
82,60,94,2,99,3,87,6,85,59
23,76,22,40,77,71,55,27,94,20
22,76,18,30,44,92,89,23,11,62
98,42,42,3,48,33,35,73,12,44
20,35,79,7,60,29,37,78,91,75
15,30,97,80,49,27,79,49,92,46
85,93,3,68,100,61,82,63,60,68
97,32,47,51,83,23,25,7,78,93
96,48,32,78,89,17,76,3,75,87
34,4,39,61,88,17,21,35,7,39
26,67,21,79,82,40,54,48,19,35
89,78,12,18,53,44,1,80,55,59
27,64,95,92,14,93,65,28,57,30
100,70,46,99,19,74,43,64,84,53
13,55,99,85,100,28,26,18,45,79
93,26,93,73,70,77,4,28,99,98
46,60,91,28,76,95,47,10,72,27
47,92,98,34,15,12,69,42,89,67
40,7,92,94,19,33,39,71,36,23
95,87,87,31,16,50,81,54,75,46
55,54,35,93,65,60,4,6,40,46
97,94,73,16,82,68,8,83,21,57
52,44,95,58,2,53,98,50,58,52
58,18,20,90,21,65,97,55,74,35
79,76,87,80,2,6,4,80,85,43
52,97,58,14,76,51,20,91,75,70
22,32,83,46,69,64,93,85,19,20
83,55,20,93,76,29,20,86,79,44
98,52,51,60,47,2,23,72,87,37
17,93,25,61,6,10,10,23,84,90
90,43,75,10,7,53,17,68,74,26
12,61,48,55,94,68,83,65,84,22
44,58,76,72,42,83,67,37,89,18
80,23,52,91,85,81,68,68,5,28
37,75,69,2,92,13,93,69,73,90
40,87,57,14,60,89,30,10,50,32
42,91,87,66,33,40,36,47,79,27
11,58,82,100,14,18,84,35,56,90
98,30,38,41,26,24,65,46,33,99
83,78,68,27,42,14,41,76,69,17
4,69,79,3,33,70,91,71,100,82
89,7,93,94,6,91,14,47,40,15
40,93,22,69,78,84,79,39,67,23
74,89,34,79,80,23,99,71,6,53
64,85,8,35,67,48,11,63,75,21
91,19,90,28,88,95,27,13,58,18
9,42,70,35,68,20,67,81,40,94
81,77,62,40,78,63,83,81,44,17
88,63,20,45,41,61,74,37,37,79
41,3,3,77,4,15,53,63,95,68
84,23,84,75,53,9,10,41,31,88
20,21,17,97,78,84,59,41,4,50
86,10,20,95,3,81,88,67,83,50
65,68,8,43,58,42,56,53,10,7
81,95,23,53,72,66,95,16,85,32
89,34,92,46,76,5,37,31,50,17
2,42,51,20,34,22,5,96,64,43
97,70,97,82,9,91,41,40,57,30
63,23,17,53,82,84,60,5,97,5
2,44,89,80,90,91,19,30,78,52
55,60,20,12,3,81,99,77,25,51
41,75,96,22,78,53,70,21,83,49
67,4,82,62,65,99,50,20,38,30
38,10,44,65,67,30,58,29,53,37
3,78,46,83,42,25,78,21,39,34
42,68,95,64,100,82,43,72,83,100
12,60,1,93,83,81,23,99,77,72
11,81,74,68,64,88,88,38,39,4
56,29,82,41,59,18,30,29,38,88
38,15,75,28,80,99,23,12,28,69
46,57,9,27,18,12,82,88,12,36
88,97,4,64,87,88,69,22,38,90
83,90,72,71,63,38,28,25,45,38
93,26,30,77,99,58,46,14,48,35
77,75,88,35,39,55,76,85,90,100
54,14,90,52,82,98,62,38,6,85
95,86,34,26,66,4,3,73,54,56
69,11,20,57,24,76,76,95,54,41
66,18,92,76,87,38,14,41,6,78
42,86,18,73,17,98,49,62,2,53
33,36,74,20,35,53,46,76,36,3
39,100,86,13,18,100,31,30,90,64
72,92,78,97,57,46,67,67,36,22
90,35,79,33,56,38,62,84,42,99
97,12,83,61,20,73,80,74,21,71
36,31,7,32,89,2,39,58,48,41
23,93,60,64,60,45,31,35,93,76
13,57,82,6,75,45,74,26,74,85
98,38,3,90,75,24,13,68,88,46
29,32,33,36,56,56,67,5,94,72
6,55,60,11,94,26,24,6,46,78
8,34,28,76,30,71,4,50,46,25
57,92,74,69,33,80,78,61,83,30
44,23,96,49,13,71,84,53,2,85
28,20,53,86,1,9,82,78,25,29
64,93,100,44,19,14,53,57,88,43
68,10,41,82,22,63,41,25,34,12
70,54,13,47,70,53,20,24,81,32
3,73,40,96,40,6,14,52,5,3
44,1,86,33,85,52,82,24,70,89
56,50,14,9,89,99,93,5,13,8
78,100,9,81,5,99,95,84,10,42
75,84,34,9,7,70,71,24,44,22
91,76,25,55,60,84,40,73,5,37
86,52,12,21,33,43,24,4,41,59
58,96,77,72,50,42,92,37,75,55
35,87,69,61,49,41,51,32,95,53
38,59,58,62,28,68,81,39,50,22
90,25,49,3,6,92,50,36,8,84
1,41,66,68,83,59,55,26,8,90
83,85,94,5,84,24,38,75,51,75
40,81,65,35,49,73,75,28,33,32
52,18,26,79,78,86,17,83,68,42
8,75,37,94,50,86,21,13,25,46
94,17,79,17,65,1,85,70,93,46
78,51,88,55,86,25,10,22,51,57
70,87,65,81,25,17,74,65,47,54
26,4,23,93,35,98,65,50,29,1
1,48,100,7,41,11,22,57,45,75
5,6,41,85,83,47,26,92,65,97
53,5,32,7,89,20,67,79,2,22
98,49,66,64,73,87,24,33,100,49
87,79,62,83,8,24,20,84,81,83
96,6,91,71,8,97,64,58,37,80
77,64,19,22,16,17,53,47,42,63
37,94,58,6,19,9,73,98,7,34
69,82,41,18,84,93,73,51,90,21
12,46,31,86,15,79,33,88,64,46
19,75,47,13,44,29,84,50,55,99
66,46,48,48,66,72,20,55,31,48
100,8,39,94,15,86,91,46,89,17
86,4,77,75,21,69,95,71,1,22
45,66,22,91,40,75,78,94,80,93
49,53,25,6,26,72,95,15,4,64
36,35,44,63,87,90,83,14,14,90
49,85,40,71,67,2,56,24,13,59
33,49,8,12,77,96,37,32,95,58
41,81,4,30,56,27,58,58,58,99
12,80,68,71,50,29,59,82,78,38
37,100,7,61,49,77,30,57,32,64
88,60,24,16,36,3,25,2,75,92
26,66,9,12,25,46,67,58,81,40
21,45,27,92,85,11,34,78,5,71
94,1,51,25,59,29,86,57,17,6
49,37,50,14,83,85,83,74,91,12
29,100,10,29,33,44,78,37,75,33
83,61,65,56,39,100,10,85,71,28
18,6,22,40,85,37,64,63,55,75
8,72,10,14,40,99,4,59,97,59
48,6,35,23,38,100,42,69,13,27
29,6,49,60,69,2,51,71,7,40
75,29,77,32,35,95,25,93,92,27
46,16,73,95,76,19,99,63,46,48
23,92,17,96,23,81,31,86,53,35
80,49,62,87,31,50,56,88,22,84
4,35,47,78,89,19,6,44,92,72
78,3,70,42,98,52,71,88,30,33
91,92,86,44,8,33,49,71,78,26
88,15,50,72,90,60,75,83,54,51
81,14,51,56,60,88,17,93,26,13
45,27,52,68,70,90,100,18,49,20
86,3,16,9,95,38,28,9,93,1
41,16,23,87,89,66,33,89,48,26
19,12,33,29,71,62,6,27,19,80
7,80,34,58,48,47,79,88,34,72
99,89,24,58,27,46,67,25,39,88
79,39,48,45,69,15,42,36,36,32
26,56,1,52,73,82,82,58,6,51
69,67,8,80,69,20,55,34,21,35
43,11,42,55,58,35,94,97,20,58
79,20,20,2,10,56,26,18,25,17
46,42,16,51,19,27,80,37,7,19
51,87,44,17,95,16,59,2,9,95
61,97,49,76,38,43,52,51,87,75
57,9,25,94,25,71,65,64,72,96
36,59,43,15,50,13,97,52,84,85
3,93,97,26,100,44,91,69,20,61
7,28,97,90,4,18,96,24,33,51
10,74,90,53,99,24,94,53,43,18
68,84,93,24,1,91,10,20,72,29
38,2,16,34,29,4,47,24,19,57
35,72,23,51,94,75,18,58,43,81
70,58,88,48,50,98,66,80,63,89
18,40,61,2,30,98,47,16,35,80
100,67,58,74,41,81,29,51,19,59
51,61,33,20,96,100,29,1,7,65
50,91,12,20,44,67,5,88,10,39
84,93,11,83,21,24,16,49,78,20
63,37,42,61,24,54,53,66,86,12
95,87,94,57,50,23,15,3,82,87
51,35,90,71,69,50,48,2,47,82
75,83,28,39,42,24,50,8,24,60
15,77,77,14,6,34,84,62,20,11
43,15,2,63,9,1,4,4,4,90
25,74,17,49,2,29,100,6,76,95
85,74,26,18,5,53,49,88,41,98
30,39,87,32,39,10,86,99,92,70
61,39,29,40,75,88,27,35,66,33
14,4,28,75,17,100,57,36,36,4
4,36,75,98,21,33,98,34,70,45
56,32,42,44,21,27,28,2,12,67
38,7,87,62,61,45,26,60,76,84
95,71,84,49,47,81,10,67,19,66
78,54,83,100,36,78,47,19,67,66
49,65,2,88,21,25,39,23,26,33
36,33,15,8,77,62,76,37,66,29
10,29,83,69,27,40,61,50,76,57
90,42,56,98,74,7,13,87,91,35
56,74,95,75,64,35,6,52,9,45
74,57,24,16,58,28,35,28,64,62
85,32,68,40,15,61,74,31,1,88
30,95,19,32,93,75,54,65,87,51
71,68,48,70,26,100,36,57,28,51
3,90,15,2,81,80,30,81,77,58
81,14,49,83,32,52,83,97,21,91
55,89,45,15,59,46,21,27,56,65
47,54,20,84,31,13,18,1,65,51
29,83,76,55,5,7,1,48,28,97
34,62,88,95,100,16,20,50,61,43
42,18,90,52,56,81,49,70,47,59
49,18,96,93,27,31,24,26,66,97
62,73,63,53,39,75,26,33,42,27
54,17,97,36,15,65,3,31,86,48
51,43,18,1,28,89,21,42,15,48
4,4,25,88,94,51,12,5,27,80
94,42,44,20,25,84,18,70,96,80
13,22,17,77,6,58,54,20,17,14
7,74,73,74,36,62,80,97,91,43
16,96,28,5,100,73,66,50,24,7
79,52,59,78,7,97,67,96,51,79
98,36,51,94,69,33,66,37,27,21
40,18,44,23,98,14,38,44,17,95
86,42,52,55,64,45,3,73,7,6
60,71,91,20,100,90,63,43,53,85
25,10,48,19,26,13,35,85,27,44
54,72,31,28,64,78,34,72,73,85
39,65,19,77,42,71,17,28,95,36
1,15,12,90,50,21,95,78,9,50
84,61,52,96,77,23,98,15,78,21
21,2,40,49,46,72,37,77,45,22
74,89,25,37,1,33,15,100,12,3
99,45,68,75,80,12,38,97,44,70
17,73,62,30,90,2,96,19,55,65
8,8,78,97,20,73,92,57,39,80
27,56,60,17,82,13,62,73,26,10
9,41,62,30,51,17,33,100,80,89
50,93,83,35,75,65,85,26,92,20
100,49,31,70,66,40,33,76,91,20
48,81,75,47,2,29,80,23,62,13
7,56,12,47,49,96,33,63,9,13
92,46,57,66,92,22,35,86,27,77
62,19,40,44,95,42,20,20,95,32
70,52,45,57,35,46,20,72,8,9
5,93,23,13,12,16,73,4,33,80
78,86,15,57,98,83,61,22,98,55
40,37,55,94,28,90,87,68,86,62
51,73,53,54,8,33,96,74,17,24
75,27,2,96,68,18,60,62,6,16
10,39,97,54,83,29,3,22,72,69
62,49,20,86,54,13,41,29,10,97
19,70,5,23,14,42,20,10,86,81
47,39,26,91,56,94,80,94,35,12
30,37,30,35,64,63,51,22,34,95
46,73,59,100,8,82,28,14,2,35
24,23,20,76,73,64,49,48,5,38
39,49,96,12,23,87,56,4,94,47
64,42,71,64,34,69,57,81,99,53
50,68,48,39,73,4,84,24,74,34
29,44,53,22,84,95,71,45,39,8
56,49,79,47,90,30,67,82,44,44
60,8,65,50,40,17,66,10,20,15
33,57,99,22,36,75,81,57,36,64
45,97,48,71,10,56,83,10,78,60
62,54,86,78,91,76,49,21,95,77
96,87,20,11,70,22,23,73,91,87
60,100,16,67,68,70,48,85,6,27
62,65,28,24,23,74,44,9,96,88
32,76,92,48,14,51,54,42,7,76
4,42,27,13,55,97,63,58,39,37
54,46,44,52,32,56,97,90,88,80
25,41,51,56,67,20,80,95,70,98
70,33,58,29,23,53,3,74,51,54
74,62,78,65,81,56,38,80,33,93
55,65,10,83,81,33,49,47,29,72
13,1,75,93,96,89,19,72,39,70
94,56,45,61,54,62,9,38,89,55
68,90,88,13,20,63,56,15,3,38
21,67,64,83,92,77,89,10,7,28
97,41,45,14,61,4,56,34,78,58
79,56,10,82,30,56,54,74,17,86
7,63,27,20,81,64,82,47,95,13
100,24,98,81,87,82,24,47,19,48
66,34,64,27,34,82,88,14,12,13
31,30,78,87,91,97,14,63,96,83
80,5,69,65,55,84,9,43,50,67
68,89,15,82,77,89,90,41,53,23
96,16,78,82,35,7,19,85,67,92
65,31,59,95,33,80,2,18,76,84
46,100,83,22,10,60,39,42,83,24
41,67,39,35,53,92,78,9,47,18
59,83,95,90,43,21,35,6,86,41
90,40,25,40,86,54,2,24,77,16
36,76,39,20,20,53,62,1,30,68
39,66,30,74,15,22,22,26,17,11
36,82,21,97,38,78,11,3,68,58
76,60,72,48,88,75,43,42,43,47
77,23,79,40,49,63,33,100,89,100
16,42,100,96,50,84,90,3,44,86
25,60,60,50,86,82,82,52,69,32
69,45,46,43,82,54,95,99,75,71
33,85,24,66,19,72,63,13,33,7
45,6,79,21,37,32,91,6,94,82
56,25,100,80,84,39,52,47,53,33
59,94,72,17,51,73,43,8,52,62
96,74,70,49,10,90,98,2,18,4
56,8,20,91,47,18,7,29,44,15
47,57,42,69,83,29,62,90,85,52
63,53,9,49,91,1,71,51,75,36
11,62,52,62,49,57,3,47,87,45
26,86,36,64,12,94,49,44,80,83
11,41,77,30,69,36,70,50,65,60
90,14,14,8,67,61,13,69,24,32
33,57,63,71,87,34,30,10,33,86
36,80,86,67,63,84,26,18,59,18
98,50,73,81,74,97,44,95,76,82
46,2,5,57,26,67,73,77,15,60
16,74,15,19,48,3,66,27,1,67
14,71,36,13,9,92,65,27,27,55
78,84,81,15,53,67,47,22,21,3
60,14,41,18,17,21,94,59,62,64
87,41,35,80,94,93,57,78,10,69
41,63,85,26,13,52,48,69,45,78
40,29,18,35,4,89,30,67,22,50
32,75,78,92,74,94,99,67,47,71
1,62,2,26,80,25,20,83,57,10
15,70,58,53,80,79,58,41,23,13
32,79,48,88,88,88,56,54,90,9
86,52,7,85,90,44,82,72,62,17
15,36,20,53,77,56,81,74,59,15
82,17,46,18,68,89,16,71,14,27
27,88,40,95,54,41,45,63,88,67
22,25,100,83,21,6,52,54,20,41
61,76,91,28,12,77,37,79,94,5
78,70,55,26,12,29,53,51,87,91
24,50,63,98,30,18,35,58,70,4
43,34,8,57,73,71,31,48,84,46
98,66,52,82,44,57,84,62,15,93
2,5,47,1,4,35,86,77,11,97
52,57,47,48,56,82,74,76,76,3
20,90,47,63,81,51,91,29,66,96
85,45,81,27,30,80,32,37,90,89
82,79,88,29,41,72,32,99,9,25
48,93,41,28,21,65,91,90,37,43
63,71,92,26,40,9,37,48,98,73
84,58,92,17,99,44,26,11,89,43
48,39,34,93,45,63,64,26,23,62
88,16,3,66,72,4,98,32,4,94
57,35,80,95,36,41,41,32,78,89
41,95,94,18,46,55,2,60,21,18
82,48,40,76,7,46,75,92,37,59
91,94,91,51,79,94,58,70,60,60
91,64,46,30,43,31,38,28,81,50
6,25,61,50,69,33,31,15,61,81
32,79,93,21,40,50,85,12,64,56
14,93,88,7,49,20,14,46,63,27
8,36,25,44,49,35,74,85,71,35
45,91,85,80,97,24,89,83,37,43
37,67,63,10,31,43,42,79,19,98
65,79,72,26,63,22,4,33,90,69
41,12,37,51,52,1,36,57,53,74
3,29,33,51,49,39,14,33,52,35
34,63,42,30,66,11,17,31,37,42
56,70,91,60,79,57,36,21,80,52
85,25,56,32,65,17,44,82,9,60
83,46,94,13,26,47,4,99,64,28
94,69,76,12,8,93,14,51,36,73
17,7,26,31,10,84,42,39,52,79
22,26,5,35,92,31,56,74,54,52
82,59,82,22,17,63,35,25,18,62
95,31,60,59,29,22,72,4,24,30
49,30,75,54,38,63,79,32,62,11
46,59,3,16,23,62,98,37,43,33
84,27,62,33,66,69,75,41,38,9
38,52,9,63,57,29,36,40,5,38
34,81,95,59,68,65,77,31,52,9
19,74,61,53,64,44,70,91,81,27
43,69,6,43,57,46,49,84,17,29
81,95,61,66,36,78,58,82,94,44
45,35,7,97,82,80,73,91,83,28
70,100,34,82,51,25,28,36,53,41
44,28,46,43,80,78,22,98,25,74
35,1,16,80,71,1,53,85,93,46
8,75,97,75,15,77,97,7,19,25
72,70,73,93,76,13,99,8,9,100
84,42,90,35,73,74,16,72,96,6
52,64,14,68,74,96,54,67,15,96
97,34,94,88,67,91,31,54,1,3
95,45,56,45,95,33,7,36,29,93
88,53,17,93,89,83,96,49,68,97
51,89,66,55,7,22,85,69,11,8
9,41,52,30,12,34,17,74,88,15
88,16,95,80,60,46,53,7,7,53
66,77,56,71,17,29,55,37,8,6
35,97,32,77,44,60,80,76,98,35
95,49,93,89,41,25,71,30,59,93
68,95,87,47,24,60,84,16,69,65
77,20,11,60,35,99,88,19,52,6
64,36,9,14,30,84,58,54,99,60
31,100,68,94,83,19,11,99,49,29
50,21,14,26,86,27,86,87,26,85
20,68,29,78,57,91,77,54,38,88
1,92,19,38,24,46,70,71,61,82
92,84,68,75,57,41,35,10,44,27
89,48,55,18,70,65,2,10,48,39
69,63,34,92,1,58,54,35,49,1
34,51,94,98,83,31,62,80,78,73
78,77,97,69,31,11,3,99,45,28
71,39,21,22,64,31,23,21,35,15
52,27,87,78,23,78,17,33,100,33
33,60,19,75,96,15,35,99,56,5
64,89,51,7,9,52,92,5,41,17
4,44,45,3,79,94,18,71,100,31
78,52,32,84,79,65,30,92,42,24
84,1,54,27,27,33,34,8,38,86
10,84,33,70,5,88,14,69,7,45
50,20,7,70,91,61,31,4,86,74
41,88,72,28,86,89,27,63,24,14
68,57,12,46,15,97,70,71,85,25
10,70,11,28,21,60,48,65,15,83
62,48,34,87,22,25,46,13,63,45
98,95,90,95,74,82,40,88,48,2
74,83,16,91,34,32,81,99,30,81
30,10,21,70,8,63,31,88,12,94
9,36,10,83,62,57,97,26,11,56
66,71,78,91,65,51,57,67,81,69
91,25,56,88,16,20,34,2,44,36
94,58,54,62,29,6,54,50,12,6
30,72,6,62,39,97,13,75,64,5
7,37,51,22,5,26,82,89,76,76
97,55,23,75,40,58,11,7,13,53
11,99,65,35,11,27,84,70,15,35
52,91,60,100,98,31,48,38,50,10
40,79,65,72,3,90,83,94,7,97
93,11,56,72,58,41,10,87,2,95
41,77,6,55,17,64,20,17,56,16
72,5,55,41,58,78,32,100,59,95
64,63,24,6,64,92,15,58,11,57
58,74,73,15,77,99,76,57,96,52
16,70,47,20,14,88,24,24,88,25
28,60,45,38,63,27,7,24,59,63
80,72,77,79,51,60,73,95,16,13
52,84,64,8,84,21,56,35,13,62
11,80,17,73,35,75,31,54,19,58
20,99,31,56,36,62,72,55,28,31
81,18,87,32,18,37,1,63,65,39
36,24,71,51,93,10,29,30,56,39
15,88,27,69,71,81,56,91,55,54
83,85,73,13,79,4,66,79,65,65
14,9,96,31,54,67,70,69,93,8
75,82,88,100,85,65,58,28,10,9
55,42,31,13,61,20,23,73,61,21
72,64,83,17,58,39,95,87,98,37
94,44,3,66,35,73,39,61,88,27
3,48,92,87,63,54,51,21,13,66
76,68,94,3,4,9,43,16,56,7
52,22,90,68,84,31,19,50,73,46
64,59,9,35,89,11,18,48,100,87
3,52,4,22,68,61,66,100,79,94
50,83,21,18,93,19,24,12,26,84
27,62,34,72,93,25,72,89,49,92
85,81,61,88,31,7,17,4,82,81
4,64,77,17,14,4,11,69,21,4
82,73,87,97,59,39,10,74,59,82
41,69,2,11,2,93,58,99,57,9
7,71,61,85,30,42,47,42,31,85
12,93,5,61,27,99,34,59,19,93
98,11,46,23,63,78,32,94,41,6
19,15,49,48,71,96,78,60,42,21
93,56,14,65,14,25,54,3,55,43
59,54,3,8,44,29,87,27,33,22
68,49,39,26,62,91,29,70,66,30
29,72,20,21,90,59,8,52,15,82
24,99,47,32,20,5,59,15,99,75
69,43,65,43,45,79,63,44,73,29
60,19,2,41,53,14,55,17,8,40
11,29,57,2,63,45,65,88,80,22
35,15,29,72,30,38,89,79,33,41
66,1,17,28,34,80,10,92,48,88
87,66,31,95,36,91,33,92,11,77
41,29,26,47,51,25,41,59,78,75
52,74,98,58,100,44,47,32,90,5
84,13,60,48,34,74,19,35,44,30
99,31,54,77,40,38,71,72,21,19
24,92,97,22,12,40,36,58,86,57
93,91,60,17,83,28,83,71,30,81
61,63,23,45,1,90,3,51,36,22
99,59,83,17,3,32,14,15,6,10
73,92,76,59,60,69,61,20,34,5
96,4,85,55,58,43,97,74,7,2
12,62,1,25,14,29,65,80,15,70
18,89,94,18,23,26,83,12,94,93
10,5,49,26,1,54,1,38,73,46
45,42,47,81,42,90,2,100,1,41
29,50,29,92,70,26,98,24,47,8
94,26,92,48,66,7,79,42,2,6
8,90,19,52,71,76,28,26,77,92
97,23,71,63,51,76,12,7,46,42
53,97,20,44,63,55,44,68,43,99
64,7,1,72,9,38,49,6,38,87
44,31,91,40,17,35,38,8,33,64
10,96,38,41,92,93,14,67,69,72
7,12,86,94,28,69,50,39,33,4
57,36,55,29,64,68,66,3,76,73
67,5,83,2,94,92,47,93,82,85
100,18,5,96,44,29,51,70,8,42
77,79,90,86,95,50,48,28,63,48
55,86,74,17,78,57,52,19,52,35
73,11,24,36,43,40,8,50,85,13
51,12,100,62,24,51,68,94,7,88
94,14,50,73,49,54,52,91,6,92
79,72,35,27,71,5,59,68,45,43
6,88,32,55,76,17,86,77,86,67
90,7,43,42,63,7,58,27,61,96
85,11,59,43,1,56,25,49,55,47
66,75,7,63,18,56,28,50,12,90
50,25,62,70,38,84,40,3,57,52
44,12,91,51,64,58,21,48,95,65
61,16,44,52,32,14,55,81,95,38
7,89,41,24,97,10,56,97,35,67
25,83,74,47,45,41,95,93,72,16
77,89,94,93,49,73,53,81,64,10
67,18,14,74,89,23,45,76,80,83
62,87,34,22,95,41,78,95,16,98
35,69,40,24,51,29,50,20,71,24
68,13,65,57,30,16,63,35,13,59
75,17,82,34,91,16,51,24,44,57
53,29,88,21,36,18,48,93,77,32
84,97,66,11,63,57,5,2,70,5
2,96,86,91,76,100,56,70,59,52
61,28,98,88,62,59,89,59,48,1
33,10,49,21,40,42,98,12,82,73
61,58,87,20,59,48,56,20,80,48
23,61,61,28,56,39,74,98,84,53
66,59,24,30,52,9,82,72,87,52
48,67,84,23,80,18,94,11,69,48
25,60,34,16,76,61,51,48,22,94
53,1,79,57,35,28,100,72,26,51
31,70,40,97,18,39,5,58,80,69
4,94,64,1,50,44,36,40,60,11
36,87,66,63,10,70,48,9,42,15
23,54,87,12,41,16,12,98,86,22
97,100,30,93,55,19,81,75,59,19
30,78,25,9,2,12,56,5,44,68
41,64,14,63,9,73,56,44,99,12
98,38,14,41,40,57,69,77,44,16
55,59,13,9,77,71,22,81,2,77
58,2,49,47,83,45,70,36,8,86
55,88,7,37,51,89,91,26,7,66
53,32,47,54,99,34,41,20,56,99
10,48,23,98,80,76,55,85,8,66
29,29,98,19,84,58,76,52,42,8
18,21,62,83,92,96,27,79,66,29
58,64,57,29,69,12,81,45,83,86
35,40,40,12,55,32,30,15,46,12
62,52,24,87,37,4,47,44,86,20
16,47,50,70,99,87,91,50,8,40
26,28,60,35,79,36,42,49,61,17
64,59,92,1,39,42,71,26,42,4
91,7,75,56,8,21,20,94,2,60
51,14,82,96,95,16,91,53,38,50
75,95,98,95,97,81,18,11,72,36
90,27,68,32,71,83,33,22,55,41
51,17,87,18,25,80,48,36,60,19
63,32,95,96,57,57,76,70,52,40
46,78,90,2,31,62,98,86,32,31
16,23,52,43,86,61,7,38,25,74
83,68,61,19,67,75,99,88,15,72
19,98,52,92,21,83,6,77,77,69
74,87,41,75,61,73,30,85,75,5
3,14,2,92,8,19,85,4,20,42
14,5,20,16,93,14,52,50,14,9
98,51,4,67,71,31,42,73,4,52
28,87,1,95,54,13,35,26,24,30
52,92,85,90,99,2,48,96,16,11
9,88,40,100,30,14,40,4,46,28
83,20,9,49,11,69,35,85,15,98
55,34,33,38,65,76,65,77,79,13
55,65,85,42,81,76,57,88,67,49
91,65,32,64,72,19,68,12,56,22
69,6,73,50,91,56,80,69,83,44
28,32,99,40,9,20,41,7,59,39
57,65,57,12,30,61,34,17,43,38
91,56,44,68,12,81,10,44,5,96
35,43,67,98,83,97,48,76,39,86
60,66,7,9,99,22,8,35,74,93
88,53,74,92,62,88,51,60,86,73
56,71,38,72,41,43,6,38,56,95
29,50,72,13,58,95,43,75,1,74
59,7,84,72,93,33,9,88,37,48
45,6,20,68,7,73,54,86,10,99
86,64,29,12,86,62,92,77,81,8
98,85,13,96,75,57,93,94,34,56
87,31,53,24,34,44,16,56,20,45
7,34,64,48,58,100,59,21,39,45
77,94,30,86,89,10,54,8,72,25
46,81,25,68,59,88,82,89,88,98
83,66,16,78,39,96,49,68,43,11
53,78,38,56,70,31,44,55,67,73
67,44,49,21,35,94,3,53,67,92
74,48,1,80,70,69,72,25,54,56
75,83,70,12,9,93,22,40,56,10
95,34,54,45,90,94,79,89,83,33
91,70,66,23,74,17,18,46,28,2
6,74,30,27,22,48,64,42,43,65
91,20,67,54,10,81,39,55,42,88
31,86,4,37,2,76,59,32,64,85
44,47,70,92,30,52,88,72,38,22
59,18,100,70,77,25,73,46,52,40
47,49,77,80,49,95,28,83,81,61
83,75,98,95,88,24,28,77,58,28
9,55,54,62,94,98,98,42,82,76
30,10,23,94,26,14,18,7,58,72
25,22,40,67,79,78,22,11,6,72
46,33,10,82,6,92,75,70,58,40
70,72,57,31,15,8,10,65,86,64
25,8,97,28,24,97,61,92,90,15
54,100,6,36,83,9,73,90,76,52
86,91,1,67,35,53,79,25,13,32
27,54,17,39,16,92,83,45,59,8
31,98,60,57,93,68,94,24,74,71
78,54,77,43,63,82,26,41,83,61
62,25,20,27,58,65,66,56,8,95
85,25,35,79,56,80,100,3,65,56
45,30,64,71,70,18,75,5,90,52
18,24,4,70,46,30,83,74,43,46
21,4,66,23,96,11,85,50,36,2
9,83,37,83,97,34,92,69,61,69
62,23,47,26,98,50,61,47,44,61
30,81,3,61,47,63,96,26,16,69
98,21,95,2,42,25,96,43,35,12
35,91,79,38,91,7,79,76,26,96
80,72,15,74,33,33,63,66,45,42
39,37,9,88,50,77,18,8,41,37
11,96,20,7,69,3,78,7,66,57
94,40,58,89,80,68,48,34,90,29
17,12,98,35,81,91,62,38,9,3
89,55,36,48,21,85,68,76,20,13
38,66,79,80,38,20,2,88,37,77
38,11,48,45,95,33,99,27,25,47
89,53,36,37,38,9,92,63,66,5
64,50,22,35,30,46,65,12,25,81
79,19,13,10,24,46,11,47,89,17
98,72,19,76,31,29,3,93,82,45
18,18,52,28,2,62,14,90,90,39
70,62,21,77,90,76,46,10,29,59
52,68,58,89,35,8,63,52,81,13
78,62,98,87,9,22,15,90,10,28
3,82,47,57,56,89,96,95,99,4
59,98,94,54,84,19,35,89,36,68
82,90,38,13,35,51,98,99,58,86
43,47,73,13,61,96,18,8,62,29
89,44,85,74,85,44,94,61,25,42
7,41,9,43,87,100,77,85,76,52
17,73,40,75,90,17,83,35,16,98
27,85,77,84,60,83,18,17,91,76
74,83,94,85,21,17,98,49,25,66
52,52,84,36,28,85,43,27,30,39
25,25,61,31,19,18,24,99,45,47
97,57,80,24,1,19,78,56,30,76
36,56,79,49,97,43,23,49,96,86
54,70,65,33,57,67,96,48,73,16
7,97,54,77,45,46,75,32,3,21
57,33,94,76,17,47,100,8,70,96
89,60,22,32,34,51,72,75,60,15
60,7,99,37,67,22,82,23,36,92
44,72,77,84,47,61,27,82,82,19
11,86,13,62,36,56,49,77,62,1
90,37,66,75,34,9,51,41,38,38
39,94,22,33,19,67,34,60,61,8
64,10,52,45,9,98,87,39,57,54
68,99,21,30,60,39,19,84,94,10
88,8,13,46,33,18,61,81,7,66
82,72,36,8,40,4,15,64,58,77
47,90,50,78,45,1,3,82,11,87
2,68,26,1,76,85,25,29,95,99
94,63,67,98,87,83,33,53,52,36
6,71,77,53,28,50,22,15,40,40
11,6,50,71,50,84,62,16,68,17
2,62,58,79,40,93,85,30,42,26
94,87,56,12,48,30,71,36,92,96
75,24,70,2,87,19,14,97,88,76
19,42,8,55,40,29,82,96,48,76
48,64,12,33,48,1,79,68,35,71
65,31,91,90,54,77,59,42,25,93
36,79,63,92,79,11,81,81,93,80
34,60,80,56,81,50,48,59,17,88
89,15,78,72,61,22,94,53,94,86
23,98,56,3,36,69,39,93,39,44
5,34,37,28,82,38,2,77,21,47
78,48,44,80,60,6,18,38,17,19
48,77,29,16,94,32,68,76,66,82
64,76,94,16,66,21,67,77,98,70
69,8,95,81,78,92,72,27,6,26
54,57,29,56,36,51,99,91,96,55
63,13,47,68,23,6,16,72,4,62
100,32,37,34,73,50,21,75,8,54
17,80,46,23,65,9,18,7,78,86
24,53,52,29,39,51,52,27,18,3
46,65,42,8,43,79,97,36,20,76
40,74,81,75,39,22,63,16,87,96
78,5,26,15,39,3,42,97,92,80
3,77,41,45,20,96,97,33,53,31
30,49,5,66,15,65,2,76,34,46
100,28,91,10,16,85,99,43,29,11
18,55,53,92,50,98,99,64,88,44
11,96,90,94,38,74,78,95,8,84
91,59,52,68,69,9,31,23,82,25
21,6,62,13,6,60,64,79,70,58
76,17,7,15,61,6,78,69,6,10
65,46,70,33,18,5,27,73,39,48
98,40,36,31,60,71,34,55,6,73
44,94,24,15,24,74,36,81,84,85
65,80,70,93,74,4,15,69,72,28
86,59,25,96,90,68,64,51,29,43
49,83,40,39,100,75,77,92,38,35
79,72,53,6,32,58,45,61,97,18
33,85,80,16,5,86,66,96,14,69
68,13,63,60,2,85,26,65,27,35
21,23,84,99,14,84,95,3,4,9
66,49,52,28,73,34,79,46,12,59
26,42,20,31,89,46,55,68,67,12
12,98,68,57,18,90,74,9,46,92
67,73,15,11,70,63,81,79,82,35
78,33,54,100,55,3,12,45,88,9
30,59,28,25,77,50,36,65,20,70
39,39,39,71,32,54,74,99,100,2
83,77,85,32,6,86,31,37,98,88
17,5,33,80,19,23,85,71,92,61
16,35,14,48,62,70,66,46,99,14
7,64,70,70,30,16,99,50,15,39
6,86,49,67,20,18,84,18,100,14
18,3,43,76,26,63,94,42,85,46
22,72,48,78,92,20,94,15,98,37
96,35,18,69,38,58,82,92,97,45
66,61,66,50,46,6,87,81,91,24
64,3,80,24,21,32,65,35,82,66
31,33,40,10,72,87,91,12,45,25
39,91,33,68,24,9,30,62,50,84
79,2,25,87,1,52,73,26,87,89
67,9,36,65,96,59,46,55,43,89
65,36,22,49,48,92,51,73,13,43
60,40,1,97,80,92,82,11,39,92
54,31,93,47,71,88,11,79,4,76
75,5,86,43,33,33,78,21,36,77
42,47,93,80,53,92,71,2,39,48
26,97,66,82,85,26,63,42,42,8
90,38,66,94,45,95,56,84,71,94
58,53,18,1,27,90,29,37,49,42
70,43,73,86,69,28,33,13,9,99
53,25,82,39,93,6,16,80,35,74
86,53,98,60,18,93,71,48,91,66
38,77,27,34,86,64,93,60,57,34
36,16,48,8,25,19,62,75,16,10
70,14,64,36,95,32,96,64,60,53
71,31,80,29,21,26,38,84,69,64
52,77,44,57,20,77,28,39,81,11
58,16,97,63,38,5,27,95,23,64
80,50,55,46,33,71,34,90,39,2
68,27,42,92,46,76,49,95,46,89
7,48,62,44,81,19,95,34,43,74
11,52,66,69,98,99,65,50,43,43
77,90,49,51,19,94,40,58,17,22
76,20,93,41,77,78,51,73,45,4
7,35,3,55,48,5,62,87,77,60
99,73,19,69,66,14,83,9,86,83
67,65,48,77,46,93,96,69,89,49
26,56,5,3,48,50,76,76,25,59
13,42,65,68,21,75,1,88,95,78
64,38,79,66,80,27,47,74,90,64
43,64,35,70,38,47,56,79,77,96
22,76,33,22,44,51,32,85,24,81
7,1,83,61,22,4,34,3,76,9
15,35,52,75,42,88,22,32,29,87
64,35,36,49,43,68,36,57,31,43
35,89,86,75,73,14,78,16,71,100
19,38,80,49,39,84,91,23,7,7
56,44,52,58,80,82,19,79,11,35
4,50,33,80,75,97,26,20,78,34
68,17,57,54,98,67,18,46,23,20
30,85,94,81,36,61,32,48,29,84
64,63,84,22,77,25,13,87,72,69
44,89,62,21,24,25,60,82,12,9
100,72,45,61,73,49,61,61,22,85
16,87,35,44,67,5,9,74,99,88
36,91,13,53,18,65,63,51,86,88
95,18,43,65,35,20,71,86,5,8
78,74,59,100,71,66,53,25,8,22
89,58,88,62,75,10,2,2,95,77
63,37,42,28,6,4,59,9,36,25
31,89,49,17,80,53,2,94,43,45
38,53,70,99,43,62,3,92,54,27
49,24,86,65,43,59,69,54,42,64
54,28,62,61,64,28,85,11,26,100
12,8,1,53,28,73,67,12,49,6
5,11,17,91,6,2,62,4,88,30
67,92,85,11,28,17,22,51,40,55
24,35,85,94,21,38,3,43,67,84
45,81,100,13,35,82,22,97,54,51
71,53,4,14,30,40,62,42,77,41
22,60,42,23,44,13,5,69,66,14
40,69,44,89,74,44,23,4,65,65
63,3,26,52,14,41,14,76,3,15
4,36,5,10,11,77,94,37,52,14
64,96,94,6,89,97,32,77,27,28
26,20,10,25,5,10,64,30,75,67
46,16,54,40,95,33,23,88,49,73
43,98,4,25,50,89,72,82,11,11
2,95,13,70,80,57,35,28,72,8
83,65,35,92,70,74,81,88,66,79
84,81,98,12,88,25,86,32,62,15
50,86,43,89,77,81,59,68,42,91
83,61,30,45,2,33,39,46,43,9
71,62,40,69,56,60,55,52,17,54
73,75,38,14,19,28,21,51,87,67
66,32,86,47,37,81,3,19,35,80
57,8,90,34,33,62,55,8,67,95
29,45,18,47,96,26,48,31,78,89
18,74,3,62,88,39,94,21,42,50
59,99,10,23,1,53,42,4,41,27
53,30,86,41,20,10,16,72,23,53
96,5,70,22,78,86,83,68,90,84
8,60,84,40,60,67,17,69,24,64
79,8,63,91,69,12,53,24,5,77
43,10,98,21,11,89,93,66,97,18
1,54,56,97,69,18,13,54,67,59
17,74,9,47,6,55,38,85,82,3
27,78,43,3,83,90,46,92,91,51
42,38,75,20,20,89,36,67,26,35
58,74,77,79,66,24,14,23,78,96
16,95,81,48,79,51,49,62,19,70
20,51,96,86,72,100,83,42,77,85
50,93,49,95,36,25,25,97,90,38
45,48,33,20,69,33,26,52,79,56
5,42,32,50,52,92,88,50,85,51
79,80,6,77,63,25,57,39,60,86
59,34,36,39,34,68,60,83,16,73
16,43,9,27,1,86,81,53,100,61
83,77,68,41,71,52,28,65,26,62
24,3,24,87,36,62,86,17,24,57
91,8,58,62,55,62,34,35,53,27
88,89,8,10,21,85,98,50,71,75
16,35,88,15,23,36,90,34,57,52
57,28,82,72,3,7,1,26,64,79
18,69,16,41,77,4,61,58,40,70
98,96,55,73,29,61,75,76,30,46
72,92,50,72,100,7,88,99,83,99
97,76,79,39,74,48,18,77,36,21
68,64,38,6,86,22,36,31,90,93
58,69,38,40,60,17,23,67,38,31
63,68,96,82,27,8,83,26,16,66
85,54,58,17,53,68,10,78,3,98
7,15,15,76,75,43,97,26,80,67
21,63,83,86,45,37,36,70,25,26
61,96,99,32,4,2,85,60,57,93
13,81,53,32,94,40,8,64,56,77
55,26,60,72,82,12,25,7,54,24
84,19,94,99,31,7,37,17,19,89
34,88,32,63,23,16,72,80,44,31
1,53,18,86,13,50,12,82,26,37
56,86,70,90,71,28,19,22,20,14
47,31,11,96,68,41,29,26,50,97
43,10,79,89,24,75,94,73,34,89
58,25,40,53,43,94,70,100,49,28
86,96,82,17,91,74,1,54,11,5
74,5,37,12,43,78,45,25,86,7
51,83,81,81,67,51,26,51,52,67
31,92,9,27,8,45,82,4,51,13
62,34,94,18,23,82,20,39,99,11
31,52,42,44,85,85,76,99,69,26
76,91,21,61,14,76,71,51,6,73
22,19,40,92,91,11,62,60,82,74
93,14,61,91,19,17,62,39,52,60
71,77,25,74,3,64,38,14,25,42
91,37,22,96,12,70,19,94,87,44
37,86,85,62,2,29,8,68,98,50
36,100,11,37,54,78,3,68,39,67
5,30,52,85,13,83,21,75,48,25
33,66,21,90,93,30,100,22,35,30
70,63,61,8,19,83,64,59,97,67
11,33,52,16,8,67,2,90,65,71
4,11,6,62,40,77,20,29,38,15
70,43,91,19,97,89,19,86,25,54
42,68,15,63,98,6,23,48,32,25
90,41,92,66,59,38,45,50,96,6
91,57,2,87,86,68,85,98,11,58
21,67,6,55,32,59,43,3,53,5
33,10,87,97,6,32,92,99,19,45
36,18,19,59,95,20,1,27,54,94
30,89,90,69,68,68,12,77,51,71
58,63,59,93,82,59,6,8,47,78
92,47,78,10,77,38,46,72,41,48
30,10,48,26,51,80,22,83,37,29
97,16,16,24,94,28,40,7,49,58
75,60,71,75,39,63,26,2,59,15
13,64,41,97,80,40,28,84,10,82
26,46,67,97,76,20,53,58,12,86
59,74,32,96,51,36,90,85,20,90
31,20,34,30,41,100,57,31,46,60
88,24,73,47,46,37,89,69,96,57
54,34,88,100,10,93,76,40,16,35
64,85,7,54,79,19,83,78,74,44
79,1,54,86,97,4,24,18,91,12
58,63,57,10,79,47,6,62,62,61
78,29,53,65,98,5,13,29,93,88
95,66,18,69,60,5,48,22,36,70
81,56,42,35,44,87,83,81,68,77
44,28,41,53,59,82,79,76,4,18
90,99,24,55,26,6,55,93,30,82
22,40,77,93,3,46,11,46,88,55
91,50,3,40,43,84,7,24,86,92
76,30,72,53,93,17,71,64,22,99
48,66,85,23,45,53,94,80,92,53
92,64,56,54,49,40,65,19,83,48
88,73,61,63,24,75,68,57,99,68
9,79,32,66,83,95,58,93,13,34
94,43,6,3,44,85,85,62,95,77
85,54,22,21,12,49,6,65,83,92
57,71,60,12,26,11,20,9,86,47
92,84,41,63,8,57,22,75,56,39
35,43,8,39,82,99,24,9,98,57
2,25,14,49,38,65,61,58,24,38
53,88,43,76,24,25,86,45,57,35
44,20,65,13,54,60,99,33,80,87
17,98,31,46,83,21,86,8,77,83
57,42,1,75,70,33,82,20,76,19
49,39,76,44,80,67,49,60,81,63
32,28,77,54,76,89,60,84,58,43
29,26,2,23,11,14,87,96,74,28
54,69,49,37,47,57,44,62,96,78
4,16,1,45,50,4,32,48,67,34
93,86,73,13,42,61,22,52,6,70
72,93,84,64,88,14,92,92,2,95
59,27,49,49,29,20,71,78,19,65
27,65,97,51,84,40,45,65,61,12
31,26,82,62,30,77,47,77,79,54
9,100,98,66,68,1,77,82,8,16
33,96,25,32,13,30,67,20,65,65
11,84,99,27,10,77,18,43,43,27
9,93,46,95,83,19,64,58,26,52
48,11,100,32,8,99,91,2,86,59
99,38,70,11,51,31,92,49,18,73
36,10,97,15,22,36,19,22,99,27
75,51,52,55,90,88,34,49,61,87
14,80,35,44,15,15,34,99,43,72
26,79,90,10,60,13,63,18,33,52
27,78,54,63,84,38,14,84,77,52
91,80,58,20,29,96,86,93,57,55
57,41,67,85,36,95,58,63,93,54
23,54,8,63,84,57,70,34,44,60
14,8,12,23,97,13,83,38,10,91
48,69,70,65,74,93,3,28,16,55
27,21,33,4,20,2,4,54,53,50
31,53,87,31,17,96,9,35,65,96
13,85,6,74,37,44,70,37,2,100
38,77,46,39,67,15,60,1,26,84
46,35,87,1,62,22,3,70,37,86
97,75,45,26,93,91,100,9,96,71
96,11,24,98,45,40,47,74,34,2
62,42,61,48,5,48,49,30,65,77
3,34,45,1,51,22,5,35,87,88
45,21,66,9,96,7,69,65,74,45
75,46,3,68,29,47,67,39,86,75
15,86,62,82,26,4,98,6,65,26
22,46,15,66,31,62,45,48,22,85
70,60,71,95,92,28,8,67,19,73
74,23,34,86,15,76,43,21,41,21
96,82,71,92,81,49,96,84,63,13
93,48,82,57,12,22,26,51,96,37
42,88,37,72,21,33,79,18,24,11
9,97,6,86,37,89,89,35,44,70
67,9,59,87,98,75,96,44,95,90
95,15,84,82,19,34,90,88,27,81
37,15,100,63,86,7,96,52,98,6
82,44,43,46,78,33,37,56,11,42
92,26,21,31,8,52,45,43,64,46
69,6,51,9,21,57,54,70,12,15
98,78,18,81,21,52,24,84,11,46
89,58,45,26,36,33,14,30,74,86
100,65,90,97,1,7,17,11,89,25
88,52,48,21,42,11,71,49,33,43
15,31,44,56,65,27,4,44,97,89
89,10,80,53,40,14,46,64,14,72
51,32,85,31,16,63,96,12,91,30
35,40,40,80,49,41,83,52,95,45
81,33,12,26,20,36,5,16,23,47
24,70,12,49,2,76,26,5,25,59
91,69,42,98,14,95,58,79,49,35
49,5,48,61,25,85,31,63,66,46
12,97,70,78,47,24,37,88,65,99
11,55,22,91,59,18,19,61,81,52
74,69,7,37,88,77,83,53,82,23
12,80,96,15,13,40,12,24,91,17
34,2,6,10,28,32,72,1,94,75
92,84,29,1,59,53,63,59,30,12
85,66,31,31,48,35,1,36,65,21
49,95,6,2,14,35,79,60,50,74
86,97,88,9,97,60,13,34,62,2
57,16,91,17,5,77,8,52,77,95
44,25,53,93,3,20,7,35,97,35
53,35,42,4,48,11,62,29,18,86
7,14,78,10,3,58,7,36,5,100
87,95,75,52,67,93,47,59,44,91
78,30,54,34,82,41,53,65,30,21
57,61,64,75,86,74,68,9,99,28
92,33,52,53,22,73,94,54,69,85
95,94,91,100,79,18,6,7,35,41
47,32,62,41,55,90,95,42,24,25
81,40,14,53,55,85,60,70,69,43
51,94,55,42,25,58,34,44,74,89
53,53,91,60,85,19,98,59,99,75
22,14,38,95,64,40,66,40,71,53
14,15,76,32,69,98,84,100,72,26
28,88,45,2,82,70,12,36,93,98
96,64,12,47,28,25,4,63,61,90
87,94,19,69,70,1,80,55,43,65
14,94,96,25,37,76,17,60,72,64
38,53,33,49,61,23,95,9,42,33
8,54,31,18,4,33,68,87,30,54
3,25,66,74,12,16,24,73,43,56
20,37,28,90,67,23,75,34,9,30
11,80,71,25,18,61,71,26,46,79
81,41,81,15,41,23,9,94,54,72
100,43,49,21,20,98,54,34,61,38
24,69,91,89,43,77,2,67,52,27
14,37,84,4,61,87,45,29,6,22
16,50,87,45,10,58,78,97,39,61
37,9,33,67,1,98,99,25,62,47
72,80,20,68,34,26,34,66,53,44
17,7,80,30,72,29,95,97,28,19
70,85,20,9,19,77,19,24,52,89
62,59,25,22,19,12,37,7,88,72
95,96,96,49,60,46,41,47,2,35
70,9,2,38,97,40,58,70,89,67
58,80,45,59,55,38,97,61,89,95
33,91,7,3,10,87,54,17,42,61
26,61,22,67,34,97,47,66,69,77
28,32,86,100,64,71,8,11,31,5
95,76,36,85,71,58,6,33,89,68
24,54,22,95,29,85,55,55,65,28
2,48,81,26,54,45,60,56,59,71
92,69,9,70,84,19,11,68,100,96
63,81,34,11,81,16,15,26,54,9
46,56,95,62,26,36,13,45,76,6
63,84,58,49,77,78,57,50,38,91
74,49,91,95,7,25,38,55,62,97
84,29,25,81,69,27,2,11,49,63
27,69,28,69,39,39,64,81,6,2
48,93,69,71,80,3,22,24,77,76
50,71,87,90,18,32,31,58,5,87
96,13,57,70,45,14,86,12,3,3
55,73,66,15,95,11,12,81,33,40
79,13,45,1,65,16,89,99,84,37
88,25,87,36,33,99,4,90,47,73
75,83,3,27,71,19,34,14,59,48
82,73,14,77,59,80,87,90,38,26
38,67,83,78,60,56,72,74,60,57
73,67,18,53,43,11,57,49,16,33
8,18,4,50,86,100,71,44,50,52
63,30,53,75,98,82,2,45,34,18
3,60,73,47,16,8,46,36,53,92
92,65,90,28,73,13,59,97,72,38
63,62,83,9,32,17,37,57,52,38
51,78,58,80,33,28,50,46,9,58
61,70,20,8,53,54,14,76,20,75
17,24,75,67,12,93,72,100,12,38
90,35,49,36,72,73,73,81,3,5
66,28,29,59,63,16,96,2,80,31
27,43,46,23,74,12,80,68,72,17
14,40,33,83,17,35,20,10,68,76
61,46,28,20,13,87,34,63,53,58
13,89,14,98,57,37,33,3,41,10
21,83,25,70,65,52,95,11,12,71
31,41,16,22,26,76,2,50,12,12
71,29,75,58,62,19,84,67,63,8
41,31,48,32,95,76,19,95,70,33
6,70,17,6,92,76,18,77,64,15
83,36,91,62,16,63,64,83,37,55
80,53,50,71,75,99,79,80,11,16
33,17,94,83,17,92,36,67,38,61
58,9,89,54,27,47,79,34,38,61
13,64,9,76,49,45,77,81,71,35
18,3,60,71,5,44,98,66,93,35
72,66,7,34,85,46,7,18,94,13
11,42,50,92,44,90,5,26,7,34
36,2,81,98,71,34,72,84,19,28
78,30,10,18,28,54,41,90,49,62
84,1,23,8,48,7,5,94,86,7
50,24,17,68,30,31,22,20,87,85
83,61,52,72,23,44,24,41,27,6
17,17,76,80,38,68,46,67,85,79
53,44,44,60,60,6,21,84,48,71
98,9,8,77,30,57,12,21,51,57
81,33,7,13,51,42,75,12,47,24
30,14,67,96,35,9,100,3,97,5
52,61,36,78,98,13,35,17,85,45
3,39,14,76,69,41,55,15,61,53
51,27,28,84,75,8,15,95,57,87
92,49,3,22,18,86,14,79,34,59
66,93,43,42,13,97,44,1,23,97
74,14,26,50,78,58,62,44,72,17
2,96,40,76,23,21,65,80,71,22
16,56,4,72,3,10,37,83,89,40
87,15,65,86,26,49,75,91,75,13
18,59,53,41,8,38,53,96,18,82
41,5,92,35,82,69,55,40,19,84
39,96,12,22,54,82,63,45,15,92
45,56,77,64,68,79,36,25,52,47
58,61,84,8,50,6,51,58,21,26
35,37,15,4,42,71,91,49,95,53
14,18,15,42,43,32,32,99,7,53
13,35,3,23,66,21,41,31,31,38
93,44,50,93,91,12,16,77,8,56
54,55,91,57,76,51,91,62,59,12
95,61,96,31,42,12,13,74,96,62
59,84,76,85,31,66,98,31,68,53
84,58,68,8,82,47,57,13,54,75
62,19,90,46,33,98,55,82,38,38
19,97,23,47,80,96,48,90,100,97
36,76,70,52,96,56,32,79,33,98
21,8,37,49,100,57,98,77,17,94
6,25,3,92,47,73,40,16,35,36
29,46,88,87,28,79,63,65,12,54
26,83,15,63,89,20,5,26,61,67
1,86,28,66,82,4,52,99,92,59
49,36,87,82,63,58,26,16,4,48
26,81,34,11,88,30,40,74,85,91
11,15,7,52,56,45,59,23,73,5
42,93,16,49,78,84,80,49,19,61
96,31,44,43,16,1,12,28,69,18
77,31,69,1,28,37,66,31,71,12
12,83,7,8,58,86,56,7,13,79
4,7,12,42,75,61,89,97,52,64
19,27,28,2,60,70,13,23,96,43
32,3,49,16,6,45,74,67,93,15
58,12,12,85,87,59,13,94,60,67
98,92,37,9,7,64,43,1,62,87
5,42,63,40,79,43,71,80,45,13
29,81,79,6,67,44,82,99,76,79
21,82,74,21,94,1,89,31,6,51
46,23,89,40,94,37,54,1,64,84
35,42,13,95,13,34,87,47,51,3
66,89,83,57,54,24,87,6,74,18
69,99,64,56,12,22,98,47,44,72
49,72,4,73,6,41,74,77,3,30
82,57,71,93,47,90,5,18,58,59
70,32,72,47,61,81,37,64,18,86
14,41,72,80,30,28,48,18,77,81
95,23,74,12,21,40,15,15,6,44
56,12,54,74,12,28,31,40,81,7
19,6,91,60,37,6,70,85,80,45
34,12,68,95,61,53,82,52,19,100
89,80,28,9,89,85,100,20,49,19
76,39,96,26,18,71,64,79,25,18
25,8,65,61,68,64,92,47,31,86
28,90,74,75,56,41,94,64,16,65
97,41,83,93,83,36,23,50,50,55
70,14,16,14,50,19,45,84,77,72
2,48,49,99,74,68,73,94,89,13
68,52,28,10,53,46,21,80,38,87
90,37,96,18,55,10,58,29,53,47
96,96,17,88,76,62,45,38,11,48
18,13,23,48,17,35,82,36,15,1
63,55,35,88,85,72,27,28,77,4
33,27,65,92,20,58,82,43,90,91
25,84,74,33,40,28,85,73,32,66
50,27,37,88,42,18,33,58,82,91
38,63,40,54,28,62,73,71,48,79
84,68,61,9,37,73,98,51,41,22
34,43,44,48,17,46,1,70,86,24
37,43,31,94,19,43,37,24,1,31
41,53,7,40,65,39,6,87,12,4
19,57,20,29,26,11,23,79,37,56
90,70,37,55,10,84,100,38,70,74
59,68,28,26,82,87,74,28,26,11
51,37,3,12,93,42,99,57,34,17
68,20,93,42,58,46,91,5,82,54
74,10,83,89,95,43,93,96,7,55
15,29,92,49,79,35,54,18,37,87
99,94,58,95,56,2,74,85,99,76
35,80,61,42,55,27,69,16,61,80
29,77,57,90,59,7,39,88,94,54
97,77,81,43,29,19,52,95,93,50
51,42,57,42,14,76,82,37,58,89
30,56,59,49,26,53,2,72,55,43
57,82,68,63,96,32,99,14,32,74
19,87,95,23,71,46,64,50,77,39
15,87,33,63,7,45,46,26,53,52
41,92,24,96,51,5,31,90,4,22
13,45,20,40,36,68,79,3,20,89
15,95,87,43,40,42,36,24,34,64
25,83,31,41,55,34,34,84,41,19
52,93,5,68,19,22,24,1,61,100
87,61,70,42,87,98,42,80,52,49
2,76,2,54,74,98,83,1,46,93
69,46,39,22,43,90,83,38,88,35
20,69,9,29,31,40,56,60,47,10
81,81,47,29,98,48,75,27,26,87
70,61,52,62,85,17,66,65,73,12
79,37,84,82,72,4,59,32,67,55
3,52,60,40,95,37,55,13,10,22
58,80,90,67,37,11,99,12,79,49
74,99,58,93,38,8,25,66,75,29
35,79,7,33,56,11,77,74,3,5
5,27,61,17,76,11,82,26,7,93
33,85,98,1,76,19,87,1,65,21
14,1,74,17,78,86,20,74,76,56
26,91,52,35,56,21,31,91,7,49
94,54,50,92,35,44,20,85,32,9
42,8,92,13,81,42,64,20,89,72
71,77,34,12,81,87,44,54,83,27
14,82,92,26,75,35,80,82,10,14
35,13,93,3,21,36,33,1,88,61
49,57,71,100,93,36,69,52,30,93
25,57,27,53,91,44,81,50,18,81
3,18,20,98,66,72,71,26,65,41
61,40,70,35,53,69,12,56,91,30
15,39,35,11,4,92,13,72,23,7
1,29,71,83,54,20,63,38,87,34
97,2,45,76,93,76,73,17,30,40
15,94,24,25,53,74,9,52,75,72
38,55,13,91,72,14,96,66,95,30
35,10,8,19,4,92,40,46,55,37
68,1,58,13,81,64,61,81,17,8
48,90,52,22,49,4,4,97,1,84
21,54,52,60,19,64,36,41,17,24
84,94,87,14,85,15,66,4,25,60
27,80,81,23,44,70,52,53,37,56
81,20,32,68,72,43,10,43,24,19
41,12,97,28,42,45,48,55,76,76
63,37,67,59,91,49,23,2,29,48
55,33,81,38,74,79,3,46,22,58
77,51,30,46,10,96,28,67,56,21
53,64,50,100,25,24,45,89,29,2
18,65,24,92,12,27,37,53,41,51
28,20,42,87,15,49,1,42,58,23
21,70,77,84,51,75,38,70,81,29
61,98,58,15,84,58,1,99,97,47
85,15,34,84,99,92,43,37,41,35
98,20,83,14,63,95,39,29,34,22
84,37,31,51,53,98,76,58,13,49
89,95,50,38,81,100,63,61,22,55
14,14,50,2,18,95,70,92,54,4
66,28,73,83,52,22,26,82,89,52
72,83,34,93,12,57,20,20,34,92
14,48,32,34,90,63,2,95,96,43
47,18,96,74,35,53,39,92,1,47
89,80,47,94,43,33,27,67,52,69
16,62,22,1,83,90,15,11,58,23
2,24,21,92,42,44,81,75,98,70
31,55,97,79,13,55,51,21,84,33
94,51,11,8,96,27,70,25,79,82
12,36,29,43,55,47,48,67,36,2
10,9,43,82,41,72,3,24,53,37
14,84,28,18,16,61,27,66,24,52
8,81,98,3,29,10,13,47,25,81
97,27,78,80,30,97,36,7,88,52
9,59,96,27,28,38,45,5,37,63
86,57,92,16,63,4,35,95,37,95
94,72,44,5,77,100,60,18,7,26
30,27,27,80,19,72,98,66,23,22
44,48,63,75,33,13,69,63,9,36
48,56,74,14,10,45,26,43,100,49
73,54,80,61,48,91,86,28,33,46
25,93,45,28,68,84,65,26,66,32
17,9,42,31,70,92,15,15,13,72
14,13,64,18,73,31,4,49,86,39
88,90,38,27,29,57,4,92,21,60
99,29,24,27,80,79,81,83,44,6
33,91,64,53,22,18,20,99,52,12
97,61,60,70,48,48,62,60,85,53
70,89,55,84,24,18,12,4,100,25
41,13,23,35,4,69,66,61,43,45
38,35,50,6,78,3,9,15,19,59
62,95,27,3,3,52,9,85,44,31
89,55,35,26,36,77,95,41,58,12
9,98,26,29,74,14,53,62,91,18
22,70,30,36,8,70,48,77,57,97
79,28,14,50,58,69,9,23,95,22
86,24,36,56,90,58,53,46,1,42
48,24,21,59,58,60,6,31,33,9
68,84,84,79,54,67,14,57,21,72
22,59,55,26,4,55,6,88,74,22
61,9,47,63,78,74,73,3,25,5
63,88,50,35,87,36,63,89,92,57
6,39,86,4,76,71,59,55,89,43
33,77,67,72,11,14,49,95,42,45
51,71,5,10,60,20,65,19,86,71
90,78,87,41,77,36,54,10,27,13
95,93,27,100,78,25,67,72,19,34
13,68,68,11,32,61,98,62,68,90
64,21,70,26,63,61,37,37,33,68
98,87,89,5,26,90,57,41,13,16
80,40,3,14,85,86,1,7,85,72
60,76,2,62,87,46,25,5,48,89
61,61,27,96,96,66,96,98,9,20
90,55,85,1,17,6,29,17,88,56
36,83,50,10,29,43,80,70,56,25
75,65,61,14,67,87,82,35,53,24
88,86,35,31,67,25,94,37,44,89
34,47,4,28,77,17,14,66,34,86
28,99,87,89,52,81,23,10,47,28
1,77,79,49,20,99,64,50,90,32
45,84,71,18,100,96,91,66,12,73
43,49,58,40,65,18,43,99,100,61
88,87,32,34,55,82,24,74,84,67
89,92,57,16,79,4,61,14,53,37
12,16,91,50,57,18,24,34,78,62
7,49,35,20,48,96,63,2,55,86
98,7,38,71,23,47,67,71,18,72
46,76,50,85,80,2,46,82,100,37
30,90,41,77,74,37,28,66,12,84
100,95,8,23,73,63,25,60,6,88
25,5,97,24,76,79,54,54,3,74
57,19,24,92,44,2,96,46,51,17
62,30,23,15,49,25,98,73,28,31
88,12,70,86,78,28,62,4,5,62
99,22,19,12,61,24,21,71,29,25
15,66,38,56,99,24,94,67,87,76
4,93,99,16,79,15,97,27,73,64
73,57,43,14,47,6,26,11,14,38
45,8,56,73,18,10,36,65,1,79
98,3,39,58,4,71,94,92,27,56
4,74,62,99,75,46,73,22,60,80
24,41,60,49,23,47,93,37,86,91
58,47,9,37,35,22,90,93,96,16
68,37,86,48,3,43,56,89,81,56
40,54,23,45,39,11,95,17,90,93
68,86,31,59,32,69,79,96,88,51
84,37,54,99,35,22,29,7,20,73
73,62,90,45,68,81,84,48,96,75
29,55,27,34,74,25,50,36,37,17
64,3,89,45,45,96,58,55,37,73
14,49,66,72,48,34,15,44,4,77
15,93,7,78,20,58,66,10,90,47
26,41,62,67,27,85,53,71,46,49
74,60,47,47,46,3,54,32,76,88
99,38,73,25,93,29,86,61,22,58
68,47,12,86,28,36,65,66,80,9
59,21,92,24,88,12,59,58,5,21
96,10,31,3,22,65,8,60,74,53
78,72,35,49,63,74,75,13,45,100
42,14,21,2,18,54,99,92,63,73
5,39,53,54,86,13,40,72,21,50
97,10,65,34,62,26,8,90,54,33
83,58,9,51,22,4,31,93,66,84
51,69,91,95,36,25,70,10,95,66
69,3,100,21,79,24,73,49,97,17
30,53,32,81,5,17,71,45,4,95
26,87,50,83,75,44,96,65,42,59
50,8,11,99,4,100,36,15,61,46
96,29,29,95,95,35,82,56,1,75
21,3,22,35,75,59,28,77,35,46
84,36,99,76,5,95,17,53,39,72
37,40,90,13,3,26,54,72,8,85
47,38,39,24,50,81,26,32,44,65
63,57,52,16,9,99,72,91,8,67
42,52,32,6,96,16,7,3,99,1
68,11,84,21,80,21,98,82,53,70
26,40,60,89,71,45,45,60,62,86
85,16,43,93,30,78,68,29,74,12
98,70,13,98,35,20,40,73,30,65
86,96,3,24,55,51,8,81,69,59
89,66,35,54,43,16,54,6,61,56
96,9,73,79,46,72,49,96,15,66
42,69,62,4,23,22,7,8,77,83
34,92,30,18,48,10,64,16,32,38
90,78,72,73,79,77,65,30,6,21
64,60,88,18,89,15,2,3,78,1
15,83,28,29,100,22,74,80,35,36
81,67,98,15,53,96,32,44,43,42
8,31,48,94,85,47,86,95,15,33
84,13,69,27,63,35,52,78,70,94
99,4,97,96,30,64,41,56,6,95
34,54,99,4,87,59,2,62,99,30
84,68,23,27,72,62,70,33,51,84
90,97,73,50,2,95,33,61,22,90
77,4,91,9,20,28,58,30,61,95
89,36,45,14,65,64,84,30,78,52
47,86,13,90,1,16,41,17,28,6
31,80,61,48,12,44,42,3,61,43
42,30,81,6,94,95,84,83,74,53
88,81,80,77,30,14,63,36,97,77
10,51,75,100,97,35,6,80,70,22
20,13,95,41,29,32,91,15,22,19
88,43,43,86,64,48,70,37,44,53
4,23,73,84,54,29,96,4,54,3
100,24,62,36,1,9,100,99,96,20
38,49,65,58,60,94,14,59,75,75
60,97,28,85,59,36,3,38,73,77
22,76,39,21,77,8,95,54,71,6
9,5,16,4,13,51,2,49,36,70
76,82,87,70,58,89,3,67,39,2
26,7,9,57,72,2,9,97,36,48
13,52,50,27,65,48,11,30,56,78
39,34,89,72,25,17,85,73,12,55
65,15,65,46,49,24,71,68,3,24
12,94,54,100,30,16,10,50,6,59
32,76,37,75,2,38,52,90,71,20
80,26,94,87,60,85,72,47,19,41
91,26,47,87,46,19,48,89,46,74
2,46,61,36,77,95,17,49,47,93
54,94,29,25,50,79,38,82,6,45
94,70,19,85,28,50,15,82,38,80
16,82,44,22,7,2,50,80,12,72
66,78,2,5,96,47,52,95,52,89
23,3,15,7,98,30,3,26,96,68
32,89,44,20,49,15,16,50,78,67
7,19,94,30,98,100,9,55,51,72
29,87,42,65,74,75,60,61,10,45
96,50,74,15,16,25,9,74,71,4
66,36,4,63,53,57,31,93,14,30
93,41,8,67,8,98,37,76,60,41
25,57,58,8,46,95,82,9,66,34
47,9,94,25,65,13,17,18,96,92
45,15,43,72,72,60,34,29,58,40
74,50,70,48,58,54,100,87,58,53
13,12,93,89,71,32,39,42,13,3
45,76,75,57,71,65,10,59,57,92
6,33,92,15,46,3,26,23,21,8
81,87,84,97,77,17,97,6,40,39
63,23,43,6,40,97,10,8,74,3
9,90,30,77,61,36,94,92,53,67
89,59,31,36,57,98,75,36,64,78
51,19,27,75,4,15,78,17,56,56
20,57,34,42,44,52,17,66,36,87
60,44,2,94,11,33,81,57,99,39
95,73,35,61,64,42,43,64,96,86
2,13,5,42,13,34,72,21,49,30
88,94,99,32,49,28,100,10,57,67
49,25,100,95,92,57,83,88,87,83
45,98,41,7,98,66,50,97,90,61
91,62,82,79,26,78,100,70,87,41
44,35,19,5,68,68,47,43,92,70
23,18,4,1,24,55,96,81,2,93
55,57,72,85,72,36,91,72,23,37
56,6,74,10,59,35,85,30,41,61
57,63,61,22,85,50,96,66,93,97
87,61,45,98,1,46,78,89,66,2
84,31,70,56,75,27,86,98,22,68
42,76,21,21,41,71,27,78,48,48
79,28,47,51,89,18,6,27,21,16
15,9,31,19,1,81,74,30,97,95
1,98,41,42,98,80,25,63,97,16
62,19,52,99,9,47,59,64,52,36
89,67,89,75,12,59,54,35,48,26
80,25,70,20,13,12,57,31,78,72
98,12,53,98,72,76,67,86,46,47
58,91,10,89,91,40,18,58,99,99
63,34,5,52,48,20,42,87,91,60
36,34,25,75,7,97,3,71,4,49
95,84,12,90,100,5,67,96,41,69
93,17,61,60,99,69,66,84,39,96
34,41,3,4,96,50,77,37,55,58
47,100,94,85,90,88,44,35,21,92
69,83,1,31,97,48,85,66,37,17
89,30,79,86,44,11,99,84,48,60
95,65,35,46,88,14,45,13,2,28
23,54,36,21,96,53,4,83,81,73
77,94,88,73,95,94,22,21,86,83
68,22,81,54,38,43,18,33,98,41
30,2,73,35,61,45,1,21,84,31
68,3,38,93,70,9,73,52,52,15
59,64,71,71,9,95,97,29,34,54
93,21,70,64,57,1,78,24,22,6
77,4,76,27,68,73,95,22,42,32
18,6,94,40,1,44,43,60,95,20
14,43,71,10,80,65,38,66,33,85
58,84,65,95,34,12,56,11,90,58
27,35,79,19,11,77,88,51,25,95
22,17,41,79,8,80,22,34,91,18
3,88,44,71,44,51,71,34,86,32
59,41,8,12,96,22,59,90,20,11
96,18,7,20,14,29,59,100,38,25
92,5,85,19,53,100,90,88,66,17
22,36,46,54,7,100,54,21,47,51
92,32,82,4,81,43,26,92,88,44
62,14,27,68,97,5,34,76,3,73
62,60,4,48,79,88,35,52,25,52
100,26,8,72,99,66,41,41,66,64
2,7,89,71,78,88,11,89,99,14
89,44,71,59,30,28,58,89,30,82
38,45,51,35,70,93,36,1,25,4
34,52,73,37,92,29,74,45,32,73
83,95,50,42,55,95,94,23,56,14
70,49,54,38,41,50,3,82,84,13
37,83,50,85,51,87,4,13,50,25
42,94,38,86,93,1,13,17,55,61
89,73,44,84,12,12,21,62,91,29
51,47,42,44,25,12,1,70,100,57
14,8,75,47,1,89,41,66,58,17
55,19,49,13,9,96,89,97,100,94
47,74,35,81,31,1,90,63,31,66
26,100,45,48,81,58,87,46,97,24
37,72,84,75,91,73,54,35,97,59
60,81,42,38,48,45,88,74,69,97
95,81,100,58,27,81,13,65,21,64
4,80,94,64,79,95,13,1,87,78
78,5,18,31,91,50,13,22,41,49
46,10,19,69,24,30,3,85,50,36
92,52,97,68,30,85,65,36,2,18
56,82,46,58,42,18,52,23,59,64
75,54,58,61,100,33,85,69,93,90
21,45,97,83,66,24,20,39,20,66
70,43,66,32,80,29,25,72,57,82
92,7,6,96,39,52,47,52,56,34
75,53,61,10,37,8,93,35,55,34
74,85,15,7,50,22,89,37,49,52
87,20,86,17,11,90,83,88,73,65
80,73,86,30,43,89,5,39,84,96
29,88,69,96,67,69,77,32,20,100
84,36,74,98,77,88,5,22,20,87
62,16,82,87,83,45,49,23,24,30
80,54,23,49,17,92,68,57,13,3
21,25,92,57,41,92,82,57,84,81
9,100,50,53,85,63,19,94,37,38
14,59,76,15,90,59,18,5,88,47
56,87,67,6,54,40,24,13,31,91
98,22,99,97,52,76,28,11,41,99
44,100,59,17,12,44,22,14,86,97
64,34,53,100,37,61,63,40,83,32
29,26,42,81,22,74,88,75,31,21
98,76,95,96,95,99,71,14,30,11
99,40,54,19,17,12,42,16,100,10
31,67,72,43,91,70,20,96,84,39
74,30,66,15,88,81,22,82,37,83
22,24,94,52,9,10,33,1,75,33
49,67,71,69,89,16,59,54,64,63
14,80,46,22,97,10,94,10,18,17
57,74,30,29,33,69,45,58,69,5
52,83,55,64,98,25,8,3,33,39
72,12,21,74,59,96,19,81,83,76
15,15,98,35,57,51,63,38,92,44
43,81,5,55,12,35,53,64,42,43
70,8,88,42,7,45,43,38,7,40
81,53,31,34,91,81,12,87,22,79
22,74,76,90,26,10,58,76,13,100
38,30,20,14,19,21,9,29,9,94
12,50,54,34,31,90,67,10,76,29
76,75,85,73,87,88,11,29,37,96
44,62,29,44,54,88,80,4,22,78
32,9,52,21,1,3,54,49,81,56
58,60,7,31,9,42,22,96,97,52
78,4,89,72,43,14,93,100,64,56
11,98,90,50,77,12,91,65,26,17
69,66,91,49,74,30,72,91,87,1
70,6,44,22,73,47,23,76,43,31
13,65,74,21,41,16,72,26,92,21
66,28,32,12,5,31,96,92,84,83
14,4,93,24,20,69,62,58,39,7
86,34,36,92,74,49,93,33,37,84
14,10,48,95,10,46,55,41,45,87
98,66,64,7,47,91,82,79,25,71
70,16,41,64,38,2,20,63,70,35
89,8,26,8,7,32,86,37,58,98
71,50,66,7,85,45,46,38,54,97
14,97,51,59,42,26,83,63,17,33
34,56,41,61,48,27,33,45,35,25
52,95,43,59,95,23,85,21,92,89
20,73,99,85,26,28,86,90,84,32
20,50,52,54,76,59,29,85,6,66
93,34,80,22,95,63,66,61,43,95
37,53,14,91,67,26,51,79,86,6
22,15,10,98,24,58,23,43,13,1
88,6,65,71,34,16,32,19,33,94
73,15,17,28,51,36,36,55,100,4
3,100,2,40,3,53,80,18,48,70
15,65,36,72,94,33,60,3,37,79
50,17,92,7,74,10,53,57,97,48
92,88,25,5,5,47,76,47,95,67
52,99,79,39,44,48,49,91,40,33
76,62,26,81,36,99,77,60,25,39
82,80,82,57,60,49,60,93,46,67
22,84,61,19,7,20,2,28,17,2
97,42,47,33,86,19,45,28,20,88
14,39,88,20,37,17,19,64,100,40
38,46,36,35,57,44,73,77,50,78
52,93,47,19,90,78,94,78,60,54
87,33,9,55,48,78,22,29,67,33
38,62,26,2,79,27,28,68,70,29
69,21,7,49,48,61,37,63,14,79
11,76,1,15,37,99,67,8,33,13
3,40,22,47,21,38,46,45,71,38
24,18,72,28,94,25,11,71,60,77
60,71,59,24,61,60,68,5,32,94
74,37,41,51,5,39,76,8,79,21
62,10,39,57,56,5,73,72,10,81
100,22,13,97,54,40,20,38,17,89
19,70,19,53,63,54,62,26,14,93
62,30,40,95,70,56,64,29,63,23
93,7,94,97,26,70,47,68,33,33
70,89,66,41,44,23,1,29,96,88
66,56,30,45,39,32,78,96,5,81
84,14,62,19,59,81,59,13,81,29
87,14,16,18,33,20,97,15,84,37
14,75,39,69,37,77,26,69,19,49
17,87,78,4,11,54,29,19,78,56
45,22,16,18,9,53,91,15,16,80
48,31,44,60,9,23,7,77,15,97
27,31,89,37,59,17,75,10,66,83
62,92,54,5,81,21,74,15,49,100
51,10,38,83,27,17,99,34,90,51
51,75,67,17,87,16,80,10,100,11
100,15,79,56,82,38,29,65,85,67
71,67,17,90,34,59,12,88,14,3
10,70,30,80,58,40,27,9,14,82
62,24,34,88,11,93,6,97,3,19
15,64,69,1,77,85,68,66,67,58
71,26,7,13,46,41,16,17,68,73
38,25,80,20,56,22,65,60,8,27
99,14,72,92,79,47,44,1,75,73
72,49,4,12,9,85,39,12,28,47
16,95,5,67,41,41,95,52,51,30
34,23,68,46,72,64,34,34,55,31
60,66,99,38,44,15,22,18,1,35
75,31,28,77,34,90,18,58,35,98
21,98,71,90,78,68,5,16,72,14
20,9,58,2,26,92,44,86,80,6
45,97,23,1,92,79,49,94,48,42
5,38,51,3,42,34,99,82,24,51
45,51,24,16,36,41,74,42,70,28
37,57,5,46,35,45,67,80,98,58
46,90,44,90,37,50,44,40,50,38
99,30,12,32,10,76,6,100,78,67
2,5,48,54,96,79,73,66,87,95
75,29,45,12,43,44,13,20,51,23
61,29,64,74,20,23,90,17,74,84
26,15,56,40,10,14,63,84,10,72
8,83,79,53,64,46,68,100,49,89
29,57,8,86,79,7,55,54,7,67
18,6,16,4,4,79,53,72,9,59
46,24,18,41,18,21,62,22,72,74
33,80,99,10,9,51,43,50,55,48
23,24,51,44,23,60,72,60,86,39
6,90,21,74,54,7,35,81,72,36
87,94,93,15,28,100,7,91,87,95
56,25,65,94,46,30,79,63,97,6
90,91,96,33,69,2,33,42,73,30
19,17,23,55,59,25,98,15,11,45
16,48,33,43,87,69,60,12,21,80
67,66,54,65,12,12,71,96,93,13
37,79,80,70,63,51,8,52,93,100
9,32,9,2,70,80,67,96,31,36
60,5,47,98,46,100,16,31,86,70
62,73,42,11,83,47,14,82,13,32
65,35,66,31,68,88,29,44,82,16
38,1,92,80,18,94,74,34,63,66
41,21,45,77,90,39,6,65,39,84
56,93,78,56,52,54,17,86,59,10
49,56,60,34,90,6,21,3,61,64
62,9,54,34,32,66,86,86,64,83
24,68,33,89,14,77,99,87,10,36
61,83,18,96,14,63,43,52,40,47
7,10,62,82,86,8,33,42,30,81
72,49,47,68,25,88,59,42,33,80
71,54,85,26,47,88,36,96,92,82
59,33,44,77,96,74,12,80,4,35
100,55,44,100,31,77,2,37,60,100
86,39,82,45,7,79,72,45,58,25
54,22,56,64,34,35,85,66,97,32
11,90,19,41,27,26,79,2,5,60
6,45,41,30,30,76,19,24,25,54
96,85,15,40,100,87,46,100,97,48
35,89,74,67,76,42,86,32,10,28
14,53,13,12,15,32,79,76,32,37
54,22,7,61,20,55,30,84,4,28
77,35,24,45,84,67,23,18,12,81
41,29,65,2,37,54,50,77,62,36
64,53,45,14,16,38,96,51,18,87
12,45,15,36,84,29,84,19,13,10
50,65,94,59,47,13,13,91,18,94
50,98,29,65,68,67,7,64,71,45
73,20,30,37,88,74,56,89,62,6
13,61,4,22,33,69,72,56,88,64
3,68,84,54,98,18,83,42,1,80
13,92,40,8,91,9,84,45,97,41
38,23,38,33,59,59,67,31,100,52
16,20,35,53,7,76,95,96,65,49
19,5,12,87,94,26,80,73,30,15
24,69,72,63,99,43,63,13,5,42
43,52,51,20,11,17,26,22,91,54
44,61,41,89,36,52,70,18,55,28
45,88,66,67,74,93,100,19,13,3
18,31,70,23,99,14,14,94,60,53
77,36,43,47,100,55,43,80,4,39
1,75,51,63,61,50,3,78,87,7
17,100,14,1,31,46,18,68,92,22
41,10,54,40,86,52,37,52,9,51
31,10,64,25,35,45,14,24,46,64
82,16,91,15,42,3,56,84,58,97
38,60,40,98,23,94,80,39,10,8
60,5,80,18,33,73,67,85,35,19
17,92,69,30,13,97,44,64,38,93
93,67,38,77,75,71,100,71,12,96
86,47,51,19,88,76,90,34,55,30
68,38,52,78,88,95,23,34,27,100
27,72,3,100,67,29,60,53,98,5
95,6,29,69,37,5,48,78,35,18
54,60,58,91,30,57,26,57,8,40
24,32,76,54,3,49,25,77,15,59
13,65,18,62,24,77,96,25,62,19
68,67,16,23,70,90,8,51,63,1
87,50,27,78,84,21,46,85,10,8
83,3,52,11,34,69,75,9,4,70
72,55,57,55,73,28,2,59,98,69
95,45,53,25,95,84,64,54,42,80
67,30,33,81,3,14,14,62,9,83
57,28,32,68,51,19,14,15,41,40
12,43,33,51,100,42,84,28,79,38
9,23,9,54,79,3,35,100,30,70
100,14,29,42,38,2,64,51,76,19
23,26,40,45,4,14,24,50,70,55
18,98,12,6,18,41,12,26,77,14
7,30,41,100,62,95,6,29,83,38
66,39,17,71,42,39,71,54,76,37
89,11,23,9,98,100,48,24,34,43
49,49,78,54,58,36,32,17,97,73
76,56,57,13,53,90,9,33,54,52
47,64,72,94,54,88,53,75,53,100
95,69,45,36,19,70,31,1,23,35
80,25,87,81,63,82,44,90,83,91
50,46,42,80,68,79,87,49,28,22
80,63,78,24,48,38,67,65,86,11
4,15,94,35,78,57,93,99,27,1
36,12,53,21,6,71,45,32,82,9
23,79,33,9,35,77,88,80,15,86
42,79,90,23,77,22,34,25,81,64
46,95,90,51,22,69,36,96,46,58
22,16,87,6,28,96,80,63,5,60
70,24,18,44,65,83,94,23,69,78
36,55,83,2,80,99,27,96,64,84
36,25,48,89,98,53,44,31,28,89
31,10,49,30,17,93,45,80,94,26
20,97,78,35,100,48,14,30,93,49
58,32,23,90,64,38,65,81,43,45
96,71,42,16,23,23,61,87,17,65
19,95,2,4,75,79,10,46,1,75
35,53,50,12,44,67,10,84,83,89
40,14,14,64,100,73,88,28,39,85
69,79,48,60,86,97,78,86,18,13
3,83,91,12,4,82,16,50,5,1
83,25,60,78,28,76,19,25,41,55
65,94,35,46,80,45,17,9,22,64
63,34,33,94,32,69,52,3,59,34
91,25,54,14,10,72,35,21,83,29
12,7,60,71,100,13,2,45,7,80
7,63,76,54,34,36,7,35,63,29
78,51,27,86,51,66,62,44,90,22
14,38,83,90,22,76,17,12,93,47
24,18,45,96,77,11,1,20,35,94
53,76,69,6,85,63,24,97,47,9
12,2,35,60,53,24,40,22,84,17
27,76,33,26,7,84,97,16,28,24
75,48,1,51,47,99,40,85,43,11
38,25,22,44,70,58,65,45,95,78
73,96,11,99,79,57,28,46,2,52
55,15,82,2,86,56,7,28,32,27
29,72,34,53,40,90,44,87,48,77
93,23,27,74,29,49,72,50,30,32
41,70,10,26,48,72,27,2,20,34
98,100,52,50,98,52,31,84,10,16
66,99,12,98,74,27,22,2,99,73
99,93,40,33,51,28,71,17,100,83
94,8,2,2,56,10,26,29,21,6
89,27,55,53,30,85,94,93,60,63
54,92,6,50,70,58,47,45,15,37
32,8,83,69,38,26,41,87,92,28
76,89,17,1,15,32,61,83,37,12
45,73,22,68,96,64,21,38,70,91
19,85,98,62,18,71,91,11,79,44
62,39,55,36,24,22,96,28,51,73
14,7,19,94,44,50,65,89,7,25
58,88,14,8,64,28,96,5,92,67
24,42,39,75,92,2,70,50,53,45
2,65,10,6,86,8,29,89,73,25
94,96,62,14,36,9,38,53,12,83
56,3,52,42,60,29,58,57,87,53
24,73,93,8,80,44,65,38,94,13
61,39,4,79,57,70,81,53,27,10
39,73,89,39,59,77,10,95,24,67
25,48,35,57,37,74,45,27,24,22
13,25,22,9,46,80,57,51,35,69
22,8,3,91,90,7,13,82,32,10
6,58,85,75,26,61,3,53,43,38
94,78,22,90,48,56,41,75,95,74
100,62,44,63,25,94,10,96,60,29
50,22,13,34,78,25,98,76,38,25
7,57,76,8,72,96,43,15,23,3
14,1,40,16,14,27,85,21,97,57
67,54,79,81,47,76,50,90,26,11
61,97,30,9,90,67,16,28,17,81
37,60,49,80,25,20,81,11,81,95
86,2,67,34,23,99,84,58,15,18
94,78,49,42,62,12,57,51,74,86
51,6,2,34,66,84,35,10,42,13
49,90,61,22,9,58,59,39,6,58
43,1,82,78,86,81,92,30,5,44
51,81,8,56,86,4,77,21,17,73
52,14,31,99,100,60,46,36,7,62
51,56,48,100,85,66,47,33,80,30
67,24,87,20,22,89,53,61,42,5
98,58,9,47,23,79,58,60,68,53
89,63,85,7,47,85,3,8,31,61
12,67,4,1,52,38,37,38,29,11
91,23,82,11,19,30,47,56,81,95
38,65,2,80,39,90,8,4,53,42
92,79,56,71,71,72,9,42,1,23
60,58,50,29,27,12,6,42,100,74
40,22,16,77,94,66,57,14,64,17
22,45,88,51,46,55,82,59,9,64
85,73,68,69,15,26,76,29,37,8
66,92,7,60,52,4,26,9,81,79
50,77,29,39,64,41,61,97,16,100
73,16,34,42,47,36,52,68,46,58
94,91,88,8,4,100,63,45,87,89
32,100,70,61,25,5,42,58,10,18
51,25,13,1,86,76,36,54,21,19
69,26,92,84,26,40,61,39,2,38
21,60,17,1,85,64,56,44,5,24
42,98,11,18,36,66,89,39,21,3
82,43,58,21,83,8,63,5,92,53
31,85,14,12,82,55,6,17,97,34
4,67,62,69,25,1,9,79,65,52
19,29,88,40,28,7,35,82,29,60
58,83,10,17,66,75,79,70,84,57
14,99,29,43,10,17,8,72,36,60
79,6,15,45,97,27,56,42,9,30
10,59,79,23,83,19,46,74,99,95
49,44,84,43,10,28,85,45,33,79
37,56,69,85,72,81,2,71,22,80
49,89,57,25,71,77,2,13,48,21
42,86,44,19,45,91,69,86,42,87
42,69,3,43,88,10,6,51,89,78
26,9,37,62,60,21,26,60,98,6
43,92,87,34,48,30,99,64,59,95
10,76,57,90,1,50,35,17,63,52
32,50,61,11,6,66,69,16,98,94
70,1,73,4,75,80,10,46,62,48
49,12,44,35,52,94,38,44,59,41
56,17,17,5,83,72,26,55,15,30
92,61,85,1,74,75,20,25,78,65
56,15,88,22,10,22,12,57,100,24
17,37,69,71,15,23,18,97,84,30
97,9,35,54,51,81,95,99,80,92
5,64,73,60,44,69,55,64,12,29
60,41,9,9,16,75,47,22,77,82
18,52,23,48,49,65,39,60,89,53
38,65,42,8,11,25,95,15,53,56
71,64,9,3,24,65,81,21,87,2
88,8,72,65,95,87,72,57,35,25
4,16,94,9,83,72,15,54,73,69
58,72,58,55,91,32,100,1,62,80
24,61,50,30,72,88,93,75,7,13
19,50,63,100,19,28,24,78,98,43
93,58,48,66,28,56,21,78,44,98
72,68,18,54,77,19,97,93,70,17
84,45,31,63,39,73,17,45,53,49
97,5,8,39,66,52,88,48,72,80
79,7,2,67,57,34,65,92,55,57
14,22,79,19,96,52,97,4,92,24
92,33,12,10,1,28,59,23,14,10
64,90,10,27,99,95,79,72,23,41
47,12,87,11,41,27,3,49,89,99
23,35,35,64,82,12,95,67,30,41
5,17,9,1,58,83,58,52,29,82
56,25,67,38,51,31,39,2,74,31
75,83,15,60,85,7,73,65,52,33
36,98,93,3,28,65,70,14,87,32
3,85,76,91,6,22,61,48,85,48
100,98,23,62,27,96,35,19,61,91
93,52,49,71,94,50,40,5,44,19
77,85,28,52,38,38,69,68,6,57
53,80,40,30,59,84,97,78,63,2
75,78,81,33,60,50,42,42,58,68
36,36,20,29,5,63,97,20,30,25
73,1,29,39,11,72,54,57,15,44
47,47,71,54,9,32,43,63,81,63
78,53,53,2,14,42,68,6,40,85
30,34,47,46,100,41,13,92,9,87
62,99,96,32,5,16,14,19,30,76
78,79,33,23,85,34,65,20,99,29
7,80,38,19,87,78,51,96,34,67
65,59,20,45,9,69,21,75,89,10
51,17,65,2,59,76,10,12,7,2
94,18,100,84,19,26,56,99,97,56
97,4,99,39,73,35,92,34,35,37
58,31,66,82,5,41,95,47,81,26
70,57,33,38,84,14,69,2,100,9
92,37,40,24,97,75,32,71,90,84
43,64,11,9,94,28,47,33,96,7
76,30,65,44,96,95,87,25,44,50
80,47,28,45,65,1,65,27,48,44
66,14,38,53,65,32,21,31,61,26
54,4,51,13,78,65,7,23,20,81
40,6,64,79,100,30,97,32,74,26
29,60,52,16,23,36,88,44,37,91
99,98,52,40,59,36,51,42,19,92
89,42,66,57,36,49,78,53,8,12
27,81,55,61,30,21,91,7,53,19
95,45,20,76,53,69,33,42,29,88
84,18,25,95,90,17,10,51,9,99
60,35,63,60,48,31,89,76,94,66
18,73,81,66,31,77,31,11,80,2
70,88,71,45,33,92,43,63,50,76
34,58,37,6,84,67,76,13,87,69
3,81,20,24,26,52,20,67,1,44
41,42,38,48,25,38,89,91,14,30
100,74,16,47,98,3,40,96,99,14
81,13,57,36,11,50,52,98,13,41
94,77,63,78,4,45,56,1,99,81
42,39,89,61,44,40,90,88,60,88
22,53,39,75,27,49,51,67,34,80
42,58,4,96,20,12,92,19,59,15
17,23,6,61,41,47,7,65,10,12
43,35,79,48,6,31,60,66,10,32
49,87,83,84,54,83,9,30,97,19
33,27,73,23,12,22,13,36,72,31
19,19,99,31,20,76,28,1,79,63
36,9,1,27,77,60,8,93,63,13
16,46,70,39,91,78,5,60,75,37
42,34,1,96,82,17,55,54,18,89
90,86,67,3,49,77,2,79,5,84
84,8,88,80,48,11,26,89,2,3
67,94,40,44,20,85,50,32,85,4
93,41,98,58,5,39,56,53,3,15
96,82,34,90,69,53,58,58,65,83
41,22,72,49,7,9,63,95,46,65
46,32,98,79,6,1,8,66,23,48
37,77,7,43,79,53,88,79,76,28
9,16,86,87,61,68,7,79,24,19
92,84,51,100,58,25,86,67,56,16
63,82,52,47,94,72,97,61,49,32
71,83,41,6,46,73,6,72,44,13
14,38,95,23,56,77,6,99,58,95
5,26,14,11,22,20,91,22,76,7
66,32,55,98,9,79,92,87,30,49
18,90,88,58,59,35,47,78,88,53
99,90,64,63,49,48,66,100,55,27
99,51,83,4,54,8,92,68,77,54
2,85,51,88,8,56,10,27,66,11
82,18,18,77,7,40,91,24,21,15
32,7,19,4,81,85,72,85,59,24
4,90,11,23,74,82,85,23,76,17
98,59,22,48,25,24,49,8,69,95
21,91,34,1,91,68,63,23,5,48
48,38,8,73,24,21,79,68,85,14
78,78,99,72,45,17,39,88,18,46
17,74,49,27,37,7,25,54,7,49
3,65,74,4,42,64,99,24,30,39
98,98,68,6,69,46,48,26,12,29
81,8,21,97,3,68,3,95,68,17
75,26,72,13,67,52,32,61,71,55
46,48,50,13,90,93,36,24,41,75
8,94,63,82,59,31,42,31,77,12
52,93,15,60,83,84,11,28,34,10
91,72,100,77,89,49,77,51,36,18
7,24,42,55,71,65,26,79,16,44
11,41,52,58,93,42,17,58,66,42
13,38,86,54,8,79,41,51,84,42
94,54,39,1,59,37,49,27,14,25
6,32,69,71,99,23,43,91,49,82
94,3,7,17,22,70,8,54,82,98
100,32,97,83,1,75,56,8,62,84
10,54,80,73,2,24,32,87,89,94
66,7,2,48,47,20,18,32,56,97
76,27,18,85,7,4,28,55,52,13
89,97,20,20,26,19,19,56,87,86
42,34,9,92,24,25,30,87,50,25
38,35,79,60,65,4,4,94,12,50
98,66,6,13,13,43,36,65,23,29
11,80,29,77,34,30,51,72,43,49
4,14,44,94,96,50,73,66,26,49
86,48,93,87,15,88,52,47,47,74
80,22,28,9,46,31,48,27,1,13
81,79,11,56,13,79,96,85,24,91
89,70,68,76,92,86,14,56,96,58
43,4,65,17,11,95,26,96,85,79
66,8,48,57,66,81,77,38,41,45
90,75,58,39,83,50,27,94,96,11
49,80,35,82,63,3,36,69,54,14
14,27,48,78,51,62,31,59,31,88
34,12,99,9,4,80,86,70,74,37
88,60,39,95,96,39,46,84,98,88
13,38,30,68,9,54,96,61,66,53
66,89,38,97,93,59,14,48,10,18
52,87,27,25,53,26,9,64,40,19
87,87,81,3,43,97,72,43,53,97
51,31,98,84,59,20,36,47,85,40
46,35,57,24,21,96,26,54,94,90
14,51,96,7,49,88,75,3,53,6
10,68,75,76,33,50,22,7,76,31
36,54,44,6,22,24,74,82,48,47
56,98,90,3,88,1,66,92,31,89
89,79,71,49,55,44,81,17,73,64
83,50,12,76,50,62,50,33,5,35
32,93,10,57,91,89,75,93,23,81
97,61,74,32,42,90,92,30,11,60
43,89,90,10,32,23,34,98,13,88
17,53,93,48,16,90,9,21,79,65
64,25,1,3,74,25,89,40,77,24
93,30,97,92,98,85,38,1,42,85
90,93,36,56,39,63,24,25,57,20
21,62,76,58,17,2,84,81,12,75
91,33,81,8,58,23,18,72,65,29
36,33,90,74,24,54,66,77,86,1
76,20,34,28,81,75,62,86,79,6
100,75,89,59,48,74,88,84,85,38
7,31,86,68,7,31,12,87,71,77
23,52,23,85,36,100,97,58,19,75
96,85,48,62,35,58,75,78,34,41
3,14,86,40,46,1,81,14,93,40
1,73,3,8,94,94,22,80,19,86
53,66,9,58,99,53,39,7,49,98
9,6,9,2,10,33,91,51,36,87
49,58,41,53,45,56,44,6,86,63
60,58,95,14,74,6,13,88,26,74
72,1,76,23,39,62,75,53,28,74
55,87,39,69,79,6,20,57,93,3
7,23,57,67,27,27,61,12,9,69
100,93,21,66,9,98,41,77,50,94
41,95,43,98,51,99,59,9,80,46
6,42,45,26,62,6,45,29,86,35
94,91,85,14,11,36,52,53,10,83
15,98,84,77,24,85,87,14,2,55
99,39,38,90,54,55,5,63,41,77
28,47,57,72,6,82,21,50,77,13
50,85,40,25,40,87,6,14,50,72
59,66,54,20,25,41,22,80,53,99
2,41,94,71,24,100,62,10,1,19
1,88,15,78,98,89,100,100,71,90
3,23,60,94,20,38,90,27,65,43
50,96,94,87,40,47,67,13,31,42
100,2,83,15,88,9,60,30,12,53
70,42,19,74,61,84,70,63,2,27
31,94,28,87,94,89,95,67,90,9
71,66,62,91,50,22,33,76,15,27
97,52,35,81,73,5,2,17,47,33
30,82,5,55,83,70,39,51,47,76
56,36,73,69,55,36,60,100,97,100
20,5,79,20,65,26,100,28,79,60
4,95,25,46,82,73,79,68,25,7
37,70,84,64,60,32,77,39,86,69
32,81,17,15,79,41,13,88,37,60
81,70,92,50,89,68,85,68,38,14
21,53,41,75,29,10,26,33,4,38
16,50,15,70,93,74,88,100,41,60
36,62,15,19,65,72,96,55,48,19
25,22,45,18,52,87,23,8,28,70
28,1,59,20,62,44,93,54,50,67
10,86,95,30,26,100,79,99,46,3
38,55,87,62,35,60,93,59,64,17
10,72,1,26,76,24,15,31,37,18
10,35,41,23,61,67,36,63,58,65
91,65,29,57,4,63,14,93,99,9
77,69,1,3,7,46,19,96,64,96
38,17,65,39,8,95,7,71,100,9
74,61,64,59,67,14,92,28,81,31
71,77,23,70,95,22,82,22,86,46
49,78,20,45,13,46,17,49,39,82
32,46,55,52,87,75,32,17,52,33
41,28,100,38,58,6,54,96,52,69
19,79,72,67,47,29,88,50,73,63
80,54,65,70,49,12,94,67,20,24
21,61,81,11,44,21,92,57,94,24
28,36,5,29,21,81,16,12,70,57
90,18,68,81,36,33,83,41,15,8
39,15,53,30,18,97,6,94,100,62
72,13,55,44,41,77,44,83,18,67
95,12,92,100,33,100,67,97,57,27
8,75,50,71,90,83,20,8,100,12
52,81,93,38,100,31,59,73,72,25
21,95,62,75,75,26,41,98,9,10
19,74,16,70,62,74,99,73,9,72
45,64,92,27,77,31,66,85,23,94
10,67,79,99,33,48,46,20,57,5
54,78,44,54,89,50,62,42,28,92
5,55,25,88,31,52,98,48,37,100
57,20,96,5,54,29,28,30,99,45
40,34,34,90,84,55,10,73,85,62
26,20,33,78,77,86,100,83,53,76
27,42,33,27,1,27,88,39,9,79
42,8,27,87,68,73,84,35,18,28
58,93,46,71,11,86,11,47,92,94
80,56,59,74,82,52,17,87,50,56
55,52,36,15,72,57,30,45,92,31
34,51,39,87,24,36,36,38,16,18
33,71,48,68,99,3,8,10,36,56
23,20,83,35,10,62,20,49,72,33
14,44,92,50,72,46,18,50,98,72
12,6,93,61,14,97,13,95,79,87
69,47,88,51,41,19,84,96,33,100
18,29,23,91,50,44,48,83,11,89
24,73,26,76,39,44,3,33,5,4
75,88,24,68,98,14,43,57,17,52
43,31,21,33,60,37,37,70,5,96
91,63,93,21,47,8,93,7,22,62
27,74,55,8,88,5,56,39,16,39
22,72,81,19,5,9,57,78,25,99
93,72,10,14,87,32,42,59,70,72
34,95,4,8,4,12,25,71,18,84
99,52,51,55,21,99,63,8,72,21
84,27,2,80,34,23,81,42,23,35
64,38,13,41,8,83,98,98,9,64
98,28,32,54,24,31,47,66,22,27
41,75,70,75,24,27,51,73,97,44
57,17,85,65,64,20,37,33,25,26
54,66,26,20,68,84,90,68,6,89
99,27,84,7,29,57,18,58,40,25
78,39,68,51,37,62,11,3,4,21
18,20,85,62,71,76,27,73,80,18
41,4,2,19,35,85,8,51,10,54
10,44,18,19,80,2,1,95,37,25
91,80,51,18,98,100,57,75,39,96
12,77,30,14,25,43,60,100,6,37
63,34,24,9,34,53,24,4,98,5
52,10,97,9,5,60,60,9,85,100
100,61,91,65,51,22,20,78,13,25
37,47,72,68,57,100,61,80,44,18
39,70,77,33,18,30,39,54,60,65
44,64,50,65,81,38,47,64,33,55
30,52,28,12,95,55,67,12,20,85
87,34,47,55,50,91,84,54,42,67
61,91,37,67,55,80,31,60,95,58
60,2,88,38,83,67,23,85,44,4
21,54,27,74,34,55,84,62,19,48
98,37,16,33,8,85,30,80,75,12
89,91,61,6,5,16,66,33,92,10
64,74,60,74,36,5,45,5,22,31
45,3,36,18,94,58,12,76,17,72
72,80,62,71,41,91,7,53,10,56
58,52,74,97,4,34,2,81,44,96
73,41,15,63,95,83,96,8,29,43
89,15,35,7,2,44,7,38,31,97
27,88,40,11,19,68,60,86,63,90
1,26,94,41,64,71,41,3,46,84
5,16,90,55,3,66,89,44,40,29
30,11,78,10,80,56,66,27,59,45
37,99,89,75,89,65,4,51,31,94
96,72,20,13,26,24,6,68,77,3
2,25,31,92,29,20,10,32,65,55
83,100,34,74,5,69,37,11,70,95
6,21,100,32,97,80,25,13,45,60
3,34,91,66,8,78,83,15,70,37
75,93,21,35,76,70,54,97,82,26
85,73,74,31,11,33,22,69,89,62
34,88,18,36,30,14,33,72,75,75
100,51,36,83,23,90,30,35,11,87
73,86,15,73,5,16,25,10,12,95
28,43,100,82,70,57,27,75,70,2
98,21,80,80,63,83,2,21,100,100
88,96,89,28,57,49,28,1,83,48
80,38,53,32,59,33,7,67,31,10
88,25,12,29,44,34,46,76,33,92
75,36,23,5,81,93,34,36,27,78
57,13,53,69,76,69,78,33,71,74
71,44,59,3,7,97,22,79,47,87
68,57,45,73,20,95,33,90,30,24
95,30,4,53,45,82,81,98,32,48
93,55,59,30,57,98,87,56,33,49
86,8,58,3,57,99,33,92,19,89
40,48,9,47,91,62,91,41,14,6
95,51,34,94,35,24,36,39,35,77
48,60,32,42,63,91,1,60,28,48
38,95,54,7,61,83,8,98,76,80
40,10,66,67,80,76,33,13,87,57
91,2,98,38,59,14,38,58,16,97
8,63,38,52,95,66,98,53,41,81
66,76,32,88,44,78,2,50,4,100
58,69,47,86,69,93,8,50,94,82
84,43,64,1,50,67,29,14,65,16
26,50,82,30,29,33,87,76,12,93
49,96,75,32,26,94,16,16,13,46
32,85,84,46,12,94,7,97,64,83
95,20,97,42,87,67,37,56,20,90
9,4,98,80,17,40,85,44,1,13
25,11,79,92,64,43,6,79,24,18
62,32,85,64,44,44,31,15,91,23
100,67,56,44,86,10,8,45,93,12
84,12,42,37,76,26,69,81,73,71
35,24,22,66,6,57,37,42,62,63
34,73,61,20,27,63,36,33,87,57
80,38,66,65,94,2,26,87,80,99
91,64,70,11,2,73,42,99,68,79
58,1,36,31,54,10,9,14,28,53
65,33,61,97,52,70,52,38,11,83
7,58,23,2,99,51,66,48,43,64
69,80,28,66,54,20,65,65,56,23
89,8,76,55,49,41,89,22,20,69
58,34,28,68,71,47,10,13,94,63
9,63,47,8,59,52,7,13,18,42
65,89,4,54,21,82,36,89,59,57
88,79,44,7,82,76,6,34,9,80
56,23,34,83,97,41,10,42,86,85
32,39,78,51,83,54,98,63,22,75
72,45,43,72,89,5,46,51,78,71
17,23,60,47,71,14,13,12,8,21
100,43,80,39,18,33,58,69,26,37
71,39,100,42,62,90,86,79,15,26
15,12,33,78,62,16,71,26,50,23
68,99,41,79,45,64,71,63,88,79
32,36,100,86,98,33,63,2,76,75
29,14,31,39,84,22,73,35,78,3
84,80,77,43,60,45,76,98,7,52
38,97,93,95,61,66,78,85,97,32
14,91,17,44,48,5,89,51,9,70
67,36,96,66,62,14,18,90,83,46
3,63,4,77,45,95,76,63,18,30
100,38,42,61,56,43,46,41,8,7
30,47,28,83,50,80,54,98,46,35
67,11,23,25,22,35,86,39,23,5
82,28,67,69,49,34,26,46,32,29
81,16,52,17,39,47,55,39,11,47
14,34,3,35,55,31,89,15,100,49
85,97,30,58,46,41,66,12,81,85
93,3,20,82,28,8,9,65,54,80
33,35,69,86,44,62,96,51,73,45
23,82,45,46,66,67,5,76,86,72
72,50,100,72,20,11,99,27,42,17
48,19,50,94,23,74,14,6,86,9
88,88,19,67,48,4,53,100,91,22
61,81,6,89,59,57,71,62,18,59
19,18,42,7,47,25,77,72,53,91
89,70,76,100,62,33,93,99,33,11
5,99,17,7,79,51,78,35,74,10
77,53,30,92,78,47,44,30,6,62
82,44,11,4,19,78,45,93,77,85
1,27,49,40,55,96,78,1,19,39
62,4,11,9,45,97,19,16,69,1
21,2,9,41,50,66,57,83,50,39
34,62,53,36,80,83,1,1,31,23
60,74,48,37,88,26,95,78,98,72
57,17,54,31,77,54,44,59,86,29
23,28,93,79,75,47,2,57,67,59
90,50,52,86,44,93,67,20,9,18
47,83,87,91,30,99,100,54,83,1
70,99,8,41,76,58,93,37,44,56
92,17,86,94,61,29,85,30,63,83
57,40,52,35,95,90,74,53,96,34
47,34,69,24,92,77,16,77,67,62
2,4,82,4,41,91,46,3,76,51
20,64,51,68,77,35,21,38,79,86
35,2,67,95,61,94,24,87,93,59
59,5,6,92,39,49,70,45,54,37
27,77,64,88,81,89,12,78,71,89
40,31,65,3,63,94,42,17,51,51
81,16,84,84,82,67,25,59,28,21
27,24,60,14,38,77,31,17,16,28
14,60,15,93,35,83,92,84,99,22
94,9,1,90,93,65,7,2,12,88
37,27,32,16,21,53,84,65,2,44
26,49,37,29,13,38,65,70,30,64
11,22,2,58,88,11,12,35,57,6
54,22,13,13,74,35,30,74,14,38
29,71,57,18,21,97,56,31,86,32
24,47,13,100,7,6,55,97,42,86
70,44,16,82,36,46,55,23,33,23
67,88,32,18,94,49,49,31,17,41
81,78,67,31,8,79,81,92,41,67
6,64,71,46,53,44,2,19,93,73
58,66,55,4,39,83,17,90,80,83
79,53,5,53,20,12,12,76,62,40
67,14,25,92,10,47,95,48,66,35
25,4,29,95,89,45,41,64,64,43
11,19,66,61,16,89,10,93,8,29
99,11,43,84,25,24,91,19,16,4
66,34,32,41,74,26,49,75,91,31
52,37,18,22,64,1,88,6,29,5
7,3,13,16,42,28,33,59,84,65
97,74,82,1,48,63,86,59,28,60
20,93,82,64,87,55,19,41,59,19
97,76,39,17,17,82,54,17,37,54
48,90,56,27,94,59,1,84,3,50
36,46,14,49,38,54,92,31,45,34
66,6,42,42,48,22,98,4,25,71
98,69,47,38,82,5,63,85,45,8
7,62,7,13,84,25,54,96,62,88
27,13,47,23,33,1,51,96,72,2
51,36,75,72,14,82,30,60,79,67
10,97,56,61,26,63,23,7,42,45
71,8,16,44,97,19,46,73,79,17
98,69,83,6,20,96,41,10,29,19
30,82,1,66,44,52,6,8,78,3
28,43,16,87,98,54,69,86,83,65
80,77,53,20,80,81,75,70,88,51
21,93,63,11,28,2,93,18,78,13
10,50,68,34,1,62,58,44,64,14
17,80,53,78,34,46,49,35,4,25
91,18,50,82,96,19,66,13,26,35
90,30,74,68,41,69,13,61,80,79
57,23,50,86,96,40,21,7,20,85
8,97,47,57,85,19,14,16,4,61
23,32,84,90,11,8,24,31,80,91
30,50,67,23,46,43,20,22,25,68
70,44,20,58,36,20,98,21,90,70
14,64,48,27,38,72,50,8,1,100
16,38,62,90,54,64,82,96,25,62
43,51,100,98,47,1,11,44,15,12
54,98,12,34,3,97,45,54,15,98
80,86,87,98,12,2,75,74,15,41
40,86,93,6,10,50,88,92,13,45
58,2,60,98,51,41,13,57,50,20
30,95,65,47,43,49,100,88,7,69
11,29,6,41,26,40,65,83,80,76
27,76,43,90,27,32,63,100,98,19
32,23,76,43,96,26,91,72,45,28
98,6,13,42,78,100,88,53,60,29
23,74,35,13,80,17,40,47,98,61
43,97,41,18,61,31,59,49,55,33
17,43,2,96,70,100,45,60,60,53
64,78,14,36,98,78,52,1,27,81
77,59,11,61,59,22,54,63,55,74
80,88,41,8,12,84,92,9,39,83
28,59,27,32,1,85,20,53,81,38
44,22,69,11,47,99,87,20,16,54
80,1,23,61,71,69,7,91,35,92
10,55,67,52,92,40,25,9,29,62
84,62,70,85,67,91,50,82,26,21
45,55,40,32,40,30,97,29,83,44
21,87,100,36,69,80,98,82,96,37
93,73,6,94,7,94,96,46,31,80
40,66,61,83,93,37,33,99,42,44
80,15,28,92,26,86,49,11,53,25
48,75,16,63,71,57,27,100,27,67
80,80,73,100,69,74,62,79,5,43
54,5,35,10,23,45,36,7,90,44
41,22,53,51,64,56,64,47,83,72
19,74,94,36,90,35,70,19,23,74
51,52,36,52,18,78,90,4,42,87
65,60,50,75,19,37,21,37,74,91
45,92,84,73,90,98,96,16,42,57
12,59,41,52,26,24,88,98,75,11
19,61,28,72,64,73,4,98,64,93
18,2,9,24,41,29,2,8,78,23
43,7,55,77,70,72,77,85,48,69
50,67,10,14,56,32,67,42,72,88
86,39,99,23,96,25,35,81,86,38
16,61,55,46,53,35,91,26,63,69
53,4,50,32,64,41,44,32,40,17
46,42,71,83,3,28,34,78,46,96
70,32,74,33,42,6,75,78,59,86
11,61,25,40,74,11,11,88,20,80
45,4,52,26,13,34,87,95,38,26
82,33,46,85,30,79,3,81,14,62
90,88,59,79,3,27,42,95,67,64
48,41,57,87,11,8,36,24,45,85
54,7,70,40,94,98,84,60,40,16
28,35,53,77,31,1,89,2,55,42
2,29,87,85,41,65,30,12,29,24
80,24,14,72,19,57,57,97,35,72
23,87,5,73,48,94,11,15,27,17
15,56,22,41,86,73,80,100,81,69
79,22,91,67,92,71,69,58,63,67
5,79,42,3,27,100,74,49,99,86
31,75,38,14,16,38,56,55,93,89
43,59,68,77,90,11,42,68,86,85
40,93,11,96,98,2,78,84,58,47
96,61,12,41,6,32,42,47,56,94
9,96,25,80,51,51,99,70,97,26
3,44,52,27,23,17,97,86,17,17
5,70,69,1,37,43,20,5,39,61
100,99,18,78,78,88,38,49,12,12
26,75,45,8,62,24,26,65,37,38
28,88,23,63,77,26,5,52,17,22
27,52,84,18,94,59,12,68,79,80
31,11,11,33,57,32,36,30,50,84
1,56,3,41,47,53,16,81,76,50
73,79,98,69,60,41,71,19,83,90
37,99,79,82,3,39,33,1,77,47
54,26,5,71,97,80,3,14,50,18
3,87,68,89,42,20,29,3,60,65
31,86,13,84,3,24,97,32,54,94
59,74,100,31,31,41,9,2,38,33
83,4,1,59,76,2,16,36,47,75
79,3,90,54,60,24,49,33,38,67
60,15,33,1,57,84,89,82,90,82
1,17,56,61,60,32,14,2,30,12
32,37,16,46,19,11,98,97,67,80
11,27,100,30,68,41,7,80,17,20
81,86,65,88,5,100,64,85,56,78
89,89,4,35,45,63,47,15,45,46
43,22,55,56,67,99,62,31,48,47
97,30,77,91,74,69,84,21,59,2
50,47,46,6,94,29,9,1,50,51
47,2,53,94,27,94,20,49,97,48
86,18,27,16,37,38,70,10,8,41
52,41,19,57,41,58,94,90,67,100
46,24,17,9,28,13,75,24,54,51
81,97,55,88,79,97,18,21,65,47
5,50,60,3,28,37,36,84,4,43
67,87,68,17,4,46,3,22,4,90
30,95,7,47,40,57,69,8,97,59
27,39,60,100,78,50,99,69,94,53
62,57,75,99,54,30,1,20,10,38
63,31,6,17,46,67,68,11,99,95
52,30,31,71,94,61,53,16,22,23
90,100,20,77,17,26,38,38,32,29
30,76,38,100,5,70,23,5,70,34
74,30,94,32,64,75,40,26,2,79
18,91,82,24,65,19,97,99,26,38
38,80,56,41,76,25,18,32,23,54
70,41,29,79,80,66,46,38,79,38
74,78,20,16,91,57,25,36,21,16
21,17,53,30,14,21,53,69,88,24
93,37,5,8,52,46,13,63,31,23
41,72,29,99,49,46,33,86,27,18
80,16,23,12,94,73,75,62,44,10
36,26,11,94,41,51,94,83,65,41
91,82,38,63,26,92,97,41,55,48
2,19,28,41,52,42,81,40,35,76
35,89,22,92,88,62,83,87,29,8
38,62,12,7,1,85,19,52,3,16
87,20,34,90,43,97,20,97,24,36
11,35,87,24,35,92,68,41,35,8
27,39,80,63,34,21,39,49,47,28
73,61,57,96,43,22,16,30,39,14
61,37,74,28,31,30,66,21,23,78
18,75,5,67,65,66,83,96,35,81
26,22,66,69,20,30,87,99,98,26
42,73,87,49,74,95,36,92,78,31
34,83,67,8,73,47,7,92,38,29
47,68,39,83,43,3,91,52,64,66
31,37,59,39,14,100,1,3,2,46
25,94,55,9,57,69,47,48,77,53
64,58,29,22,49,1,83,37,71,45
63,3,83,50,82,73,39,46,5,89
72,11,85,39,84,51,29,94,6,63
27,62,35,6,25,55,61,68,28,23
34,1,37,13,62,38,68,77,63,34
16,6,44,85,84,89,92,68,71,94
74,16,42,51,31,11,86,30,6,39
83,20,8,7,25,21,2,42,79,31
86,90,88,36,87,100,64,94,80,13
31,68,85,79,64,34,88,14,48,28
40,54,72,4,60,68,86,67,84,93
36,1,92,73,21,61,41,55,48,55
60,36,41,68,23,50,45,26,21,76
22,85,11,69,64,51,70,18,40,30
49,42,88,16,91,31,6,66,63,10
48,82,43,41,35,95,77,39,2,47
80,72,58,57,77,48,21,80,14,98
36,72,80,22,55,21,65,62,64,97
73,36,87,19,13,38,57,29,90,90
3,25,83,86,28,71,88,80,1,20
42,55,39,51,42,18,96,42,48,86
32,78,1,76,23,81,87,91,81,47
89,35,87,50,33,14,74,93,95,68
49,25,59,1,65,22,95,59,75,70
6,42,87,80,1,72,20,47,82,87
70,67,2,43,33,1,13,62,77,10
95,51,51,70,25,63,57,72,19,76
92,24,69,18,81,21,97,13,48,42
72,45,50,31,22,44,21,16,2,6
12,56,18,93,92,80,22,84,94,64
100,72,97,97,34,43,52,69,95,91
91,48,91,64,25,89,73,17,40,41
58,33,25,76,73,58,17,32,57,97
26,32,67,31,82,79,75,91,89,62
32,92,11,80,83,19,31,41,12,26
94,78,81,58,48,26,37,74,66,51
52,80,48,35,68,30,15,4,35,89
40,46,81,16,1,62,77,88,10,76
90,34,54,96,83,40,39,30,16,59
7,14,35,29,36,83,75,79,47,84
66,61,35,92,55,43,97,100,36,70
52,21,1,68,77,76,92,9,81,47
63,6,81,87,85,91,37,92,51,54
4,60,4,4,82,37,60,83,66,41
46,40,20,72,78,14,63,41,92,50
27,34,100,74,43,49,49,68,42,74
89,59,31,19,91,65,83,59,43,74
93,4,33,55,62,33,52,88,96,41
4,65,7,95,61,97,26,32,38,41
2,30,87,13,55,72,46,20,97,33
47,38,59,12,83,70,80,100,38,40
7,26,66,58,23,63,19,27,94,65
97,33,21,97,69,36,40,98,48,76
91,70,51,87,40,52,60,59,68,77
45,74,6,27,8,36,31,33,83,83
61,30,9,47,42,71,60,19,55,78
80,94,8,20,25,82,76,78,18,25
78,96,76,38,81,4,21,24,99,37
55,11,95,40,93,87,75,59,94,96
95,6,46,4,32,39,93,5,99,10
17,13,20,28,22,14,2,6,60,47
47,22,75,65,19,36,82,73,70,30
50,28,92,12,29,76,18,30,36,1
78,70,28,15,83,89,36,79,43,39
100,39,66,11,60,39,9,69,52,94
92,47,72,36,7,67,52,41,89,1
4,82,1,48,69,56,24,31,21,63
29,57,99,99,61,61,98,90,47,76
3,20,16,34,76,70,65,94,73,25
54,19,67,67,86,17,13,78,86,76
26,88,63,11,66,7,66,28,40,8
20,86,15,20,35,25,6,17,15,19
44,51,79,91,12,41,23,36,25,42
89,100,3,75,79,19,73,99,50,64
35,83,1,31,52,20,75,92,90,18
27,48,64,96,44,36,76,49,32,17
43,42,14,97,98,71,42,46,75,47
73,41,32,96,97,14,24,74,41,23
55,18,24,69,74,1,91,23,24,31
23,60,51,70,31,6,78,2,20,37
85,32,17,49,42,61,84,16,73,41
14,84,71,92,77,87,61,61,16,49
65,39,90,76,90,67,62,44,32,88
47,39,89,77,76,94,57,87,97,76
66,55,43,92,69,4,31,6,92,78
77,68,55,16,59,48,7,29,34,3
65,83,98,85,53,67,24,89,60,64
54,92,30,67,97,16,43,55,65,6
28,36,76,32,23,39,19,26,51,35
7,41,24,39,35,1,20,97,13,85
67,15,24,15,77,36,84,93,74,35
81,16,72,23,68,24,93,32,27,34
67,55,14,76,82,47,43,44,96,15
40,75,48,44,6,96,97,49,84,49
45,64,12,90,6,63,25,4,72,91
10,93,23,61,59,39,20,54,94,58
4,56,11,9,88,50,66,16,83,38
91,72,61,69,96,71,88,3,86,67
15,31,39,85,60,38,11,49,67,35
51,44,86,34,28,10,63,70,31,65
18,34,50,16,33,62,47,67,20,48
72,89,50,93,7,32,1,86,57,45
8,91,92,82,3,95,17,34,77,49
89,34,12,77,98,52,46,89,99,22
57,94,71,66,57,25,92,42,57,64
8,73,80,75,34,14,5,31,14,21
47,68,26,81,67,39,86,42,28,71
6,61,77,72,14,91,28,13,51,51
65,61,53,78,91,86,37,66,32,54
3,59,21,94,55,40,15,85,10,87
83,46,22,91,69,35,60,44,63,38
42,28,99,17,79,85,50,87,53,11
68,34,36,11,63,9,97,65,64,67
24,11,83,91,87,67,60,19,82,93
80,52,54,77,54,89,42,16,15,76
25,32,60,39,28,51,37,48,96,74
48,94,36,83,3,2,86,77,64,44
17,90,14,12,68,29,70,57,10,71
64,100,39,39,93,84,92,44,70,75
83,91,2,91,50,53,9,10,43,99
9,34,83,93,5,6,52,35,55,70
72,87,17,75,61,76,97,92,59,40
24,97,10,18,44,16,91,54,65,29
36,53,24,34,38,61,16,48,9,86
46,57,3,72,17,37,97,59,12,54
51,62,62,22,82,50,88,81,2,46
97,97,37,67,90,64,67,37,90,15
58,12,88,30,70,77,49,93,10,10
33,20,13,94,42,38,5,85,17,31
77,61,56,35,46,40,30,92,76,60
13,22,23,57,22,8,20,49,48,64
36,57,33,19,5,59,17,57,56,56
55,95,58,73,100,82,60,52,100,87
52,23,26,30,90,34,79,97,46,58
55,1,71,85,72,69,25,58,65,28
76,82,97,40,80,56,8,63,59,18
34,30,70,22,31,62,79,76,94,74
55,68,65,51,69,30,71,10,20,49
68,89,8,26,67,71,93,49,90,41
60,96,89,32,57,88,55,71,98,68
57,98,14,38,42,70,67,74,30,19
20,42,44,24,77,13,67,39,79,5
9,13,4,78,2,47,40,25,33,14
66,64,83,62,75,65,12,22,31,64
21,96,12,30,52,68,57,85,58,75
1,83,75,93,62,31,45,51,58,98
69,40,86,19,12,93,81,35,58,35
74,77,72,71,57,15,73,31,89,5
6,67,44,62,30,79,70,28,69,26
39,80,21,77,47,36,73,65,74,47
94,15,1,42,5,69,85,83,59,58
49,33,4,26,26,61,83,21,74,79
74,42,83,2,14,11,12,11,17,47
76,7,61,59,49,76,62,85,95,75
98,14,4,67,83,89,26,45,5,54
66,2,20,63,83,36,58,74,60,18
39,22,90,85,66,34,15,90,37,47
55,78,52,40,50,56,68,66,40,65
90,93,18,3,80,53,15,61,80,20
37,32,39,56,20,4,42,25,22,91
5,6,70,57,69,36,85,33,5,70
8,74,77,70,59,32,90,73,55,47
43,98,16,36,85,1,61,32,65,83
5,32,26,100,73,43,99,57,14,37
47,37,87,37,50,83,58,99,20,24
15,55,83,14,82,23,66,7,2,59
42,81,40,18,57,39,19,40,94,52
92,59,73,95,3,9,8,65,1,76
85,90,54,37,62,92,81,70,98,2
29,10,31,91,18,43,80,51,28,23
96,5,32,63,40,17,67,35,57,74
80,96,10,7,21,85,92,29,40,57
81,54,95,41,19,39,85,80,15,90
81,81,6,53,6,60,8,71,51,34
98,45,33,25,69,88,93,46,15,80
30,98,47,52,23,85,63,88,74,97
62,82,54,46,43,47,35,28,25,36
70,51,57,68,94,84,73,94,76,69
15,76,73,24,9,76,96,34,88,97
53,18,82,21,48,10,22,54,62,42
100,40,25,78,22,89,18,20,73,84
62,32,85,69,10,36,33,27,47,47
6,75,46,35,23,92,44,28,69,13
14,7,41,8,20,98,93,99,26,10
26,74,67,89,45,49,58,8,70,53
61,56,24,65,37,27,24,19,48,54
7,82,8,28,58,4,72,56,18,2
3,19,86,68,52,59,20,4,57,95
24,9,1,30,98,71,86,70,86,69
16,31,37,100,57,86,55,58,8,16
35,77,35,71,34,66,92,9,59,70
64,13,72,83,74,41,60,1,11,30
41,51,26,26,26,61,13,99,55,35
80,16,40,41,30,31,54,100,60,89
55,36,59,79,63,67,83,46,59,28
56,89,30,58,99,47,77,44,43,52
88,74,46,79,63,61,67,84,3,44
75,39,78,4,58,53,53,40,18,79
99,58,26,75,25,42,60,46,60,19
44,87,76,6,53,58,46,53,75,98
7,84,78,45,85,54,46,38,13,96
89,61,71,23,72,8,100,21,9,4
79,2,60,72,30,1,55,13,69,25
35,46,35,73,10,28,3,71,53,2
77,91,6,64,44,67,10,94,27,61
54,60,33,65,59,37,41,50,40,23
34,19,85,43,91,95,56,75,62,89
91,6,17,20,30,33,76,6,37,9
93,14,58,47,99,65,13,79,12,23
30,54,32,84,62,39,93,16,1,29
93,72,19,76,30,13,26,25,38,63
70,42,50,85,79,94,87,46,79,96
29,42,38,27,47,8,24,43,40,14
86,41,54,98,36,37,97,27,85,65
10,17,21,5,7,51,34,92,16,72
71,30,9,73,78,2,75,18,5,91
79,34,57,96,35,42,32,16,62,70
9,60,65,94,26,2,54,51,32,100
21,1,20,68,44,62,31,16,77,100
29,39,48,42,41,22,68,28,26,28
69,79,43,84,46,9,50,53,56,24
67,43,74,51,28,7,81,41,92,55
62,59,70,100,94,55,81,85,76,28
93,42,37,73,8,19,5,87,91,86
63,98,15,4,53,7,64,41,84,23
88,31,29,95,9,42,54,2,49,63
55,56,97,89,78,18,33,79,43,92
67,95,75,13,86,8,45,30,9,76
21,23,87,85,98,59,76,36,98,77
93,86,90,46,52,17,37,84,64,43
52,58,13,41,59,52,71,16,88,45
86,18,48,78,22,6,37,8,63,75
9,35,24,39,96,60,95,25,36,2
67,41,68,68,41,80,71,56,32,76
36,35,34,68,87,62,7,58,59,100
81,28,77,23,28,63,84,87,81,31
33,99,97,5,7,68,52,48,21,63
79,14,24,22,84,73,91,44,39,52
99,21,22,30,10,89,68,86,88,32
41,78,18,62,99,31,61,11,22,98
19,26,53,61,52,75,19,75,82,10
31,14,90,59,26,14,75,39,21,47
27,14,19,50,93,57,83,47,91,34
76,67,10,58,13,74,10,50,17,56
82,67,59,82,55,100,51,28,28,8
89,96,64,62,92,63,32,70,41,4
92,34,34,33,42,36,31,59,72,71
4,74,24,30,79,3,96,84,63,69
38,85,91,39,73,43,61,41,26,99
25,57,49,28,44,96,95,6,49,86
10,50,52,80,53,29,88,99,2,23
40,69,46,13,11,3,79,65,27,51
100,26,65,96,20,8,16,81,20,16
43,17,4,64,7,84,14,53,57,7
29,26,72,51,29,29,72,51,32,67
68,10,4,35,87,53,29,86,28,99
18,70,22,8,66,82,70,40,30,54
43,95,20,51,81,56,82,79,13,34
5,82,7,5,93,2,74,23,28,94
65,8,16,82,89,5,45,51,26,11
77,82,85,42,64,5,24,15,90,10
53,32,63,20,69,65,63,39,49,46
36,42,12,59,81,66,31,88,40,31
7,100,4,37,52,76,88,75,82,23
69,72,74,9,80,47,100,3,28,79
76,86,69,82,88,86,45,1,29,67
43,56,31,30,37,89,43,11,45,33
63,4,80,93,41,47,49,56,9,62
47,7,94,1,3,32,11,19,98,56
23,40,59,10,77,40,1,4,21,31
31,78,91,13,86,97,64,36,65,53
21,39,30,64,71,97,90,86,27,50
10,9,94,53,87,12,34,34,83,74
1,40,48,8,24,1,10,20,2,29
53,98,80,46,1,16,39,10,30,52
79,60,62,7,74,67,81,91,80,77
81,70,80,49,97,74,11,82,82,90
46,48,80,26,11,76,56,21,41,33
73,46,99,52,31,1,97,95,75,67
57,44,93,32,72,9,93,3,3,99
89,86,35,43,44,81,31,100,1,40
30,56,6,13,7,74,65,85,78,59
46,65,30,84,33,98,44,23,78,3
5,98,20,50,32,43,39,64,97,60
53,92,100,34,25,82,95,7,14,75
40,8,60,61,24,6,31,63,58,49
16,53,64,50,63,4,74,76,11,39
100,92,1,36,80,65,55,51,21,71
18,66,13,51,87,24,90,67,19,93
90,52,92,99,73,33,51,43,13,27
39,30,1,86,21,27,41,81,37,99
88,67,34,1,33,4,73,49,69,78
88,70,60,65,44,92,10,11,18,41
73,2,64,44,39,37,63,84,25,16
71,53,54,21,35,58,87,55,41,5
32,18,65,22,63,42,9,28,100,49
71,5,41,43,27,35,92,9,58,51
32,66,39,29,50,45,100,14,77,95
62,44,82,36,53,98,57,44,39,91
76,57,82,57,62,74,79,61,14,65
59,97,36,38,77,52,43,74,71,19
83,4,86,50,75,33,90,44,29,48
31,56,99,36,63,37,79,69,81,80
28,70,17,84,73,97,3,76,66,96
11,12,9,94,56,62,67,41,13,96
90,54,26,91,71,82,19,40,75,12
99,25,77,97,56,94,69,95,66,69
43,98,60,42,59,72,55,51,52,4
74,64,11,69,64,73,12,28,59,62
18,10,21,71,62,45,51,67,57,44
81,29,11,40,50,1,9,15,6,88
100,19,74,39,16,59,90,88,26,96
79,89,15,65,80,7,75,95,71,86
87,80,84,22,57,62,20,4,61,63
39,100,53,41,90,56,55,2,32,60
90,49,71,65,94,62,90,93,5,48
10,35,2,81,31,85,56,53,4,35
8,68,94,25,73,44,4,21,40,100
46,50,42,95,46,26,40,90,99,88
75,42,95,43,60,39,13,29,38,67
31,64,14,81,19,13,88,67,94,83
65,89,25,35,66,37,10,5,8,6
16,16,27,84,28,58,11,86,85,7
51,38,69,85,93,76,15,72,80,54
70,78,58,43,39,63,34,30,58,64
56,78,77,92,1,74,18,70,10,61
31,57,86,14,32,60,29,24,82,55
18,3,74,26,98,9,16,32,49,99
36,87,3,33,76,59,47,93,75,23
42,98,86,82,19,78,50,32,1,54
89,56,5,15,57,34,13,22,20,78
20,34,28,73,26,65,43,33,79,4
14,24,29,99,70,51,62,1,82,24
43,93,26,44,64,10,23,50,50,56
82,49,49,18,29,32,48,54,21,1
35,89,97,92,2,70,64,59,68,66
20,20,14,19,86,88,62,14,69,92
40,28,20,68,91,9,100,34,80,87
20,79,8,40,58,65,82,92,16,58
51,56,20,42,72,49,67,63,16,85
58,15,34,8,55,51,94,47,53,72
89,13,30,7,2,75,12,64,28,75
84,85,56,81,62,78,52,65,92,76
5,71,72,84,85,76,89,1,33,45
28,54,91,17,59,11,44,76,40,33
98,56,92,91,45,61,95,34,4,91
45,63,4,49,96,44,8,44,32,80
81,23,29,31,14,67,4,77,71,98
5,89,10,9,8,96,90,72,70,59
89,70,7,80,67,89,15,73,59,4
19,14,69,65,61,55,58,85,13,69
64,35,55,68,20,78,19,72,58,58
36,62,33,97,32,66,80,65,85,2
50,1,11,11,39,21,40,81,7,60
75,41,8,89,84,15,61,21,4,50
81,41,91,16,36,56,27,84,98,49
100,14,34,81,61,6,33,15,99,24
25,100,27,69,91,92,85,57,99,66
94,49,4,29,71,55,94,46,21,49
61,99,12,39,65,84,38,17,60,79
72,1,92,93,75,43,33,51,49,80
26,6,38,76,36,36,23,73,17,61
37,55,65,49,33,24,64,77,53,82
47,92,56,12,50,15,61,51,75,71
73,86,50,9,26,11,10,10,23,59
35,47,85,76,56,41,94,70,74,52
87,57,39,89,5,56,16,64,17,13
78,72,14,40,47,38,17,26,82,17
64,86,32,82,64,19,78,85,54,67
46,64,58,10,11,99,77,92,71,83
39,56,20,31,79,21,74,52,50,87
48,94,17,67,18,56,32,87,10,99
82,9,17,73,42,62,99,59,60,18
8,87,44,10,64,18,22,13,32,62
25,84,10,20,61,63,97,51,92,90
24,54,31,47,58,78,86,14,21,97
1,82,98,39,38,31,77,21,41,46
79,47,38,2,10,1,42,66,97,90
16,50,65,54,40,74,27,84,82,17
30,48,70,25,89,90,42,54,28,38
79,88,42,24,70,68,91,95,92,33
3,83,63,48,78,32,31,87,82,6
53,10,84,60,27,15,24,99,77,87
68,55,3,10,11,40,26,53,13,33
88,90,33,39,74,4,8,4,78,24
6,1,59,20,70,88,60,87,51,45
75,99,94,1,76,18,51,88,68,5
56,34,15,95,70,76,91,12,98,16
83,56,37,32,42,45,4,67,95,94
28,94,65,80,6,57,66,47,6,50
74,93,80,69,29,33,39,72,56,19
65,53,38,23,65,97,98,37,22,24
33,69,83,86,43,8,5,18,88,35
25,27,42,34,42,95,9,7,75,40
29,27,82,61,32,91,36,63,74,84
73,3,65,79,73,49,74,22,38,33
13,51,25,86,18,82,45,78,81,80
81,72,83,64,31,65,8,46,12,7
52,82,79,3,30,89,49,40,65,85
59,12,15,28,49,72,37,14,46,4
29,80,81,72,10,52,84,74,77,31
16,61,30,62,28,18,38,67,17,23
79,29,96,42,80,70,97,50,59,20
37,28,64,85,60,90,18,4,36,74
28,35,17,13,44,37,75,71,62,89
22,6,3,4,26,95,46,59,37,48
11,82,73,12,16,25,26,20,32,33
71,14,33,78,91,55,11,66,89,79
87,69,77,35,8,15,62,95,14,75
39,88,99,94,72,95,68,34,56,71
30,47,67,71,74,82,86,54,37,70
33,70,34,27,15,32,7,21,80,4
57,95,67,33,5,52,80,70,8,66
45,53,52,41,19,35,2,95,90,10
63,39,54,41,67,38,61,44,16,42
30,35,59,88,94,43,97,17,90,2
20,73,19,3,68,88,49,26,36,100
17,6,87,97,30,99,82,56,31,59
19,66,96,35,69,97,33,84,89,91
59,97,39,59,2,44,74,4,70,11
44,60,36,94,31,45,88,49,57,69
97,44,90,60,33,8,38,21,98,67
42,92,84,83,48,46,2,51,33,15
78,66,72,96,45,34,92,25,44,40
45,87,24,51,50,91,90,33,55,49
89,30,14,87,97,57,22,66,56,18
28,68,47,66,13,41,53,42,60,70
24,93,31,50,90,17,16,71,2,15
21,22,62,19,1,14,64,58,76,20
97,22,41,42,76,22,47,6,19,100
61,46,15,85,46,31,38,2,77,51
49,38,68,73,98,66,81,17,15,56
47,50,79,36,82,53,70,76,35,41
41,52,97,12,50,44,82,50,100,89
51,79,31,10,73,7,33,70,78,55
54,13,46,40,78,56,53,60,72,86
14,68,67,2,90,13,66,46,59,44
5,65,75,5,1,70,39,43,75,65
76,22,79,47,60,23,85,58,66,85
46,94,22,30,57,37,8,27,85,62
98,61,77,23,52,36,44,9,47,28
5,55,62,14,50,71,91,31,86,55
15,8,94,96,47,6,38,85,55,93
86,44,81,60,78,43,3,85,1,9
58,21,10,26,92,31,13,51,14,90
16,90,5,63,68,99,3,93,30,39
75,79,80,19,82,51,58,19,62,94
65,43,57,33,36,28,85,88,22,11
16,66,89,67,2,77,1,44,34,58
56,96,90,28,2,21,17,58,29,56
32,88,2,11,83,15,79,95,56,8
91,38,15,16,61,63,32,99,99,65
47,56,1,55,18,92,70,93,27,90
50,53,59,72,10,50,49,11,58,37
97,1,19,41,24,28,37,75,9,76
77,9,50,48,66,89,36,92,47,8
61,77,12,79,94,20,22,35,62,30
58,22,16,39,40,16,36,65,62,54
73,86,58,98,94,2,16,12,27,32
75,7,40,54,98,45,75,23,34,60
47,54,5,98,66,26,1,93,41,8
93,28,9,99,34,68,11,87,64,33
63,63,21,36,90,51,49,93,29,52
60,96,81,88,75,81,68,79,92,58
12,43,24,7,40,86,31,24,60,8
14,71,70,87,24,62,65,8,86,95
94,79,7,74,32,36,18,54,15,79
21,53,98,25,24,26,7,10,12,16
60,98,4,75,88,87,100,53,11,62
66,15,88,70,9,40,47,97,95,92
51,51,4,20,19,33,14,11,92,99
86,55,96,13,28,77,73,11,36,14
98,44,60,2,71,46,56,87,37,81
80,77,38,20,65,69,6,57,2,19
3,70,18,34,8,97,46,47,53,84
98,20,92,93,94,56,31,2,79,9
54,93,71,98,55,27,27,76,89,75
43,26,25,10,51,86,58,75,17,95
32,15,20,14,35,33,10,58,52,22
87,100,26,71,62,7,1,49,22,59
1,4,49,84,62,61,96,43,67,60
29,6,31,37,88,69,39,97,98,31
17,18,10,94,45,46,19,82,90,3
67,71,85,31,12,23,43,16,52,11
67,20,4,40,43,88,91,82,65,53
76,19,33,22,1,30,58,46,5,42
93,84,40,22,91,23,79,47,39,22
86,90,7,96,95,77,9,36,83,81
83,70,96,37,67,95,17,7,33,61
39,87,6,10,84,42,25,85,85,53
42,100,26,87,60,86,82,49,93,75
90,11,37,17,19,56,72,50,55,63
63,15,5,9,14,76,66,62,40,98
43,23,40,52,67,12,49,43,71,79
9,97,9,45,56,1,23,34,98,31
85,1,19,26,69,98,98,91,77,34
90,51,94,47,67,16,80,18,55,39
10,31,24,49,36,8,11,46,50,64
91,32,39,33,91,61,46,13,13,81
71,15,34,97,95,63,75,36,41,12
18,4,94,4,52,66,10,63,13,56
32,73,92,33,74,1,74,30,69,20
54,25,23,63,6,31,100,3,49,85
2,98,3,75,48,78,90,38,40,16
47,6,29,49,71,13,23,94,78,35
4,32,24,98,90,51,29,53,61,83
52,39,22,11,66,63,62,90,4,62
92,30,13,21,3,38,8,89,75,42
83,8,7,15,2,48,13,24,93,76
71,63,88,76,48,95,52,29,76,98
86,42,22,53,46,69,38,42,4,75
91,45,71,23,37,34,42,69,54,93
86,62,72,91,14,15,97,60,66,57
56,16,78,18,69,58,85,11,7,76
92,87,10,94,31,53,18,39,25,13
98,88,2,89,88,70,68,37,87,46
76,9,72,2,12,56,82,63,94,72
82,90,100,11,11,97,67,36,21,24
73,79,9,79,10,51,41,100,86,14
96,26,42,52,50,72,48,2,29,78
71,10,29,18,42,53,84,43,37,67
65,93,3,37,82,20,62,52,89,24
12,40,51,50,61,87,67,6,3,12
39,99,54,60,21,87,74,59,16,85
3,14,87,80,83,64,76,88,80,20
45,25,8,8,11,21,18,91,58,51
97,46,60,25,98,76,59,57,56,27
82,41,72,50,80,91,29,23,14,95
20,97,52,92,58,22,93,42,91,17
65,53,55,62,6,86,31,77,3,71
87,14,26,93,87,68,39,31,49,53
5,91,42,1,62,76,43,78,54,17
25,31,87,76,77,6,37,91,90,80
29,41,71,5,40,49,7,26,72,39
65,8,68,51,11,3,100,69,23,94
28,25,3,47,56,92,84,80,89,94
7,36,12,65,23,76,60,2,19,30
39,37,79,96,89,93,94,5,82,78
69,3,94,91,29,14,28,62,42,69
51,97,79,81,89,7,54,7,58,32
39,26,61,16,63,69,21,43,72,3
70,4,7,9,33,32,31,43,98,40
83,6,94,83,78,6,29,52,60,15
21,68,52,16,1,14,42,56,12,93
82,67,81,38,96,66,89,13,94,39
5,57,32,72,33,97,55,48,92,11
21,38,82,71,25,92,97,80,40,80
7,54,93,71,62,69,25,69,56,41
43,32,72,78,15,47,99,3,76,19
82,93,90,43,16,32,5,54,18,91
19,93,52,76,65,54,98,55,54,9
65,71,18,63,35,27,18,41,40,56
76,24,1,61,51,76,10,42,86,16
8,49,40,57,51,90,62,89,42,17
10,60,17,14,68,14,4,3,99,41
32,62,68,51,14,66,63,77,59,81
27,22,2,78,58,37,51,58,55,35
26,70,85,49,71,54,37,13,12,29
10,9,28,79,100,78,15,66,29,18
4,91,100,67,73,93,21,81,82,12
5,39,7,55,81,100,28,7,43,8
6,9,42,9,24,73,81,93,79,90
38,58,41,50,6,31,69,1,32,15
53,96,32,40,77,90,91,11,43,41
63,57,35,28,14,2,73,13,72,99
27,24,18,100,52,12,67,69,59,71
82,37,11,86,55,5,99,45,60,11
68,29,98,6,10,92,45,22,88,28
51,68,55,6,25,18,37,7,45,81
90,3,66,56,6,99,50,21,95,46
46,16,86,22,18,77,49,88,50,3
95,22,34,91,53,2,64,73,92,41
68,46,9,84,91,44,100,2,21,87
63,52,9,7,68,40,57,28,45,26
44,40,23,65,67,53,4,75,2,78
64,96,51,22,37,89,20,70,27,12
95,22,16,67,63,31,2,10,15,80
70,78,83,25,61,42,89,43,83,91
90,31,49,64,67,49,73,81,19,36
55,12,5,54,65,48,15,92,53,75
20,90,11,64,55,6,22,94,3,89
16,95,11,100,76,55,26,44,61,31
29,87,59,29,42,2,76,48,63,93
40,12,95,12,5,6,66,22,24,78
86,33,25,13,1,7,5,46,99,78
47,42,88,58,49,80,56,2,68,21
26,16,59,27,3,48,43,44,5,69
52,11,90,11,14,95,62,50,41,9
22,76,82,2,30,29,23,21,42,78
3,30,36,61,27,55,25,99,65,5
6,36,56,35,39,92,77,77,42,33
86,3,11,64,33,72,35,68,28,72
67,18,47,96,23,22,73,74,17,46
36,47,87,81,2,99,10,67,86,80
39,36,51,53,39,55,26,59,21,30
99,46,100,48,63,3,64,55,94,57
25,44,100,93,95,28,85,33,76,91
82,54,44,65,86,13,85,61,95,59
27,19,35,91,68,27,26,44,64,34
99,90,96,74,2,46,96,87,28,43
74,11,94,82,79,47,12,73,12,41
71,55,65,33,53,82,52,21,79,11
12,88,41,6,68,94,40,97,59,66
74,33,81,49,93,43,29,65,10,47
31,70,57,21,75,78,50,28,67,96
96,66,37,52,20,53,31,25,94,69
6,86,10,39,9,17,65,68,1,14
43,62,95,25,52,53,55,2,97,21
51,29,58,74,73,27,88,21,21,41
18,11,62,55,63,93,89,61,62,73
97,69,95,81,38,41,11,9,86,66
58,81,73,39,73,70,33,17,18,25
96,1,27,79,46,19,62,53,35,96
72,43,94,85,41,7,73,99,64,90
72,87,60,66,62,14,33,34,80,70
68,60,28,13,51,85,38,64,5,58
80,47,12,57,73,27,42,100,9,81
37,87,32,42,55,15,92,95,56,44
21,18,62,91,5,4,12,84,26,87
6,81,45,83,42,54,9,67,84,7
10,57,61,49,54,61,20,74,52,76
39,100,77,74,9,17,76,90,11,41
70,76,76,2,75,86,89,83,49,100
92,31,2,83,3,73,89,64,53,2
29,2,80,44,91,29,28,16,45,81
64,51,15,21,43,69,96,48,10,3
71,25,67,12,44,43,83,30,46,71
64,85,49,91,39,14,62,16,26,84
86,45,62,64,72,32,5,5,1,21
81,25,84,42,9,96,64,88,98,38
43,48,72,44,48,23,70,96,55,71
17,38,23,65,12,30,82,37,39,81
65,32,11,90,35,22,51,67,5,92
4,72,24,27,49,54,31,66,3,89
68,44,34,95,7,68,34,99,5,20
74,35,10,17,33,69,82,55,59,47
67,81,91,28,9,16,93,24,3,66
17,1,50,48,64,36,18,12,38,21
40,5,61,12,56,14,44,87,51,40
3,30,43,2,63,17,74,4,85,63
65,30,58,16,90,40,15,57,5,17
83,95,92,81,71,41,46,96,22,57
26,84,5,99,88,60,98,15,98,11
83,97,15,14,30,28,96,34,62,3
55,15,95,15,54,48,7,16,65,2
32,55,85,35,67,69,50,41,66,49
44,97,89,31,87,48,71,82,94,53
3,32,76,89,32,35,100,12,70,11
11,90,80,62,35,42,32,45,33,47
22,2,13,66,83,2,96,70,2,31
79,95,5,61,74,9,76,23,4,30
74,11,97,72,96,77,38,17,34,69
55,29,96,51,47,51,82,62,70,81
52,7,32,17,58,72,61,37,61,60
93,61,73,76,55,75,84,15,96,53
36,17,96,93,71,77,53,25,84,35
83,96,97,21,32,15,12,53,84,34
92,41,17,88,52,32,85,36,6,90
40,69,72,41,36,82,15,12,56,31
14,40,97,97,26,37,12,42,3,93
30,44,20,3,78,33,17,80,2,91
63,50,38,48,35,9,31,68,4,52
20,38,50,27,66,37,58,55,45,98
30,100,89,4,4,4,41,32,66,68
78,92,58,25,83,8,45,19,55,44
50,58,23,87,81,83,1,67,80,23
2,70,85,27,78,59,85,41,87,27
8,70,76,49,20,89,95,45,5,15
83,81,25,9,51,95,21,17,96,23
9,35,58,100,64,20,42,82,18,53
1,94,5,44,4,57,63,71,96,73
72,42,56,6,92,42,1,19,83,100
5,88,76,45,55,19,63,99,19,86
69,88,8,93,2,82,44,26,15,64
52,66,29,19,81,31,40,39,57,38
63,42,97,54,78,74,34,29,38,57
98,68,21,77,69,8,50,69,72,11
87,64,26,28,96,24,73,20,26,78
45,99,97,44,83,5,22,19,76,44
31,16,47,32,82,4,62,33,52,9
71,76,42,2,9,68,92,88,21,100
54,4,43,30,70,28,13,63,90,44
68,3,26,29,78,53,23,4,54,98
24,19,26,48,27,90,1,87,48,100
2,86,64,73,60,84,49,60,8,6
25,51,75,30,22,73,65,1,2,93
49,54,28,30,94,91,70,69,8,64
19,62,83,100,21,48,75,44,93,91
84,50,51,25,16,18,21,70,44,47
20,9,45,41,20,70,89,61,56,24
2,10,32,99,22,33,70,74,13,93
96,95,54,27,69,54,69,32,100,15
41,6,84,91,30,21,88,13,77,79
6,90,57,33,54,51,3,5,11,76
5,58,86,54,4,79,29,27,33,36
47,95,48,95,34,18,85,3,38,21
89,51,96,91,12,2,36,66,90,44
30,62,79,61,98,48,26,42,70,97
25,19,11,8,25,43,15,39,50,5
42,56,51,4,46,14,70,55,10,37
45,96,25,54,93,85,98,57,4,98
49,95,41,67,72,81,80,52,77,42
45,38,42,75,93,88,8,1,82,40
35,16,64,57,3,67,16,36,61,99
16,98,70,48,21,96,80,82,11,88
44,43,42,87,27,76,59,88,57,93
58,30,53,62,69,51,32,8,84,35
66,12,56,53,8,20,25,73,65,28
72,49,92,95,1,32,17,81,59,12
12,56,16,81,85,41,26,37,13,53
10,87,69,45,79,97,94,31,85,26
55,83,54,73,54,21,41,60,92,68
93,10,56,17,8,64,70,29,40,33
35,47,59,90,80,26,28,31,55,59
42,58,25,68,14,45,64,19,25,98
79,42,17,73,73,99,3,13,30,21
14,82,95,10,41,3,81,94,21,17
74,74,30,1,10,84,51,94,75,36
40,55,88,1,79,36,12,100,48,37
67,83,95,28,78,32,61,49,82,26
24,61,83,50,90,12,7,65,81,26
85,65,14,54,30,32,26,56,67,94
17,2,94,13,67,11,77,22,34,67
89,4,24,66,99,57,71,93,100,92
19,66,39,61,26,41,69,59,15,37
12,78,29,25,64,43,94,28,48,10
41,57,100,53,92,35,24,66,51,47
44,4,2,75,82,76,94,72,89,11
78,63,29,28,21,43,72,42,99,55
49,6,85,98,95,53,92,88,9,15
93,84,12,35,20,82,15,7,92,45
7,26,30,94,53,35,1,96,27,46
70,86,13,13,11,57,88,12,40,23
17,94,11,14,53,17,87,63,30,54
84,90,44,15,85,88,95,55,72,86
35,77,2,25,53,9,15,26,14,83
89,19,45,3,51,69,100,13,1,60
99,18,10,41,33,35,74,54,18,25
4,25,11,89,45,71,47,9,96,84
3,47,71,8,22,48,14,9,66,80
24,45,67,5,87,90,2,6,80,70
17,89,33,5,98,19,41,86,5,50
66,89,51,74,97,80,93,7,77,7
90,61,83,23,73,84,72,37,8,84
95,2,53,65,68,81,63,72,29,83
68,19,66,26,61,13,88,25,69,74
8,14,81,94,33,38,77,57,89,18
77,23,70,48,89,61,70,3,96,50
81,24,9,83,89,87,5,30,14,82
68,78,14,35,84,2,32,6,78,88
76,55,12,77,27,77,24,83,85,44
65,76,53,23,7,32,44,55,97,46
78,17,70,13,78,45,25,71,57,77
65,44,94,1,95,30,94,77,56,64
72,56,69,11,70,89,93,39,37,66
33,61,49,6,7,58,71,17,79,41
74,31,84,57,26,20,4,30,81,7
54,82,43,90,49,17,62,56,31,81
62,16,58,90,53,96,41,17,27,36
24,46,21,4,18,86,53,46,75,50
27,12,87,73,15,52,1,100,33,79
24,12,38,31,47,26,29,97,26,38
61,26,61,54,65,17,97,41,59,100
6,49,100,56,41,15,49,14,84,57
74,79,86,97,81,27,61,1,76,62
47,63,12,100,94,81,14,75,36,84
50,8,32,50,24,45,74,1,99,88
67,40,80,88,29,45,57,85,45,97
93,75,27,54,27,82,84,76,95,8
2,1,67,66,30,39,77,36,66,29
93,17,62,83,71,71,68,75,65,3
25,87,95,84,74,18,94,96,77,85
84,10,13,88,2,56,34,52,98,79
28,10,23,78,21,70,57,3,97,40
76,48,37,75,72,16,21,27,67,74
64,58,95,24,79,1,30,80,50,63
67,72,57,45,87,84,46,57,15,93
71,59,62,99,89,36,28,99,99,20
74,22,88,52,54,22,31,16,7,32
96,5,10,37,70,29,100,73,12,20
86,79,28,46,91,37,54,3,24,26
100,65,72,1,61,80,6,62,64,1
20,66,74,58,42,34,19,24,29,42
33,30,34,14,27,62,13,6,49,33
39,4,53,57,17,7,20,61,70,74
92,98,41,83,32,47,40,32,69,28
72,52,51,87,39,63,81,15,73,60
69,60,98,88,75,26,37,66,98,76
25,25,85,78,44,84,47,19,42,62
87,47,27,3,17,43,88,36,43,84
35,89,77,34,28,21,72,65,66,52
76,53,26,41,2,86,96,64,38,77
88,11,47,83,34,37,74,33,49,14
98,87,77,76,44,82,45,32,86,52
70,84,17,1,31,15,90,16,78,66
52,6,2,89,74,58,46,45,23,46
19,83,40,26,78,70,14,55,90,29
40,13,76,65,46,11,91,65,94,38
81,48,87,36,14,34,1,83,59,91
14,89,91,79,7,61,69,65,46,72
54,96,2,81,12,95,37,34,6,49
44,17,92,39,53,29,85,80,2,31
11,1,75,72,15,79,91,38,38,97
80,37,98,48,64,38,53,55,17,77
99,37,92,6,39,14,13,9,5,43
48,22,16,50,71,36,73,1,37,15
35,20,62,54,23,19,48,93,14,56
60,43,97,10,65,28,19,96,85,55
87,87,61,28,82,72,20,53,22,89
38,74,84,1,43,65,43,49,9,73
6,39,90,26,21,82,72,74,23,84
33,71,94,19,61,46,24,51,86,87
4,28,9,52,79,86,21,57,52,51
78,7,42,19,18,97,86,78,5,100
77,96,28,70,24,98,23,98,36,66
36,48,27,19,54,99,78,40,48,22
50,39,66,61,99,22,2,89,15,32
15,94,3,22,23,56,46,38,49,44
12,67,76,73,37,7,71,64,22,14
26,95,29,68,1,96,94,1,88,67
80,85,11,5,88,70,43,63,50,7
3,35,13,79,81,94,76,12,23,95
49,58,72,75,60,62,79,50,65,91
55,78,71,9,94,80,35,55,8,87
51,92,47,32,91,92,47,84,42,95
95,59,47,44,94,19,72,84,79,51
91,14,16,99,87,47,80,84,1,24
40,45,78,72,34,2,5,20,61,82
97,13,19,73,40,96,77,76,67,8
34,40,9,55,20,59,18,59,19,11
19,99,4,63,11,46,87,69,25,55
56,45,18,93,87,1,32,11,38,95
35,11,27,27,47,93,55,63,86,93
67,42,38,67,83,27,80,99,77,36
75,31,54,37,2,90,13,14,82,1
15,31,71,3,48,52,31,19,73,54
54,29,62,11,33,42,36,16,65,90
52,86,2,58,87,92,63,81,84,70
29,88,54,49,40,91,82,97,58,18
6,67,4,94,83,69,63,42,43,77
19,4,79,72,17,31,26,36,18,13
45,87,80,57,11,67,47,91,75,68
74,14,13,88,65,44,92,57,46,76
87,46,35,61,68,4,97,31,7,85
86,92,6,96,23,47,73,51,15,47
80,4,43,68,43,89,19,12,70,3
59,97,94,67,7,56,34,19,69,36
73,74,14,91,41,64,78,66,13,82
32,14,20,58,6,31,34,34,16,54
30,17,19,65,79,13,45,36,25,44
50,25,10,30,35,30,81,82,6,46
64,26,17,73,3,4,57,53,36,99
43,55,25,5,62,97,81,45,67,5
55,13,96,63,11,16,10,56,77,44
92,100,5,77,61,21,99,67,96,2
30,96,32,58,14,68,84,20,2,83
28,55,83,29,94,58,88,55,26,19
59,37,97,73,62,27,3,55,55,85
45,17,29,16,62,59,44,90,62,33
66,82,4,87,15,42,12,60,48,95
27,43,42,100,44,24,5,89,80,81
89,41,18,54,65,17,94,53,94,15
69,9,62,100,11,28,46,59,48,20
72,87,41,83,53,1,46,53,12,15
41,11,68,36,25,52,25,26,12,84
16,99,53,98,43,44,5,39,25,19
68,80,41,65,100,70,13,75,62,69
37,31,94,85,93,47,77,52,70,44
8,94,2,89,67,66,12,57,57,90
35,66,53,27,91,21,24,65,57,20
87,38,77,67,69,40,96,46,92,72
6,82,58,63,91,88,17,25,93,30
54,65,47,62,6,72,19,8,98,38
15,78,2,28,65,57,63,15,90,96
11,96,11,7,62,25,12,86,79,26
2,90,34,77,9,84,48,82,67,45
89,20,81,61,70,53,39,72,31,31
17,5,96,76,93,4,71,87,20,86
72,93,1,45,89,88,83,86,80,95
35,12,30,87,88,1,86,75,11,41
17,49,59,60,55,91,27,37,78,67
76,98,66,94,36,60,93,30,51,22
67,13,42,19,59,76,85,51,12,96
11,97,71,5,78,91,14,22,16,73
28,67,18,6,34,19,83,16,69,92
92,66,95,13,40,60,82,18,3,63
61,7,90,24,37,56,83,34,78,4
92,12,91,55,77,89,58,54,26,72
50,31,41,6,55,32,57,36,80,64
89,46,36,97,23,75,3,32,87,73
8,52,90,87,66,18,90,20,94,32
26,88,3,33,28,59,59,61,45,1
39,82,79,57,66,39,56,99,21,21
52,91,43,18,77,54,46,6,73,47
63,14,61,13,84,20,48,41,67,96
25,97,65,11,95,3,27,98,92,12
92,36,39,20,87,17,77,100,33,46
20,51,34,17,9,52,10,77,74,7
2,91,48,75,44,27,83,3,68,97
1,21,90,85,47,54,53,37,87,97
29,10,90,3,61,23,23,80,62,37
35,41,5,21,95,72,52,28,59,23
2,7,100,36,19,86,31,56,26,63
88,38,68,46,90,32,94,58,5,71
31,93,35,16,26,48,85,35,58,67
38,56,76,38,66,54,88,8,100,98
34,80,36,17,100,100,70,96,5,22
85,59,99,29,10,64,41,15,39,29
50,22,67,31,26,21,20,85,53,52
80,25,33,18,93,61,99,49,76,3
82,14,55,100,26,48,20,72,30,35
25,12,17,41,72,36,77,99,28,82
7,80,58,61,15,31,2,72,4,2
57,12,9,48,27,99,51,89,33,45
64,98,47,67,58,62,97,10,30,33
67,91,84,1,9,22,28,36,54,30
39,98,76,57,84,95,23,91,70,33
13,53,54,70,7,8,100,83,62,46
34,41,17,41,92,69,78,84,68,78
10,55,48,88,57,11,59,42,84,32
58,23,76,94,97,6,82,90,19,18
100,78,31,87,39,80,30,65,13,34
19,1,63,95,94,41,91,97,26,77
56,64,43,85,31,15,82,12,39,26
33,37,1,49,23,16,36,97,100,19
17,45,93,9,70,77,54,82,97,60
1,81,58,57,93,94,67,41,13,2
56,41,46,20,70,31,40,85,73,73
58,56,90,89,30,66,66,1,76,91
56,68,35,61,18,10,42,41,50,14
64,71,17,41,79,68,86,5,55,77
43,85,46,31,50,79,21,11,96,89
97,36,56,32,84,89,60,51,24,22
15,54,35,45,82,42,2,29,76,30
47,76,38,56,49,60,43,53,77,54
23,34,14,11,86,39,68,34,21,66
67,74,15,71,45,27,76,23,47,68
47,80,45,50,70,11,83,82,56,7
16,54,41,74,78,62,60,13,43,30
11,51,53,58,75,10,69,33,82,24
78,80,94,67,40,64,17,76,31,14
40,93,97,95,40,70,7,60,54,75
17,39,27,31,23,11,74,85,64,7
71,58,73,30,20,41,41,13,45,10
45,27,6,12,61,39,81,68,30,46
29,100,62,64,61,91,54,11,68,47
75,22,96,87,99,86,29,5,12,85
22,47,19,38,84,79,42,96,94,34
83,37,97,18,15,21,98,14,47,62
81,38,89,94,14,84,50,97,12,37
17,39,70,70,12,39,88,31,4,67
83,76,11,76,61,64,59,38,8,43
73,1,17,69,39,44,92,40,5,36
72,36,10,34,56,15,54,68,71,23
61,67,36,52,52,4,83,27,96,20
17,8,92,27,33,1,5,98,11,11
21,34,54,8,26,54,84,7,22,38
17,44,13,76,14,48,43,57,29,85
60,93,22,45,38,97,21,49,80,39
40,17,1,60,65,67,75,11,88,60
95,17,33,51,7,73,71,36,54,77
63,25,9,20,77,79,6,70,52,87
80,76,10,4,19,45,22,93,1,5
18,96,32,16,46,62,47,1,46,58
57,33,19,72,7,63,92,16,59,87
50,46,33,87,72,39,54,31,55,95
2,95,85,69,94,40,44,58,26,49
55,42,91,91,66,31,98,72,75,37
18,13,99,70,89,59,69,8,29,17
74,5,96,10,49,71,53,43,40,84
4,46,38,16,27,65,71,71,70,75
12,86,31,52,91,30,83,60,13,41
66,64,40,54,2,40,91,46,61,91
21,1,9,24,59,7,78,45,72,57
80,14,62,9,49,8,37,37,12,27
61,42,30,7,51,99,90,9,59,24
6,44,52,44,43,81,42,55,5,39
80,47,67,31,87,97,28,71,46,67
13,62,25,72,46,66,20,28,56,50
17,13,84,1,26,72,67,8,34,95
16,52,28,83,4,90,10,13,47,62
59,47,23,95,43,77,86,45,72,22
27,29,82,36,94,25,32,44,3,90
58,89,35,97,66,50,87,100,58,40
53,39,55,27,27,44,19,35,92,59
73,25,74,95,14,34,70,5,50,31
50,14,2,5,99,40,65,91,97,88
67,92,43,35,17,94,4,32,22,38
81,86,37,21,10,62,20,63,95,79
11,4,74,12,4,24,100,72,90,47
7,12,70,4,44,45,19,25,52,84
78,58,90,75,46,3,49,14,11,62
44,17,65,100,14,54,10,43,62,24
75,7,17,77,67,6,69,48,96,20
17,71,20,6,75,32,19,17,53,21
15,56,94,65,74,55,12,56,64,90
74,82,1,74,33,62,75,58,50,86
49,47,48,12,44,75,8,37,86,7
26,88,52,13,1,52,42,69,6,28
99,23,71,47,79,100,14,36,22,4
97,4,49,16,23,33,1,66,67,1
41,21,12,88,75,50,75,83,32,80
70,60,10,53,85,60,42,6,93,38
14,9,79,68,1,90,58,14,91,81
43,23,8,19,16,14,60,15,89,100
3,97,73,35,46,22,58,48,98,81
92,23,88,94,2,17,40,82,37,80
21,60,55,13,36,88,93,52,68,53
21,3,72,33,18,13,1,47,3,88
27,3,90,17,28,17,21,23,1,68
64,76,70,12,7,15,34,62,17,18
12,44,63,9,45,99,98,79,53,88
10,55,24,18,76,66,50,53,78,76
95,31,55,8,98,57,17,16,23,32
36,75,10,14,81,4,94,64,72,100
91,26,96,38,37,65,55,84,51,57
32,32,77,93,87,31,44,21,59,30
95,17,96,30,93,2,47,97,76,38
36,40,64,9,67,37,34,20,20,76
33,75,5,63,17,15,53,12,64,71
97,3,84,70,87,37,17,93,76,44
88,97,82,13,56,69,33,67,79,71
37,93,58,7,6,34,29,29,86,86
47,19,60,100,79,7,79,78,54,76
77,24,67,55,56,94,3,82,26,74
67,75,87,24,96,54,80,44,2,77
57,19,88,18,26,69,47,12,77,33
23,67,16,47,44,30,36,89,68,14
75,23,78,65,62,18,39,55,82,40
17,71,15,85,46,90,60,29,44,28
40,28,34,12,96,61,64,84,41,88
7,78,15,48,64,94,59,98,41,4
86,61,36,11,49,53,24,60,47,31
9,49,46,26,34,50,62,93,67,47
67,97,2,13,45,4,89,69,72,30
86,12,88,45,85,49,81,31,54,34
27,12,52,27,32,68,97,23,24,51
38,96,86,68,72,43,69,24,56,47
52,35,64,11,51,48,26,71,47,30
70,5,60,77,68,41,69,71,75,55
91,41,52,40,100,87,51,92,59,99
8,89,4,76,44,38,34,71,26,75
62,83,9,21,47,3,18,60,76,10
84,51,100,30,91,32,39,11,55,26
11,79,7,67,26,55,78,70,62,23
1,33,23,64,91,85,86,43,88,15
88,20,14,97,51,82,71,38,52,65
31,80,60,39,90,56,48,12,60,81
70,34,46,92,67,63,37,42,71,41
41,93,69,6,5,74,81,86,69,24
81,40,37,55,93,16,54,64,12,55
41,94,76,83,69,84,47,57,14,85
38,50,24,88,19,54,92,50,86,40
95,14,19,66,37,9,44,73,4,78
74,98,95,83,80,97,24,77,93,43
82,5,56,5,23,83,71,61,27,80
32,71,81,88,75,52,94,54,80,51
2,65,71,27,97,77,15,3,76,100
85,55,11,72,33,41,83,23,86,32
80,73,68,98,82,92,56,22,51,87
90,39,15,96,43,12,63,74,100,3
62,30,53,48,30,81,70,65,91,44
17,86,4,79,21,84,11,68,5,89
3,37,45,57,70,59,29,72,13,31
21,53,20,88,75,35,38,37,5,21
2,82,85,75,83,74,14,56,57,92
8,49,51,94,31,39,95,53,47,27
73,91,11,42,29,12,99,65,75,55
41,7,78,97,49,10,72,100,6,5
75,63,23,71,68,95,86,77,67,31
62,61,40,99,82,92,53,24,78,82
10,46,10,16,59,70,36,92,70,42
6,20,75,42,100,63,17,54,47,11
55,72,10,39,30,3,72,27,15,56
10,54,78,67,54,31,86,64,52,37
38,33,57,71,7,20,6,41,65,77
38,64,58,72,12,30,37,91,79,99
70,6,75,93,22,84,27,44,97,48
90,100,65,13,42,10,30,79,84,28
67,37,20,67,59,79,75,30,78,89
24,26,41,9,43,86,84,87,12,42
52,77,91,36,37,55,61,82,33,13
54,49,12,27,70,5,23,36,56,46
98,85,56,41,1,79,89,59,41,30
58,1,96,62,98,60,14,92,64,38
2,95,83,1,78,36,31,42,31,38
99,61,92,89,41,19,8,9,88,49
78,29,80,58,98,92,89,36,75,11
24,82,54,52,89,67,89,49,4,68
90,82,73,76,75,75,22,56,57,92
21,98,28,41,50,85,85,12,81,7
14,68,30,63,15,65,81,6,100,42
12,20,30,87,39,83,95,11,2,41
16,8,17,76,35,17,100,27,29,64
46,15,66,88,36,10,35,82,37,20
61,29,18,14,24,82,50,96,60,37
5,46,79,50,73,72,84,80,11,24
48,42,58,43,7,87,41,79,38,12
81,42,11,80,84,67,78,33,2,7
8,14,85,78,39,10,63,47,12,10
80,58,10,41,9,2,89,43,22,47
60,91,66,12,76,89,96,29,31,65
29,68,32,18,2,90,68,53,7,23
79,63,78,23,55,89,11,86,1,18
46,100,8,83,82,37,38,67,12,78
55,96,67,68,69,61,40,81,78,91
23,7,7,86,79,87,84,54,8,30
36,42,9,100,28,85,8,59,15,32
46,2,83,37,62,19,23,55,53,83
9,24,82,81,52,64,55,92,30,4
29,73,36,15,3,42,26,43,11,55
12,74,98,67,58,81,44,16,63,100
49,67,40,63,49,68,37,85,71,23
16,13,72,13,78,37,57,6,11,37
27,11,33,53,16,23,1,52,87,87
91,27,90,97,48,33,64,75,51,3
68,15,49,35,58,33,94,97,30,28
96,72,40,90,25,68,41,42,15,41
20,30,31,100,83,64,26,39,81,9
89,72,36,51,14,74,28,77,17,26
32,22,50,88,83,95,88,50,47,11
53,4,48,34,90,48,85,32,88,36
13,98,32,99,91,74,3,22,19,22
59,10,61,80,59,100,23,9,40,85
11,8,64,93,78,10,6,53,88,27
88,20,65,33,79,67,37,54,68,69
99,56,41,91,28,73,94,60,40,41
48,43,69,44,90,32,34,57,4,36
31,79,55,59,72,24,15,36,2,85
12,36,76,97,42,84,67,79,49,49
49,74,41,56,61,67,63,49,60,38
30,20,36,39,47,32,42,13,9,23
60,21,36,8,74,76,88,40,32,71
91,23,29,92,22,91,3,64,72,81
51,64,19,88,36,19,2,38,9,78
30,61,80,91,54,28,25,40,22,16
17,96,65,67,84,85,68,37,81,69
53,95,1,43,9,22,31,85,79,63
50,28,76,49,82,74,46,77,35,84
57,77,39,88,3,87,84,58,73,45
89,16,64,1,36,71,58,72,81,96
41,43,55,94,15,36,42,73,10,12
100,39,32,42,80,86,50,52,69,62
68,32,67,40,6,24,50,50,35,21
25,80,48,4,12,60,9,64,81,74
35,99,1,11,54,56,75,1,51,69
65,34,12,93,35,74,12,100,58,7
3,82,21,92,96,91,21,35,28,88
55,10,35,37,81,100,98,20,56,13
24,58,48,36,81,24,100,33,67,90
78,72,79,62,87,39,73,21,30,13
24,86,93,45,34,9,97,22,71,43
91,34,93,34,67,38,70,50,65,81
81,48,44,25,100,35,8,44,35,71
35,90,65,63,65,41,53,66,64,53
58,23,82,90,64,47,86,57,38,4
60,76,42,46,81,51,27,85,89,86
94,71,43,24,72,78,53,46,45,81
3,1,29,54,1,74,68,45,11,26
52,44,19,7,27,4,92,38,92,57
29,27,3,9,31,75,55,61,13,98
23,53,67,82,83,35,36,67,100,86
49,25,75,20,96,83,54,75,20,90
23,56,94,20,40,36,30,82,28,79
92,71,90,80,41,47,70,38,7,27
3,85,3,98,28,40,94,6,24,96
68,77,17,13,77,50,69,6,3,38
74,48,30,78,90,43,64,28,3,42
8,82,97,10,47,91,19,34,91,71
49,10,31,3,56,39,63,37,57,18
30,83,20,15,47,59,57,54,2,10
93,7,55,43,43,75,41,64,88,64
25,9,33,57,13,13,43,50,5,91
64,85,4,72,22,73,29,16,22,68
54,56,62,44,90,48,65,30,92,92
69,86,84,86,94,37,28,46,2,2
81,72,97,74,38,83,44,76,82,26
36,80,34,79,4,52,82,9,1,11
28,91,87,68,26,94,51,42,29,9
77,77,56,17,85,12,10,53,97,67
72,2,96,80,26,67,67,61,61,17
68,83,84,65,23,61,90,55,88,55
37,54,44,64,25,30,81,61,44,34
3,83,77,15,80,28,40,78,60,18
2,59,88,5,35,65,86,88,98,19
10,16,40,4,95,8,76,21,84,10
38,86,22,92,24,51,33,3,75,38
48,27,72,48,91,16,29,34,76,6
83,64,19,27,7,20,34,83,98,11
37,78,84,44,30,69,24,91,9,13
36,99,31,52,46,11,36,35,53,89
60,84,20,79,30,78,75,57,80,93
75,74,26,9,26,47,18,69,17,3
90,23,99,17,47,37,41,22,39,53
30,71,100,55,94,25,35,26,45,18
3,7,71,50,49,87,97,49,38,94
98,51,98,16,1,55,46,43,74,82
27,46,7,81,74,80,4,95,61,1
89,64,63,77,24,95,84,61,65,72
48,33,28,77,54,13,7,34,50,1
92,52,1,50,91,66,68,60,86,67
43,46,61,97,65,46,66,91,71,73
84,73,23,21,100,83,7,31,72,37
51,20,19,32,10,3,72,60,11,12
42,20,64,63,60,27,97,72,34,14
37,99,41,16,66,96,54,28,32,84
15,7,63,62,32,51,60,93,42,25
11,4,51,94,88,26,21,10,7,86
85,90,68,79,55,74,67,98,96,50
6,28,87,51,63,98,87,73,63,51
15,100,63,72,79,35,74,78,38,17
40,49,67,76,92,2,37,9,7,72
43,66,98,3,86,12,31,9,72,19
68,89,69,80,68,71,12,82,83,15
54,82,13,83,97,46,16,35,82,35
55,18,64,51,95,23,64,98,3,99
5,4,35,32,25,39,89,60,82,92
13,72,55,29,15,82,19,61,20,72
73,63,6,59,36,2,7,50,2,98
52,70,39,36,100,20,47,90,7,34
18,25,97,28,32,41,56,27,34,9
22,61,93,89,91,24,32,43,30,20
36,24,74,97,21,91,40,52,3,46
69,86,30,74,94,32,23,44,52,41
72,26,34,95,77,65,36,43,84,29
30,43,94,21,1,23,62,8,94,28
55,24,51,18,95,85,67,86,19,19
47,59,67,75,32,68,13,59,22,38
40,32,67,29,43,81,58,52,12,70
95,43,65,96,74,63,94,38,81,93
95,61,25,10,77,87,73,41,45,56
25,64,90,88,61,16,71,38,95,94
94,19,37,47,57,12,45,98,99,24
45,69,78,71,92,2,40,3,68,61
91,24,59,36,3,3,46,31,6,35
76,31,35,15,16,86,89,36,54,18
42,27,1,49,35,94,70,86,93,36
48,86,90,25,60,56,29,65,42,40
25,77,37,39,20,74,47,28,49,100
8,97,12,93,34,12,34,83,15,92
17,76,36,7,64,85,5,36,14,85
88,56,81,62,27,71,97,4,85,30
7,15,53,5,75,53,73,33,36,56
31,2,18,97,59,34,7,69,42,45
51,43,42,54,66,60,67,66,55,48
67,13,82,28,93,54,84,90,4,32
22,47,78,36,31,85,46,81,92,27
8,26,8,73,5,69,43,78,49,48
71,60,47,41,51,28,37,76,83,61
57,34,67,100,23,83,95,44,39,98
56,53,42,65,100,85,35,21,46,17
7,86,10,90,77,22,92,47,89,60
70,75,62,79,26,29,92,45,14,65
35,62,18,67,59,77,31,84,85,21
56,12,46,48,11,61,55,82,72,74
46,35,10,48,14,17,37,38,89,18
87,81,64,64,10,23,23,93,95,9
5,96,76,2,73,80,49,80,36,85
39,14,14,13,42,70,28,47,93,38
44,9,88,12,71,51,37,7,86,34
55,67,57,61,28,37,94,5,38,13
65,47,91,24,54,35,83,83,32,39
52,98,89,30,64,45,9,92,100,79
99,33,88,67,55,28,68,37,50,73
97,96,70,87,48,17,51,66,1,40
87,66,15,66,14,23,19,22,28,32
2,91,28,65,43,71,69,51,70,70
87,10,3,41,50,39,6,81,25,19
72,25,5,66,71,81,41,34,63,35
15,83,2,79,82,74,74,37,83,75
85,56,2,71,81,79,98,5,80,5
7,76,77,42,25,73,53,36,61,39
41,99,44,49,3,25,30,40,3,59
62,47,90,86,25,78,10,14,58,93
18,14,46,44,13,23,9,42,52,54
33,65,78,67,33,30,41,29,19,71
75,73,98,69,43,18,83,42,18,87
32,4,49,57,93,24,36,78,2,83
71,20,52,48,49,33,89,86,92,29
41,2,36,60,72,71,18,97,83,8
53,64,57,30,8,17,21,67,100,35
45,33,80,34,89,98,67,5,24,80
40,87,75,73,47,68,24,71,81,75
89,38,46,72,30,35,24,79,21,39
34,47,36,63,75,75,8,20,13,79
35,52,36,76,40,43,100,62,13,23
19,38,54,83,67,33,26,19,35,27
20,98,64,62,88,8,58,10,88,50
14,48,73,62,80,63,72,36,35,71
30,68,92,37,37,61,58,18,66,59
26,78,70,15,77,9,81,4,9,68
12,14,50,96,33,65,27,62,77,66
58,73,26,19,71,5,75,45,74,2
13,64,57,62,5,70,1,5,25,92
63,63,36,55,19,38,66,9,61,26
60,11,30,87,24,70,48,75,15,42
15,39,8,82,85,7,55,35,93,41
72,9,46,29,59,11,56,72,61,32
70,29,87,75,24,70,58,87,78,74
95,13,14,88,25,24,97,95,42,36
26,76,75,63,14,55,29,72,34,53
9,59,14,80,11,31,97,14,37,52
1,73,18,68,23,91,19,82,75,43
6,93,89,65,54,8,93,57,23,50
11,52,77,89,12,43,42,33,4,11
47,84,76,71,88,58,24,66,99,32
23,12,88,39,71,68,5,74,28,25
40,85,44,88,92,2,17,89,13,52
23,1,66,74,35,37,34,8,13,68
36,84,8,56,19,5,82,1,65,97
38,15,72,2,66,38,30,86,47,49
20,83,92,94,72,52,6,40,18,100
56,93,84,59,42,4,94,71,100,19
79,77,31,32,8,53,80,80,66,20
95,11,69,35,73,47,88,30,20,61
62,11,79,83,4,95,14,96,95,10
27,93,15,70,25,13,60,44,73,3
33,70,45,19,82,16,50,6,13,26
61,67,13,61,43,25,20,69,63,17
67,59,52,39,53,64,35,19,39,77
99,44,6,64,64,90,96,10,48,58
39,29,63,23,9,3,43,63,86,68
55,59,24,72,64,34,60,25,81,24
81,3,31,81,17,69,63,84,15,38
5,15,29,63,69,83,99,39,78,66
2,13,52,2,54,12,91,26,99,72
72,38,97,68,41,43,68,26,63,74
42,62,28,18,2,33,61,1,39,66
45,83,11,62,37,55,71,52,14,18
100,58,36,75,50,59,38,5,57,95
47,53,90,79,4,16,10,64,89,14
81,48,9,43,35,4,27,89,49,34
28,90,95,40,63,61,86,53,48,25
41,100,67,31,62,89,78,22,76,91
98,37,15,82,28,66,65,93,17,97
25,98,68,10,34,8,79,3,37,80
90,25,69,2,75,85,15,86,95,7
1,40,12,47,12,47,95,70,81,50
91,31,50,1,63,62,60,79,2,56
30,30,38,64,18,63,71,36,79,30
45,73,33,58,15,35,23,66,96,19
37,93,77,77,77,64,63,85,68,7
29,15,80,50,17,61,95,98,40,95
88,93,80,67,44,12,86,39,2,5
9,61,96,70,83,80,31,54,90,100
11,60,82,28,23,82,70,31,90,70
45,33,80,66,83,44,11,97,61,27
76,57,17,7,30,33,50,38,14,11
97,63,41,23,95,85,90,81,47,13
6,86,58,83,44,5,52,22,28,27
46,50,42,38,72,15,92,76,84,42
85,89,67,66,62,58,61,35,3,89
18,97,41,6,84,51,92,98,89,63
57,2,21,10,81,77,21,51,78,34
10,79,79,6,83,71,97,4,41,99
40,49,86,89,23,31,91,12,62,96
67,60,48,43,94,30,53,88,70,70
70,23,49,83,35,53,10,70,62,72
86,14,57,26,15,56,69,74,15,33
77,80,27,63,73,11,62,34,24,89
65,9,66,71,8,89,84,28,9,7
51,95,76,31,51,31,44,59,99,46
97,64,54,87,33,96,14,14,98,78
95,91,66,98,67,90,41,86,63,29
72,9,54,60,16,71,6,83,49,65
36,17,46,48,54,14,1,47,89,34
45,93,60,20,48,63,21,4,41,68
65,41,39,56,37,52,26,90,47,93
37,6,56,35,91,92,43,45,23,74
88,52,49,11,76,82,43,93,34,92
45,6,89,38,40,3,85,37,38,40
40,10,55,15,71,31,17,30,10,53
100,84,14,84,25,99,67,96,9,86
65,73,41,2,29,64,21,82,69,88
61,1,86,94,94,73,12,86,32,14
40,34,2,72,13,98,100,78,32,41
89,95,89,100,60,4,64,7,53,44
71,34,28,72,83,43,15,22,29,86
26,28,19,50,7,4,95,51,48,66
83,11,72,71,75,20,62,62,45,73
24,77,52,45,99,55,87,98,3,5
80,56,81,21,18,76,91,50,20,88
2,93,78,15,57,20,50,28,62,16
15,77,10,68,55,96,7,52,89,85
35,89,93,25,84,24,26,29,50,83
50,17,9,40,25,66,49,45,72,53
86,54,82,45,12,95,65,65,48,13
7,7,68,30,57,20,60,62,57,71
6,11,86,9,16,59,63,26,50,83
63,28,11,56,36,48,20,25,37,7
49,50,2,73,59,1,90,61,57,25
62,40,69,46,54,3,33,66,27,57
31,29,57,93,83,5,58,40,83,21
88,19,59,21,60,99,43,89,29,57
3,99,88,96,17,13,22,88,64,82
95,4,37,53,41,17,77,18,27,18
71,97,25,35,99,45,45,74,30,55
65,43,12,2,42,80,24,16,18,38
67,80,30,20,41,22,62,75,56,62
68,89,92,78,6,52,91,100,50,60
19,81,4,67,81,66,18,63,78,26
20,65,80,58,46,19,55,50,53,31
59,53,76,13,21,40,4,3,28,87
11,59,57,30,75,98,91,61,58,23
13,83,82,45,13,40,52,40,21,39
34,6,82,39,93,1,1,35,2,96
92,9,53,90,90,56,42,86,53,79
31,34,99,32,56,46,87,36,78,28
97,80,14,43,26,75,94,59,57,7
18,31,21,49,56,18,89,66,84,58
23,46,83,82,12,2,58,92,19,18
62,34,23,25,2,8,77,96,31,77
62,6,80,19,15,58,86,59,85,91
19,45,45,99,49,68,52,67,70,2
51,38,79,30,50,59,22,55,31,63
22,51,24,22,37,99,37,49,82,41
70,19,4,59,63,73,72,55,57,80
31,41,53,69,73,75,58,14,61,43
76,76,77,96,16,13,84,100,68,100
17,42,6,66,52,37,56,84,48,28
59,7,42,29,39,33,16,42,8,13
15,65,35,91,66,62,19,86,80,63
53,44,62,18,60,31,11,10,7,7
97,68,46,38,40,96,53,10,54,83
65,7,37,97,96,64,80,4,35,99
67,8,25,17,42,91,61,12,21,75
57,42,18,89,85,23,68,41,10,85
38,28,12,82,4,6,72,53,100,63
58,24,13,84,56,53,3,46,5,57
35,79,7,89,71,42,10,51,98,68
99,97,3,22,45,16,5,59,29,94
56,58,19,18,49,3,51,85,66,46
61,27,8,79,18,70,80,64,3,56
94,48,45,49,88,29,31,59,70,21
50,66,69,23,86,36,77,72,27,56
18,39,49,86,52,35,74,33,37,64
28,57,82,1,25,63,63,55,50,34
66,27,41,42,87,42,73,42,35,27
97,74,82,1,96,78,51,65,11,72
70,29,69,76,55,84,33,28,26,77
20,78,65,37,50,4,98,20,99,68
79,26,13,6,46,95,18,20,27,100
19,8,91,42,60,58,46,69,52,4
67,69,58,70,60,67,52,74,93,13
2,64,48,36,80,62,60,98,54,31
8,85,94,30,4,45,21,20,54,61
98,65,89,22,25,17,15,40,19,12
1,51,100,84,1,29,37,71,28,31
9,8,9,2,95,3,61,69,69,79
17,48,53,71,70,64,33,84,91,10
12,90,97,65,19,90,88,6,56,39
11,34,50,12,87,34,4,44,25,42
88,48,93,57,89,39,49,22,78,76
98,95,6,67,81,83,55,22,45,12
16,60,9,15,56,51,58,28,6,70
97,14,8,30,70,33,54,29,78,95
77,41,58,74,39,92,78,89,69,91
87,79,15,87,75,52,36,30,44,40
12,42,100,82,70,19,80,64,30,93
61,6,76,42,62,76,41,44,12,25
29,13,48,78,48,70,69,46,29,42
8,26,92,43,50,67,25,80,29,50
41,60,2,80,38,95,22,50,34,91
4,4,94,79,71,12,70,19,21,33
77,26,77,38,4,54,35,57,56,95
87,4,72,25,65,15,77,55,56,16
56,22,56,59,23,16,25,99,98,46
10,35,43,77,35,96,39,26,30,12
51,43,12,89,68,74,2,66,53,61
80,63,30,57,84,43,40,73,68,76
44,59,74,27,29,59,4,83,41,97
19,93,38,35,17,12,62,8,1,45
67,19,62,7,96,67,80,52,24,19
66,20,61,58,57,19,35,41,4,84
41,63,72,99,44,16,40,44,97,54
71,37,60,97,97,63,62,17,84,89
72,45,10,92,77,66,13,42,14,87
32,53,81,89,48,47,99,57,1,44
83,19,15,96,91,1,62,9,2,54
51,74,73,40,84,10,22,79,17,96
71,70,31,42,90,43,91,68,17,15
37,6,76,95,5,71,82,97,41,69
74,46,41,64,23,33,13,84,50,59
95,51,60,57,15,15,89,88,21,5
5,53,33,66,23,63,90,13,56,98
34,35,22,48,13,11,4,3,54,10
88,44,22,78,37,91,61,95,76,32
64,84,94,73,62,63,77,42,88,52
92,74,23,1,48,62,84,85,41,7
50,45,34,47,5,4,45,86,88,29
13,84,90,22,45,39,79,17,27,25
93,38,98,14,38,20,66,98,65,74
88,68,90,72,69,26,19,52,58,5
56,30,77,40,74,82,46,89,100,24
20,46,62,18,64,53,69,59,49,9
6,12,74,61,52,25,23,22,18,50
85,72,2,41,66,64,5,55,4,51
84,82,77,58,55,68,79,17,69,64
60,6,91,34,30,54,30,14,87,87
32,50,76,52,7,99,71,48,97,96
94,22,50,58,85,33,19,95,49,91
38,52,18,3,14,95,37,65,23,66
51,6,86,32,40,61,90,14,49,18
15,17,89,12,62,78,38,8,7,75
37,99,50,89,55,70,88,10,51,9
49,75,40,60,4,15,29,5,69,66
16,11,87,10,20,2,2,62,35,87
31,63,32,69,43,89,83,5,16,67
38,13,50,63,100,55,26,51,5,69
97,89,97,67,74,60,46,1,68,9
90,57,25,2,2,79,60,40,38,53
10,17,26,31,26,87,98,20,79,55
40,75,13,8,17,1,31,35,39,54
8,85,55,68,10,26,33,34,97,28
20,54,70,82,13,30,78,63,32,16
76,41,21,97,64,79,85,9,84,27
90,79,8,99,29,76,95,62,55,91
11,91,46,94,43,22,86,60,36,95
93,31,59,98,36,96,48,94,25,84
23,29,50,39,32,94,47,32,87,37
48,50,58,44,15,14,31,55,39,97
29,36,79,1,38,88,79,27,10,5
61,29,17,85,58,98,74,33,74,87
68,19,73,84,76,53,46,56,99,79
13,87,47,50,23,82,25,77,10,45
27,28,50,92,61,19,27,31,98,55
82,20,99,60,21,73,58,88,82,53
66,73,71,79,46,39,45,21,20,72
97,48,88,18,39,1,67,27,60,55
50,80,34,67,55,33,89,15,44,81
32,75,36,42,59,48,50,24,26,42
83,90,48,68,50,21,4,73,48,12
86,39,48,64,81,19,12,40,93,90
82,35,24,57,24,93,36,65,69,44
83,22,57,17,60,22,40,26,25,49
85,22,12,20,75,78,16,36,32,99
66,41,55,98,74,22,12,45,75,77
21,6,41,51,67,32,16,32,94,67
4,94,86,65,38,90,45,94,36,31
45,35,87,19,78,99,17,59,56,79
96,36,82,6,43,13,2,66,54,62
83,93,11,15,20,1,15,68,76,3
61,89,63,56,86,16,71,47,62,53
5,48,6,11,15,77,64,26,23,78
7,63,90,9,15,60,24,70,37,81
95,76,66,85,65,41,26,58,76,94
31,83,35,5,75,92,77,11,32,52
46,13,46,10,35,40,92,78,73,31
83,85,12,59,83,79,55,21,56,12
24,73,38,20,19,19,8,56,60,41
27,56,62,38,12,98,43,62,66,13
68,16,34,79,67,29,42,96,85,30
19,44,68,61,44,14,68,41,67,2
50,68,79,72,19,79,93,86,37,22
48,88,51,88,56,61,66,93,13,62
50,96,63,5,52,86,4,7,12,79
28,51,5,25,87,47,60,75,17,76
87,84,7,7,48,17,4,45,88,80
39,84,61,85,100,71,33,40,20,3
11,91,97,75,82,29,25,46,97,17
93,24,81,45,97,68,31,17,16,88
98,87,35,11,85,47,83,85,75,59
47,14,87,75,79,73,79,61,52,41
58,40,39,25,26,11,94,24,99,19
19,70,62,94,39,11,6,27,82,29
41,83,54,3,20,35,62,40,89,52
75,95,79,38,5,55,99,100,59,34
50,97,55,49,67,34,48,17,91,21
72,40,78,22,64,21,11,70,90,57
32,23,3,65,94,70,22,19,58,78
11,54,65,10,78,7,6,49,84,11
20,92,33,41,53,20,86,49,9,68
61,90,3,71,15,33,64,41,100,82
45,38,98,73,59,72,61,68,43,2
88,87,78,11,74,64,62,76,7,71
9,93,22,6,15,49,32,98,32,79
28,50,4,6,22,81,79,56,81,61
41,87,92,45,94,55,89,78,91,93
71,25,36,16,13,79,76,92,5,1
32,59,16,47,65,98,72,73,24,25
81,58,20,82,28,40,96,22,2,63
82,16,37,33,14,46,14,3,77,78
44,59,70,49,7,76,10,28,91,9
23,88,85,31,100,15,47,31,57,95
1,59,68,12,69,100,75,6,72,68
89,100,52,68,10,92,9,36,67,70
79,84,76,38,72,21,56,76,26,56
23,55,48,95,48,14,69,86,57,33
13,62,64,10,86,20,60,73,20,63
44,14,14,94,9,94,20,63,41,31
62,26,64,46,52,75,90,87,3,98
90,10,35,17,57,68,18,95,9,53
9,40,66,93,2,90,89,98,27,55
87,8,76,61,42,82,40,47,64,90
54,70,49,77,67,43,17,52,86,78
93,56,43,57,99,37,24,73,89,60
12,25,63,12,42,21,47,29,38,72
85,29,16,36,50,45,44,69,47,89
34,78,86,47,54,41,15,75,31,38
48,69,57,14,94,37,1,33,25,89
87,23,59,94,45,23,58,1,29,82
7,92,20,24,53,79,72,97,93,71
14,66,35,4,31,77,24,39,97,66
54,88,41,47,58,81,72,40,22,98
92,5,18,61,5,31,76,2,79,8
32,19,29,34,95,24,100,95,35,88
73,63,81,88,60,86,66,64,7,38
25,25,77,75,80,2,72,61,6,3
97,100,37,48,4,91,79,13,37,37
48,53,16,95,58,61,74,66,94,70
80,84,12,13,98,54,97,72,91,21
41,39,88,5,18,37,48,6,1,32
2,77,69,66,87,88,57,86,93,42
94,94,81,31,59,89,57,45,78,2
85,49,10,73,95,7,8,95,3,9
34,32,51,92,97,72,72,56,87,100
19,55,94,74,24,96,42,81,65,33
88,82,19,77,31,24,14,62,5,41
40,70,10,22,95,100,49,7,38,53
83,53,19,38,62,86,69,47,37,37
36,84,18,45,26,90,96,62,47,49
87,36,78,62,29,50,75,35,46,40
67,13,22,11,63,1,85,81,90,97
92,10,20,62,40,18,71,83,81,99
52,70,22,7,25,3,4,75,86,76
26,12,37,33,73,39,40,65,67,3
46,60,96,95,64,29,53,76,6,19
32,1,13,68,82,33,44,67,13,33
78,11,24,90,74,28,24,74,23,42
81,29,54,42,58,82,51,60,42,41
67,3,82,26,63,27,83,14,58,27
61,90,1,91,98,15,73,74,10,8
67,100,64,59,3,77,26,68,55,95
14,80,17,4,50,61,86,9,22,7
35,72,43,91,32,27,46,11,25,68
74,70,89,22,93,86,23,41,96,20
31,46,83,82,46,63,66,37,37,14
20,9,19,34,91,48,62,40,84,5
49,74,89,16,10,63,23,67,37,69
37,77,80,92,62,92,89,33,39,48
85,76,19,62,13,76,54,52,23,49
35,78,29,60,27,63,57,83,30,40
67,46,52,60,58,56,56,88,100,65
80,96,73,29,93,99,19,5,43,25
33,48,96,65,6,32,17,90,41,93
62,25,60,67,51,2,70,43,36,24
63,37,1,68,68,47,29,56,57,12
27,55,39,71,18,14,85,47,43,16
26,62,2,51,96,71,4,82,49,71
36,18,25,84,95,78,18,17,18,86
72,40,27,75,24,53,57,72,25,20
6,51,89,78,56,10,26,44,15,93
61,20,93,60,23,18,16,16,20,86
64,77,34,25,67,64,11,2,98,62
76,39,53,35,70,90,63,94,37,13
64,26,59,29,13,86,65,91,9,11
6,9,82,70,48,54,62,27,40,25
26,45,98,99,92,33,55,26,93,75
72,68,55,60,70,20,91,48,80,34
61,75,67,60,42,48,49,72,76,76
72,18,36,36,87,64,42,71,85,28
85,2,42,43,65,43,66,56,93,58
10,12,47,100,1,63,14,64,81,7
4,37,40,88,83,50,34,21,29,38
21,83,11,50,66,85,20,97,24,78
73,76,68,35,55,91,80,73,47,99
68,35,31,42,8,51,31,41,45,68
55,16,75,46,8,67,54,19,26,68
54,68,17,56,74,37,16,32,51,56
99,62,15,97,85,41,87,11,29,24
83,74,70,63,68,5,85,27,57,22
11,64,84,86,87,13,73,65,95,64
75,29,14,56,30,55,30,92,50,2
1,4,60,63,13,1,26,64,55,71
83,26,29,19,64,25,7,25,56,50
1,62,55,45,82,36,25,83,50,90
63,38,89,79,8,5,99,90,51,17
12,57,38,17,33,99,85,61,41,91
27,14,51,48,60,10,58,62,58,32
54,36,82,80,90,67,7,29,24,94
18,61,79,65,4,75,41,83,21,56
32,83,88,48,17,63,34,1,4,7
29,17,85,33,66,4,97,38,64,7
2,78,17,99,42,31,7,12,92,78
64,19,33,68,46,81,39,79,44,71
4,98,58,20,48,18,61,36,90,46
37,100,71,57,87,29,50,85,26,79
83,92,27,39,9,42,11,39,42,21
10,59,34,87,44,44,64,100,9,40
43,25,63,64,97,29,99,70,79,39
91,84,8,7,36,68,97,12,41,96
28,13,19,72,8,31,57,88,36,38
70,23,17,82,48,3,68,98,33,91
31,97,71,6,37,47,84,60,7,80
100,75,35,17,64,27,14,5,22,14
23,19,13,87,75,56,34,70,42,48
78,85,62,96,80,79,61,7,82,24
25,9,81,99,14,15,45,10,52,16
38,11,48,51,22,84,65,36,61,88
7,24,55,71,81,76,61,71,19,39
61,52,16,75,91,39,71,79,62,71
91,58,44,46,85,3,30,68,84,20
81,8,25,78,19,9,11,47,2,13
69,4,27,17,79,3,21,37,25,38
29,46,87,24,72,19,50,95,41,29
45,2,61,67,57,26,61,32,70,97
47,16,67,21,51,95,48,60,47,93
42,54,6,96,49,50,52,19,70,87
31,39,49,34,7,38,6,52,51,94
83,30,1,41,39,44,21,20,33,11
28,25,84,23,56,52,100,26,62,62
36,6,85,81,10,2,83,21,13,38
42,78,27,38,60,26,40,23,54,13
58,73,35,89,52,51,38,49,93,98
13,81,51,49,85,91,36,98,48,29
45,85,5,29,61,38,19,34,60,67
25,82,30,31,15,74,2,21,33,71
59,65,54,72,26,63,90,74,68,28
49,27,69,66,46,64,65,1,16,76
85,37,83,15,98,82,62,8,57,40
42,70,100,76,34,6,100,82,72,22
81,41,61,90,43,54,98,32,55,45
3,36,51,23,94,96,15,67,73,66
58,41,34,91,17,81,42,62,48,16
4,10,6,40,78,28,95,52,24,50
37,17,71,8,41,25,94,61,57,60
91,24,19,36,47,45,62,47,42,3
34,39,97,48,46,24,66,3,71,33
40,11,60,17,18,8,28,94,7,49
7,38,53,44,69,84,61,99,58,69
28,98,9,81,18,92,63,79,54,79
43,38,84,30,9,54,82,97,78,34
27,71,18,77,29,27,49,97,55,7
19,69,27,80,51,90,86,74,100,8
27,19,49,84,63,60,14,75,87,57
86,62,17,85,72,22,61,1,12,60
17,63,46,10,64,80,32,47,85,10
47,84,90,60,35,21,44,96,65,47
28,26,31,25,22,8,25,58,90,5
40,20,94,82,98,75,26,72,62,63
27,28,63,8,95,72,83,63,38,92
92,33,56,100,32,81,4,45,48,64
60,48,83,19,68,30,36,32,42,46
69,97,58,43,98,77,3,98,97,53
26,22,91,21,63,92,19,52,89,39
29,84,96,32,13,38,4,90,30,22
72,35,35,78,38,28,21,94,46,45
9,66,18,17,24,99,18,92,5,60
36,46,58,63,82,72,49,79,66,1
21,3,5,40,42,21,89,49,10,90
22,71,96,88,20,26,55,15,84,65
78,76,93,45,40,58,67,94,64,78
84,43,5,42,45,87,66,92,33,97
92,35,80,69,34,77,76,65,61,65
74,43,33,69,72,100,66,55,25,12
8,53,75,100,25,79,77,38,22,91
17,4,35,4,39,38,56,3,41,40
11,92,46,22,94,92,26,72,89,6
94,30,55,33,73,69,65,98,1,57
81,76,7,19,58,46,5,7,40,59
16,11,41,13,66,51,4,33,99,52
83,46,8,15,50,38,28,51,54,31
57,98,94,34,13,53,5,10,72,7
45,44,77,70,100,70,68,94,25,44
39,97,13,9,82,24,68,35,30,42
38,57,60,57,31,47,32,99,27,97
81,56,34,34,23,45,65,65,8,69
46,70,11,14,63,78,4,15,74,100
30,71,51,41,3,59,44,61,40,39
39,91,60,50,73,95,57,59,63,57
70,40,49,15,45,83,14,8,61,34
42,47,73,71,91,42,20,92,99,33
26,22,16,62,39,100,81,13,61,35
41,88,15,100,41,26,1,2,35,42
67,6,77,77,80,73,73,40,11,13
76,3,68,69,48,31,57,32,77,48
24,50,83,83,90,72,81,76,72,34
43,54,71,98,61,40,70,19,12,88
51,61,62,41,33,55,60,10,83,34
81,18,11,75,94,90,62,89,17,22
3,12,76,52,49,92,20,48,97,92
72,81,13,40,13,23,50,84,87,26
95,77,25,82,51,18,99,59,64,56
95,95,89,30,94,43,1,25,66,78
19,97,56,91,78,11,95,77,93,67
20,22,46,6,56,10,44,16,21,45
96,31,19,30,10,46,11,16,77,98
20,4,63,92,71,90,75,79,74,15
19,35,87,17,68,45,70,41,10,31
60,16,93,10,8,29,56,21,47,74
65,84,58,87,34,78,4,40,22,12
77,22,52,58,52,63,60,39,57,51
100,65,26,74,7,79,30,36,80,80
2,80,70,30,28,33,65,74,15,43
65,64,80,21,7,82,86,38,7,83
74,72,63,77,39,17,44,28,26,89
3,55,87,2,75,97,28,56,9,44
95,34,63,6,15,9,82,27,21,12
4,22,72,48,90,78,29,57,20,27
75,13,72,56,50,28,68,83,84,92
59,65,97,96,94,35,94,57,78,51
68,71,82,17,28,33,32,21,11,16
79,63,36,13,3,51,20,85,75,2
82,56,18,74,29,71,87,74,24,9
31,34,90,52,20,6,57,20,89,56
63,49,93,2,97,88,83,21,38,72
44,30,85,26,62,37,52,98,22,82
99,31,20,62,87,1,98,47,100,8
90,92,12,16,8,4,42,93,82,7
4,77,34,82,83,45,1,24,1,22
99,61,3,73,58,54,48,53,14,93
37,26,96,38,19,6,92,69,7,80
90,57,25,36,52,42,70,74,56,38
85,40,62,14,71,88,49,82,27,83
8,34,36,79,7,87,84,18,32,64
9,77,59,22,25,53,22,67,63,11
59,4,61,65,52,53,84,81,38,40
61,23,69,99,43,82,54,9,42,54
88,4,34,52,19,64,19,94,90,26
4,71,54,17,73,91,42,48,80,36
89,13,17,43,63,55,58,75,51,44
35,23,94,73,70,92,5,98,84,26
40,30,87,33,90,55,98,15,73,9
8,56,37,57,89,43,47,75,85,13
23,10,23,7,76,92,20,80,34,11
45,78,57,38,76,26,60,64,92,5
53,84,13,5,43,18,44,37,4,15
26,65,28,20,49,18,52,48,76,72
5,92,48,39,92,62,9,84,19,25
64,25,89,89,50,35,67,38,32,89
51,79,79,99,31,73,56,55,4,22
22,18,67,74,62,34,80,55,25,54
39,30,47,66,48,98,3,11,91,64
44,17,67,60,28,37,93,100,4,66
32,99,56,69,92,12,1,62,55,13
90,99,53,91,44,71,4,86,24,46
64,89,10,74,86,16,64,64,48,85
44,80,10,1,50,35,37,32,9,61
66,90,4,29,12,5,71,3,78,1
29,17,10,82,60,50,100,77,1,33
52,27,20,13,30,84,18,59,42,19
51,6,69,17,30,75,34,49,61,20
76,70,22,65,56,48,81,73,11,22
30,56,29,67,51,19,83,74,35,10
29,76,94,78,10,73,38,10,34,38
41,32,27,1,63,28,57,16,25,45
93,81,89,94,37,47,18,73,45,70
18,84,58,62,94,96,82,97,59,42
51,73,67,91,12,54,12,36,27,65
81,38,92,32,62,68,95,55,79,9
63,24,40,97,19,59,4,9,30,72
67,4,4,87,97,65,40,29,61,88
98,29,53,44,48,56,76,15,77,32
99,91,95,91,17,100,2,12,58,56
84,26,16,30,65,90,48,6,90,57
29,95,10,30,79,65,1,87,51,56
5,58,42,15,87,12,32,58,3,71
2,33,68,76,9,68,26,62,88,23
32,26,25,5,50,5,52,6,19,36
82,4,83,20,87,99,98,30,5,93
67,71,12,95,73,78,22,39,90,86
32,4,79,21,20,62,35,76,3,5
27,89,43,39,91,51,2,38,81,64
93,64,13,93,35,31,61,35,20,82
56,29,49,73,40,27,6,80,53,87
18,34,89,41,34,43,84,47,34,18
38,93,72,1,94,9,60,21,35,28
52,54,72,78,60,85,26,67,12,17
75,83,62,33,58,36,25,40,64,89
36,89,27,8,27,87,29,97,32,45
8,93,61,78,37,45,78,41,78,54
52,31,58,26,56,40,41,10,40,70
92,84,15,79,18,51,54,83,20,24
59,20,90,43,50,12,90,75,81,2
14,1,8,56,52,36,3,71,68,47
5,80,13,7,31,65,14,17,6,8
14,69,65,36,81,16,35,11,23,69
18,43,24,27,51,19,51,13,84,47
50,42,85,73,10,1,19,17,8,94
2,71,57,44,75,83,27,83,91,50
52,73,47,14,86,32,54,12,25,89
69,88,48,14,87,50,94,97,4,18
69,97,42,16,51,15,100,62,96,64
6,62,33,86,49,57,29,34,26,28
52,19,6,66,1,79,33,83,60,43
69,99,30,17,51,68,38,88,56,73
32,32,38,38,24,43,99,3,4,95
80,16,8,89,23,74,69,61,17,39
75,97,91,21,80,35,11,54,89,97
79,3,60,45,87,38,49,27,72,85
7,78,37,29,35,51,35,37,1,74
2,59,8,68,66,5,49,20,92,26
15,49,40,6,1,24,84,100,35,90
89,89,25,85,82,4,49,48,87,91
67,77,30,27,75,51,61,33,66,42
64,85,85,36,10,53,26,94,89,29
17,26,49,71,5,58,34,10,100,39
56,85,41,21,37,38,32,7,87,39
20,48,53,55,85,46,60,5,77,97
78,30,9,88,37,34,28,6,3,63
85,21,81,80,74,93,20,2,64,85
88,17,14,14,15,24,34,80,31,47
21,60,70,72,30,99,42,5,55,37
55,55,2,88,3,85,74,76,6,51
38,75,46,18,4,52,15,61,81,87
90,39,52,73,26,97,43,45,84,63
28,62,71,21,14,39,20,28,96,92
64,37,12,43,26,22,8,40,72,49
92,32,95,32,96,51,65,28,89,70
27,17,100,7,28,33,36,64,72,21
74,59,14,7,67,14,73,61,61,68
29,30,2,16,90,28,89,28,42,75
100,35,71,13,80,27,46,53,45,57
18,36,59,75,36,2,49,31,60,33
89,79,70,79,29,55,61,14,8,11
15,95,90,93,10,66,23,35,60,83
4,84,15,95,22,99,25,100,50,100
37,19,98,69,17,81,57,59,41,4
70,52,21,37,12,96,28,31,51,52
63,79,74,34,70,40,53,33,97,22
85,28,16,5,45,71,35,96,45,11
77,35,93,2,98,50,62,35,36,71
11,71,92,32,30,12,63,95,82,36
37,56,21,24,60,52,75,12,51,70
95,51,97,10,86,95,100,73,87,50
11,83,95,75,20,3,53,20,41,47
37,91,51,50,8,25,20,79,43,40
50,57,54,5,24,44,40,14,88,42
59,19,67,89,17,11,36,5,9,13
77,85,81,38,18,22,76,21,22,55
52,28,70,53,48,13,12,36,59,42
68,85,51,69,52,68,4,92,93,18
55,6,6,7,3,16,89,84,4,19
64,33,78,87,41,94,10,24,68,53
62,35,79,32,73,62,100,67,14,100
35,43,77,34,47,81,4,62,44,90
29,66,17,22,96,13,67,34,94,7
6,47,65,6,27,29,60,64,53,8
7,42,11,27,95,14,22,61,15,88
94,50,59,17,50,14,65,6,7,50
9,36,71,81,10,61,32,80,33,29
66,14,16,37,5,25,39,77,54,70
93,29,6,22,46,73,92,52,7,22
49,15,61,28,98,71,4,4,100,27
78,1,73,47,63,86,47,94,50,75
58,93,33,26,94,51,40,48,13,36
78,92,23,25,32,95,30,80,24,48
58,66,96,56,73,69,74,91,34,90
23,36,47,69,22,76,83,4,92,93
76,72,72,18,3,4,68,21,54,82
63,15,48,24,74,79,20,67,50,32
30,99,95,28,68,65,57,65,45,67
80,68,60,51,84,51,33,60,54,26
14,91,70,47,58,36,2,97,54,71
17,61,16,24,79,89,97,41,20,72
37,1,85,70,69,24,80,21,76,48
97,51,52,29,81,2,14,7,35,54
94,25,33,28,6,73,52,42,90,1
83,68,97,64,41,2,24,99,78,100
48,96,44,77,59,73,62,92,7,76
67,70,74,91,24,29,14,97,11,74
97,4,20,92,4,91,33,32,61,60
71,92,14,33,89,35,23,87,42,88
37,73,16,27,38,10,99,72,17,81
64,2,82,47,47,79,67,75,14,93
90,99,96,90,21,50,53,29,44,27
6,20,60,65,66,4,63,9,46,79
63,37,84,80,80,48,28,40,45,3
31,7,30,41,57,38,99,5,85,45
49,6,99,38,23,18,11,51,91,28
8,74,61,51,79,20,84,92,82,84
27,34,9,95,80,92,42,61,97,84
84,26,56,97,87,27,88,6,3,16
75,28,96,18,93,78,23,23,41,69
55,60,7,87,85,49,41,78,11,4
11,82,38,66,85,61,7,67,18,46
21,49,58,85,22,72,78,71,30,77
89,55,24,82,56,5,7,26,48,27
83,91,55,46,27,36,98,80,43,78
84,78,92,50,34,91,50,37,32,79
96,91,14,54,44,78,10,38,38,40
44,6,66,73,52,36,68,14,76,15
35,72,76,45,57,77,56,78,9,62
88,35,96,95,82,86,72,68,40,70
60,57,52,60,25,31,82,54,30,75
22,50,87,30,6,89,56,22,1,15
46,75,70,14,33,51,19,4,8,25
61,8,58,50,43,57,38,48,56,63
49,47,69,97,14,27,97,26,36,81
81,17,66,39,47,59,64,81,80,34
55,99,43,75,89,8,46,81,99,4
26,76,90,90,52,32,92,22,28,4
39,69,68,10,36,60,92,1,32,1
74,36,32,80,73,47,10,23,58,19
8,97,33,52,70,7,88,17,31,65
70,49,33,30,18,24,23,46,47,48
35,10,25,86,45,47,40,28,49,46
51,18,28,72,8,76,86,91,69,91
44,58,48,76,82,50,52,68,84,54
32,32,77,36,100,38,31,80,64,84
70,19,65,91,69,33,12,56,73,42
81,67,95,40,17,41,79,59,41,42
79,92,21,22,27,86,62,15,59,56
21,10,10,31,35,15,80,66,66,12
56,39,69,90,28,63,34,18,74,94
22,99,31,64,23,57,17,5,50,92
55,99,64,39,83,55,13,57,78,51
46,77,43,74,2,33,13,46,26,79
57,78,13,87,50,30,26,39,75,39
17,15,24,72,70,44,29,30,63,42
98,53,33,3,35,79,53,43,32,99
100,7,19,80,48,40,100,92,22,73
1,40,73,77,25,92,64,31,89,86
59,24,29,99,14,49,56,27,44,5
91,97,98,76,59,54,70,69,29,70
89,80,45,79,81,28,97,18,20,78
73,10,4,97,61,83,57,73,50,62
61,99,87,26,77,37,73,94,41,29
69,15,46,95,70,61,48,4,32,72
11,40,78,5,61,5,2,55,68,7
33,51,52,86,28,99,56,12,32,30
46,8,56,88,98,65,56,72,80,40
50,93,60,58,59,19,65,68,54,49
86,68,32,24,84,1,17,45,86,34
55,6,70,36,79,86,11,67,54,97
5,100,69,77,21,59,63,55,25,14
57,79,25,67,85,39,74,45,37,21
6,44,88,100,86,66,20,95,25,15
85,97,69,92,11,84,32,81,35,70
78,97,77,74,94,90,10,55,94,60
72,33,16,12,82,37,93,28,64,41
39,9,8,64,92,9,92,37,81,51
48,67,4,8,51,61,95,35,31,4
40,2,73,45,57,47,24,63,38,30
8,18,30,28,91,80,21,29,79,37
92,68,21,84,76,3,84,14,63,7
34,62,73,40,17,99,45,98,16,73
78,31,61,46,76,2,86,2,64,56
8,65,40,100,35,33,58,78,22,36
18,92,57,46,93,26,65,15,94,36
41,71,62,27,60,68,13,54,95,86
63,51,87,67,24,100,76,42,41,40
43,1,24,12,80,12,25,90,49,41
67,56,31,53,92,28,21,29,10,83
89,55,46,64,9,76,19,63,50,28
37,73,93,31,35,3,28,82,89,28
70,78,60,40,27,61,76,52,81,21
27,53,16,49,31,9,41,86,39,90
79,52,63,12,32,41,20,85,82,87
68,39,54,49,41,50,12,62,35,42
99,55,96,82,98,86,39,67,52,54
89,64,63,9,10,10,77,84,94,100
74,15,66,27,94,57,22,82,78,47
37,46,1,55,19,20,43,26,88,65
59,86,73,60,52,47,55,67,72,2
33,38,23,37,74,37,36,41,18,91
92,31,53,96,100,26,14,30,95,26
44,88,99,53,54,77,20,92,28,51
77,90,47,55,11,18,53,16,72,21
23,19,60,100,59,43,52,78,87,73
72,56,41,36,3,40,92,39,91,59
27,74,93,37,13,70,41,37,54,98
94,68,16,20,31,64,40,19,67,95
28,55,72,66,69,10,95,27,98,3
94,38,86,58,14,29,82,97,97,33
29,36,17,32,74,5,70,19,65,46
54,87,79,77,60,75,100,89,75,49
75,52,42,77,63,74,33,78,14,85
43,56,66,65,10,5,88,93,68,73
26,49,83,73,74,23,11,2,22,78
77,16,99,62,23,20,42,59,20,58
27,92,67,59,10,22,7,22,26,19
8,5,26,9,10,21,87,4,63,81
52,34,91,37,41,71,37,82,26,15
28,79,10,68,42,51,28,17,55,12
91,7,39,64,83,93,23,91,89,32
62,41,37,50,2,89,30,29,3,35
32,7,72,4,29,34,22,34,10,85
48,91,36,29,37,52,82,80,52,9
28,76,61,39,10,28,14,30,25,2
98,14,94,17,19,74,31,21,55,29
62,28,29,25,32,39,93,14,41,5
89,57,44,66,75,70,17,79,38,94
45,40,72,24,47,81,1,18,9,19
4,30,40,22,45,20,81,35,11,23
51,26,12,7,29,83,47,55,63,5
22,5,28,90,75,93,19,89,26,29
13,47,88,69,52,34,60,25,31,9
77,31,63,13,82,43,27,17,36,48
62,29,68,1,96,80,100,41,52,28
95,35,75,84,37,5,43,49,93,56
70,33,14,32,25,26,44,59,31,54
15,49,36,9,63,93,88,73,35,55
70,46,16,88,93,64,62,10,75,93
27,75,95,74,7,33,6,20,86,85
48,85,13,33,30,93,95,96,34,74
62,38,24,96,93,92,62,27,55,42
4,25,17,55,40,92,50,62,28,33
68,55,29,11,14,82,25,3,12,64
44,25,68,56,30,58,42,60,29,93
57,40,95,83,73,95,78,11,5,46
100,78,12,43,93,87,52,75,52,94
37,11,29,50,76,83,17,43,56,63
32,43,58,18,88,5,35,90,2,83
60,83,56,70,85,17,65,72,53,68
45,39,15,7,78,38,1,76,84,36
49,36,27,73,7,87,53,51,41,39
17,75,4,50,98,95,7,55,86,28
71,88,87,21,78,49,82,57,59,49
51,40,82,70,65,14,70,83,30,54
33,80,54,23,36,7,75,87,77,74
78,27,32,66,57,80,88,16,96,94
45,8,3,76,33,41,14,48,34,30
86,22,97,38,89,69,95,93,44,38
32,1,12,20,96,58,63,12,10,80
17,72,42,36,92,20,46,87,26,63
55,68,75,48,69,91,69,24,41,27
54,41,71,99,34,62,19,39,73,95
37,61,99,55,3,35,82,25,12,82
48,27,36,88,52,91,21,99,67,95
54,6,55,25,26,37,29,79,55,24
78,66,80,23,87,36,11,80,33,72
94,70,3,43,32,77,85,12,89,61
85,58,57,63,76,10,98,76,30,67
49,95,12,94,75,81,37,92,46,15
97,52,2,99,56,95,87,1,64,92
67,18,83,67,37,42,69,74,1,63
82,35,30,44,15,2,29,78,61,75
96,7,7,35,5,83,23,11,52,71
96,8,31,9,35,84,69,96,83,73
84,44,3,41,53,65,90,21,98,53
29,51,89,45,7,33,40,84,78,80
50,33,68,36,34,74,98,79,33,8
31,48,19,94,54,51,100,39,58,84
87,33,49,16,76,62,88,12,9,68
49,15,23,81,95,36,14,81,39,40
25,25,18,97,53,98,28,17,74,42
89,59,53,86,57,4,89,90,43,7
20,91,83,65,44,21,25,27,63,28
14,7,54,23,41,58,62,8,86,36
16,85,37,9,10,85,71,55,50,59
92,100,1,99,50,71,36,43,43,39
65,90,88,52,28,8,6,97,65,44
84,45,54,68,58,82,64,7,81,76
12,88,88,93,83,80,81,46,36,63
15,83,80,81,89,60,96,35,65,53
1,1,15,31,93,46,16,23,55,96
66,61,74,28,6,58,1,88,38,99
20,96,46,23,72,80,28,15,48,23
98,56,55,95,26,41,63,29,39,22
91,39,2,57,65,57,84,25,45,16
94,18,23,99,63,25,79,66,83,29
2,75,51,43,53,100,9,59,27,39
13,6,77,71,31,85,54,88,67,50
26,51,56,54,50,71,11,44,11,53
1,43,82,10,68,81,54,72,1,57
57,75,6,51,19,19,63,24,10,57
4,1,21,94,40,95,59,35,60,67
76,24,48,1,27,52,74,85,52,51
61,2,46,76,21,20,59,18,59,49
48,1,51,5,11,10,38,73,88,52
98,100,7,64,65,30,34,41,97,52
76,55,95,70,38,12,73,89,13,97
47,3,61,73,1,34,74,62,29,64
34,5,85,16,56,6,43,11,18,62
2,95,29,24,52,90,66,41,22,85
66,68,80,3,19,12,17,80,12,14
92,6,87,63,60,80,62,90,14,74
75,55,36,88,65,76,28,69,51,32
64,13,16,30,81,24,36,99,79,17
52,84,39,86,92,56,62,25,66,16
3,48,49,79,69,54,17,79,94,47
24,96,94,55,14,10,30,10,99,82
9,89,76,21,40,99,94,14,1,72
12,69,23,52,33,62,20,12,8,45
50,73,74,92,96,87,70,18,36,81
17,13,16,3,67,29,94,5,47,93
63,85,13,23,64,55,57,95,47,44
16,49,2,100,74,73,52,30,27,51
43,38,59,20,93,17,4,29,16,37
82,70,18,68,3,67,60,21,60,85
3,21,59,46,8,19,84,38,2,95
3,60,1,45,8,14,97,28,68,7
98,51,57,83,86,68,81,38,20,51
86,60,65,73,15,73,36,92,95,81
60,49,96,89,82,13,92,73,43,40
86,75,68,89,53,37,5,32,78,100
19,62,78,50,75,71,100,25,74,2
97,9,48,35,32,96,67,61,69,31
71,79,26,2,20,17,48,24,52,26
70,22,2,24,37,17,50,78,53,85
16,68,66,40,95,88,30,90,85,96
93,88,11,37,100,23,39,33,73,11
25,61,52,100,19,31,98,17,40,97
54,70,22,71,78,29,77,36,82,99
50,18,99,76,7,20,70,22,8,34
53,79,29,86,43,7,68,77,6,75
87,3,18,10,26,47,66,98,66,86
45,91,14,61,40,100,73,30,24,45
80,50,43,15,97,76,98,39,51,43
27,74,71,72,71,35,55,91,63,1
34,22,52,29,80,24,64,79,19,3
91,41,45,35,66,49,27,84,4,46
35,7,31,70,5,32,43,31,26,65
21,2,87,41,12,21,78,91,88,84
80,66,96,67,59,58,52,98,61,100
70,44,74,54,20,53,3,23,24,68
20,99,45,7,24,62,4,25,9,68
51,29,8,75,72,36,20,41,39,1
31,38,53,29,72,20,85,98,7,21
37,92,26,29,24,15,45,34,96,87
24,40,95,31,93,82,81,31,49,92
2,55,5,51,24,29,4,5,28,11
77,67,91,43,31,28,65,64,25,68
36,35,67,59,72,89,96,62,7,40
22,34,80,75,8,77,59,22,57,8
14,81,7,89,53,96,93,28,80,67
13,3,14,63,39,53,99,72,100,54
95,68,55,36,43,56,35,43,14,44
70,27,46,89,35,51,57,42,95,35
94,46,92,64,19,23,88,80,37,36
44,3,63,55,82,73,60,70,16,58
10,84,21,10,8,47,81,29,33,80
21,49,78,48,96,65,32,25,12,35
94,22,61,65,51,65,21,60,40,88
28,78,59,35,64,92,49,20,88,33
84,5,6,70,64,43,90,23,15,37
66,75,76,48,56,42,36,15,29,27
20,75,53,34,75,4,24,56,75,92
63,96,85,15,59,3,27,76,14,63
11,24,84,96,73,27,51,92,50,1
88,33,4,74,12,99,76,58,57,14
43,81,72,1,18,24,2,42,6,84
1,70,19,77,1,92,71,19,16,40
23,29,14,16,32,36,57,76,77,52
36,20,45,46,42,62,27,45,20,51
63,87,31,37,58,86,46,87,17,2
22,90,28,58,22,23,44,37,66,15
27,12,42,99,94,92,68,78,91,29
26,59,13,45,7,96,34,16,42,48
20,42,15,20,20,96,7,80,81,62
52,72,35,47,5,55,9,64,21,51
36,67,95,78,97,56,41,63,44,31
64,47,18,60,64,40,88,13,27,49
3,73,9,56,78,22,12,45,32,40
19,31,100,44,74,25,66,70,89,79
32,7,76,3,59,41,78,15,74,14
30,9,80,90,62,88,80,61,20,58
8,26,51,36,28,9,77,96,62,9
92,33,38,94,38,53,68,9,48,7
15,49,68,92,10,14,57,26,73,31
61,48,66,84,7,60,85,92,36,25
94,17,59,40,68,82,62,98,56,97
39,90,77,27,27,85,79,58,27,68
12,68,90,7,55,48,14,6,65,21
59,91,77,43,29,50,36,14,78,22
3,88,27,69,25,93,34,85,94,19
65,24,98,94,32,37,25,37,10,26
5,71,98,80,27,28,61,17,44,4
38,51,100,89,73,81,48,24,31,40
49,52,13,62,72,3,56,23,43,10
12,67,47,70,11,91,80,49,2,70
6,76,5,14,6,51,82,30,56,47
31,53,4,65,89,5,64,56,94,65
79,38,44,99,31,99,5,6,43,87
85,67,39,94,84,56,61,2,74,32
33,74,96,34,25,89,89,22,22,36
43,11,48,66,1,23,12,93,2,20
68,79,61,75,3,61,14,20,75,12
56,100,99,90,33,50,84,15,87,25
61,51,2,87,56,79,73,44,61,86
1,79,35,43,38,75,72,84,21,17
23,46,43,56,84,94,71,35,15,96
61,67,27,70,29,19,77,84,88,45
42,20,95,96,56,72,30,68,82,36
98,56,13,58,61,56,67,56,96,45
73,55,51,52,22,52,57,52,17,36
85,66,60,42,5,25,88,30,27,52
86,15,84,33,1,63,45,75,71,60
37,55,68,93,88,32,98,93,42,28
48,100,66,8,23,76,39,47,21,56
66,97,35,3,64,37,65,24,77,49
28,85,67,50,83,28,90,18,5,60
4,1,44,42,14,8,15,24,54,44
72,17,3,81,73,14,55,73,17,27
91,39,20,27,8,93,80,8,30,100
100,100,1,56,20,74,20,37,73,97
32,63,97,98,99,61,34,98,34,38
9,42,30,15,49,30,38,64,46,44
99,70,56,6,54,14,29,76,7,80
18,13,44,57,12,77,73,6,39,71
2,97,89,52,75,50,95,89,52,8
31,77,5,1,89,39,69,56,98,68
14,29,20,70,79,84,15,76,31,76
47,81,90,76,54,79,39,11,65,35
61,25,54,66,61,38,97,17,33,93
55,6,26,95,47,12,71,73,64,4
56,46,77,89,63,87,16,91,11,53
57,21,26,31,1,21,60,96,86,51
28,52,59,62,94,68,81,92,96,43
99,44,45,97,48,32,97,65,46,4
90,68,3,2,40,94,54,6,63,28
31,9,100,94,1,11,92,21,52,59
96,54,5,53,29,31,98,59,70,70
10,83,16,71,46,20,48,20,63,3
14,92,28,28,37,64,93,31,10,86
8,76,63,62,96,24,10,30,95,44
78,71,4,30,72,56,91,64,5,25
90,6,96,14,76,67,94,96,70,24
89,32,71,19,20,43,10,90,23,20
42,14,33,10,53,26,5,52,68,27
15,85,24,100,54,67,79,81,18,96
34,26,29,92,48,62,40,39,77,77
97,36,27,36,24,10,24,70,37,11
70,44,3,59,78,83,75,47,40,41
75,76,53,97,75,34,100,7,28,48
93,40,31,70,63,74,72,92,36,72
27,68,32,32,51,17,11,64,56,28
40,50,43,21,85,87,60,53,82,55
16,3,4,18,62,52,87,55,45,98
98,79,83,77,67,4,32,46,36,4
68,81,87,90,6,77,48,15,64,70
56,60,100,1,94,6,48,89,94,98
13,50,4,92,43,71,67,67,79,73
64,22,83,97,91,33,95,49,36,26
41,39,30,72,65,75,8,80,62,28
19,92,11,4,91,47,54,62,40,48
88,73,76,93,68,26,51,73,65,84
66,51,76,69,47,57,31,6,31,65
70,46,18,55,82,40,43,81,93,94
28,23,73,65,80,48,47,85,38,28
1,11,76,78,36,46,35,42,97,74
86,92,25,25,7,49,34,57,97,33
31,56,29,35,81,59,91,65,69,74
46,53,84,26,16,75,100,98,14,46
33,82,38,58,8,62,61,43,57,70
89,99,21,26,20,43,33,26,82,40
87,66,55,29,57,37,99,81,33,6
76,82,17,96,3,66,29,86,32,36
36,5,89,51,13,20,71,61,29,81
97,48,79,44,35,35,51,15,59,4
88,79,16,60,83,11,68,99,58,98
50,41,54,14,49,56,26,48,34,40
25,85,51,25,21,14,3,82,59,91
35,17,53,94,87,65,50,76,74,72
21,32,16,88,66,65,22,63,55,35
42,81,48,44,62,27,58,74,62,10
23,45,76,27,61,48,96,5,66,88
34,17,84,100,28,13,38,62,14,3
7,38,96,2,50,46,46,28,96,53
97,6,34,25,66,55,69,93,7,91
81,84,38,87,16,55,86,82,44,81
68,4,21,2,42,95,79,7,52,4
83,20,81,84,24,44,88,13,66,36
20,98,99,77,88,75,20,15,13,77
61,51,25,94,52,88,23,92,62,11
25,86,22,50,98,47,80,57,37,31
57,18,25,29,93,57,28,40,87,95
62,4,37,14,65,4,91,37,47,71
5,34,45,73,89,26,27,42,12,32
31,18,53,66,70,6,74,13,74,82
45,45,29,34,36,13,47,57,1,79
55,34,54,1,95,12,5,21,48,95
37,70,55,53,30,11,87,35,61,33
52,79,78,62,72,9,8,74,16,23
59,96,18,15,61,78,44,78,52,85
69,92,27,36,27,23,38,9,55,20
75,32,67,21,8,51,3,81,34,84
98,55,4,64,16,1,76,50,23,6
100,42,55,13,2,88,36,93,78,65
94,6,14,54,36,45,85,49,51,81
97,73,71,28,84,63,96,59,99,55
55,72,73,76,58,50,33,40,100,72
28,28,8,37,33,70,91,66,77,45
75,90,69,1,61,5,62,45,85,7
50,51,62,52,52,45,30,14,43,95
15,6,50,11,45,76,76,83,49,97
33,66,10,48,29,6,77,58,61,48
45,60,25,100,10,41,3,13,8,29
58,99,20,71,39,71,6,57,45,32
96,67,94,57,90,54,83,12,86,52
76,93,65,16,49,16,68,56,82,42
18,72,37,80,22,25,94,22,28,67
100,71,5,80,54,61,93,13,34,62
20,31,26,79,79,22,28,18,45,92
16,43,39,17,57,54,20,44,92,10
97,14,60,86,19,98,64,14,89,51
4,79,19,13,18,22,90,10,60,43
4,35,19,81,15,93,62,47,47,3
86,76,81,54,40,46,45,9,18,18
14,34,86,46,91,43,95,15,53,66
32,11,36,6,75,3,78,21,84,56
36,79,3,21,59,71,23,95,59,18
31,55,25,59,4,14,17,76,17,19
88,7,87,17,38,3,69,34,21,9
24,55,82,69,24,27,26,93,18,100
6,90,39,66,99,61,23,16,97,54
5,33,14,53,55,24,99,25,27,81
8,94,33,90,79,94,32,14,28,69
8,97,100,61,71,3,27,78,59,5
96,22,73,57,21,40,49,14,1,1
35,41,84,100,71,24,55,4,23,6
49,66,24,47,54,61,71,68,7,76
96,57,88,24,54,75,23,9,64,77
52,10,41,7,7,49,28,69,62,67
12,21,60,8,70,63,49,3,98,99
66,67,29,19,41,3,5,31,77,60
96,1,56,87,85,39,22,74,70,61
57,62,26,53,51,51,88,69,59,52
81,11,37,28,81,96,45,85,80,24
15,23,53,92,62,16,47,68,54,17
81,54,61,2,79,99,28,74,95,39
4,9,77,24,59,32,66,79,84,77
5,69,22,49,48,52,24,97,70,32
57,28,44,45,38,36,41,19,65,44
66,48,68,35,58,90,42,4,63,19
71,65,18,31,99,64,96,75,11,63
29,74,41,5,90,84,71,11,26,93
3,41,3,71,51,62,95,58,85,47
81,72,79,99,99,78,86,14,97,87
49,83,69,13,9,1,60,20,3,83
57,35,93,78,16,90,17,4,65,63
81,81,96,50,1,13,79,40,7,14
100,78,35,83,61,83,19,72,91,52
21,61,24,32,82,21,26,40,82,74
20,87,88,93,36,86,46,12,47,1
32,88,47,65,33,53,23,38,44,6
26,93,19,19,72,1,47,71,10,94
8,88,68,11,53,15,28,11,2,78
29,64,52,98,58,95,96,38,77,25
24,89,93,55,42,92,77,9,88,31
71,28,81,83,87,69,51,70,36,54
49,39,23,74,62,22,96,17,27,11
91,35,86,14,9,7,50,4,19,7
84,18,58,79,33,74,67,49,34,39
9,40,68,41,66,51,100,83,23,75
16,40,13,52,58,33,74,43,44,71
78,14,65,48,90,65,55,41,47,55
99,47,9,85,6,27,68,5,14,20
28,39,46,76,32,51,56,99,97,100
90,21,48,73,63,2,48,74,32,28
69,61,94,71,30,70,6,80,15,86
44,20,70,1,93,65,9,50,5,47
77,4,40,37,21,60,96,23,7,64
85,19,58,87,78,48,84,27,27,17
8,13,13,88,87,86,50,9,50,94
53,88,55,1,21,49,61,6,54,10
59,70,56,69,87,97,42,86,38,84
40,10,99,80,38,88,86,31,47,25
17,10,34,76,85,1,67,52,15,53
44,54,19,63,63,40,69,55,90,16
66,97,38,95,56,95,23,24,79,34
51,36,20,86,41,59,46,6,55,23
88,42,82,24,58,82,24,33,33,26
24,43,53,35,6,15,87,47,58,79
38,68,72,100,58,66,29,50,65,20
27,70,70,52,41,8,23,57,19,32
63,69,96,98,30,58,65,79,51,55
68,57,17,53,12,30,54,1,23,37
64,19,90,31,2,5,11,75,36,94
27,89,54,24,29,41,47,52,69,94
8,69,67,54,31,48,35,76,55,46
80,4,51,74,82,24,10,54,96,37
12,68,9,59,48,35,9,11,27,14
15,62,60,100,74,9,79,74,12,87
82,68,47,10,74,74,33,41,27,84
1,82,92,11,90,59,94,90,95,55
29,38,87,26,65,80,34,53,97,17
86,89,32,31,50,49,80,90,34,88
42,100,75,56,84,85,83,50,72,76
29,16,17,88,40,93,15,56,47,63
40,92,12,96,22,83,25,39,15,93
70,10,21,38,93,5,89,14,81,44
47,45,95,41,58,64,52,41,32,88
96,68,86,51,98,77,84,85,86,45
13,20,100,2,11,94,87,60,34,48
70,69,81,29,37,73,7,95,26,88
99,68,67,10,45,51,72,66,99,98
43,66,2,62,47,62,56,14,51,97
69,66,1,91,37,84,88,64,47,48
36,31,71,62,58,80,89,63,58,34
82,55,87,92,74,95,48,81,75,30
26,7,38,73,54,16,46,99,53,10
22,81,33,7,60,18,87,84,2,25
42,45,100,71,39,96,23,41,77,78
86,16,64,35,56,54,88,52,24,76
65,94,16,91,63,50,68,28,43,64
79,65,64,21,77,60,76,71,58,30
100,27,97,47,25,79,96,64,62,67
70,71,16,44,11,45,24,80,99,15
18,43,34,38,23,49,94,5,31,99
94,89,49,14,90,48,86,70,85,38
76,13,57,56,31,81,13,63,99,72
89,15,82,38,26,52,29,25,77,58
26,9,22,43,39,27,3,98,12,51
66,9,92,19,82,63,79,5,69,47
17,36,86,66,42,58,65,33,51,69
62,82,54,73,22,8,31,30,18,87
20,24,96,27,7,50,39,12,71,4
90,21,48,27,76,66,96,67,15,32
67,45,24,34,49,69,52,58,3,14
4,71,89,72,59,56,85,83,73,7
84,45,20,48,2,11,16,37,59,12
73,94,57,31,31,81,70,94,42,100
40,14,4,42,4,49,25,17,30,81
35,2,21,13,21,93,70,19,94,94
62,54,91,86,35,32,17,15,70,100
45,4,35,87,92,57,28,21,15,91
59,59,78,47,51,80,40,68,53,19
29,93,1,85,94,15,20,62,65,16
59,97,91,8,84,15,32,10,71,64
25,16,99,1,2,73,59,87,30,24
94,29,66,37,59,94,27,33,16,95
26,6,57,50,61,55,50,62,43,9
79,86,6,22,32,12,68,43,90,82
45,9,7,11,93,52,57,79,5,37
24,49,79,54,21,92,88,11,66,65
71,14,68,92,42,10,84,68,38,1
73,31,5,37,92,46,63,93,71,68
99,11,89,98,27,5,92,92,35,44
73,86,27,13,12,83,93,78,48,58
98,3,70,38,45,57,51,23,27,81
14,71,100,75,95,18,33,74,64,74
64,4,98,68,65,93,3,99,19,94
4,6,48,89,70,32,19,66,40,31
29,82,42,90,42,74,4,8,18,61
53,75,41,46,13,44,62,96,32,10
89,72,34,49,65,2,54,99,33,95
75,63,1,27,16,37,44,32,61,67
86,7,42,17,88,30,86,54,94,86
3,76,92,87,46,1,72,80,88,94
59,38,61,78,39,61,96,80,11,65
80,45,82,75,6,2,51,16,27,45
26,56,7,71,73,78,60,94,72,61
91,44,78,21,55,16,67,17,14,56
89,15,41,43,50,57,9,54,86,66
54,100,60,72,94,49,73,42,1,84
95,15,2,46,93,80,6,88,72,2
59,14,93,83,34,77,80,60,55,76
23,40,64,85,29,98,94,79,97,66
62,69,12,1,54,50,57,1,20,26
93,28,15,87,32,36,5,64,48,74
41,19,9,91,19,78,96,22,98,60
96,90,47,70,85,97,16,4,17,21
78,53,28,50,3,76,80,60,92,94
19,31,37,98,77,85,66,8,48,85
92,38,63,80,70,49,15,42,70,79
28,75,12,8,31,1,65,33,78,18
62,44,61,13,32,100,31,58,7,95
63,88,71,48,92,84,13,66,19,96
33,75,26,98,39,33,26,78,10,37
58,13,44,82,78,81,14,84,17,71
39,94,87,83,51,29,86,9,63,71
1,32,92,47,27,89,99,73,94,71
20,55,34,100,65,35,31,48,21,61
59,83,52,94,35,11,64,16,2,20
51,83,28,43,94,63,16,30,6,74
100,49,25,98,90,95,49,60,1,78
31,42,70,68,94,97,57,50,2,35
71,62,33,18,83,74,58,87,22,29
85,68,28,57,31,4,63,51,65,43
96,49,73,41,56,19,51,61,16,81
51,7,99,63,35,78,45,29,54,31
95,6,11,55,68,30,86,100,81,77
88,39,72,24,55,22,92,46,4,60
18,69,35,46,11,88,84,24,20,31
14,90,3,45,27,51,75,12,41,87
34,73,10,42,42,25,49,58,57,38
73,8,51,64,70,36,98,39,26,15
9,75,81,13,30,32,98,30,79,15
91,73,89,9,53,19,66,55,5,99
26,39,84,69,30,43,66,85,84,89
58,88,2,50,65,85,86,70,44,80
22,23,60,90,14,13,46,66,60,82
92,96,67,86,48,86,76,34,92,31
25,45,41,65,89,68,81,28,62,42
37,34,30,58,62,31,7,34,61,88
21,54,50,30,73,42,5,98,6,16
47,1,47,6,75,10,85,62,19,37
42,21,81,36,15,21,73,27,79,5
93,27,65,25,69,92,64,11,15,99
18,73,32,67,48,50,21,31,39,57
31,84,72,31,31,54,43,24,99,36
70,64,30,39,21,79,83,95,79,11
51,91,37,86,2,71,95,19,62,55
95,4,70,49,15,74,34,79,57,45
39,74,7,13,18,69,87,18,10,90
99,47,99,58,25,100,4,25,63,21
75,82,2,14,42,6,72,34,57,66
25,90,41,3,42,61,38,12,78,4
16,91,29,82,2,58,55,44,35,31
23,57,61,98,35,30,98,92,17,9
95,3,14,21,89,81,63,96,61,27
26,33,29,52,68,18,56,64,39,100
97,54,31,7,20,71,50,87,32,61
85,42,46,58,27,71,96,17,39,32
62,100,88,96,60,34,27,62,57,72
70,60,96,90,78,96,15,42,70,89
67,62,62,38,3,18,82,21,35,27
96,30,100,7,93,56,71,57,60,43
17,10,45,38,72,40,19,70,49,22
53,59,61,44,12,43,12,87,13,100
96,94,50,37,29,18,21,52,9,55
16,27,31,63,90,59,92,5,89,65
45,16,15,51,41,24,67,74,35,1
58,16,4,42,96,6,3,87,48,16
8,30,63,71,19,17,27,32,31,44
8,5,56,69,49,11,3,24,26,21
51,43,18,65,77,12,81,73,94,87
79,76,42,30,19,23,13,66,23,59
67,55,85,87,8,70,68,95,60,52
75,70,74,93,85,73,53,82,98,61
6,24,57,73,6,58,82,22,99,80
14,62,45,17,63,52,66,55,28,80
39,33,56,16,16,100,21,78,82,60
53,16,79,46,60,59,25,18,18,79
93,68,22,31,53,34,53,91,17,56
18,98,23,8,22,83,44,98,25,95
41,38,95,74,77,87,19,26,50,79
75,23,76,32,58,35,8,98,96,61
26,2,2,74,51,95,1,5,43,46
95,80,53,8,31,59,4,50,90,9
96,10,1,10,97,70,17,69,57,35
94,1,29,75,78,47,63,57,29,82
49,50,94,3,40,38,96,38,7,83
76,50,81,5,35,90,39,38,11,32
99,56,68,82,80,70,23,82,68,24
1,74,18,72,38,11,12,64,20,8
76,1,88,82,42,23,8,27,18,67
97,25,5,96,47,76,84,35,52,27
43,78,72,89,85,32,68,12,26,46
22,100,97,5,31,51,28,24,62,4
66,68,93,95,3,68,2,85,78,93
9,51,73,44,52,76,12,73,47,67
46,57,100,15,92,82,99,82,34,68
42,80,56,75,83,5,57,21,79,17
2,89,62,43,54,94,69,62,85,28
40,70,85,3,48,23,84,35,67,56
27,60,89,45,14,43,27,93,40,23
33,79,88,80,96,12,9,39,64,64
100,9,94,47,15,99,80,58,5,17
25,75,33,17,2,19,51,29,26,67
27,56,47,20,52,9,12,88,27,87
87,52,17,5,95,56,100,60,94,50
34,35,66,27,9,69,97,99,40,29
20,9,76,86,51,21,39,100,74,92
5,45,57,96,25,56,76,23,85,94
80,81,91,52,41,93,62,40,41,89
99,64,9,2,14,2,39,97,57,55
69,97,66,63,67,38,66,87,20,54
28,8,71,94,55,3,73,77,78,72
36,85,56,82,56,65,77,36,36,71
48,80,37,57,17,23,100,54,63,68
58,33,43,98,11,19,55,7,11,9
43,24,9,7,44,73,78,82,83,84
99,49,73,46,43,98,47,71,1,21
97,77,69,52,37,4,26,34,23,94
99,32,56,93,16,28,68,46,93,22
57,8,81,86,58,80,83,27,11,79
48,29,35,70,66,66,61,52,47,85
79,56,53,82,44,98,93,44,29,40
11,77,89,43,33,17,72,21,88,22
17,56,16,58,71,100,99,94,84,16
94,19,4,4,12,69,18,91,43,53
41,96,14,79,19,16,38,96,95,26
15,15,56,64,44,95,100,57,85,87
3,33,85,24,45,65,11,42,89,2
91,21,14,57,87,82,62,77,23,35
92,62,39,1,7,29,99,62,23,13
84,21,15,68,89,63,72,83,5,3
18,100,58,17,100,30,60,17,48,90
12,97,45,57,43,73,97,55,58,39
13,22,57,52,20,80,3,21,7,54
50,10,21,98,82,12,42,3,78,97
7,66,72,41,97,95,67,7,26,72
71,50,17,59,24,15,86,80,70,65
67,5,86,73,58,72,67,16,71,83
33,73,24,3,63,53,88,91,97,98
39,95,83,18,60,68,25,60,44,40
61,23,61,45,65,100,35,11,76,89
15,64,60,74,39,67,99,26,73,73
48,39,54,50,52,41,55,34,12,7
95,3,58,51,49,72,78,60,11,67
65,38,82,36,1,23,17,91,13,6
94,32,29,17,4,92,95,25,35,89
60,12,79,55,81,50,22,15,42,44
21,22,9,28,44,98,55,59,23,5
21,4,56,50,35,70,99,91,57,89
43,40,19,39,64,71,40,88,68,71
94,72,40,79,17,80,26,21,10,28
50,38,87,64,14,13,42,41,40,45
30,100,36,68,29,22,75,40,78,6
45,4,50,100,62,13,19,52,67,12
73,18,10,87,4,32,38,99,85,63
58,94,89,42,97,63,28,49,2,35
21,66,25,33,21,76,75,85,76,68
9,88,31,43,41,22,21,84,11,11
38,47,17,66,47,18,66,68,88,95
65,22,47,60,60,49,33,88,59,30
43,18,23,73,46,70,1,38,82,75
52,6,10,10,10,61,93,14,60,81
54,13,8,55,24,43,20,43,51,65
75,2,60,21,59,96,86,5,41,41
11,76,68,12,23,1,83,88,16,3
96,6,29,95,73,11,90,49,48,17
95,92,86,95,59,6,57,70,90,31
22,78,71,5,55,5,93,1,29,57
28,78,35,66,35,4,47,78,27,53
43,35,59,93,9,13,4,92,61,99
69,78,62,40,46,76,11,3,23,96
29,28,65,27,4,12,70,80,86,65
79,57,48,76,40,66,63,65,24,49
53,30,52,75,65,46,62,32,51,93
66,30,45,74,55,83,64,70,43,17
26,28,8,45,55,100,78,42,96,46
68,31,78,22,8,60,16,91,21,90
92,14,79,36,11,19,32,13,83,90
96,43,22,17,94,7,100,2,26,51
34,69,6,65,92,40,87,45,8,98
27,57,52,56,41,87,24,38,31,97
50,70,18,51,85,73,22,39,72,49
25,73,60,34,19,30,23,16,43,78
66,53,4,13,96,97,48,18,80,44
69,5,15,95,72,45,32,31,26,93
72,94,75,72,87,20,82,42,76,28
27,59,38,87,67,28,11,38,98,37
8,77,51,25,73,89,60,90,68,65
42,49,11,7,65,2,54,15,12,7
21,97,23,16,76,55,37,69,64,57
52,69,77,68,99,76,97,80,20,21
13,88,81,37,25,44,12,92,71,3
1,61,30,29,26,28,67,10,88,51
37,29,2,79,15,42,26,73,27,72
4,56,51,18,89,70,59,2,87,92
38,71,1,69,7,93,38,67,3,31
4,82,58,87,26,51,90,42,50,74
17,13,66,42,7,84,65,96,48,37
81,28,37,23,16,77,61,24,26,44
1,67,29,33,68,57,77,40,95,26
18,77,6,4,65,31,5,68,14,45
30,72,96,39,2,34,79,73,28,15
57,20,87,65,96,81,37,29,72,76
40,7,82,66,13,37,96,63,6,56
84,26,84,81,54,96,76,20,76,65
79,53,36,73,14,54,81,75,94,62
41,69,5,73,17,9,50,26,48,20
12,17,15,69,26,83,46,92,10,21
83,67,3,38,33,77,79,14,1,36
86,77,90,32,15,29,81,27,43,46
68,87,30,76,44,98,69,52,96,39
14,17,27,90,19,48,44,26,24,37
78,80,14,63,72,45,18,6,79,62
11,21,69,89,44,85,23,12,32,51
18,71,38,39,3,94,16,66,14,5
22,76,19,4,61,22,16,25,49,31
31,83,26,31,99,11,14,30,56,73
98,68,95,87,71,54,9,8,97,58
2,52,79,78,5,65,67,84,41,7
100,8,55,68,91,87,85,61,20,19
41,86,83,63,52,52,40,23,34,87
34,4,68,17,23,95,36,18,59,32
44,78,34,16,67,23,21,22,13,11
16,94,37,84,7,78,23,15,33,7
73,77,27,12,9,23,43,49,14,26
13,20,78,82,72,21,40,38,44,81
57,38,23,22,23,16,47,34,41,5
37,99,29,28,71,52,42,89,40,21
73,7,3,31,28,2,79,38,32,45
44,44,31,79,81,67,79,42,88,85
87,27,37,3,77,64,4,18,19,97
91,26,34,26,28,75,10,83,50,85
95,69,79,61,48,19,41,62,56,27
95,36,61,7,83,77,19,41,45,43
56,75,34,72,23,24,2,49,33,51
60,18,15,35,19,33,25,39,53,65
18,82,32,25,40,7,15,99,69,54
4,49,58,7,58,72,61,41,93,11
40,92,68,74,78,77,79,49,55,65
37,3,5,8,17,32,36,7,73,74
39,40,3,91,72,47,50,30,36,25
44,79,3,12,25,23,9,68,87,63
79,23,99,67,27,42,81,40,39,71
91,13,38,33,35,86,43,17,79,44
16,35,31,6,79,99,87,45,86,99
9,100,48,75,30,99,54,19,88,6
59,45,52,61,62,10,100,28,2,13
24,39,35,37,18,84,61,73,64,36
92,55,53,82,48,79,80,34,67,17
18,17,37,11,95,61,41,100,32,58
20,39,21,96,5,58,23,89,99,97
45,67,67,83,16,85,52,37,5,52
53,96,44,95,4,36,98,47,17,12
59,55,67,48,81,35,76,68,78,3
25,60,9,11,77,77,90,79,85,49
55,51,9,71,41,44,43,69,39,86
72,97,31,70,45,12,53,58,95,54
19,53,66,71,13,89,56,84,70,83
23,80,14,71,38,9,55,25,27,77
74,22,9,69,75,47,35,83,12,73
94,91,67,35,98,67,22,15,48,26
99,19,67,79,28,39,69,36,55,69
62,70,31,60,97,54,62,40,67,73
36,16,54,5,8,52,3,51,34,2
12,85,96,43,3,45,31,100,82,86
54,71,43,65,26,69,33,59,77,47
89,37,28,20,13,53,86,55,61,90
89,3,84,72,7,43,83,39,31,41
14,83,53,31,68,98,21,29,51,73
47,5,40,16,54,95,68,50,45,46
3,32,98,61,30,50,37,33,40,74
51,89,86,12,91,1,8,53,76,49
37,35,55,80,89,28,50,91,24,21
42,57,71,25,17,60,83,95,84,63
93,78,8,10,55,23,67,66,25,91
51,27,27,11,3,83,14,9,4,94
49,36,66,38,49,96,43,47,71,96
95,64,73,75,44,51,5,55,97,72
75,21,87,91,61,31,25,51,35,51
65,16,83,1,40,35,39,67,85,10
2,67,25,24,82,5,1,8,17,16
50,63,75,89,49,54,67,16,76,53
29,58,81,81,99,28,42,64,39,94
34,58,20,15,72,41,30,36,80,93
77,80,17,96,15,11,46,68,67,24
2,62,84,41,2,15,4,67,13,71
27,99,52,87,5,57,47,90,79,95
68,38,92,81,81,52,100,20,43,52
38,95,13,21,68,12,35,18,14,19
8,61,70,30,56,3,54,54,39,83
30,59,39,20,59,47,54,71,97,56
68,14,81,13,65,44,40,9,81,54
91,37,63,94,29,65,35,29,1,13
73,70,7,70,67,90,42,17,72,89
40,23,71,11,98,33,86,49,32,87
42,57,91,91,51,100,18,70,71,54
38,13,51,81,52,1,69,93,17,86
90,47,47,51,98,21,53,60,89,54
41,62,38,36,89,98,52,43,6,20
46,68,12,52,49,27,15,18,25,92
73,61,64,100,50,3,42,64,8,97
77,82,68,59,100,19,56,35,9,85
97,57,20,100,6,5,40,29,73,38
52,2,27,12,91,45,32,1,30,98
18,61,32,55,19,6,44,27,77,27
80,25,68,21,86,82,23,31,58,47
94,60,20,66,14,13,26,42,28,5
59,67,91,69,97,44,94,88,51,80
22,66,55,18,87,63,28,41,79,11
35,100,32,79,48,44,63,61,53,82
63,50,3,41,90,9,63,13,1,11
55,39,76,10,17,8,75,6,71,3
27,68,1,18,24,12,32,79,38,52
66,50,86,22,23,33,76,40,52,99
22,11,33,61,47,45,29,84,46,72
47,49,89,30,73,56,72,52,25,46
54,78,98,71,47,28,99,30,66,13
32,85,48,32,59,15,72,56,96,33
62,56,58,40,88,55,23,55,2,71
92,39,46,48,72,33,69,30,92,39
89,84,45,10,24,30,93,76,83,61
10,45,52,10,27,52,22,52,56,32
38,60,67,93,88,57,30,54,39,97
55,48,21,93,20,94,7,60,36,57
49,33,61,17,87,78,43,92,40,32
30,16,59,19,63,67,3,14,58,86
90,69,88,64,60,48,87,76,53,31
82,48,8,64,45,5,20,75,47,85
15,9,44,59,44,73,58,99,14,61
60,42,77,13,60,9,58,95,13,51
55,8,54,68,41,95,24,67,59,22
94,53,84,37,25,12,54,90,24,15
75,25,62,90,66,36,14,82,96,55
40,69,96,26,56,25,19,7,8,43
89,5,76,3,87,16,66,45,29,50
28,6,28,81,37,14,26,22,98,68
23,47,31,32,64,78,99,37,36,79
72,86,99,39,77,80,48,70,41,72
45,50,99,54,14,98,4,63,99,22
54,88,83,67,41,71,16,95,90,6
77,44,6,59,1,33,61,43,30,53
25,72,60,49,93,93,14,59,52,40
12,96,79,66,39,41,70,98,11,92
70,15,85,71,51,78,53,20,80,95
44,15,95,65,33,44,80,79,24,70
23,83,39,82,44,31,92,76,3,38
60,11,66,59,74,75,3,40,61,34
16,85,38,4,9,41,57,40,80,8
13,91,47,100,36,41,84,41,43,82
64,96,9,96,3,48,1,74,32,63
53,51,96,67,8,65,35,100,66,15
10,11,72,13,87,40,88,42,9,11
77,75,81,68,30,15,6,74,51,26
8,77,85,30,46,93,16,78,34,30
99,14,38,88,78,19,9,43,83,35
82,27,81,37,38,16,59,18,83,62
55,27,27,21,7,68,42,21,34,8
71,32,25,44,16,18,87,100,13,78
36,98,70,54,41,69,68,29,22,71
73,45,13,49,20,6,63,34,59,95
36,65,86,17,17,19,31,17,9,10
54,96,79,28,58,82,21,10,66,35
79,81,96,16,8,7,7,82,50,40
45,1,39,29,91,32,86,60,32,55
68,76,77,91,18,66,70,61,80,67
66,31,30,76,19,60,31,23,8,48
61,6,86,70,42,41,17,87,50,55
96,22,43,3,52,17,98,14,83,30
49,83,11,55,67,80,93,2,77,93
79,30,71,71,4,77,68,63,41,3
26,29,24,36,86,83,30,41,57,68
6,57,100,85,52,86,100,79,23,4
40,68,14,90,6,3,62,62,33,92
61,10,63,49,38,38,21,48,3,45
59,36,69,99,48,28,52,36,24,25
70,66,92,37,65,14,93,93,13,3
17,25,21,27,52,38,50,97,42,32
42,10,39,42,80,47,44,43,49,95
19,73,28,51,9,80,73,86,30,81
45,56,21,76,66,99,80,26,10,89
97,47,18,49,96,19,56,80,100,2
22,13,87,11,99,58,47,100,78,20
88,100,75,56,70,89,36,12,66,25
80,72,22,11,24,1,20,36,2,84
15,12,36,66,91,76,31,9,90,5
37,39,73,6,9,6,23,55,17,34
49,38,41,85,57,31,9,48,26,18
85,62,21,58,18,100,67,48,77,15
64,39,29,95,91,16,72,88,69,5
55,23,79,80,32,64,47,81,32,44
88,87,21,32,38,54,50,29,73,30
31,64,15,16,83,66,28,28,83,94
57,16,50,97,73,55,85,77,95,56
38,60,27,27,8,57,16,56,78,62
36,6,8,37,2,97,2,64,11,92
12,53,59,55,75,71,67,92,38,30
35,89,52,69,10,4,10,62,93,66
10,89,64,55,86,2,24,69,73,86
37,70,13,79,17,56,49,5,57,44
47,70,87,54,54,37,52,71,67,83
2,78,27,7,5,97,69,96,78,22
73,22,35,15,48,73,46,87,27,79
72,13,20,92,8,94,34,60,23,31
86,74,91,84,93,93,95,44,73,73
54,55,60,66,24,9,11,8,9,92
36,78,40,96,24,77,1,91,73,84
11,42,15,72,82,40,22,60,62,38
85,23,68,94,56,75,71,28,83,68
20,89,84,3,56,87,72,47,27,60
53,94,16,59,64,32,44,52,44,82
15,14,89,66,76,74,70,69,70,74
66,23,15,51,36,27,94,4,52,93
73,34,78,14,84,49,14,81,44,49
34,18,18,81,75,61,86,41,61,89
37,39,15,80,54,21,99,22,85,28
89,40,46,96,36,74,82,44,72,28
52,36,98,74,33,45,82,45,19,16
65,66,95,55,7,27,54,100,33,53
100,96,69,52,13,94,9,50,12,28
46,82,18,56,18,33,76,83,2,63
7,44,40,4,91,32,77,25,19,16
77,4,30,36,49,1,47,96,7,94
75,33,39,30,63,25,69,43,24,87
21,54,36,61,86,44,60,79,80,18
85,17,22,18,9,34,48,88,11,27
74,1,88,24,71,17,72,69,49,85
49,61,46,87,16,100,47,7,62,15
20,75,95,75,62,46,73,75,22,39
22,97,10,2,4,42,15,87,45,91
23,86,26,37,67,9,40,11,20,14
8,83,65,29,88,32,89,77,50,78
21,16,17,45,45,83,6,20,41,87
26,52,32,88,54,11,65,10,56,80
41,36,15,49,43,95,92,71,48,58
39,87,6,15,18,49,43,1,95,45
21,34,32,76,66,32,7,21,68,1
17,15,79,99,33,20,93,85,34,2
34,15,23,47,19,53,21,22,88,20
82,88,14,83,62,71,31,88,48,91
34,20,86,96,27,99,47,13,85,80
44,61,83,92,38,49,71,28,4,3
59,83,63,59,22,85,58,97,86,18
3,21,62,13,30,25,50,15,12,28
5,90,74,62,94,71,94,78,41,52
20,85,71,47,86,61,85,27,86,42
2,74,82,85,59,80,94,89,100,49
9,28,47,44,45,64,70,6,9,75
56,66,43,64,86,4,18,5,28,62
25,73,56,61,51,31,17,98,99,11
74,35,66,97,75,20,60,73,6,27
64,31,64,29,28,77,9,40,43,91
46,1,72,52,80,95,49,26,52,25
42,73,19,19,23,7,8,14,12,2
99,28,73,72,80,90,17,1,59,54
33,48,82,11,80,58,47,77,64,48
57,82,75,56,99,61,68,50,11,16
100,31,95,5,61,20,12,68,36,51
92,4,82,8,95,90,52,40,83,63
50,91,53,100,89,33,36,23,21,39
100,70,88,58,79,16,18,24,67,79
12,66,22,41,77,34,95,67,9,70
83,20,7,49,80,58,76,87,66,61
28,85,16,5,67,7,61,96,16,66
72,68,16,34,63,13,11,16,14,14
77,58,72,75,49,7,78,87,92,14
33,17,40,7,97,88,40,42,16,74
42,98,52,40,92,55,40,80,24,39
67,74,51,67,64,78,87,42,32,21
83,71,75,69,16,12,13,25,5,41
85,33,57,27,84,88,52,69,31,4
34,31,95,27,7,27,25,98,45,70
84,72,36,23,89,9,62,61,32,91
88,43,8,31,70,94,43,3,60,18
23,17,68,26,83,75,21,18,6,59
68,96,43,97,16,31,92,74,46,63
84,62,93,25,68,23,38,60,51,41
9,50,3,94,67,23,19,55,94,66
74,16,67,34,41,91,33,75,35,73
79,4,16,64,34,33,94,10,80,81
82,26,14,36,4,67,74,37,54,80
81,80,78,99,91,85,53,93,41,39
22,91,3,35,28,91,86,75,92,61
10,76,13,64,31,55,5,95,64,54
16,15,86,36,18,17,59,82,67,83
37,69,68,30,16,54,82,87,38,10
70,18,78,2,89,50,82,57,22,66
58,44,74,37,64,63,41,87,99,62
17,93,17,64,52,6,98,85,51,70
98,70,37,34,71,83,10,88,52,83
60,45,72,55,28,67,71,13,5,68
91,47,61,69,80,76,94,93,73,90
46,48,59,83,59,26,62,97,99,22
5,60,86,16,44,76,97,94,91,86
9,35,21,20,40,4,27,11,100,44
45,91,93,87,42,46,3,24,15,21
70,35,74,77,33,22,5,29,17,96
92,46,59,41,32,67,36,22,7,31
45,49,98,34,48,61,82,15,92,39
83,84,85,10,93,89,40,5,69,46
22,35,74,56,7,16,57,40,13,97
25,87,48,84,12,18,29,36,67,66
78,14,22,80,76,80,36,36,78,27
80,76,92,45,68,95,9,89,74,75
74,91,95,66,15,63,90,68,30,74
49,38,50,23,48,72,22,22,96,57
14,10,95,65,58,81,61,68,7,91
14,87,62,32,39,20,52,41,21,27
57,85,40,96,94,28,2,10,100,60
89,22,19,62,31,87,59,6,90,61
98,90,83,14,26,62,35,78,80,41
49,56,58,56,53,41,88,15,66,99
21,74,100,76,72,59,40,6,46,41
47,85,85,42,5,36,11,3,75,84
12,46,90,55,53,40,52,62,99,71
45,62,14,6,1,96,67,7,32,62
38,47,1,90,28,67,52,21,71,7
2,20,15,48,86,45,93,69,73,41
66,80,59,4,95,100,56,47,36,18
98,32,62,40,98,43,41,16,14,59
68,50,71,35,51,19,53,84,89,11
26,96,41,73,42,26,46,40,18,9
5,49,60,13,64,31,38,39,100,45
34,57,43,13,92,18,97,14,39,63
100,56,33,47,48,6,86,20,81,2
43,90,35,29,52,71,99,82,49,69
76,51,47,77,43,44,32,76,20,83
19,10,58,88,12,7,85,43,34,96
50,90,46,10,68,15,11,60,1,81
30,32,68,86,73,59,34,58,51,69
60,10,34,100,52,59,7,89,37,26
81,66,51,21,42,45,89,61,45,82
73,77,88,34,68,80,41,31,52,6
69,75,40,10,14,82,26,96,100,37
37,75,78,98,75,30,91,27,79,82
90,10,52,18,49,72,66,56,41,76
98,89,39,19,50,51,36,98,7,90
17,66,84,56,43,37,27,73,58,73
68,75,63,57,26,83,53,12,2,6
80,54,75,45,53,60,91,29,53,72
62,87,57,91,47,42,43,35,65,16
8,21,87,56,46,75,45,75,32,72
20,100,56,46,64,58,42,87,52,48
77,19,14,40,96,41,64,31,77,84
52,71,91,83,20,99,68,47,31,77
4,73,38,11,33,17,25,43,53,97
84,79,7,33,91,35,39,98,46,88
15,56,85,68,68,84,80,49,89,50
33,13,2,8,19,29,83,33,57,74
64,44,36,66,80,2,10,81,52,61
81,16,64,10,90,15,27,16,47,14
41,54,38,70,1,59,94,35,6,97
24,92,62,76,14,7,87,5,37,80
34,42,24,35,40,20,32,3,80,22
48,78,74,51,30,92,28,46,36,33
49,17,9,47,38,73,8,33,26,36
2,88,9,93,68,30,7,45,80,85
55,23,16,23,50,24,22,40,65,28
12,77,60,28,39,98,48,26,51,39
51,63,39,89,47,70,68,78,79,85
20,41,66,29,61,61,98,45,15,55
24,67,42,5,81,14,20,21,77,71
22,2,40,24,28,64,100,64,96,96
75,57,56,97,71,80,19,99,42,15
18,13,38,79,77,54,96,47,23,78
56,1,36,30,7,99,90,75,30,34
17,68,12,74,73,16,67,67,9,96
27,42,16,32,5,94,7,43,63,23
59,10,98,92,3,5,63,61,9,79
99,75,10,19,17,10,78,64,37,58
66,15,69,89,49,64,84,74,19,42
64,54,42,75,1,53,65,85,99,98
69,52,44,15,38,4,50,53,28,57
68,61,26,54,42,70,19,43,71,17
41,18,12,45,34,24,12,41,99,38
47,59,66,37,65,7,7,29,57,84
34,37,34,60,48,57,49,58,5,87
5,94,53,36,48,56,54,17,85,39
2,22,86,60,86,42,71,79,77,46
14,33,89,59,2,52,13,6,86,43
30,87,6,55,64,28,54,7,35,33
78,5,100,80,24,39,95,88,13,67
64,57,78,58,24,30,84,18,94,76
22,72,18,35,98,36,62,49,55,63
81,46,11,60,9,8,48,5,25,68
48,22,48,97,38,23,56,22,68,58
49,69,50,7,36,72,85,2,28,75
79,23,4,54,37,92,87,23,96,52
92,24,88,72,59,7,91,38,78,83
56,94,20,46,73,7,29,51,6,92
55,53,36,44,60,51,12,80,20,45
23,13,51,92,2,11,3,7,25,54
48,34,28,10,36,21,97,63,58,97
100,67,78,46,19,52,63,87,68,51
65,66,20,92,93,44,18,35,43,5
97,58,13,30,62,85,1,37,26,32
6,94,93,23,58,11,41,69,13,68
39,100,80,36,53,2,94,2,52,68
93,27,99,93,33,58,40,35,92,1
91,41,40,96,5,58,93,3,85,32
90,28,60,51,72,21,8,37,46,13
30,59,33,21,49,79,86,84,17,43
16,59,42,41,56,54,47,6,5,93
11,32,6,68,72,81,90,63,64,13
85,9,17,57,97,30,75,71,48,49
43,25,24,35,79,29,5,65,27,11
45,16,28,41,87,52,3,89,92,82
85,37,52,85,35,49,77,31,64,40
7,49,35,67,39,60,21,53,61,28
49,2,15,64,38,81,31,24,43,41
73,5,48,66,82,53,89,49,7,81
45,87,76,27,97,92,84,28,25,89
65,95,24,56,49,17,80,100,40,89
27,29,91,61,15,22,87,56,48,45
18,25,3,30,12,6,62,52,62,75
9,58,69,45,71,22,26,63,74,86
59,7,33,2,3,12,97,23,76,85
75,99,100,81,66,4,32,77,21,19
72,98,40,58,91,62,83,97,70,96
36,93,64,33,44,84,100,42,43,65
61,33,94,34,27,50,71,44,29,75
67,9,90,96,14,9,30,41,2,98
81,47,41,49,98,16,64,30,36,2
30,29,82,10,17,75,99,69,13,74
39,81,99,91,79,1,86,38,41,45
64,38,85,19,36,3,70,63,93,64
1,1,20,21,90,99,39,68,44,5
93,3,34,3,46,2,62,87,71,60
46,80,1,12,21,19,41,27,88,36
93,24,40,75,38,76,88,3,69,40
42,58,30,61,30,43,94,6,45,40
67,97,100,44,10,40,84,27,62,55
5,84,20,1,83,11,8,48,38,67
24,92,87,62,70,19,76,37,85,34
67,89,68,39,18,20,28,13,7,43
44,48,97,50,91,83,34,47,74,2
72,24,6,76,32,51,57,20,41,73
85,77,19,68,46,36,63,86,6,24
83,2,71,14,17,43,47,35,78,51
25,63,56,18,94,80,72,62,87,13
65,68,90,15,65,54,58,26,96,36
52,62,90,91,95,40,16,50,71,99
33,34,72,13,24,25,47,36,46,10
16,82,81,71,98,69,95,18,73,70
10,7,55,10,91,100,38,20,6,21
43,8,8,86,9,27,54,17,27,89
81,57,83,21,59,15,69,12,8,77
21,4,60,43,96,84,35,87,14,71
90,33,46,96,14,91,34,99,43,28
32,40,17,18,84,23,85,39,74,41
99,94,99,40,20,36,10,26,23,95
19,97,87,87,45,75,96,67,23,31
97,99,93,60,47,12,20,12,54,13
66,33,85,26,99,59,28,100,96,69
15,76,78,11,81,51,61,93,97,11
74,24,50,4,10,38,54,78,87,6
61,98,18,5,29,44,27,61,25,32
66,63,55,4,31,82,51,7,10,60
74,80,92,56,4,73,22,43,99,47
43,76,70,84,31,9,58,3,13,95
66,41,93,42,69,80,2,31,24,32
88,51,21,21,60,19,77,53,67,41
28,15,38,17,90,52,90,67,84,15
88,2,97,59,88,50,83,33,9,47
70,80,58,27,72,59,37,34,28,59
42,30,92,19,74,17,17,45,58,28
61,13,11,73,86,92,16,5,21,68
28,49,89,43,90,86,70,33,47,63
77,34,58,99,78,83,52,36,47,77
77,18,38,21,61,93,87,36,84,59
23,99,69,47,73,30,90,30,62,72
98,49,66,81,73,5,34,66,75,33
15,71,60,62,73,51,15,78,11,22
11,83,86,16,89,19,64,34,37,31
83,9,11,12,19,60,29,88,12,28
63,42,11,90,80,77,100,46,5,19
2,71,34,7,78,17,14,17,9,32
88,98,85,23,41,49,81,53,63,12
22,100,50,16,42,35,93,83,68,5
4,38,36,82,56,47,80,74,42,49
53,5,17,80,59,38,50,87,82,17
71,9,100,93,73,23,62,55,29,62
66,36,5,38,57,97,64,55,86,24
9,33,84,35,87,4,86,53,69,10
20,4,61,80,69,37,29,63,96,23
49,7,84,93,13,73,43,79,48,72
30,11,15,16,41,24,66,10,67,94
81,62,53,40,8,61,94,44,79,97
50,98,56,68,48,81,62,84,89,18
25,23,56,94,80,24,17,88,49,26
52,62,21,69,27,33,29,6,44,34
41,89,1,33,90,92,54,34,40,6
74,15,64,21,15,92,67,39,65,56
1,63,31,37,53,13,18,89,21,83
21,54,58,76,34,84,56,17,78,92
25,12,48,47,26,29,52,60,59,43
60,75,41,49,42,65,43,87,5,13
7,69,41,49,24,41,87,38,3,78
55,34,45,15,78,77,51,78,47,91
65,77,80,55,6,6,59,37,58,92
13,6,37,23,29,12,1,86,49,67
64,88,8,65,46,98,40,54,29,68
26,56,70,86,2,80,92,56,86,91
40,99,75,13,94,34,58,97,40,97
35,65,81,2,24,34,43,49,87,70
73,40,93,40,73,47,15,55,45,35
43,3,24,40,64,56,54,66,88,80
99,45,40,44,11,24,64,13,79,37
57,22,26,22,63,19,26,4,92,98
89,18,78,48,50,33,53,6,13,80
24,64,39,80,62,74,39,15,68,57
67,68,28,3,19,8,65,64,1,46
92,41,95,23,68,52,49,85,100,9
97,91,71,97,5,67,19,31,67,22
83,66,71,26,50,7,13,40,67,42
47,11,25,21,43,81,62,52,13,80
74,82,50,1,50,63,47,8,29,87
69,91,51,37,7,72,34,89,52,66
43,71,41,42,73,81,52,1,57,61
65,14,15,95,82,5,71,72,24,15
23,96,80,93,12,93,21,71,13,36
19,66,75,81,20,12,10,45,44,78
22,100,27,98,63,63,49,25,45,35
42,18,98,29,91,6,32,85,91,93
19,95,33,22,53,13,100,87,37,40
75,10,29,77,80,23,16,74,91,96
3,34,66,55,16,25,34,32,43,54
35,57,42,83,38,14,9,37,28,100
89,23,54,56,54,42,73,13,91,57
50,75,98,69,52,66,86,35,32,79
26,25,20,8,96,92,1,26,5,46
31,58,58,35,16,14,39,43,93,20
40,71,99,15,70,62,42,86,50,40
53,19,43,43,11,40,92,71,36,48
41,88,19,39,6,58,81,31,54,82
31,46,83,97,2,21,74,12,88,77
89,10,96,28,31,91,72,79,17,20
42,53,54,74,45,63,87,31,80,80
87,22,76,44,26,1,73,43,39,85
21,70,68,49,79,32,84,24,21,92
45,39,78,60,49,8,57,68,74,64
56,3,36,12,89,72,38,60,72,41
15,81,24,20,75,89,7,35,25,19
31,31,71,86,58,10,39,35,75,20
22,55,13,7,26,91,4,16,34,22
18,95,76,18,50,34,83,5,90,27
10,51,46,100,85,95,9,34,7,11
58,83,77,38,92,23,39,17,16,100
51,66,75,27,75,36,61,22,36,32
33,65,52,26,48,95,29,71,30,78
74,90,33,47,88,27,99,24,9,59
56,47,77,21,50,7,67,44,36,19
68,56,38,100,23,16,52,96,93,15
70,62,30,50,62,70,49,55,58,42
53,40,48,69,29,35,8,48,84,20
29,100,1,74,25,28,83,60,47,68
83,91,88,34,5,3,13,62,91,33
97,49,48,26,71,93,87,83,1,58
97,8,97,11,49,25,29,80,10,27
37,21,75,5,94,79,24,7,47,31
4,85,76,75,44,80,9,94,50,84
34,23,88,88,60,82,71,99,98,90
92,55,34,23,41,2,96,52,1,47
77,27,11,97,42,8,51,11,72,15
87,28,21,5,16,3,37,3,13,74
26,24,96,17,21,37,71,21,79,22
87,81,7,89,8,61,34,14,74,100
50,93,83,89,82,36,62,58,9,26
59,49,80,6,71,57,56,76,33,40
48,83,83,73,30,25,34,34,95,90
52,10,53,72,1,36,45,33,32,85
90,98,6,96,47,17,80,73,15,40
71,53,82,41,94,96,79,89,83,69
10,53,34,38,33,41,24,79,90,34
47,3,72,71,18,51,90,75,23,59
48,2,99,45,90,55,22,2,33,45
97,61,54,91,51,55,30,54,4,30
41,6,29,9,18,88,99,42,5,79
73,28,17,37,5,89,78,1,9,42
69,64,2,50,98,5,55,55,7,12
38,43,17,70,68,13,30,77,2,25
94,97,47,66,80,3,4,14,67,49
47,32,90,28,69,33,3,77,84,29
88,67,73,53,72,64,58,11,43,15
56,79,17,27,33,26,61,53,59,13
94,15,55,62,67,22,72,67,10,95
78,7,54,51,79,21,81,61,17,32
28,76,16,44,35,74,33,62,60,45
53,92,82,97,97,29,20,20,37,43
48,3,55,59,91,70,71,69,45,66
68,97,95,92,75,8,12,35,85,74
52,58,7,42,8,6,71,28,46,32
5,99,15,48,10,33,40,81,99,43
32,56,73,94,33,21,45,95,1,9
18,33,4,35,95,86,9,47,31,93
21,33,58,46,75,33,74,6,60,20
26,12,72,27,82,8,42,30,70,91
6,52,13,5,18,51,26,84,43,97
40,90,85,63,70,37,6,53,71,21
63,48,88,70,99,91,23,28,77,77
20,60,69,55,28,41,81,82,93,97
14,23,20,86,5,34,77,45,70,88
31,29,7,82,26,38,28,88,40,61
16,12,15,11,87,47,70,11,19,75
65,19,40,91,94,66,82,84,13,18
54,21,53,46,92,90,84,50,19,38
78,86,23,68,80,62,92,20,24,83
33,66,63,58,87,84,9,9,62,26
73,90,15,2,29,75,66,31,17,79
46,82,12,95,72,18,31,72,80,47
5,42,49,45,91,82,98,1,43,88
44,48,55,38,55,97,26,81,63,47
85,59,99,15,18,18,90,93,11,28
10,29,62,9,19,97,79,41,20,37
45,33,98,85,24,54,96,49,79,33
86,44,98,30,78,57,55,27,69,94
12,50,80,73,93,56,35,3,14,97
57,27,32,88,25,31,58,82,91,95
38,33,86,19,19,10,93,57,64,42
64,42,27,61,10,75,75,40,11,68
93,11,80,53,62,98,28,97,50,43
61,29,57,88,35,77,16,21,86,96
58,98,45,89,72,47,87,78,89,17
71,98,11,26,99,76,58,55,14,57
63,62,12,78,25,8,31,35,90,34
88,85,11,55,50,56,51,48,45,26
18,11,100,48,17,96,25,9,17,3
46,56,99,82,2,96,81,50,60,33
44,11,8,29,45,27,74,66,7,95
39,97,66,42,86,5,15,27,38,91
12,53,45,92,29,77,97,45,85,21
15,75,82,49,55,8,94,28,11,10
27,50,94,29,41,1,27,13,29,10
66,27,26,16,49,37,61,56,47,30
58,24,54,79,59,52,4,34,96,46
29,45,79,53,14,2,20,83,70,94
76,57,91,16,45,79,14,57,51,98
32,77,75,96,59,17,51,28,3,12
98,54,41,75,66,96,51,32,76,52
95,29,80,71,67,87,27,64,97,80
98,99,5,2,78,26,34,2,97,91
76,23,1,69,84,96,35,58,80,82
82,88,28,48,8,58,9,36,11,39
71,23,6,49,88,55,90,82,79,61
34,96,11,65,61,15,71,41,58,37
56,79,84,65,54,2,29,31,62,36
33,57,92,90,51,42,36,72,68,30
95,18,73,5,37,95,3,71,34,93
48,24,5,55,16,4,55,100,83,54
7,74,53,29,35,77,33,36,96,59
14,45,34,85,13,61,56,40,40,70
65,26,16,12,34,65,68,25,46,95
99,44,97,36,90,21,46,80,39,49
32,59,81,57,61,22,36,78,38,51
89,64,3,45,49,14,57,35,100,52
37,73,36,71,24,49,29,60,14,52
76,35,96,23,4,9,67,75,100,39
50,70,79,27,69,72,90,77,91,93
87,63,34,19,95,28,35,25,92,30
76,68,9,14,97,36,22,70,75,55
24,88,8,50,23,91,30,19,56,3
29,87,84,34,80,50,82,41,75,13
95,41,18,19,3,74,80,58,88,65
72,69,56,79,42,76,77,58,13,80
48,98,7,30,91,79,27,35,68,23
51,85,16,78,34,60,74,28,7,2
42,11,84,63,14,36,44,2,51,10
30,22,48,83,96,18,93,38,66,74
23,25,75,84,47,40,79,100,82,55
4,69,13,78,53,33,56,50,55,84
30,76,65,11,51,32,39,91,65,16
36,11,91,57,35,23,51,83,4,56
35,65,1,12,79,43,3,62,46,39
7,100,68,77,71,44,65,9,43,83
84,54,81,11,21,97,71,99,90,41
38,3,10,51,48,77,39,92,89,53
16,71,87,45,52,34,58,42,83,7
83,77,15,3,98,83,96,16,20,32
97,64,72,33,1,71,34,81,77,94
72,88,95,6,38,50,43,39,16,50
14,37,10,36,66,41,36,66,99,61
76,74,18,55,47,86,15,100,62,88
29,55,21,12,24,63,8,21,83,4
29,51,22,18,36,34,19,59,49,46
90,63,70,71,24,85,49,21,9,19
48,48,7,74,87,39,87,74,17,30
53,21,99,69,77,68,88,95,60,92
21,13,6,58,1,3,96,2,54,89
76,69,39,38,5,83,1,19,14,57
95,58,73,33,64,77,99,55,28,51
55,33,55,60,46,3,92,14,83,11
81,10,94,78,4,66,28,60,78,37
64,47,90,84,74,79,70,24,21,99
6,33,58,19,66,44,66,86,16,32
72,40,56,54,43,68,73,14,28,61
72,91,53,51,53,48,18,98,10,74
75,58,55,26,54,58,79,25,26,37
95,57,61,36,50,58,96,50,10,49
63,80,80,71,65,35,67,60,83,82
63,95,4,97,49,20,73,13,25,100
1,23,85,52,68,72,6,22,71,24
13,8,51,64,85,8,6,47,83,79
78,42,68,9,87,38,88,68,21,23
59,27,27,45,59,37,78,15,36,38
93,73,1,50,45,54,9,3,16,7
46,88,100,53,89,64,83,70,13,31
6,53,55,7,46,51,67,65,13,34
51,25,48,96,54,26,92,77,1,10
63,20,1,12,9,26,20,31,48,55
49,76,67,96,56,47,52,7,30,91
57,66,19,22,99,21,63,12,26,5
26,17,79,73,15,38,78,24,82,75
94,65,25,9,9,55,93,72,43,39
88,71,71,67,92,58,91,15,29,85
67,53,74,25,16,25,87,86,90,22
47,30,89,70,10,21,56,63,37,18
25,90,70,85,73,75,54,49,83,6
67,35,26,8,43,26,96,6,61,38
58,33,42,63,30,94,24,15,11,33
80,91,28,63,57,100,39,36,13,14
2,15,85,13,78,30,21,35,8,70
9,44,48,34,81,28,51,25,38,16
32,52,33,7,61,81,24,31,55,66
48,24,19,92,40,10,93,93,33,20
29,65,7,89,29,12,81,42,31,64
21,31,3,50,79,18,16,72,44,72
18,11,2,99,86,70,43,23,3,70
81,18,64,31,22,99,75,62,37,27
98,97,55,98,21,5,7,65,21,43
9,44,54,79,45,5,82,70,64,76
32,28,64,84,22,96,39,91,78,40
5,100,21,59,20,8,42,64,69,37
80,49,21,15,46,95,13,24,55,65
73,78,53,25,33,34,92,71,27,17
82,56,62,80,93,89,35,50,17,18
48,100,10,21,30,37,85,84,41,34
41,94,36,37,7,1,57,39,77,57
13,36,9,40,83,76,88,79,91,73
98,66,41,94,71,45,53,70,3,9
46,32,23,80,77,12,76,26,74,91
10,91,7,62,21,51,21,90,4,94
100,20,13,4,25,18,7,15,46,39
85,37,22,35,20,1,30,32,86,26
44,78,70,10,98,97,65,81,17,88
20,94,98,82,47,97,35,99,70,37
60,62,46,42,27,11,40,19,78,68
46,63,47,64,100,60,58,19,79,23
74,89,94,68,98,37,7,12,88,78
43,83,94,31,19,10,61,47,83,82
73,60,77,4,94,14,11,43,84,75
56,68,68,21,23,7,48,63,46,8
99,20,8,74,30,47,85,78,31,10
55,12,87,62,71,4,38,68,77,76
66,10,60,34,75,58,34,9,47,96
79,43,2,75,95,91,86,50,59,95
35,20,78,25,23,76,52,32,55,82
57,58,15,15,18,42,13,27,7,21
83,58,7,4,96,61,42,68,22,14
39,98,3,61,47,46,51,43,91,44
66,10,13,47,80,87,84,36,25,51
78,99,54,43,49,65,72,98,25,58
95,58,61,59,30,82,28,70,81,4
13,85,76,40,86,78,12,25,41,73
76,34,13,38,33,84,29,39,85,12
36,7,16,68,2,78,45,86,75,85
98,87,33,42,26,39,33,97,12,75
11,1,89,12,30,11,16,1,80,70
93,37,18,75,38,65,57,97,13,24
9,68,75,89,78,23,70,86,5,98
48,16,92,21,11,20,80,84,53,34
9,100,34,33,22,7,96,59,96,83
31,44,12,51,54,2,71,34,62,82
41,62,81,93,76,66,16,87,65,95
15,63,16,85,87,31,4,80,44,70
36,54,66,3,38,94,51,46,62,90
10,14,85,38,33,80,32,28,93,8
38,69,41,78,33,16,14,12,53,58
63,98,90,22,88,98,60,56,9,59
62,72,58,2,60,60,13,4,29,78
49,54,94,85,34,59,2,19,75,44
51,15,40,32,5,83,36,19,40,58
73,26,94,26,23,37,60,35,16,59
93,91,64,59,85,7,100,18,17,38
44,37,53,31,72,96,100,72,82,7
11,45,4,29,81,86,97,100,20,34
17,1,95,72,12,81,56,66,41,87
58,8,20,16,60,36,79,9,2,90
65,71,5,81,37,37,48,66,100,94
61,38,77,28,22,19,50,93,53,43
78,67,43,63,63,47,52,16,19,11
99,37,9,70,56,78,83,32,17,75
56,83,56,41,40,45,51,77,12,48
60,47,90,60,80,33,96,69,1,22
31,16,30,59,75,94,85,40,78,14
22,79,33,58,41,16,39,23,15,93
36,37,39,81,68,1,46,78,26,86
44,47,21,89,11,42,93,41,48,38
10,24,72,43,67,15,82,93,36,64
82,40,1,90,36,34,47,94,12,59
67,84,51,21,86,41,88,98,82,76
5,28,27,51,58,61,59,76,5,98
80,94,21,80,5,52,40,99,65,33
19,5,14,78,31,49,9,87,15,26
60,42,43,39,27,48,66,80,47,77
48,15,80,73,51,92,84,92,74,92
64,83,11,7,37,3,19,46,40,14
52,42,6,58,82,62,41,30,96,15
49,8,85,47,15,26,26,25,18,92
2,32,21,93,66,55,50,22,33,61
51,45,54,18,30,38,84,69,46,74
3,71,49,39,43,42,15,15,50,21
39,56,30,90,68,11,47,16,77,87
18,95,22,22,30,58,3,40,53,28
41,99,85,84,71,66,50,1,85,43
64,75,94,75,92,94,55,69,76,21
59,56,94,96,43,45,4,56,35,32
22,17,2,94,60,29,64,96,82,13
83,57,77,51,90,6,61,90,99,47
3,84,31,57,84,71,99,69,19,44
4,59,49,63,72,43,96,4,21,56
15,89,39,68,73,31,55,87,86,36
90,92,63,21,19,59,73,51,73,10
8,17,44,78,52,89,64,11,33,2
58,91,50,30,71,63,93,88,22,46
92,93,33,87,44,30,86,72,12,57
70,74,51,20,2,84,32,91,39,62
60,36,13,42,76,76,25,69,98,95
73,82,78,82,36,84,45,57,83,83
42,46,22,28,30,99,74,6,30,62
12,17,66,19,97,36,10,95,45,98
8,74,17,63,80,55,60,2,33,64
78,26,78,9,43,55,53,36,87,61
100,21,68,73,2,74,88,58,79,91
85,22,18,41,20,62,12,14,43,9
97,71,78,14,81,9,90,86,67,37
89,77,32,20,4,58,2,39,12,44
37,24,18,4,38,81,39,89,67,36
7,100,72,75,32,35,70,62,11,82
37,90,82,76,9,23,85,13,28,46
4,86,36,46,15,33,66,20,21,11
91,6,22,97,2,52,62,6,35,41
46,94,88,28,18,20,28,36,22,43
50,1,57,28,94,52,46,2,61,42
18,30,4,46,19,81,100,46,37,41
53,68,67,98,49,41,100,81,42,93
93,25,82,41,41,76,54,52,72,58
56,48,14,24,25,77,29,59,86,37
92,42,98,7,66,1,14,47,86,40
16,69,93,74,67,7,11,74,14,22
5,16,4,57,76,40,84,14,61,2
84,28,20,36,1,39,53,84,65,52
1,26,80,96,13,44,81,81,77,86
20,93,20,10,48,76,40,87,19,33
50,88,53,15,33,98,30,84,99,13
55,56,7,72,41,28,14,65,69,79
80,2,97,96,63,63,40,89,94,87
4,60,9,49,53,44,44,82,62,96
68,16,2,81,19,43,55,6,10,91
1,79,54,16,15,98,62,97,11,64
20,9,10,57,28,17,14,38,27,28
85,84,4,95,92,44,13,93,96,12
18,43,84,99,7,37,69,99,69,13
11,13,7,49,4,34,87,65,42,73
61,99,7,16,53,64,13,56,7,31
65,58,75,93,16,90,75,45,17,81
22,64,41,2,40,25,43,15,37,45
95,49,15,3,41,69,5,16,70,7
1,72,51,8,79,3,85,78,55,94
5,13,33,43,3,29,30,32,42,25
48,5,9,83,82,53,70,95,45,45
50,43,74,67,1,28,75,51,93,19
34,2,67,37,28,78,92,55,5,3
58,14,16,77,67,92,59,74,96,25
37,94,26,39,43,77,80,5,39,57
90,15,35,34,43,27,37,98,55,19
60,99,92,47,38,40,62,66,57,24
19,16,90,92,95,94,84,92,77,74
83,58,22,90,78,36,68,17,77,1
15,53,80,59,66,16,35,93,45,100
79,43,76,64,94,45,2,37,98,39
93,87,67,53,23,57,22,14,86,4
2,50,34,79,67,8,93,12,95,40
20,81,80,39,21,41,71,71,47,53
21,10,2,40,66,69,92,75,50,93
9,36,39,86,83,88,34,14,8,12
67,87,33,41,80,90,95,53,70,69
67,34,23,70,69,14,69,38,44,85
87,75,30,100,81,23,53,71,45,42
64,32,91,4,95,64,89,22,28,98
99,74,29,34,96,72,11,90,47,88
3,14,36,33,67,43,73,55,10,40
90,30,13,30,7,53,33,95,63,29
82,53,37,36,97,14,48,66,40,9
13,11,94,96,89,62,44,25,82,1
52,54,75,55,14,95,77,49,30,98
2,96,69,65,44,57,96,34,79,24
78,92,58,3,25,36,30,39,4,87
91,53,9,10,6,37,78,42,10,87
98,87,58,18,44,35,28,75,78,7
2,69,57,9,39,73,13,27,8,36
46,20,46,41,38,28,28,32,13,27
87,1,45,7,35,93,54,46,95,29
61,13,45,59,56,18,80,98,50,42
43,65,67,14,82,42,24,80,32,65
55,88,48,15,20,24,77,40,83,14
41,97,2,35,60,76,43,97,45,97
98,37,47,63,58,69,99,63,48,81
28,44,7,40,1,78,8,94,91,8
75,44,15,27,56,51,47,80,2,32
92,6,30,43,98,74,54,40,30,35
26,83,57,31,22,84,98,31,91,25
86,72,98,92,25,86,70,91,6,51
28,72,94,92,21,59,37,43,11,51
28,4,51,2,81,26,78,17,78,30
84,95,73,93,92,3,8,15,17,84
34,53,68,8,4,97,55,14,87,10
69,3,41,19,5,66,2,45,85,15
1,97,98,69,34,67,69,31,30,11
8,46,13,50,13,24,46,16,90,1
45,15,85,65,87,8,81,58,30,28
21,83,82,5,54,75,70,79,82,73
58,3,28,15,20,47,29,4,95,30
66,81,74,17,98,25,29,54,24,81
8,69,41,33,76,42,75,60,16,89
2,7,28,17,11,72,7,78,26,89
96,39,27,12,45,39,77,99,80,91
14,62,84,56,88,23,85,21,21,69
29,32,92,45,5,48,44,28,59,70
91,62,53,100,8,78,47,72,75,13
3,96,98,100,38,29,86,37,69,67
59,96,2,79,63,89,70,24,82,17
93,21,16,3,37,67,29,53,59,65
77,75,9,78,77,89,64,90,6,95
57,65,92,15,65,44,73,39,14,89
52,32,34,15,37,83,54,33,80,53
82,60,81,11,21,66,13,76,85,35
86,76,48,68,62,10,23,31,10,38
29,10,45,75,31,49,38,11,62,49
79,19,88,80,68,61,26,40,70,81
34,75,40,60,87,73,13,17,54,5
48,66,26,77,2,9,73,74,70,50
40,55,54,11,52,72,89,34,85,47
41,88,38,12,23,92,79,82,16,6
16,30,2,69,73,75,65,32,37,88
13,41,45,1,62,6,97,64,30,99
50,1,16,54,60,50,80,85,87,74
70,50,33,44,24,60,100,85,82,39
97,43,94,43,11,47,50,80,11,51
83,9,61,11,79,48,7,98,41,100
56,48,68,82,72,62,16,59,60,18
11,77,34,4,76,85,88,32,92,42
13,74,33,74,72,33,56,79,67,40
16,43,80,8,15,68,39,7,49,73
6,71,5,87,19,6,58,96,35,20
26,7,71,100,50,29,22,54,38,62
71,18,24,10,69,35,22,61,70,76
70,91,65,64,68,11,24,71,77,7
31,36,98,22,84,38,21,96,75,57
67,64,89,45,30,27,37,18,89,88
54,44,34,89,60,19,39,41,80,79
78,67,78,41,42,50,96,82,51,60
34,53,88,60,95,100,98,44,52,23
22,69,90,19,45,16,61,36,86,53
51,97,41,94,74,47,73,90,95,86
43,51,78,98,44,23,50,96,43,11
13,58,42,44,48,100,65,75,15,24
32,62,38,11,5,19,36,71,74,28
13,71,28,78,66,75,42,64,21,70
7,22,15,13,51,63,26,43,13,31
46,25,35,56,80,35,44,78,32,69
95,16,95,19,64,74,24,65,23,23
48,26,84,47,100,19,48,98,89,22
64,8,34,41,65,63,31,6,72,49
22,82,59,10,36,33,51,91,36,4
54,22,92,25,21,71,13,63,88,63
21,61,2,49,17,93,54,46,43,80
95,13,79,98,36,24,42,9,62,48
56,61,79,64,8,6,82,33,51,84
27,48,25,72,83,99,65,34,70,90
13,39,60,41,77,82,82,47,61,17
28,61,9,37,82,54,90,32,58,20
58,23,58,39,6,91,90,31,9,40
5,41,11,30,77,23,50,95,92,92
40,87,86,6,79,63,1,18,15,52
62,92,53,88,7,82,86,81,57,42
67,31,80,9,94,34,42,45,36,42
19,51,34,36,65,1,89,75,29,66
88,27,94,25,47,44,92,81,33,15
74,36,59,78,28,22,86,100,100,44
56,51,48,1,41,26,36,25,70,14
18,11,91,88,47,41,17,82,22,90
40,67,41,47,100,55,99,9,69,72
70,33,8,70,86,56,73,94,94,61
41,5,100,89,29,25,47,91,74,17
96,27,93,45,6,46,22,69,97,70
88,32,48,34,64,68,18,92,47,42
100,88,67,30,20,22,79,24,26,45
38,99,48,58,36,70,61,5,7,18
12,69,31,50,45,79,18,37,96,95
36,58,47,68,21,43,17,60,51,57
91,30,83,67,34,72,52,14,90,78
9,7,78,30,39,55,81,44,93,15
99,21,59,34,3,69,46,30,49,81
1,38,27,68,10,57,57,41,13,86
52,89,93,86,15,23,66,3,1,25
94,92,48,18,93,77,38,43,13,27
55,72,52,56,78,80,55,23,57,7
18,89,26,42,16,62,72,36,47,78
7,47,72,16,81,86,49,83,72,37
36,77,53,72,49,24,87,10,67,7
32,86,37,59,92,29,52,61,59,75
87,96,5,12,36,58,68,19,98,68
80,99,25,63,79,80,86,27,53,47
3,35,15,25,30,70,64,68,38,8
58,30,62,66,54,74,81,72,74,91
12,51,90,9,94,5,43,34,73,61
36,12,68,93,53,9,46,28,35,36
96,14,95,70,45,98,32,66,46,42
22,13,37,21,75,100,6,65,6,82
91,80,40,51,12,96,31,52,34,6
86,41,2,70,52,10,4,99,97,58
81,11,9,63,33,59,68,97,47,46
3,37,93,4,2,60,7,50,80,53
84,7,18,44,7,28,78,43,25,33
100,84,89,88,62,26,87,58,24,57
62,76,51,51,86,58,90,13,24,15
3,38,63,30,39,23,86,29,91,57
13,46,63,32,42,82,4,91,25,54
5,80,85,77,88,63,72,67,12,74
76,27,56,83,64,52,62,76,13,51
7,48,20,30,72,98,15,79,54,59
16,50,28,15,51,1,7,6,41,90
58,10,98,23,93,86,72,32,83,67
78,22,10,28,74,74,21,24,20,4
86,47,25,32,27,2,98,14,29,7
82,80,5,63,36,78,10,80,96,66
65,33,21,9,26,17,65,3,76,30
38,4,89,25,59,30,50,98,52,82
90,4,12,90,58,54,17,70,92,42
90,41,66,99,64,3,7,29,96,2
89,100,22,49,35,84,81,54,36,63
93,39,7,42,54,80,66,76,10,41
9,29,39,14,40,9,30,29,25,36
63,65,69,98,34,33,13,92,76,50
97,81,72,4,99,47,44,50,15,76
39,78,37,39,32,62,92,51,92,54
48,26,91,6,31,76,27,57,14,79
61,49,28,10,39,2,87,43,83,40
56,70,70,100,37,63,82,59,98,40
35,13,53,63,74,8,17,50,33,84
40,46,21,84,71,21,23,87,87,2
50,58,65,83,90,68,64,78,48,52
51,79,52,16,13,85,71,76,54,17
66,91,57,68,24,80,41,93,58,76
18,23,48,27,54,76,38,18,71,61
2,94,90,7,95,79,38,41,44,95
51,73,2,39,23,92,61,83,61,74
92,16,18,44,87,52,91,28,94,41
100,64,90,22,19,92,95,95,11,66
36,81,46,24,66,70,24,24,71,19
50,64,44,61,51,41,16,68,9,14
30,60,37,12,95,14,85,5,72,7
97,1,36,69,25,51,97,29,79,99
53,25,17,49,71,29,54,45,86,67
63,67,49,72,49,19,43,27,93,97
61,91,26,86,69,92,5,43,54,65
81,18,54,44,89,91,56,74,95,3
57,13,73,87,48,47,83,54,5,100
30,100,80,53,6,100,74,81,10,52
1,97,72,71,93,77,8,11,15,27
58,51,72,68,3,2,70,10,17,19
70,37,69,100,68,69,73,83,94,58
78,50,36,48,93,37,26,94,1,38
18,57,47,16,37,31,17,95,23,96
28,22,59,19,95,53,95,49,41,84
82,13,77,59,49,94,17,54,98,5
8,15,57,70,46,17,47,53,88,82
2,53,100,100,99,48,4,99,83,64
54,58,29,34,12,41,15,89,72,9
74,33,3,46,42,5,66,17,28,17
39,24,86,45,68,40,25,79,67,95
13,83,22,20,24,35,86,6,39,54
73,76,45,55,7,38,75,96,40,77
73,20,64,77,100,43,11,19,86,68
18,2,32,36,52,23,32,23,71,8
8,60,75,81,51,36,45,42,83,96
87,87,47,82,80,83,80,92,8,85
78,83,45,58,93,98,67,63,69,89
40,43,50,9,16,38,74,33,89,81
85,85,95,40,11,40,56,95,11,85
82,5,68,15,61,30,37,52,55,65
29,13,24,70,37,75,56,23,13,59
34,74,69,26,88,75,14,98,18,89
78,55,57,19,3,67,87,67,12,24
85,28,21,1,63,59,62,88,23,1
83,84,47,8,89,94,36,18,90,66
2,52,15,16,34,85,69,26,1,83
25,36,45,17,57,13,99,34,27,100
70,29,67,70,41,43,46,73,40,73
97,34,15,49,63,52,60,36,33,29
84,20,81,27,43,32,66,59,58,84
86,55,34,8,73,25,33,83,61,50
73,1,91,71,6,1,84,72,86,40
28,49,52,40,51,61,63,71,48,1
9,98,74,49,59,71,44,81,27,88
89,73,12,76,81,26,90,14,21,83
98,75,85,13,92,59,53,42,37,69
39,79,59,50,59,73,76,81,92,71
24,42,85,59,29,16,55,1,28,25
22,93,94,31,40,92,12,33,88,18
94,32,89,11,97,76,52,62,82,71
48,41,85,94,25,99,2,43,8,3
63,46,38,84,21,20,72,71,64,53
54,9,90,44,19,72,8,33,27,33
16,39,38,87,68,56,49,7,40,41
38,32,20,45,75,71,89,1,67,16
59,1,38,78,43,5,31,6,92,37
7,98,38,61,14,77,17,63,42,48
31,82,90,97,25,52,83,84,33,10
81,80,3,39,93,8,60,84,19,78
32,41,87,21,31,80,64,71,67,83
27,19,86,87,41,100,64,65,6,48
47,42,47,1,74,31,93,37,74,25
42,60,30,54,24,79,37,27,67,70
65,100,86,72,57,23,13,88,50,63
60,47,12,81,17,69,89,90,55,55
17,21,8,31,17,93,4,74,7,6
94,55,1,100,85,17,6,69,85,27
3,89,69,84,70,51,58,87,95,67
57,11,90,91,11,4,79,25,6,12
37,56,95,17,63,76,73,76,69,65
75,65,17,68,69,93,1,57,35,33
39,99,86,51,61,58,11,51,48,89
7,45,37,36,23,17,80,98,96,41
52,46,2,77,67,52,54,6,88,50
91,27,90,46,28,97,19,7,69,26
32,11,100,55,33,45,90,41,3,7
48,70,20,51,12,38,26,79,98,74
86,12,35,76,77,75,51,80,9,21
39,79,44,79,93,35,62,86,3,90
3,64,35,27,87,96,79,96,73,59
93,24,93,86,93,9,62,93,67,89
3,61,20,73,93,85,58,5,15,65
55,3,29,64,100,9,22,75,8,29
27,79,65,42,75,51,72,32,14,38
72,56,12,11,64,96,44,94,87,3
42,77,63,91,65,83,17,26,26,26
91,3,99,14,47,31,29,89,8,30
59,4,44,4,86,66,2,81,18,9
88,40,50,7,73,95,38,62,95,9
30,28,90,80,95,67,1,94,88,26
48,4,1,40,100,98,48,6,64,65
85,46,75,7,11,42,73,74,52,93
54,53,20,20,13,98,96,10,92,7
21,36,9,48,12,36,96,93,21,43
24,3,8,6,38,94,56,84,3,95
32,20,38,6,2,68,40,93,13,79
94,38,61,100,35,86,54,49,78,19
61,74,77,93,6,24,97,83,74,52
5,63,37,6,33,1,57,14,54,28
79,91,75,96,9,17,43,79,27,15
21,94,59,95,37,92,42,77,94,2
72,20,75,7,35,71,36,32,66,23
2,70,55,11,94,19,89,97,81,6
48,64,10,62,16,31,16,22,35,34
47,26,93,54,70,59,99,54,100,49
91,1,26,6,31,4,39,59,15,35
84,53,80,40,20,24,83,100,72,45
26,30,72,77,81,14,6,89,22,42
53,26,11,30,58,38,3,12,50,85
41,29,60,74,79,80,24,17,28,31
92,34,58,24,40,83,52,18,62,83
6,44,48,81,88,66,35,35,15,10
19,27,13,78,71,18,4,71,99,20
90,15,7,38,39,96,78,9,22,80
2,42,72,39,27,61,75,22,70,71
39,40,69,37,82,72,95,49,88,93
37,44,26,54,8,73,2,56,96,95
32,49,71,36,55,62,38,6,44,49
76,27,3,56,45,83,36,38,93,25
75,50,49,72,85,7,76,50,4,14
86,38,17,41,62,77,76,69,84,77
58,72,45,71,7,97,85,81,84,52
59,26,25,82,95,89,3,88,45,3
11,68,93,43,46,62,2,50,21,69
73,23,30,4,82,39,46,10,86,89
50,97,7,75,42,52,21,38,63,66
97,33,58,72,98,29,90,44,98,61
94,56,29,23,86,93,15,70,75,21
70,89,97,59,21,3,47,46,31,53
16,33,4,84,13,30,56,83,98,73
28,71,69,27,66,62,23,81,65,31
29,12,55,40,9,19,19,54,63,58
17,85,14,50,40,38,70,22,77,66
81,2,9,3,72,63,6,43,9,97
6,5,69,27,58,70,39,44,53,92
20,22,70,46,93,98,84,68,11,25
100,57,54,57,63,96,48,25,42,29
98,68,51,71,60,72,68,7,59,29
84,46,76,61,51,66,65,28,33,61
10,90,42,17,90,69,33,17,55,85
6,72,5,38,60,93,55,27,9,94
92,1,58,73,32,75,84,78,73,13
33,89,29,94,56,96,35,89,7,69
99,25,43,61,48,52,34,55,65,69
28,97,88,48,22,15,70,9,29,11
61,97,81,67,97,35,32,57,1,24
78,95,59,90,22,9,23,86,80,17
13,92,53,100,93,23,20,29,62,71
17,84,78,1,58,39,67,43,36,93
24,28,55,100,47,11,97,34,72,19
91,67,30,77,41,3,46,91,89,64
8,71,72,66,61,17,33,20,86,68
75,88,27,59,60,15,12,83,65,69
84,71,75,92,24,33,39,32,83,96
27,32,62,28,41,12,77,93,13,43
7,58,29,71,7,45,93,14,100,97
6,85,2,60,32,98,94,78,74,61
90,11,60,79,50,8,12,50,28,58
74,98,72,93,98,17,47,32,79,47
92,89,26,65,22,34,83,54,48,55
9,96,6,72,94,88,18,90,42,14
95,8,37,48,14,58,97,42,46,15
74,12,93,27,80,99,26,17,68,71
4,76,14,44,11,69,50,98,82,57
56,15,45,63,98,10,1,42,70,91
89,99,46,65,86,28,30,66,100,49
44,70,62,73,91,88,71,53,18,37
23,89,35,2,35,3,93,16,85,9
18,94,57,17,89,40,89,80,50,63
94,37,21,99,9,33,66,25,9,21
46,50,19,80,69,58,21,95,92,65
91,59,93,76,92,73,45,54,59,49
1,22,81,65,78,91,86,16,57,55
93,55,5,20,56,45,73,78,18,69
77,93,42,38,71,61,9,76,42,8
19,70,36,36,46,66,37,43,43,80
12,71,92,77,88,16,100,76,85,61
96,91,18,9,63,47,2,96,42,65
11,45,51,84,90,43,31,3,27,87
58,24,69,21,26,50,66,41,43,6
94,29,51,34,83,76,78,63,20,64
59,43,15,82,5,35,60,66,66,85
11,41,43,43,90,77,90,22,19,88
22,71,50,74,98,63,81,13,26,73
61,6,90,95,38,41,2,89,21,52
83,76,63,5,3,39,59,81,55,41
67,39,25,79,65,93,100,89,23,97
30,63,11,87,18,61,55,20,43,80
46,95,70,70,96,36,71,87,59,38
77,60,71,60,28,44,92,42,54,43
35,16,37,19,98,51,35,97,80,9
22,15,60,35,97,2,91,16,26,89
57,86,99,5,47,2,65,78,47,16
58,10,18,1,67,96,26,78,15,69
97,69,6,4,64,73,89,16,91,22
30,43,63,20,48,87,2,32,79,2
23,9,36,73,13,92,7,55,61,97
31,44,1,7,90,100,61,73,47,25
65,9,28,19,11,71,32,47,6,59
8,68,65,25,96,69,56,68,49,98
56,100,10,10,62,39,99,28,55,7
17,2,82,22,8,86,32,91,66,93
100,70,82,9,76,56,75,91,69,9
59,61,88,33,56,76,33,23,38,26
75,94,97,94,71,48,41,39,40,82
95,82,45,23,62,2,19,55,30,62
26,22,57,90,91,8,85,59,44,3
6,74,22,52,69,89,54,67,46,55
10,47,71,56,94,24,16,86,89,26
45,44,11,93,29,49,36,20,16,19
77,91,50,68,19,66,77,36,42,34
93,67,4,20,1,32,85,1,81,97
77,3,4,7,45,12,22,27,22,51
31,77,78,18,34,16,57,54,37,76
38,5,78,61,72,13,88,50,55,18
57,60,41,30,83,5,60,23,16,49
58,98,77,63,86,17,31,55,78,60
90,59,92,83,64,58,13,11,13,87
99,21,40,67,67,51,32,89,27,14
100,14,82,93,41,62,40,4,57,64
54,78,76,12,18,13,54,80,69,70
19,70,86,26,67,88,97,38,51,71
45,100,48,48,53,31,17,34,97,94
50,11,13,78,27,47,84,49,14,89
98,45,80,68,81,77,88,86,36,30
75,90,14,33,49,83,41,90,48,96
2,51,19,33,79,61,59,79,7,43
6,12,4,56,47,73,56,67,82,7
92,89,73,66,16,60,44,96,67,59
62,14,38,23,16,99,57,84,95,61
2,35,73,19,26,77,22,1,86,80
44,66,6,35,76,2,38,97,38,25
99,19,46,69,17,5,32,39,18,65
12,46,86,93,95,69,36,81,55,94
100,63,18,38,52,35,64,3,24,18
1,10,13,87,29,73,3,1,70,36
8,86,58,86,31,44,15,13,91,78
43,50,53,2,20,41,68,52,38,65
98,63,52,17,12,65,17,34,99,17
1,77,43,79,55,94,42,46,51,54
70,79,75,1,41,26,24,33,43,74
35,40,90,92,22,74,87,42,19,86
89,18,25,65,7,68,9,53,88,81
10,95,10,78,39,88,38,5,49,28
25,36,65,23,20,84,17,81,21,25
57,83,90,20,33,46,8,80,39,30
24,88,25,31,95,61,14,79,9,51
90,78,2,71,92,44,21,20,11,17
9,76,82,48,9,26,51,87,92,23
10,31,67,76,89,93,47,76,14,29
96,64,73,14,21,56,19,98,59,24
4,35,59,4,57,33,40,59,16,24
69,15,6,40,67,67,88,29,79,55
83,62,96,13,98,87,52,95,83,69
42,97,14,5,73,52,51,65,55,94
29,85,73,80,5,27,93,46,64,96
66,7,89,26,24,30,90,88,59,1
100,40,47,39,3,36,89,8,15,77
65,91,74,57,74,22,28,80,41,48
30,70,6,79,79,59,99,45,74,81
60,17,20,5,89,31,57,75,62,38
93,43,8,88,50,46,93,87,63,68
68,35,63,15,23,99,11,75,38,66
15,100,17,28,50,34,57,1,79,27
27,28,85,91,16,63,11,81,66,53
29,12,66,50,20,41,45,24,94,86
55,5,2,28,20,65,54,94,36,2
18,2,13,77,73,32,69,81,12,97
43,51,19,92,5,44,69,10,71,57
31,63,63,21,21,67,47,71,23,55
62,76,39,14,36,46,85,53,43,67
63,81,12,36,27,6,60,40,48,19
8,29,65,81,12,4,36,14,26,6
56,16,34,44,97,51,60,22,36,77
80,27,54,9,37,33,24,25,23,71
16,83,99,45,51,75,15,41,88,66
72,52,70,78,18,84,24,20,56,100
62,87,69,57,55,48,89,31,91,95
34,47,12,14,37,60,22,92,11,99
44,36,40,5,86,28,5,93,16,71
9,61,94,8,70,78,81,41,16,31
77,39,78,3,67,75,42,47,95,17
34,62,24,57,70,76,87,10,85,82
67,45,18,22,52,85,43,63,84,73
30,65,97,87,7,24,10,80,87,46
62,70,9,97,93,60,72,19,58,40
47,44,5,1,69,86,76,79,59,71
50,63,17,16,19,61,36,3,44,70
3,2,18,6,39,22,65,68,92,53
80,13,90,23,14,7,56,49,5,29
25,21,53,75,36,11,38,52,35,92
40,35,77,53,44,43,56,51,22,11
49,27,89,1,92,22,40,22,34,21
42,26,61,58,61,30,73,8,40,13
14,73,24,59,96,88,59,21,1,93
91,73,1,53,91,8,93,10,7,96
20,67,75,13,45,75,84,89,30,48
40,61,92,25,20,19,15,13,38,77
52,49,44,21,86,45,24,74,81,9
23,29,80,13,36,45,56,13,80,68
65,61,54,78,75,66,81,55,58,52
88,18,75,96,75,40,65,28,56,30
14,49,6,74,82,68,32,25,62,100
73,86,1,60,98,58,63,12,51,15
99,37,66,30,84,2,53,79,26,62
25,8,35,94,95,51,51,100,12,14
22,88,37,96,6,39,65,44,68,67
40,21,4,38,89,87,72,34,30,81
98,67,38,10,80,27,66,1,52,26
81,71,42,57,47,14,90,78,90,7
14,31,22,65,31,82,89,36,14,54
11,44,37,89,8,36,73,90,61,67
25,89,83,43,18,14,59,11,87,16
73,89,89,23,27,73,84,13,82,100
49,1,39,58,29,45,1,93,40,86
74,47,4,15,99,15,67,30,51,57
44,50,15,87,26,5,100,35,74,21
82,49,74,15,37,8,43,96,65,38
18,73,7,13,86,81,75,32,43,50
53,96,19,9,6,73,38,81,40,27
33,29,54,92,34,71,1,87,35,63
31,62,51,21,23,58,33,50,18,26
13,43,96,6,55,10,9,65,8,33
13,19,80,7,12,94,38,77,58,71
30,39,39,59,23,38,95,40,68,46
20,73,62,71,63,15,73,82,14,19
65,32,17,95,42,4,77,57,51,96
57,14,75,87,15,61,61,92,39,25
78,42,81,26,100,21,21,48,99,51
80,83,47,90,8,76,9,52,21,4
58,92,73,45,18,82,13,30,100,20
30,89,97,67,28,3,27,41,3,68
90,15,1,10,76,47,13,100,27,69
83,51,23,41,1,29,33,86,72,8
19,73,16,88,53,13,37,9,8,16
29,9,21,93,70,42,28,34,64,33
93,26,83,82,75,30,82,87,82,69
30,68,81,85,62,27,34,51,40,52
77,69,54,82,19,60,55,43,66,86
47,73,78,11,42,31,74,64,67,79
47,26,9,25,77,80,54,86,15,22
97,7,88,81,24,88,39,42,32,76
68,50,74,45,24,18,93,15,65,17
86,35,97,53,41,96,17,1,15,9
20,40,70,70,70,56,72,71,51,59
5,56,65,82,19,28,28,76,94,21
24,41,51,72,98,52,32,20,48,17
94,83,68,20,78,47,94,53,13,8
1,15,70,58,3,15,93,50,98,21
51,84,8,86,61,39,99,46,7,99
10,22,21,7,67,70,26,48,89,86
49,15,56,19,4,91,23,57,63,45
21,59,39,48,32,96,57,65,63,58
87,54,55,64,79,39,39,74,9,53
82,49,93,70,2,83,10,21,67,27
15,39,55,25,69,62,76,40,75,54
62,41,18,5,72,61,19,29,95,34
61,58,83,19,47,55,20,28,62,76
51,76,46,57,15,39,30,93,70,2
48,44,70,43,72,96,49,49,91,4
12,4,17,70,40,29,15,75,26,3
55,59,33,81,46,78,16,74,50,51
63,16,9,6,33,76,8,24,92,60
82,79,45,49,28,17,56,84,4,95
63,56,32,63,98,22,19,11,91,7
86,55,47,92,32,26,90,60,80,56
84,56,80,79,8,83,69,72,47,3
75,73,11,63,15,51,77,23,73,97
42,15,5,90,18,99,88,53,27,87
48,95,52,49,83,58,22,85,43,34
40,24,34,38,92,59,1,7,67,59
16,58,91,56,29,9,64,3,78,39
34,35,13,60,21,38,27,16,56,12
1,60,66,76,78,5,65,18,66,74
10,40,26,20,54,65,79,27,51,90
4,87,5,38,43,34,10,19,91,18
98,61,16,63,38,95,3,70,86,76
38,34,58,99,57,77,42,45,35,21
51,15,29,84,74,30,11,3,62,9
86,97,94,55,22,91,22,66,88,43
45,12,38,89,79,76,98,25,53,55
9,75,32,76,9,10,89,7,32,37
100,24,65,17,40,90,69,44,39,31
52,35,94,68,21,68,97,37,53,23
21,46,78,59,92,56,50,74,74,17
96,12,17,92,68,64,9,69,89,49
42,31,59,10,58,57,48,52,68,23
74,39,71,64,94,81,37,58,78,28
3,97,37,99,87,89,71,26,22,78
87,36,52,9,71,69,39,7,45,97
34,34,76,82,55,72,86,96,70,70
73,1,56,76,27,2,73,2,100,90
99,1,44,42,73,17,97,52,33,100
49,16,20,87,57,23,20,7,34,1
48,25,73,44,61,69,26,52,64,91
35,54,57,82,97,9,61,92,48,88
31,29,90,12,29,98,22,79,47,51
99,91,42,32,15,83,55,6,54,40
44,65,17,45,21,98,19,33,5,31
17,3,90,58,8,82,49,58,20,16
68,71,79,62,77,97,75,65,23,19
13,51,19,68,26,42,76,75,49,83
71,75,36,36,97,12,84,73,18,21
10,58,62,69,48,36,69,38,79,38
36,14,7,74,52,68,90,51,100,56
73,58,58,48,9,9,57,48,69,64
4,79,37,76,73,74,99,65,89,34
81,100,53,86,61,28,56,75,61,58
92,9,64,18,75,55,46,86,94,92
61,51,31,22,4,73,14,49,84,45
52,71,88,1,86,60,87,99,17,39
16,28,89,67,58,18,23,99,89,59
81,86,95,25,60,100,13,3,14,60
17,44,62,59,99,56,28,37,97,23
90,96,93,32,65,28,31,64,99,24
79,63,78,92,56,12,91,93,38,92
90,94,48,86,64,39,74,4,40,33
4,3,74,65,83,11,10,15,33,75
95,18,81,38,72,76,17,66,73,53
5,83,69,35,62,96,54,97,93,25
53,71,31,75,75,24,38,11,53,82
54,22,80,49,68,85,17,86,83,5
18,44,54,45,92,40,53,23,7,87
86,36,18,26,78,60,2,10,47,37
39,9,68,14,29,72,59,30,53,31
79,90,20,8,1,28,38,55,18,31
3,71,13,36,79,46,15,58,53,57
60,8,69,37,58,63,18,40,79,68
62,59,89,93,2,44,91,56,53,36
89,29,43,95,72,78,5,13,58,37
13,33,18,59,57,7,4,86,19,100
42,41,31,22,58,46,80,83,98,42
60,27,35,63,73,26,10,5,77,59
17,17,100,82,77,51,60,72,4,88
20,98,64,7,66,52,75,63,61,79
96,17,17,49,95,53,85,8,43,49
36,32,87,59,87,15,75,73,82,2
89,76,56,92,19,31,20,74,37,45
40,74,72,31,65,71,17,78,22,39
2,17,55,85,36,31,46,36,40,13
10,21,83,33,8,70,36,28,22,72
57,82,5,10,69,30,84,24,53,42
41,88,40,34,23,77,19,24,2,50
68,88,3,36,26,84,67,39,50,14
30,76,42,24,2,99,24,47,32,99
76,25,75,41,7,97,66,9,71,53
1,2,3,4,5,6,99,98,98,99
19,48,78,46,83,22,12,5,89,28
84,65,35,14,43,77,91,63,98,93
77,45,15,84,76,3,5,17,100,99
27,4,59,14,38,23,1,47,94,59
26,60,76,23,79,79,73,48,40,25
68,4,49,2,42,25,83,66,34,90
56,24,2,32,69,73,53,89,17,85
79,55,20,93,89,43,78,65,30,2
25,26,18,88,32,30,3,45,91,73
37,14,99,14,64,74,31,59,45,71
65,80,19,26,86,23,65,96,27,45
25,99,37,82,100,33,10,58,42,84
87,99,17,53,33,88,12,91,97,41
7,25,35,94,92,95,32,79,74,6
98,83,43,88,7,42,43,41,62,31
21,48,73,42,14,11,13,63,62,37
64,44,97,63,80,75,68,68,35,74
61,42,84,73,13,24,65,2,57,2
79,2,34,9,62,42,73,39,89,93
54,19,14,30,46,70,21,91,83,64
52,97,49,26,20,41,19,40,97,56
25,82,62,2,72,81,19,93,69,33
35,76,1,74,73,24,13,37,31,67
15,41,83,77,49,47,79,26,23,71
44,45,82,89,3,51,2,25,83,25
16,70,69,3,85,34,84,62,59,70
89,80,71,51,18,72,79,38,22,81
89,71,52,40,60,46,89,23,37,59
7,27,3,13,50,82,90,48,9,87
99,92,53,88,7,93,80,15,71,18
72,11,48,9,78,58,63,74,9,24
53,76,75,91,88,88,48,6,26,69
81,42,80,49,57,54,89,91,63,27
81,64,16,51,88,77,65,19,80,20
27,68,45,14,3,87,92,10,23,25
73,27,35,1,48,91,41,22,40,21
75,19,55,96,68,63,64,26,69,44
45,16,79,64,77,92,92,65,92,85
61,8,100,44,19,19,10,85,12,88
10,23,7,81,11,72,50,21,76,30
22,18,68,63,49,39,80,40,10,75
81,66,78,89,33,22,8,34,2,79
57,34,45,69,73,23,6,70,32,61
46,26,54,74,13,36,88,97,95,46
28,10,7,19,2,98,78,100,23,14
36,41,73,29,91,55,90,8,2,77
23,91,73,65,77,29,32,4,88,70
40,36,12,31,99,50,55,11,81,14
74,51,98,84,93,98,39,8,33,69
78,71,4,34,26,29,46,43,67,18
97,67,1,31,94,54,80,41,51,47
30,45,92,43,83,64,55,89,77,18
53,13,86,40,85,49,96,60,96,61
77,69,38,13,16,7,13,5,61,79
72,76,9,69,58,28,80,44,83,63
77,42,65,7,15,10,35,80,13,91
36,38,7,78,73,20,19,38,59,13
95,39,33,75,79,76,29,65,2,61
71,41,22,52,9,7,89,9,6,4
51,100,27,19,100,2,20,86,40,55
97,30,68,35,45,57,48,57,72,34
80,80,82,57,14,85,26,91,62,45
43,84,54,58,24,26,66,53,3,23
14,38,74,17,25,31,23,37,61,19
40,37,87,31,10,61,20,7,94,29
80,80,82,42,93,94,17,90,25,82
35,84,38,46,78,77,77,62,96,55
13,21,17,74,8,83,84,62,66,49
79,23,53,29,83,27,33,9,45,14
45,35,63,99,29,87,10,85,27,9
31,2,44,39,14,69,24,95,97,83
92,12,93,76,18,68,78,99,51,47
48,6,46,48,17,19,2,82,39,27
95,20,51,40,96,89,39,93,43,67
29,68,89,70,32,4,20,92,93,67
98,10,42,42,92,43,32,57,95,24
49,6,34,28,89,89,74,85,34,77
40,32,12,35,30,18,76,28,17,51
5,52,22,11,41,19,73,40,63,36
44,80,63,85,69,27,80,36,16,55
58,24,24,52,67,95,6,90,96,8
81,67,52,70,58,20,88,79,4,50
42,11,72,43,48,87,66,57,29,22
78,5,59,21,30,67,81,15,35,24
90,53,64,38,54,17,82,64,80,96
13,5,28,93,45,49,41,28,49,2
77,82,71,56,20,81,68,79,81,47
88,36,15,23,10,3,63,15,30,29
47,20,95,41,31,91,79,24,13,32
23,22,71,32,39,25,90,27,67,27
39,4,71,97,4,23,4,98,65,87
25,2,59,70,95,44,70,2,78,63
63,59,100,45,92,29,13,96,49,16
11,54,71,77,85,43,31,92,92,13
46,77,30,9,86,68,86,11,24,77
98,30,100,27,51,80,73,41,24,2
60,43,41,35,15,42,1,64,83,94
78,20,70,37,56,87,13,13,49,75
45,57,72,39,74,96,70,36,72,45
44,12,62,9,42,15,92,36,89,42
99,55,76,20,58,51,67,98,41,18
56,95,36,85,97,60,51,92,99,36
79,12,37,57,3,95,60,91,9,69
47,32,56,63,90,44,29,75,42,63
46,42,38,26,24,69,9,86,73,73
83,37,18,16,9,94,97,58,55,16
11,61,39,89,14,64,62,74,34,8
53,7,69,23,48,65,37,45,87,20
56,93,49,62,31,2,97,3,91,16
19,51,37,16,67,23,22,29,3,11
74,40,28,76,52,9,48,27,24,68
74,35,98,84,60,96,54,81,7,67
30,63,8,9,80,5,5,74,5,50
22,46,91,57,28,85,11,38,11,55
8,66,67,68,91,72,99,26,19,88
50,98,77,64,24,71,86,78,100,79
27,82,88,90,89,74,74,63,65,81
47,94,40,60,42,35,29,100,47,57
83,92,19,38,16,5,61,54,98,74
1,100,68,55,20,42,72,76,43,80
1,55,3,79,53,42,74,34,42,45
50,66,79,87,12,98,27,58,99,33
21,58,35,20,90,82,17,57,96,43
84,99,64,77,99,16,19,59,97,73
56,46,35,79,84,57,36,50,8,37
55,23,93,99,25,74,15,6,35,56
98,84,9,74,11,30,67,83,75,99
51,96,14,28,95,24,42,35,28,41
70,62,36,17,98,76,3,83,95,4
16,30,37,24,47,55,82,17,49,50
98,5,98,41,85,75,5,60,41,4
65,62,11,5,24,6,18,67,40,38
83,43,51,74,99,29,3,77,71,75
71,82,32,20,47,40,8,27,44,5
13,63,67,21,22,82,90,95,60,22
28,55,4,33,86,36,90,85,85,98
35,19,40,56,50,72,41,23,63,45
45,33,92,44,100,2,2,15,83,69
63,37,94,64,20,43,75,13,100,56
45,93,3,48,88,53,19,28,89,9
33,24,38,8,60,23,81,22,33,96
77,66,6,29,92,71,42,76,17,21
47,40,91,92,71,30,70,60,58,7
65,47,20,90,19,19,57,82,24,52
42,46,30,17,72,90,55,39,56,64
61,64,70,4,49,13,74,3,40,48
23,2,65,81,13,12,86,72,2,98
64,65,66,79,51,12,3,70,60,90
3,19,99,100,8,62,51,15,36,76
74,55,19,90,40,12,71,60,59,21
45,20,13,99,60,65,4,88,89,59
43,20,30,19,68,77,40,19,55,57
80,89,87,11,97,69,53,45,19,40
34,29,10,42,56,38,15,20,16,4
28,19,9,11,39,94,95,37,18,81
77,73,48,81,9,44,83,59,94,32
31,11,3,70,72,7,84,84,86,94
39,7,15,13,67,86,38,10,16,54
24,100,53,21,47,98,67,85,11,26
63,33,58,68,21,90,17,92,91,23
27,47,44,68,46,32,97,94,74,59
71,67,100,3,99,8,63,57,2,23
42,41,55,81,85,97,78,10,47,39
50,63,7,78,40,71,28,56,14,10
52,58,60,15,80,65,75,98,46,52
4,2,74,1,75,48,40,72,65,80
65,3,11,43,66,93,60,17,83,21
96,30,40,1,82,68,29,10,39,70
27,54,48,7,54,77,55,33,11,33
17,4,11,70,76,21,6,12,77,10
96,71,61,46,37,81,17,34,49,49
39,10,79,34,3,87,37,96,85,91
78,44,83,35,72,55,49,15,7,39
65,12,9,60,76,81,61,29,60,93
2,57,26,82,42,24,38,23,24,50
72,92,77,27,91,91,53,68,94,73
17,45,97,26,98,81,89,41,40,20
97,80,61,52,70,73,65,6,41,58
67,39,18,61,59,7,87,4,29,63
25,26,55,14,85,86,81,7,54,12
24,26,88,44,98,93,59,39,78,28
22,8,48,87,54,94,69,49,61,1
44,50,70,28,89,4,90,74,44,95
37,61,57,95,62,66,60,2,52,60
72,48,58,42,5,85,52,5,13,1
77,44,37,85,97,61,98,18,91,37
56,36,87,15,97,71,54,38,84,11
8,73,90,64,99,1,68,40,32,97
6,92,2,93,31,32,24,10,84,98
66,54,54,17,24,85,64,93,25,54
83,7,10,27,75,87,27,71,51,45
82,80,55,61,6,40,74,58,11,32
55,70,34,83,98,66,28,55,25,89
59,61,74,14,48,43,15,84,87,43
45,57,6,17,74,41,56,72,38,54
48,89,98,47,79,89,75,41,4,9
36,14,72,59,75,15,48,27,85,2
97,84,11,7,77,95,5,7,55,75
32,45,34,47,29,86,10,4,17,70
10,99,69,34,90,55,30,34,47,45
77,27,49,47,53,60,40,90,23,24
5,45,18,32,40,95,79,86,10,23
82,74,26,24,84,84,89,84,11,32
87,14,8,7,89,46,62,47,90,59
19,86,92,6,99,16,42,55,48,75
56,70,19,30,94,14,63,92,81,86
44,12,62,100,44,73,17,40,92,26
71,13,40,16,69,21,31,20,80,78
76,93,65,74,2,15,73,22,77,37
66,85,42,99,76,82,90,22,49,88
43,7,92,65,38,27,22,63,49,45
4,33,3,6,73,33,87,27,9,83
71,4,9,32,98,45,54,73,53,37
68,38,45,55,60,7,98,9,18,76
27,59,34,55,10,81,99,10,40,54
91,52,42,30,10,94,42,59,2,36
41,81,6,37,14,61,49,25,8,30
60,11,31,38,73,34,13,51,62,10
54,100,86,46,33,94,24,10,42,19
2,40,28,46,68,68,43,72,63,64
14,25,75,96,22,8,7,2,53,7
80,79,67,77,19,1,64,47,82,3
97,39,94,31,30,76,54,22,65,28
1,81,75,23,28,13,5,3,29,25
38,40,94,95,12,75,98,45,97,40
18,76,72,46,7,33,27,61,47,46
84,96,51,44,88,48,49,2,33,88
6,100,46,15,95,90,26,6,18,50
11,33,53,72,56,74,66,45,30,19
87,10,87,34,76,100,89,98,58,61
87,6,60,70,84,23,18,30,97,34
12,56,84,12,20,79,44,69,54,79
75,34,72,38,95,9,61,35,16,76
63,8,18,27,20,18,90,23,88,51
28,48,86,88,93,20,40,26,89,66
35,10,26,83,26,3,20,39,76,40
19,80,87,9,62,31,2,56,90,12
74,16,72,54,18,86,91,12,30,67
91,21,86,2,35,16,17,30,71,53
84,32,52,31,70,63,65,91,21,27
52,31,17,2,19,3,13,37,94,30
89,66,3,20,12,9,5,86,64,39
8,32,41,14,67,6,26,92,77,30
59,92,12,35,72,46,23,95,54,77
95,6,70,91,83,76,45,28,65,90
50,72,29,50,82,47,90,44,56,90
81,18,31,20,84,77,42,9,67,15
18,34,15,87,39,99,31,25,89,87
83,7,50,72,45,67,78,24,32,74
38,4,60,70,13,83,56,77,92,12
76,79,23,67,31,99,17,100,54,37
79,45,5,94,98,97,77,52,41,1
53,2,93,11,86,95,39,66,8,51
53,3,44,19,34,6,9,21,4,4
70,62,25,100,28,25,86,95,90,100
39,93,51,3,25,30,25,41,4,40
65,22,68,40,44,78,35,28,22,5
38,99,2,52,41,2,70,91,38,13
88,64,15,73,92,88,32,30,61,62
23,100,15,61,3,65,31,73,2,14
15,2,63,12,38,89,93,37,63,22
44,10,19,4,45,46,14,21,35,10
15,86,56,58,36,78,16,22,91,4
8,54,45,94,54,17,63,79,69,60
15,29,68,23,37,32,6,8,68,97
49,84,32,78,53,77,49,87,85,59
99,79,46,17,41,46,8,47,82,66
19,17,74,61,45,45,81,52,31,83
19,62,64,23,83,85,15,35,43,69
31,85,52,37,24,95,80,67,14,69
26,54,3,71,13,31,11,74,28,61
61,75,92,49,32,44,98,4,87,7
24,8,56,82,41,80,40,98,99,29
78,65,4,60,72,96,65,55,35,56
49,17,86,33,24,4,24,36,86,16
14,10,68,63,45,21,76,6,1,40
73,100,31,60,18,71,7,57,67,25
99,64,33,68,59,7,2,24,62,69
13,26,58,98,60,54,37,51,5,52
18,25,1,62,80,58,69,35,7,6
68,35,90,74,61,88,38,56,12,61
5,15,43,89,52,59,22,8,13,8
53,66,46,26,71,63,43,10,46,38
72,73,58,87,34,43,25,89,94,53
84,19,97,95,46,37,57,34,69,97
100,43,96,81,92,37,94,81,97,9
71,14,69,94,74,31,96,16,72,81
31,18,80,61,40,59,95,74,46,83
89,97,7,69,71,66,89,4,90,70
52,76,38,92,19,70,79,3,7,73
27,48,87,86,75,11,37,81,37,5
67,77,23,98,66,51,36,87,62,55
28,49,36,12,49,94,72,72,59,10
54,51,100,86,97,47,7,97,28,86
95,82,22,22,90,34,11,16,47,22
60,14,69,62,58,24,56,73,64,7
26,80,95,80,69,29,33,3,45,82
81,42,72,44,73,18,87,67,65,73
36,100,29,51,98,16,81,54,18,7
87,15,30,12,77,43,88,34,90,90
50,40,56,21,52,2,13,56,48,92
80,88,32,5,81,77,56,34,81,19
68,22,41,27,38,94,9,51,6,18
97,73,85,76,6,88,20,70,43,99
29,92,61,47,6,34,38,37,4,64
18,74,21,96,16,92,34,59,10,94
93,14,7,35,64,9,91,77,28,12
92,72,59,92,57,14,56,6,39,24
49,64,41,95,61,58,25,91,38,56
39,95,63,68,90,79,2,32,55,9
11,61,70,21,86,5,78,93,36,81
95,33,65,39,61,73,21,91,44,36
32,69,7,64,77,99,25,66,86,71
61,29,15,77,77,57,45,77,25,66
69,16,64,64,67,50,90,8,50,38
65,51,20,33,90,3,32,43,82,11
68,14,17,46,12,42,14,63,18,44
2,21,17,47,51,85,55,39,38,74
69,72,70,47,77,41,13,45,26,50
76,40,59,90,6,69,36,86,79,34
100,4,82,16,34,97,10,38,49,5
7,13,94,44,45,66,12,66,63,45
62,94,7,69,31,31,88,72,82,57
54,59,73,12,54,19,44,70,42,2
75,64,2,33,76,100,71,33,91,40
89,52,79,64,43,68,44,84,49,28
2,87,61,91,57,25,50,73,14,85
37,77,94,28,31,1,99,95,42,20
2,60,6,69,4,2,10,10,53,99
53,61,90,72,15,56,13,30,24,48
63,97,90,53,34,26,95,78,97,5
44,100,28,92,23,1,14,100,4,41
79,43,96,68,42,26,44,24,37,79
27,18,28,23,8,21,14,69,88,30
24,29,50,37,47,95,12,97,13,7
32,60,44,19,60,78,73,67,61,58
85,89,81,45,29,81,54,72,97,31
12,57,19,7,20,6,5,47,47,21
50,63,81,62,95,5,39,42,100,11
22,16,70,49,50,58,12,57,59,65
87,47,76,57,62,1,31,31,22,38
60,20,18,18,89,73,76,8,77,47
48,65,11,58,80,48,29,39,19,25
85,43,62,87,16,9,18,19,28,40
9,49,95,63,11,44,39,56,91,93
11,92,15,86,36,65,85,26,86,18
76,18,56,89,16,40,7,20,59,14
92,8,81,24,65,82,55,2,98,54
8,55,97,10,64,95,67,76,74,50
26,36,37,42,29,8,5,92,99,53
61,13,89,93,95,13,18,31,37,90
52,27,11,2,2,78,92,24,100,78
100,5,24,84,10,92,45,82,100,100
67,4,39,49,90,39,37,16,35,75
63,87,3,86,71,72,91,18,29,63
31,66,83,70,50,92,41,9,96,66
65,100,75,16,85,53,60,46,56,45
53,50,67,46,98,19,17,74,98,68
39,86,95,74,26,10,23,14,91,25
71,89,55,2,98,22,48,1,94,51
31,20,35,100,14,95,50,24,33,91
13,18,34,4,62,75,5,99,5,81
3,32,24,98,23,74,20,53,93,100
95,7,57,91,15,16,25,32,89,72
31,100,34,64,6,76,32,33,73,19
33,69,79,77,27,53,59,53,81,85
57,19,83,62,67,18,95,97,22,24
42,69,46,34,35,18,41,46,21,58
37,64,53,1,29,5,41,99,11,90
92,24,90,30,74,4,31,62,89,82
90,30,23,20,46,18,38,29,32,23
43,34,47,34,72,35,51,76,56,99
90,97,67,92,25,15,28,29,28,74
99,23,13,54,93,95,57,51,23,9
13,47,82,77,27,3,49,40,31,52
23,83,47,49,70,66,67,33,89,42
58,23,71,75,19,94,6,55,95,96
12,98,49,36,8,9,28,48,57,64
87,66,49,4,7,49,20,78,45,42
64,33,63,61,93,9,69,44,34,4
70,44,35,2,7,94,52,93,49,54
66,81,24,34,85,82,6,58,59,19
59,58,84,85,72,30,4,73,73,67
69,86,14,96,58,38,46,84,65,79
32,13,41,72,93,18,69,37,38,28
42,43,38,69,89,27,64,11,59,25
92,100,75,68,37,34,6,23,29,78
93,39,86,45,20,93,56,87,2,43
93,48,70,91,24,45,13,33,41,30
60,13,67,30,58,6,50,35,56,46
63,73,78,22,26,74,93,9,4,87
88,95,96,58,27,86,45,4,24,85
100,90,52,88,99,81,20,29,35,46
16,64,49,90,83,38,26,46,57,27
68,31,18,72,65,4,6,62,44,79
65,90,16,85,24,54,35,33,47,52
17,37,22,93,68,42,88,55,53,13
51,63,54,23,63,33,30,77,72,48
26,13,41,85,95,3,45,1,84,11
40,70,57,63,9,47,55,5,75,88
30,26,70,83,22,26,88,64,25,78
26,33,24,14,40,85,35,2,86,46
91,98,62,51,40,24,79,90,82,99
9,8,62,87,35,79,54,17,70,72
84,82,61,39,45,83,75,31,38,92
47,67,6,73,70,60,40,95,12,90
52,27,4,66,17,18,55,6,38,45
16,61,96,70,83,96,14,32,6,39
4,5,85,12,52,56,96,34,81,62
62,12,66,22,10,78,26,51,37,75
52,51,100,96,35,96,4,95,30,50
60,31,99,59,67,79,88,37,10,76
30,84,77,98,55,17,44,19,74,56
37,27,44,45,31,71,74,79,96,78
64,17,100,29,9,32,23,33,55,47
3,3,80,94,57,22,27,51,7,59
81,3,8,24,95,71,32,7,87,76
24,26,65,100,40,73,79,69,65,44
16,48,27,81,20,20,87,93,77,34
28,13,1,5,33,3,84,45,3,81
57,42,52,89,92,74,12,40,90,68
18,37,13,20,64,97,41,62,23,92
17,3,25,99,100,60,22,29,93,38
83,55,96,79,67,79,57,46,41,17
17,9,21,1,18,9,5,41,4,48
24,82,18,94,79,19,37,84,30,4
47,48,41,37,91,25,100,63,48,66
63,86,89,56,84,65,26,63,60,9
21,50,21,8,3,74,72,1,17,16
94,88,61,30,52,18,90,58,64,27
100,33,49,40,33,79,93,48,8,51
62,37,47,15,40,59,85,76,27,10
55,83,63,100,26,12,7,64,25,14
59,54,49,3,54,82,1,73,96,70
75,24,1,4,21,67,12,18,35,45
20,92,48,94,66,29,87,81,39,28
57,41,68,81,26,57,26,18,64,25
41,66,40,45,90,51,47,71,62,33
80,98,47,97,57,39,92,48,31,73
28,56,78,62,99,79,27,96,63,72
39,77,98,38,80,51,40,35,88,38
99,58,82,10,53,4,45,8,3,31
81,69,55,93,31,57,86,98,59,95
87,52,27,79,99,38,75,85,66,64
53,96,60,42,15,52,50,89,99,29
92,86,1,64,31,41,34,25,15,71
10,46,93,46,11,19,54,86,13,80
2,65,49,59,44,98,28,32,24,9
96,49,53,38,13,63,99,51,81,63
39,75,70,32,6,37,68,49,46,21
38,63,25,68,42,48,79,16,69,85
4,98,53,38,46,70,5,60,68,4
68,30,58,80,20,60,20,43,51,78
86,18,97,22,76,100,94,62,69,1
99,22,15,20,33,13,54,67,51,28
53,49,23,11,87,34,30,9,28,11
62,8,48,88,17,42,72,88,3,14
4,14,97,28,69,51,8,40,74,13
90,29,9,45,85,93,18,50,1,50
1,44,92,44,25,7,51,36,72,78
33,76,30,27,89,58,47,8,33,96
41,54,19,27,10,5,98,55,76,98
22,89,18,27,25,44,14,74,18,85
68,17,24,95,4,21,91,77,16,22
94,84,19,88,78,14,78,79,81,54
8,51,12,73,49,8,76,42,73,68
97,96,39,56,5,57,29,13,59,89
38,6,88,49,38,89,22,34,24,39
17,62,57,5,59,50,65,83,80,48
69,22,76,20,27,14,5,97,48,16
56,76,31,90,76,22,40,33,42,4
97,81,87,7,15,38,84,5,91,89
69,33,37,11,16,55,39,96,74,64
95,32,96,64,58,40,22,97,81,2
4,78,25,7,98,69,88,34,64,91
16,5,60,34,62,52,21,75,8,83
54,15,8,62,15,28,78,27,24,9
76,6,92,52,36,77,65,3,64,3
26,99,29,55,9,46,11,83,54,57
19,96,46,71,1,27,9,19,42,37
91,87,75,6,67,67,43,59,64,17
19,22,70,8,10,38,2,21,18,86
19,36,87,30,88,46,62,13,50,65
80,91,36,60,98,37,31,94,42,83
63,70,20,79,71,78,44,75,24,99
15,25,75,90,23,94,63,63,87,19
12,23,85,53,81,66,15,87,66,51
56,87,14,51,53,14,12,52,99,39
23,27,17,4,1,25,48,40,23,64
47,55,79,51,50,52,36,1,6,1
90,32,26,9,11,56,13,12,50,72
46,33,75,86,81,26,63,26,44,78
30,89,15,75,40,25,19,58,17,90
90,12,76,82,61,14,70,23,73,85
96,30,18,49,80,45,68,26,17,8
67,55,16,12,28,67,98,44,83,41
95,36,52,39,76,97,18,72,51,6
55,69,67,100,37,87,58,65,80,31
63,92,88,61,38,26,39,51,41,46
73,81,82,89,53,46,22,59,49,33
47,55,33,50,75,60,85,37,22,56
95,79,64,4,71,45,6,23,72,77
2,100,26,97,91,18,82,49,83,21
56,79,23,87,79,20,24,72,21,13
59,17,29,13,12,6,56,97,17,18
62,44,14,61,64,37,99,55,9,22
20,57,75,82,13,88,56,61,6,54
50,57,67,66,68,53,37,63,95,86
37,91,16,40,45,62,24,14,92,30
99,52,93,45,67,18,6,33,49,57
57,95,25,97,3,51,58,24,95,16
46,37,94,29,51,59,20,33,11,48
23,40,92,22,69,69,23,5,10,97
69,50,83,80,41,41,22,89,80,47
21,80,71,38,13,19,37,62,69,90
23,11,14,62,2,52,12,55,47,50
46,47,98,17,88,88,91,15,55,42
93,82,84,56,82,27,29,32,4,97
31,39,44,39,19,50,86,75,36,84
68,79,83,98,30,76,45,72,64,33
64,92,40,58,92,44,54,55,88,77
86,50,56,22,23,64,90,28,44,82
99,56,4,69,73,70,67,48,8,7
11,55,24,63,96,94,29,4,52,54
66,14,45,25,27,35,73,39,66,61
60,64,86,98,88,83,64,18,97,58
74,39,43,88,82,16,36,77,55,21
56,37,41,71,20,66,6,71,12,18
25,88,38,93,62,14,67,85,11,30
37,17,5,74,68,2,58,41,28,26
77,47,32,86,32,54,46,3,10,35
72,64,23,81,66,13,49,39,84,24
71,23,68,55,3,38,52,93,55,11
95,1,68,76,88,17,3,8,3,12
51,45,41,45,50,2,13,68,74,9
67,52,80,44,11,51,26,50,26,59
66,5,75,99,75,85,81,58,28,13
65,17,29,91,49,60,62,11,38,12
62,99,23,73,64,6,78,38,95,38
88,91,35,64,99,66,44,12,84,88
72,63,80,54,53,27,46,19,71,21
47,89,57,13,49,61,52,2,26,67
3,98,55,30,80,66,56,38,68,20
37,72,99,49,9,50,97,44,59,59
19,66,27,16,65,73,68,67,29,4
82,54,93,39,94,55,47,26,86,76
26,41,34,5,16,21,49,54,49,54
3,52,33,41,42,87,71,99,17,53
4,52,69,87,41,18,33,97,55,21
8,51,87,77,79,12,5,2,79,31
37,53,29,18,27,73,77,5,26,62
42,62,8,73,37,15,8,72,41,13
20,85,44,25,5,100,91,79,71,67
40,84,78,40,57,100,36,85,9,91
75,39,40,97,71,14,50,72,17,85
44,39,82,7,83,84,63,47,22,48
81,38,50,69,20,86,94,71,14,96
72,98,64,58,75,38,81,47,47,82
96,49,97,20,83,93,8,72,88,59
79,14,15,68,6,72,25,70,67,76
98,29,93,29,59,14,41,39,68,31
34,51,45,55,69,59,79,66,41,67
31,83,16,3,79,82,67,39,66,87
11,25,86,15,33,62,40,96,7,59
74,49,37,84,89,33,8,63,89,34
55,43,95,83,76,56,64,68,59,78
47,73,44,52,85,37,82,94,7,95
80,26,99,30,63,60,23,90,16,44
94,83,59,74,71,47,34,86,49,49
28,14,93,21,21,4,86,95,36,49
3,15,85,16,3,80,52,83,50,9
81,4,16,57,74,38,52,83,50,73
62,26,72,4,88,49,31,37,86,94
47,6,48,62,57,54,98,68,31,58
55,67,87,81,19,20,12,61,64,43
85,81,1,88,73,16,62,74,81,14
68,100,55,36,50,52,76,24,87,32
96,37,50,86,62,70,74,94,14,75
91,16,83,81,83,62,52,26,37,3
80,47,37,1,20,61,66,58,11,39
50,99,7,53,40,63,25,44,100,50
42,84,99,40,25,78,76,17,79,27
39,72,41,100,23,84,31,67,50,14
49,22,25,8,79,31,77,68,22,24
37,67,41,9,16,43,6,36,52,68
59,78,76,39,34,55,4,15,35,32
97,83,35,83,30,68,36,4,84,63
89,5,53,8,81,20,94,51,5,39
75,16,53,30,46,49,100,96,65,95
67,75,38,48,32,50,27,63,40,57
44,39,83,44,93,17,11,66,48,25
79,81,66,62,11,60,13,29,34,99
52,56,98,26,22,88,73,15,63,30
59,98,34,48,51,20,97,27,17,53
65,10,89,13,41,27,15,59,5,92
52,37,48,12,75,54,25,75,64,97
61,12,24,5,12,24,36,3,30,93
30,61,8,41,16,15,30,40,53,21
57,23,100,1,4,85,71,6,19,48
89,78,56,83,20,43,45,96,5,92
53,46,10,47,45,84,34,17,58,89
60,78,36,77,1,56,56,74,52,21
94,42,42,18,92,99,34,12,79,54
19,79,28,69,76,32,73,45,70,39
25,67,1,31,69,75,85,45,56,79
66,69,38,96,37,27,58,98,16,95
45,20,60,37,100,95,46,78,84,31
77,73,93,82,28,100,73,53,5,12
78,25,72,18,58,32,38,60,17,87
50,50,62,22,12,56,11,88,8,80
92,25,50,62,11,68,14,33,27,13
3,9,63,35,37,39,92,98,5,9
100,34,69,37,74,55,67,93,73,76
19,14,28,91,41,7,24,39,87,70
32,79,32,42,29,5,76,8,89,2
100,32,40,99,90,27,90,16,84,28
91,84,69,31,82,92,59,46,27,46
5,72,23,73,12,95,14,27,37,89
76,70,9,85,1,92,9,12,25,33
23,3,85,26,15,100,60,43,93,47
54,34,51,30,100,35,44,20,95,7
66,16,73,41,69,3,21,78,96,8
72,56,72,49,20,30,69,72,48,20
54,95,78,29,69,79,1,56,91,59
55,94,69,74,44,33,99,47,57,55
72,38,18,71,94,38,68,64,44,59
68,78,59,44,55,80,63,49,16,58
81,52,72,66,41,34,58,83,58,93
42,14,5,44,64,91,61,72,49,54
13,48,67,68,10,7,100,14,100,74
3,30,85,11,68,28,82,71,83,17
93,20,17,31,36,96,20,66,52,16
3,70,96,72,64,16,28,19,54,43
70,26,84,19,4,3,76,36,36,52
51,37,58,77,23,72,40,6,20,47
92,18,92,13,8,25,18,3,45,30
9,88,53,32,29,39,78,49,76,47
50,42,40,3,70,39,27,32,79,98
73,3,21,77,54,85,98,69,35,85
59,21,4,15,12,89,91,73,44,97
38,78,31,24,17,58,15,55,91,75
59,37,41,8,57,18,83,44,20,63
19,68,50,18,36,51,63,22,82,28
32,80,11,56,91,97,71,91,3,64
20,6,71,59,75,59,42,39,78,94
18,64,2,47,8,95,2,43,18,20
8,24,76,64,66,43,3,39,8,100
61,62,100,67,56,54,11,9,8,52
1,72,29,68,21,42,35,69,71,74
65,3,81,26,96,34,16,28,29,7
36,85,53,43,14,14,66,13,76,60
71,10,74,90,55,24,55,2,70,52
8,2,10,12,14,6,99,98,98,99
68,19,45,43,22,78,84,31,80,95
97,54,54,54,37,27,26,45,9,76
36,9,81,84,19,38,71,100,64,57
81,24,46,54,49,38,28,13,58,31
85,18,30,65,41,97,79,63,34,56
5,98,92,94,24,16,100,70,53,7
31,59,95,87,60,99,84,11,66,92
8,2,10,12,14,6,99,98,98,99
