X	Y
2,7740521834778	-1,689106825722337
3,811427913700964	-2,870132405975759
1,7019728973614432	-4,0277793240545785
4,325866509670431	-2,947267919009261
2,803150034407751	-0,9681557368964817
3,407400718800986	-3,061589334814926
1,0809602106908796	-3,367799521657941
-0,1721325824640495	1,0854579610434025
1,0723722422852793	-3,8381859313663234
1,5739026671395928	-4,410510080684401
4,276956628278699	-2,5785187850255817
0,32147975130749723	-3,046600262784838
-0,446990693225515	1,5936082376888627
-0,018228639961203386	-3,1922397135967895
2,523123977508491	-1,8948465038104372
3,5001527769442182	-2,391051505749979
4,043884514795553	-3,1194478958555774
-0,25447839161192	1,0259762692464782
0,3563561006068654	2,884031664807915
3,134562811457032	-1,982364056459987
0,9311929156221392	-2,847634506550787
2,84781026295983	-1,6793665335820127
2,994593218900807	-2,7521790396509607
3,67558017845105	-2,4446302702870604
2,837188842789988	-2,744259838235913
0,4151533854691666	0,6301338633277531
1,0299030262118423	-3,0230209141846136
2,8958370606209507	-1,7383568490312902
0,4191784849823711	-2,582075025037186
1,4049106098656894	-3,9581191216758778
2,41008903320429	-1,8178675969129836
2,4665184215185114	-1,7426467801208703
0,08046099321352917	0,5577918781361769
3,02593104053033	-1,1416263007204117
3,03112136766805	-0,9161602004900061
1,2388615263507894	-4,120657399759097
-0,19546276922321137	1,1316532758725055
3,3730045253553786	-2,965960417098649
-0,7619217055684029	1,3319259511509602
-0,008391147513300667	-3,078765771369274
0,905227542910965	-3,4963251840682332
3,695278509353277	-2,467770838759994
0,06778492325872199	0,5422856090777038
2,7054622360121896	-2,210172278777752
0,30561061009059143	2,7956104141948646
0,6869125649939201	-2,759212872616075
4,068241780205053	-2,896931754627137
4,329040600725231	-2,801813970337494
3,0255535082844442	-0,901663353163562
2,7558316259751914	-2,6341224053518997
3,2351717289532247	-2,9903429800934482
4,548721882781642	-2,5143643794287804
2,811152123317151	-1,6953390967106627
3,2875476783402027	-2,2812087554157645
1,0777580890339964	-3,1467205040240014
3,032796822955012	-1,5353184939379683
0,26443796792975094	0,753928894712883
2,678030353323283	-1,328476113817511
4,731909990718823	-2,6690968009113463
4,329939414303179	-2,2883455254978005
3,0379489105752273	-2,4553350534628655
-0,5864891558439682	0,9159474470939866
0,6632268067002507	-2,745050433493322
0,012945425475610367	-3,145987810671528
0,5858391761273276	0,02622164164256957
3,5635611379763596	-3,022936808845245
3,1485000440376805	-1,101330399612928
2,7496313835733135	-0,7858673064785466
3,1104905129555784	-1,2717625060160878
3,7345993599606784	-2,9893699591029095
0,9420446192336991	-2,709865768407216
0,15207485943619736	2,189453098643845
-0,08219474445240332	-2,897492062490379
1,2258042208499589	-3,69621533178001
0,36955803573464113	-2,9106365826425673
2,4422893278670834	-1,9624534924608352
2,858591527884419	-1,286575307025108
1,4907436299452104	-4,774865261109325
-0,1619123913498317	1,7845210584223796
2,6025180005704733	-1,1365476078591765
1,5450398150885147	-3,2332368121455075
2,3792632082712313	-1,4944758600882269
-0,5308042657993346	2,1350930479950385
0,5887891468376929	-2,6544540140743393
1,3004211083776456	-4,67285300253864
3,0346392371951154	-2,3399381969545656
-0,4625667721871909	1,1222597584270568
4,1779024667124895	-2,7984816441853457
4,518963438900063	-2,769448480024467
3,5146038122633767	-2,528864377642232
2,4940113063144675	-2,005857396490372
1,1848057665204554	-3,6759188317901037
2,8460602228787457	-1,3137675037281147
-0,02574215186179818	2,035848525386257
0,2716164813814823	-2,5767721721401653
1,3543157167760702	-3,7970813872813745
2,419449267131318	-2,0024447024701315
1,3326544260114321	-3,226521578424302
3,7703693652387344	-2,64020196260098
4,172082446537442	-2,530264258630951
2,5697091531948137	-0,9925151760019241
2,7781153051075886	-1,296051468779977
0,46147134147735797	2,4581066699101033
-0,39166580553903607	0,6191576468293509
1,4763621945695078	-4,787218813537927
-0,5473692179114238	1,1482199525085006
1,1196056646087387	-3,346124200306325
2,8399554389059465	-2,7489984488482557
2,688660227969586	-0,8558411235063678
3,477099776611293	-2,9682328424411355
3,7176030236429516	-3,0886025263350976
3,52485969880529	-2,449289136754455
2,5237196082726525	-1,4455706564264021
0,802483086444316	-2,560689696351257
-0,2168679053839847	-2,6838505689539844
-0,13428773739880917	0,7282705363996932
4,572708075836814	-2,591367751155028
3,8916035809604295	-3,0312736821366353
-0,2511799587522019	2,6456949852817395
-0,2408982444821372	-3,166849696463565
0,2462904755641428	2,760827172551004
2,655209287587154	-2,6057170926174056
2,7358478201641243	-1,61795103778761
0,840675340969975	-4,4610043385712945
0,3319528407396859	2,3711489570415987
-0,024813138428019132	0,9239675249542805
-0,19588521454632002	2,4024542111988736
-0,1112488269944325	-2,909046022625608
4,127310700982692	-2,85112037076575
0,3455333000170534	0,3111466531639713
-0,7523785395046703	1,6775652864055661
0,14698991698926145	-3,1630633279801756
2,7816821002671173	-2,5899045661122058
3,9608364515805516	-2,7132951004885375
3,4038632374268145	-2,636683732264145
4,02676534282577	-2,9004977323962517
2,793901779866115	-1,813574432941691
4,00417506218135	-3,013516061562668
-0,3403330198346013	0,5655029567592874
2,884182078674871	-0,9484556640269076
-0,006192598371509983	2,5676189748248586
3,019512226578062	-2,0645569043208436
-0,040003807641225575	2,029653469467007
0,26117600765213056	2,5371694703951824
-0,8173589020033667	1,1202005177066567
0,9027781175144602	-4,475621974551547
0,9810756808303365	-3,041236859784827
3,567912233488788	-2,9067299110188154
0,5265702205623832	-2,823231650006429
0,747213030377363	-3,220312246633936
4,191365962521171	-2,6831216328050673
3,293188109644286	-2,8611283814395603
3,209367688467361	-1,0486288608582144
0,6412410346184488	-3,0141476557552043
1,3686575902641254	-4,489764766884722
3,285189792902621	-2,4885880095555963
2,7864658048452826	-2,585317589957021
-0,7014768145370514	2,131391935488542
1,3445487103403122	-3,4493256331777875
3,770261583340572	-2,622051468282661
4,114959334056971	-3,0147399042427594
3,703811280137616	-2,6189602482640923
-0,46865357953180076	2,2624119757814074
2,688936060336261	-1,5392048128644147
2,6514405842501745	-1,1202107796575407
0,47421706299042393	-2,792384503839961
3,102305259489941	-1,1848175674191705
-0,0759578723684885	-3,1278828476652145
3,3534128984979823	-2,4978932323299845
2,6794096356421626	-1,3120468185476448
4,113627560783656	-2,7329430047893473
0,7073072444628958	-4,590634904574402
0,4063662731701503	-3,130994187597766
3,7182635051852806	-3,04012912343869
0,15896786843379562	2,249200038784154
2,580588988713199	-1,479273337165825
-0,1875186879686569	2,4065486440065937
2,989302855458357	-2,2523147408213884
-0,16300262581862884	-3,279153868114612
0,8874909612244277	-3,2215176888163084
3,101221476401138	-0,9487701061328264
4,303287325807409	-3,093437656555277
0,835556623073046	-4,67692782732958
4,45853971638231	-2,5261743607900744
0,14270704099429998	2,4236051741975633
0,2088741618968838	2,8815152567500038
3,0874838427218254	-2,0780386662817145
0,9775781344475538	-2,709757745325928
1,6530965561915831	-3,8340730965705228
4,038203809725525	-2,4515039964487624
0,5299966906243756	-2,955246952564516
2,964220549588067	-2,3427050087605563
0,5118834916132188	2,249505988643947
-0,5642189539328419	1,5500612606359356
0,1726761787306635	2,356654623766232
0,18499090407815538	2,5431649361186848
1,072620886024912	-3,4703731048039317
3,3494952285494235	-2,9899245507794636
3,2401661057412787	-2,296304860291601
4,294770092368373	-2,405113041386862
3,0228736001976806	-1,8828121418026735
4,357904955364967	-2,3462415535275865
-0,3953575619238143	-2,776051932042623
-0,31627034562315104	-3,0297293513725325
3,7526224312858343	-2,4877608855601343
3,0362069419784348	-1,3977417571527044
-0,37341805283487706	1,3557267477058843
-0,30265687150876697	1,1705076531062775
2,9342147017939535	-1,1911055172002414
0,5968771955472171	-3,0747233918984787
2,8631731908500075	-2,7856346867635127
0,505023606086306	-3,2336769410572055
1,153717677126822	-3,913692126743498
4,13365309886546	-2,8536059760813592
0,27423156870370874	0,8089549958063501
4,149475375547719	-2,7784503706455266
1,6723877634354156	-3,985795991191995
1,294004677041751	-4,679660179180702
3,4235438564398004	-2,7756625895374114
4,2105174147787645	-2,7361841654194157
0,14719943353390436	-3,0119050771360074
3,420813314861661	-2,583472119741468
1,1256807655888466	-2,9900218635670184
-0,2813866824745841	1,4765702090678636
4,0482356068357745	-3,0652344111178187
2,499638859757933	-1,3569041977482357
0,680561980856415	-3,1932097610118992
-0,15052846879631876	-3,284146618484162
0,03986954402872156	2,448015683397884
0,74247163666351	-3,31271775041696
2,6663823746509623	-0,9935372393564126
3,4508085421135366	-2,469761825949294
-0,43074531891070245	2,522653188640115
3,554051962751609	-2,824496642028131
1,0637884560832416	-4,830444964663238
0,02354776717756113	2,140306121623705
3,366781757320121	-2,625513266883593
0,1409302184631468	-3,113918176327002
3,1451205561006357	-2,308661591788596
0,8601173637585122	-3,156178812282676
0,40975252104834037	0,3648904034736278
0,10793151838116466	-2,956226162641856
1,1486322014642942	-5,108016456726732
3,188994298374257	-2,3957375452955585
0,43159267670454443	-3,0115597405719563
1,2816928506741299	-4,082479340662557
2,9732566351019396	-1,4814357779408631
0,474612173450795	-2,6177969756487105
0,4143933575769263	0,43026845348976983
0,25212515164158683	-3,007892323891574
2,4186875514003345	-1,5409216637237046
-0,6605661114001518	1,0718757262680414
4,676414471309683	-2,9018023160760986
4,456167638761112	-3,0434690359502654
-0,06516619285391545	2,6715769451301914
1,192073017680737	-4,522482021379609
2,6286150257356393	-2,130154896462659
3,0903709069926073	-2,041468231381277
1,1173498815579286	-2,7731466856245683
2,9231101438632874	-1,555161944624456
3,660478321505013	-2,460475717302327
2,651813688946033	-1,1679410936332901
3,88585263345599	-2,9937175678761
3,0205654833879025	-2,3073943544027733
-0,2320744270829294	-3,067054046792438
0,4380358336521062	0,23028542212360503
3,4995377254810514	-2,6169353611945927
0,5148030860017637	2,267123376965297
1,1575114472867996	-3,7200399436570715
3,3303073253343674	-2,5990489229366593
4,342643442612802	-2,4352776908660507
2,4239011194742224	-1,550858944470287
2,963021999395595	-2,0778010004224625
3,761059612172511	-2,5705517291331144
1,314314059060719	-4,458539633295476
1,5246083337432834	-4,191351775299226
0,5970392491679376	0,6354875259584795
2,6123229983389296	-0,8377424127180522
2,65937882550961	-1,6251471959727375
1,5778032090568965	-4,274427798192437
1,337897881828173	-4,380852631128678
0,39064084224546863	0,7018460655378401
1,4980398032694013	-3,1582962769186036
0,6288724188920507	-3,1076618410012546
3,797874059688579	-2,8618191483927125
1,5486712015382835	-3,5292987846983683
4,791608885383878	-2,835924691274663
3,76614275936264	-2,915524668611737
1,206943442495871	-4,3953121553873045
-0,507872704682097	1,0360754844449518
0,3079533588254537	2,5052284373605964
-0,3909193713639574	2,3024274210216413
3,7022244864122302	-2,4693401264805317
0,40096722611067226	-2,836320965049888
1,2745216815242901	-4,534524279968348
4,5571347980149906	-2,8145686367064715
-0,6697040079744438	1,7615775940284035
3,481192922080895	-2,609536601927414
-0,11239029964311209	-3,253926305435686
4,3166467601105385	-2,428851471181458
0,1022585043000021	-2,6485219673271034
3,6885619531140748	-2,566537000491212
-0,40070367155220477	0,4338927687688432
1,4079046878789752	-3,6944680099409584
3,0114467543050925	-1,72115422967807
0,8541533645524628	-3,078972092297537
3,0561610071149987	-1,6512482746519406
4,201179517347729	-2,9254358719413225
3,4744407834547935	-2,36296496213365
1,4992838366264472	-3,2148380650692507
2,766274568837091	-1,0311535591575332
3,3575210407100973	-2,883098298641229
3,190732909035467	-1,1320755305228944
4,112750745090162	-2,7201545079152707
3,992911841603214	-2,7016430897868133
1,2704894253563395	-4,424453346961142
1,6625514884536674	-4,0151869349505995
1,3899510794664975	-3,1864837071612073
0,8600485399164711	-3,458852928526193
0,6650831365074434	0,28993229954799427
-0,2435251178969109	1,7317273730415368
3,2746095944718983	-2,7132734832037286
4,302821085398305	-2,352850424748162
2,6296000080314057	-1,093644135451081
-0,5222189362814686	1,1800512054344396
2,778021510578994	-1,3168962414745735
-0,06853988490604235	-3,174190722890408
4,221897342275236	-2,3521335792791205
0,3382444631268798	-2,8653810785582907
4,104364782064064	-2,447299431312627
4,008474419369453	-3,0731801901986238
2,8718449864619373	-1,2340873236728276
1,2716910124139322	-4,250375476692662
1,0196187886170582	-5,012845832346077
3,042572537876385	-1,874958641113059
4,004402549076183	-2,5622735159976484
3,439981841177678	-2,4137769002720795
2,898185339599821	-2,227663238081173
2,59896932669979	-1,4708380949322697
1,1107580670275272	-3,2686549324455734
4,1917505032585405	-2,8603131089178713
2,734669444711397	-0,9686857315111568
3,807781509398662	-2,9703873289346023
2,9271604891365492	-1,5542546588229529
0,4119070260304765	-3,103631606705621
0,1267090263533902	-2,4555738064293955
3,700154130748525	-2,5307438101819297
2,542795397812004	-2,3517743723327227
3,0447968886528622	-1,5199835839879339
2,936306044354507	-0,9229338423204123
0,23492362859653065	2,177079385650012
2,82155293712645	-0,6378397316135505
1,216178042332706	-3,427149869313347
1,0442695546472596	-4,1091057490327
2,961396493148083	-0,9033772825089569
-0,24997555952462858	2,1783431250031926
0,24123266744260763	-2,602961755828779
1,2124496505684461	-3,8953324565207463
-0,5402860384534418	2,239349786190011
0,8170824679788118	-4,682741724961755
2,9645753659281837	-1,4506215059720866
0,12130804461084521	0,8223745088286668
3,84205812287222	-2,704148147894167
-0,3774479515567457	1,3446110464824859
2,7627069246134153	-2,017281110819517
1,7031751512369633	-4,214492023302235
0,006638443739085842	2,1009049310857417
2,773670765724158	-2,139791400695771
-0,6491861644972559	2,2183654830412953
1,0686132034630154	-4,81273525637095
3,0430319690037604	-1,0385916346483466
4,533588594601633	-2,633472822703702
1,5142398468250011	-3,836719690136043
-0,28274016814723024	1,7487608613296726
1,4983892371676069	-3,3191199281717347
3,1156150106951657	-1,0516522155311905
0,5798052248162787	0,3782220236759173
-0,5268081967642226	0,7771735070205075
2,600175048293238	-2,2524715208436827
2,528798797522901	-1,9414837709775141
-0,6579147023236473	2,0068108941075113
0,7937727050603043	-2,8600372249848203
0,029228770010142513	-3,010698448163044
2,771650359966852	-1,4487759478369289
2,9600784545687917	-2,85416428333179
1,0676856019520629	-4,7468325496610575
-0,3816503856256064	0,6405804695818254
3,9860137990877305	-2,5011155854334666
3,2619719641478095	-1,1534483596245486
1,365394009620696	-3,0858906532596966
3,6200212267131926	-2,9399562384156863
-0,15419033864816578	2,2837268533573836
-0,04846452965354736	-3,1014569289252396
1,7181390338232352	-3,8047078941475045
0,7456936051955657	-3,291797618487033
1,3349033109039083	-3,2794429513454837
1,4201643616507424	-4,2118232080167015
3,276589665920537	-2,310899495996931
1,44395970420184	-3,6521939797823695
1,2787463899577514	-3,2513650610633835
1,1673959861954828	-4,739545018366228
-0,7290246941073826	1,2315315180088477
2,9846899208688975	-2,2970778676718986
1,5596780501334273	-4,448788691803258
1,3100792014397125	-3,7918321506530877
0,9804423086921006	-4,153072028738583
1,171863908393435	-4,5524805767814325
2,7093263661039946	-1,5903881128624486
1,2242796892932792	-4,955676918872674
4,043176555834983	-2,4453282705912898
-0,15362464969987144	-3,1413466336209988
3,427630822906327	-2,851163319021512
3,201230145024819	-2,960426677721554
-0,8543741994389387	1,2712750558660475
1,1339176656094347	-4,112605938788029
0,531294780524748	0,46027888607357803
1,0140452431003424	-3,3131401723296308
0,12083045021672278	2,2115333220630435
4,418475186384326	-2,4175713088415605
2,7891352657811477	-1,7563990169113732
0,274371209050738	-2,9375021303326223
0,3699337518511917	2,6634022014827714
2,897214508590691	-2,473701995221658
3,623200349835865	-2,999645733541084
-0,7462008491591623	1,541646982921957
3,740235116145043	-3,134313976774016
-0,1722798884249392	-2,5595192777642772
1,0292911094979424	-3,3972813151880885
2,7431223713578596	-1,811968275093337
-0,09132417761339728	2,138839017313453
-0,4857673382380985	0,9904725152481715
0,10225183604123178	2,554972927945397
3,6836476579084265	-2,746018051761926
0,36817070354433323	2,2514657133643796
2,947526648828111	-1,1003006167378144
1,2991866001430816	-3,5190314243177556
-0,494294092688939	-2,695390412011255
0,750463101669034	-3,288667049222889
0,09866306522520807	2,3911137745376543
1,5412219440203514	-3,8808940851983476
2,791051022510737	-1,8211255269095001
2,672420872706118	-2,2455692501260374
-0,18446451547864529	-2,8015492823790367
3,1478231321712284	-2,2760770368445833
-0,24729745144818116	0,922894522841521
2,481807426733682	-1,2163359304622312
-0,1230165899237382	1,5640818902447022
-0,7526704448643156	1,5910211898691577
0,6058852708201388	0,19946595276575207
0,25841471118810655	2,5817729413814394
-0,49951504523624846	0,6524651734972252
2,727884639997168	-1,6517890547239098
0,30307554564648126	0,06878617601506631
-0,3804364074082007	0,5907674807453953
1,01292509935202	-4,120217423508049
0,009483251592202202	0,9470631288896119
1,466539989583627	-4,198248121508159
1,0607380352190732	-3,6318780450390498
-0,05820290287331176	2,244039516457194
-0,041041339310206815	1,0599958215768963
3,3994518271551812	-2,3051188173191934
1,4038433132562385	-3,45696246781275
-0,5236932922323845	1,0984707442702466
1,5093171528431992	-4,229068530903127
1,2004573171578148	-3,750076611874887
-0,13164422976600965	1,4935254788899557
0,8213303043624184	-4,6821248611627375
1,6731517716503652	-4,328821979356149
4,336048154808146	-2,9712580006955003
-0,4644586076488365	-2,8732324442545956
2,9288920934659544	-2,610137435445968
3,5485545513119323	-2,5146834189939646
-0,08712936251469072	0,6232204292553203
4,343176162653094	-2,469775518853027
-0,06465984167404426	0,17508816346139855
3,351977472166608	-2,3681376428521936
4,457726753892732	-2,428666433892578
1,259117865615135	-2,847611773709811
1,1990034214817276	-3,8811811672700336
1,2606463458615487	-4,541570252737607
1,149763074566856	-2,888002097899347
-0,18809618255294425	2,6501721141321566
3,367010047814191	-2,3780342653730706
3,0307805182816367	-1,1713906526920375
2,5426640811579184	-2,3151592096486677
3,143527569102474	-2,223412478705995
2,459874552022435	-1,898678632497628
0,45839914036241974	-3,2150946138374765
2,731358614030596	-0,9242776533254774
2,9561924429769046	-1,1493490670578193
0,9749327751807993	-2,797207327539429
-0,7546309347713838	1,4352425149012413
-0,1081717973294194	2,502782750122086
0,16596910619882277	2,162733480273939
-0,2525065591530826	-2,58678013418871
-0,22791006802237834	1,5044135999557362
1,1109344371173575	-4,576406767256263
1,247123402879335	-3,5249336215326164
-0,11445366810445506	-3,003837961145276
1,4023715956992018	-4,2499099233166815
-0,388923094931934	2,476736393112663
3,1457997887803524	-2,1744661981453435
3,3105714214320026	-2,812026225194941
4,165646494283362	-3,0400411496770303
1,2833166890621879	-4,904909344881318
3,637868596259432	-2,744344237605568
2,623578843631114	-1,7294487649270192
-0,5947837936529752	1,271930954639794
2,8248130598789003	-1,0913918076699545
1,3724942236168234	-3,9551540975865276
2,49201951052219	-1,7914754720424648
1,3309885409962017	-3,6131438589279172
4,100170172129765	-2,517985371381508
2,9306241510033444	-2,8007934221342308
3,549645677842319	-3,1116329597486723
0,13594761370751335	2,6151497746848915
2,533268075113936	-2,1959464464029947
0,9669590517160613	-3,03403112548895
-0,4039744745249041	1,6798021520526807
0,007647229399057043	0,8406894703178913
3,094725041290695	-1,9536667974412556
0,1893969558639348	-2,55025177361006
0,011014357266480923	2,236473179243421
0,5995957914478807	-3,088796817025542
-0,6601439563020828	1,5016238197718357
0,8225367000592637	-3,3039204170384977
3,3377179641874366	-2,516018439859175
0,03736307053727206	0,9525880912179452
1,4178863463598774	-3,8201821601162576
1,2361529730622285	-4,157193669525064
0,4028173032548836	-3,0849403831614577
0,4311812787238769	2,4904858965638397
3,522720800928064	-2,7481057880325803
4,256296723089089	-2,379780079993748
0,7944755073036878	-4,620500226303157
3,3592540726479547	-3,024373652481816
4,07990728091319	-2,4520446542935774
-0,44403286193529445	1,2751470608231874
4,423304387201878	-2,504288972524352
4,225987085987297	-2,425679889157052
0,3132930640348657	0,1234362291819524
4,305223244085909	-2,4405230948939804
4,386264655841833	-2,290463738264973
0,3568942606458373	-2,5853505183253103
1,4223971508539206	-3,3645134249719746
1,4879146897316813	-4,513898916315821
-0,015681664393715544	2,5112300498974562
3,2306204207308644	-2,2220453046463504
1,5185327961189232	-4,536876533620939
0,5722829571674369	0,41891355058312585
3,0488995167997937	-1,565417169859773
-0,5418027765227582	1,6442090279402275
0,030300823119473463	0,8024661691222816
0,4850556918720379	0,006428797204097725
2,9078123228882813	-2,366889679367984
-0,42054720214965124	1,1761035808176274
1,7452010308248258	-3,8556712965092594
3,000316115190016	-1,247554963654351
-0,03178101472724937	-3,19811126035186
1,0292555736516993	-4,5514709869567875
2,6072342691219723	-2,081563193380564
0,020437387984383104	-2,5575547424195313
2,8398120441982746	-2,7267613920004043
0,18046831959327947	-3,1686051153129164
2,9839849141167374	-2,785239684602601
1,4023572651390108	-3,843356247999386
0,07227292173781863	2,6628085853023045
0,79480331704603	-3,0073308824433393
2,913838289465496	-1,9920724796098053
3,9456148542677187	-3,171569112712242
-0,3635178669006205	1,211238293553824
-0,5907365985958497	1,6426388538979184
0,10102235170149543	-2,9200043586789706
0,3918085128835321	0,5865070408830519
4,482083380316902	-2,509809525982194
0,4387603311798746	0,028035113912848075
0,32205122221129895	-2,9396305211222264
3,4003885184302725	-2,5031910243168367
1,5279891001859212	-3,96996598433871
3,2319540920681353	-1,0792273678716287
2,4410145181268073	-1,348526426207678
2,539237720678917	-1,9417825492518714
-0,4905196079565399	1,7089908092288644
-0,10332151299536885	0,25129649785665875
0,9013689539442772	-3,5333383446560136
0,5880827442630219	0,42379924621265297
-0,3088312022496027	1,5237872132766637
1,037964423739369	-4,679748110487267
0,3490960197072065	-2,7568528238637606
3,4928163531174445	-2,718088300673797
0,22446300748989734	-3,128042604465228
2,776606132731653	-2,6866202297587245
3,893963614854724	-2,510765014060021
2,6265765614726977	-1,1737857694999934
1,4767559311827885	-3,3187909637505704
2,9922336806006684	-1,9043636685873384
-0,8130045192869568	1,7567825212330734
3,748363173595311	-2,650638541248401
3,5301036009356546	-2,714674939174741
-0,014437988244245303	-2,528766368050609
3,015722668450802	-1,0529957874938896
0,25424018615889493	2,496493760031515
1,6243948454281776	-3,5572745705487905
2,590451138462007	-1,3554380110966275
3,3279468220298396	-2,3708449166563943
0,3808472363232553	-3,086917745254053
2,9476167955428805	-1,5891964151868303
2,900989669129551	-1,8931149381158583
0,5512628094964229	0,5230875338741011
0,6099312875324054	-2,8984990702759417
-0,4344458463211307	0,6688905850464026
3,3538424701346816	-2,43026798074118
0,9205955120514244	-4,703523946337189
3,742143761310051	-2,4518672719186156
0,031682896103737646	2,272837148074812
3,632359249868034	-2,447589721423726
2,696299475495583	-2,549324789565972
3,1659112037337955	-2,900367534577585
4,463457485684342	-2,6274535473114664
3,768411055552662	-2,767161850286443
3,475834369884385	-2,7062038794211047
3,302099825004867	-3,0222986994391485
2,940456144425661	-1,7157048571726463
3,248418310953352	-1,174802319931518
-0,1793116815758078	-2,601046340827156
-0,6351649570907136	1,7354316925427204
0,7666821259915522	-3,3300838563513535
1,1731266569577636	-2,847581091296771
-0,6283521928694831	1,9008763770822312
3,2298498205046533	-2,543127499913033
3,0772213749597386	-1,8219817130776454
0,9813035684705171	-3,3812166294202233
-0,03948851591764835	1,1305749827967337
0,70947787409543	-3,0065037753781834
2,6521088688145085	-2,3751681907317055
3,0119929756571673	-2,3065960221773025
-0,4595062714923843	1,4781720683799728
4,363696803919766	-2,3826985052054876
1,4011936771628797	-4,783144502978707
0,07738365645034917	-2,7864920909949182
4,256407288590717	-2,920793177233667
0,31306580153706387	-2,8422948127390697
2,7590491105159662	-1,9573481604880494
3,069667731981739	-0,8873064675531356
2,991684980688688	-1,429109595744538
1,3119290866901727	-4,970187630151287
-0,2367683891485608	1,0569573618144434
1,4433968798049976	-4,57167936647005
1,3844885022434925	-4,617478266269328
2,5418274799837213	-2,206929085920401
3,079908249712784	-2,215432338629563
1,2013597424189626	-5,000573698464906
1,033262632193188	-2,878185305254965
0,22297699652307545	0,5174732331036631
4,223327225183377	-2,416653203174953
-0,14466273434139088	0,4949150064113582
3,164966863290242	-2,214365407582454
3,099815476438623	-2,9259793891145276
0,5005841749345492	-3,1735416308649214
2,4552740751809847	-1,8055781950313197
3,0852231487231805	-1,0689968281007278
3,181101627258686	-2,7196173493851505
-0,3793661137332034	1,0263504993541455
-0,37282668156519805	-2,799600007016335
3,4991295152340243	-3,0568806053439537
2,9049972872653873	-1,9818823316771534
3,4379945634685445	-3,0594824486013277
4,3050366085365015	-2,480474669898452
2,9900723436478964	-2,3034680054472463
-0,38853735188496574	1,5744512202244756
-0,5171573621648355	-2,7321471648697964
3,7329421954968196	-2,5736659960213473
2,5376643749706673	-1,6917145166146819
1,3688542827584853	-4,8168315181573735
-0,24248253183483826	1,0086633270582888
0,6537276081789044	-2,8495451402083347
2,797788968893906	-1,5605435537989063
1,255328895586554	-3,3616503450149016
-0,1758470074413831	-3,2671128668615186
3,111473609619027	-1,0728397927097821
3,243289287330546	-2,8130596438130477
1,074202984957849	-3,5831550739519207
2,826423555188615	-1,821835677158999
4,259026477275395	-2,311791188517465
2,807246661253667	-2,350673902236906
3,0712365834211557	-1,5826566465961984
1,0803541339955325	-2,894990959262686
3,0767027810217478	-2,9070501313217925
0,3321886951125068	0,5435668331448851
2,909698876243871	-1,5404013348203456
-0,8336156098947327	1,2142264741133475
1,4883209911622066	-3,355302951963456
3,770918472816506	-2,593994801273408
2,6295852899862684	-1,351622578429896
4,167971922850657	-2,490146089683569
4,155622666801319	-3,08741118935685
1,2661196629182812	-3,2708020922914667
0,8369866672801435	-3,3621383463900707
2,685033855867993	-1,3759252530319648
2,6910209480053373	-1,25755715590235
0,5541774159178504	0,03157443936236426
2,609406789428861	-1,2015980597376847
-0,26765207941663016	1,7390007176326232
1,1470905311440076	-3,7512778646127907
1,1583780528237295	-3,555087124098672
0,32627581978066106	0,5718754157536518
0,26667872644560586	-2,4993994285669165
2,83697139899604	-1,0725800088817268
1,3493970773958956	-3,024371658509156
1,2723743112066899	-3,3174166532234644
0,29421992450341783	-2,962627204680916
-0,12562737901017784	1,6197288782498456
0,26722965783596553	-3,1349221764597983
-0,2819859774121115	1,4498744334196274
2,7962650905926374	-0,8954724160851015
0,37710919741390186	-3,0093783248877433
2,5354628773753087	-1,6868609802521388
2,911165992292604	-0,8184247042644344
1,3667383263335575	-3,4484431389415358
-0,21551047940212786	-2,9326554241820073
-0,1360798229105023	-2,541179313945955
0,1824853994776715	2,679701098309747
2,6844720588281294	-0,828563942323733
2,980305103743698	-0,9586981347915117
0,9736265550106569	-4,5932344261614295
3,823129576554124	-2,680673341992467
3,3794595330197312	-2,5893442448053037
0,5404780827539326	0,0776668665927378
2,7286242740737343	-0,8239331071099711
1,1700412802628744	-2,936795028007645
1,4093907599845263	-3,4104027515891477
0,12585709165943587	-3,0796767932200777
2,6966130109427366	-0,8210690285464315
1,4381282753462337	-3,101191990765299
0,001860207719595941	0,42890206388908525
3,4477297876785165	-2,352226217413395
4,5177410885948674	-2,5388989576859724
3,166734901395211	-2,5042669613021773
3,183477460297071	-2,2118701702313874
0,4421261084896467	0,5634817411074815
3,545517368775436	-2,8865659309835534
3,479844332496219	-3,030041211889375
-0,6794022586876027	1,319865205955033
-0,4987757014639769	2,1245467974094296
0,09876360661188133	0,6180122419395224
4,407724398935556	-2,604209621435084
4,0885609033015236	-2,8437982476738544
3,9066493066050056	-2,771282472740217
-0,06306664047940735	2,393314914433563
0,8499793589012882	-4,525012313841731
1,5091926782141452	-3,2732933228374246
4,129855690055768	-2,857958314458013
3,4782629053300727	-2,5073584749501485
0,7295886205072383	-2,6019153757676317
2,9658576348012624	-2,5118718722476947
2,861949084099892	-0,8090371444059776
1,1696640361514354	-3,9693257423516384
-0,49414472638355755	-2,74791594915031
2,6545322056767624	-0,7765266888847513
1,5530450344806952	-4,076541251285308
-0,20816293588085144	0,2746987297685961
2,9715734162616187	-2,258193014374791
-0,5129860784186282	1,5856278289017802
0,7152589308184993	-3,0694960322913407
3,121452804787837	-1,9637166312828058
1,0259435198888418	-3,7849852966211692
0,12180159181552241	0,315689863876347
1,5032921907336134	-4,264834802219279
0,37254269142464613	0,1097654759913711
-0,6376051222260457	2,233829825304364
0,3776454847321915	0,26624282131520616
0,08211598911095952	0,6969998673588509
1,5109638683759408	-3,812880448622572
2,4791235170990844	-1,6499143124527202
2,7742293683464574	-0,9493849275840417
0,329333226690374	0,2580410511425075
0,25559096313890234	2,406094381843503
3,6860199379018797	-3,0191804199494903
3,5846548114016987	-2,9484849372529522
3,247348592317257	-2,7168044839575547
0,33429773722185285	-2,568899913204801
0,8040502196092131	0,1254155665147727
1,1011473979098985	-2,8372853480459233
3,091026349234243	-1,3463173407012654
0,12734489626727774	2,285043420493073
2,7221588566699157	-1,6764431075220738
-0,056865161797104324	-2,8481118989952567
0,8371924243218538	-4,6067262699987515
4,224515591852086	-2,5516017062452185
-0,43945074858221744	1,1950359728854347
-0,015693782488078067	0,567407619616735
0,6838854606796146	0,6705197428732993
1,408425901661312	-3,1767970965480927
-0,3351131339225264	1,6098800113921128
0,2611324490820533	0,2728219122475162
4,180003273105934	-3,059934888820996
0,14510518688905605	-2,7792507942030102
3,327920025280935	-2,7246768166537514
3,033644750128587	-1,668183704383438
3,4396578870843393	-2,3396878379330492
1,5878701186198105	-4,268146643143259
2,8727670458949355	-1,7580353028531857
0,6878307558145773	-2,57623276383102
2,686491867458966	-1,5128633036189867
-0,5801208779966667	1,6671093866672777
4,280390858424932	-2,925582758997784
1,078758458604133	-4,003425492988691
2,510057313590357	-1,0348922705004409
-0,25342778512913455	-2,9764719881352906
4,4725244114750895	-2,4347085095547807
4,091614734445635	-3,140750089676585
4,609412329195569	-2,554937885131401
-0,41087027385411123	1,1137951326456985
-0,20891912472192098	0,7649901811682869
0,8897059222657353	-2,6929158019951585
1,093566352063886	-3,1564070435670577
3,3565809081909808	-2,4106669817941544
3,092329994991287	-1,3287778650604758
-0,10718862956182695	0,47424729804057986
2,5750453553881805	-2,2769196735182975
2,970201542236818	-2,5246736885938885
3,0184460388109144	-2,0479954361148716
-0,28444962168104015	-2,684530232629558
0,1448974613667805	0,8469951610112786
0,8123476336504962	-2,895078021852113
0,08851121894601283	-2,652975382504356
0,22827154114865095	0,1718608927801457
3,5826119127509743	-3,0040538976770157
0,8051978377244542	-4,584577304353559
3,1520783948225795	-1,3007701780629874
0,988559305136848	-4,492735830363262
0,38673200604398517	2,7735439439219434
-0,06419842631470507	2,6303746477271215
-0,49783791838720126	0,91481262034455
-0,16152738881503248	2,6185834479146797
3,3470717211747245	-2,8660469785867804
0,06045592536366362	0,40480748715179016
1,314604575579946	-4,055995219293206
2,4460998121741016	-1,5092421976682056
0,36134610157489044	2,372762863759673
0,9673993252710353	-3,181670899558379
3,0376602842047626	-2,3116741912501153
1,3515454778458513	-3,3176937038333403
-0,17331381049624184	-2,962318205882384
1,1544927417558455	-3,5218853690741683
0,19583187639700372	0,5677474334594086
1,1435820233062337	-2,783613261134129
2,810217322105405	-1,0835483998122593
0,2488971157990586	-2,532883974005027
4,445661271404692	-2,6598518374399114
0,4019257786313638	-2,4841149504327724
3,366613800073045	-2,7469038449985987
-0,3268985627281953	-2,6488593861496614
3,4409458268061237	-2,9417097041676517
0,006783368157499581	2,7569339721550383
0,588512612440139	-2,5608163072382464
0,20563031691975642	2,184651087799239
2,8474445404391875	-0,9443725540817417
0,06741923819978979	2,778963335472168
1,2312497261597057	-3,2624517627470944
3,7810781197402967	-2,8815713046384017
3,8030925918589515	-2,5815327515792044
2,6242778762530357	-2,37379559716391
1,0955093328843222	-3,313793784296402
0,18460438022886705	0,8354463076364849
0,7456853018907798	0,22751867322110764
0,26678576625617895	-3,0669943142827902
4,778133734067098	-2,7936381301838615
3,0752722678925206	-1,3560210293326405
-0,11676006268300676	1,9894162402137885
0,23573458134594777	-2,9392684325148384
3,0359124320370654	-2,864877332913778
-0,43688374951328135	1,2167899605007562
1,4124077622385538	-4,6884839192930645
2,936026647998123	-1,0835407786278197
-0,4402380746506147	1,303331913543221
0,6959963017571691	-3,0280055862720565
1,5047539626093114	-4,6455844707443426
-0,13288226366803002	-2,5708578849968964
-0,06926671079355556	-2,9748603754196776
2,946389658924775	-1,6529683601920788
1,3903088681905627	-3,867634590097376
4,589439365805161	-2,6701911293143805
4,2532524691393245	-2,7915180770686225
4,320906037993286	-2,3966089477904737
4,31426350281903	-2,9301068164610244
0,9563550345739238	-3,3414874018398284
2,6075515247332834	-1,0273401580590398
0,15847503924021678	-3,09850522245151
2,809356416001654	-2,21689884169726
2,5518193897370196	-1,7564786564656485
4,593202631829312	-2,841761478700385
3,169088093102368	-2,5641371166757625
0,6898242711358888	0,455429046650329
-0,46799686454159906	0,9706630392981376
3,4822686079722365	-2,4038305217648412
0,40078345298987295	-2,853893673770333
4,065052374772212	-2,8590455008085955
4,638603686254142	-2,6118054053160007
0,8990646867699956	-2,937878602427209
-0,4939049284721633	1,092673954015287
2,4853668291149913	-1,2829764460416788
1,6477231820548122	-4,145728470339481
0,7590938293590564	-3,2724531183663568
0,6092580206294805	0,6008566929127426
0,9929423932760286	-3,0701205639481497
4,077687193164629	-2,778085221130848
0,5351581785482791	0,5377399722666912
2,9632451483586344	-2,1342509806855743
0,40228115343074267	2,4904395977153
-0,5780141905464549	1,3581195988968915
3,349257777390134	-3,019864302975558
1,647623811685269	-3,9625905805337895
2,9450361330792285	-1,804291428954701
1,171050728381045	-2,8367797474565934
-0,11002084001676044	-3,2763048502085663
4,080731374535065	-2,787052534514844
3,0919539343774085	-1,2233174082737368
3,397523379329347	-2,639306185731251
-0,03460835940008633	2,79111744869011
-0,10562918055229398	0,3815472200577419
1,6041653721465425	-3,8392504844274655
1,1006856210407272	-5,179420713994651
2,573086862339289	-2,217992336951357
2,875511559161329	-2,4887706554347533
-0,006510433400359061	2,0557576748999487
3,7709021254670163	-2,6772852565674556
2,946382837030048	-2,085267727595137
0,37525844747496223	-3,018124327064868
4,478379348395649	-2,4731272210265316
1,4220099022443176	-4,162314925647444
3,03429765861551	-1,4666130645413022
2,865285243119429	-1,924110298587686
0,20758282635272385	0,4420949650010886
1,3421377552681255	-4,200404783555852
0,6899038340785346	-2,904079613695326
1,0120755418267482	-3,7016614173679883
0,6558004410446501	-2,92119788172219
-0,41049422609559216	2,5432181238783556
0,39141575033754594	-3,1667709177171046
0,9185494573195032	-2,8601216456299534
3,0594548669963233	-1,875221588518047
2,8198283083035265	-1,5283744591103177
4,591324158842136	-2,831457009053156
4,336099186202769	-2,610878625452191
3,40985446243032	-2,368178428902927
4,076897736179934	-2,954958421816117
1,3820729970751382	-4,218814035937593
4,016636786031524	-2,4476642609704298
0,3853916190345422	0,2512914341751564
3,994082348195695	-2,5096158629125975
-0,44235828598966886	2,3875504189064816
3,2312341934524897	-2,269023186732144
1,6147700783733119	-3,694014287682725
4,56916635887569	-2,572177403679559
-0,4128747275149456	-2,8364782955281362
3,5993681091121816	-3,119253588211655
1,4819375613275447	-3,5687686268825876
0,34407171863026703	2,8471689965583207
-0,6395516481438268	1,364684274453325
2,844716562298772	-1,2956142993517776
3,3024289313908497	-2,6853167818786754
1,3580155134484841	-2,9971051281732777
3,246568396206097	-1,1299500308091017
-0,22657229446603205	-2,560398967729359
4,148415672201574	-2,665783952128109
2,613821482264304	-1,3348225692683025
3,0517079573329133	-0,9239045389439025
4,31699705463076	-2,3576064698375854
-0,15878292692745688	2,1799800483930976
-0,3296958534315051	1,9834352598163356
3,7588404891152907	-2,5601068853954447
-0,07186884314697317	1,8379210768191991
0,02405213882599766	1,009714973016617
4,278461402881658	-3,0770170720168686
2,5455957291717413	-1,752032648720657
0,029443466633107596	0,6452984657966483
2,9090213634043645	-2,8550628278189163
0,31903821161213086	0,5215030640925078
-0,7213637112168794	1,9948664988508504
0,25174684515338697	0,450844497114415
0,8668778746105673	-4,483200317998175
0,23111030131555155	2,826236788928154
3,2816530968812283	-2,9478768917385922
4,563344754831296	-2,7226007099670477
4,533095867135592	-2,4485822238266253
1,4328218177427345	-4,759999630621155
2,5213386319299476	-1,6440244251419853
2,8147894491751506	-2,6508664629491223
0,09407148486705119	2,649933000806975
1,1183809901243256	-4,8185895406032815
2,7955075535226364	-2,6003578146569675
2,6752937175415	-1,7345260398614095
3,2316106960654736	-1,2214084165884742
2,848989691689683	-1,5740344591350104
0,5470626326137245	0,4587832428483767
2,7739172607558924	-1,3078560209269394
3,054015921591297	-1,654841117345199
-0,07583749335583245	-3,028562873840033
0,3908618365898414	0,7171927658020906
0,15877993023964304	-2,9740942131885886
3,668121646105081	-2,6380091584500196
1,4734975435112945	-3,930124966553534
4,087706158105522	-3,082659908164132
1,1679710588449863	-2,7733426121138973
1,2507180911537383	-4,050288068456156
3,857191258950131	-2,6530361391346555
0,7459628735603475	-2,774606232601384
3,6679187981943593	-2,7757405561854744
4,204580757737753	-2,5591041447009215
3,800501475011691	-2,756591378912903
2,7442176767978776	-1,1116314348283907
3,752059301577945	-2,7628788086199814
-0,3847620010493681	-2,8228473027619394
-0,3809852968224925	1,1807690597884322
-0,7037619019491501	1,9590579128754344
3,165577630743837	-2,2821346405200975
3,1155823679397634	-2,5578144642461536
2,9531080632440787	-2,7101956148960653
-0,04393350206575253	2,458503759448618
2,782221240234316	-1,9412741278811407
0,4832454222835736	-2,4883467732490807
1,5380078432576854	-3,732682449879877
-0,5694680577114302	1,2389694932534698
2,8114900014023343	-0,6402467232630384
-0,13033861161815063	0,5271372973779209
2,956635848528116	-0,9887224749168968
2,524664259311004	-1,4636846230632345
2,7203933927236745	-1,058879065224294
0,3373681281401987	2,6877253979178786
1,262695929741033	-2,872825961457777
2,751992732071245	-1,1377076319093273
0,4756344311666505	-2,485096120221995
2,8203598605978364	-1,2237655831176446
1,0428759301716288	-3,127822826229308
-0,11178412386955017	0,48693902331064454
0,0072276599117915286	2,057546041269483
1,4740607216176027	-3,821841439988858
1,3360925510271293	-3,3322330926041768
-0,12032600315664699	1,7101133798573966
1,5610738778612459	-4,6433283963711265
-0,2791847933124656	1,6864395644141317
3,399355103207855	-2,317282430113283
-0,07118915131926401	-3,1190717530330896
0,45786753177017736	0,6702447001742344
-0,6045422444308934	0,9722937491625181
4,067531129579247	-2,448173687995052
3,0604288444941345	-2,174082981318256
4,172537966768922	-2,9716471976333345
1,0761898793468179	-4,011058912719866
0,3041745558073944	0,5723214034597026
1,1463121651332433	-4,781835544841874
2,647094005923355	-0,8655247673484114
0,5819284482605631	-2,856221141230443
-0,043016391572033186	1,9772900583527437
0,9944133053779176	-3,519640017144719
1,122748791430284	-2,9265737873883806
1,3610166249552789	-2,9748361447491916
0,6065233097472056	-2,7262684661285803
0,585952427974717	-2,806131460137407
2,9520906398996294	-2,752223291109177
0,6974047007671207	-3,1852697156738783
-0,5138259668709713	0,6045175253028996
0,9052296469264876	-4,520572128683844
0,6220986465885325	0,44009738557157907
4,0031407812663815	-2,4894875177871088
0,9996402566757955	-2,92738087920063
0,5689544397583602	-3,2263297938296094
2,7868201376061714	-1,6685292549614097
-0,0970209899251151	-3,060063867113662
-0,1408497419940109	0,9236707082082207
3,191227012938898	-2,3144220876174075
3,865562365641215	-2,8317409227570085
3,0789505751861173	-2,7484627072639842
2,830549830610376	-2,7061017407007864
3,2596239078492033	-2,351184129239433
4,301217513460171	-2,396516124253675
1,3405659568706776	-3,5494959418053296
3,7041239502879018	-2,6075768071658216
0,2925790644584363	0,3911634698852471
-0,1672693344662013	1,9763177173218318
4,509255036040946	-2,5077120057896263
0,053597798249940154	0,787053265219735
3,209057420590466	-2,5816018308936415
-0,36933195837994637	1,8272749873822571
-0,4955152284344222	2,059678663760055
3,488361963240235	-2,6047414122660735
-0,3883771867797341	1,2336100738247981
3,286384334891907	-2,8368804139691415
0,3592974942051541	0,04103342301794988
2,4957273171266823	-1,0953596508115373
2,85843979189068	-1,0027718326026074
1,231718078600682	-3,3960282881740316
0,11034426058223157	2,0818317404060758
1,5397938677743397	-3,7494271132861816
0,8579991300526939	-2,9206140866762706
2,8714414828630277	-2,3543708842676203
0,9454447967980367	-3,5994270167946674
2,5633958639042627	-2,326611944942367
2,6686551324357484	-2,2909088616017454
4,395113605608971	-3,057811746968866
4,404748365750715	-3,0690535763087503
0,2025719988178722	2,2294425859884184
-0,295407617415669	0,7997499993971833
-0,39332011584878	0,6000177350639619
0,005217508861895148	-2,5831918283911373
2,7393464100095173	-2,490155188070405
0,19619597746230433	0,6805460003777324
0,34021926357986665	0,12904304760945795
0,262886908251805	0,27148472084737874
0,7707894258653158	0,18265058675265444
0,4548738894179949	-2,76635980236144
2,664950865292648	-1,8005039650919223
4,095431872857573	-3,0409420478636626
2,964335827733271	-0,9393357521311441
1,326434316721766	-4,629934027794182
3,3374053679226545	-3,0416583660566827
3,8284461936676477	-3,1382015107810943
-0,2245017543070198	2,4076307518134987
-0,10611689714234895	1,6581338231120282
2,7152675644400266	-1,090622012036797
2,962735433349968	-1,6657697895667205
-0,7584659909919109	1,8126397406861403
0,4246148769641936	-3,1229477989316416
3,0675837311806893	-2,605676852263464
1,13384967914249	-3,8487330680472858
3,016313131261753	-2,42884413607751
1,3716915314000193	-3,5970688911671145
0,3306122633070388	-3,1858877582798053
3,0522173033406323	-1,0345659603377015
0,3348084086979678	2,8869462666668584
-0,618760747114597	1,1211436172375147
4,200728959637899	-2,6706935084645163
4,061512962064575	-2,7764617774072793
0,21194551526210692	-2,504960812349515
3,1314178381173434	-2,355514101007131
3,0499939536218617	-2,771453191667586
0,2229560986041763	-2,5724760626307552
1,0905988406814542	-2,943477468826207
3,8372456097228556	-3,016517789661819
0,32308603531520064	-3,1508136419101618
3,4147163947164265	-2,791708358707732
0,7229020924099128	-2,8332346550183316
-0,6795049178063246	1,4373289836012848
-0,6630890646154837	1,6090352215746135
3,7236628669266305	-3,1003962101669513
0,3783191959699571	0,26252972297029165
3,295369999393696	-2,6097653917971813
4,1158862790737665	-2,414073665596328
-0,12382776779236537	1,1930351939205432
0,35806333511048444	-2,987300615497394
-0,32497357547349903	1,33894744572209
1,2000732191249872	-5,049816011050253
2,785149484677074	-1,8025187930452164
3,645525894090336	-2,532483565013602
0,44537380058933485	-2,6751195884496353
3,201914677724204	-2,142772224127555
3,272285152025984	-2,3756998650240964
2,6880187663211004	-2,1681648411093817
1,550104630800621	-3,9371479645538816
-0,5842100886493764	2,094561673202367
4,643350224255308	-2,8583528614469147
2,729987409273606	-1,8193951735656517
3,0808369110030487	-1,4736209380516545
4,525124333661908	-2,7952964852216793
-0,02436277774183826	2,4149132285533996
3,258371202303259	-2,6981859193506676
4,261221410713191	-2,6589259791895907
4,529685906729398	-2,613108723558969
-0,497509813422385	2,2755421898092156
0,7119436552661376	0,04189436283209025
-0,30416577538978207	2,565431463026359
2,7683218270093652	-2,386482241956928
3,756279037670769	-2,539146716384443
2,5991094734048716	-0,9677605306021466
2,8262061095979045	-1,58022778107564
2,5238293303897734	-2,1208704854131764
-0,41700758515103553	0,8501908582290971
2,837350705301862	-1,8186362564414549
1,0027183959661565	-4,717136503373607
1,5266522631247006	-3,895553387111538
0,036271876152862204	1,0213718922921005
3,06484565973195	-2,5597668579572392
0,38691948749907734	-2,4819391224650995
3,594449992627907	-3,025931953105551
0,9921347750845948	-4,559050834847923
0,37195019233363014	-2,543675002046089
0,8978924075479997	-4,735474556179894
-0,011374984212411898	2,0648142885909064
-0,7757691295174776	1,1590066798130834
0,14777042152190367	-2,7322249749481173
0,9302009755933024	-3,320935154465106
1,1397397158073117	-4,051735094130509
3,159600530832483	-1,2227234087969507
1,1743013465422945	-4,07678248817458
-0,5440953831837276	1,6326283477493555
3,282288347985879	-2,666337284298756
1,0931781256981985	-3,777105695738659
-0,12914557370056978	1,5939268319527224
-0,48673483309349097	-2,721593840396763
1,0909505755443147	-3,890366666152403
4,266797913344562	-3,023912717457262
4,53855920193805	-2,880451366546433
3,2619766942964454	-1,0810321886661853
3,0320601919111394	-1,6832629484848451
1,388921476278083	-4,660247431481192
1,1665509247366528	-4,90774886003294
0,3371422633220917	0,35855038879416945
1,000367543551484	-3,693067715992399
0,21724841318740046	-3,106240914126907
1,0530049514788717	-4,778603496645945
0,1785512630945929	-3,0612437436195066
1,5872682959014721	-4,23239312118322
2,984368204404083	-1,5333539658008548
0,3470008510891749	0,6960165375298136
0,6567722248403872	-2,945127857558142
0,5773725672039288	-3,2004589998154684
1,0543851623847893	-3,341447922180273
0,9082358161463872	-3,1567739568873288
1,5964319129842668	-4,068772591685633
1,4743811932913977	-3,891879116608305
0,25194719987692016	0,4671502415175235
0,2633388828657755	2,3303101628662546
1,146636415238198	-4,2412369519054804
2,8537895711160965	-1,297919168709466
-0,6499154832600202	1,7136022761114338
-0,5309563986481904	1,5858008851684882
4,069823866584883	-2,748120013863299
3,008630113341809	-1,5010373200901277
4,378610585885622	-2,628730507570753
2,5449028044087774	-1,1874322092292906
1,1943038229393472	-3,0691039030092737
2,9051033010110965	-1,9733380335681832
2,974468912311759	-2,302868281445605
2,8874685493350825	-1,555047186295973
3,0282087307817047	-1,197028507187163
3,152772330217646	-2,6311123351434413
3,358806612882731	-2,871592508458387
0,635522616579414	-3,01355776735374
1,6590854666770747	-3,43256525407835
2,738833618058644	-1,2280042999953222
0,9970103146426925	-4,054951031487445
3,112886714157578	-2,000154727042725
2,8646560717051157	-2,4327310203240344
1,4257750688368913	-4,057758214880504
0,38368483610297	0,1913148034008294
2,8242925367463365	-1,1498002671100138
0,5612963035840707	0,5664262062512287
0,9107270092709773	-2,84922748828162
4,120115929487444	-2,793628777529035
0,11687299021097924	-3,195283059080249
-0,06923446170174319	0,9797800314827058
0,11235736373137961	0,6322397486341294
-0,5119359493433195	1,5524352683613292
2,5331044299548027	-1,13912945569091
0,06679303311353846	-2,6453208084303186
2,7475653252943983	-2,223708167626827
3,22443047041137	-2,958238288923757
-0,5084946818396627	1,686698863556217
2,4542341451340604	-2,079099334631149
-0,3646693187984946	-2,7336571933838822
3,6879345989202132	-3,0850398995680814
0,45829823834559175	-3,154904642040701
-0,6965115334113801	1,2421191053094485
3,0306317267241205	-1,3759206384219898
3,1358086994380914	-2,7029400458930155
-0,6531084465994343	2,09856788637553
2,7539975538349672	-1,9350082903414232
3,0565002060827853	-1,3826527861383051
1,7058523578063485	-4,246802826828344
4,326917436963546	-2,9171723321987075
2,9155145072555024	-1,1690383920388046
2,8913172345314044	-1,0547255716937078
2,524085108267545	-1,276651556801843
0,963831076496022	-3,3708039122194657
0,8932443264716001	-4,584531787123499
1,0175409432815288	-2,8038526621511837
3,651169133319338	-2,8529602424806484
-0,07747821740271477	-3,2244563278340936
3,197883717090621	-2,6640429907118754
-0,07665743096959365	2,7790010066960145
0,28187381500517716	2,610985873812804
2,9682835956925464	-0,8918054552514864
3,522536674050235	-3,0587996446155152
-0,3838577434678536	-2,6067038607190085
1,4167356564765599	-4,712807286230627
0,6024312868864821	0,7192136105354306
1,0128308236139925	-4,115509374825893
3,350600275838816	-2,278892274592617
2,6652053163788176	-2,0017166953260537
2,9462699000746304	-1,6405944046112049
3,0898386719329256	-2,612129900863883
3,6498802451094754	-2,748728596368798
2,8021789068860983	-1,6886207370732436
0,9648399313999221	-2,9333452733277463
3,147913746132438	-2,8182492083120634
-0,6812329384970202	2,081022201530461
4,182897778296958	-3,1063357354767476
2,485608284029448	-1,4593206067166382
3,0009339348369553	-2,6250590612931415
1,0081468650624361	-3,497967233319565
3,8463647997454196	-2,567245363717482
-0,1774624009680772	0,6272639461607499
4,139590794578373	-3,0054987008346883
2,7247868329640887	-0,8774891866558794
3,566326653640721	-2,678141860462617
2,7025695090070583	-0,9150363292755755
0,29656648113155676	2,260557198092763
0,076382294091067	0,4403301965487627
0,2363341931918838	-3,1100253822471564
1,329233492157635	-4,28568279898139
2,55662931940345	-0,9310820734485188
3,6141135503455217	-2,6292355363525277
2,840978168769292	-0,9671868445434465
1,1546905388909048	-3,2783245317442016
3,8236850928275166	-2,7485052633497222
1,1090134656541968	-3,031377184043568
0,7933217092611409	-3,1780941250861754
-0,3958144913712688	-2,626795423335798
-0,41238821362418676	-2,6841846039372514
0,06451226223673784	-3,111868875214232
0,9720502627667187	-3,3539133295395187
1,0774869516848828	-3,342464546859691
2,885507389531293	-2,0219077732604873
2,8934481336385605	-2,0858189732812535
0,9736154621527625	-4,649034808459055
1,1304188079732056	-2,8316397455044013
0,954387015004379	-2,6477043857274083
0,3448949177222582	0,03608665408709988
0,4173152017910402	-3,0462920672184914
3,2055889761219163	-2,2568613231746926
1,4622761100044115	-4,484802691307261
0,4623350563565254	0,04340122242309863
-0,7444016280661077	1,85271619960139
0,2615207320444264	0,05373110529337266
2,5391409081328495	-1,194066555730695
3,2680794990133712	-2,6192686494909654
1,413720803322346	-4,442041657720938
2,8676526751210316	-0,767446657277594
2,822269482519694	-2,59048528245878
1,2336733357056766	-4,3083858076484844
0,013746174812650613	2,1286225202631472
4,404305380691345	-2,6751472145105977
1,1593485299482744	-2,7814819987433284
0,222067209731035	0,8462516758608122
2,5771322916482458	-2,399859373476375
0,17305015978174287	2,7188553245970253
3,5703325104823778	-3,1146701006885564
0,09616709023901149	-2,565329067589458
2,676566593956206	-1,412706458868992
-0,35338686093762195	0,868189072582223
4,532837727967041	-2,7677521387036723
0,07898313057949946	0,5291621508411659
1,0267463743480927	-3,5603513549248356
-0,39279523403784644	-2,606647358212977
3,271075585751772	-2,4648955308954963
0,2892665189440391	-2,5817992645940686
4,260178698475849	-3,015305496071932
2,9160340597674566	-1,243420326269979
3,005698721323654	-1,608020542109518
1,5056247654382424	-3,961805314439281
-0,21737385414467925	0,580376512529218
3,1632473436223902	-1,1725866091048087
0,38260374972784467	2,4958953796424783
-0,22434915939252742	0,5125549145993143
3,240214259318268	-2,513486331622374
0,03755732677376811	2,024397116287239
-0,13118925003416837	1,7547856916563764
-0,07868120178540017	-2,6788653958546726
2,765508282714526	-1,9669754775863817
1,5400938192074713	-4,549165784979031
1,3298524351371177	-4,503927171204957
0,07222780528944661	2,1670055069190943
-0,4156749582565624	-2,777385533718816
0,17532170256085183	0,5997570636369474
1,1921479424908905	-4,519072310131412
0,2001402395412084	-2,497016095347659
4,075803031105534	-2,8524800164283484
3,4275478249548628	-2,5667416673238703
2,9977072870159236	-1,0344716588303329
-0,07958139733033831	0,8730129636350984
0,43363545529334174	-3,0148652644778773
-0,3135528416833845	1,0793647390771293
-0,7081351690971172	2,035462559150514
3,7004855963289622	-2,456799185877779
0,6771347082829335	-3,095879899727648
2,583178098889039	-2,385694142771497
-0,27345262855323615	-2,746932122699709
-0,3429264652024091	2,5996496566035425
1,0703037497278638	-3,4480014485288777
1,2597472853048886	-2,851339043212328
0,2378739324713242	-2,9857338727099365
-0,10892585240020836	2,441965293400589
3,414591142819513	-3,09244312515635
4,461310628154349	-2,6055500415322386
-0,014813903685757412	-3,1330214857639063
2,9898205927526984	-1,188794236185284
0,7900759603384124	-2,611004900089552
4,111511124711022	-2,3919115207505786
0,2613745916267479	-2,9099575854536806
-0,8384982655502273	1,202044756180258
4,219614916655803	-2,468735127384124
0,3311491490236877	0,6042715873935518
2,5549305108599953	-1,879829213512038
0,38856363084154655	0,380856415841077
4,061443950295943	-2,40762239794196
-0,5102101118034261	1,182386999253478
1,4687000998384807	-3,8743541244376676
-0,6965809367541054	1,2905270543007556
3,2591220305100066	-1,160241671526907
-0,5434174365116025	1,0966515232564171
0,21524037553677267	-3,020683292780533
3,7601809590021484	-2,977584136926267
1,5617423982231815	-3,90606964898718
2,9558967648851864	-1,2320879419695006
0,9194468920348259	-4,4097079212352615
0,9142953634398685	-2,8738830210532726
3,053742349582919	-0,8659622725620667
2,9051401109783073	-2,0198752852585975
-0,4719253394389963	-2,7294342806626304
3,003932229219	-1,9879594510350873
-0,20950324696914502	1,8171543482097827
4,232706256101355	-2,344440316655529
4,12683759363978	-2,4049860967615997
0,25388711928726726	2,745876706177779
-0,17872880051326961	-3,288230965296434
1,5640196793735284	-4,171344434735837
-0,07796769231936918	-3,066162613088162
0,31152749204176877	0,5182666500311967
0,7790871683875651	-2,609083270287658
-0,06662876751754754	1,1756802708702212
2,9403370907746504	-1,911121229935099
2,9824673212312987	-2,7682948642128453
-0,1491494809814341	1,0196734462978048
3,1887473524457137	-2,6609211764955436
4,80845686689287	-2,772699989128561
3,333953823348282	-2,527156140568243
4,748724189399549	-2,865766675855983
1,6191711113542544	-3,3520071976034336
0,4649238601961678	0,6784991421832698
3,1620917095984487	-2,561629092845547
3,5411301095166747	-3,0675101719224074
-0,281507310045089	1,0180490989640252
-0,07440448798047783	-3,2335698997919775
2,633468894390284	-1,8787544661289866
3,0078924469428046	-1,256053376318611
0,9268587300525943	-4,573526265074918
0,44608371323638535	0,3773960400315799
1,667892367485057	-4,217305962673921
2,8727754428823093	-1,7618586262070748
-0,46872859016324364	0,6149923501773629
3,592362908380725	-2,789150335583554
0,9279206194965918	-3,5783451642821333
-0,12288619352147234	1,3827029860950824
0,6829966782445622	-3,128669170446437
4,203823330408909	-2,6096734466637983
-0,19926347296006353	1,705236729141173
1,2860937307787066	-3,6698335457069073
3,8798391563227392	-2,9792348604423657
3,052520045111791	-2,708431970298623
0,9048226205798636	-4,556528274622693
1,2196961005782758	-3,8698993773416683
0,07901323102402091	-2,8204598191484793
0,4330807459548345	2,6036975394615087
3,313584638618839	-3,059600148117547
2,4480909688592813	-1,8597642336703029
0,9091045730620264	-4,316321396750869
0,3834394963338636	2,590209356164254
2,7160696977178214	-2,1890775571233894
2,60117248223565	-2,363423277169997
0,7033962553093588	0,4643440723609622
0,454893086035483	0,45182653900271896
1,6796043966647272	-4,1161016882663715
3,8480051935324537	-2,5537706216030447
3,053744951002388	-2,2707556077652775
2,7758890231565863	-2,300518263407132
3,0413813033060437	-2,9393593461997174
1,0949230397570675	-4,869125011298433
-0,45622277991168847	1,2101402143539008
2,7276356181599515	-0,7920558929780929
4,361089242420703	-2,869903301153884
0,23047507996704064	-3,1493413119239957
0,7063426499880539	0,26657208110733577
1,1345831018185049	-2,874055276155449
1,5609352269279695	-4,356383984886487
3,0353561835198493	-2,4735078973470666
2,93083446926129	-1,9565645973652777
1,2392138144037252	-3,0216063711992907
-0,23682506957503346	1,5063313376399545
2,7521801342784378	-1,1249957150976804
-0,35286480863489855	-2,9213484250417068
3,1487239833153766	-2,018972828793948
0,9476668527461055	-4,729692901579584
-0,7184439125564457	1,173488715614329
0,22479561402389792	-2,535424074637871
0,014292002462966913	1,9958007873623556
3,8036878477998752	-2,5109874388788445
4,426202907745521	-2,387970177157027
2,662639113214709	-2,012962025460279
4,238565848584427	-2,444461953786461
0,33960726305159494	-2,5306815171273427
2,7755538774425608	-0,7232714864648829
0,754090748674381	0,13491891898309993
3,721615037951977	-2,526374302298123
0,8941250072062488	-4,749025145590057
-0,5369095016353655	1,0436792072778691
2,6725180139944107	-2,17934310504482
1,703371031377379	-4,139830070037185
3,9494481618200696	-2,5981822389845974
-0,7116471082038791	1,5048122533349915
3,5100722308532295	-2,429132327388582
4,302532806503141	-2,5771549622872127
2,8255402876118767	-1,3609734689104394
-0,30836940753388487	-2,732264109715465
3,9990112070816295	-2,6206443605625864
-0,06538581465901627	0,2657766830733377
2,8899109963425573	-1,0696092949392546
2,652891324237296	-1,2603829030284772
3,5887679557817576	-2,538421477214978
-0,31183713883532915	1,9569040273317673
-0,09792147055750855	0,48821453654436175
0,3277234525501389	-2,8082348200995177
1,0058816816700773	-4,077723633950298
0,015996019933747885	-3,1198664080002
0,8475270426163717	-3,2479879283351445
1,1072089634407827	-5,016813409115307
-0,32177848825091326	2,6102919608693407
0,44462404258788546	-2,9950103502586964
1,0486220918664468	-4,1530471513271605
3,590265559269667	-3,087307023656477
2,8706287093008465	-2,3955599367265465
3,727159177996168	-2,491250727493587
1,5531363201607027	-3,311368833461314
2,977579139815334	-0,8212073881872658
0,8947511579471955	-3,0397465122262703
0,1427484302285688	2,5687120048748096
2,9464489373588894	-1,7405435686190294
0,938150439254813	-3,489380898181566
0,26117491944549315	2,225787300644866
2,729990117826731	-1,6322713615318476
3,677334594935551	-3,0098528193234806
0,9468515896027487	-3,5291059819625836
3,28234217670707	-2,4184641769557818
2,997799527076312	-1,3169556110096208
0,44139819591784263	-3,131152257650017
2,702160059208623	-0,9379444285973976
0,8496469120570715	-2,6291455864262803
3,4946325245174332	-3,007407310551662
1,3386064163202032	-3,6361464859327364
0,12193002800672981	2,3044257477948653
1,2040024731804162	-4,215949285074182
0,8474279327566192	-3,4441544369021626
2,425417597866957	-2,1140650923585147
0,6183765655795612	0,6043500911058438
3,0599244678163497	-2,170007117330819
0,5326929159120857	0,6923418852674603
1,5027424806912977	-3,845584079765233
2,987486842938422	-2,7558228338177035
0,47365810554476384	2,3850586689918902
2,709163760363922	-1,2640268513841737
-0,097157255580683	1,9051073653891093
0,7675202416375979	-3,2461060035145657
2,9965623999411823	-1,2020365788956993
2,384948666515157	-1,808128978941328
3,146792503427876	-1,2284974425471062
-0,0035876380231752436	-2,8981941371133306
-0,27588959606536756	1,6479171027475124
0,19465592146151	2,240653979583354
3,398853133654724	-3,0529835506508753
0,4806240174867692	-2,4672939030228775
0,8606697439947893	-4,3956255303173375
-0,20610639885580806	1,6047372940971865
0,46580141555007654	2,540689013458156
0,9981277597200415	-3,8594454513337775
1,368718042171924	-4,108577683472097
4,085773057420472	-2,405329854828405
0,12162474863943207	0,7444250480677937
0,11721457532507351	2,078367812553574
-0,3244161634003042	1,1495330761064273
0,8573319805975171	-4,489783581988754
3,1779442014960733	-1,3009246768290725
0,20992120659288793	-3,198231641607293
0,19850364987883218	-2,9716963336839677
0,770673197310386	-3,3261329095413394
3,120038781640442	-2,5380478559807647
4,665394947167272	-2,617996846887852
1,2079472129018831	-4,292463180281387
4,445714736220701	-2,8929164379859262
0,9431418964512066	-3,0416922815701426
0,9953620275311617	-4,495699643204832
1,400564296077123	-3,785405522553227
3,3693116602096045	-2,9595517976027113
-0,2811756904487055	-2,7576201284482416
0,22353694089600518	0,3037454745572643
1,557422692559725	-3,5718471499931788
0,22522244956951304	0,657357690775809
0,4691206769319619	-2,6603320289059496
2,781325568077875	-1,0069955544328213
1,4658770896816387	-3,514700400736034
1,2825221771416322	-4,988352821168158
0,3844120378744612	-2,825235441008388
0,3794700678082061	-3,1981859379002344
-0,28769646316119546	1,7788085670696447
3,5031086759273014	-2,742191760898489
3,799707869101763	-3,1374000384562577
3,8497430424909496	-2,5755643432897077
3,469786416674517	-2,8894475965462405
3,0152781991943547	-1,9312094676277698
0,9320729088756752	-4,706420429295339
-0,6940655605701673	1,7430295809654175
1,0365025058395902	-4,091663167185536
0,9961491039826683	-3,3675464130793036
0,5261917809752868	-2,6263446454051924
4,143519602930661	-2,8287003943140943
1,167973078354438	-3,4015024294202028
-0,3564143560433902	-2,593569258475404
0,6379812237192204	0,20798171881540317
1,1207074945914648	-2,9630180169497384
4,284026285452981	-3,05938967547415
-0,12596270271654303	-2,8663310047540067
2,6776743470396207	-1,7379477119985114
1,0154951542266795	-3,7608518230205292
0,504475725021396	0,36266987617097124
3,488733396217962	-2,891630843656145
2,8468222422854286	-0,6535790104540933
0,47825383731881105	2,2561663500810205
4,262158064022209	-2,565152898098569
0,5192919218193917	-3,16324036221652
1,5440184962646837	-4,5369756718458145
3,4933169002920046	-3,1473230618671
0,12276179087382255	2,184281907288583
1,4780977821607229	-3,1386065465717374
-0,3256762953841723	2,17674493264416
1,4673620630934068	-3,4249871957863767
4,101403210181777	-2,995303879464079
3,1276733163424035	-1,0315921085104078
0,18276005905072468	-3,0570046392132335
-0,44587246747613873	0,9821066579829213
0,9147913809106267	-3,2664868536759375
-0,36903431469727177	0,8907558291750355
0,8409153734189634	-4,462897931815584
0,8319027251469175	-3,296028036096573
4,218855966689356	-2,418392920464356
2,7599491510136485	-1,7708491674308353
-0,2640510328025134	-2,8086969502270827
1,076420066785368	-3,0128137640066317
0,2147692626808344	2,747069990309631
4,701047952384908	-2,7652749249796296
-0,47699505673619613	-2,837524163960367
1,553549454929314	-3,2243458971642918
3,3965001309590983	-2,9825989256621144
3,0603487146066004	-0,9045915848185163
1,0785823808353485	-3,041241153583774
2,6278254437969752	-1,9231744930198926
3,0733124535416803	-2,3011928310041396
-0,1851193013264289	-2,598315555974862
1,4287555187811467	-3,3042781275488258
3,477423131951329	-2,839795588614061
-0,47381506439455223	1,0777355979105772
2,6928297100852916	-1,6618901698998094
-0,14577947991100265	-2,876307815227545
0,28636702100052536	-2,7369314296070435
2,5998345952067248	-2,1465741564802094
1,1640463928506908	-2,8468508137189295
0,31114851015646605	0,2655009879062482
0,8238865306027641	-2,965307882433351
0,9434698986020558	-4,54203325456141
2,4190309941450807	-1,873167856778737
-0,36291433584741717	1,374616757698376
0,631966717251289	0,5111969286017317
-0,4608285082966068	1,8479148266262104
1,4368203822243837	-4,449788980148196
3,1990904025604134	-2,3458568442304575
3,1286535965863074	-1,1324337999345795
-0,11053654772042432	2,702224638782789
3,880219253376727	-2,6553457696830582
2,620256289243015	-1,2512869183674378
1,1470291913424244	-4,668525213311757
2,6392453733090266	-1,5230471430238959
-0,3238492563211197	1,5060233215809042
-0,12109271082365286	-2,768556814720391
0,6760866615838225	-3,236877487190352
-0,359455456016356	2,3014941319737883
0,9691063720763095	-3,1457433527131626
3,031602137246022	-1,5087507376330016
0,9863991805549578	-3,054640127162479
0,28098367860272655	-2,7647014533084366
3,2409066973611593	-2,969276516120498
-0,489963638455707	-2,6443655153053287
0,6389926823578812	0,5300088019502187
-0,04956656162678552	-3,2076800992237198
2,7893030605403704	-1,069454641457596
3,6046293172384964	-2,5679002478005284
1,1618023087719054	-2,9350184922675258
0,2842048513518023	0,5530839825069646
0,15303991581380522	-2,7732947573641584
0,11701318559620788	2,826926951865766
2,8306109938163315	-0,8728044087550836
1,3692249623534933	-3,885694420190289
0,031363446482995216	-3,201491747899187
3,36064853232652	-2,747999031624475
-0,8013670271845272	1,4742046761754077
2,9707867782879305	-2,0861347546675257
0,02599266189864538	-3,1126280051472595
0,758073533303549	-3,019954440961297
-0,1743262517727202	2,0835477097911728
-0,28515701929377224	1,5756616595993276
0,06809084924207354	2,5201112762553723
3,0481113691902606	-1,0974261626121695
-0,6150301358072663	1,6025863683962303
3,9464391431969252	-2,7330026306261725
1,2908134455901292	-3,379636125407107
4,200192377600881	-2,594822564436554
-0,0706994386609674	2,6447607878066433
4,567818743269189	-2,506851966342308
1,171193613671103	-4,7780039650032835
0,9572071127115886	-2,713676740193573
0,02791752275029058	2,34292441911095
2,640187998456193	-2,3908314037886553
0,3351762253135802	0,3953046312496218
2,922901150194401	-1,5041590258595723
4,379395402342376	-2,9073753167413376
4,518215753222192	-2,8877787413162723
2,6791332446406795	-1,4490536480995169
-0,12932517509239871	1,793702886946361
1,6182604935616147	-3,7373502562045835
3,3910066672652928	-2,6654435272517514
4,218549597168499	-2,705045302081997
4,571256609078566	-2,5258369809524592
-0,3274062025994463	1,2776284068912398
0,6362838186559201	-3,2418458146784563
3,9813865769799555	-2,8345795116732253
2,939605867365555	-1,244863716218168
0,771807309025712	-3,352636757529314
-0,27929019215264506	2,299390495465808
2,7536073039598365	-1,6640893859408552
0,1382810627117076	-2,7626889027113304
-0,564702255651327	1,797261087240464
4,50337378537835	-2,766078843995063
1,4141848045299787	-3,9526115091459224
-0,45109132481023195	0,5246415197494662
0,9893213428420279	-4,324220346956694
2,799025453169696	-0,9814860869805673
3,2353070189578643	-1,1776801131426615
1,2536257665809645	-4,92312455577926
-0,4037599796214355	0,8057281078248855
2,98245419719683	-0,7969764334772464
3,7067093940821834	-3,0579085250354163
-0,29977182762915866	-2,7203841228927543
0,01568214298030335	0,5461684473163413
0,0210208767309088	2,7407598149226047
2,8772371814328945	-1,7614709048882968
4,5075175860058465	-2,7313800524423297
4,330213569979668	-3,0778130119643956
2,910295135596068	-1,7076625189863894
-0,5915937218905178	1,9722574470479528
-0,5720028172459699	2,2290279133672968
3,3845514028107706	-2,6059294555042753
4,085249000058536	-2,9881629877329097
3,933742824612829	-2,476200697726167
0,13025421372812085	2,1671265710877994
4,704090322355373	-2,8146047654420165
3,076835288795105	-2,5771879131309596
3,8987254052820512	-3,09894429103766
4,592593680515978	-2,761088918578707
2,764874568355361	-1,3623072600615245
0,22181895345569141	2,1731760535873237
0,5231935981496082	-2,792327444565845
0,2106114841114457	0,7704731676356413
2,741083251053067	-1,536505836829103
-0,7645593563809727	1,6809213063797974
-0,48111342033873683	1,3519869235843671
0,6676333152356585	-3,231152234221711
3,228341850780631	-1,0838812328760477
2,964426489375329	-2,599158275810667
3,4943041625624582	-2,5602329553268657
1,5711476542219982	-3,3073668084561323
0,1861149958962361	2,4503903067969337
1,3136317253456227	-4,917846609027544
3,01280668416182	-1,952538687290235
1,0791638755605444	-4,077127100736975
1,0024312549479004	-5,040326585470581
-0,08283537947510311	2,373283312162739
0,16500791884011112	2,3272765889585245
3,0648593965207596	-2,8164421690052683
0,7637352291507439	0,3632115721771534
3,06511474970279	-1,6552119503328313
-0,1825978090640461	1,899156042379562
3,0118619586489634	-2,366200495673283
1,5315231130894613	-4,127880922547564
1,168786713788923	-3,3036630772497624
2,8573716483654694	-1,8677772528510108
3,7113345810417204	-3,016320183800602
0,4684031458412572	-2,9626565818502115
1,1037618788175805	-5,16350047732672
-0,22756010861885545	1,825138901034248
-0,011615550270970498	1,0807411550929025
1,5238656406214015	-3,8763441130204823
0,3060183552693841	0,7887062901893586
1,2172783517657526	-3,4822794146982425
-0,47856449277182456	-2,7620116219267077
1,2660494902270238	-3,8595984066555085
0,8742446839036881	-4,509087930559352
1,0844625939487909	-4,109782258179891
2,9662019606740113	-2,317625742412905
3,1685459602511803	-2,105978196063988
0,3204555953161171	-3,1683568768883648
0,8409400422239207	-4,4284606561880935
-0,7273251712808892	1,1105239224283388
0,31441652783656115	-2,801026462687728
1,5495938550450687	-3,9650974039387052
0,7083856341753504	-2,5327182870294944
0,5898739490065174	-2,595547217059727
1,4467380058948183	-3,6629954250271224
-0,3206007237905478	2,0084577112229898
0,31170141772130056	0,5654343977726696
0,19306933871967286	2,3054144348316328
0,6605094011217981	0,10885268038505092
1,2340345706220854	-5,07129389986938
-0,14443972303595987	-2,6801452910779333
0,8863631653773749	-2,9473468176594393
4,582389346876679	-2,626277913306427
3,0569501412653404	-1,1261141731614954
-0,060580140185286346	-3,0288518018704997
2,6306247855409093	-1,3655277318750116
3,0123880892130828	-1,2396757967465972
2,946040122320241	-2,2421496624692505
2,854950041283425	-1,995373263099472
4,542734848696679	-2,947840342282009
0,5810510358079646	-2,7893972807276146
1,0643632714040003	-3,8838486342528
2,5472568156244684	-1,4202568288222168
0,6698285615161763	0,7392189015044328
2,8033634850971314	-2,0796338671773187
4,642919016016565	-2,7131532389590673
1,4637629697261385	-4,008243927199831
2,4010619947749436	-1,3312806182341184
3,1349015235923083	-2,523731457860185
3,121902048141283	-2,5375194748410395
0,3652034122983108	-3,1772649522169196
1,204022563413703	-4,006420661495822
0,1399504076606442	-2,759358451605663
-0,3879237464497758	1,976156593117004
3,3853188530339877	-2,491918766372581
0,8239139681563923	-3,4438620308907675
0,016184516843599228	-2,955827799116964
0,5483755926664798	-3,243571113161399
1,271020798662232	-3,235695233657263
1,4253259522274857	-4,356695976147368
0,3477751437090122	2,8247141537632183
0,3075958247236329	2,4160218136313576
0,3728217060885222	-2,8857338440478695
3,076120499088497	-2,0886085358090476
1,3936340337496012	-4,1350608457964775
3,0947916875081276	-2,9544369142405094
-0,13812543046858494	1,1515094365621203
2,8273224985527037	-0,834961832046992
1,3111077030666025	-3,134130937354026
-0,009141528427579315	2,1373637388720774
0,9714727942330922	-3,0927682249039314
0,26417403363489245	-2,8490575238843068
0,7721412468107782	-2,9273061137478513
3,329596237895784	-2,2489481724643565
3,370286484975505	-2,310934828899212
1,4597077332058896	-3,6275501581748837
2,7482918077827074	-1,738682722670693
3,549663470998783	-2,4674441211986835
2,882854811935508	-1,417327454815553
4,456164560233032	-2,986468246042179
0,12966376829916132	0,2309848639681653
0,18313616189217663	-2,733192810961881
0,3971296366814122	-2,585775658004533
0,603695185136625	-3,126496030742797
-0,28735445679861726	1,097384169776313
4,275748011230641	-2,4213953883910744
-0,1427779430199725	0,7071257926259549
3,090376148963857	-2,3064450971421144
0,11325860390805886	-2,723078048446031
-0,04348478605355488	-3,2344490982517913
2,8370071054361197	-2,3491575684109547
3,2413841564626087	-2,355421755406788
4,395446391276553	-2,850690351485171
3,0859429354257553	-2,601497597973323
2,4660796009409927	-1,4341275995180927
-0,06080413513264016	1,8660487618827781
0,22273995025759186	0,3394303987262821
2,9272576154662113	-1,5235878404511993
0,2912819257571607	0,47886940710492865
4,073454641330186	-2,7992456321906647
3,9599405184975125	-2,993512814730776
1,4485086312450344	-4,471835364206003
3,532733517087089	-2,43224593664182
-0,1040219580844145	-3,172969109138951
0,9970661153892522	-4,098867233564582
0,3969441779254065	2,7846002570107284
2,931697925222508	-2,2120841418420314
-0,36019470135778764	-2,600156499011737
0,2299815198931076	2,334159565404642
4,273789385401265	-3,1023381617971193
-0,15975791975798836	-3,061059257503563
2,7288790857675664	-2,7003933460062575
-0,14013654867261294	-3,228022917167153
3,192921016960358	-2,2123599824748603
3,076952034392564	-1,1757406989755443
-0,4948011041122893	1,6665923254657704
2,620134676430361	-2,0490275311130244
0,5729544921675563	0,12964138198389774
1,00276483718551	-3,0745073327602306
2,733821548571173	-2,0642073508560808
2,7944438802903413	-1,3905254723520424
4,457589307563922	-2,573210514275583
4,371673080813904	-2,776530675848467
0,9384945493622445	-3,4574012018199713
0,3930515264984179	0,2825167947253884
3,1546200289388358	-2,596752079381811
3,0745309481098473	-1,8476537466499598
-0,354571910443105	1,5869233898666235
2,70427372388181	-1,4817851756685303
3,3136470024455615	-2,874712948607769
1,4398976580667098	-3,8785157057644066
1,3601208468188017	-4,3606304428145455
2,999927403880092	-2,4142019552067318
-0,16888601219489907	1,6363777527204142
2,563524578671348	-1,02602044011832
3,101514756814467	-1,1681046167793587
1,187906369792861	-3,8700020643282613
0,960479000768191	-4,732374978046298
-0,19651014212593831	2,007298668096916
4,404749680063231	-2,6575774830842422
4,229169627535855	-2,501969607630188
1,095599417966889	-4,528896831339335
3,243782832489289	-2,953799529900089
3,6255190580361485	-3,140565995522491
4,261990121517251	-2,356748421234483
0,920566323351916	-4,69932804001798
4,293439771259932	-3,007872933444457
3,092825475956729	-2,3155718213598044
0,10120208963624056	-2,585391655312192
0,4661901335835814	0,19537275581373148
0,935385300783621	-4,356403922490813
1,5168685847514258	-4,119742967765029
3,658716379465348	-2,6082712652002704
-0,6631927144769891	2,2074553773351893
0,9077427953146429	-3,045692208325516
0,5345944015464383	-2,9755204232528483
1,4977197630845946	-4,343311459111841
2,4288977993804304	-1,3142260687816139
4,428896850593461	-2,957655740427227
1,1342443837543876	-2,9883935880898935
-0,06333598379119254	-2,542674060008403
2,6531294220052763	-2,244347738555812
-0,3436618685726339	2,434869336858889
0,7009597244893213	-3,0462766449017895
-0,004218521431332389	0,7819474472507821
2,9238108033953907	-2,1723707311600164
0,37199577512785426	2,9135139901118867
-0,30358541358130064	2,203036712940472
2,9308856041344606	-1,30182578454372
2,8139456101490454	-1,5320373709682007
1,4866042260389747	-3,17923272335803
0,2379921056183263	-3,0639745410060044
-0,5998013677187914	0,6545014841202441
1,0290151760107884	-3,9584312834819513
0,7442686976694093	-2,947998401057811
3,023927859915161	-1,2265168455767355
-0,09281170155076335	2,756224306958682
0,49177210145053574	0,10143959975943262
-0,14190223650958178	1,4904417244198478
1,508284013190933	-3,453569538138858
4,515121328676234	-2,9060819318045543
0,3280990330827409	-2,905893053812398
0,2242701110801384	-2,6914907745678107
3,856380289088666	-2,561565192685316
3,664677056613616	-2,5054540889046573
2,6488143605319454	-2,3703692750207006
3,567745468898372	-3,1146022377388363
-0,16970924571132928	0,9774553108749178
-0,23253353457171233	2,061617061516202
4,484134755162877	-2,6160956730733753
-0,8556119636616828	1,2922982009713417
-0,6737825200408274	1,9711868084761028
0,20200133989862468	2,7838256828013828
-0,14883293137820425	-3,294972176217982
1,1986163683147895	-3,663484876387264
0,9690372738557692	-3,6733187501610294
2,5963198075742513	-1,6175654490257068
1,0225020817508264	-3,7065134407865945
3,9359803129383635	-2,5518113886628266
-0,28530325712824456	-2,8385832611187385
2,8945971218860844	-1,8375799740459893
1,3832401321789716	-4,512127321248336
3,1520698962873386	-2,0811908924298153
3,7017719456404974	-2,582862411323527
3,0735815219399614	-2,066898199897145
1,4628023835737418	-3,4049328175188394
3,235967306515924	-2,343580929152276
4,191672289947664	-2,4929407984736605
-0,24639877386452558	0,38457197519119957
4,160840013417957	-3,122989623983055
3,3097200812386935	-3,061106912280038
1,1991270379511572	-3,734294491727573
-0,16153478554284184	0,36128042004962113
1,410109843368419	-4,71953018770828
-0,14255835173057535	-3,093190439532905
0,08106711207864759	2,34437039483916
0,9078634361452832	-4,570018281554729
0,6098758114703917	-3,2671785504961566
0,16565820801745035	0,33359770884092255
1,5936357153068195	-4,32870171433008
4,100823183273146	-2,8240786851749835
0,7462723768859272	0,4427302617117921
-0,21535814044048285	-3,2514974683366713
1,2377088835240078	-5,015990715108204
2,639179050652263	-1,5819987330143945
1,274803798939582	-4,489052692090561
3,3531662243996525	-2,7921620065175823
0,9021401222041061	-4,844119737059373
-0,23065108076343732	-3,1337863366450867
4,429842469395583	-2,4119311544817004
2,791826053059829	-1,0333744498218416
1,66358861841593	-4,086507704411211
1,1577364741028098	-4,265886305934443
1,2106270179077991	-4,09480370151848
4,573356433821352	-2,783566592659966
0,2205384608816332	-3,1766255486763906
3,9604235307214246	-3,119073002914145
1,0010384217437815	-4,0388111615056905
2,9780198657500656	-1,0943456704849601
4,535543324936885	-2,9671614551344394
2,7904668581256242	-1,7907722112566973
-0,41758041017910563	2,113216816635697
3,0804166634764845	-1,8484114632344004
2,916127684142001	-1,410221511029894
1,2618863900618134	-3,731756109499096
-0,4194662637782347	1,8112840118387274
2,70507240142576	-1,5380168301437092
2,4458217094389125	-1,8662285749878853
0,8846241216189655	-3,0181582171864365
4,397090193449326	-3,0070750420913077
-0,11023011804831284	-3,109769112586124
2,9288172810230018	-2,533071515071674
2,582001683921738	-2,103687338724878
2,9820773505581144	-1,146171627656285
1,062705604095257	-3,4807898343168846
3,300836788745163	-2,358631508414227
2,683927895831842	-2,203548595260341
-0,15703973361571788	-2,7213428813933445
2,869491723378898	-1,0511954464958961
3,024250687497018	-2,860652914285134
4,372275760891217	-2,9698567970717145
3,2764234999858877	-2,2672762122588743
0,2496121133540325	2,6931346446271265
1,6357573721591763	-3,473406518642022
4,364800308890634	-2,8718535934897877
-0,40105298025038905	1,1567433727738825
1,3099521306967046	-4,709991788126485
1,3010757153423365	-3,650442587275722
0,2266773685919251	0,3956973531316501
1,160420690507391	-3,3145548357815944
0,561912462153119	0,1629460264833369
0,6602559720945749	-2,7154995914399453
1,1205510740225044	-4,989797960204984
0,5106433854131391	0,07147084180483643
0,9378440565597511	-4,663483110291927
0,4661539318041229	2,3990375743406087
3,1056247940851023	-2,1786895466322878
0,8699576774960041	-4,47261774911793
1,5553867090422495	-3,6433154294197854
0,2332992447877531	0,5047311757030896
-0,3842166632577888	2,2520895680534876
0,07619834911141121	2,1403206014789955
-0,198034541682371	0,5116205349004641
-0,01976695319724897	-3,089265275563721
3,687210154821491	-2,4598683765001272
0,16165064256403022	0,8591976122067269
3,0018515290180483	-2,0509050955591763
0,42485927667629386	-2,9219491878519146
0,3709348120223998	-3,0915155815325788
-0,5839000859021619	0,9270890631124801
-0,3650932613611473	1,541376526669819
1,3939816304164578	-4,207028538700181
3,0848910223417985	-2,4307000342456186
4,4785871137806454	-2,838916799659126
2,7789421084481742	-1,5592944020116697
3,0721844811037844	-1,7443368695365347
3,163643039033433	-1,1116172827100628
1,0220717455987214	-3,107498637942928
2,676974099844884	-1,0930253484641985
0,5980020695283241	0,17039484024447327
4,342440392431177	-3,0925218250810707
0,8323774504787276	-3,139471252238266
0,7782552767684652	-3,073960180655402
1,1232181003216906	-4,778809159859741
1,277623450970293	-4,209780904709258
-0,1398262902543962	-2,578889601193096
-0,050452161518401484	0,1593682103749099
1,4840554863451068	-3,413973077366612
0,8165190244963932	-2,8494999041229816
3,6100078000040794	-3,0300347008333
4,141432306220986	-2,5654902118033784
-0,6634423962119402	1,4892687377618963
1,531702162910867	-3,952883530744849
0,018979569205881508	0,26142424706273437
-0,2975577346464725	1,0864930114684155
4,118952208345727	-2,9657525181404254
-0,22604211308590771	2,481397606310519
4,128672340001343	-2,475129403319158
-0,28421488631096414	0,5943126445504617
0,8933492154084345	-4,703551016351671
1,0000401231594371	-5,055477822134836
2,415204352062216	-1,4878941551008111
0,14802131646431638	2,891547920298807
0,08161571815230484	2,2205221569724114
3,137273108948121	-2,321326357998913
0,4755321229925057	0,03259348874597712
-0,12337372098292987	1,0216899234177759
3,4489455558583866	-2,6234906501443205
3,1530941402088164	-2,3450689032266343
0,46051916680910754	0,37641426439796644
-0,5157495154556386	1,5597908450027913
3,9344175154174374	-2,6226406255453005
0,0735109515405149	2,014120390883822
0,2663375507370894	-2,844993507795553
4,5006639059234805	-2,576947407341522
3,227671277987889	-1,224034572641056
0,5014152048665225	-2,537322718994443
2,9245265152327002	-1,1907924109175236
-0,290193628519154	2,3481296737934327
3,3354075767194966	-2,5199073377488457
1,0785330505402597	-4,94430995743169
0,9576739947598961	-3,6876099536835607
1,3109597932453956	-4,240190049767929
0,5433883757079148	-3,1897670537941663
1,3477958727221038	-4,444407031724587
2,9153786497805814	-2,054035758237478
4,232962682318299	-2,813826725400592
2,562561979596281	-1,8451482158810821
4,713912469281652	-2,8160605563756604
0,9123928544130978	-4,761382269295048
0,40869553879476667	2,2727131223019854
1,2954099261922467	-4,199806332767594
0,8004812976240362	-4,506795132233388
1,1020090069475876	-5,0520793435029825
-0,48512411598213556	1,7091277158823983
3,550535820220412	-2,5871286903114923
-0,2578961525567506	2,507616869965444
0,7336311625737624	-3,2812801882811518
3,392915775764541	-2,4230435145218263
1,2743693553677797	-3,721635761429139
2,995484812653256	-1,6513017415542954
0,40600026356510766	0,4027394912312112
3,863715424444697	-2,577403256338382
4,3598721878391435	-2,9650806318275453
0,16806771714420354	2,5304408186113005
-0,1967669909985792	1,9739105164514694
4,1670625831525925	-2,7463576249358157
2,9323096629365515	-1,213194191990892
3,8881140047932705	-2,7082757991367608
4,005875355332362	-2,8081047023754175
3,119132979659188	-2,356740804362916
2,963997241493146	-1,2881970342069073
0,70600869845836	-3,3419314593839458
1,0675454322000657	-4,416103839400878
0,49951053058203326	2,336779465321085
0,9062755286297057	-4,577211551229155
-0,19791945690172863	-2,871618974680028
2,8906563332001483	-2,517663663817798
4,227069545423744	-2,455183534084531
4,413656811343075	-2,8162769876941316
0,36576171220621334	0,13086587502075142
3,216707134870158	-2,2418896845224077
4,188899310918129	-2,7784163083471314
2,481478443172604	-2,028597872101431
2,922468739481335	-2,2143662742445733
-0,8398819160592723	1,4347606233272332
0,8988673869536443	-2,945386484419511
2,786570869412744	-0,9921036789409889
3,4853256700719637	-3,051130547874019
2,8772864672894767	-0,8890496287286965
3,0222488113482484	-2,77470466159646
0,5384909782945744	-3,106632223736987
1,183326699626737	-3,239422516613818
1,0419745676201118	-3,158907986309305
1,3743940454296866	-3,656175426895475
1,2193738977259487	-4,131909710118447
0,41048662135058633	-2,718497300663837
1,6620524377872705	-4,1541241306221846
0,7852201732578161	-2,647652651956135
0,5316287202102024	-3,2335348529713372
3,664363683558162	-2,981653099658869
1,4825076921571536	-3,1709643403069405
3,2860078201759757	-2,8493003067953397
3,1204729721215494	-0,9851051438162983
2,943102553203045	-1,5394748324352499
3,4291314470383027	-2,8112502807188156
2,4079882800399637	-1,4123317663771982
1,5030484159833262	-3,5183930975110322
3,543242793154	-2,986176379604928
0,7075115983948528	-3,0211142249529637
1,284783032494961	-2,9508416001132303
1,1981103646637408	-4,240865873761376
3,224295753166726	-1,0990516181380272
3,581536573536458	-2,947715395340645
-0,6888584461809444	2,0693504002454564
1,0178890152525175	-4,131510610594089
1,421102161492679	-4,414478414257395
-0,2588694872893591	1,514060999417929
-0,12747005583913784	-2,947750439538971
-0,1424062101892657	1,5095924324922927
0,11201778657080141	2,1791102387186188
3,227541226690546	-2,235374072827378
2,4084038232967098	-1,7081807828539397
1,3522529203540017	-4,935353938555641
4,194142632386113	-3,1219004951164884
2,8955484887174983	-1,7296375394465549
1,0970613722647837	-3,868543557834683
-0,5440462094525622	1,34009162473153
2,8189216186340786	-2,409985435308548
-0,46696204362038785	2,023819636553724
1,085101058350025	-3,1089588293091626
1,1278327810382098	-4,099620272812096
3,0791575728669036	-2,977049414333059
-0,06563287240162508	-2,875047431420425
3,1143301071494247	-2,2938123582720635
1,0823136446567894	-4,959116706736921
-0,04838052327914649	-3,252392659973363
-0,04495260430732062	0,5846352922868732
0,36865668591177686	2,7111552079748247
0,8431573370269452	-3,1421312362233165
1,1765466316148037	-4,885114696254208
-0,6193764814035037	2,1647607974133836
4,078233156029313	-2,6672670449381783
3,1742006551458726	-2,1448865897314846
0,8120266466403826	0,04105149710178324
1,0608442600744052	-4,523857116183645
2,87386882306192	-1,8106785954847464
2,8801405402213973	-1,2660413859566813
1,5512176980868477	-3,2063307515153214
3,839966538047938	-2,5409719713833328
4,545106815226967	-2,8321652260196233
3,62172675434548	-2,6149897221485285
3,014554637065002	-1,2687022344413412
3,7943583747348386	-2,969951681311035
2,9353112642330608	-2,3247708572884833
0,028081552046157032	0,9408072464148247
-0,3196883215030324	0,5314111942422299
2,965847189262962	-1,030370353106157
0,673959888401331	0,551792652089592
1,0312861491557994	-3,5695284138293832
4,015806905165407	-3,162976812526964
-0,4484674728729481	0,9272023830424377
2,9374225168789923	-2,617086900496
2,9006390512370226	-0,8375188896425974
1,1931731485469093	-2,932259830474551
-0,4532468217457417	1,9859818828673337
1,4528526137693907	-3,7320266587308133
-0,38375508786664825	1,3800740627567576
2,995983743143259	-1,3739218869011716
2,6887960104857007	-1,825697625743806
0,6515960236510216	-2,6184086045283657
4,397736319453372	-2,8601381106572563
2,493018391762914	-1,7859245382851991
0,4129664290145606	0,49499675501308427
4,161487669868807	-2,8104429707574994
-0,5261460294539564	1,5749593366674606
2,5356444114887102	-1,799156486836822
-0,36410344373861125	1,9185282318019556
2,6437046201749768	-2,381143971705864
2,6307839123908385	-1,3391727135283216
3,8007943721945505	-2,5924289641608302
2,7931120309343407	-1,3436876744143569
3,068788285485592	-1,9186012037112985
3,4726780263125976	-2,8451465155536337
0,9860002951778587	-4,766745089270195
3,682895751319974	-2,9425468486177326
-0,4172295143323894	2,342726886250753
-0,873484267175078	1,4593311024257485
3,3343612115977255	-2,356973271231846
2,89534111730275	-2,0710230265478526
-0,2352639712289677	0,9144665942734478
0,0812458587578988	2,092982708394838
1,3022193088626797	-4,060506129338439
0,5168959515610837	0,7032704395205677
2,7595849117932194	-1,8093307808147439
1,3295033311240156	-4,85287273348151
4,524397486840856	-3,007680312992481
1,0570918209288	-4,061975616413342
2,5416433149622693	-1,8154295525005604
0,18825901690556052	2,144095597196796
0,8619488857189167	-4,534270441656707
-0,8337802484046826	1,2884301706216248
3,342720888625296	-2,391693281863769
1,0927921437463528	-4,280609930278397
0,032656544373014684	2,1578328903407913
2,9926396473471444	-1,966798271982518
0,12740856120799082	2,363442830235475
2,948700628778193	-1,5998685507318833
4,41016176388869	-2,8101428383005995
4,315300139316215	-2,531926566625563
1,6596869232261025	-3,83345391422974
0,17298543596982485	2,1834064482742686
-0,2233600200838003	-2,7525332549905324
1,1089330912888715	-4,168373733901571
-0,2807457813193819	2,343486375079949
-0,046714928831345315	0,5415071105734497
-0,16428213584587337	1,1473955474223867
3,4355815310662305	-2,7895413946814696
2,7712067529124935	-2,7226175578341203
3,8556179554852537	-2,5166783871212224
2,5969466639090815	-2,3711290886613035
4,194852049836018	-2,8190250668552777
3,055370919295956	-1,2197425001589361
-0,5153775609648328	1,4855080034835124
0,5033731393490997	-2,507896283466896
3,8219360683858388	-3,1373947036071654
-0,5545292371368573	1,782568806513357
1,0429171321163568	-4,121934493423076
0,5601416152375488	-3,002110710360389
-0,12988365502538846	0,7417054810490685
4,086647175330396	-2,5388344290402687
4,013619075225572	-2,4300075621108705
3,8087096652147068	-3,025215136387252
2,8463503548764346	-2,4117792008498613
-0,10861930459310076	0,43832563649289247
0,5746868743924908	0,6957009527994708
-0,12190044690138546	1,306562669655455
3,5614707529893894	-2,4339955291956796
1,0974334909061931	-3,3895496342581986
3,090273032553819	-1,3140137346717828
-0,21552824599975384	0,9245938885568001
2,4144716849432966	-1,9629295135018385
1,553463296534828	-4,14608249932604
1,272384608640526	-3,8822255253535807
0,4789643230381976	2,452616247793946
0,9039615650733991	-4,883228198419525
2,706858669792629	-2,138364077518027
3,9503366504655233	-2,7568744735881037
2,4386509193171317	-1,3651280815468112
3,804784898968607	-3,148025946912541
2,4944865973551904	-1,1510850072536802
-0,24559557419840028	1,4752016203561809
1,3819165582191724	-3,931721748719928
2,9065118784681627	-2,5032017801631943
0,15659821180642225	-3,1924825568516217
0,7629696097368399	-2,7304534346855864
2,799894615014959	-2,262768016113284
-0,12284692610402209	-2,515297586233693
1,5492190314367646	-4,219201067913295
3,1552668017499093	-2,268929740089482
2,868129806344247	-1,6583449554606926
-0,1324656224589456	-2,9427920532280396
3,5427884127290294	-2,7069522634268206
-0,19843732903797162	0,37914239395023275
3,032488957616531	-1,7170511383869327
1,0586496402165664	-3,206614491024655
3,2289271091277825	-2,5928186315699904
1,5015762924895797	-3,719358272139806
1,4599396073353001	-3,867786488390316
2,841595238757158	-1,883790065072213
-0,43471111668661955	1,6660568911960918
-0,600749608884172	1,2706885831921721
1,4767701271177662	-4,313156868466731
-0,07343376835082616	0,7997150093373981
0,877205263535009	-3,316922625167282
2,522871228267146	-1,2788634872580498
3,017010479773025	-1,827738200563678
2,5870233499974353	-2,4826446853366892
-0,6883829067913785	1,2907553170726394
3,2577342757976275	-2,626155506578548
3,115146235151552	-2,2292621926775307
0,617374473446767	0,682867344506254
2,9412514891648964	-1,4543151987396243
1,339016028921812	-3,5500355907500647
0,49178165067675084	2,3651980556287873
0,1102024433202996	0,13447665379049512
0,6486455952866784	0,7322344988701219
2,6952947536833154	-2,107970360380948
3,9118327339446286	-2,464208065912001
2,4958322461554223	-2,2300342580580157
-0,4764186631854601	1,1162345152905784
2,866544651352542	-2,3489925462929744
0,8535088382744194	-3,4448555422072475
0,05959428244452364	-2,955142154573152
-0,5479118376504628	2,082867845937516
4,6311580594130834	-2,8246971490444617
0,7534814483281485	-3,2891282995274644
-0,03714521580387059	-2,6972443753432183
0,18350769683970414	2,240533689308786
1,2888900054555403	-3,3063832343869652
-0,4376194104966751	-2,8086349667553367
2,916889381671737	-1,8232574237220085
0,11431922278270246	2,275986437676823
0,71332191305789	-4,550927895272526
0,7971014335257749	-3,205715894188206
1,3615841990109936	-3,356600558582547
2,540465329641952	-1,4303362205482024
1,7287521802271115	-3,8659653898084834
-0,3247239017454585	1,4881744290584304
4,441612901939161	-3,0471434036899567
-0,14771987382944607	1,714677006854592
0,06268964643533037	0,5687861059716406
-0,17226368062573605	0,5517587449995757
1,671659279788736	-3,8619006566069918
1,272296077780156	-3,5650076305579836
0,8465818211742885	-4,7200690953767594
1,5391504500015927	-3,294951078907994
1,5014115053832242	-4,228142016782766
-0,4289418327523806	0,42681346651065555
3,665459526027316	-2,977635439395102
0,12350734265519014	-2,5038394236671495
0,8056550563264725	0,021382845509438697
-0,18433105646275938	1,5643256526463656
0,2629066683885056	2,24498596433864
0,29967245307442086	-2,9625359567260467
2,6639927827494363	-2,5783240554738986
4,43175743360556	-2,795296821153765
0,3802264404775293	2,239077325872772
0,4483083245069494	0,5431086565758785
0,11955103108138765	2,868411546243336
2,8847380718420093	-1,1172784179267607
1,1710595299582418	-2,858890576797272
1,220196643871915	-4,193054960276216
-0,1846017613877805	0,772881624040699
2,781986798099527	-2,494172639730237
0,9891546861151195	-4,133984519541965
0,5745496689044711	0,35223209766506414
3,159110810177843	-2,400352180508508
4,035963220428973	-2,476934983964593
2,415466464258386	-1,7188992370412692
2,7385562018481195	-1,4577433126563144
-0,16674119379580743	0,46764761952231115
2,4391766381995015	-1,7428044134370895
0,7124009635297952	-4,570527111552288
4,289979996205732	-2,6431082555465713
1,161745065555305	-3,257783492066289
3,3417546514618435	-3,0386407960037265
3,051656988681669	-2,383785810680349
4,426395645701196	-2,8934322422470955
-0,41249583848791804	0,8196199232143964
0,49783138493035284	0,5033389992282254
3,913636138661844	-2,509459275542786
0,4504945979489622	0,5350244574890787
-0,5561953465949672	2,3088002476462974
0,8476808725743106	-3,4270603800649666
1,5828047208245613	-4,107524874962413
-0,7267762937492961	1,5101452302043188
1,5747093027108527	-3,542275029921838
-0,785943557785642	1,0121554200404645
0,8199841480555305	-2,6932745282793435
-0,3405116622587717	1,542972190288363
2,4657448843744962	-1,4280097732060046
1,6891032236475951	-3,95109221437507
4,070703095974852	-3,1146108143456415
2,6197680600279036	-2,3971562782763067
2,9733426364621156	-1,322925279113465
0,8271058270161575	-4,487228925074366
3,715471660859901	-2,4460242810219297
3,5756593187612644	-2,8273355082542
-0,4880028967731147	1,370148194086789
1,2500879048712454	-3,0823398219940774
4,513695200957571	-2,4653055304890263
-0,3217818801415847	0,4133770500887588
0,9074664814027791	-4,500966944860891
2,990656759832734	-0,9689514111820345
0,19917749541014035	2,3217406998662042
0,885000068996065	-4,88302905106354
2,7176222305371214	-1,6722049913975972
0,12269679069292028	2,112451555420446
-0,10120766975099016	1,0831265657919995
3,4287182230166673	-2,382308937430901
1,130186694279913	-3,73192489799697
-0,09556487290391602	-3,0200181390424623
2,6294195613471754	-1,8500836573953325
0,3848142726642846	-2,522374290422627
1,2142550753760277	-5,003925929521658
1,4961970044357062	-4,103018327183001
4,069348890823705	-2,9686163771872858
1,2770419638977348	-4,754442011658521
0,10433055669663238	-3,0329019057969
3,0668020946475596	-1,0982970689221234
0,24826678058379748	0,2853545195681799
4,3887846060799465	-2,5052223010303036
0,1138597926825825	0,10942211074464292
0,3891810743760221	-2,5419244421738716
2,8443750166965263	-2,211382847905728
4,41498564294861	-2,883994175385893
4,100755440792099	-3,00445665334221
4,193267055382168	-2,942643399794976
2,4055697638965996	-1,4770859840300201
3,567966604068303	-2,9645629948958483
-0,4649444629527917	2,0420543026160116
0,7976806516825085	-3,161650984597201
3,1594535327037123	-2,744306548992787
2,820000780379234	-1,9281425936705519
-0,5564367367397756	2,0092293841621705
4,670609754420007	-2,831744221189175
-0,18395183827301786	-2,876217036884511
3,833720168448814	-3,1312943293511997
-0,5209668511973313	1,8830353530022577
-0,0961827568335526	-3,0302260677885684
-0,10136032169517661	0,3822526437389224
1,235845347752942	-4,504921179975595
2,956731864781061	-2,8394364555116356
3,4099932184863695	-2,511897185325812
3,395097351004396	-2,3246706612480894
1,6750789875243348	-4,3808299941509885
2,6099297139191604	-2,1776912268295843
3,9971231402644785	-3,1651419837548027
1,178977798263618	-3,1996534428137644
4,390888138126663	-2,298871351559218
0,9432014339476871	-2,980514415370508
-0,4425009571296541	0,7304234156277102
2,858427346437141	-1,5227847660742444
-0,341546564294543	2,520002056973114
2,425376988177153	-1,374042532634351
3,89425168565299	-3,0209266631835123
1,0270855089707602	-3,6942486648276147
2,4077722513303583	-1,870009635166722
1,0260343688576368	-4,446629186735431
2,3907407065695443	-1,3949273950467402
4,179871852795934	-2,3627320973280996
2,998738475229467	-1,6646953714011217
3,121648540161633	-1,3259025198010277
2,8437034736072007	-1,5518432467059065
3,3556339041322687	-2,9756868999635095
-0,4030186179800901	1,785814505211902
-0,12623289160126094	-3,1316603891899897
4,221691016488159	-2,791742781372335
0,7794250222578886	-4,504802691587203
3,8823954818684827	-2,775146424392573
-0,11717647232867706	-2,7876772207616094
0,5240563710860467	0,38443378293805086
3,087854302417869	-2,5245414780444877
2,7501576235270155	-1,9233789353110204
0,3139263769967612	2,300289332423673
-0,32725819674675904	-3,0765954400224955
-0,2805712154686629	0,8406692708158919
0,33038427178356006	0,7482779202993232
2,884846913958005	-2,2073947310676747
2,663954224321441	-0,9085400338382026
2,4305825902288496	-1,5414818223450846
2,8647490978807117	-2,231206702027106
0,02196719679086312	-2,5000270058451193
4,197472592090011	-2,3863311597858843
0,2891721889952329	-2,953084896213698
0,20883985710767883	-3,1780065203125822
0,5234562453202296	-3,153868250612107
0,19402426776053638	-2,7904008380379204
2,569247710430692	-1,6669020162386499
0,2767633461546565	-2,944867461335715
1,0104712855314841	-3,9303904210565093
1,0052461435210263	-2,9753174212302422
1,3009055764156923	-4,017335175006532
0,554159522359655	-2,596566083865485
0,0640826576643328	-3,207455685986086
0,20551799145899163	-2,7012233378253003
1,4414992066836634	-3,9790388622561093
2,9221798003560666	-1,4964628405313873
-0,7009445335615494	0,8798591641042851
4,67828783607503	-2,8856316868077387
3,189185974106294	-2,220105146416016
2,5411459157515384	-1,8304690463267865
2,8284280591848834	-1,9568980763191297
2,5453406644810554	-1,572779745779508
1,5299022612346995	-4,678121770785075
3,997570912694969	-2,5702945877934713
3,9833223440614534	-2,591667823385811
3,9828510659647254	-2,4309135746810835
-0,7081636562289257	1,7928045742925156
3,0352867935673102	-2,2957140730435324
0,4980266270058563	-3,2195795252054467
-0,03542319002624861	1,865317897006084
2,9816994417050386	-0,878539869012963
1,4348247972398442	-4,5239859751725975
0,19538661019987758	-2,662223227921639
4,272946960189825	-2,6466112216042728
0,6987693235647443	-3,3358146664642847
3,4863675846357083	-2,745994774891708
2,5062644421152798	-1,5153848773159269
0,594444795664079	-2,7219483889475526
3,6867643681615103	-2,857111524354855
4,394815945980276	-2,547430097662108
2,6618708050103903	-1,8729609597395143
3,6170226862540398	-3,124802802886773
2,655033557046008	-0,8326505672710744
-0,3731402487293355	2,1532297178385025
-0,5985418277153243	0,6462879046671737
2,9930638025773932	-1,5490824280687105
0,2605879796172875	2,2038964582695453
2,65358357086948	-1,9379339704928888
2,8847446069746843	-1,8141981403466292
2,8147040682263738	-0,6028893528789041
1,0351859196417075	-3,2414154461767755
0,4641067229589023	-2,5656784824972076
3,199990141209847	-1,057525467769592
0,020946997288933344	2,3703876134879347
0,6144929097366546	-2,6170067785030566
3,4049326709628898	-2,3243575046198086
1,040832718151813	-5,029552219162556
3,4050535871469725	-2,3249087621597533
-0,5617790760552819	0,8393659641333904
2,894839850013756	-1,5248866560113146
2,875024066947213	-2,6169025520234066
2,9840119176445716	-1,7262193105438735
0,6140928406343599	0,628970912161373
2,577402801759489	-1,955447239259409
1,0630511148536863	-3,5943728628570315
2,9680407408706317	-2,007099087921415
-0,1775418497336983	-2,999749182930879
2,8372343483037907	-2,244797388880107
4,270376787636151	-2,6558927271128807
2,9185177203547976	-1,2108986644116666
2,618444565567775	-1,7883654302428451
0,8807627602416385	-3,3331701946901657
1,5011794511252294	-3,7255870339333623
-0,2611521622876578	0,3984782588524802
2,3523905207659137	-1,4720816146089652
0,7845877368984713	-3,1526032948944844
-0,39203567148439733	1,022756578822644
4,523766113076478	-2,6199654890595414
3,163255778073545	-2,5585522782433077
1,1008171357512042	-4,041740257758256
3,0475799288759413	-2,1876361173657477
1,3785777142504003	-4,7890210599244405
3,977719614739815	-3,0856822957064103
-0,16790304942173218	0,7603338661820627
1,4489515099074204	-4,289641078308197
3,857221041107958	-2,7415107015643394
0,19160814099178225	2,918575350400067
2,653461828289236	-2,0207097621185452
4,4267549981387155	-2,46127806016881
-0,48211959255674586	1,7002609770067658
1,1383153733840503	-3,1242844053850525
0,9922058474968707	-3,2634945095635235
1,1916805661343919	-4,625501971390889
-0,3209963956225639	-2,6924925986284522
3,0265061005463405	-2,351865277199244
-0,11674592051609123	0,5255194795229694
1,188791355188137	-3,915111079287593
0,3964309555108318	2,5061618557542857
3,2553031361051454	-2,905203066779058
3,8878773760138152	-2,892294926837115
0,4486766110458008	2,2208286886144704
1,3358823601075307	-3,1829020535956474
0,47329202030955464	2,612519073861499
2,5129763896403814	-1,1778469303078003
0,18203721381473303	2,6600553638305717
3,2764869410894004	-2,916324411470549
1,011429848423997	-2,7801733425117487
3,040029172177455	-1,0673766041062238
-0,732834062550437	1,3221126439157798
4,469319534280197	-2,4289756387982706
-0,5377255336263542	1,742033438315202
1,2069074787510892	-5,037563133188447
1,0564960351664832	-3,1166731875337264
-0,1310976717259883	1,7347604345777825
3,2098090101399834	-2,645376228363798
2,9802140075233226	-0,8595313678110554
1,5827738944691223	-4,382321969057915
0,08288598245856849	0,9357979944347694
0,4193255873427332	2,4376607055764157
0,2766291780172764	2,4533672539770914
0,6956208437668895	-3,115404844463695
1,7026621458958289	-4,142699335540108
3,9597682367316347	-2,4682283656737534
3,710682510406143	-2,566246146455874
1,533946523026694	-3,2033138919563506
2,6056077997678724	-2,4628211505666604
-0,2052153212363611	2,0839688028043404
0,6470792415283972	-2,6831339398780663
3,6973647296626697	-3,096905544707217
3,033809865998797	-1,4009637849353882
0,9168265037662159	-3,4686630812786543
2,5940117355780856	-1,900141047058995
1,4189347690138034	-3,361863005350795
1,3062230961807981	-3,038066024351097
3,0367842168053265	-1,4057951258287336
-0,2018694891267826	1,2691333417079043
-0,024587802745264398	1,8995438754782188
4,5953296649147415	-2,775755690594312
0,7662795642606379	-3,185654557709962
-0,1396217479793086	1,2199638062134637
-0,5098852808003478	-2,7569777214030617
2,9236577951940808	-2,07952423452934
4,39204378194473	-2,412822060498671
0,7821818762613408	-2,9032420237131045
3,3164306346222983	-2,3297874550650803
1,28911634700961	-4,494621035317366
1,5779136149787412	-3,77819107210696
-0,7338282002535255	1,2527159829842296
1,388146949165681	-3,7624097903396545
3,059529923316808	-1,902770630115469
1,5590362925627381	-4,008208107225372
1,510538501863314	-4,585692729217739
4,732705495121064	-2,764763078577608
2,6271595727225083	-1,3429625695887513
2,821011126949411	-1,9641478307129567
0,9027088955218766	-2,8973944991394767
4,144598031848051	-2,5817621822514103
-0,3469045153187694	1,090804354036878
2,8997768149754046	-1,8487482290831507
1,004252391719839	-3,7840582930616553
4,324647829172987	-2,4914273383846464
2,573767311148938	-2,502764625032509
0,4401564209305924	-2,9802044997493695
-0,15877118521623046	-2,93805506653354
1,371054198406792	-3,634877881418639
4,0281939931794	-2,7218191687241617
0,16941253274086676	0,5736865532608401
0,45849740928742855	0,15272455191904566
3,020862212469693	-2,0248498908143024
3,506488955150455	-2,3775597145660945
2,8635133087184728	-2,2738930301540883
2,9225115294120316	-1,7400934181786536
1,0305339809543805	-3,045492832677299
-0,24112301285067672	2,350904002286695
0,3383492011841392	-3,0656722218620804
4,364763599291031	-2,842196650778787
-0,13353944427527542	2,4919679150043645
0,9971466356718426	-3,501208749759453
4,459107336549768	-3,044350642503322
3,2815492021633546	-2,597702020971209
1,1371914710781406	-3,46526470196875
3,302270361974024	-2,3899978300313798
2,9405273378597596	-2,5944584152239445
0,8451498079208408	-3,3838436535902243
1,222870391540745	-2,8213147919277537
-0,060422056209417485	-2,6712274120986184
-0,07045429558233929	0,7647118071104502
1,1092955968429854	-2,7565035237768813
0,4840295377689574	2,458071329799102
2,67126239880343	-1,3580796071714378
-0,5728467572799882	1,8199028250851352
1,2402255102014437	-4,023283800371992
0,7485433066504618	0,1160104358822387
0,41141134522301037	2,2313958279869173
1,488587389319531	-3,297527915203027
1,2222213171520486	-4,164978830328664
4,2390652754392475	-2,5070275079657582
1,664351259863467	-3,5518651668633274
2,914833397750626	-2,5053168467279026
-0,7820292968393701	1,5944489148790946
0,2721329783796129	2,8647002833607926
0,21235206772113813	2,1261555125860983
2,785277550181554	-1,6563401564644644
0,4485700499620524	-2,6483528418306035
4,490249658598157	-2,4575878325423437
4,3862996217884636	-2,458902631064772
3,6464363904996735	-2,617588191016256
1,174044827631962	-4,971045682300873
2,511132635768295	-1,738824387434692
2,8927522351158395	-2,1609479338187096
0,5410519199442618	0,07314259710658821
1,0321986306901834	-2,9519007193241267
3,901444162017105	-2,441771519555441
2,8723360356694028	-0,94889185846859
4,13586797233999	-2,907726105256544
1,0458965090756216	-4,6305870931424735
4,352556119102603	-2,3942906015702516
3,2478969395775747	-2,674366127616633
-0,5154575837685933	1,0169647884340645
3,443922814565262	-2,4525338552281153
0,9909448853502913	-3,4953122723310956
0,6546899423957909	0,15100385785269088
2,9935785220022186	-0,7874815403709825
4,078843032148686	-2,6962368119350333
2,512322984135179	-1,8309070990258558
2,450917438004991	-1,226014556830409
0,9786984310817759	-4,479684376944175
-0,2655543414584358	-3,0231249632710115
-0,10545448393563317	2,1584000839924666
1,1155374895293315	-5,143076460617435
1,623319497115137	-4,34056961882964
3,884891760503675	-3,050374914748482
0,4880739495123496	-2,8802224699642442
3,286956697518374	-2,492257820643466
3,0714888336837585	-2,1624492967685103
0,5249909286866541	-3,109099763842782
1,1871932673719434	-3,1606985432883516
1,0428967442576433	-3,1192660925540947
2,8964368673016185	-1,2654161926800125
2,9158707514844213	-2,2640360022859234
1,010241963295312	-4,346432758836351
1,019795984448536	-4,114628360662614
3,333992648706044	-2,3905963159903822
1,5959431786427734	-3,6884665618852233
3,75011649540573	-2,6074921381312253
2,97799334374984	-1,3124118169014403
2,8009461065114656	-1,6170385287554365
3,3131271373985864	-3,0267966165991176
1,3089992240583583	-4,710494303834149
-0,17337765035388375	2,147968861329957
1,0814978810491187	-5,054379838248474
0,2730043419673782	0,4239709209820206
1,2996145651917836	-3,2461796521526862
1,2753359074871513	-3,7905824562575106
2,862235709311877	-1,6528193571918117
3,976756488232405	-2,743558496819116
-0,3711740887626743	-2,835300106365948
-0,5110357578058391	0,9105211605798834
2,974896392540178	-2,4323181272097445
0,9796098429400497	-3,0865006979119096
0,2481252075835565	0,08726701982256246
2,6766737050101743	-2,111983244836562
0,37290576208486326	2,2077920255306718
0,4938087737256369	-2,9218872251664423
2,4755462474956493	-1,6919909324261717
1,0986972374144208	-2,810684673050172
1,111527828014535	-4,215380327088279
0,564388176067166	0,574647354107297
2,6595277715413763	-2,6135775441300853
1,3230176197685724	-3,7439479935028057
1,2263714086531674	-4,831066775740565
-0,4436188779408725	1,3469846464053847
-0,21151813448032264	0,9249220585709078
-0,5049408524206693	1,1446616353808552
3,1264809669350937	-2,192312728079564
1,5785358788750197	-3,7730320311738805
1,6519183237453465	-3,7681021582154584
-0,7142015603927367	0,9335624471957396
4,758441294131895	-2,800828245851646
1,4854200758234546	-3,9392366418554974
3,1618503644529317	-1,2906742120717214
2,9824185562718073	-1,5502585502214234
-0,28346652490608837	-2,6500149170589165
3,635687638902826	-2,9594363005133197
0,7397135319557203	-2,7888275818644517
4,2457762137528245	-2,518469187456951
4,506846756045165	-2,8322644568827506
0,37776405332073465	2,4923944447574473
-0,4923843031170436	0,8377611536613324
1,056839656112282	-3,167141758467115
-0,11400776837781768	-2,9576575488503707
1,1945374213606985	-3,6476409378086068
0,08971372828549906	2,2808705066675152
2,6414485771356535	-2,5299565236509944
0,13931984730778862	0,4320681420908701
0,7434093512971897	-2,816296756999727
-0,18153132742092726	2,402185794376515
0,9998787751449252	-4,713155209310105
2,5911183754912552	-2,46957212566354
2,5233714598104795	-1,8868559085956262
2,8246483635710096	-0,7295435109873225
-0,288420775496289	-3,1440902502963124
0,929865875656314	-4,506605108636141
1,0944237389398082	-4,533631822091932
2,668828939125824	-1,7671087655364133
2,5403721355000375	-1,447748273535221
0,5190059954542829	-2,5770308252291074
-0,40041916446403736	0,6878313550771706
2,656088936683403	-1,8127352303817208
3,9374502557519846	-3,0902249726343527
0,3371492281122699	0,6884465035238297
3,9924083331895224	-3,1271054235931333
1,2287775793934603	-3,727924652157108
0,8625132894590122	-4,6486178377102005
-0,32305328483508844	1,279157511666227
-0,3452289689877558	2,3738347160057205
0,8799265855717213	-4,362790859659594
0,9702021952220428	-3,5764396892433803
3,9282472873733987	-2,6348767010074274
0,6674359425405294	-2,5517129753397914
-0,5792809889912227	1,7249394050608833
0,11669111466014598	-2,765524213031165
0,39179024795462214	0,6436298448907193
1,1069025123056746	-3,101564527219235
-0,2876317692751995	1,4939674316409373
3,0997643890847772	-2,3569428904586007
0,38074403481440194	-3,032496789847875
0,12700133582375872	-2,975885969809769
3,8833675291228564	-2,492268710232617
4,062383916260662	-2,821247406930155
2,791134637238481	-1,2903289612765136
1,1385099138098123	-3,0131886360459816
0,058282511219206856	-2,843352787099334
-0,05985726665627894	-2,894412203550578
1,6786247430981778	-3,9131957426693953
0,8724202216893204	-2,8786927097996573
2,643661859987033	-1,017661149685884
1,402355545097199	-3,5288436308987032
2,783960333593587	-2,034971039050883
1,3392230669830423	-4,259987349055006
4,167600564034882	-2,9587318235501012
3,1349642650411376	-0,9541748138127752
3,525427590387649	-3,020724965476737
3,7733751595747247	-2,9918500680149203
2,6443428221443916	-2,0762170023710738
0,17226179387373758	2,2466058653282817
1,280698660683264	-4,26421642663464
0,935970517267285	-4,653872071298141
-0,3573535323603856	1,5408549521982704
2,8993186298321927	-2,7921822429171597
-0,4160220354074535	1,635792387129503
0,9526736521513945	-3,553373712493284
1,028411039900628	-3,929876244239017
-0,7299951419590383	1,6285135054658375
2,805502379589604	-2,358582035086781
2,915069097082656	-0,9380568221047525
-0,4443438172829606	1,5163882383548337
2,79385487499227	-1,1359515418140977
2,7428774708766213	-0,8391863281658595
1,4033179187173495	-3,7314540900876705
1,465990479490056	-4,624876594040005
-0,4242907909781537	1,0973397998030396
0,3823073786393548	-2,5461873915063395
-0,7406802114365745	1,2896004162947918
4,2070651258943	-2,6517464603329497
-0,3656690663471963	1,692885327184873
0,8508471116524916	-4,55207748797185
-0,05994557528583744	2,218491736522314
4,126993521132852	-3,0709750941605254
4,3777579110031875	-2,449473746557009
1,321897645947463	-3,550249152912254
3,224784186182909	-2,184460442912611
-0,4085026281317743	-2,953979826866173
0,4684255634617201	-3,217026070626387
2,466543916706197	-1,5729007915244426
0,0830933128999769	2,562970266186251
1,1225109439891234	-4,763079659503686
4,121247494433875	-3,045562720373691
0,9859612617205302	-2,654928774912291
2,7700489197654674	-1,9925994098587798
3,7856262666825895	-2,67804388630056
0,09355939831937854	-2,9281975279631816
3,1374822467566217	-2,94926747653391
0,6188223487759104	-3,2175357345377136
0,01731731216716309	-2,90436598092751
1,2219064651685567	-4,35854101278979
2,3767802669505524	-2,0349860816369807
3,0787592142980764	-1,0446592310673433
1,1407985465109725	-4,142163456267198
0,6818018730893592	-3,2553140977954778
4,010224405006782	-2,788202146644082
2,705422143495106	-1,8864133999560122
1,4789962475916054	-3,6925223121620845
2,511885052392988	-2,255133509409088
2,429549109219391	-1,456852674404924
2,807811782273557	-1,631400198738917
3,172707432718154	-2,649726001747217
-0,46276689582044406	-2,8383080474863642
-0,45447622028982737	1,6435561270696133
1,0735689256602061	-3,597334136610091
2,5836719477031203	-1,509493094429829
2,917239342836158	-1,395367374344628
0,1764548050675785	2,2999157172303426
0,3036927597902245	2,827347928370684
3,0388825757048847	-2,6189034896537513
2,837909320787186	-2,2959248503259944
0,24133277675925896	-3,0402802177148143
-0,014741155156231422	1,021650437397664
3,6493725731661875	-2,6169266219610616
3,6454396672112614	-2,5356622391092163
0,7658768839471555	-2,9472855838307126
-0,21547610739503265	0,5423874147716572
1,050280284879169	-4,155436423829562
0,3158811636815253	-2,8362931333578327
0,16982098914991717	-2,55834015964854
4,298409120588764	-2,673722222724396
-0,12938138845682767	0,666983643935976
-0,3494790722997091	0,6530406529921
2,826527520164422	-1,2417608364558004
3,6999877192990036	-2,885420632778679
0,5252364506136906	0,5740156615049999
-0,028172988785710507	1,9501149927458787
3,227884523861655	-2,979523895427389
1,0646952959032625	-3,984357955226579
2,587672456600678	-2,2333503976853604
1,0061075247335802	-4,212074095672366
2,9317998026730816	-2,678105159554812
0,3128615923834454	2,453310643907839
2,74713787309504	-1,1916950511616948
0,16256095089997286	2,4064951995338975
3,045407273066764	-2,7098072626851213
2,8048574605268213	-1,7116038779630744
-0,17570819328430054	1,467264409511132
1,3264309990633951	-4,8607263952578705
2,6837819785557437	-2,1300802886308086
3,220827528433362	-2,1489275089053037
3,1112008666969473	-1,9058070675831857
1,2670607112338006	-3,5135602071462646
0,990466487780461	-2,8830334222135603
3,295094546841006	-2,2708722569028352
1,037735874841335	-3,2670330455178616
1,5304256878600664	-3,3030790672552635
0,7346501525686049	-2,6564434543240707
3,24468989959431	-2,1631240768463202
2,8352534281158075	-0,7001439970942108
3,0722299334749743	-1,5385735278453092
0,14055079412678395	-2,6190964274669684
-0,5632288115180215	1,6033420025601448
0,8534997261240401	-2,7428076502909033
2,6883983493536734	-1,4673887304902204
1,4995743731534958	-3,6836617007293766
-0,43059514971827206	1,0491149268615327
3,602330268566138	-2,805541471880769
2,9082725594575645	-0,7796165868770717
3,1007901548890877	-2,1544180979427767
-0,6125738929074207	1,681602908487852
3,2354820832767164	-2,3116172763736946
3,0903762770773824	-1,3270868426004254
0,10426381746764135	-2,5511687469586874
0,0915328706637365	-2,502380227361048
3,835427175668662	-2,703982639900147
2,671046471313029	-2,293604238191758
3,268460361290734	-1,1453272024527912
2,9623000374307296	-1,5040006318784243
-0,1735873652926448	-3,2450645403665423
0,8067826962394959	-3,3852018804385207
-0,43550736067770135	1,4356194871500152
-0,3045641282977197	-2,9323019015364924
-0,06458987948671213	-3,195397703579931
2,651636224003103	-1,7663779551131542
-0,4788700411518536	1,0680819943571804
0,16052497572760743	-2,8993924305341237
4,257810879450624	-2,714445812626067
3,372391783600688	-2,406951567104707
3,196145207297043	-2,164982004790404
-0,3399935019464758	1,7579001654322228
-0,2118135192888111	1,6800674667071633
2,9383295004715024	-1,8335508001538765
0,46958838762989946	-3,0879875519359237
3,403135458872802	-2,5357556958381395
0,964388891744534	-3,598422323059666
2,343141640704693	-1,523373475013524
0,005450546069752593	2,509123200117731
4,2965097896730615	-2,8615126131732307
4,449793272924561	-2,7467289816112195
4,017205227924113	-2,972455798436839
0,5329187682348809	0,13821599399042195
0,3762390092665922	-2,95531252316377
3,931159954410439	-2,7160540288914423
0,24861229532075257	2,4750161952085836
2,960867886443199	-1,110072049510272
2,8210054636882553	-1,2199635752240787
0,12494776942402813	-2,9317789009386868
-0,45335823912120077	-2,8565256623813777
3,3337515711350916	-2,333215613703145
-0,3518549079425065	-2,856101607510433
2,8486006407188174	-2,5971161994580085
-0,20552660803750245	2,563434843053841
3,016654869338549	-2,02872400949028
0,09891038368336391	2,5200428194174878
2,653693980199951	-0,8614115177312907
3,194552947541686	-2,085641313702424
-0,4382533434978493	1,3985168530888392
0,832503824524687	-4,458826487867906
2,5578438832557784	-1,0727705803459333
-0,5761513923079036	0,9976012877438256
2,8502265602274637	-1,7829296316211134
2,811175604052525	-1,710271236182189
0,8653510924975892	-3,0855959429218296
-0,2519528459887179	1,6476427090699912
0,33829208137872435	2,7791089987442668
3,085649528527264	-2,4417251180712136
3,893526032901062	-3,1371189198153537
3,3486710371225312	-2,3283883760093973
2,833458776660509	-1,4914972856862574
4,5772224224362725	-2,943249173550029
3,2001756017722913	-2,5933785039789776
-0,16214241087320014	0,302507080029061
0,9450438754698705	-4,347189960773145
-0,2685117629083478	1,917564944410051
-0,4748612900568314	1,82547231928051
3,79715079072772	-2,945934289985182
1,3921557370456812	-3,4597631590157283
-0,5237602619968844	1,1540196960376967
-0,6114961487188177	1,1925586814122184
0,8723322870595511	-2,811190546104798
2,9322709476082554	-1,4710474212226705
2,676002842743551	-1,4677017075266166
1,5763375772342423	-3,7186254686046087
2,9893924000424352	-1,8428118978122292
4,001649170318165	-2,6017831486862173
0,7867548461232174	-2,9031541724146983
2,7587372696957866	-1,1284392763932163
3,922621045859017	-2,494807585872614
0,9881721095539977	-3,740047134325135
0,43322524157258147	-3,017654983839034
2,798612848619457	-1,6755586394114108
3,0125629929997513	-2,878118826238656
3,4788238878311573	-3,067662075558685
2,867306902698801	-1,0435711749335992
1,5264031306430061	-4,131845575019562
1,7067782944835577	-4,012211545390589
1,4849250683536843	-4,172846653219415
0,38601153423322665	0,056992494821823225
4,097325216986991	-3,0260347360536666
0,7060339464199201	0,5954682276098578
2,4825308043637753	-1,7736964468497503
-0,07715460624771775	2,278342989865238
1,0764102365011932	-3,2004755063080035
2,5465286381575614	-2,1250302072770935
2,805347237673632	-0,9614476167986084
3,2504605631898214	-2,5387666163726124
4,485116561242777	-2,7571798581076985
3,81609047125942	-2,6835395178859383
0,6676455480974659	-2,962325290724899
4,381287711856076	-3,005419883245761
3,531620252937569	-3,011224866965194
2,943147802206616	-0,7459437450067549
3,189368735095177	-2,091481726926216
1,026615764822306	-4,631220336808353
2,8635260626363808	-2,0682003817383805
0,6064681216328827	-3,0855670105376722
-0,33671430602059405	1,449328635706434
1,1812767630341319	-3,5718922054275755
-0,4795022243515583	1,7220254869886273
1,1184032422213266	-5,1072948462340495
0,17263827071733828	-2,937896731683809
0,45208411505618984	2,2389840534959524
2,9157134310594834	-1,580444234893418
0,4827543792467785	-3,1820874957727625
0,7729786916785651	-3,3914443279610302
1,7363660163352672	-3,82112089346234
0,4349329736872629	2,503524325644659
1,0052277862741796	-3,0156673766482225
0,16078929531654595	2,4522790362779476
2,8401733672752707	-1,875933896158036
4,133516279309745	-2,4501570786401348
4,278975488492468	-2,5208766941201675
2,9376009700462387	-2,6564349760493764
2,8463782614574997	-1,9846351646804994
0,4997138452850941	0,21407597128991074
0,17090106240169511	0,44447226554498576
0,8800254021308933	-4,40574878026684
0,11108703839606071	0,2354266342777951
1,6308408940286312	-3,490356991125986
0,8223861268652399	-2,7157273239748103
4,2351177195322505	-2,414895672352878
-0,19221701696807403	2,474511562436539
-0,4079632280976051	1,4448747988879669
3,7921047374360355	-2,6367277151187865
0,07710992204606787	-3,1775921049864153
1,6644650434056822	-4,334670523523338
4,162231301836277	-2,4293162006876936
0,8034572385761491	-2,619548463616335
3,994474625605405	-2,4236441770880504
-0,48013493374050054	2,256092649322601
-0,2097375554569164	2,04346718366532
1,3865243828826426	-3,912534050722827
0,9429247506178425	-4,866791400368276
3,1196014422400697	-2,1237151231425924
0,9024050107161259	-3,3860919754110625
-0,29208504151774217	0,8895741880529984
1,0164750798961188	-4,253978636760591
1,3721183415353533	-3,59793765683445
0,731507131918234	-3,233768650152346
-0,31867564788311176	2,3039202568025776
2,5002881835078363	-1,6303704481789847
0,09198217214170595	-2,726922329405469
0,07216819005591146	-2,9538601895992427
3,8261430733056514	-3,069039157829674
2,9059863345950907	-1,7684114803937525
3,7573359093523724	-3,0533973285810947
1,6831842809507644	-4,265223083645093
1,4836690189827533	-3,183916985211383
3,1743087808437482	-0,9812199224558483
3,201329194578846	-2,9402184225881665
4,554131326304866	-2,5206279284371833
0,5186938471126631	0,19310626173453804
2,8935398814129147	-2,45665205776107
2,3849348432150554	-1,854696930915082
-0,0856243239821809	2,3678942999887562
-0,5500503612983974	0,6977170121061862
0,32052910159536707	-2,61399050574475
3,0218372157139592	-1,6833063124864502
3,155721335591215	-3,0005094059609636
2,6117133054436756	-0,9249828305850416
1,2476997848691056	-4,1184975416433085
2,523220940687208	-1,7952461245558617
0,16887886847043843	0,4558434622622136
-0,35854486735111435	1,7799552139014163
1,1268552988271947	-3,277544682940025
0,14916635999478767	0,07631933708686178
-0,15126891735567072	1,0085024958636888
1,4630227463341394	-3,9815609669040195
-0,4695775906887212	1,2288351106381386
4,416872442624177	-2,9165664901423205
4,367579953171628	-2,411139916292723
0,4323436353356511	0,6107077519184767
4,63334389421128	-2,67472121290717
4,134267471377706	-3,0564779139153915
2,6093759435690984	-2,5030276641401157
2,966536104034062	-0,9899402419756074
-0,007323435653832422	2,776281549344915
2,681480898059242	-2,3404645451401187
1,1957550854917542	-4,232402112891223
-0,6337220723314945	1,581588163333596
1,5084540467380774	-3,1830856745795155
1,3644260733333762	-3,308048596511159
-0,6520091214894363	1,6809934851555788
2,8990924455202736	-1,9232054203068496
4,042765992191737	-2,5786149393656084
3,2760185369768116	-2,269251133784572
0,8118638127844345	-3,2820470867735825
0,9192465968899841	-2,7748679215412744
0,41947706148541064	-2,5448913325651086
4,66035242779601	-2,6304848605290916
-0,6608107678512329	2,2258664866875755
1,4223473908871949	-4,869402181560618
2,5825307993504647	-1,9342920862576503
2,782545412477816	-0,974965532394168
4,355918296934563	-2,9721820722281382
0,6064501111115539	-2,7915520375489677
-0,160577531521356	1,0192420688105068
-0,2748020940324656	1,8388080584378754
3,771047670331689	-2,4544797322639864
0,36999696334460647	-3,1191084402679916
3,204075886414725	-2,416763875220304
0,0905727261020246	0,4373068743851727
1,1118742842232403	-5,073391507566591
2,44771826979637	-1,9856973109336227
3,25058294025418	-2,777592718490099
1,234908963932365	-3,1002649738720733
2,7089082615296545	-1,3091630655531032
0,2168026773857531	-3,153132082765769
-0,7412273068193562	1,3013358699936357
0,37625375953638335	2,2697506351707446
0,7388794304160603	0,5522986928410337
0,46125864935309957	-3,1568002823015915
1,0338390019795014	-3,8584916616780087
2,896219619722155	-1,8485049686200161
0,15615955373173962	0,5216789510893507
3,0232885231520386	-1,7978503103383412
0,6855583811461501	0,26593233440284014
3,1899173593618775	-2,392663704297014
-0,22143962790518912	-2,8577241578940065
3,2555160283018347	-2,453739111627493
3,6972654341155735	-2,4581120038519995
2,944385051551751	-1,0409735525590473
1,3204845125874147	-3,899348242482877
1,121317342431376	-3,011195057512645
0,0031470861062266042	2,2980134198171687
0,20444244716473503	0,2101701270847176
0,30072773601671166	2,652738614169401
3,1658228156307175	-2,4154706418117105
1,686491863863025	-4,322032708765832
2,4349830836169906	-2,12639397074524
3,994121951644546	-2,679127502617112
2,642307210411479	-0,97303623296496
4,041116602163261	-2,9445243658259423
4,062871512715254	-3,0549710811109465
3,009235412768172	-1,2927417746909233
0,5563894036471773	-2,5770667712902875
0,21993828130880688	0,3660689720249226
0,48380901955061945	2,2704536229391366
-0,6092498574160155	1,2970015872857852
0,8514223050991361	-3,235119817396389
0,1297917999320911	2,1654074206751197
3,0321007880466544	-1,334821251841973
3,5316965592259035	-2,4998914225528344
3,4622635205120735	-2,3580573191195917
-0,3560666016653129	0,6853672171819569
1,0586808832701933	-4,065221192159747
3,784072307274778	-2,616885690254774
2,4733587320924206	-1,6854173165454216
0,5147651781647768	0,3100535541977185
3,496301794881394	-2,8964734635011617
0,5384174195928428	0,6512572752161782
3,1184084694652414	-2,0638750227182396
-0,8595135987300813	1,6697762530506004
1,6559852896221419	-3,65613978975447
2,952780048639431	-0,9768534160759599
1,0270784205297159	-4,323268854894223
2,6951707082921113	-2,19372615528872
2,988185552885378	-2,2421068205898464
3,972790596769745	-3,1243164880501513
2,719343789384559	-2,3210467033756457
0,012972646333310411	0,9864012170699763
0,2512459014245926	-2,4744562574257447
3,2231208397692335	-2,665990212598767
-0,15677321633380326	1,2509482433717598
4,045639303087431	-2,971841651604365
-0,6594949369965837	2,1206273531892927
-0,07066129424327333	-2,7632167571879256
1,0520112174901897	-3,9260594556328017
2,6952597511210854	-2,331164845255967
0,8049914138543669	-4,5292801467345685
0,2977941258885973	2,3020039844232185
0,703858920207879	0,6441950495428103
4,26286323443096	-2,8534599536603036
0,5534548252031877	0,3879049655609239
3,3363527008017932	-3,0222184725907035
3,2401664647276514	-2,329484092454717
1,135684069841461	-4,5877202931634935
3,5422226906276566	-2,633698084600323
1,1619514276491074	-4,63519178975525
3,7906242968133963	-2,8919109454423833
1,0729903195096409	-4,222752683848978
-0,4746797610432858	0,904247308785273
2,90316957933604	-2,698942059235145
3,180215399027413	-2,5025864206966455
0,40085337655003217	-2,50050845151773
4,1766399381621735	-2,429262284493655
-0,14763701145177177	1,4175176780623964
3,505433740262328	-3,0567962211459703
0,7528714738891376	-2,805739240292205
2,838970982683099	-1,039033827184702
4,096805533230577	-2,953571904089147
4,035647361136666	-2,9862045710276366
-0,2746341832163586	-3,0730827930854065
3,922614929962191	-2,758654331601786
0,23342659356413686	0,7880100302591247
0,15947852926157563	-2,7694739193753892
3,5020177493286697	-2,7850965082603016
2,8692789571290627	-0,6738654868112173
1,107597955563178	-4,144830852074269
2,983772902336203	-2,5596386602981593
2,553041172791642	-0,9018783608754913
-0,695722994155384	1,1766349144811226
4,060454841121471	-3,025008887660539
0,24532703498538416	0,29862777452832723
3,042678557391339	-2,7816630678713006
2,5341766527228797	-2,188990880712245
1,0806498245004543	-3,3997060275935818
0,3746065661984861	0,2772494199855151
4,232926953649438	-2,4447026788197945
4,084623117784547	-3,0941819302391873
0,2625170875977537	-2,4500841757312903
-0,5939372214104015	1,680230301385547
-0,25102765780513203	1,7208440015001076
1,1847667699761544	-4,903500581035027
-0,15096063753728728	0,3831191039688522
0,4272146775962465	0,3606120557519641
2,3899333217297682	-1,896304943459393
2,7537724268268566	-0,8062548850290273
1,2491653519566062	-3,421114689779415
-0,7173127257810288	0,8301490733537915
-0,37425425182641037	0,851826288499145
3,1702916264768586	-1,0124881658755456
-0,0020561335228589384	-2,897717501394557
3,010934933130364	-2,937318437010021
2,9391886110121614	-2,5673885589112726
2,46247131345371	-1,2007140030524057
4,732259985899361	-2,7530808742068142
-0,2232859132666043	0,37260446123799396
2,6762793723530587	-0,8527588964388704
-0,29413145997249623	0,3241722255400785
-0,05566649859723016	0,42751175731221247
1,1638011133658392	-3,756076477816615
-0,31953034430513994	1,8580052461677723
1,2966550716243879	-3,6571988850694597
4,382324242683676	-2,9114533751821057
2,5729244815593484	-1,268974711492901
2,554707309270908	-1,5371406145849957
1,0571687525815885	-3,858941765728895
4,4168499853246495	-2,4232157264062293
1,0207796698978315	-4,741667551274736
2,437504394839838	-1,282998053108748
1,0714175504494692	-3,987755272593896
1,1325014127973647	-3,327499083355441
0,9635688965763005	-4,232731208981468
-0,046597801717770004	-3,2275964987620522
2,8654131611383296	-2,328872884260857
3,7311448453787137	-2,6425786284041894
1,2589126517587839	-3,7028994339624424
4,422179929296452	-3,0283859805629767
1,3466486817140284	-3,774220168866696
-0,5088227949405058	1,7613293483863475
0,5213608627150992	0,5328170933087252
0,5282838249994695	-2,8129009667838822
-0,1358806544987199	1,4904705829667986
1,2756420986323802	-3,409693699631589
-0,30393690488429614	2,376589929993698
0,09263983210883708	-2,717632914782609
3,0293912312538547	-1,2142534670782053
0,3540008272137617	0,15406649442653597
-0,16720868150365298	-3,182151092362828
1,079016780523729	-3,163280837373665
0,8407889958669093	-4,607874569728094
2,8811080018788124	-1,9818489056303872
0,45372224535758243	-2,934407290020303
3,199654328136578	-1,0317861991656496
0,5720825130009031	0,2106056470841713
0,6909583087357817	-3,0091109984367597
0,45640179854970414	-3,1644711596602555
-0,2064311087175409	-2,7169954180033384
1,3048009632669673	-3,0797319804111782
0,20225583604512037	0,6818629337010134
1,4258471460348032	-3,042267039908471
1,3373719964983386	-4,647930661754062
-0,1319008346421905	-3,0174547289004083
3,056400155507365	-2,8079960874952565
0,08758826544311588	-3,127913719001147
0,3616250817148582	-2,5255033110378866
0,3044447798471969	0,5709952687068157
3,069451330686109	-1,5652604583305214
3,481289163021003	-2,359160458999949
0,8375712741660976	-4,483012400984694
1,4703597371006965	-4,624645913421593
-0,10735452106704357	-2,9787418289372463
1,1229513923862215	-3,7800302278526448
1,2783449943583596	-3,8306346488694807
2,8285834436300332	-0,7553286017032677
-0,8675838375783527	1,6037563223539255
0,48599752245848543	-2,772016255040799
1,3398184075264286	-4,875721542474169
2,7741732993646844	-1,4338130503165032
0,9699067596799731	-4,413190482920595
3,705960948458373	-2,5069312210778087
2,9126447193576293	-1,0965475799057938
2,455092241600128	-1,6188163743185953
3,1050490630925927	-2,2235266694871054
0,6356093415785724	-3,1572422501275748
3,004354809030848	-1,875584516596837
3,8464328487158803	-2,690085998865134
3,0683473832913095	-1,7450252405480233
0,009680002944596922	0,2776351980610712
1,1434469393122257	-4,710999595028773
3,32392306248041	-2,7640574776886653
3,436892187757907	-2,8944404748906214
4,018637801712184	-2,508019812982953
-0,49375425739625656	1,5814010328413792
0,27979395252864014	-2,96906380996949
1,517890662477363	-3,992239484363667
4,2335907423341705	-2,482531954978727
3,3335004694481243	-2,3537642950799817
3,621211503132333	-2,667414099917479
3,3934639098450963	-2,891115972360979
3,151862799482623	-1,2819878501669653
1,3538519664538504	-4,585160238654982
-0,7127303442159649	1,922754916340389
0,33856665252921075	2,666806755320696
2,8844069095676357	-2,6264179218924015
4,035924229575223	-2,682873752476368
1,339796280167793	-3,515643555954608
0,1340853711940983	0,41870693829700123
1,38123083597846	-3,36584397970919
2,8313361478799557	-1,6176802418018434
1,4230122949122532	-4,468294734917629
1,259087351220426	-4,485635548190567
-0,027302664024555723	2,237207803589194
0,1717281791952695	-2,5423802536654243
1,139643637741	-3,2012178458145595
-0,28299952694036645	1,847874055263144
-0,11085066416370093	1,7431249169860343
4,370237972239375	-2,50380645056537
3,0766548172353874	-2,848052291119294
1,320272965212433	-3,7245188731067733
3,7478405142973745	-2,91027889097695
1,0853738090157523	-2,8099874406285728
0,47309644618638746	0,1432938238596393
1,2652444579245774	-4,4003400447471925
3,185902567808361	-1,1207695954083263
2,7353769342948304	-2,4682510146282652
4,124538414465704	-2,8329019634974806
2,814426472721698	-1,3614310057813308
-0,16382621746586767	-2,688853521079601
2,889404114026669	-2,670721328025782
0,142713050724534	0,37051971708865095
2,7159747983170757	-1,3953134575804729
4,464439496122874	-2,529563183037898
2,9203502587183627	-2,221771686361394
3,6679242300072326	-2,529315680452566
2,91408358433647	-2,459474736209538
2,8174949939231126	-0,6370102521820589
0,9104356187744298	-2,6625943628724213
4,367430229040606	-2,4752906463138005
0,4790479064807492	-3,1934963903343636
2,4160724298218113	-1,6236340798346092
2,757312067772072	-2,5850443704148347
0,6698289564721737	0,32195493503018047
2,898360973064264	-1,9205312476395895
0,40428027598852156	-2,8356964864654066
4,355190566908901	-2,9831799205100236
-0,2777475113471952	1,3442764969493464
2,5017640916202457	-1,9220106556333687
0,9400900566818068	-4,50820937252158
-0,08328907863415125	2,2488362281241403
4,217435425516492	-2,6119140779531755
1,3983208968140728	-4,022695702982785
-0,2799050291168387	1,9534070635047582
3,4665504567756464	-2,392683601410466
4,0055284708554035	-3,128690042666809
0,16146204523047758	-2,6608433147201023
-0,000126993014843646	-2,845765740509714
0,021826036628279533	0,4271878892154801
3,0962273243934817	-1,2368795796669168
0,3147562440446807	2,4550378401387745
3,058324464830528	-1,6826123460016758
0,6095598340052655	-2,5818596320394485
1,5589465721667748	-3,599411117778287
1,041043616281981	-3,7121049068277387
0,009756487736849895	0,8030507025797247
-0,6107313983020393	0,6487497219576562
3,024675336840344	-2,8714424465930914
2,843042480869395	-2,7246200915206216
-0,5181789498364819	1,4157121921042983
0,6939030958112251	-2,6942266345847528
1,1324827204123502	-3,2134013649742186
3,2001838431541096	-3,0357649719363216
4,474039860473163	-2,869395283918302
3,516143778652242	-2,8212124233198312
2,595540103445514	-1,1356826354234162
-0,1764541966521691	1,3707426023569407
-0,7571239639110912	1,8280321479317743
-0,2922758218276691	-2,915566695462222
2,644224733622132	-1,104519728347524
0,40798603614142215	-3,0506961932890624
0,018451172867832266	1,0095233405169106
3,7211173737973575	-2,7629864125734533
2,9600115180791846	-2,3221890089484902
0,20745398180807856	0,39349254624793284
0,8658782821322853	-4,627798144554224
1,0576748046486713	-4,168667524728857
1,1292666350643321	-5,053219612193019
-0,07587252280843004	2,777316696326402
3,098870417541248	-1,0650020681651395
-0,5736376893376867	2,3799736060381513
3,17147438324118	-2,975147970188265
0,818730945817316	-3,341376894509184
3,2519715693047226	-2,75165445944767
0,41100212913134915	2,3048220829585953
-0,7184802408846473	1,55434221110338
2,958913823128689	-2,3771059214663897
-0,21996124586382293	0,42692819575113417
0,4407332879745393	-3,1974100594814345
3,2780600781147307	-2,496605236466601
2,760598728886224	-1,2220196169494684
-0,26322701735122567	1,405308462825277
2,6149725893201827	-2,390735335436455
-0,6298165441876873	0,7118579216014289
2,9809318321064664	-2,655448890611768
2,7788118846153904	-1,252876047121879
0,7083423998237497	-2,5895076936593586
2,3346636418650286	-1,6562596774278588
0,3966693347061676	2,6440702445749835
-0,4713334804637226	1,5315462330318088
1,1601677447212664	-2,8541011357744472
-0,28077711038003617	1,0521975660608893
-0,4124206899962406	1,2980345446418955
2,744613180015378	-2,664044784015143
-0,26251660731091064	-3,154373201150258
3,1728111368748437	-2,769191456424581
4,2314985888351355	-2,4032943562573483
4,255748380035922	-2,33523911422271
1,187441767640573	-3,0584262731444034
0,1590654271042854	-2,555460808587377
0,9791845989380882	-3,7651943232661433
3,694994516503239	-2,5232438233170766
2,7367611487926915	-2,2905064842823344
0,5769603934956565	-2,5721193903399
2,8415216312742233	-1,269310614684561
2,5934004744379378	-1,7011341996682467
1,383075560896044	-4,473476427512349
-0,13456668377068792	-2,9856572621901623
4,7674178875669355	-2,8267855852604664
3,915467410647206	-3,0722796038663063
2,9212165596694177	-1,8528181534757537
3,449925050366767	-2,935377501761018
3,1587543646588205	-2,1221371865788288
0,016612837674255143	0,8717764126301376
4,241820364806124	-2,408527987406181
0,2162461550756437	-2,506047543952996
0,15205705598626323	2,807811659955025
1,1587669050981333	-3,1976293081335063
-0,46944311351838053	1,1786368607136932
-0,10931689472685846	1,6571474224675053
0,3880812402321284	2,256943071692255
4,128997123529503	-2,441906956494679
0,8026582613892316	-3,0932258726472934
0,25261237750284	-3,194876992428224
3,635374248122699	-2,7463727519275096
2,734362629110172	-1,7316040255866518
3,230747150551312	-1,0462351028601384
0,8484093247710198	-2,7618353195820036
2,928261798487775	-0,8535415608599453
-0,0469076602293228	1,9884109838862167
2,3552101261616496	-1,4267817838374524
2,489538861602979	-1,5494228846355322
0,6906996654837352	-3,3106921205119635
1,1967901634244038	-3,5916577917812886
3,1494166386441025	-2,046182880908789
2,8735754886738243	-0,9289008028274579
1,1125013363458907	-3,9412886243354546
2,929990613851499	-1,611164802244943
1,1517100866368022	-4,625970016572794
4,318842154555234	-2,3195525887034396
-0,1807633553557082	1,6476525595623732
3,4041768118688216	-2,6687143514268374
4,149381303069667	-2,9043566014145537
-0,7565406432169413	1,7947138721633684
1,721174355788846	-3,6753946300788796
3,3871928982299027	-3,0152370867825073
1,3835650122988463	-4,37450702003892
1,576947504990383	-4,2798898884563705
3,2426273348899795	-2,170046776563041
0,11417414030553275	0,41624510861704667
-0,3480308429134339	1,9853171123232416
0,3785533226257169	2,7017084168139247
3,3940935273301927	-2,3774073982279806
1,0035102914732756	-4,686731927212779
-0,3593895969686368	1,1374727795029205
2,5723840587420246	-0,9190336253657935
2,7724624570519087	-2,1996144305254317
3,706866897835998	-2,8909686365258023
3,523415899733774	-3,1016048300927475
-0,08854578350749259	-2,758938416229313
0,6687228229597048	-2,7846886856140336
-0,542263387204384	1,201488302973766
-0,016319323868998703	0,7764725039223768
-0,10355831335605514	2,1367047394528673
2,4597786244888282	-1,7557186611570494
1,3042199431130803	-4,758557969683113
2,8128834635013185	-0,8320017038787072
4,3830619009919936	-3,0429994696276563
2,8156982515333446	-1,4704004980380698
0,6684559364566799	-3,230622538083142
3,309432557795933	-2,485510058738501
1,3143496079451131	-4,28862579663764
0,18519686216942277	0,14239043768108983
4,378127894499114	-2,7128163504652365
0,2083730872884602	0,6676454805218585
0,29407905110402915	-2,9547016352129236
0,4419307470995345	-2,938287397048345
0,10818412023327006	0,5826141243918371
2,7111300078923093	-1,1361904851449571
3,729009410585422	-2,5128265608353857
0,9083186287531433	-2,915035544715391
-0,11582242840347456	-2,941108363936433
4,087139077501443	-2,6276839708693167
3,686239074102759	-2,433465526070715
3,1342678962513375	-2,3954040813067774
0,0889496611251781	2,0211530887757627
2,7443283628575297	-1,7973033447805635
3,085170325048227	-2,4243601277837747
4,6008678598426265	-2,7021303770630545
2,7035924922194767	-1,1302657576171133
-0,07210318500037904	0,8008547881049839
1,32396204511298	-4,812594267292157
1,0429959903807584	-3,0674384217500785
-0,6115593109499562	1,7106781607187636
2,9672354452026295	-0,8832320387840846
3,460168558324706	-2,7568954932270398
-0,38586461638548686	2,2478061643767653
2,5449893579585607	-1,3849223275464162
1,2291480379727946	-2,8993493272354343
-0,4980680957412993	0,9767233242460294
0,5740978812563428	-3,184642061540917
0,3533986433277503	-2,5699506749574437
4,464245702538777	-2,759296147242355
2,5404764842721557	-2,3253184414989776
-0,08388286867812889	-3,0104553910628127
-0,11332814113901979	0,5485498128343516
3,9422532359715734	-3,0205239840465232
0,40234880137711393	0,7624564413010716
0,6043753055538558	-3,1300674194548126
0,21376388885533149	2,3422340621717703
4,117913301740048	-2,752641200321472
2,7840977112145593	-1,5289729867378379
1,2682747716982234	-4,963244430230365
2,658119203644337	-2,391721177321558
2,5691396230198507	-2,316855312145754
1,2184550194504264	-5,056909540813954
2,758042128337689	-1,2767847931950196
0,14294119271465672	0,6822474201878712
0,7797030554169805	-2,9606383838747163
2,5199060129051767	-1,6058471016764493
-0,0956989774537198	-2,9186845850093883
1,1169482080266644	-4,129300465838884
3,0114232297631496	-0,9360042690136543
3,5183307477208636	-2,6960012055771245
-0,49799392476197735	1,7417112258450276
1,0815636680121785	-3,9859113152531287
0,9045824620976584	-2,868000209504849
2,9198815827884195	-2,18287694041422
3,400263288004755	-2,571547125109835
4,811350299994364	-2,780084126486148
2,5061895708080524	-1,5138028040289238
1,1695599142358257	-3,6909209486743952
2,650239683103643	-2,3369147820080283
0,3027394480839158	-3,16772119552283
2,8299063345601163	-2,670708668242922
-0,27658153894591797	2,3523254050326683
4,234398986473355	-2,7704788187811196
1,6188084292385938	-4,2213260255397245
1,1977552414608796	-3,0959524512632832
0,617726714056284	0,15803668178857988
0,23683901466795398	-2,7036928356704064
0,12559722407457063	-2,6116834318488396
0,8278467869055334	-2,8139555623207513
2,4091798715826407	-1,959253375429841
0,5791811375274833	-3,092475149367484
2,409906365405773	-1,4521334198338878
2,918177366124197	-2,0746901923866217
0,9166362735776992	-3,1776460520248673
-0,09727142216024831	-3,0670009277459984
1,040895022977394	-3,442397022988575
0,923160657201064	-4,294721125100976
-0,133523195514606	1,1837489308702915
-0,5232747722989117	0,5640724288227523
2,8181659720629897	-1,5805532833858416
2,695069980410823	-2,362154956644105
4,056179024179662	-2,9775711824114577
3,5877473207902133	-2,566934075993351
2,933112614858031	-2,6977094505074346
1,1087748880606825	-4,126049918423383
1,1395094609835241	-4,526310354255718
3,1456580640422995	-2,2266407948460794
4,664284132104912	-2,618336547662203
-0,1491262663643257	1,1406151858859765
2,5736029644886687	-1,5670444285563052
2,8155312907871517	-0,9447779531325646
1,244290952158011	-3,4048124343464785
4,4176510287755955	-2,9645601186369075
3,079784156128667	-1,2152479221895507
3,043103529916719	-2,5644012411647585
3,7442300153705363	-3,15296010988887
0,04521976489725055	-2,9585893097605185
0,5794483787618119	0,027971263150417425
0,8074488752512179	-2,896647724939524
2,5723635755417513	-1,5477416009054255
-0,28895191638914575	1,9554007308083736
2,6544893189153487	-1,738508126074701
2,6954655687487192	-2,4647784389230303
4,311297313418412	-2,924907282804308
0,07421252715965043	2,3989209044663875
3,1701787773581454	-1,2464096319149622
0,10568959446904969	0,7057323136332996
0,5591014286076537	-2,9624569127659544
-0,5710945795688007	0,7161370509294454
3,1872244122796864	-1,2625352259793
0,13386749437220447	0,6834668886191996
0,0009030053193557208	2,6408248786508084
2,7205084502977757	-2,253042871460771
1,2300552482001696	-3,565215525960253
1,5152353222234354	-3,5246494824961765
1,2183148548510492	-4,733165227750864
4,737881974453008	-2,809333418061412
3,088864417870614	-1,2730340653229275
3,0500406256963117	-1,4953384467083102
0,25045985229459844	-2,9659446726194076
2,969385615872949	-1,7438228327880654
3,0820870652259758	-1,6253099585587798
4,13381938744908	-2,9174945554124
0,032037214937048364	2,4423269992040146
3,118932025604325	-2,213796357848953
-0,3097462206974081	1,2518535377745883
3,432783152880891	-2,4397133661492143
-0,35573240506142567	0,450635317737903
-0,27272449753800965	1,8058669863303973
0,9907648062086646	-3,1950127944358044
0,6627504836174166	-3,0812656953704134
2,5248122360530947	-1,7802760634597288
-0,04987466233033033	-3,083368683714986
-0,20384683009158366	1,8864862269848008
-0,3667171570146327	1,8591298734482464
1,4776986365734448	-3,9313682506420293
4,2826333762039965	-2,5843421364490164
0,1453829242339582	2,7119311532965065
-0,12783384021002486	1,573540403363735
3,034968740328441	-2,1558403390607563
0,21971450882352728	2,40219239707697
-0,5065262233746948	1,1551877684102028
2,8785713152885526	-1,9980034962563757
1,228492980086527	-4,526536007476592
3,9257573124267218	-2,8252238982750226
-0,3370424197121924	2,4680403858041124
1,3692217014952484	-3,975422822236017
1,4408966643354284	-3,1972646328138548
1,4439358965627624	-3,5956633249604737
3,051981240581915	-1,728755266580156
-0,08824811071958971	-3,0037548329767825
0,05834395604439413	2,0340569604673187
0,4123505633584119	0,44480078582030047
3,1488319798208853	-1,0923263038563955
2,587250630973795	-1,560177030716783
-0,4935392987110929	0,7923285231620573
1,4420587788187382	-3,5399493045779225
3,050232937339323	-1,2892774968224916
1,3579050119883342	-4,382200755986321
0,1898224811241449	0,40108255482124644
1,5653754063229979	-3,703973329297573
3,2334012598024233	-2,147200249773112
3,2935599223614074	-2,428704793411078
1,1263351636267713	-3,6520101808977263
0,010137485407177849	0,35473801986524856
0,07490586117756615	-3,039598265964785
4,200981803162939	-2,818023795843872
2,4772306248426466	-2,1500450939623335
-0,30515273604668414	1,643359693898229
1,1275511125704432	-5,104564920942421
0,8598693714513215	-4,674000901926806
4,319655168190527	-2,6362475454242054
1,2272004457146006	-4,79142478134483
-0,04290256007905391	-2,7599326262730983
3,050613707916189	-1,4193154418928773
1,0770138973473835	-4,822353339798321
0,4562064387786908	0,5332672757691768
1,0110094608593618	-3,443929246387466
2,376801460757229	-1,527463247725318
1,505338083701486	-4,464725539187682
2,820145573337662	-1,015655150675946
2,8567587485533603	-1,4656982667297305
1,0435336951156111	-4,418056462982931
1,6775297369051065	-3,771178523162823
4,722820458208357	-2,680283359426522
1,5242234912634247	-4,404787273837215
3,032570991586603	-1,5093211059304699
2,7550106526069538	-2,4975210293949632
-0,17646517080420743	-2,6335193438997546
3,8867894275648784	-3,0080988250897573
1,6275500718934752	-4,513835671733684
2,8711154173291478	-1,9630721202326469
2,960522223181755	-1,359427838892704
2,9759637503405694	-1,8243926739286065
3,0659598544638538	-1,5744457111682004
1,4597126270625251	-3,765745650124366
-0,7771269718198548	1,5484910533394967
-0,10591412454600935	0,8869202035063679
0,7107917159038878	-3,3126804692333156
4,306157004679944	-2,332826800353529
1,7062569197701731	-3,6633814295042826
1,4096685755846416	-3,0620066374956396
3,1539782441564608	-0,9597025592690945
-0,19698546176830167	2,260308896378943
0,2859181059302027	-3,191774679174004
3,0483321594218187	-1,9758533529266793
4,127527414365129	-2,558576911229467
0,9331163325260101	-4,285368784124577
0,7985918203946785	-4,598262889204129
0,8644138207725103	-4,782046502524649
4,437627654029354	-2,4080123072284136
0,028422371072282182	-2,5935490160958916
4,2004494103915295	-3,0141952886739842
0,15271271044553486	2,1197723475051085
-0,5458889168489032	2,136901132014473
0,9508002548306345	-3,6451114918428784
3,970775444650944	-2,9205443186909017
0,3471110083554672	-3,1402584839590384
0,7817449296107362	0,22327296437770183
-0,1641276050370386	2,0313430760803213
0,44711860652185775	0,7245255012380013
4,0900567223809645	-3,160289152835092
3,9579927846699716	-2,9148587342264105
1,259900723023564	-2,849679565703431
-0,1968173084326118	1,722345660837499
0,3703200927896227	-3,0060293475362023
-0,17308135328592378	0,9895537593580129
0,7350417857017985	-4,602020254386989
0,5129746274966759	0,724596081562211
0,9691113740038387	-3,5288587354245404
0,3415005814046962	2,2327476428743247
-0,6485164748236614	1,3770388785375103
-0,013142460386947552	1,0632581373638756
0,7714885214500671	-2,783878147028828
2,3452549563563156	-1,646129136153967
3,4568469097633727	-2,4164688063655575
1,079031560724628	-4,605967122996475
1,2107375883055354	-3,377430598418241
4,20887520424639	-2,4006963267624393
1,0070033582259246	-4,501140576973707
4,329748394912449	-2,6576261961798906
0,8779616049777008	-4,582068397333957
-0,3582054402404362	0,6179711327737921
-0,4687175376858834	2,1905835138638032
1,180215232184687	-3,7343478802926113
3,6960382598567127	-3,179821779279913
0,9693622001007982	-2,768426488281661
2,4924208817342595	-1,4942902561067235
0,9153095780156839	-4,904533965372889
3,0331947660217	-1,1742348120238557
1,5771045649452644	-4,0630546325128805
3,083572176167085	-1,002716110329855
3,654084392582396	-2,435564076658518
3,1943926419609685	-2,8751410772387036
4,426776274804953	-2,4896669583669064
0,7332393950409624	-2,528309030063286
2,389165421456772	-1,670557583567132
3,1265028450043517	-2,0810291668751297
-0,34410942580384896	1,5335028184849082
-0,21871324810597675	-2,690539878252017
0,20884241033973927	-3,056670348172794
0,9954642522668871	-3,5545400913851606
0,5708334442520879	-2,999406075251313
1,3445441135927956	-4,292449379450613
-0,28477281033469637	-3,08553004716266
-0,2606419487317301	1,2334060046705813
-0,4270909356342165	1,0137520731247085
3,8455584284755275	-2,622125929084978
1,5943723844807618	-3,795793773288859
-0,38096481382718084	0,46339008282997574
-0,16320660563561706	2,3558704812032674
0,05750444439596214	2,628909176520601
-0,24037070660361715	1,245780983573566
-0,008335536111496566	-3,166778268855667
-0,2852480675085661	1,4418525808984939
2,9612906906319765	-1,5181643708071506
3,286506362161685	-2,816902035375888
0,029142932571410596	-3,0225926361142528
0,8092353545266937	0,011662821225357112
-0,36711570326554666	1,7852567801456398
3,018814823432105	-2,926266669524697
2,3457485400708364	-1,570304870291741
-0,4654562992627511	1,3691523769566947
2,7596518747148084	-2,1056338487507658
2,839099431268831	-1,463648204568841
0,21427401454409112	0,5011157097170917
4,682216565490554	-2,8349244423506876
2,6306195765074247	-1,9293453756090022
2,549427857507629	-2,2027777646396114
2,8418427093372065	-2,497648775824694
3,048416584814413	-1,0763755525412968
0,16338059256335213	2,5351466695021294
-0,09416503938084453	1,8339499247868036
-0,42496540035445873	1,6085858494894523
-0,45955336161677574	2,0793264811126106
-0,586697972110862	1,277102581879799
1,0409837805304267	-3,6773164096688085
1,0261281340715103	-4,454471725682099
0,6120504228348426	-3,233759976580247
3,3898506457621114	-2,7808656593159844
2,8885297253689215	-2,383466393610937
1,0235297833246861	-2,763288026725649
2,8805104007863878	-0,9989996836291579
-0,7639712778253736	0,9925197847860638
0,8519548550633664	-4,576064221045325
4,245569115637716	-2,8675178021856405
-0,06560830230149761	-2,5145520932032177
-0,024528697355932327	2,483102368020751
3,9379737906836243	-2,6917770688209846
1,4644808644278804	-4,00074890359316
1,1009206060305066	-3,410686547710179
1,5311351935199453	-4,562668088774833
1,0015150405602427	-4,335504937097302
-0,04504075277746511	1,143565656596636
2,793531206887091	-1,8272368099435459
4,2507273939814905	-2,6797023985034896
4,164322864908236	-2,4904707886038135
-0,09926169780421712	-2,8989986362034665
2,8001714569465745	-1,3809088147574404
1,4669871450220906	-4,043961435509539
1,5270695217967571	-3,950026722821988
4,191653720237622	-2,8214300707371995
2,832097826111802	-1,2911630138299006
0,3423897806392947	-2,480982950556376
2,803339800180495	-2,313631185345678
2,625968569247494	-1,9885217542021068
0,9553774569567535	-4,566798666454965
1,1041146685487977	-2,9704597158087025
0,3680861189564025	-2,858907897334576
2,481322326307933	-1,205739049789583
-0,5160735697724588	2,236945747129708
3,223713361310494	-2,6277682940540985
-0,5681831572181893	-2,7080857081468723
0,8798242303102508	-4,525007457187845
2,678756345938339	-1,8161438316865155
-0,4399093878390863	0,7181102780768955
4,437525751399842	-2,776669328851643
-0,5500857323223083	1,2650365193123836
1,5257837554664653	-3,812980036114054
2,9510964514117735	-0,8076095288143893
-0,13596836204089496	-2,7501572871064535
2,893242866778201	-0,7207575469532191
3,8205189918561215	-2,7746669529814962
-0,006809354838354653	0,5558985528417835
2,4749541851219043	-2,2601592315578487
3,615879102552924	-2,5502791517626
3,507850985559305	-2,721202505946576
2,6533147565835615	-1,4692643436201593
3,683748815449115	-2,869560487567643
3,9679913371751785	-3,0641710217086366
-0,7686409590697341	1,643697669574682
-0,23197580545681806	1,2250497767445498
3,031357687447258	-2,454150425810659
3,3287942265467763	-2,636430046575991
3,585439902340699	-3,1538168140590965
1,237657909977625	-4,548595437283558
0,3541259640978089	2,672450958491998
0,13543501367869337	-3,196052932622702
-0,0754787362316619	0,9430467266870872
1,408032028924092	-4,229311499171352
2,5469485254775415	-2,1130043249411448
0,829832183945121	-2,9545217052597184
1,4000172771366777	-3,076513293281703
-0,1459534767455064	0,5098032300349865
3,009549019402943	-2,0998706408801446
-0,10120092183831586	1,2371414008657784
2,6887869352411635	-1,1404176244396258
0,6569887017437657	0,5991099683382528
0,2477445587993019	-2,8156389169523344
2,9339141083124516	-2,7661921973785466
0,3990024121139078	2,731860315454992
3,0632265286510028	-0,8725534760829032
-0,2125252956963275	2,4693584263183506
1,0532228754036974	-4,371542601210187
3,766009792912425	-2,5801426351568497
0,3489419021818785	-3,158425733164182
2,9980816876681358	-1,5213369483082637
2,53134038055016	-1,944066065395933
0,05276003781848593	0,9615121801332364
0,3072633776928988	0,31224039792663394
0,35065413103828513	-2,6780687826130225
-0,5805831930309477	1,1105289801523837
3,634696638429703	-2,4904758177072983
2,7584148680715037	-0,6384981028576311
3,923752016349678	-2,487800798138898
0,6354110374729757	0,13029218769474404
0,8402249739515021	-4,6188211337370975
0,7535794425808804	-4,64443802565446
0,8456943760886253	-3,1525913318977796
3,7836008789530657	-3,0757386879640856
2,9858844225697685	-2,040822419743149
2,883361760002182	-1,9763646998006859
2,7675069459306716	-2,688467022991099
1,5859845237058114	-3,93374864865224
3,0659734090654656	-2,92917754324108
3,0763685738242676	-1,2145406601895434
4,304916904137092	-2,2683404380624195
0,008520555604874636	0,29177288738070795
1,218289628523668	-3,988433098248782
2,6482707042925306	-2,2815212865052494
-0,24444235290340244	-2,845050621173767
0,40901428471090495	0,4846738656344711
1,3492895478341538	-3,77335602019416
0,5226108365292326	-3,168851961536433
1,1295032069784978	-3,398091553716474
1,0321465155332323	-2,7471281030611028
3,359365022725962	-2,770397541359774
-0,5115008631535842	1,1542406211082685
1,3248813884397137	-3,8442321910688633
4,150862531750213	-2,8450750939266816
1,218354656870054	-4,491945047865155
0,08690761726662133	0,8583868766275475
2,9911133645737085	-1,9709830902854084
-0,10727035929336315	1,7905487393152553
1,024866474598965	-2,7013138085752235
3,9871867148587437	-2,7153915175744823
1,1408097628239164	-4,604271927629917
-0,2604850956926562	-2,689060642472051
4,364403527842748	-2,584601632104
4,306830801184554	-2,9595362808020154
2,66888042347568	-1,9119597871074703
1,3859200127984386	-4,013887225630306
-0,240374874600772	2,1484395033376735
0,8473345851850476	-4,603095475855671
2,885052205746672	-1,211875677312138
4,396738595862203	-2,450091735085805
1,4331779871696944	-3,212982299148673
-0,033870841651553185	1,8864899975744573
-0,5280062793667029	1,8949817002707747
3,7724510074627546	-2,881666965816327
3,015046038387042	-1,4309227995587568
-0,053606645336953695	2,765383698186387
0,057451209511723056	-2,734942753655717
3,1952099856116982	-1,0234916076449052
1,4691212063246724	-4,526940189662345
0,27129119568171983	-2,9551244302669986
1,3147394620207988	-4,563495302727439
4,118379724976846	-2,5952854432539487
1,2213969831919318	-4,706769123205402
4,460905913035039	-2,464385275609516
1,1254374188068217	-4,695192915725245
1,4837458111593398	-4,012797763669893
-0,03710447252991256	0,4982756180178227
1,412919119718802	-3,992913009476656
2,5879293721415593	-1,7345117909995704
4,522321471522084	-2,693640301227229
2,849301159519647	-0,7661199552447846
2,503157221274817	-1,8567208409056115
1,2770736579671245	-4,154184466660353
3,671850751329291	-3,1412125950983087
1,3878440493616016	-3,96580874818639
0,9731118866554952	-3,268868751483468
-0,4520087463377156	-2,7970783203499696
3,7618750833192376	-2,901828636454062
2,427380481163219	-1,7857185246516147
1,0899120204630623	-3,9898891367715383
2,6536609511273284	-1,662287005261983
2,5753345165270107	-0,9563901974093195
3,634550240115465	-2,905985874191847
1,3054770878693378	-4,7430293677381385
4,750456023403628	-2,7283440367780276
0,9097601624330943	-4,78337611010158
-0,7163902414158649	1,1629582527134397
3,296494083581407	-1,1269382878705951
4,044129508113301	-2,913457182916821
1,4278215423957181	-3,4677275699355485
4,1643571197402744	-3,136161016625856
0,973334493065533	-4,235468081440187
-0,3695635856668662	1,552454240440139
0,30188318642516976	2,8889926477494257
0,8121831718152686	-3,3779275720906616
-0,006894673987470457	2,066171227476399
-0,2773852892152662	-3,1268974037595423
4,105182280262947	-2,9181850856275844
0,16916867912490774	0,6773273615246301
-0,30541025840162295	1,991399362339335
3,4391459471151693	-2,4549643547981668
1,0249669771513967	-2,754610248325746
-0,6389393009929871	1,177405097899824
1,0174458709993295	-3,1331433749878377
-0,36241635334566036	0,7961793089562562
3,5512050308090726	-2,525470289593163
-0,023186893215686455	2,097161782330477
1,2163674635370958	-2,8936554311418576
2,9571503205524756	-0,9113183622556389
4,479569912069286	-2,6589902844999145
1,3646103431683203	-3,0752861151353312
3,5752410173459443	-2,979563446543282
2,8798690328204533	-2,7079774631244447
2,390268122880074	-1,3846077179091347
2,558620539022332	-1,4384462251900945
3,3033456396837746	-2,724023819713704
-0,44163301586716064	0,44605758701898734
3,4097045579836314	-3,0078104523334197
3,5265650543192213	-3,0650551501612884
1,2647906933519222	-3,1339334815909297
4,450962047622778	-2,912823927295155
4,395919685193452	-2,7798632499849236
1,5418339047630845	-3,5954279371790383
2,7617315979555634e-05	1,0721876534755088
2,7916835626031355	-2,195718808474163
-0,15402226443888262	-3,230251622566926
2,5015465591735175	-1,14984031042823
1,2830023385549774	-3,1002642340418234
2,836068923896404	-1,5463636738189823
2,7434061309491335	-1,4684887650482104
1,0919847552955615	-4,676394472037997
2,618018265789652	-1,4534022762971737
2,595612857173848	-1,9783332849481616
0,0821856993335055	2,013373698087174
1,317934757044411	-4,657421277122834
2,4311682470259726	-2,220694559785329
0,08096767993857223	0,6428728659834015
-0,22161738184853186	0,28865910838903064
0,0816199271348178	2,5037406044274473
-0,16952291125556962	2,7303402677555
2,495078504542738	-2,111123503440352
0,7117531778898872	0,24814230486604294
3,85483009661342	-2,549975537016249
1,2071779700760152	-2,8237808677444147
-0,33452098187276014	2,3969856894236408
1,1167488312760692	-3,741253873456875
0,27104627318200647	2,1782276528606896
-0,004287236902683622	-2,9673007157279176
-0,16229539837851042	-2,6144031065454896
-0,11878691546712344	-2,5431517526545315
2,8639923251812425	-2,3234188111673952
3,70429998332575	-2,4929380207995324
1,3210263845834627	-3,363840707133191
1,0794673819266793	-4,661656941043896
-0,23352877459628263	0,6756760750487024
3,851209675253147	-2,5119952172427022
2,6912768332924393	-2,2233818628076216
3,1438502788793654	-1,0033971676337619
3,140200162108458	-2,5003972556362757
4,682182325810748	-2,8481734245965056
0,6989932506549377	0,619825787858175
4,586891048799343	-2,64426565579309
-0,8261421233688515	1,8531590035675813
1,1545016690087473	-3,330248235166061
0,21244349529050138	2,7290300993250964
1,083655212936916	-3,635353058255443
0,4120980498941552	-2,5887214915377914
-0,3784155599308596	1,2237060360050884
1,008240571450393	-4,134542592903483
0,310898336605096	-2,925277242274828
1,1740627093576927	-4,215986498412236
0,13560240364047937	-2,994997450473509
-0,012857346485652843	1,0669152838595628
0,8440615556683924	-2,7623493120807647
3,192310355086871	-2,9051690078321433
-0,0656502721307981	2,6149367344389916
2,6981084457367714	-2,59293982743478
2,639415157125957	-1,194168616508586
2,5316141058235075	-2,050450187776239
1,162501378077986	-3,9620804957435602
2,8184485211320367	-1,1584438827843375
1,4640211841581554	-3,2699648615122348
1,6971146443722653	-3,6125793031640407
3,033886862597634	-1,7335963357788895
-0,004660469490801011	2,677664849287745
3,0737874952848814	-2,853637373397531
2,6453237770159097	-0,9065237688068599
-0,16667419584125454	0,4354557918118702
1,3337772403797445	-4,220270633671506
1,546612402093049	-4,656550080744776
2,9475617271705845	-2,14568732114848
0,9651126627259414	-4,9116406769898715
1,3670550877306198	-3,955001885572724
2,439667125504758	-1,4573216005849958
1,3456447922225685	-3,1799627568889925
1,2859234285511925	-4,815786543079106
4,215691729469942	-2,7708430293118504
1,6736727073344995	-3,625673775004978
2,5102065001547094	-1,0932899880188818
3,2466818718423567	-2,241987560126245
0,509854479405114	-2,6504495622132214
2,997252160784047	-2,825560982943406
0,9361326291424672	-2,6776487282407415
2,8657322556560403	-2,2688971210759497
-0,16504292091805262	2,3091251995339688
2,4661530282186996	-1,1654747013702866
3,0726312877230875	-1,5550178103981769
4,492546128326783	-2,9379526942440295
0,1450881822602691	-2,8418781116490495
2,480382785039581	-2,2763244119181345
3,4272695065617	-2,3430126092892953
-0,5269075135455712	1,4460724423963238
1,3157171643689474	-4,235060479678207
1,5396076454687861	-3,9262451835496943
0,6563395310259321	-3,2736499303452025
-0,35021717627447513	0,6768710142787732
3,529653163942892	-2,605227144942977
1,1508102745184883	-2,9530548900718765
0,8621228023010691	-3,3680853841104668
-0,11740846048644943	-2,8480830220090274
-0,4497875627333312	1,1376005372318994
1,1330724420702365	-5,086941517232187
0,9352926792731087	-4,341862899761218
0,774981180541998	-2,674533304195351
-0,08793971755297203	-2,9356713843895017
0,567766582382486	0,34309618445824075
1,4607833496315916	-3,733270356973983
1,4428909431119195	-3,2729136105163876
3,1811665308715797	-2,45474176452406
4,2477613753323045	-2,799848693219596
2,4513612658935946	-2,2273444176066315
4,305022201585757	-2,439436021274769
2,6354384318015662	-2,568090370532722
2,7261481811424173	-1,4241526724097047
3,6678040292164167	-2,505923416359022
4,086208790171312	-2,7431178003828345
3,0745540994576386	-1,7649466399556644
3,844015876619311	-2,680273430710542
1,316532156801878	-3,38047432610821
0,2925199909247891	0,37776652211049755
-0,36417542649615675	1,7609494728845563
3,1009622803020136	-2,043993047536974
4,270648970034901	-2,7088674999161872
3,0168480429948548	-2,1836977318360593
3,528248218206885	-2,843108376771506
1,4567150421117394	-3,5272874827334793
0,1809233700916626	-3,012520137024498
0,1755186646365623	-2,6861309188023332
4,164106450261859	-2,532808282807638
0,8747481090630802	-3,1543655289073818
3,0974531030432404	-2,6701620783342803
2,9563268323699794	-2,244873908495514
2,398290746737054	-1,8620710056577758
1,1713172402399625	-3,57403137389455
2,7934776954956337	-1,6476581066620972
1,2295214503798952	-3,1076225082685496
-0,367717564052336	0,3998956822232027
1,2676602159340287	-4,9159240605072565
3,376124121261843	-2,4180660752240613
2,754054899155437	-2,4726089838433483
0,4797147519474571	-2,94310612303625
-0,5675524822624194	2,3152020330434837
3,8768762083582127	-2,5924191978280042
3,283762336353141	-2,28449536727514
2,9915530148247393	-2,0945164637345406
1,1424403508640522	-4,402946420822333
-0,4690104524516385	2,126746820803498
2,6770184495596965	-1,5585373497040442
3,2729249934282505	-2,3850124817283236
3,0455692276961397	-1,0387401972688162
2,8027888591088352	-0,6915637643590986
3,107936039514349	-2,7716841035694433
2,7163707302686984	-2,1339836382699304
0,04745918768920537	-3,098337128459005
2,4387616714059845	-1,2752085780741633
4,015641457132694	-2,8377974188110313
1,2785568390523434	-3,5789809421385046
-0,0954245577510765	-3,06724244151222
4,488699127384808	-2,809356095202207
3,0584762926871347	-0,9527884457304944
2,6682043240713518	-2,546586447984925
4,754514712351149	-2,8357706705930132
0,9375207695152898	-2,8909370559016256
0,01995268680181045	-2,974419767161738
3,0326503752340392	-1,5432143509915228
3,708003950757874	-2,890562089481352
2,838538244128622	-2,7044404633624834
3,724203279687064	-2,465527756494902
2,8950438920221955	-1,0138228749619786
0,9178525416836514	-4,556145110691132
-0,13571912877467862	1,3224336342656926
1,0037282068485596	-3,94643895638987
1,083149249572366	-4,533381487443033
3,0396175813220125	-2,9032066026000583
3,2122159042654395	-2,357938102383356
3,7955920010802227	-2,8906765638856493
1,4576850746620589	-3,1727051668781203
-0,42122320238161093	1,1203001875463672
3,398669468293924	-2,748096963075456
0,6029706721721206	-3,209604235303715
3,049350175061127	-1,3842551042136568
-0,11523174405479242	0,7051211668206092
0,4014149899597764	0,4752382003270501
1,3253005592451954	-2,90511269307423
1,5317836786578254	-3,29864836883857
0,04808969373832794	0,13354604027225347
2,8398176298014137	-1,3998160022084496
4,734639696821361	-2,880353238219132
3,0790473977556037	-2,703461356040746
1,1444751463808487	-2,8357235723375833
1,2454519166597944	-4,903203165583635
0,1466284307078386	2,647163571439731
0,1272644983781983	2,067598843705439
3,655736149825258	-2,624856201470743
-0,1314517763706463	-2,999771818728539
3,043106205427973	-2,101544108170529
0,4831905223860318	-2,6474763386381386
-0,7229794399451515	0,916117093997673
3,3132284857492866	-2,4395511605586866
0,3568893909717664	-2,7212050499001856
3,194324899129511	-2,7730470649436487
1,0749859224205656	-3,194005488339157
3,7025479667804655	-2,89115897900798
-0,7517025580361931	1,7578884848409686
1,286165191870039	-4,98682473291817
2,649072072860123	-1,538435481176248
-0,18579232306519444	0,31601626882775125
3,970688506657199	-2,740499309504627
0,11237286660153539	-3,122147478538367
-0,32079910452896	-3,046393215801813
1,304622975725066	-3,867311414491583
3,1554209959680923	-1,2549955745931913
-0,40095524647600955	2,4362629980117574
4,6224175830338075	-2,876266219177578
0,5484263597015439	0,5560729005892958
2,9316065029517993	-0,7814962350851553
-0,00297108930373291	1,0162124364547185
-0,061742758851947244	1,093270726981157
4,296925319630634	-2,9334708536054155
0,2008049886223615	-3,1155570814847513
2,874680385711576	-1,3101672997966518
0,556378061887079	-2,880849801792148
0,28847011258521804	2,4129720975904525
-0,3987763982547037	1,335389522832419
3,9439829275789	-3,1095747005978134
3,716733999778311	-2,558116507059412
1,5339926854872372	-4,662491896305729
0,11666628817795666	-2,7125899334993075
0,9460944435490826	-4,4881054924846095
-0,31876586464467394	1,1061580884167448
3,12212195341522	-2,529323778805165
3,6430299361802514	-3,056731457227358
1,324963087186926	-4,972797057147285
1,2147506504810928	-4,357362298468413
3,2066308147558162	-1,1186100553039657
0,11661394715935447	-3,130151751738458
4,1297577427942205	-2,888972470946216
1,1383347400321364	-3,623266526559303
0,7461195448352927	0,020593179662911076
-0,6535798698148441	1,6752929467969757
0,15877445815771285	-2,5719934534517725
0,8821053482825898	-4,645294460931465
1,5077621344647592	-4,312868361628887
-0,10898612896799564	1,7594350813538386
-0,10691212432952368	1,3165746668570137
-0,6808153023898613	1,2836739106535353
-0,451952134380152	1,8300039511447241
0,8432227738264447	-3,4875731506999954
2,6619714294445953	-1,715266584599588
1,2081007624412943	-3,555815522652347
2,5316307376940452	-1,0150246985979696
1,0412603744753732	-4,0284888300093
3,3264755856656767	-2,9806976873872837
0,16043101680829158	-3,0554829989673307
3,1343696468507973	-2,1538480431488365
1,400596592343422	-3,47707013174645
1,165782675609409	-4,58111342510446
3,594844688574588	-2,680578533761104
1,3230833364917054	-3,490065309609988
0,6597125378734241	-3,1102051743827492
3,012409467412895	-2,362413304221481
3,126566453416961	-1,9608481498261292
3,9333575041122684	-2,7838949454683997
-0,07213974406942869	0,4812449603329678
1,191385965364416	-4,701701066933562
3,1062140871575474	-1,2266947328257976
3,1914092977038124	-2,381371040114515
0,2638290472660296	-2,736304691430851
4,42694318754166	-2,7179065777330336
2,5071783258657314	-1,4972797413602281
4,834860316687664	-2,7752956434381475
4,169924108950453	-2,3575193009339586
1,26827086400865	-3,7586811702397895
0,02372196030898302	-3,138097273344416
-0,41684740349604765	-2,8556085354293526
2,560226638166233	-1,1298360770694664
3,1194446911697424	-2,172022954212408
3,26669652298839	-2,433429202127554
2,5298236782443357	-2,0373123323079203
2,940241498261452	-1,5023295561943275
0,06778839528152636	2,6273470315199328
-0,420737910607071	1,6765562340951716
0,8560713455665432	-2,945101214183953
0,1763070029058874	2,1835111568399865
2,9586475803749055	-0,7585117927406531
4,076364928147038	-2,9230336052846653
3,0423909586815014	-1,5847920683778214
-0,5663687622868305	1,6295299169244792
0,6651702839949278	0,17791846845027637
0,690591140993363	-2,9942884356330444
1,0863361306118906	-4,108617899093184
2,7446976333691593	-1,2166932776381603
-0,26501021032105654	2,6807074599962664
4,102544831624751	-2,4068491593855765
1,0087041406712889	-4,167374644911537
-0,276194233286983	-3,041849471420958
-0,30228652409253076	0,7833065589457205
3,737210794012712	-2,6319896664836024
-0,09733556892965212	0,9160807641013164
0,8291048877243308	-4,536192936072792
-0,15681670291468686	1,249257746608585
0,6518037781534164	0,5549105751967424
0,7949576872366535	-3,1023120352086035
2,7992483366363934	-1,7633434392925538
2,4809649684276125	-1,5609012560913775
3,523496560502363	-3,0340501176076593
1,300698425288291	-3,443129282842253
3,108773466736366	-2,4120628782187303
2,7847534677354613	-2,08141488285013
3,2690943354922766	-2,6847017520452123
1,411522221886304	-3,6239402576241977
0,38912359083278214	-3,206518620529784
1,0650763513527823	-4,643183635595882
3,7667462280740596	-3,075226355728617
2,852845872345342	-1,2220756400505732
1,250037998352851	-2,913556278963746
0,09031204248420366	-3,1545925911373365
3,9195568513857277	-2,8336092598127696
3,2564226056180057	-2,1754856086181737
1,1598680077870072	-3,905093942540113
1,4877229673255201	-4,143867377314801
3,2881920001455125	-2,3350709952233712
0,2741589006175609	2,796656895069603
1,237308913613517	-4,673424827501059
0,06890382910073756	-2,7483966500074897
2,4430327635363427	-1,30782997939994
3,237765679408885	-3,0482587343719554
-0,06642581534441117	2,0405261865568614
0,8246112282786192	-3,1885967940032
0,45331479559705845	2,307900999428153
3,0971490109467146	-2,464513643969374
1,1456869130834348	-3,570746390707317
0,8734324656235053	-4,690544917817504
0,12101914214577325	2,8551146786456205
3,204882022999838	-2,949728061963044
2,5360741661470168	-1,4740017301353827
3,232097314296543	-2,2654601010183812
1,2166152788882703	-4,385744649282995
2,7169307992517955	-0,8173934114437796
3,026322019404617	-1,2344633389010506
3,457881039656192	-2,686081397834366
3,6138124978651276	-2,49599205366963
1,5674467194358144	-3,272918110946771
4,518695842767861	-2,898445354221095
2,636243980603745	-2,2336426681292614
0,8959206625061569	-4,594379848281235
0,3227117058447263	-3,194730270854442
0,844478853252568	-4,6167697787668205
2,642451237744573	-1,4309006752443165
4,121449038851847	-2,471261531755908
2,995928696972764	-2,302788859945075
1,1308624678248658	-4,4303722943097945
3,0473606487362	-0,9035814912178697
0,8977946396314158	-2,7249331889318538
3,3353447038365993	-2,8206333859452166
2,737571375840056	-1,0815828029867882
3,3818264711133454	-2,7189364880526963
2,956961516053176	-1,9115666865129537
0,1585243084784489	0,21929841057324673
2,5513194384948665	-1,5839623401476088
3,242558022786366	-3,0496589515303114
2,775318026408416	-1,4610632264571841
-0,20132745662698215	2,1064585344052995
0,6487647186934982	-2,8120432074676565
0,28009104177724475	0,16126351196009092
-0,2573159021068454	1,13674372613643
2,7797533458710455	-1,4166076554374978
2,8032506263952257	-0,7716067853668963
4,569883366475083	-2,7182483631278
0,6955123446305133	-2,7385630148540017
0,15207557237930924	-2,5059802005756846
-0,11465422819728754	-3,2013992230665664
2,4100606694035456	-1,386336703162875
0,475631671619655	-2,856582138955596
0,0330352028433985	-2,627350039473571
3,9112298084663655	-2,626939549987532
-0,1556319570884473	-3,250766109198695
-0,3800224586364487	0,7919970124282237
0,6065204037749747	0,43306620798681483
0,9784851761237414	-3,605089150870568
2,6082133115933606	-1,9698163768995214
3,04807222931023	-0,9776915464248249
2,673225504738368	-1,0512355755703653
-0,10177244459681978	-2,525635744243619
3,615517141272428	-2,7908420845352064
-0,42108428367935247	1,0638218741965841
3,056500117352866	-2,4655530739330733
0,8728029818661465	-3,2726248590151212
0,5308069492344429	-2,7644651602832453
-0,5987395908114774	0,6466896900596029
0,4287638605494579	0,2013453198813424
2,978711930267222	-1,4031508549215765
1,544653399398824	-3,642969900794257
4,112346849008701	-2,9100868500889914
0,8328126267909188	-4,67532676415229
0,6870018238943745	0,360206314522183
0,8352013113878629	-4,729103676256495
-0,7537530622372743	1,0058321106451893
3,2216521279705765	-2,6254161672978653
-0,19959602744167515	0,8883353306133817
3,16751364083456	-2,686435444028537
-0,17815000691886107	1,4709526678210065
3,0719187220667354	-2,6715471041670975
0,8686082812481424	-4,622700472972839
0,8896265126009999	-4,465744921457954
2,531020615072332	-2,038498204751388
2,7459771667728337	-0,8076505632289388
0,974022347358107	-4,2479740249604765
1,4231418319300508	-4,546538226312486
-0,09814558024147879	2,7482350851564403
2,9725837114905183	-0,7778467027488289
4,608294067676004	-2,629125022786023
-0,4806916531539984	2,4027445840687816
0,08334894789587405	-3,107939704839324
1,1917297675833425	-4,559372228077476
3,317318738122599	-2,4256419627818624
2,929408957622616	-2,2321531039018363
-0,4115238389313758	1,4800514083548393
1,6248745147965018	-3,7628314970705827
-0,13114560316499302	1,3518636256892507
1,379454099788903	-3,8739261415760358
0,905732202877408	-3,3521651806663364
1,5603640879362841	-4,359971539316627
4,093063706630765	-2,9353592579081242
0,3865033328906701	-2,831515821430402
3,9754283254016434	-2,5624444777634348
1,1801708691442887	-3,297092409456659
2,5633988150038554	-1,115854698506067
0,7755728055544635	-4,699124387341972
0,8658136865106744	-3,242224894524617
-0,16655592078003234	1,5856947059615871
0,9488028867395687	-3,414051197177203
-0,03534086602046416	-2,503957756786699
0,07417356301733424	2,24414909298034
2,9818240893691277	-2,361403163861983
3,9353429168920124	-2,9662892073570246
2,741620238480217	-2,1970770663865893
0,41893574498443886	2,750393094840963
0,9734182483027753	-4,271675291743629
0,45162180910245403	0,512257799077861
3,824378903344213	-2,506653084771065
3,2274594160732786	-2,7172620460819643
3,1238951795514067	-2,604057282376654
0,23382458659063543	-3,0410302694541302
4,348392583601274	-2,724597501244972
0,027633273560855376	-2,6127612851350315
1,2306367641733553	-3,12834589603455
-0,1939716360188961	0,36736941202857576
1,1427839890564517	-4,276133644098957
-0,3458377147695988	-2,92326874054237
4,098170165950262	-2,4840102014036956
3,9151344868097797	-2,6075628225233247
-0,3162482597342301	-2,959684966157914
2,7422840101350032	-1,1290004776953202
0,197415183368855	-2,5177280615271185
1,339414688989093	-4,048776114840875
2,7585817431823214	-0,9196903603630129
-0,2268022322142107	1,2572296697874585
-0,37176354407946954	2,0785340353640356
4,496285910725664	-2,752234257184997
3,453602547447458	-2,5181667127232075
0,08077870561831085	-2,888785538416207
0,2286311486235677	2,913563258498985
3,6617265820059317	-3,0045180172734693
1,64663277411398	-4,147294355918599
0,03498115657593415	0,49406713972373784
2,8971143872849994	-2,684321762350204
2,6748558530188613	-2,5829506577775643
0,46208928784927183	-2,908973002152269
4,227020575473263	-2,8687437079298075
1,0204336763796218	-2,741317641076821
-0,5747109115212388	1,2926897353878513
2,379696424737092	-1,4521259777595565
4,311775990251646	-2,2935622129809157
0,30974362306323255	0,7057087204889663
2,6155623557021315	-1,1299054854837483
0,556891685980692	0,4007193482867941
2,9829526959918464	-0,8119525660047802
2,768940238246146	-0,9781027925096695
2,6805327171347564	-1,742240224652925
2,805056263731173	-0,8317499784183684
4,285524325893725	-2,5909875786575363
3,6851085820254745	-2,724744003851736
2,5591749423233936	-1,1470910100200817
3,530083885329483	-2,8544159932827
2,3651096350377236	-1,9354424665827605
0,11401256248915054	-3,090997901466995
0,19001198439290068	2,598573612315546
4,297539785684796	-2,890399871049892
2,441685679545879	-1,8354135685383917
0,30667866122671583	-2,9803168786582948
-0,1453589329617785	-3,1979177605135933
0,16840407486200548	-2,6140044360185337
4,189143068747523	-2,4219117821501355
-0,3430214465414433	-2,876615938787272
4,213823430491694	-2,6269064656698515
0,8663624927518165	-3,471874380624123
3,0903047905863352	-1,516872582110656
3,0086691686749694	-1,3428659459347583
2,4423183412606275	-1,3428339597757462
1,0748591126223466	-3,613688430188098
3,867456786149506	-2,5373151005260555
3,494946989907529	-2,860223728195905
0,5579548988422387	0,03177382811385465
0,947491189878181	-3,5930569727211648
0,13053305890534306	0,504296662581189
4,238382379254986	-2,376875427447374
3,2942755060911955	-2,5406131145140414
3,6918949574710442	-2,480415337255908
4,547059453727929	-2,8109592549736426
1,4660334748925405	-3,822107704271856
1,4934885354421876	-3,8296962422813787
0,07683652077937775	-2,594147932330741
0,7621742973227702	0,18910901939794034
0,6159386001948883	-3,2905939849083286
1,3556105927384974	-3,303338743928161
1,3253690028185703	-4,8438153769569405
0,38479675609488495	2,4119261106991656
3,802337006274516	-2,5424587613006393
0,7784959320208988	-3,353138990062294
-0,18598245512578965	-2,8150422659205914
0,10425468529316029	2,28117318389145
2,947052305412252	-0,8618226178420358
1,2516145464581305	-4,786148944169121
0,27352910883236137	-3,145251419912313
2,712792764274239	-0,7828480237747798
3,318411227548734	-2,634865774325829
2,4798535821246017	-1,2697836259352242
1,5113818414118996	-3,5782504642654485
-0,4130147572475953	2,0247684052601014
-0,23198429029389367	1,6204528898318669
0,668750820706924	0,7100418219845201
-0,06873981680272534	0,8138397382090158
0,606684133778539	0,14495178442886547
-0,1350164648710147	1,2994884355610672
1,123392080652402	-3,707713695108093
-0,04397335012320713	2,3575420495510455
3,053304720493865	-2,101611032774173
-0,7597417043011547	1,7329262870118654
4,158021445133209	-2,5046465185142415
-0,25948215082353876	2,120201204735897
3,8927231989540467	-2,6991178318937954
3,004970703958902	-1,9161760226156754
1,1998926096820184	-4,696920438957718
1,447319565525366	-4,525678790079297
1,1680131573729757	-3,9597979615573125
0,28180473255937444	0,5265098113578397
0,5059739586029433	-3,14303227637079
1,3559671871896357	-3,1597110771881107
0,0786674502582001	0,9467739894328552
1,0032180933231385	-3,6577295346911645
3,1148428232037606	-2,361560044616201
2,865579402628657	-2,489265740723402
0,6092687378183524	0,28730018671351343
3,2495655637101235	-2,9833598808005544
0,3730971250280226	0,43109197340407857
4,6708663371878165	-2,918401215242195
-0,27843973437586744	2,5491947847043086
1,5616823892034097	-4,288733919156098
3,889856183908144	-2,5076973193707413
3,074867914999996	-1,6491084399196612
-0,42448743175610626	0,984919217759123
2,7472111528512517	-2,5173679813517102
1,2708102779005954	-3,7879448092828576
1,460073355817305	-4,019916471838775
-0,1986150781767786	2,223863967779589
0,9397935162781276	-3,3118711701886854
-0,016396549186966425	1,9191126076472709
3,8102062697739747	-2,81160829804743
1,5521421821774326	-4,528461306402494
2,781370433253451	-2,431597861098551
3,217043336885201	-2,666009692680949
0,2919887117264317	-2,8143323170811243
0,11546434045667531	2,4964057818260783
1,2627585020366416	-2,9572584082187747
3,232837654144748	-1,2302331308648136
4,311858169652162	-2,980691940293706
-0,1225529017022774	2,0384780288554913
0,9513092693051809	-3,6609903684499643
0,012000404520608021	1,9710453118010909
2,680936547770288	-1,6908146932865047
3,093254120020638	-1,1290063291411838
3,5104470690773844	-2,67650534715591
-0,5181961313883832	0,7029008988256896
4,748657327604686	-2,7633637639276483
0,4176590988822915	2,449574575672632
0,4744189412569092	-3,1644792148463106
3,5522398990916297	-3,0200618443665896
0,8241795567053058	-3,0785493705245854
2,7885011266806305	-1,462713442741499
0,0015430995592776164	-2,897408292817542
3,360022857049783	-2,916116486038055
-0,31570159319437674	-2,737954232389245
1,130533130597235	-4,948264008412577
2,7335112174295664	-1,1538794084894488
3,5573867058563464	-2,512662527119084
1,395124420826253	-3,89195463263917
0,9051341192505538	-2,91395551879228
3,589630505697105	-2,8994054157466627
0,7447450937432485	-4,565107099797784
0,8823274546321197	-4,639259707325379
2,79342896606126	-1,5174156452989864
0,9118225762317771	-3,2318740193772726
3,9630788597311066	-3,044752480414202
-0,14718260060030952	2,0890827722910017
3,161031685234093	-3,028653445332777
3,699722368429134	-2,8012247744943877
4,474089196616563	-2,5595094381581998
3,764360038431392	-2,8638939038093634
0,8247641214823618	-4,604158539099944
0,9296532759295971	-3,5334095968259596
3,1273132801125163	-1,981262655946033
-0,6232908880592964	1,199087778527467
1,6287132098972044	-3,5466160387433243
-0,37399413733348674	-2,8467319773799997
3,2637591915440214	-2,617135302454052
-0,6728818433895793	1,261559296256913
1,0182070295248709	-4,625200825978559
0,7863352363807439	-3,1132024500045317
1,0161096466315325	-3,1976059009033286
3,4042893221676733	-2,888589926509073
0,4898448171040808	-2,9509180720568606
3,493817180385773	-2,57552414179644
0,4801666123070846	2,5804802274023824
2,845354913080301	-1,1683409919820074
4,170807982597975	-2,8416859747228393
2,9818921966994445	-2,146658038903355
2,4036426768422268	-1,6482389325404188
-0,6187280279805736	1,9988899213733844
1,1554086871120912	-3,8330529240761084
0,4312820145975066	-2,531346909348999
0,10603329429834873	2,7188514850824608
1,101092596420764	-5,021434673169678
0,1992680953760808	-3,1260108045427235
0,9482799334615994	-2,9336676006994216
4,149604144095546	-2,7793233386906135
4,679032931661489	-2,706537746145692
0,08717262949546967	2,1966047864780864
2,9337588010276656	-2,1410661370749136
1,2268064670321732	-3,005771731672562
1,2112261904277384	-3,9672468569533423
1,1222891250701763	-4,486675107796321
0,8193441705840169	-4,640563867847483
1,343055727616212	-4,71197994347931
1,7054298178473641	-3,861840488569726
0,6340290867104523	0,2369454615077189
0,7140933963490835	-3,1423947249375446
3,9916933877280516	-2,4263480280118586
3,1878864320925553	-1,0344201784826148
1,0293409305543015	-4,961807915666324
2,943502924032109	-1,2500084443806043
-0,40155217402856413	1,6163775874092419
4,037505323713392	-2,5458249571230045
0,45363553868278667	0,5992068768621176
0,27623752157145814	0,309274124630194
1,072735136175082	-3,826200391929234
-0,36543956918524156	0,9624021033009751
4,5475053759127615	-2,820580005066756
-0,4800787702252338	2,378238951251364
3,1219182975050273	-2,361821654437336
-0,45452685382205593	-2,789674691043148
1,125460923197512	-3,301697365801573
2,5578723339775253	-2,161943847271403
2,882217637997337	-0,7055248538033653
-0,3366002303515493	1,4258688808575657
4,350261228211085	-2,633690294896848
2,82259226088875	-1,2108821485476533
0,18516813313413283	-2,650697749751363
-0,3983563270477095	1,2760721273219753
-0,39105593257722293	-2,8714812590397853
0,2526898001208114	2,355789905105918
2,8767565209828194	-1,4969164783008366
2,5812520202244973	-1,570582801505629
0,15034881073010342	2,590559779141018
0,8186070196308244	-4,755181442827601
-0,21451674623095152	1,2453363802149955
1,0659914871143945	-2,954660426866281
3,525854605760795	-2,502260912136992
-0,3672346475024274	1,9846302123382418
2,769532708352272	-2,4857181196114735
3,201975771039913	-2,211233602558582
0,009859665302325626	0,6055819489593123
1,166216458248687	-4,875670014295201
3,355724399584769	-2,410419321441939
0,34195397200442135	-3,1041621134453514
2,5161610288687872	-1,1292103206492792
2,566077975377991	-2,39096854736282
0,056386847104269444	-2,569423821347482
0,7783603784423395	-2,645222656074315
2,5684404931650757	-1,312251132787339
3,058394799765737	-1,7062038074919308
0,13609238761970255	-2,927270607112362
1,0471530427314377	-4,58335290662432
-0,6966890208792693	1,0625775092598768
-0,3698300566543157	2,5051299143425303
0,7791397744860473	-4,6482992400910375
0,810318717681859	-3,096383775124433
4,253693892313807	-2,8481301043876908
-0,8235278770659433	1,1445825487585737
2,908211529613847	-2,5487745059688347
0,6347484840136041	-2,503717867391859
-0,48827095448588254	0,5172983046466559
1,0497883088366227	-4,804612674582708
4,45024520839626	-2,7417095295840057
3,1265721140515823	-0,995577829584172
3,1418427909736906	-1,1809396600151012
3,070218676428102	-2,385162233685355
0,7542716058583097	-3,0931848681650975
0,8665609030711877	-3,406995028430865
-0,200418737867323	2,0216362777866905
2,6739812011860296	-1,2998459664478939
0,8996480599729988	-3,079847268026237
2,7462516751344315	-1,7121961536479429
0,02200843644657885	-2,8918192890748093
3,3095461440165854	-2,859292631703174
2,856360404246532	-1,6714650964930633
3,221770414320244	-2,5887699998315505
3,257572645717183	-2,2144413237939933
3,949716320609036	-2,544911587864089
0,9337986837743668	-4,2942710738272325
2,927382598005115	-2,72417847401087
-0,4539657269182039	-2,808317065173105
1,33373212638022	-4,798891211756052
1,0996854009212766	-3,646345333226657
1,310795547100267	-4,5811119228497414
-0,6986330571686872	0,8129179117357717
-0,3351933471590751	2,5788392862421112
1,2575542753903175	-4,051998785301574
3,9177049884559914	-2,487138948290318
2,4704880073444926	-2,187815661875862
0,04777548451619407	-3,1421510224047995
1,1045047229965248	-3,5228564595769285
-0,21069913924319417	0,9287256325877522
1,3440898163633253	-3,76246453861173
0,33541769342607686	0,15344151135803985
0,6489922800980291	-2,911822263024991
1,1723021784890875	-3,3166728148976867
2,913694191239571	-2,503015543306896
0,2732375418309577	-2,8714001035034613
1,2957089907386845	-3,9721081776644818
3,699690954051272	-2,496965567635119
2,756011732398479	-2,3509904924030876
4,236704738722311	-2,399757685739675
0,5359935497606154	0,4468148020955325
-0,051501512796892523	0,7371625961241136
0,3092109169930743	0,7660250855384731
1,2906681099923363	-3,3443442819248257
0,27967341576627613	-2,740659228707467
3,410664099325956	-2,741821312970737
2,5159948800462804	-2,169857319640323
-0,2812012183357271	0,663776420435193
2,57947446929382	-2,45285073819012
3,787713997729954	-2,5863883639860674
4,5366959804119675	-2,652009183609475
0,42086496316401745	2,62725224947672
-0,20506383114603344	0,6042912027783219
2,8907449726623353	-2,1592571614184584
-0,026820141078040316	-2,8024877038275395
2,7256594609753013	-0,697792506703442
-0,12092424080383146	-3,0847620324595235
0,018496145927660024	0,8333117906019474
0,6970936818731808	-3,137057179101924
3,069744700028676	-1,6477346431364048
3,8159310452387105	-2,6361389912179116
0,036741387106719925	2,417550080931563
1,3350498460717906	-3,0203144707987586
3,0800257312714123	-2,3047895146267954
3,087429548188169	-2,772361628749985
1,3429324848754478	-3,2400383465160587
1,395303216777302	-3,6875018250266804
2,940640522754288	-2,467982376919138
0,4179285906230407	-3,061157418756613
-0,8373074228139212	1,7925566008240377
0,24293907511638912	0,8154569598153332
2,8056321079463054	-2,69160770563208
0,8944389100473744	-4,643154348010135
3,0804865756633655	-1,2472565513371063
1,055726498322068	-3,760865782905613
2,8941355179721944	-1,9255353602948593
1,3891992588734503	-3,1004397754121173
2,7801132295160964	-0,8966154122187264
-0,15874478698351513	0,9619286216223534
1,2103005526239665	-4,454472485108409
2,929863824775947	-1,8654035872721602
0,7458197149954052	-4,601587492557021
1,4919007286428791	-4,681222960871537
1,3937074249623844	-4,252922303327202
3,230091401155518	-2,726423223267853
3,98180847882067	-2,4254683477303542
0,8163671915119043	-3,1404697069963077
3,337877378621584	-2,8965026892607124
4,350140361847196	-2,6080969413117225
2,684738294050055	-1,710849668671805
3,289021875001116	-2,472392472064379
-0,8519282542231887	1,439989106845128
-0,1670663447103023	-2,772214298766732
-0,3194928272449008	1,393690371373522
-0,1567918921189192	1,296323849152174
2,5646431899539888	-2,361857362472115
0,09765532556378875	2,289552735143311
0,16878627149313274	0,6963659470601856
1,0107850754563066	-3,450464543429506
-0,007044418135888519	0,4280537531571822
0,23529020582392746	2,9044407162386676
3,6344628954871276	-3,1426001001180843
0,3870043443203459	-3,1662901455303984
1,3636224476172005	-4,888039081557663
2,440467707687363	-1,4880660821142333
1,5675662390680016	-3,869090177534375
0,5919827515471765	0,5838133368027275
0,9728002651242835	-3,669227490694432
2,9809139510181426	-1,8390797535145484
-0,42782514346409095	0,861527146362415
0,962993719584778	-4,713202070280494
0,5538318428279877	-2,7206671578139305
3,7831020749868642	-2,4442694338026074
1,7005276947072774	-4,3189753923352345
0,5565854325485363	0,6255473153563955
-0,09924033957737088	1,0530073527693005
2,8685648670240766	-1,064365901940747
2,6822554538430503	-2,6522900728064736
1,524705474177782	-4,635269210979217
0,8459153576445516	-4,577839035427518
1,5125032160448775	-4,016876602197735
3,1990201931344355	-2,095249422945229
2,986679960055095	-2,679263174375545
3,9744668496445246	-2,870092711054179
-0,2962397423589638	1,7131516921032262
-0,6919872672464229	0,8341709522865163
1,329758992349411	-4,126373047775534
0,15676110725620135	-2,783619528420113
0,9800299541397173	-2,781491713724953
2,9570517762294424	-1,5825074297888662
3,5042572300458885	-3,069769468887012
0,5845386894446049	0,6524042297407898
3,947540174357338	-2,6093147566432116
0,43158386336782106	-2,6625303927758006
2,9609932733572375	-0,9089166929155534
-0,04257594368911599	-2,998588549527346
0,5539159299645627	-3,098059642847436
2,8231945131941947	-2,6089163001277607
2,7666909913918074	-2,0782746700077914
3,093954239594554	-2,5388235718221503
3,0742342704023535	-1,8271701574433097
2,627022459918169	-1,485014036845954
0,5628184862025142	0,22876769769669902
3,4560367679242017	-2,788652822621665
3,832766823639782	-2,7657463890525835
-0,526566550403097	1,5924332765647646
3,475293212999995	-2,82121624001094
2,686325572199439	-2,241306116009885
-0,18424973346453738	-2,577451448780538
3,435938980091241	-3,0031661948352024
3,1590639027675076	-1,1564073458286779
1,4949704755321807	-3,623041061643577
-0,2883554191606188	2,43275483020206
1,6120905998278754	-4,34693204731847
1,3269594447101554	-4,426628782625733
4,136517875147359	-2,718876424203888
3,1518932326296114	-2,3254490977552766
4,028578732263199	-2,5760132024921543
3,346317604783636	-2,7513798997440375
0,12352392161121573	-3,1273308137514215
-0,15422207301388047	2,332694155133098
-0,16405395218804508	-2,961968442499521
4,366626412093895	-2,8205773632875926
4,483923705034911	-2,9890698397884137
3,307673979412022	-2,362680079028254
1,3549962999881195	-4,823760768943901
0,5404019721221904	-3,1884024311912014
-0,3551659621750287	1,2111767297235692
1,558325585064446	-3,3825552436814665
2,9243442859298554	-2,501811533286059
0,8206444864176405	-3,3482554561633564
4,730161378574683	-2,738911581794899
0,554347753434191	-2,7125017745045312
0,6981239709160411	0,5414619783374379
1,0653529185650865	-4,540788235543859
0,4628871791353411	0,3891611044279204
1,0536422240391823	-4,087215492942254
-0,18613023758582226	2,1628663934751096
2,582643716763844	-2,433191986749211
2,428567219269038	-1,9306675748920177
4,524502384546836	-2,5368662842298884
3,2529955860770032	-2,288912953387722
0,33707848174497623	-2,641055900005883
-0,10383722699939557	1,693581221857059
3,6733452453215127	-2,9979699087394325
3,1187154622750057	-2,3029566184342536
1,067336006366191	-4,309511535327575
1,4090373109979537	-3,093321588030819
3,090194357006787	-1,368800233050521
-0,3749652084527404	-2,957259132037291
0,5116440569785461	0,39131246644125506
2,585420125987851	-1,3521163895753323
0,9606687834090507	-2,8540000407393915
3,9794891399972205	-2,7351710664356705
-0,07811760599649331	-2,5093254537761887
1,1228727962147365	-5,0378680007030265
4,451270876466921	-2,700762613651622
-0,1706657229647367	2,426491199775087
3,0899942031713934	-2,139405642586249
3,1363755202948496	-1,295999028361106
-0,43367091089401	2,4325781422685653
0,058822950129912066	-2,6135711015395495
1,4499464471923038	-3,2264206382857004
-0,3528783472817707	2,5644917461893115
1,1917103811608922	-3,7265817103585257
0,7262078881629603	-3,089993187716985
0,9662672253711516	-4,525980352088813
1,384252978189991	-4,91552846768577
-0,13897303066956346	1,0857828056588172
-0,21329166171102987	0,26717752161119623
1,5430922039671824	-3,885600348276503
4,105380636467857	-2,7596835619848803
4,099853252069098	-2,933022495769008
-0,3127594484547528	-3,037476633665023
1,3622072663458051	-3,3521758727472406
-0,3220120907930609	1,3121947170141237
3,9704602957985746	-2,7297193550704564
1,1163235946963217	-4,772685007376206
3,4413432725364363	-2,419478520008674
0,14008376514077797	2,3840918891924314
3,4488606610064814	-2,414512729270969
2,7525377949498657	-2,1537061639701
0,020826739902496838	0,949201596543336
0,23558951027282926	0,6954627158272754
0,2727334520579662	-2,875276257121753
2,8585143645657247	-2,610140255901534
2,643705129816274	-2,2623837179397635
3,9744958713222576	-2,6734167185400928
0,22803693379048096	0,5602407844262518
2,6913621904314464	-1,4949004337896064
3,705623347372934	-2,618120399997937
1,3013483123043914	-4,511595946092563
0,4234099377215096	-3,0535271683153526
4,361218511124812	-2,269114252645286
3,522211444318032	-2,8612317714795807
0,6124497706311057	-2,6751240050581475
4,561764243017118	-2,9779045474530874
3,58782391180305	-2,636781500356716
1,360182321684388	-4,205539992732182
0,0007250216244562013	0,7210332921855408
0,14970264128528632	0,5183707961255989
2,9258963012807477	-1,9640864416382797
2,720807942969585	-1,02113740905807
0,9303520573546783	-3,2025176921057614
1,27672439489209	-4,83574006724926
-0,2755904868349772	0,9734494099616222
0,8772188835805224	-4,671146318038738
0,21205015887890133	0,2146516534723224
3,0415957496845616	-1,0959160527619307
2,8473117148855898	-2,6187040339738292
3,890545534127891	-2,6242544227642695
3,270094572343615	-2,725292222125362
1,147506577537798	-3,044986939506206
2,98328237999079	-2,093973718517356
-0,02119386322520711	2,8021741108410896
2,8605862241194524	-2,329146903653852
-0,03247765696411775	2,049697171011899
3,852576563910157	-3,1685742949672857
4,498696066567367	-2,5735829453705747
4,073300344267937	-2,946491350947746
2,3785948514289537	-1,8351723256326788
1,0095106996626932	-3,8597839109555374
0,3012474985437257	2,725186354837737
0,15051993230271815	0,8453517399519304
0,42351456810892	2,2982450245471955
1,2113752939469842	-3,806226743551377
-0,7516177338256917	1,445220934436081
1,0243401443204783	-3,6832063249902376
4,0365359009212325	-2,4533837650038754
-0,12732063491188228	0,45699448434571877
3,2450399889060026	-2,414193282180719
1,231554137469196	-5,065252611967412
0,7445741155871717	0,3693724359571142
0,887306293286284	-2,9025662712371454
0,21848890863198234	0,7296078863994924
0,1629870122944767	2,5339008451824316
1,1723558419173437	-4,366836401358319
3,0358402982489814	-1,1759094492192195
1,2028318277904693	-3,9244282449642345
-0,10440877181089858	2,053291863031922
-0,5958429429883054	1,4424415801180468
0,2896128800651387	0,7429476613144849
3,887364184960351	-2,6415576347663055
0,13888585489679717	-3,0959871168534288
-0,6775995794325409	0,9042173695433825
0,8573833824320625	-4,463656655010036
0,02419261187520072	2,859847308853661
-0,3947442031932611	0,8845685730831034
4,635837707367641	-2,6270068122713974
3,0033842826395976	-1,191698216759866
3,7343521168138283	-2,958584172054821
3,6263784877852405	-2,5873048172795783
0,14031042784415254	-2,9658124168312296
-0,21209345154708592	0,9446194646121523
-0,3412319132273386	2,104575861529608
2,918382176668967	-2,705233444916647
3,5746698489333912	-2,7958505540480267
0,08019243077310989	2,835200472256612
-0,16707890629137945	1,922068994044042
1,621972540259876	-3,7954430030038204
2,542006850546761	-2,1305404278397426
1,2191421228156754	-3,0222578318358035
-0,6067511448735448	1,4973460965102512
0,4148348938448289	0,16217053477265253
0,553957452675939	-2,7154366926255142
2,918483526684995	-2,064962912088947
2,4276641661679044	-1,9657591976162787
3,3284623401915305	-2,248378172300863
3,3269893635686323	-2,5832085343270665
2,9303647188865085	-2,7710412474585118
2,4768717981066923	-1,929720207132972
1,7280582025573685	-4,037363214082126
0,8462296959099745	-4,545283032438138
0,7846440152649905	-3,158460132873998
2,6036296899124443	-1,5965411493729111
3,772558271982605	-2,8007127841211745
0,7904173026656733	-2,6791967353457498
2,8960737115304815	-1,4335948270949295
0,37176953866482354	0,632508527323269
-0,861351827077995	1,6724082782165002
-0,2525920113824076	-2,8925656801247563
4,18462751406293	-2,380839735493921
0,40184556451174946	2,3671217213681253
3,1061700149598477	-1,2589045777904715
2,7214476998223374	-1,879835560885095
1,0959584925273802	-3,64409241243631
1,0815331863730484	-4,386191148046759
0,14586437535333024	0,6079221867308954
2,6710369374711638	-1,8869005175520377
3,4684532640063392	-2,555905003186546
1,1617737101598935	-3,310636696330226
1,3299298029952131	-4,896495464843677
3,1358042994722246	-2,827388347946222
-0,42666139033657147	0,8526673427363143
-0,05970157250166008	-3,1629341624345404
3,168246440442441	-1,1101836062084787
-0,600314248095452	1,1104349510524507
4,005232464260784	-2,770695400267985
-0,5725017105807924	0,9094784096983242
-0,1205744059383076	2,080444388326317
0,8278958336148651	-3,241869112887631
1,5726159256538936	-3,9774318251369145
1,2962237750791805	-4,458059414166064
4,440766115578358	-2,950818064780334
-0,0778995938394359	-3,175958897311518
2,8970190420048345	-1,6035348579395379
-0,06628698499456687	0,7005520395032626
2,5917597002003943	-1,8244517653488468
4,199127075468064	-2,883602884068451
1,2849721965727834	-4,787082803627391
0,3927828945412612	2,345186835542336
3,735553688641791	-2,8819808175658093
1,5821650855339107	-3,49389845426523
0,7649454472770887	-3,398987438354168
2,5371848890633926	-2,2212379724495177
0,9024687424231327	-3,529448804805904
3,082063128295996	-1,9751820882597448
1,164991942296159	-4,864344263868508
0,1002990589205568	2,2004695583200027
0,15867789454606224	-2,830300153669163
4,1836935734397915	-2,647885253399635
2,754349065620541	-0,8558382987946156
-0,41976869798802285	2,162607693704798
-0,2182387137461248	2,331985900823172
2,707368602637728	-0,7344463699538553
0,4187883748078276	2,566866194806634
-0,2966344037873545	2,1608328134502712
3,37220841178636	-2,41628632065671
2,7090156279209046	-1,001294437525686
0,8567703669238783	-3,384642061532225
1,4812906726980157	-3,1578209941565403
2,4779956648693533	-1,5165537349323002
1,593312857847668	-4,206589839038385
1,0538240146541047	-3,026661595140599
-0,19104531264469582	1,5140304458654348
3,1385277290893407	-2,3236473876282404
-0,5498197472413882	1,3333752270613668
2,9934628372447096	-1,358543942263284
2,500653821012188	-2,160869064450828
2,4547747227312184	-1,4648551123911875
1,4505018011335122	-3,941268343718508
1,094010035310939	-3,38862870507982
-0,46798002865708344	2,269075124180239
-0,009117682143640116	-2,9020373031297235
0,08806575010443496	-2,5266545887499605
1,2502831925355682	-4,883805345907244
2,532146086787905	-1,9209063720951898
-0,7309252739754797	1,0234960155911121
1,2384701589295741	-4,4684155437445705
0,8863587306289105	-4,672793494675324
3,5234510427898664	-2,4250515933144867
3,727217897405274	-2,838618899242481
4,422531417923816	-2,579936258503892
1,5328936110187494	-4,263005138467446
4,301494964340181	-2,8839295374862353
2,835280015910667	-2,04418016516519
3,0173080735949567	-2,124375396566975
4,359336834552748	-2,5886332967639927
0,6401972070924657	0,44001991330957035
0,9588169166612052	-4,372900460732063
1,106301107803457	-4,7126289921943
1,0154554576266364	-3,971863905677326
4,224409116460933	-2,4579136332115095
3,3886240317946523	-2,3053515984750375
1,027877890526005	-2,75373905989101
0,663911911932345	-3,199673137459842
4,356241362622289	-2,889890789261817
2,7971490895163234	-2,1721790987599014
1,1461640333840075	-4,184337812787161
3,556816041949517	-2,4124380181552714
1,136128615626243	-4,9934975734177165
3,8916362678873293	-2,837360116121487
4,376013600972443	-2,603851769717749
0,5946713123427545	-3,244306073765875
3,3631514926429382	-2,6396080511884144
-0,8191018524636364	1,4879945763034568
-0,02856703541666694	0,8701436836784158
1,1698034494264444	-3,839483951494706
3,379650658815741	-2,824928577806133
2,8897841056020996	-0,7005839484171988
1,2767057638480952	-3,7931640376351967
-0,5245989975749004	1,8005789023776366
2,4401111929234482	-2,187643403938967
4,480230217402143	-2,9093698940511397
-0,03269567481790814	2,0805956239749417
-0,1901413968470802	0,9701422880092209
4,6090408453303455	-2,9304618600071324
-0,14530111496497355	0,5313235853413295
3,345262558751645	-3,0191588280902595
0,9819833286969396	-3,67700767012003
4,434378373766967	-2,602777771263349
2,742314633775229	-1,8578789202812633
3,2009262153901923	-1,176189969040289
3,775824919553024	-2,632217894583863
-0,15433651571029738	1,1424747723155568
0,7333654448526188	0,4907461583515751
0,5199341508814558	-2,621383245045668
0,9869557948847554	-2,7985679236261243
3,90492878584325	-2,7273285488457018
3,043383100879908	-2,5349583650202274
2,8600422259859837	-1,2102671653355264
0,4811766333575286	0,41930902880862253
3,555546144966947	-2,5214960299097
0,9323365236397552	-4,279065449545729
0,35393244368390125	0,43906073290187564
-0,04171520439027876	-3,1128832309076717
-0,14672281585805724	1,1939598925086095
1,373808347312614	-4,852343398833561
3,5717636904446546	-2,9962868687425015
-0,39860839508937573	2,245126252827502
-0,48487851361634204	1,802454562887893
0,16217256957670245	2,903404493869913
0,5912068689840305	0,6677248857824714
2,896379989512653	-2,1125891922021607
0,09491779902160985	-2,830683192644976
2,727979299785721	-1,8633132981257194
1,6926552622180286	-3,9209283727763387
-0,05823074425212971	0,9037270009016213
0,6840636671004929	0,5903516787793579
3,3133090616345315	-1,1396035524172987
3,8706297510549277	-3,0245064651681552
2,7896950405803	-0,8482759829563291
0,6632841470903714	0,6206184513405099
0,8713651887753109	-4,429620432856028
1,3957455525648577	-3,414920395854833
-0,13829741629706793	2,248246853100485
-0,6726603621570646	0,9540705227832111
2,9914538716687966	-1,080338748659305
0,2859655430556671	0,6890793935179966
-0,004133172317710043	2,4137236158715276
1,3514886968787176	-3,8510985699892384
0,527513386652298	0,6783169058541039
0,44651249511589136	0,5688045403582749
3,078345619244164	-1,4029693614878005
3,0771823945271706	-2,9411923362530477
2,8445826505578253	-1,9505091512744155
0,46919975613721293	2,486419036419016
0,6834936181150321	0,23676172895724212
-0,2135312080417	1,2989837658719987
3,0662600152942896	-0,9604762237556406
1,107566620661444	-4,3411955321372035
3,28140003533405	-2,7925813174669587
1,4203050922339775	-3,2228526655328475
2,4621029891855892	-2,065776383954891
1,2686335061658185	-3,569307791216056
2,6841329244438095	-1,1070326160483577
3,4332021632533105	-2,9370346592117125
2,509941025598217	-1,7507238584104674
1,6282866674204324	-4,52517160504133
1,0672470315340377	-3,9930598754763023
3,381892906844393	-2,5888747273232178
4,440747721233959	-2,972397654559309
2,4499848766254644	-1,4150107414193984
3,243844809016699	-3,0003600601079996
-0,31172119161837897	2,1517349300786037
-0,3050963326178847	1,0118949759894664
3,378958285493532	-2,4672914748536092
4,236076673562363	-2,5504306160831285
0,38548965509103533	-2,9011099994222245
1,1359227211448037	-2,914867288085696
-0,17898038371798175	2,220139786052147
-0,7040293121167092	1,5739675178501906
0,599649108436936	-2,7077239310256584
-0,055011941527160935	0,5628555828848468
2,8866882784725574	-0,8885738264256211
2,884283671694895	-1,728151662867835
3,9927222440776875	-2,8045827860335137
4,358517587425768	-2,744068050799093
2,427379606021387	-1,363774754499087
1,065159523897627	-3,6022861345997708
-0,5300418427687772	1,4938861445343858
3,7341369919214595	-2,8477984164755976
4,620295629586637	-2,5391920693372536
-0,19928603597142058	1,5644985854539581
4,550649702981348	-2,5123005804244105
1,330334759521833	-2,9436835403988693
0,9497801541408228	-3,1347056007172585
-0,18724979831150318	-3,111617682570351
-0,635781576702183	1,7532258391454933
1,3341532655278838	-4,006814859608856
-0,43994873255311917	-2,8582663059244453
-0,17827152184617345	0,8680083971743742
0,3732952811646952	0,6630625337398336
3,1584701664489314	-1,0400345986118449
2,407909460972318	-1,7920798782984528
4,273675795538805	-2,6111349769556744
0,14956127411950004	0,6446241591367257
0,3296334537938941	-2,7688900261765608
0,11593242457441727	-2,886821705730624
-0,22585743980955492	-2,720991239678361
1,0817059664440045	-3,9404693324879148
2,6720233360449024	-1,112713516993098
2,5943224358228165	-2,1854956071934426
0,9294198741996564	-3,212688556280682
2,9193458513218937	-1,669978971985797
4,285101959456879	-2,443284650265352
3,441819305919718	-2,8088393150350113
3,241257066554321	-2,596517610545853
0,35153431616953024	2,8886681273071932
2,837078854347781	-1,9010749883953613
2,633862878668677	-0,7973309797987691
2,710386811457751	-1,7740356091890015
-0,41496384153066623	2,2216051853337424
1,5246465568269303	-4,3432522768023825
0,571444955328222	0,6675329322609725
4,260092794077382	-2,666332975034073
3,0018362199267896	-1,6295245152553148
1,475426540977728	-4,592648299149646
0,4316097799115776	-3,1972086625157563
3,142513272479257	-2,6738235633110907
2,830583858468717	-1,386421237053409
2,804327748263664	-1,2870067648211796
2,4052866109256383	-1,9390871164684313
3,8504620929006745	-2,9837367078426555
3,1843768170556257	-1,276865368823362
3,8340201015609034	-2,7279455604215004
3,527025758960664	-2,68347864890226
3,120535640395567	-2,02633504327029
3,01289019475474	-2,050051307023773
-0,6336979065046271	1,2993113634852385
2,429498591562443	-2,210374839002023
1,0959210746517876	-3,2684181707163935
1,626585952742186	-3,471442959553158
3,863023478321571	-2,630804460399007
3,9228348220266374	-2,970505170605896
0,17369201885902075	-2,68361694670387
2,49477822984312	-1,4968466019698128
0,2965612893185859	-2,8845856499283165
4,041333050203794	-2,6152733988521772
0,47579600372937236	2,2721656280259266
3,3897009046092372	-3,0032297202488016
-0,8562203441469285	1,4811032070083792
3,0914111186436206	-1,3514925990460775
-0,5168253822702928	1,4380982002414298
1,1612268804476056	-3,8616011961683903
3,9013895957745612	-2,8634426383531855
2,3889509538490645	-1,6801938906364304
3,036470068252062	-2,0659344714175347
0,9401691504982791	-4,522902409989571
-0,4081677989191028	0,7851614473572339
1,416269981042947	-3,969722234743409
0,21458921919955554	-2,615898162097742
0,41407908730721754	-3,1433652656470006
0,8844333438429829	-4,804002523205684
0,5794420188374079	0,28021079563329976
-0,25201702837637596	0,5290111807966569
-0,34767930469421504	2,24620389130059
4,346765839977544	-2,500580906500019
-0,54114263564834	2,240792785114463
-0,7649018321034169	1,819188288983888
3,777392719966223	-2,4601253616398338
-0,7625772492414014	1,4457593270254867
0,2036103824170612	-3,1245824065511374
-0,3028180706559347	-2,584171931231908
0,16423992810918647	2,2304330610253063
-0,22435258855755147	0,8331834827565684
-0,2837743162512637	1,0948041374868578
-0,526834708668861	1,62610815373924
1,183004859777296	-4,740468619621442
1,3568626941621094	-3,263616719807865
2,421471823207232	-1,9611050847034859
3,8577567649116338	-3,024639393118122
-0,15708679632959455	1,1490781683141569
-0,35485137156628266	0,6060168248922593
-0,5004121317365049	1,1987054370496801
1,0107968723687566	-3,7802146297379453
0,9080505587466011	-3,389488108948734
0,4922387704429481	-3,115299457368889
2,823521898867159	-1,4816092048997993
0,4367595533415437	-3,1455340698704495
2,996672177759828	-2,477539657236475
0,8554432972507126	-4,820967821028424
0,39392115860822774	-2,9644406268039303
1,1540619263651881	-4,414678656950285
-0,40603807412464943	2,1776857343930063
1,085132650111531	-3,9379906100551976
0,5682043991869767	-2,896186719442518
4,4066351486331214	-2,8698408137618303
0,11898245650256567	2,087076120361186
0,013003750813078974	-2,6803923989887752
4,520133939678942	-2,8686189923985506
2,9512650247478183	-1,803720060786769
-0,21214890906152217	0,6636927723630142
2,9853909023385805	-1,644605549979809
1,6828244184416707	-3,589228419907057
-0,7520626610114143	1,6379152363966567
0,7036129995161176	-2,798430919172061
2,754303434341213	-1,5117443068404242
1,1095920123974956	-4,091291142122558
-0,6595461299165419	0,7227884951241192
1,1778572809307226	-3,511833796922792
2,4831780952638067	-1,1887339579166551
0,23076710703214298	-2,8100892979316443
-0,8472720337530808	1,395103053059194
0,38780404707399013	-2,930979270167784
2,794115223367216	-2,402591128091947
1,3496222025147084	-3,8351502109573348
2,9798366009964026	-2,518694535676846
-0,302157056606403	-2,9123128086504693
0,022116831197090514	1,035831186194692
2,679516026769574	-1,9799297032262309
-0,41283174075226015	-2,743345616404785
1,288448377433863	-4,717008327688707
1,5434195955970234	-3,449044238880688
2,8212835871214548	-1,4640287086565387
3,567421029776614	-2,8862520855000127
1,3644424810055045	-3,5294043623572184
0,6163763997628482	0,49843056489404813
-0,30969459574718394	2,5051741288337963
2,6680607437121253	-2,1128940016730975
0,9783397725368672	-4,7922139155920735
-0,1506088441499689	0,5368293366631262
1,0898297628491491	-3,9905540945528335
-0,17381859459353244	-2,811977553248995
1,6169333527670209	-4,348498600686355
0,2691115602192803	0,7810312506263409
0,8662953267089285	-2,8934707489406395
1,2746793419200746	-3,6634278886861247
-0,23258205999999237	1,0492744688198912
2,741157261267164	-1,614677226135567
1,546204798652237	-3,874747541683816
-0,3698343905575934	1,6168433151407127
3,349531389018547	-2,3211304664091648
-0,00695276119431254	0,651851283246354
1,2538030262175897	-4,069259110897578
2,762901544680523	-2,675626847175702
-0,20171288852406188	1,8300236305998367
1,0407206032835306	-4,416057375151771
-0,14126540582656372	-3,127256313328256
2,5139841645559016	-1,5463134681530426
1,0034885492200738	-4,8156438699561415
0,8975008641152168	-4,4974096024547485
1,5325965724130954	-3,4397673964558866
-0,181690893075532	1,171765231189626
2,895577967171172	-1,5715642293020193
3,3399817793619255	-2,273057774496799
0,020595165455144615	0,60735200534884
1,326309851759897	-4,581258766535882
4,037168941365551	-2,948109427390376
3,589659351443108	-2,5640449414472295
-0,07160421090692137	1,2052809117675936
2,7544851081693134	-2,53454808705297
0,1410577252161519	2,6083006427192847
1,0251103199948663	-4,450452561549462
3,8062735176016096	-3,1647915474917094
1,3008824817766382	-4,1645290750902175
2,860007510544186	-1,3504708493632869
1,3549819239465517	-4,6484053597973265
-0,7006195389547223	1,6461157061424723
-0,22965904876634013	-2,9207934860284235
4,487772325026871	-2,9035222985096887
3,1134134328965706	-0,9304125935519431
4,3038062763004	-2,824820468952624
0,07037149951332422	2,449586800421877
0,4786014317949934	-3,045041998300171
1,108713359570138	-3,1341503093771284
2,7141281555373613	-2,4788053542684025
4,233982020766254	-2,608319993734109
3,889180742288649	-2,511658773383013
-0,545370617375321	1,988182915799098
-0,1945327690471751	2,2434204719921857
3,1365459942789347	-2,2301515027702683
2,612519916854574	-1,4046588681371937
-0,5866106257848156	1,865557089722595
1,228549181247943	-3,717299186994867
0,3735879425426911	-2,595740572788973
-0,1119833873344856	-2,691697921356283
-0,44359645710832596	-2,8988441222622825
1,161893250484793	-3,4652854109388556
1,6131107905885602	-4,546850106508395
0,6783478384081363	-3,176307193879671
0,7090924944257518	-3,183882639731488
-0,5995705334681065	1,159229093721902
1,2023731317283524	-2,8137695361937585
2,3760312140122535	-1,800632706897733
1,336691254006606	-3,386702521262243
0,9382470807498549	-3,050532136623387
2,771321379902708	-2,16420625512006
-0,06645359072328383	2,44624962258268
1,2748502545888702	-4,379503309730936
3,2116681912109146	-2,1749825331692754
1,3239162704058498	-4,15562506837124
2,9860302511590358	-2,8591887847170856
2,7949814265326696	-1,724784217826497
-0,4795724037311827	-2,8556521880472934
4,335850962590987	-2,711023652608728
2,723260525849225	-0,8038736133260976
0,03586346253534045	2,178174511207957
3,8891426621079175	-2,7648454072435915
4,518012188285863	-2,570591001783234
2,8673608957931265	-2,815015354624279
2,5952719053425803	-1,8403399945861711
-0,14700576744114624	-2,7158927108953415
-0,22089824551646542	2,5928225288107614
2,948566779285212	-2,190766094027944
3,289681314614975	-1,1239256573276442
-0,014784776882397765	-3,122693169662637
-0,24101737519737143	-2,711825908533029
-0,0835388211122971	-2,5830659516219754
-0,20089228397913206	1,4285226257425951
0,014815258311319246	2,5067139986766245
0,032344439413293014	0,5563273472796082
-0,07995292280722144	0,9328729512931795
3,5336406762932064	-3,033310837963868
0,48433672871363714	-2,744362228584169
0,9205553140450656	-3,4613115035032465
-0,3013328900205593	2,274400285044732
1,7151735609769108	-4,246590884423081
0,669625569712357	-2,8298333994025056
1,0441871585874376	-4,573484680489305
3,0958494599280373	-2,1979522327664283
-0,03709331198711302	-3,14412805128832
-0,17093874455366864	1,54263942028701
1,5988320441189072	-4,443078623622325
1,0047152324838435	-4,868284729010778
2,8185843707046376	-0,9093376775988076
2,8061229764114874	-2,5190659378151428
0,9527773881796224	-3,2958989044816818
-0,4645438174928982	1,272007762898533
4,064799843276534	-3,002855501119214
3,0688301455635187	-1,8056116064387042
2,6474833977367584	-1,81730253050479
3,9658062203867437	-3,059086206098906
2,7825839964847745	-1,1762238461813266
1,0160130987159008	-3,7111685368864933
-0,2888812001963297	0,8870592728771985
-0,12349687265407816	2,6145004974823607
-0,2761098505429359	2,1402387580559292
0,2960682228774306	2,4617676591406226
4,2194436007817755	-2,824161611136999
2,358723081703804	-1,8349692575757999
0,37186215785796684	-3,195402923981295
4,396646029454223	-2,690714883256301
2,8870421143735308	-1,5830962327162332
2,898572965622754	-2,1569502195018497
0,4521018932013441	0,2953600323001926
3,0085066865284835	-1,7095857938386956
1,2730276508569873	-3,866412429262346
1,0318903723503474	-3,264159976151594
4,0559397436333535	-2,7534609741223726
3,993531232504587	-2,7096556138147534
3,1912160010023554	-2,5365909412566965
4,67638579911393	-2,6411468600463053
4,4776957847587235	-2,976074774418164
2,9389408193499307	-0,965854326835893
-0,003917428745981777	2,428503525328026
3,0135969727789496	-0,8333705881460571
-0,5752377571594682	1,0730116975669177
2,7279114130505855	-1,5009502227686635
3,468136817608242	-2,392804355915044
2,763201708884567	-2,61679195631093
-0,6202670626308233	2,283589988090325
3,044649336550028	-1,3669791382346168
0,9153203645148488	-4,432031588667263
1,2219431234907503	-4,353609493039856
1,483426127739128	-3,9100074519246473
0,9094594561144058	-3,398071603746816
0,710358873301883	-2,936729911719272
2,8025773142163084	-2,4703826274678544
3,2479137048040085	-2,5264199073212197
1,1888415944323092	-2,8979369727089153
3,2664562513179947	-1,1307597384295753
3,3303869262570966	-2,676038028620008
0,24528019717358224	0,07358954214437596
3,6347007621488	-2,598699172722291
1,2370364790977777	-3,1790985379425267
-0,542676575078773	1,5543100106168188
3,0900589472694158	-1,097342040891374
4,428042717458868	-2,688587302757348
0,4863935147331049	-3,228344052827281
-0,20796216384504285	-2,743490121243686
2,633136051506839	-2,26244472861644
2,537885404964572	-1,0592135333586385
0,05297048315408526	0,8442057417540646
-0,16084495500615326	1,2646294593595355
3,0010610724487257	-0,904880851414782
2,8685026843076544	-1,0701419791819144
1,0054854054923186	-4,3426868301108525
0,8872220632816828	-3,054460798006982
4,392048277578402	-2,7983512857717496
3,6662979036577292	-2,89236151942655
0,04462121241786321	0,8988604360965093
-0,7934014269693173	1,456825860021661
1,3333567605237515	-4,521822705013401
2,97034524413799	-2,6990014781693152
3,1111244757529906	-1,966523533884717
-0,5325527743183593	1,9691964757262421
1,268777159591033	-3,9514506818282107
2,646710057205907	-1,7137716991645275
0,7381053448572067	0,4523392752275053
3,2333845455090957	-1,049338494690254
2,7204755291736102	-2,0614232774745025
0,9314968618589108	-4,737985716394018
-0,4103057121270366	1,9415272587671313
-0,12794704819636082	2,5386511179902307
3,0923876648954973	-1,150916769218673
0,7214544669180449	-3,1756582581669157
4,244463807601705	-2,60845426686805
0,5322907406884683	0,5676720271311119
4,658174746841506	-2,5859175454780545
0,15860372017722918	-3,0876061212825743
3,066145144536229	-2,932250233169265
-0,36394852643089015	-2,8420514873696465
3,8321077175151617	-2,9979159740482735
1,0867029610563255	-2,867594816048703
3,4702230976487596	-2,381278313013209
0,03501090300804377	0,1596095334144807
0,05647461643907392	0,6822655208282409
0,7825174323491235	-4,662262130054113
3,2350150417691728	-2,7143769580939145
2,9044308616025627	-1,8569175292540974
3,8777656936448484	-2,5728689700608234
3,9989489434856154	-2,802833104049416
3,1596408398565927	-2,0724081967620744
-0,13083424463379545	2,770391761452788
-0,2527524383313705	-2,664069873108251
4,333424367023281	-2,349253025057319
-0,5375921163421229	1,440385871311585
1,3047566069912755	-4,754986009838612
2,8966353815828976	-2,0259646675627536
-0,030537558029281264	1,9295391826110222
1,4859263273944299	-3,6040464371364074
2,9376056412837377	-0,8660709913072739
1,4902989678104108	-4,332526908926492
0,13753128597651532	-2,500270314798221
-0,42812056185781744	1,5770620645717124
3,093908886724401	-1,1512210727131809
4,658352926934446	-2,84041436389598
2,9239935450805743	-1,89496572862916
3,268926697402324	-2,4702599079416676
0,4243942500396173	-2,9414756382852545
2,7347943575232674	-2,3528104936507614
2,8605247500455038	-1,3996816408200037
3,007576546563019	-2,578270170272903
3,2664822161398845	-2,4253580359805693
2,699104053894695	-2,195594095588479
4,05065070056871	-2,939867127809925
1,409708171137657	-4,045124173826263
0,1282443966836212	-2,4533125747194697
0,8859720140084011	-3,051924037198199
-0,2257274693193665	0,6500027712395532
3,0243554766415173	-1,4543788430570297
2,8150274564543976	-0,9751693555792498
0,5200161074957048	-2,7547540804001165
-0,05341756745585191	0,9491104800842259
0,35132480780098246	2,6306081780422526
0,09831604893499413	2,7504456554465255
2,5241673424656232	-2,274752171001934
-0,33736096123273474	1,7771561568901748
0,3063654013541067	-2,5958319137491532
-0,406325840733315	1,1294181202254039
1,3227946167301443	-3,3354446534486466
1,1330508589249584	-4,22301407970789
1,232043053423698	-4,778257076828387
1,0675301961293413	-3,212551383036927
-0,025027315878720924	-2,920754111674328
2,6198188171001595	-1,1159938272592795
0,0038434370717567168	-3,04003323916134
0,32996195792944394	-3,087718744589682
2,6152679097096327	-1,8447731744857925
3,544012570034173	-2,4396113521781837
-0,43578389095168335	1,3612052559199952
-0,034061977970407	-3,053102794908168
4,193804171883051	-2,3508786034103233
4,256498201743832	-2,7068486094546906
0,35493015590647514	-2,5474000087406647
1,238513095686282	-4,136835761649188
0,8993651791841357	-3,2596623110383307
0,18967294253659323	-3,0813336343540576
3,4617941916136385	-2,9978004870904296
4,064631780467174	-2,8197246879512825
4,44368245792509	-2,5896630466123063
1,595988530447169	-4,377485755054312
2,441716064456368	-2,0987018430285453
3,097160847821481	-1,0263467816068537
4,208703449637226	-2,5955949044175846
0,0033192974805278386	0,3088170681065614
0,7909191216254847	0,2048306431982938
0,4571388483528811	2,410526213019426
1,0109670512287967	-4,33189320759945
0,8497111484016273	-3,091624857124661
-0,3148099672505722	-2,7827738533190693
1,3844610971027709	-3,5469987866181465
2,867031044576439	-1,930714737449884
-0,23903862148246902	2,624438344088405
-0,4670202339298859	1,1837836136768698
1,3365791525947384	-3,5435437499664535
0,34335863306236125	-2,6167798995651355
-0,4123813798602385	1,7269868738069893
2,7959531846165575	-2,646524492139789
2,8876700102621484	-2,2922564488347494
4,518007891153982	-2,856687568596356
-0,14412982082407777	1,4513188558195824
3,1532544071357305	-2,7812816750103253
0,8825732811801899	-4,586124727561892
1,6456645078908578	-4,070729653719876
0,37060367827233515	2,79483573446415
1,274058280314993	-4,4491166889046365
3,1225619390114674	-2,599779197591076
0,4384850337752852	0,4895599460933313
0,34136912100781425	-2,5869639771331694
3,5786530043274567	-2,466925435944902
0,383984599539807	2,313184495921705
1,322749350079548	-3,7417887779345396
-0,8036298316009498	1,150105678238483
3,1786422385719066	-2,662155331278241
1,013030534862209	-4,706306769764213
3,8522349203605004	-2,553053079098837
0,5664817714863531	-3,0288716764327956
3,0481789207116505	-1,3869602014895497
-0,18820476978216616	0,23295266188281727
2,8808099743466267	-2,0599075150427115
0,058513649715027705	-2,515939682251766
-0,6065307488641851	1,3791694928723097
0,0969377746673501	2,580284451844477
-0,2720907043742915	0,5848327051404815
0,07762064553014081	0,5029527665992707
3,797780166314206	-2,4770879598481557
-0,5851174596061246	1,3617792090539798
3,344306766348639	-2,2988692595980065
2,9334394510304826	-2,6324616427166587
-0,253207418737874	1,2972994850793576
0,23671672385169307	-2,9412313298416795
3,8635121892511934	-2,529806282948794
1,321267271124396	-4,212826636872584
1,1648818107583168	-4,9757761295810115
3,484261321635125	-2,849348095918483
3,894370082627003	-2,4832249257032846
2,8727612084045115	-2,1108111487425987
3,4069614366068683	-2,7136475071796893
2,5039338320955755	-2,259432030072271
-0,06546961815013363	0,6394460856942796
3,7229637026206768	-2,7469322901688407
2,381842246870785	-1,7429410397715412
3,4369084433401134	-2,560969965078313
-0,08925440691104986	-2,7499433697021267
3,6884023951289584	-2,4995774892868043
3,091677583642839	-1,248535657487504
1,6032352219722599	-4,305951017599079
1,0232349238011884	-3,0435682993555737
3,5208086377713217	-2,691057653831203
1,2228751906412856	-3,4845401930501296
2,7205252925744583	-1,8140497804666862
3,019279380256237	-1,178211023039175
1,18105295642619	-4,444412057760355
0,2283465389685243	-2,8705496359407014
2,7831537979985024	-2,2621487959984923
0,1441188479355936	-2,8112543151838745
-0,49068777425936005	1,3798435578257098
4,23423993489737	-2,9577862809424165
2,4376230747480063	-2,2001689784883034
0,3888380058443925	-3,011527857927323
1,178753282043234	-5,0409353826869765
3,083402438114009	-1,1728507258423866
2,763169434999554	-1,9111710027706899
1,409746756794127	-3,3179347236140133
0,5703032389650771	-2,975089796341492
0,7201399963377069	-3,3242034743961635
1,0139025392508942	-4,644842284019557
1,4034614951414037	-3,536015635300058
1,3926314978269332	-3,765770745906677
0,46130801694334983	-3,046579649935238
2,9982532580058	-2,887950523240252
4,151674200834428	-2,477233459494003
3,121778063144082	-1,3576146866974375
3,744064938514277	-3,0245813108257753
4,159083653161399	-2,494788360362903
0,21323734339732842	-2,9957432806590854
2,614793450363013	-1,5050320142840872
-0,1827798187252203	0,6535315703804491
1,3109724384519543	-3,250303017558065
2,3567404669856593	-1,4535939402310523
0,36154346001400195	2,292107219956576
4,065454832871009	-2,7796958789970283
2,770501790491652	-1,4167953264888844
-0,22137886885570646	2,1253937719457103
3,8628278181734	-2,753358960920666
1,2722758825440321	-4,2895928727771615
-0,17493787718577192	1,7070533213093326
0,7732157446666148	-2,951213831958987
2,6389091002096645	-1,222768006921346
-0,26088858623926414	1,3308655674006664
3,1576542666054435	-1,3172466728591987
3,92767307978308	-2,5960161153425036
2,7909346429838617	-2,66302914940736
2,578943515528308	-1,9626162292068932
-0,2621343551000853	2,6705866893640344
-0,44277993394217874	0,9265181021381257
1,0770767537709542	-3,0621344565743662
4,7046763265738365	-2,8741643127202794
4,115853871537232	-2,832520679866941
-0,1819686154016359	1,6564098874624296
2,602759530612835	-0,8924251213071188
-0,5454958476918772	1,787632619827118
3,3856563467025964	-2,537700946199232
-0,769348396032415	1,4834390264746464
2,4267306555423804	-1,16617154375583
0,6541119191928658	-2,678847280840829
4,299875793675696	-2,930971779634409
0,35608076785241427	0,375653436828963
0,9371724867722802	-4,70499566091533
3,0352419663113994	-2,0700898144201325
0,9199305740250379	-2,694074453391787
0,3407341198671577	-2,984891776779752
3,9701453918840177	-2,8536591895359957
1,0805309067237774	-4,4017540489009805
0,13913169752365107	2,363828148902834
3,0783294568635435	-2,2624258763736975
2,534790679280069	-1,2821034915944525
2,745884737446671	-0,7088193572153577
2,655589829817109	-2,3892467365453283
1,0887345866841347	-3,465918998442964
0,9669064292944052	-4,842407140229817
1,1246121307402448	-4,931199481391359
2,8469510603010098	-1,7054197206051538
2,9601021793411193	-1,6847714054989584
1,2442846514320798	-3,6952921997540056
0,05724195321718395	-3,00206462082576
2,854134753660431	-1,3978287764080672
0,6554731990522149	-2,838337082760744
0,27466953531104654	-2,6650947943883354
0,4342679325231361	-2,695480506007595
4,681538782464795	-2,9157688808311892
3,0750907179473828	-1,58400572755185
3,3858286076584467	-2,299196520638409
-0,2624047319910783	2,27641716796236
0,9124835051163094	-4,368080221097357
1,4346566527723743	-3,2284447221018167
-0,5295845056602531	2,108502872184184
-0,18182615895837506	0,349367799347702
3,117504019762526	-2,0770865077111673
-0,7553832196030075	1,787862698513608
-0,7473423449297651	1,5935378038181003
4,164846939660519	-2,5181465479573064
2,748318598750948	-1,7257082922183855
-0,15419758674711292	0,9349226128941371
-0,21980744901835758	-2,991640724708281
1,621283237433147	-4,2231488231351415
-0,4425316209674055	1,3865957966149833
4,67758254455001	-2,7593646164810215
1,0990867367025516	-4,408300153283469
3,4546633094687267	-2,852604927343242
1,1265116663512516	-2,874284099891233
1,3824092927735747	-3,538545005677131
-0,582401799350635	0,653174127011817
2,7639018011434597	-0,7910270526226587
-0,20111847159863838	2,326927925194151
-0,1184881240053568	1,2309641814073609
4,390878445042915	-2,3962729921790773
3,487509974904164	-3,146744950816273
0,27559985064863224	2,8817541649573073
2,948519410337992	-1,274054023999864
0,932050733198448	-3,022545990066428
2,439900479371408	-1,521312104700974
1,5987398161478132	-4,320564604458975
1,173308772827315	-3,669540430316924
-0,34132089003359267	1,3491576295131102
3,07453418619271	-2,4258504213617256
-0,23843228906789693	2,604895743845717
0,43208615928148375	0,20947054462312575
2,516992539097579	-1,660586555184084
-0,5584805179880887	1,7167433522076019
3,7658953395154144	-3,0665513192804172
3,7196662334168686	-2,8747124555107213
1,0437979009002303	-3,554726524943033
2,870179874632803	-1,908139580711013
4,008251454824141	-2,9456858248684603
1,30172940518963	-4,436222602235687
-0,023544333363577752	-2,494037312705835
-0,17900999296755926	1,157660073208156
4,587233435534552	-2,5191249451822038
4,809389503602165	-2,817019043567951
0,19783093276585595	-2,713849165505923
4,417388188232598	-2,3662371754348674
1,5663812837139013	-3,4919194254561527
3,062125602154489	-0,9335756898418434
0,22611174719352284	2,82218457160777
1,3428734912737506	-4,029738349524943
-0,28015357948291975	1,650920504468095
3,1405754021575945	-2,506692309244514
3,7173534975631743	-3,086162562478276
-0,4690258618520664	2,235805507000576
2,6632950087080056	-2,594129251668627
4,209567716727799	-2,3627598867030786
-0,6441764216549464	0,9927263584325887
0,8650605010133723	-2,8928736450512558
-0,2717688983074029	2,255409171498128
4,8302736185965305	-2,7822880844762383
0,00160195605116642	0,920411986857485
4,6992074757023286	-2,8872813492511593
2,889864909771081	-2,5351040668440548
0,5797097700781042	-2,86362040695661
-0,12269893230987772	2,0386228886567306
-0,4425835694250957	-2,883787588394352
-0,24666538308861585	1,2065368020099236
1,7369195562766313	-3,958993251096371
-0,11533350116208241	1,0076656274689917
0,13980844615998478	2,7549831741293334
2,515458991675709	-2,1802956061147487
4,269835595384266	-2,594431328005808
2,788464175357242	-1,7577152965320593
0,7398526237663965	-3,0686725892496813
1,1812945614818364	-4,771320555032572
2,5086322476045106	-1,1586513840227561
0,2786687601535794	-2,9820510682783836
3,6946169595824623	-2,767650644532774
2,752912001834251	-1,5146046055895817
2,7403299032023214	-1,6054366296401505
1,5805501901615662	-4,031673578794697
2,5334840858862893	-1,2104269800977485
0,3721547691850511	-2,65303562288875
-0,2978389228156546	1,64273669419257
0,4186391839935864	0,6035631481403656
0,9223219760356671	-4,380326972627101
2,5148078715588777	-1,030850390193609
0,7566548407786667	0,12078648882454068
2,8243096589942334	-0,7837118469781905
0,09957755827216908	0,9284720903525518
2,9573564221106663	-2,1739744700603363
-0,08258411618137074	0,4670836220484005
0,8829814886217221	-3,5419399230059465
-0,42706279277429005	2,1840977194833626
2,4432128420721204	-1,143085341957283
2,8065460860903397	-0,7004771724188723
0,12898613211216592	2,774692119877855
2,7980215570109035	-1,887017830959893
0,9702266512270015	-3,6701368435267403
0,5292496842481453	-3,1743930910710056
0,6981187485488475	-2,7623187189868523
0,21866469006049216	2,3316883061983
2,8400258906086338	-1,5960565380172549
2,6873174477046886	-2,117307663440531
1,1838617924935897	-3,1394169260261835
0,4314000906090498	0,5340289479549585
-0,055178654166855745	0,37282361566205613
0,10798516212859155	-2,738715452510748
0,4052423769754251	-3,1938458906524305
3,1669067487553693	-2,2102024653553607
0,6549202904304197	-2,9524232190410933
-0,15046780971175344	-2,854751435873685
1,1924505735679276	-4,029310295934758
0,10878492559205988	-2,6144752898155827
2,830316109185647	-0,9615607492169128
4,392038971942787	-2,5244787354289047
3,0929115648788263	-2,3980429521741815
0,22996521625860905	-3,0960399395684948
-0,0762348008877316	2,2826746849666355
-0,3110828870145633	1,4574595848478131
4,085766125952991	-3,0927779675115548
1,2303177570728834	-3,961188682324421
2,743804445816206	-1,6470154919371809
-0,19093932681092607	1,5005578376747373
4,298651653189473	-2,84448302234718
3,2852485728304752	-2,7025905360799762
0,34166036767113217	2,199215532839174
4,048638021705735	-2,9685967301140184
3,728897779773319	-2,668694114159597
2,849277804732004	-2,469266237317929
3,030512968662026	-1,9916896497706216
4,254414751783074	-2,6013420739731727
4,399003621035216	-2,4247107737262112
0,6888995152485533	-2,983395605619913
2,7619759327267377	-0,6395775118074138
3,1507516874631847	-2,1179140091721123
-0,08947662269045609	0,47298143206106746
4,1013727580346355	-2,983937924215553
1,1812385595413482	-5,041971856745094
2,665953297307322	-1,2014518816764983
4,614965918529547	-2,801041233753814
0,4935758090141702	2,410949898410597
1,0821794606145942	-4,518308379250512
-0,33178678774906434	1,118535837835632
1,2436616097928945	-4,0487395094014165
-0,3994758932829692	0,9622251507848524
-0,2619099255080446	0,8447297082955962
1,5653322788578592	-4,614154047541748
-0,35503212508550996	0,7676591827398901
-0,22272669860195404	1,0366928224772711
2,821009049807328	-2,724616832393021
3,5698406781882106	-2,539718475216753
1,1522705110207925	-3,941629320735446
0,6007919939255109	-2,894974851262548
1,307766879031385	-3,9726970640543176
-0,7027432586194675	1,7958743980794243
-0,021439633287439197	-2,832085245661928
-0,5556140228435458	1,2823155109397046
2,564816365182986	-2,0021128895171247
2,9170490042129877	-1,6700953144352375
3,495343669853206	-2,889544674943393
0,7224739534374097	-4,596444925863402
2,8252025043452313	-2,4915821820824062
3,194570434332953	-2,5239349368887694
0,8811793056031618	-3,150707300026956
3,943667300160194	-2,693634651005274
4,434413983047214	-2,7190063474426256
4,318588949497481	-2,408944045861105
3,1027785375732	-2,11374625272391
1,2192878263003109	-4,303408818029917
0,7315360915556789	-3,3011123759731706
-0,2637957679466001	1,696230022372018
1,588010828044879	-4,582260589709064
3,1026351917442594	-1,0167000463711617
-0,2482426254942538	2,014755765518103
-0,22340884706424713	1,1128928590922527
4,737330436051014	-2,8231378009887003
1,3719462328013472	-3,0786370946410324
2,716897504578907	-2,599915529791224
3,8090839088456603	-2,6320017676485143
4,75420219866339	-2,705331671816424
-0,21262792304939448	0,7915705180256736
1,6744040297688934	-3,9831397306216108
2,705750011349193	-1,726518100418252
-0,7197820491477247	1,986920250213336
4,441333608969476	-2,622611616538064
-0,007770401033665553	-2,9040187739927887
-0,003414882469508218	-2,903928024696561
2,58749808017165	-0,9879925249340249
-0,15326769581281297	1,6425057632765199
3,139473352295436	-1,3398290900000231
-0,053840433100600826	1,030644555096605
0,12626389354136947	0,7484511587172197
2,7775366060059805	-1,6070004233194026
1,0020533437488068	-3,849833740964047
4,007258971858324	-2,659047173218815
4,68443944793	-2,6501462966452904
0,12152445125152866	2,464830268902845
1,0202152640100195	-2,674123529314428
0,7541179130723975	-3,1466364831938054
3,8968665778414247	-2,847170004593165
3,9528335105019856	-2,794721465666461
3,0535420070006642	-2,7482549544958133
0,9997570467300478	-2,9054511315922316
4,416254358451294	-3,0202536734815455
2,9280157525559076	-1,6398270505971824
-0,04851999717985822	0,45294419596056157
4,153675043938717	-3,0039958739262946
4,1850774505663235	-2,6295457014210504
2,596113280693553	-1,9490045861810565
-0,43120515545180504	2,2704918160078083
2,989309188612374	-2,4760872667244254
2,57846140556797	-0,8830826357838267
1,13543078336345	-3,353794678036831
0,014762652427939837	0,8078344917430337
3,731307454647288	-2,54975226939826
1,0842411623761616	-3,9598707230471364
1,1287632310182523	-4,863100472486135
0,7791200613279304	-4,660423133152069
3,255380157643145	-1,1038734655450706
3,184342939858026	-2,9090779594778327
0,617228000075425	-3,2550917426528
3,5933176376579192	-2,9063870269983263
1,2328102480473582	-3,099855603599419
-0,21006180147590658	1,92918961781859
0,32142927133954113	0,6809147444608392
-0,33474534371783604	1,4217473534644285
0,4620604805539019	0,38315985348004
0,13670089310025535	-2,985150484835507
2,9686863126122742	-0,9222239590378355
3,5016138526294913	-3,069740448830891
-0,3608811946481296	0,788063317052209
3,007453937919525	-1,7115106297611398
4,400187440690929	-2,916585231330404
0,8185679630343575	-2,9258095118928047
2,988710205671162	-1,4023244547005882
4,191967209211857	-2,8374581969644534
2,9595425641031725	-2,756855564363832
-0,1936393694178853	0,7406789596155875
1,5872229386842778	-3,3833035826756688
0,98166352148965	-3,4402664779652383
0,4308608652590257	-3,201696025139367
2,748423204479189	-0,7876448183287047
-0,11841576560752143	1,2084229721659665
1,08954167016853	-3,805453510399671
3,9845260395947815	-2,925023304608354
2,6301768163727823	-1,7811879107569268
3,1271113706504283	-0,9310257377963586
3,092037349271787	-2,948015211994596
3,0023197442444056	-1,8831690700887975
3,182481266108871	-2,195452302041082
-0,2623070426252778	1,8597250243102348
3,541757830809308	-2,6621638850120424
2,8501640369829264	-1,8656235776453465
2,583514740962041	-1,165884001766453
0,7969318569203073	-2,7220982749365428
-0,3129935022991013	0,34901624100875805
2,3786802658871524	-1,7119824381340387
3,814559416765378	-2,4620861244848222
3,028246904709907	-1,5692127953864596
-0,25213765763180795	1,3088477488095802
2,5780992494060317	-2,1051388611998156
-0,16442635271407102	-3,1533035295129923
4,129935940078188	-2,399700147561507
3,052902577376445	-1,3793055547673472
0,9098573369419307	-3,314673143543976
3,110935348818085	-2,377268581173071
3,103151573989506	-0,9372769249703728
3,3686287799080925	-2,421039624528437
0,1838873207374393	-2,5222312556809388
0,4998728211594979	-3,0059687758282925
2,5836730236527377	-1,5654380220612176
-0,40376280602245096	1,7868844910640682
0,593472184190416	0,17608405873500166
1,1299196400958946	-3,740415356033368
0,8471181402264687	-3,278398143450795
-0,708458027406252	1,810195332132659
0,6623524197873822	-2,969821432184638
2,677454732529565	-1,2359581487975215
1,5259747766717866	-4,340170156253609
1,4282313768059711	-4,031238047924366
1,4223429026268368	-4,4139834970300535
3,0908165304002395	-2,0147598241410267
4,702089999953142	-2,738242497968268
3,642440652990302	-2,8140733552315487
-0,5456368836803305	2,1841577628671502
3,6536364279147096	-2,6122597690420393
-0,1442863289362295	1,365646695559805
1,0609217946478942	-4,581109942583845
3,6813509326906857	-3,1281830630633802
-0,014327813518130506	0,8248630672537033
0,37564688831685206	-2,9475594489362744
2,6199793047330484	-1,6288430995644485
-0,08659507047931947	0,6225162196350725
2,884600492163681	-1,615190291153817
2,691826643963533	-2,026947280177638
2,7588526117380017	-0,6478320981981549
0,07564846498562827	-2,476927370291685
3,1403214940781745	-2,070469676722411
3,543101390339409	-2,8546090985126247
-0,4663666833900857	0,8850457506089723
-0,13690984098161563	0,5303149185997705
0,15169851898675335	0,7206650883697379
1,4945468558058006	-4,488375784018277
3,4521162066228195	-2,413037634295794
2,5654091258990563	-1,9932400018863088
2,375439276140197	-1,6278596750514165
-0,4515742550358124	1,607980481972565
2,8821212314129836	-1,3827029783868852
0,2926737302544574	2,7655673800191556
1,0749045503774273	-4,28438403786802
-0,4726691032166592	0,9185182904512563
3,1873096581725857	-1,1594268271488692
-0,6459319869935745	1,6986158751562668
3,0655805076202216	-0,8949089453381092
0,5676052281398529	0,3027672555097074
-0,29519168972842846	2,1791976618683524
0,08405223168527776	-2,517732795465336
3,8999113060092094	-2,6759377901171817
2,5815259706560028	-1,32654108666088
-0,6467591342635721	1,7114501292630313
1,2751537754377713	-4,148447814470655
4,567871879158787	-2,7360814712334185
3,2538482611704893	-1,0861696177262363
3,0859379165548386	-1,2553219816231667
3,8138206817212383	-2,6663608620595216
-0,3945921270263535	1,0765899570697306
1,0196022241405096	-3,9781339225249064
-0,13130452407174642	-2,9345020102850974
1,4223582769430556	-3,994727258934481
0,4423742435829669	0,472260949452995
-0,030217047303546796	2,1544991869066212
0,32781033513125346	-2,8140376029962586
0,8525418411835812	-2,59008896184523
0,9582317064803187	-4,529669195200206
-0,004097158531820799	0,22690655004144
0,9078570680552547	-2,995224921284989
2,374958369024993	-1,731112361040052
0,09850634555232224	-2,8016799844788696
1,2861440793855468	-3,3122979160916617
3,7772049254404827	-3,064931016896278
-0,6192094477569066	2,202211449226536
0,5517919980727923	0,7089489862433173
0,5809213839466316	0,3820114982995908
3,177145738962614	-1,0165147678214506
3,0813200377662353	-2,459355931884117
2,8205905250029524	-2,067766444182463
1,584758619550767	-4,155213288641318
1,6150071991374007	-4,392810536488857
-0,148035087001533	2,6896290103940266
-0,21797744435628752	1,5497969089036157
2,5860338511420524	-1,1363438161220474
3,069586931515423	-1,4662504123976268
0,9110803328193295	-4,6363095872026605
1,2629404955923653	-4,656706795235073
1,1103266825047517	-3,2879212966649276
1,11069954087208	-3,3160272559047543
3,099269032871025	-1,3814942936743022
0,68691241658092	-3,320253440118006
4,562663327807156	-2,5128600041029605
2,874247882035614	-2,467071019748815
1,074101371979712	-5,0196419558491066
-0,5592010828661145	1,595695220987583
4,29997533196252	-2,7495621732090263
1,1553690158617458	-3,608037141662255
0,9305144830178917	-4,274699294979947
2,743398212927335	-1,4158128212944863
-0,22536855631290442	0,9329712916245898
4,00685221688172	-2,8272125749928065
4,589095003722749	-2,7082422450813652
2,817590639214755	-1,6526144459586183
2,8360933280890013	-2,405596308430542
3,7368435890380045	-3,1712859354334215
3,021016039048386	-1,3060821090980377
2,590630807920172	-1,7682626902683865
-0,38207327217901277	2,443016968268889
-0,00020502846212200332	0,8408512700452867
3,0237135646582134	-0,940266449021408
2,992056292810339	-0,8325758160643298
3,004447407144482	-2,3112337767256688
-0,1488940080351705	0,288766022318397
1,1191253021487932	-2,8806318056904447
-0,7169606843028269	1,6492541144376978
1,116387777443764	-3,2388799653218276
3,2299337744067818	-1,180926156232962
3,108808194376591	-1,4058048128526668
3,4590778684204757	-2,4233485242324835
1,5697978225458258	-3,3882263868326223
0,15781660769302686	2,812268979635794
4,157057979679699	-2,6829502253670983
1,3275701764914065	-2,9187623901102717
3,6346218224306663	-2,4723589521628755
2,389933503569077	-2,0854767508307264
1,3453036739600934	-4,081739888851317
4,353621387609672	-2,4863111412907353
4,238056889849799	-2,6247523411352125
1,5215701403138189	-4,1442255722060235
-0,247260436082827	1,6956087842989966
0,5576868409608111	0,5020656098120793
1,3311397106161342	-3,824307967753319
1,245637502214327	-4,061415159264005
2,899982062770256	-1,328739147714313
0,02781710202754839	2,7392008659049534
2,875658969752462	-0,91319826844339
3,250726041773116	-2,700720304948684
1,4637238467518086	-4,358898666109648
2,5033515335220606	-1,1720652455213743
3,0481706092511955	-1,592052975918833
3,042929127222795	-2,0940389524879985
0,019465467675218395	0,2212193378209526
0,18755451509805415	2,860911371229794
4,573859256244278	-2,8760735925126855
1,0760965648193794	-3,087000856910548
-0,12667820557150455	0,6710591925574325
3,116086837832028	-1,075338919209716
-0,061523174288604876	0,20630071210590017
4,0561411906685025	-2,6209413440791183
3,2249440939014775	-2,5629370178590323
-0,5961721724703717	0,737169397580617
0,14564742356866345	-2,5943826312966634
0,4219740847881002	0,6647576542526878
0,3150840411509482	-3,1611211685462797
4,518547334320859	-2,461921201041374
3,196975927903005	-2,6432547615138358
1,1062057631530429	-2,8890488780901054
3,4926321008048404	-2,474207098676388
2,7927094498830973	-1,8752288250035583
2,9746472652982483	-1,5718805176505286
-0,16054682161785883	-3,1242309431953563
3,66668373826617	-2,4510604744060327
-0,2754671980850174	2,195658340230138
1,0618842002024826	-3,0619409130007105
3,2466491906235078	-2,9528857270997406
2,9689808550591357	-1,2840616814356909
0,06116984090795208	2,1934361175074475
3,614740649123427	-2,460316567639884
4,075889973231474	-2,4562998507030396
3,318661579023022	-2,7279305895987185
0,535306428533997	0,3566386942483679
1,4434921987740088	-4,19889945917694
2,9139994130690425	-1,4719609009193872
2,9653551821947577	-1,572102598760513
1,4052640601769368	-3,277351806350012
0,9741027736242143	-4,7694262257160664
2,9726273506396614	-1,668435258838282
1,6304420093840837	-3,7522783071299726
3,532253053097483	-3,1031144596982334
2,9313318512456186	-1,3547146155517096
2,6884816710527772	-0,9923870123828415
2,529433956733215	-2,376504577076502
1,4756776666722022	-3,2809246647959647
4,250606549303001	-2,515886486914901
0,00874694153980693	0,8974085333051174
0,18014162350322088	2,5577867115119863
1,5494285623759105	-4,40960088590202
2,8457878417185123	-2,7124048754839203
0,16118281849913824	0,7559646571143591
4,725114600856394	-2,6754452949782235
-0,6780055551198965	0,9383855615111147
-0,2848260072264479	2,642555630402817
4,459499875061563	-2,368338339994649
2,6260157775103172	-2,3912354424369333
-0,7430847005360264	2,081437393621712
0,8342708780641429	-4,800055346602843
-0,36008291074684395	-2,798372356302346
3,156683666643743	-1,2097445243707372
4,2089055724561435	-3,069018699859569
3,621349599900639	-2,7899081858344963
2,8033423792643517	-1,933953988120086
0,8049019098772094	-4,473384975584291
3,1019260577984915	-1,230749792172877
0,19579831626856653	2,1191646603487437
-0,35306874853249615	2,3173588504578273
0,43150536553699237	-2,855487015850039
0,012339214656253428	-3,0918168679251785
1,1201457852780654	-4,194395796094312
0,9114851276357232	-4,800892325290668
-0,25523981430500786	1,3587170661896957
2,750959217993241	-2,601518092794093
3,6970680385172874	-2,482254350516945
1,4167141844781703	-4,045601917325994
0,004367158533993498	0,7746523808640053
2,7416847191930533	-1,9520830824453252
-0,20375198625827395	1,42791125202672
2,4653830134085997	-1,8163501809715807
3,778965207192766	-2,7013155786392646
2,5768124311026264	-2,4839769969712786
2,6084962421700255	-1,016337165516314
3,4500973290581194	-2,531502829599762
3,528238756722195	-2,5699627419624735
3,4340968377166337	-2,734876003662538
3,3117873830376094	-2,8606155682534817
-0,5286442944975445	1,2369838566540352
0,46052803755220006	-2,891499855062794
3,777134390433753	-2,5554972386314603
-0,13715605021883376	-3,233817732309656
0,3602061873280736	-2,9956823363943568
-0,2783025950119309	2,6021489501883237
2,620680424069274	-1,9609278114128772
2,896228076002525	-1,1798198890014606
-0,4107914978477961	-2,921134198595765
3,0144671137333603	-1,1493498953431796
0,21021713024119548	-2,808548944947459
3,0718822368996643	-1,8213178316690544
3,5564699246586056	-3,049945318881316
2,486117584823905	-1,737837172368541
1,0957060492771307	-5,1746154638891335
0,35531552459378685	2,776698267564857
3,9388579518883318	-2,7179211317754564
1,3611323875480608	-4,007305548072253
1,1645888380090799	-3,3963436983366635
1,1481162091321648	-3,53326040456826
2,903937511480646	-1,1384381595040571
3,599042679007605	-3,1601267192082534
1,3869556530975589	-3,5395931969200163
1,1125412845761524	-3,8642901872725095
0,055660222219376526	-3,1527140441179498
3,3009323774184587	-2,269937375315166
3,7014078609109937	-2,9575429781535107
0,7218813228492239	0,3887161932529495
4,475534847800176	-2,9110770590771704
4,013271359960107	-2,72101918396905
2,753515413529658	-1,5150050488123885
3,683011967073239	-2,8466313444787366
2,7145897809333976	-1,6185382808793487
2,8359480820276666	-0,8594355732985495
0,15842842030650856	0,5554714943142244
-0,11000756673712375	1,6452774892304454
-0,02342845993698539	1,0976814701265938
2,4821442931550024	-1,8696650650433142
1,2982095347603746	-4,026110298345809
2,4710250577647357	-1,9571244229660913
3,5601917785062116	-2,9656070275075
-0,29565796500286945	-2,6128566573899095
2,993956440319248	-1,955164566340862
0,28490631223635865	0,6219841318295961
1,0457383162020826	-4,189437939501786
-0,2683945308104473	-2,8337633260383153
1,4767067206929116	-3,6586078060540714
1,5265420890560952	-3,5288987247864934
3,4091627918760006	-2,6865126840720723
2,4506709005682428	-1,3484588320186022
0,15915758646181755	-2,6543440787037773
-0,3242674052714499	1,0045743911672698
-0,21352197675288692	-3,0106809092458744
3,048330520987447	-0,9644604278406169
0,9583616515076291	-3,552277072898092
1,3509919931460266	-3,065104999096837
1,1550707007735168	-4,270904675345073
0,838752863830726	-2,67522518659993
0,5359407537544044	-2,5172326163803618
3,984161016183158	-2,5415791863831507
0,1967426374982092	2,3810861675685486
3,8271285583994676	-3,1319696062229783
1,557092713683161	-3,304836904354119
1,6349931543298912	-4,197843569318176
-0,3963957216007524	-2,924804477325041
3,1195943249800835	-1,088588000015408
2,866007288773731	-1,3023983961219887
1,0475962953331	-2,6977259616678007
0,3717017879413789	-3,042645764470574
3,109066047110572	-2,649616443550586
2,744902609682179	-2,673041548147474
-0,2049352644815532	1,2308609426313686
2,6860535035001223	-2,085539027661353
3,7114844960634574	-2,7112302416252945
0,0439482346565887	2,1650234289019687
2,6847644436703217	-0,7729733572032816
2,9265449018179144	-2,438321373316694
0,2992274298244121	-2,684250138828097
2,7275359831855344	-1,1923291181431641
0,1816275325153207	-3,09164231141321
3,233564357771039	-2,9756120229488454
3,048136300054732	-2,500021068514202
-0,3451821914613764	2,177453429683073
3,050396992211357	-1,1675476309363042
2,910109536458708	-2,0297819079257833
2,45864260402203	-2,238758948993345
0,8790506378517969	-3,5148954662189813
-0,47400164838897996	1,5784195705104664
3,1088496170589464	-1,1703249076589466
-0,0807534756823376	2,6031377637044812
3,103029500650896	-2,866420338097078
0,37539587830898064	2,7214229977669895
4,19414861489919	-2,3595338303447813
-0,19127527359577523	0,6605050261495219
3,622203248284101	-2,67946232410949
1,169765891799937	-3,9508755515273677
3,825410315835794	-2,4553907109332913
4,023699649675792	-3,151158879532047
1,48842988641316	-3,406509272629177
2,600015927467254	-1,2590811330329514
2,9321063587273968	-2,216352185416649
3,5977558051874663	-2,5294506849149183
-0,1667312408798446	-2,773934662808479
2,5527225015480832	-1,257204045710071
3,5395207787417604	-3,0122189816469462
4,289238849883619	-3,099982578774285
-0,31119385091379104	1,3926678551710372
0,30632242254266484	0,7072065721223472
0,29751859710928036	2,1865296800504117
2,8256541486389457	-1,7907560807078664
1,0543661646302582	-4,420851285080054
0,5658775311507347	-2,787914027245805
2,383459116215983	-1,8601009123288668
3,4492572882381545	-2,461136982853587
2,7967291636980476	-1,1837827561883354
0,962063196393053	-3,594750438445885
-0,06110478171617861	2,7023153130301285
0,5952633372510544	0,5473689999943767
3,601791689983275	-2,761211655597842
0,1963832770167141	2,136859706777629
1,2213853338494849	-3,0951229220070937
-0,11931002103286192	2,164439658780796
4,010027384915836	-2,5247516371783503
4,216985096954227	-3,0051818978260068
-0,14382179836198927	-2,6645608735486714
2,8379390957435335	-0,6710596390637458
1,213725741961381	-4,663672823357508
0,980908694987714	-4,614153715933435
4,3132106744747505	-2,646278518811485
0,4419871772321956	-2,659196518858386
-0,4694803885844181	1,643821572056052
0,21135137956519684	0,7566162678365445
0,0595084508137933	2,731329425653589
-0,3069023156059202	-3,036121844260822
2,834901551822955	-1,1243585281055823
2,9132275795417026	-1,2049097256351207
0,6389924898141983	0,4895739288702363
2,742031312893272	-2,5760320339634104
1,5537892959260897	-3,699207119084442
3,0585170670728887	-0,9246207807462137
0,3697435213772584	-2,510270221529644
3,3059211377883795	-2,396016518022838
2,945735544432421	-2,4016091472071888
4,141904262969254	-2,8212313288893958
2,693902878351872	-1,8903710135190077
3,205034176628862	-2,88685896584762
0,577207684067412	-3,107991550719444
0,7221174069452763	0,14726452648071509
2,8990586386394033	-2,0301720284116325
3,1649445793729494	-2,8666254757021146
2,357573104939078	-1,7210235417011295
2,9279184211057028	-0,7220115472460228
1,0870591410254218	-2,9442009960222126
2,9739316092593997	-1,4153262964362214
2,951829380754897	-1,4323660517426893
3,0958475984233917	-2,859549719427343
3,015616696831705	-2,3168214449852624
3,3699283929505937	-2,4042266746693293
3,0045483911153803	-1,8013427234529795
1,0673994706669825	-3,002796142288549
0,3657876128554901	-3,058168327961889
2,8777743699545066	-1,0942606518230238
1,5473144289021727	-3,208987741880562
0,30951366662264274	-2,928620501874039
2,7371956195923146	-2,2640863516823737
2,9070023087143335	-1,738465551850719
1,3967729841658785	-3,926411838112907
0,8325216827740824	-4,4213188352704575
-0,3430640145201125	1,249138723055646
0,5755243502806615	0,30256594956651095
1,2306757089471727	-3,7461452303532683
3,0802417272847538	-2,2118604177885874
-0,15812462569221652	0,3990493170950671
0,3217016585941461	2,8904551570473336
-0,3481430797278713	2,5355690499559476
4,292245668440983	-2,497254015824266
2,5744551048197666	-1,270860389744502
0,2553684440164596	2,8087525615779585
2,924620076431867	-1,0923358993016414
3,0679248796821854	-1,1082082590737354
1,0336329019389803	-4,932608885961469
2,4288583922116085	-1,5148278760560918
3,9392327706321293	-3,0330217368486654
3,578947791023053	-2,9375532972817178
2,6800442421379387	-1,9504691517965522
-0,04461950765704936	1,0577670820486695
3,4426759290979074	-3,059710536212315
4,505966245358977	-2,5717064605290263
0,8676946213282426	-3,4026727327661943
0,7758606191574295	0,16732907773121353
4,317614121341983	-2,333618006806735
4,499039549419519	-2,7721359390603446
2,8080626801156	-2,625613597510424
0,7277346551124936	-3,326637470659598
1,1582756810247123	-4,772898122107486
-0,11115489545064866	-2,725820783130865
3,28177101802298	-2,3123660866665547
3,968715252130713	-3,011134405089211
1,0844544791106325	-4,484407705473929
-0,035983779164941554	0,7155898838665304
3,24496876547381	-2,5267024896126413
-0,2105298325445364	1,338324057629712
-0,1264247253795054	-2,5267182570166447
-0,41055667329322265	1,1825727475941132
3,0272887276345735	-1,90218371928112
-0,32923690734087974	0,6046894018078005
1,154788216624901	-4,690720007711293
4,519667256000915	-2,827044335480169
1,0411334936002041	-4,857099747585328
2,7375358044136466	-1,3860131695180007
3,286807230784786	-1,1498485068881905
1,1124892325123792	-4,515877748938692
0,0711091632269315	2,2802609001735026
0,07034079910752322	0,3634043407717018
4,181521652210714	-2,646491580068953
0,8836622763942712	-3,3773663206236484
2,776478992163578	-1,1116354467034841
1,052898459276144	-3,8734458359129844
-0,26727866974607095	0,966273433186909
1,1774813318891912	-4,094737199047613
0,7781089802772978	-3,255464657339843
-0,37050720353932765	2,203956775801439
0,3509614407669976	-3,1763947655646088
3,1342836086655894	-2,054387688674087
2,560398358855755	-1,74557461150639
1,1514262060453417	-4,474171748870472
-0,2937000021369349	1,4365053605769573
0,9867722842726488	-3,542607426787648
2,592809158979022	-1,4656987443470082
4,355933231748787	-2,5505719022629347
-0,412098818991778	-2,763490904826781
3,0962885937131497	-1,9372089624444115
2,9936369656859556	-2,100520390415394
1,289527407044702	-4,046470791571492
2,9551854353012286	-2,495012908064705
3,837579609201253	-3,1034378942467225
0,7146737362237997	-2,9667318641711775
0,721361404614788	0,45054494318271554
3,0518222933362456	-1,0349543272838768
-0,133332721498317	1,5361027248503893
-0,46181124590994904	0,5552522781944677
-0,15469663111030563	1,8553346777870563
4,4848461166232205	-2,944226044646414
0,7532243460822826	0,2859890388773785
2,9460603932864724	-2,1991587668235266
-0,3603529931793156	1,482132161428225
1,073883944889149	-4,148380099819471
4,0724123765584315	-2,9954226803017368
3,0656519773278914	-2,4302797398060823
3,068839227469531	-1,575172363935236
3,028830720071977	-1,825353287626787
3,829905614289295	-3,1188312879661924
1,4296285645412805	-3,407205188452097
3,287167452792156	-2,3355276803313707
0,48260699420190145	-2,5459248585928704
0,31305687080555195	2,596921017950672
-0,0011150589871247174	-2,7682732673924395
3,887726520739106	-2,5595193297833214
2,7802062942356285	-1,204371648244683
-0,03508688987208719	0,8514045519274922
1,7095291132183406	-4,066031735301538
3,5185149701503473	-2,6088162145902674
0,3101727751104625	0,5856416724486343
3,071998804351789	-1,2702654782437037
1,0823701549298599	-4,510938986566469
-0,4530822901477636	1,8766662471655617
-0,2768994195267569	1,9707621128583885
4,574378112650979	-2,6454339642977907
0,17731870724305893	0,09657370051549208
4,442958849480276	-2,81061205271227
0,1428477146646117	-2,8530970092713828
0,47686432381115984	-2,5772559672827886
0,49801482914778944	-2,9368632145907103
2,5464335146568895	-1,3926561812349025
1,5626851408245033	-4,13410237786321
-0,5264634431019632	2,3078751344248642
-0,14748561922093434	-2,5574799388395935
2,6773197953566665	-1,61813293764631
2,972475675079062	-1,0755601191979016
3,206503056619536	-2,477249789988055
3,0030235372869365	-1,4802955541694616
-0,05497601879013825	-3,1091439229765747
1,3083453743635483	-3,1700241997296335
3,5683355811751394	-2,9593320621199353
1,003819327174285	-4,111730358627484
-0,09566405660603183	2,760696468525601
0,9562164898791299	-3,6324529433225656
0,976464513254218	-4,733331628453757
0,11375830469814929	0,5055941655919525
0,8400758252695268	-4,646374481818741
-0,025901025078965745	-2,973242257976604
2,7960505728543943	-2,729324993156708
2,9227091676771595	-0,7898450651375106
0,8310084018234587	-4,5240469462933115
2,835037647030624	-1,1504838840255132
-0,3776430745063126	0,783556497682885
2,8565945872504415	-0,83271805595425
-0,16602379127615485	1,8838919061772332
1,3578277733801793	-4,153964012170132
2,9314608674788656	-1,233285621348194
3,243519128030789	-2,9677481322597554
2,926321440540372	-1,7455545929327054
4,339369784799711	-3,0301877696187516
3,105383756822257	-1,4854174178233375
3,1344196260822934	-2,107407435885935
0,08667669872346495	-2,7750571121040504
2,5449075955742786	-1,2794771488416705
1,1717128497572111	-4,643489109937246
-0,22158315705493992	2,288668668633081
-0,06053203842516186	-3,242275534410869
4,440488167928069	-2,8080544798800133
-0,8581852249382096	1,5836690329270668
2,4807610382903666	-1,907286122732129
3,5439391380745553	-2,445058700312966
3,0320674699215724	-2,2846852968827895
2,5747643536171676	-2,070978811421697
3,2789797910338163	-2,282698676836612
1,2237888012282205	-3,9180675324882652
3,353194037333149	-2,584439528934754
3,8504448230094805	-2,6604366329586373
3,671142711444713	-2,5900853222954874
1,4812731299994009	-4,374392707100957
1,043753144173101	-3,316735089940469
0,3571553525500383	0,04043672007685584
2,866352994628444	-2,300626251973893
3,7432856654390707	-2,4763351084935246
0,7973714206326706	-3,0704630648419293
3,6098502141239686	-2,615427220858318
2,8927065757921673	-2,126351564780889
0,3147329922000521	-2,995219299261439
-0,13393120074928921	1,579555158505401
-0,3092537480648886	0,34256177427253465
0,3131679123985994	-3,189523605618224
1,2502238927858933	-3,252780780351953
2,8103461149685853	-1,9231047624156987
-0,3729751581004126	0,5610018072351819
2,905326553525896	-1,2676688321074303
3,048318382948582	-1,772358339093748
-0,42754017735041194	1,956729333785018
3,81295843995658	-2,4554407317506834
-0,44895533554000555	2,2074775500119936
0,09437268886648253	2,0705375248979294
2,623408878798452	-1,449485206444429
0,6045957081220901	-3,2578630567621927
0,29146964530666664	0,6230347074485493
2,776862048768904	-1,3055465667735702
-0,6780864621552363	1,1980244386406147
0,8825408520846815	-3,5379114497504944
4,516208219681374	-2,554099165272835
3,042808719431486	-2,47175686682372
-0,13732249714910005	1,79511882970063
0,8598256236100219	-4,512439800958268
1,507683016123763	-3,4084893228642206
-0,19131755955985008	0,9289547467202377
-0,3553681877625646	-2,9083021861235236
3,0508472595611544	-2,0965816410657214
3,943563680483554	-2,515521239817744
3,532493869469542	-2,422828428483638
2,9284549767614543	-1,4470167883424008
2,424243930765219	-1,5700373553890252
1,1303205439131165	-5,144431441780911
3,0204229382464183	-1,8717889922065851
2,472709812394493	-1,349883825514734
2,340816346534637	-1,7455827130642683
3,520143203319778	-2,4903614920075854
-0,2606816293113541	-3,1606703174559625
4,159281105725063	-3,008092556473782
1,178844190337947	-3,2607205404487343
2,795186633493052	-1,925894763484094
1,3908895774875711	-3,742914010159504
0,08965834608038792	-2,8300646426559544
-0,24330586888338834	-2,9047051441666323
-0,5361833084582148	2,313761389372398
4,086327691628833	-2,945824161076212
3,5097146482826567	-2,9401662670001345
2,8953850848201066	-2,833687500064709
-0,652809359355881	1,0584455138777817
2,990853519733872	-2,8360866482436453
3,1334549851205282	-1,0126334410852746
0,6118463209103955	0,4437473427039327
-0,3376219105157571	2,6112166153071215
1,038846691210377	-2,833915575455591
1,327625970053853	-4,594056831065902
-0,56334980481644	1,568674897072728
3,5261157267924528	-2,841013912955035
3,633530889888617	-2,4694017532856223
3,7528305182793265	-2,650871560307099
1,3900699690798364	-3,6493036168701685
0,5958847886293362	-2,7920094212466435
-0,23992880393273575	1,7221215308151137
0,6958275067694892	-2,83447671733883
2,626923838981584	-1,0857162869624981
0,9913754828688014	-4,53662810034969
2,397636084132681	-1,52289499272093
-0,2357531120691061	0,8599288405712957
1,2654172561648687	-3,164364935871154
1,681870762846002	-3,973826292776337
1,1188480881186234	-5,114776308697705
-0,6356542573347843	2,064242678976006
2,434099268667964	-2,0548291563133216
1,019294946918571	-3,200915715583497
-0,31472920262538284	1,376860544655231
1,2928587793940252	-3,136849548984968
2,4901465901050757	-1,9557070933858096
-0,37340245260683447	0,9991088023308843
-0,08238306826199865	-2,695796223298496
0,6660375877328284	-0,0031927434470735427
0,24928836185449965	0,730599660436836
2,8921703081798062	-1,9175516700762216
4,008966493909448	-2,7502604508247765
3,171580958808013	-0,9942062949998295
0,05629906739150459	2,1507888212327693
-0,2505661278923611	0,9538531537873525
4,178031510364328	-2,86877650325149
1,6771778343053947	-3,89158628720818
2,7757023357138557	-2,1648004866461905
-0,23702505821105802	1,425941629513345
-0,11905248853657902	1,258645118287656
-0,2665667206071618	0,8888595847797085
0,3276034793038741	0,26105561027471236
3,192652642395366	-2,917623224533633
-0,007217309757754364	2,2536449766186983
3,50120680369833	-2,997605740380443
1,56028787794046	-3,9131822168692065
-0,3359431205070863	1,349285703811253
-0,5787731130977167	1,620105077864388
1,2033252485898007	-3,0991732385598922
3,000810190041097	-2,2792438157875834
1,0924972682542533	-3,240907867337777
4,000476328547234	-2,549540727011272
2,5031429589450243	-1,3161307928520478
3,668068087624608	-2,958440752150761
4,341758091422733	-2,662069870040839
1,2630371392278221	-3,5847326798933237
4,228345104362828	-2,3656792088346528
0,6100330158238405	0,6577610576973187
0,7851985005440771	-2,715650069793943
0,3956708844548569	2,8099227440044636
0,8392181691840861	-4,687440222395773
4,166218052503914	-2,9695231237179196
2,9960438662554614	-0,8600441331966644
0,9719396396860934	-2,8255482938045695
0,8074373132172772	-2,873702688271538
0,7002423738061345	-4,606147223322119
1,3940220439644662	-3,0416190000872856
1,076642113171242	-4,9837076037169465
4,116827502519621	-2,6311842278693076
4,0621835053200295	-2,6794162134354327
3,8493859478399464	-2,6880058219605236
-0,2399250833672688	1,623824199579504
3,248943457006323	-2,2261735952082353
2,855065258343277	-2,2833559362399787
1,4677210048948943	-4,40946883784808
0,4221974825172694	-2,6674204529422987
2,6681787818432197	-1,1583272134771985
4,158519188767126	-2,908817573458348
3,172676219871291	-2,653838108892728
-0,013689859522814318	2,2343452724848416
-0,24870048864485805	1,1013618993854983
-0,3492973177552141	0,4733155639710558
4,02737654792695	-2,550600080326907
0,7176012529725515	0,16653062960232035
1,1713248883454013	-2,7756631126805695
0,08238279600532372	0,9056767032330832
1,2355501710440766	-3,8395743771061768
3,7550120227234665	-2,473335216625607
0,021344668074186557	1,9993753095868143
-0,30028078307100625	1,5913751963981326
-0,18694412599291244	1,4861814851564095
2,809303014129539	-2,777245911497345
1,374599225035821	-3,2155074732245996
-0,3684402283925077	1,4837903427736236
3,2580474478469545	-2,5116076500813285
3,1186325975139155	-1,961681696634441
4,04769023024674	-2,423244498804616
4,31057015959266	-2,6155075999671373
3,1007107753830243	-2,576934488547442
-0,03404422197382129	-2,5969259673954532
0,21034481770801733	0,17084582327694253
2,949039674689209	-1,8382010778558742
2,7905551489946534	-2,0092679764680703
2,5226253021401766	-2,359590214926534
3,114460127312498	-2,7922728457909587
-0,37655285531323135	1,185367377883262
3,045133292202725	-0,9678912691627191
2,7040228550173486	-1,1700174943821848
1,219804244338747	-4,565857526472602
3,7669284527647924	-2,494281396773287
3,6443263597899427	-2,423643169694408
3,030464451425484	-2,2785056528907632
3,228268816214448	-1,1376037707570115
1,0872504963932215	-4,846150659893792
2,840824363119597	-2,554310111692315
1,1679395123789733	-3,6320701360095944
1,1010008057269407	-4,3684044667044
0,8737211006263806	-4,476629024924461
0,9181986783191314	-3,2806418649874103
3,8332506238725426	-2,9756224661860653
0,06598366521731602	2,662126285787828
-0,3717651922397459	2,5999452498934743
-0,2481024366557043	-2,7327801885766028
2,6920662138092837	-2,1789158822096844
0,05606763680868643	2,2403327859318205
-0,025609028516433985	0,7870514659485071
2,9837721310452645	-2,418332532284105
-0,43153849806139566	2,2855538263277007
3,423449459018026	-2,3473316195415204
1,1661856222022435	-3,826328775234123
2,973844786421769	-0,830687085881534
0,05588262132001673	-3,2206633304916585
-0,21545717411507903	2,1198946367237106
0,8326640257095242	-4,641917679211341
0,9961473283992058	-2,965570460592712
3,764183298077249	-3,1329555174131856
1,1680372728980908	-3,3446529156489286
0,299486779315631	0,027128087041787374
0,20148812525827892	2,299061855592907
2,974462204050334	-1,8978289778173192
4,1320089820500945	-2,4328684214655794
0,26149699430103857	-2,988321276387652
0,704363968313511	-4,576606675540404
0,14832979714962757	0,7995055929085785
3,8564173077994357	-2,508934473618975
2,5348732370325457	-2,175871299093506
0,03755665859747703	0,9752976147162988
3,942005684493666	-3,0201528204928962
3,725250508467898	-2,540464764039033
2,9619279862717636	-1,8575988695619066
3,8313081426235494	-2,987063871249982
1,1243746521753588	-4,860245347598722
1,1972336937755428	-4,350767457127272
0,5754714444401277	0,27014102008771057
0,5663977982022624	-2,5653076355284234
3,497610016560131	-2,80456361519963
1,102956884175331	-4,57884865756902
1,2764884486025194	-3,648784357488368
3,3071746447074437	-2,877920544291044
3,074409332529103	-1,1775185039670797
4,449467890758431	-2,911606100878087
2,803723921177051	-0,7294697859887851
0,8726042910958807	-4,613406027899924
3,5671230293536387	-2,9568877914160265
3,8542706170816907	-2,5702055986320733
3,0448840579749255	-1,7172140294588178
0,8495510369433986	-3,085804837174408
0,8361333690821834	-4,6069954117674845
3,4318570642825272	-2,35805539651267
2,636455081183475	-1,2582913564496399
0,11220904158957956	2,821133134306512
0,0966216201457285	0,6598607074212874
0,6800477122888439	0,4679677482062503
-0,6263227562333065	1,1810036968839406
-0,5750759966154717	1,4956589709912291
4,547316064199927	-2,926953717938904
-0,6314913239049513	2,136706258206997
4,586600526877009	-2,5882541251235445
-0,00708157984458091	0,620309346629182
0,6526975042978516	-2,989846962981746
0,38390644353786324	2,661951871887965
3,4653925408377475	-2,913735526914241
-0,40223348789368496	-2,7921062198630113
3,383758123637602	-2,968961877157714
4,140148720293607	-2,5467199241730967
0,3547199976741867	0,5705841501559369
-0,3732459196159805	-2,634463773548654
2,841160110090798	-0,8730496615731584
-0,34089454946108433	1,3561010484498628
3,950280217731696	-2,512934524508106
3,434862789233616	-2,4909177835087393
0,3062728400393698	0,7316938237637292
0,19019574961171398	-2,788667505218895
1,1839012355461875	-3,0488130088991157
3,157998114015399	-1,0334572966431095
2,3653399643645363	-1,4364744313991213
-0,06390982945230711	-2,8438640492233884
0,08193159573714104	2,1640552059387974
2,850638544437319	-2,0833521283083605
0,9152237571027687	-3,5275949931212356
0,4203791852095346	0,5518486515981922
4,481264074399475	-2,60063103889555
1,5926980655969172	-3,7279718792002745
2,695580020690529	-2,4676610817437155
-0,12077819434858894	1,755355197835621
4,622739701715611	-2,883123968820863
0,3216091287365841	-2,6379349029978028
0,22214514254241768	0,5927540017705132
0,37582884141313466	0,7735864280553075
-0,42097618155590744	0,5479964729486714
4,31734802847441	-2,289104330603907
4,576090118112707	-2,838935679399756
4,304004207015499	-2,413823461186573
1,0271886278255105	-3,6001707995680876
3,497888778019699	-3,0236649604631016
-0,5963743375741242	1,7615839811061322
3,7036278689141118	-2,7375967436024062
1,20135257478653	-4,569472647651256
-0,2840126986981977	1,8806643800457419
-0,026330214291179654	2,353237198664436
0,8212746329513873	-4,436257235062312
2,4421917570878033	-1,167831912214624
3,7456275670577064	-2,4639344335080096
2,7226751859438316	-1,220735204268164
1,3827044873610816	-4,089969057185821
4,2309637910419475	-2,3700128373117155
2,9732373844208215	-1,336709204644141
0,9930091766852054	-4,30341696929965
-0,467905930549833	-2,785029421358475
-0,6066008207148876	0,9477810486029341
3,040971050994976	-1,9996649881287785
3,533541894081826	-2,7834831324117015
0,06557207849617325	-2,829934402572839
2,8185204136704742	-1,7261115289280164
2,782884793900034	-1,6541697083255904
4,5106043906798385	-2,886537247210832
3,7033493751560265	-2,7781529582800255
0,990124065816936	-3,181540376488889
3,1739065466640373	-3,027606138229943
0,38222547644847704	0,520950366432555
0,8495960102681475	-4,534609767653674
-0,39146096272780584	1,0773361195772615
2,7371712167699345	-1,2960768730528034
2,578960550010759	-1,9400061012333878
0,11373859970672062	2,726488024359182
0,12999460641141564	-2,7064227540620682
4,227032295544317	-3,09982065249721
0,03735462045805671	2,2935186199860658
-0,490938462803324	1,5689772176161272
1,4796180185761239	-3,7183974520408065
3,1279169582929884	-2,9784942785260253
2,5809309514132432	-1,4913271018075789
1,2932226368813766	-3,1520698413610164
0,18929818166371248	2,1121034952673514
-0,7887101332074722	1,9347163061099226
-0,22704716872136588	1,4107523192329838
-0,041232743857379295	1,020796675147774
2,9043276267500877	-1,2888557817538144
3,403196690334835	-2,3203056321511073
3,0282396443193367	-1,3919138979637213
-0,17498265665819412	-2,8405954832937987
0,7123589613034025	-2,732284917063554
2,4082659229279866	-1,8042870335330958
0,43784248708467133	-2,697610873265103
2,776874095283373	-1,5250283170404386
0,2552559844591199	-2,4903202232260413
1,0595377578718823	-2,766158028905568
1,7282700025534314	-4,128834907139098
2,7176430680871198	-1,810511036962934
0,2925308723779489	0,23616268547687946
0,1302718163055273	-2,8359520620425123
1,4705148606720395	-3,6545908517741497
3,3731867626053624	-2,5844142068145888
-0,16457461616154478	-3,3105390457898496
2,7551539400229124	-2,620538570198265
-0,01761781084461822	2,7312826795370593
1,501502026742397	-4,089753727399507
2,487930966314463	-1,0756287708518217
0,9373479345785753	-2,8590514741690196
0,9578257688365416	-3,4779630156382084
0,41747584974345603	2,2562354104999396
0,14062619221235356	-3,160141448374822
3,7922515009865543	-3,151532657434059
3,925541019906329	-2,4593383572288046
1,1478556047359825	-5,0038156523906725
0,13172448339551363	0,7975448088942763
3,214510328409442	-2,19342842939158
3,492417317568228	-3,1005702246858835
4,373227950296417	-2,4611847185094353
2,7358078639127896	-1,700140357691307
4,537211453869215	-2,604636871696818
4,294683838193793	-2,7778507677999866
0,9295358379518066	-4,588356317642181
1,0385460526022734	-4,757267139035681
0,09286299968282063	-2,7643611526282554
0,8791494261237187	-2,6903196012953066
-0,26948186944421115	-2,618771205801779
3,133417952157608	-1,0417762615688217
0,24355499237787576	-3,076484925094646
3,929240915833063	-2,7651914844394305
0,2875362955952858	-3,0826097896117974
1,0769790507269332	-3,82237767511711
1,0705720504530074	-3,4111870960370534
3,0305470460982398	-2,524047147570008
1,27315913346686	-4,503291092327384
1,535484757774583	-4,106184808270211
1,3492795524685635	-4,439380993532946
3,107985598882307	-2,1065327999703714
4,308406615396192	-2,863596583171357
0,7590163788791587	-3,303071424613356
-0,23321677965320242	-2,903544278909547
2,9954150655907497	-1,6200750877351728
0,4291547510977549	-2,6675669066751038
1,209217895866396	-4,729334688863031
3,059077297244551	-1,3782327142537198
1,217253868024394	-3,415818224861305
2,368434838997595	-1,8169198201711458
4,292465655082219	-3,043502445295677
2,6338328364307904	-2,5831192745408824
1,4192986565442034	-4,63005559837438
-0,7937987119700731	1,8894068563100315
-0,15883687558365966	1,6109256239896645
3,893684872252412	-2,8511921713644974
3,5340786041273375	-2,455279496842865
2,7885862126072447	-1,235740434885542
0,34059472544525116	-2,8157981116039776
0,896490353372356	-4,741157545091381
-0,45567619912558377	1,5005831929589748
1,0249127237942413	-3,3691498634923804
1,237862229204144	-3,1886750718455334
1,19822834300136	-3,3605305201603506
3,930913630123258	-2,8582100589312356
-0,10681030197058855	-3,2603938098083782
1,0954488710490144	-5,100464365957393
1,0191386585049211	-4,330868178565757
3,7346246537800303	-2,8236565016817
4,577874541925312	-2,5601862019797417
4,532978268150666	-2,879222357927723
3,1322244249036744	-2,4746907408637346
3,109133412456996	-1,8963126443247522
4,353801511316891	-2,6659328536441045
-0,2722061875162387	2,546104785280539
4,140241101719322	-2,7372868088161675
3,422349858096834	-2,7934277666488394
4,1894471254333805	-2,744525145565219
4,2160368681560145	-2,425804376645107
4,0427091597313485	-2,642286315319175
-0,19436853136034188	-2,6511995522874963
3,936860639853559	-2,9801386146767603
2,9333018665213686	-2,054692543467562
-0,34227183888181756	1,4179943127920285
4,102707629127371	-2,869371355424456
2,5109810949793916	-1,6178097227317056
1,2471250009344668	-3,547519143381163
2,8948602973415234	-2,1633032869952316
-0,24730875190820495	-3,0350273936420953
2,441082693328355	-1,5550511612826325
-0,11124527327613898	2,391255640017942
3,3620540067546645	-2,493894781432898
-0,6399253178665525	2,0474697823052215
1,2020249905800604	-4,562948573430726
0,9227870598477612	-4,35221707628667
3,0470417843381545	-1,7315662808571328
0,08601505903959783	-3,022610011856025
0,4238033853283453	0,4192456489017309
4,745947983434901	-2,7273233312116583
-0,37413456359072794	1,0344060488189128
0,2243815863252172	2,3117305848056073
-0,5426423849611175	1,2154699153430548
1,3305840886212141	-3,6350197013557515
3,4203959013910286	-3,030930690617663
3,858252977049118	-2,745145174643219
-0,21105085366945797	-3,1964664407763275
-0,15112315753539607	1,6739347522942438
1,527349555413597	-3,3734832991532477
2,9838557957480383	-1,6786332146257175
2,6866503087839995	-1,2606402262293042
0,16990222881089212	2,0929789526626092
3,1176568739218053	-1,9632372023456854
2,7208764186328693	-2,0775692535078125
2,677763960645208	-1,0725660707933555
4,181390702032635	-2,581552485099124
1,0074356842176977	-3,469965730173071
3,8024598257555184	-2,994461238318906
-0,28567319351341025	2,649891003148592
3,193167106289378	-2,6271151831726254
3,9155601633809303	-3,116798686401633
3,9638118944201	-2,5988555917476956
1,3968191708602387	-3,255358261437796
-0,851924978116317	1,3995515458515706
2,8384891014586224	-1,612199097362414
-0,08256897238191419	-3,179205301978532
3,9143566292067606	-3,0716510138035793
0,26047659740200596	-3,1543988099023874
1,345220830189865	-4,171247220802976
4,518517723566655	-3,008605191662822
0,44604146519607	-2,723025055830922
0,0959651369416793	2,7748950495781726
-0,36367044147363325	1,8816207080204856
2,9612270566926306	-2,2056382154652203
3,36299710640384	-3,06018049191328
1,1027638778239617	-3,402632508156257
0,9561444125447166	-3,3228188637938576
2,8374327097242142	-1,8244777975939248
0,4400753043282436	0,14748748006321488
0,1441740533170489	-2,8010189527518468
-0,28258241229128533	1,1052564145900798
-0,3596689678060725	-2,733886335444633
0,06193791840497845	-3,158546319419469
0,4421371581104112	2,615187934425847
4,31242787064228	-2,6706098152007938
1,1581502636568928	-4,718562643343095
1,2348658932413636	-2,878260021098588
-0,30131800325188585	1,7099198677683178
0,4954190684220884	0,6006714359841505
3,1603401300300096	-2,9172083966565334
3,434943959820154	-3,00505219906558
3,02483284460168	-2,8499541304968043
1,5473258827630785	-4,169560721525951
2,85677209919687	-2,5947110602598036
2,9940197078750623	-2,9090170418570573
0,49106059842951966	0,09334841837534591
-0,13356884809129382	-2,73037792209469
-0,2700408823563276	-2,8320077870501494
2,7279578952131365	-2,071635391286087
0,971869435054038	-4,743622437516313
0,26788833279716184	0,3774192972676935
4,285708633526073	-2,501602938057667
2,4684164801374897	-1,697723555223021
1,5800064768384288	-3,3769472335469355
1,2894910123780003	-4,995245274594263
1,2575820036486092	-4,400372176118661
2,747361650886055	-0,7440781396093001
0,8783243076793613	-3,4306725751642837
2,5363610128706346	-2,118280188457185
2,92669226132021	-1,5549928063736718
-0,4205752914269829	0,9397416236803853
0,902781860980021	-3,120059657434523
0,9434879751834012	-3,124988296205455
-0,5839644332160303	2,12313856355543
3,033231813160769	-1,5140164554204705
2,667023661691794	-1,2697273123630173
0,4166470507770945	-3,0684703679200416
-0,15787843484869646	2,174516646629005
2,956093682580101	-2,599811414969131
-0,30469095745382124	-2,9023954262637597
2,4966196282262234	-1,507108242285296
0,4724104342801043	-2,4670403312239775
2,9078585316911245	-0,7416912990167589
1,0523286293288525	-4,476590950361221
1,0548346996653837	-3,285147382803249
2,984949594083286	-1,475091308646816
3,871402281843618	-3,020426713718619
3,249981287480579	-2,612443476802368
3,4870787783049826	-2,7630095280249587
3,0671214239926154	-1,7203591459382435
1,5169505715852263	-3,650936631023078
1,1257120732229242	-3,3959094054663694
4,120534642783336	-2,8658928034539333
2,6380230956196664	-1,2534638434869154
0,4552056515410678	-3,2134242437093805
4,145531140408928	-2,372068433485408
3,8109931071569636	-2,9938998763545643
4,354323336073029	-2,2703553786763697
0,6890326284610915	-2,8671588787430573
1,6158920891357749	-4,299974094174907
3,2662971633612305	-2,3122189598790235
2,885213875571572	-2,562808812897139
4,126842458210255	-2,619854662277583
0,3216474153278531	2,265484912944006
3,81930141905671	-2,6426106264316163
0,9968378654631932	-2,78696732058653
0,7061787520235914	-3,2018810690367654
0,028886058021074246	0,9319373967634598
3,846452684586192	-2,964481639435679
-0,31014262492670164	1,3974653082338084
3,1352756021821415	-2,877438483136175
4,367441568993293	-2,5741102116584997
0,2222814566146305	-2,8755914761823806
-0,5813288916663804	2,1185730355606123
4,031899738971189	-2,795140700918038
2,6849731989613437	-1,7435067896759877
3,0447110873198087	-2,695156035679764
0,5712951160598454	0,5464455570673359
4,205278773278351	-2,5132912014663953
2,8177140145417576	-1,5073281699596723
1,3445893046076627	-4,007448606281283
1,1048869814372224	-3,7038259458406024
2,8287324447888373	-1,1028359091951647
4,074831188560645	-2,769077750245379
2,6179674901907988	-1,9398992130661064
1,3027952723882772	-4,215051576360495
0,9244352788615932	-3,3622593089554664
2,7234540867345602	-1,2226593884028196
0,4767950988982331	-2,550103981242929
2,97501912999997	-2,549064878284991
0,7741124114704772	-3,2875044876076807
2,895840854003971	-2,0549350530751926
0,5459808129804048	0,42523206500200694
1,20765662261822	-4,181090634925784
-0,20244608998955282	2,553690539692865
-0,6481648403357467	1,5952305460173717
-0,23286714175162637	1,1917607995313815
0,5344546870467228	0,1441030906814027
0,024763577505675594	2,740504281123667
0,05791256056114691	0,9475334002041473
-0,17686876207724317	-2,8029982545967123
0,5999707052165568	-2,765641763715947
1,6317275744244957	-4,3778970216443716
0,5361406041268904	-3,1701058542190728
0,38425241106109886	-2,817965325869695
0,3591631470712423	2,8088665578917222
1,3862508345539193	-3,101511753001141
0,5619112766424676	-3,236184439545428
3,8121931448385458	-2,648130358384209
1,0397045957142157	-4,430304276015643
1,3023209069577497	-3,8274947128710695
1,311963778061323	-3,8709980808852564
0,19761972645984627	-2,5348932282919163
0,28985643167996045	0,48664862028414246
1,725564883558289	-4,115637632021428
0,8261936141389125	-4,757814683365613
0,8607582936830566	-4,4538342018052495
2,4465396820322978	-1,229964230147186
-0,67086443717007	2,2036197770302905
4,329501161502922	-2,8146916548194465
3,841822019671434	-3,0794018161809573
3,0770591800672458	-0,8960543585730363
4,452583675911325	-2,9166339515841555
1,2675932070887272	-4,611636642461583
-0,6162160048056062	1,1358666523502854
2,859811917377521	-2,7895997185954755
-0,7819498655782227	1,3617891225742524
0,6442234595040406	-2,9204428025077918
1,2618790642643265	-4,768802188774554
3,4823487893201928	-2,9362852411462925
1,1003359461957323	-4,885897122221971
2,680971100985306	-1,4448513266627443
3,8257591284852386	-3,069338416169253
-0,4382590824192476	2,540029635135956
3,398570692610396	-2,801043048416192
0,49062840096223465	0,6078698385639252
0,7660299444397589	-3,0077827665388686
-0,7329994184292636	1,0485212502753996
-0,4962464683211838	2,1490255567142302
3,241713736525294	-2,6282926169848695
1,5699322829395386	-4,044797351977319
3,8418119925259373	-2,4394760874792474
-0,6092219345957273	2,327637344815294
1,12523652625769	-3,000784534593495
0,23142751774674536	-2,9184970398266583
2,6955414394549626	-1,3587300299765348
3,7501831008441258	-2,4726290779871807
0,4385338324712108	2,2315637971234388
-0,5296142259478338	2,006461828066685
0,16583769437042806	0,18434060137286168
0,9459035634701835	-3,0172870714602267
2,8810078774136634	-1,3468284114343398
1,3462380329240422	-3,994314727647658
1,0241239420290127	-3,575127633201494
3,8829334242389377	-2,4849425389644346
0,42018174622091586	0,39886880936719127
3,1294779715350116	-2,347130318602888
1,5716664036602115	-4,301870053520236
4,0188596555341976	-2,5063578860851923
0,9044147505604948	-4,726218516341757
2,9206415785014634	-1,1667300683354962
-0,09600287158237186	1,1498828359553932
1,5906614646149142	-3,4198238140263233
1,0227555881981756	-3,123242070152494
2,475027302971964	-1,3296529145367049
0,9630031302041075	-3,2487038753779447
0,3120674182573289	2,2368038577097464
1,1836436868808247	-4,153717382834527
2,502896820438496	-1,6323887132962946
-0,20263384422918973	0,6799054007757259
3,770291727822667	-2,9288038472234326
1,164436881093235	-4,7406667626213395
-0,6445023433703012	1,4699470871213887
3,702427350771832	-2,559214647482902
0,5349240460941871	0,4304442244431981
0,16392759722132078	-2,799183729514175
3,4537430975193124	-2,478739541545248
-0,03659853937350166	0,45380851623072793
-0,4128107201241433	2,4499261586130996
0,5208890431943641	0,16930761321682297
0,5424990162425816	-2,729645565916935
0,6336342565252546	-2,8953180809926877
2,7945178264590993	-2,3505474652899467
2,512898075224963	-1,3981010163291583
0,7420326191479889	-3,0349847090249797
1,076658454296115	-4,880746976558444
4,624488595639056	-2,822104109279355
3,070964073665161	-1,5710030764328282
0,769828262963732	-4,690391356893512
2,5843104369391225	-2,029669402573685
3,754088065081814	-3,101578267937166
4,331506290877701	-2,6102787755227355
2,61425281122441	-2,410270009086937
3,0151368396584664	-1,1457133972627795
2,8073613186504174	-0,9439844539287494
3,1992197513653373	-2,6021430104826275
2,6107397134036505	-1,1072639456907125
0,42521659920502	0,011377005761257886
3,002445406337306	-1,8543446467151259
4,202939374990326	-2,362986961353932
0,40956752079760966	-2,853981092289444
3,7010178570503087	-2,6077461574499043
1,199851529364204	-4,136815053462993
-0,2545094930630062	1,285576002642117
1,4845430303928127	-3,8764653282964847
0,0705853997940401	-2,80611996602624
-0,3069383302465768	1,9238401976189172
4,034868350039452	-3,10815396802553
4,59722966827226	-2,7134503091836804
0,8186801247331625	-2,909242179820046
0,8257313620861157	-2,6629166537143316
0,948668170275545	-3,4334430481844476
-0,3836123650174732	-2,72271074452371
1,0512900672777032	-4,582055946707562
0,46856689377842453	0,7013533879356795
0,19845962046488685	0,18986538455952884
2,878439432168303	-2,673445570475422
1,0868397813594561	-3,4527435669338407
0,9978416789977878	-3,3308326192181563
0,46980457114189755	2,4512791974030583
3,1350415625859975	-2,9178244137345555
-0,29297152286844874	1,3190286036752543
1,3882256987777257	-4,438101500101066
-0,24393274533540787	1,2122103028589835
2,9693979633314527	-0,7937058711090793
2,8636576682308794	-1,2779586447451747
-0,5231181631490558	0,6315399447213457
0,3374504503848629	0,26111920244148856
2,507200886019274	-1,261620495026301
1,5957198136986621	-3,8340865800723924
1,4888696919890698	-3,299711164440832
2,5030435676844647	-1,5399985456962484
1,1803803739242036	-4,868545895355561
1,1805800634196453	-3,6763431911833244
1,159630980885461	-4,4142634761811665
1,2948623181378787	-4,442457556004422
1,4907131475525988	-3,8208756644720934
3,0816625716943418	-2,349654704070337
4,566665561149	-2,882211658704373
-0,35186333040668316	0,9859695886365301
0,7561013801676053	-3,3111334970622384
-0,3018713238850884	2,0453415201011325
2,493235549875971	-2,1872060443176484
0,49704526115243686	2,2463375815102173
1,3464258204469304	-4,1802813793390765
-0,31275069332805805	0,8260933555915726
3,990808796131499	-2,449646152461424
1,2678721243996571	-4,669003225456525
4,231711513238087	-2,990362475865339
-0,2558383710413282	0,5605298374922123
0,02360405521993514	0,46909929018103336
0,9492763345402594	-4,865077016799847
3,5334527619160667	-2,7603830518523864
0,5978018432049736	0,031126471284226964
3,076638481701174	-1,7325767795075624
3,5080268505729366	-2,809869546555096
-0,22929762218832483	2,5934210284306314
1,0485852786507572	-3,798917280543406
2,799683656049348	-0,8000497817373635
3,745900675259977	-2,8678790101357348
2,9349944584247014	-1,2550652986666782
0,4148169085004003	-2,882057550221926
0,49936149567481725	0,5259959757444836
0,061236390315055345	-2,5118408694515173
2,843056572256676	-1,8474950829836663
3,8300587029111206	-3,122225272268179
1,1511317425574177	-3,5861399627537063
1,577596253543856	-3,9748251898312663
2,9858889711499494	-2,7471618952765997
3,209347467485579	-2,5437828100969315
4,390450178143585	-2,8977854514819086
2,530864067361639	-1,7362130616431812
0,09928794247343176	-2,616894531203846
1,0324697274100008	-4,287541335006233
0,8942841180871075	-4,589700787348244
-0,22129930248071472	2,125634220017936
-0,13023830933813973	2,449313976446383
2,4431281777902725	-2,0871698573481723
-0,15593823545691554	1,312436189934933
-0,8404415003469086	1,2699266765636927
1,3162511610614456	-2,9668364298496606
-0,17288686801338837	1,2747116558126677
2,8537411699774355	-2,6879883171589216
0,8674931897941838	-4,419446946989193
1,0411953932138407	-3,736800853536594
2,6607191572448383	-1,7699341980212124
2,673830633255489	-0,8935879528530777
0,36092908926583867	-2,6930421883705224
1,1614779799335946	-4,437629569031089
3,6570123001715586	-2,799660475891936
0,21003242853829873	0,4192053351980969
3,8853478813638254	-2,467552892956694
2,5795521198049665	-1,6250927125623493
3,4401593563983024	-2,3757922003669694
3,862060344213254	-2,7306711360683567
1,37443570854898	-4,494291614591759
1,0409738430646345	-3,194823106490237
1,5569871718921162	-3,253942108182021
3,4124478823519047	-2,8047866910346877
4,116365127570986	-2,8461129437331105
3,066569298589437	-1,31574611453187
-0,15161108284814273	1,715154921795637
2,875474805897226	-1,4336715139338052
0,8790985626280765	-2,7699668216476887
1,1168675070858107	-4,171379271083401
0,8367618121305013	-2,9284019050819037
1,3744876189851691	-3,2563703668952897
-0,07238826858050801	-2,924927268359858
-0,5154326107181366	0,6295279359481436
3,0320808559878056	-2,3905814402821037
0,5330450005340698	-2,7797992779768426
0,8296493953995345	-4,488358906784868
2,465149625700371	-1,5942639912740832
2,85581972882843	-1,9008411002334031
0,2512380579936708	-3,0589787531793915
0,2159687099690918	0,19847174051507954
0,6598858107255523	0,33361185773124324
0,964082292082591	-4,772259474516703
0,5244269470338376	-2,7748324599959737
-0,4158360688794447	-2,701229929862593
3,0719776030403856	-2,8210157785034804
1,399979430163723	-3,151990854942185
3,838268110596119	-2,6297139131341862
0,3583535541710829	-3,010693422576285
0,71852024495765	-3,2083233533213136
2,656688432931023	-1,3850751397091738
4,503911233731163	-2,8204923986861923
4,16203715128433	-2,7971698751825733
-0,6796549360903119	1,0601130467005713
0,9803575954559238	-4,629511459506205
3,093523741624384	-1,4570333397545465
3,891389451249514	-2,667536678138818
-0,07156875177893807	1,9737206257827258
0,49953082552860617	0,7197612196336652
1,1358099848638399	-4,194488767354984
0,20809554271670755	0,7678214067009123
2,5078372445254713	-1,7211175526892464
2,988851678211303	-0,960092140817836
2,6314665181098897	-0,9757471613901023
3,134440910647301	-1,0361309353737829
3,111190607900396	-2,600521459231518
0,3576299674175504	-2,8738322467594486
1,0390033914082402	-3,4609613537009896
2,5088781960714517	-1,3828979866440454
2,8997178472947276	-0,9659725074353154
3,071122577686547	-2,1024913731530765
0,05872107404530552	-2,5996412707948027
-0,1244095539004837	2,2358944983143214
-0,4076131890239998	0,5948938222852137
1,5379071066405463	-3,2091230326007945
1,0635327229346911	-3,315508739560732
0,3688365366333915	0,5631633882777813
3,1358115722522903	-2,408717876722722
2,455447087886671	-2,2698239494009567
0,5805805942330853	-2,598660612211675
4,553132671800185	-2,898508324026792
-0,38732850917401973	1,8075144414123572
-0,055080067954097034	1,9148773755963833
0,34137910871478544	-2,8749300537759024
3,3224162618248574	-2,2982619713248362
2,6689935103693707	-1,9646516851226334
2,9102628163595483	-1,725390200775995
2,9434143528748624	-1,3161761576846984
0,49498662005559424	-3,091785138660272
1,2221542023160321	-3,317579481538371
2,836939452939868	-0,928027909393395
0,006014006848021447	2,223204280117661
2,6767502808071635	-1,3667496674257065
3,214453426622851	-2,7942240694467406
3,188090943166662	-2,6662195752208793
2,6986637453094016	-1,5524716395145939
2,378104543178339	-1,6602283718931927
4,289412896979632	-2,3864476616383015
1,5934388977759393	-4,0672059828956915
-0,4190695030302305	1,6874568151687575
2,69464288482948	-1,7533944985668781
0,28581803309984916	-2,879078165120027
2,80599866733847	-1,990713260610172
-0,4969463484129246	1,6742378788939942
-0,3812055776829453	1,7623327326286256
1,2710608930013463	-3,699410576919199
2,952578767530116	-2,5482749945156202
-0,032134519895489766	-3,2522625899730464
-0,5468366106394174	1,337723864998899
-0,7257118090115124	0,9743030676795076
0,07426637128473762	-2,8479014112807692
3,9904030735011853	-2,615633722572073
-0,02952929503278595	-2,5538650480380953
4,232367691128857	-2,687364017616665
0,4634885001843124	0,03454784110595255
-0,1921994779686096	2,073747285161188
4,5411675978690065	-2,8770707906265987
4,166016484177213	-2,5762873717900443
0,6271836418598676	0,6622363940154398
-0,04152569046404858	-3,0493892668942992
3,5021261966174833	-2,953863676402125
3,119701376110922	-2,19396288837221
4,273390737024546	-3,023567069327402
1,0063399395769943	-4,585069394030987
1,4087828620408724	-4,127828539224475
1,6326596186141416	-4,455734029708242
3,6991972891379277	-2,5219299130408475
0,35444890068973606	-3,202264938190652
0,44623261386879676	-2,9236952344585236
0,8432552979678846	-4,750025636775934
2,5721031552483815	-2,4663453512302
3,8501196406660227	-3,0522284958049526
-0,5816640654813745	1,9320072834671056
1,2078288546470106	-3,186260594744341
2,7771720333727608	-1,307644019377791
-0,1271410911140125	-3,237988947479149
-0,18125843424120652	-2,640827472708609
4,3684799924398785	-2,6464720371471553
2,4072853014175384	-1,311029130851598
3,5671971619325205	-2,7319139518351028
3,1192604004927142	-1,412887291146165
3,2332675465884044	-2,231943596622047
3,9484171715859246	-2,7608643860232016
-0,3226392474178067	0,9624802502547531
0,5102265386830056	-2,7059014527901804
1,0872460810160258	-2,920086168417798
1,6514497989593333	-4,344139834522166
-0,17858377358748168	0,8734069624574526
3,911077090139608	-2,6614786269713226
3,1069743203146074	-1,3873267623692822
4,160049240399107	-2,978748994749002
3,955805958074006	-2,4437249457183974
-0,4813318670073905	1,738290718153034
-0,09026173722274855	2,080676258955079
0,7000131894479005	-3,1539629148373134
2,7781670067323505	-2,684811455437491
0,4283361856995413	0,6913529947470329
3,6891031612375516	-2,776983531926093
4,2542625960512686	-2,7872734540042248
1,1922162214448577	-3,017632128394399
3,9752129299738153	-3,1145627345847684
1,381804679691221	-3,004031990707658
0,2163627579244235	2,5413076451955057
-0,15223882368385389	0,8613309140988581
-0,4509437525425617	1,7948845754206044
1,5613197299421504	-4,0865983070037855
4,0892767943671	-3,0463890901493507
0,3635705884027424	-3,0695757240838315
0,7520031781615735	-2,8564427002406907
0,9078839326516122	-4,8052534317792865
0,3942711640354051	0,6633271710666618
2,4920247280046732	-1,0960195662245305
4,751498201582258	-2,7473476523792235
3,263362972144551	-1,1062682565064503
1,0189780285736827	-3,6794385608281805
3,7891583042564103	-2,741264675794385
1,7442160081050344	-4,016924173687173
3,742922335548926	-3,014044305847635
-0,5963035999920392	2,3206629433050505
0,4400031182733082	2,673147289992792
3,074640757703593	-2,1627641645977693
1,1375983457287642	-5,110002611472814
3,1138782457653864	-1,935738769751918
-0,11806750188377824	-3,090949144064389
3,965943113774017	-2,8577023193132995
-0,020873240354777445	2,092595603989986
2,6121203421708032	-1,3722529811899902
3,154365617639179	-1,2542989617604619
3,238938415577305	-3,0019734267637395
2,9982099446938055	-1,030212125841297
-0,21835027354939107	-3,0252497232814477
3,168652914807211	-2,0576007603460513
3,212293716385014	-2,2589132948882678
2,8612653204205416	-0,680970651781138
1,0452963812735527	-4,646141167331469
0,8224569152657857	-3,2127943697147368
3,225203091997756	-2,6605482026306175
-0,017512039125052947	-2,7626746126079107
4,531104650029924	-3,0068578765317735
0,1002873297419753	0,764440955821697
0,8206475368209397	-4,486615316748158
2,9291914761307276	-1,9243208248672343
2,9585696062881377	-1,2191777420431134
-0,35923967759321596	-2,942151627660709
1,1700372280126397	-4,467421295930505
2,771952661787421	-2,366523700511849
0,4508547359794292	-3,084323192003175
2,744015438002906	-1,0652346094393836
3,6528497338763515	-2,8112260331363665
2,693533682010637	-1,4332645867716218
2,4011047567132184	-1,5642370788121416
2,928578345172418	-2,2407810551610527
3,2494829788578086	-2,4074190857708304
4,800847467191641	-2,8267459090732068
2,9525988557462615	-2,5730064521539173
-0,49441655878886714	1,5473411643768678
3,0371747604353434	-1,329684648609376
-0,55099814126252	1,8691419860633431
0,7514355379602143	-2,7048046306035336
1,3140433560306592	-4,271201565024057
4,2610778770597575	-2,334650487229401
-0,06151230556734055	1,9552404039213063
1,119763847245598	-3,731573609047078
4,477900642213926	-2,791125953824767
-0,5016628852596227	-2,6500052342440163
-0,03775418997100799	-2,9056850506886187
0,558539219613372	0,3209883937775433
0,5847354577133957	-2,935248314905621
0,5209208556489824	-3,0155517008578556
3,390670193224331	-3,0997327787021396
1,6021732119352659	-3,731042649422147
3,707629219969561	-2,4843375986617584
0,2386985152046014	-2,7104117152780924
-0,1463428188548631	1,1631813116787888
4,41364915371819	-2,6966133590247368
-0,11469203748596235	1,3559194573988356
0,3654902872838727	-2,800881643893547
-0,23272427672478335	1,9680926208409384
3,9911969155482416	-2,665521139596337
2,9927355972823455	-2,169586212363593
1,342916086432306	-4,102523402503322
1,5360511758974946	-3,7767844076637345
0,463548850603262	-2,501563594412106
3,1567057332859543	-2,105301924749979
4,652823873601553	-2,766931839355123
0,9615947226631586	-3,200198593416496
2,9931887998258215	-2,4870614339030093
1,1044184779580193	-3,594969861666258
0,6980544758622629	-2,8529823269561465
-0,17257228773279298	-3,02699270634099
3,969622173851305	-2,914373979333176
-0,36113516671996526	-2,656390235455892
0,06295196225263322	-3,20825737618288
3,0028717952099857	-1,669687364308675
0,10989895865443722	0,8933323628148108
-0,678925333583742	2,1379173461406182
-0,1496670803002147	1,72879985941199
-0,4899607500357457	1,8658626454887393
0,8607146757958406	-2,607968080601837
0,9496525556812604	-4,221795518776685
3,6737997580229034	-2,9888094105694494
3,8275924570138127	-2,6785365986268843
0,47176173063416366	0,5379871333777293
-0,14525174298242227	1,13497356807081
3,5151665724765673	-2,523021753121072
1,2048993018925591	-4,329370150291525
3,90785900297881	-2,5493869663445134
2,6127177959326224	-1,5031007810737487
3,4093921173467323	-2,481864428030184
-0,25026398460253585	1,8965733439476233
2,939187752760654	-1,5969784690938416
1,4610495896314133	-3,884187179590345
0,0387248665305151	0,16129689629167543
2,937935868452739	-2,706236552649469
4,305045756027774	-2,946067708681425
3,1101174053886185	-1,975646897069858
0,7846112810164516	-3,419519782455783
4,645115732870682	-2,926593248937116
-0,7145502034299185	1,847171622430355
2,934788268826564	-1,5326781288988962
1,4400841248770555	-4,59990067948702
4,631823021542642	-2,749000856729789
2,7483850719378418	-1,0514823400017292
-0,21316427658786918	2,7229523595902907
2,361229319318431	-1,8362280632636248
0,08362429727492485	-3,172311932160582
4,505256051020973	-2,786125942389655
-0,06971743373398076	-3,1485062915976263
2,672732103823532	-2,0536825353275723
0,07508094576923874	2,434119784412586
0,0004649215994774192	0,3391966125942263
1,257341869380422	-4,860289368063926
-0,09922659719965643	0,6804221193718786
1,3848257307371026	-3,827238481792398
3,376759701901037	-2,3034931630511566
2,82542328358993	-1,4239524501633782
0,7368610604204682	-2,6269863494894308
-0,0951579636953036	-3,1197257493030603
2,83933722191884	-1,7097344664360117
3,8486123077029153	-3,0709367640054435
2,48102868100076	-1,6142684025189478
-0,8236204483930054	1,7270594682414955
3,8866443176734697	-2,5075046889762254
0,4326378186869533	0,6000757598844673
-0,31492729746087555	-2,6083180352740887
2,656904557837481	-2,2329215314076127
-0,731440827004028	1,531154249740397
2,872804638696665	-2,1232552627771346
1,4616079900766084	-3,3065081079650547
3,2187171521364855	-1,0634486374172814
-0,06320161299884625	-2,506073338255002
3,3956265185738532	-2,5800709846686667
2,9701346496918424	-0,9007577362154159
2,8491798276933373	-0,9482826013139898
2,663903276405616	-1,8655852489001674
1,2059506876765047	-3,8383921179188816
3,6243365621772243	-2,538931490772832
3,38786888243018	-2,54931503048007
1,0236596088296654	-3,759790840318829
2,6858933935542924	-2,015066577038171
1,341136079713775	-3,191093403503675
-0,6339593483004438	2,0585330542197053
1,0571572305395738	-5,144625401302953
2,9360689938192666	-2,0510962076763124
2,806699489003857	-2,301051742349413
0,550711313010943	0,3710869993139452
2,781008312194979	-1,374146510417978
0,15778123805058736	0,25102010590809765
2,903207634999631	-2,7466817178745133
4,7236873760081535	-2,689557411460842
-0,5128057376888202	1,338017117715408
1,439358016285136	-4,056393690663261
-0,1201700159985083	2,143827942160888
4,1703133623756505	-3,0671546149052604
1,0458085206492598	-3,343069370435918
1,410692130143361	-3,41608528592819
0,058074074635816986	-2,6895590252647663
-0,1319635396611104	-2,617352644697922
0,07452469907734427	0,6633443106531811
1,4075067668957169	-4,8043481373047845
4,040901862143413	-2,7006732975957686
4,043164370066109	-2,9912303854951516
0,07659163848930528	0,6980830398641467
3,6638839405580397	-2,5071351753009443
3,248517393995309	-2,2410565030434744
0,21115169126499644	-2,960679300469011
-0,09326624757786783	2,4421883761758694
1,0659149534265269	-4,231938302203752
0,3279670955451335	-2,709929463791275
1,075603025887263	-3,0410709170416403
2,636467839565888	-2,291188629221381
-0,29315102660733827	1,5887329039246407
3,8724736146997443	-3,080746128145077
0,7497390960526655	-3,11393058555189
0,05673169885331997	0,7048186488771516
-0,37188362557241206	1,8440688240961876
4,540431946646853	-2,744759765229368
2,5648967374508134	-2,1000644126221717
4,220233687097071	-2,3398603209656628
1,1559863009872355	-3,5519839854527566
1,7013257292430233	-3,873693882441275
3,6328797421601586	-2,6254529641465076
-0,27704387262726826	1,7030915379486435
1,3372863832948376	-3,3730582996519645
3,320651425559345	-2,5508707527202175
0,1701761626821649	0,6943775683074528
-0,35525681705882606	1,551479373952533
2,7740241029505572	-1,3676904177020204
-0,2462444592727322	0,42614882683502286
4,336681582228512	-2,3814718221162097
1,0864142098256913	-3,890296413278745
4,289594875455775	-2,646792597771209
-0,6194157246481062	1,2531562576974506
0,12833664771922754	-3,138417880439442
3,301929049866461	-2,4557116749493577
2,8371787536587227	-1,2169394782733178
-0,23871066606864755	1,0083663934796254
3,515033158516732	-3,1380064198612683
3,1718358578837975	-2,763184478484492
2,948530818150827	-2,278826339339086
2,609752680952668	-2,370469282648616
0,4980112822647916	2,2455824339780497
0,9760390101245111	-4,373124211375371
3,1761960437853167	-1,0959604564741832
1,1459765808760372	-4,154520064661283
2,625420376329282	-2,067280427829042
3,087123434658176	-1,1486240786165685
0,26067418332779557	-2,6116623582508858
0,7017917652876697	-4,547742835369465
-0,4955302122740568	2,2002033031204062
4,658807106424814	-2,6486956022398935
-0,2646404937626523	0,7422793713425999
-0,4417792896811974	2,4641466508411787
1,4513629996171498	-4,268221975503796
-0,08422083685001214	0,6946433036380536
0,5873253568616374	-2,8461771066268584
3,012431658732523	-1,8058020576225378
1,5903631705440682	-4,352840024286617
0,20456374862823906	-3,038293131965458
4,31936437054215	-2,3794662294105993
-0,1793475154000752	1,319401925574702
2,716407422709451	-1,2478417112824975
1,6914256822032676	-3,871204449706511
-0,2553852409485169	1,4678227691001853
2,9618089446548046	-2,3680279617141062
2,9987602108108056	-0,9778246689018539
0,9217309253733827	-3,2717160603217255
-0,48392663276733017	1,1158616047005112
-0,5896869287220272	2,32436659279263
4,152114924845351	-3,009953993165
2,748825495275995	-0,9002446771843415
0,5360088627639314	-3,1200615844266553
0,07693186590590084	0,7448626193080016
2,904437094197795	-1,6742997455013768
2,9831775507134424	-1,1276295168940744
2,7033974266548872	-1,7320070411924389
1,1006262335636876	-4,013039762459737
3,269199070108222	-3,0268516556507308
3,1102905810987176	-0,9599077218957154
0,5433527432898018	0,29742804590183014
1,4020101074772537	-4,194162383279966
2,89535919129988	-1,840386694867512
2,530522396401883	-2,0668719744868453
2,937450576237886	-1,3440616047816203
0,799621805997065	-4,701189842157592
1,5549639317504569	-4,131542705051578
0,7092039544180253	-3,0568426375388764
2,884141823602155	-2,4119778836097923
3,036252063321746	-0,8631345616514325
-0,6954038074734659	1,8395766122152333
4,2869847632373235	-2,819068310453786
0,8944381037055658	-3,199818409626957
1,1575489448250091	-3,809187538318414
2,7577629277730957	-1,287246840826502
1,324490591640438	-3,754586687936125
1,3219467153537938	-3,7592629957407278
0,9879864055625911	-4,593451076018914
0,6180161595083191	-2,967190888291393
0,4463983802975694	0,07306697292577691
2,563807767548429	-1,214529031851418
3,7814214931338954	-2,9634962555173994
-0,06592943950251634	-2,8392946733634403
1,3465752683757755	-4,409030649366202
0,2514303126768306	-2,469297089540054
-0,17286861304080414	1,370201647277251
2,486412797053911	-1,8048792138949366
3,006165222100534	-0,9353799075548301
3,1719702451712237	-2,988577268012696
0,3134362914653372	0,6983887393917177
2,7408207240991826	-1,201390319410367
2,9557419601527863	-2,0281270743832542
2,512286313297291	-1,7258856812124956
0,2623642217270341	2,1851350719722777
-0,13076413689901972	-2,6864506859518533
3,179918154870099	-2,621844338735589
-0,10982365958300011	1,7092632528899656
0,05354371014174586	2,8291791657400798
0,23385700659807507	-3,0851490592718287
2,667402019359546	-1,6950430652229551
3,0193754818068883	-1,6469469440550983
0,9651807878776304	-3,525883203530765
1,0877884554339434	-3,5060228328978016
0,7623582043758826	0,37157170917194104
2,8671821442384022	-2,1417092755180014
2,6305473358616878	-1,1952385185470122
-0,036361065098933665	-3,171633661219486
4,675934291853777	-2,896412331004204
0,36872151546654197	-2,541293493891389
2,825857410274849	-2,144533281257729
2,490527469082493	-1,6967187569284181
0,3409048130584462	0,5807991444701932
4,20086130192578	-2,556248104934018
1,2538563906223994	-3,2210612857735077
3,5423989605740362	-2,4785212634103786
0,3711657308218068	2,5949368464981157
1,08965923572068	-4,607999669373907
0,9359051111882839	-3,4900581705935756
3,836476515035687	-2,6071542299412847
3,493483256833653	-2,5318298280685534
2,954960941451652	-2,8866617312819414
2,6737148211179775	-1,7062850507882474
4,325202040188075	-2,414993910683295
3,361673322541988	-2,4013295290012913
0,9675173347061427	-4,715174504673496
0,2116294393833904	2,6221018604139372
0,553058859624613	0,5269659350696597
4,112970055127384	-3,0172928563804766
0,015135618986254928	2,28723391046789
1,2656910773959547	-3,4701977055305178
1,1886499863723476	-4,007906077517241
2,6896595080786767	-1,053020479364527
0,8454113091705523	-3,2968216314496024
1,0236935282392134	-5,052352115925525
4,064166160720204	-2,853445131247511
2,803712396939023	-2,151814364262025
2,489059394950395	-1,8334738528138859
3,791046390408222	-2,723211531698437
-0,1896969815795263	1,9093711211652622
3,7582561036198787	-2,9984998234544977
2,877391265237998	-1,2742368738652399
3,051499978123859	-1,886639425045233
-0,12045074926556609	1,1675537920462222
0,36760625395142893	0,6577233643750957
-0,3455905612547653	1,8642516521974197
-0,5058261784623515	0,7323225412211253
-0,07134531459428428	0,945741231032026
1,2387742209349664	-4,165642132818302
3,2580460498689634	-2,9350712611890026
1,6093330150270706	-4,073105784527318
0,32063384633056635	2,4262103046173547
0,1948982904442288	2,5219395796312885
0,3719040543782364	-3,008938985279927
2,6717709536785894	-0,9775359628631736
3,1682817234117513	-2,634605325053859
2,893295190163732	-1,1230679630426488
-0,15261814255375394	-2,6659430680652116
1,315157145827168	-4,529200835849582
1,061801184186443	-3,539965347357901
-0,07107335000097303	0,4815250529275661
-0,32506352731868016	1,025744550418643
2,96768895988545	-2,1334200213195738
2,4236217691082915	-1,9416204754817419
0,8148968547287383	-2,915081963716533
2,5640928012322273	-2,308694826964234
-0,46893052972040783	1,6317370730904401
-0,6921806807719668	1,1414754176058342
-0,0018101559860945748	0,5039582007537474
0,20053187687316376	2,14102948811591
3,5768936545428645	-3,129158646039217
3,1588399646156393	-2,2125338136940815
1,2968345231737257	-3,2609993615920123
1,139861698411753	-3,2173660628169576
1,1326421089108676	-3,614647125591048
0,9648216391804526	-3,6016730556805694
2,994631777084252	-1,1858781850759872
-0,45159390208422967	1,7312178746555689
1,1364298855403405	-4,582092543343568
1,7049315923106638	-3,711970016696937
0,06977256695938716	0,1297348348715044
-0,28085773009065773	1,1601101305236332
3,166300752751434	-2,138472772692013
0,9387306696159516	-4,393445551507281
3,693982611810941	-2,4354737100111863
3,5123925091633343	-3,0585431304320383
0,9657007726118872	-3,0008408002073947
2,548393629593226	-1,7913017087548122
-0,2453745429852916	2,6772645150163434
-0,4230863946716086	1,0322026511352302
0,17224212665074146	2,126999957052301
2,6689337627193677	-2,4675756579065036
1,4814837127691955	-3,221103472730721
-0,32148329932293407	0,7088891488310785
3,8935419838784315	-3,053525134137045
1,6559537631248518	-3,674168035912397
1,100428555790473	-4,696189788351486
1,056819779389303	-4,076462997861709
0,48297046672993826	-2,9582468333369545
0,7783610034585403	-4,542789194328695
-0,5231791623117403	0,9602036613691689
-0,2629109925332017	1,2415863033360959
3,8794435109729086	-2,4889664428720883
2,8252809059541115	-1,2860368125287651
3,7665441044069863	-2,814849327741892
2,9556069946070425	-2,4078578462668587
1,0346323486918605	-4,172541953287482
2,881729684345025	-1,0990801665971563
3,7415221005629533	-2,8848714245316236
-0,13703969788666848	2,5000233048231078
2,5072993342346974	-1,1070890216598015
1,2504768941801505	-4,838448903158213
4,501825099008567	-3,026962129823282
2,5716361757588544	-0,967200254733745
4,339570007864566	-3,04858281426352
2,873782128488162	-1,7876547229946633
-0,5469446462119651	1,8713633602335786
3,312122751895588	-2,472953946074025
-0,18298914932792687	1,2518600956154176
2,351276720660934	-1,8721413789022363
0,13307759905808308	2,3337610181369226
1,1036903720746074	-4,018692696432004
-0,46409331945595067	1,8779045344811998
0,7840964292857702	-2,7810610147099237
2,6450152627641046	-0,926802384298602
4,162594679540828	-2,7204229860801155
1,6265271015278144	-4,420472211435749
3,9038712502410964	-2,983613932503312
1,41999168890447	-4,368549526657583
-0,4301392516426241	2,3967777653192974
-0,44431248365165144	2,217660704494728
0,9743177712360537	-3,592033572172601
-0,3334272223079606	0,9966616733817463
2,9538876230788835	-2,689723921958384
0,06839183745331079	0,6287914995376415
1,407809835676213	-3,1320961591461827
0,850454323936617	-4,812487495216165
4,154567536599682	-2,415644923551746
1,186303341982105	-4,7990549330348395
1,2150744475327009	-3,1554131500477878
0,4876849587808112	-3,1047026695336983
4,007895981565788	-2,56770453098023
2,9893048832211173	-2,0898735552539387
1,592955717301624	-3,3853004434858534
3,1056685931027457	-1,1038346606777796
-0,2737791782777197	0,517870756912206
-0,32847546143788087	0,8994906357434249
-0,022574950884168832	2,73747857724078
1,0036835424275496	-2,928089041332136
2,6883258236540177	-0,9862841462264804
0,36582267052482	2,4955343851828062
0,11630610352236759	2,059747812726275
1,104651804489622	-5,130255978448549
-0,034687976343266036	0,4032847246630942
0,30209200140808795	0,5806383672540044
4,516339470666355	-2,540175996410542
2,59093250305709	-1,9141203248554817
3,2364642138352826	-1,0639686847785725
2,5298082855242967	-1,9630357779661178
2,7538753147851667	-1,6074030682888478
1,4604411714155865	-3,606566929238503
-0,21573724123635862	2,461079339240086
3,456287655568697	-2,3456356142649915
0,19055775509103168	2,4974105800813096
0,9245845691267679	-3,1598363244082237
0,8702825620259721	-4,73191581068817
-0,2839583208289477	1,7893048869765915
0,47969391682119156	-3,106808276349078
0,5060503704936286	-2,773056053615636
1,148098021610982	-3,409274577533564
-0,14930765802730694	2,286404509051965
0,29438943651021643	0,7564772657572056
1,703463019012621	-3,724324209316592
-0,0276374204007227	0,6410256486553034
-0,16440525157407854	-3,0247214843143704
-0,2813835103648131	-2,711363267004649
1,4107524274408028	-4,449339935226567
1,1460793848201907	-3,522532462908231
-0,21704489437148045	2,3501340104770834
1,3707014326656117	-3,9371413775201454
1,2760317415812548	-4,339973250644553
2,6678504313991573	-1,1269618128726344
3,1291732419918716	-1,9703441634105383
1,342926041096153	-4,4932507057216995
0,2231883843180421	0,22709045606926637
1,6351881359093754	-3,62175842964725
3,2378143321468524	-2,2643080421710358
0,045089043569049025	-3,1579072032000317
0,30638945979560794	2,718458680916025
2,856905711045375	-2,7388859565232813
2,8296579552989263	-0,9404007713281033
-0,0914031537592459	0,901640144835636
4,455519411791161	-2,45505046456901
0,48190704156527897	-2,569894750945152
3,3134135558933018	-2,7046620453607235
3,6310331339142286	-2,9702375566250634
1,1819803325099305	-4,197321170212677
4,007263310647878	-2,9337254816914267
-0,3940293088662139	-2,8150114439347886
3,918805651276137	-2,501406059618988
-0,05982843685703099	1,0665863941754403
1,1290530934884293	-4,936248511730891
1,3530781046762541	-4,167470247308726
0,4856121268074191	-2,8962196978054764
0,17215374726828092	-2,559412398486166
-0,42738118627237176	2,016334573270409
3,9086176120272405	-2,5075353075435647
2,960527580965547	-1,1550799338445414
1,3344462571263644	-4,473019252612534
3,161398363105962	-2,074256216780816
0,8645503500930525	-2,623597327367795
-0,4485400282869607	2,2983689208562543
2,9958246780972013	-2,214388705358732
0,8474077374402942	-2,8128288153473715
3,7089838300728983	-2,438361579496314
2,6377756954746303	-0,8201483467177109
0,71292883717031	-2,6268745567313085
1,4143933037786784	-3,1087451240876245
-0,36859914721765985	-2,6874877184872767
3,411611541543389	-2,627287164822919
-0,07391005694726077	-3,2051403123927376
0,06412281846506529	0,8481949066009279
0,3413347681579416	-2,6192895033297416
3,1130533344951288	-2,0970544182664805
1,0882559801474199	-5,0391157767013794
0,17303350382295785	0,5942544288760323
2,7124009387287007	-1,0793891637576691
-0,32379064681536085	2,273930505638196
2,9604601426725647	-2,1785958121869706
0,005198487303003874	1,0143571689360062
1,352434926990797	-4,757709424040135
3,0283758968545733	-2,8927701223685465
3,1371189786284885	-2,0221285935541147
0,32690321511020914	-3,020037013073452
1,5260353753372837	-3,5891822378661087
-0,5346620331422738	0,701399569205636
0,002687690819590194	-2,9497758952386253
1,0271956443298225	-4,225732501825836
0,7521109279296716	-3,048998731575328
3,224757613845178	-3,0476391333229396
1,3446968359972407	-3,8169939675064026
2,822205895256084	-2,106953096564929
1,6893412080371348	-4,028649751670707
1,5810338515789277	-4,32793134140889
2,982530354658711	-2,0551322148283835
-0,2781750607740128	-2,6668740432056763
2,7065693388731002	-2,1144125787295276
0,9771424644319949	-4,898061634989746
0,17662916867776407	0,1642635290292762
4,213264501094939	-2,6544317859584035
-0,5619089435460807	2,3325759710888443
0,03812170150241634	-3,1383487391570437
2,3704016218641275	-1,8492682390271473
1,1546854955872818	-4,752221861036835
3,274785411802482	-2,3076721351445735
3,150555511226077	-1,1148189449365937
3,202200604538441	-2,8167939587310724
0,47906460172800375	-3,051494146664307
4,219141726621809	-2,407404623477129
-0,39347505909361913	2,088518246757012
1,4548003886849687	-3,246169256885292
1,1031896103551322	-4,59470180315287
0,47733517996458336	-3,205663211837931
3,521573102244618	-2,840526923123009
0,4782502380688486	0,22895753107617423
0,0016032054495753734	2,4496606234225435
3,0164534134246908	-2,2795866451809137
3,927443760018877	-2,505704789518547
0,40740830912293136	2,4663513193262743
1,0057763086446354	-3,011530746312575
-0,5244942005274184	-2,771159527317285
0,468483093285295	0,08644173680559741
1,2955452422455846	-3,155643953331845
0,13011495797384054	2,3800578759069233
1,6684415537206299	-4,391446613042834
0,36288033923931495	2,494271917662841
1,152230306247918	-3,2272581813124144
4,3365929410614115	-3,0714948367505026
0,10862277752571364	-2,783906373435104
2,8729658911572837	-1,5367201612213728
2,6208244949885566	-2,4622323921946476
0,28593950493962056	2,7006316867234395
0,3693069472426673	0,05939281600593027
3,8332057121036254	-2,4626764242777766
2,5063809147610083	-1,0639265192266363
3,2805787703297176	-2,338287288016912
3,062031992764837	-1,661553791591294
1,362223310138535	-4,536338699462795
2,5734044081429195	-0,9261849206954844
3,9546253219830914	-2,483369320775216
3,502711809740285	-2,9800418847123264
1,1157768396907821	-4,547050063903971
0,09421283462659547	2,1943760926629814
-0,12364950910407696	-2,8885208609191224
-0,8023453462849883	1,5063242527818905
0,14121579993076855	0,2027445342925327
-0,04481810475060666	-3,0532810980703795
3,6602368848302738	-2,5607894479445665
1,5332722120931845	-4,6644219281582275
-0,6817765948698549	1,1762619873885767
2,820512082517201	-0,7793036980644508
1,3719780748616035	-4,746884985520798
2,6825334839406234	-2,0701948111358166
2,602451539262808	-2,5285297400783553
0,2124413526958452	2,6048516337724656
0,37666924224474957	0,5280799552709478
1,6893361586363078	-4,022974863959258
0,6869706792242819	-3,057730098554766
3,8103827921580917	-2,8640851788164894
0,2982888545799761	-2,4795418989477556
3,238189825897204	-2,7781951263693383
3,964833299051724	-2,967332689820847
1,440738313324831	-4,426400230671777
2,9848722182728245	-2,461973970461278
0,558518776611554	-2,9494143002772653
0,3368678436321221	-2,795273716417015
4,265279986703086	-2,3311384944685596
-0,7099743898717725	0,8350190306411731
3,539985970304353	-3,0844062756749944
1,2191172429245165	-3,338240848278161
0,015250722963801477	2,6088306363591727
3,471942524778604	-2,9684360265071663
4,016325667363702	-3,1107274420253246
4,523927250324439	-2,5294935350989114
-0,5111771113471025	-2,776826209047969
1,476715431596502	-4,659281076770653
0,2395056755962071	0,290239492323908
2,9794600107215374	-2,095272926446659
3,2572446907973323	-2,3510577074242547
2,6441237471776367	-1,4536026810273812
4,6768417872544905	-2,6070713962103738
4,4406632741626435	-2,5086397533921154
0,03603051564778814	0,19890134054669262
0,7955294295133007	-2,5956000448516594
-0,10702914396129626	1,299192833882587
0,19907226444095683	-3,1602758163533986
4,067684511708157	-2,6209549635768825
-0,06047460156530038	-3,227955513168116
4,168431002444718	-2,921152856500666
1,609132885850481	-3,665687533500253
2,9818447933188597	-2,0994581825513956
0,645117510782112	-2,665502270368339
2,540064419857498	-1,317696781983676
-0,42134355906418985	0,487630001743661
0,5764438201060802	0,6326928982178688
1,1277711683132592	-4,317534554537488
0,48127715609569965	-2,625250038622181
0,9286233504472602	-3,488384016161856
1,425080395765182	-3,4413603929162013
0,9838762226818878	-3,321386586558839
2,64379873632262	-1,6871635213385656
2,990823258914342	-2,7737085361884204
4,060670085895959	-2,7936099817997073
2,6971618092217025	-1,3125578512847407
2,5438486692861866	-2,4058519578742845
2,578018325923583	-2,199783033246827
2,3809616710401125	-2,0317791692827436
3,015553675995091	-1,5269246548432132
3,2283174562878854	-2,205126934211303
2,982767384978552	-1,8346883990007217
2,615111001539057	-2,194407784935917
3,8386418647047167	-3,1381310942835694
1,5627333516788278	-3,282494122027834
2,504561589617472	-1,8274413388034008
0,9963366463351414	-4,406038267136384
-0,6025915680415981	1,878237349959769
3,767154970220943	-2,4925348425717777
0,753131701708122	-2,9673717967204345
2,8916505037723037	-1,6396348434949966
3,1390981594567204	-1,370110953765646
1,6886939875527902	-3,8225491199016264
0,6318597322585284	-3,0866594512457315
1,6194486402864978	-4,396082857833473
-0,36557704229479726	1,7458670012095503
2,5585811328146013	-2,376440421446054
1,0564030474269013	-2,852530393070933
1,1940387810040185	-4,938412037420759
0,7292700491053976	-3,145670908441139
4,230306019592166	-2,973017060525044
-0,3746439430401327	1,347910063184736
-0,22585958850055654	2,0450266279892486
0,8047694726502641	-2,95561553589975
4,446294632409538	-2,893309277055578
0,027095828926895882	2,291411009236158
4,531673320881451	-2,9329350114760766
-0,08689632645115775	-3,1034686311100743
0,4406748355258176	0,6060221533347957
4,277499155296092	-2,812870740730528
0,545122862797965	-3,0254122697700527
0,5136025747574982	0,4054852609518462
-0,4553469735132458	1,6998465539427372
1,4397588358166546	-3,366287789096625
4,048230492477281	-2,413274866959285
4,652642715558048	-2,765720504592183
0,7888414917957773	-2,59447875138987
1,0888419538030791	-3,533835892063759
2,828157042495052	-1,6003241512001258
4,470141869217417	-2,405333706961822
3,666414810335926	-2,7612728240258857
3,3547889602071916	-2,386919753575317
0,3496829615480451	0,7811754324977037
-0,023092073857928108	0,648437383755065
4,335189655545558	-2,3870034836794014
1,08532343737348	-4,75992896445272
4,019484123443109	-2,7737267136139216
2,6709401744043304	-2,42633625246921
3,7556940657020874	-2,915497589754746
0,7974776264804204	-2,932221889514066
1,5468961516350488	-3,776057724398975
-0,4828450117965266	1,7726103255692847
4,051937744724292	-2,610073215575485
-0,5283306491478503	2,095985962817741
3,227273888776515	-2,3411893279325615
0,01153532963221282	-2,7588265871690467
1,1910852138246177	-3,644498517516915
3,664946596539122	-2,52952731092964
0,37239366354499825	-3,192054432768789
2,696744495677742	-1,2927428490405395
-0,2442346454511961	1,8027764603435317
0,9290120169570286	-3,0056579665676764
2,584798249565211	-1,5585392943093046
2,541692506326399	-1,7322524658991358
0,22303433457499994	0,30227808550985125
2,6809919518248755	-1,660207597697969
3,2613429408824537	-2,26068092760339
1,0247232788657126	-4,261054184449413
-0,28415262662375596	0,5986651798026856
3,723246733962279	-2,509505118659521
0,16665694749697724	-2,927914619295324
-0,524754712852366	1,7315652818160303
2,776599850770874	-1,5950142875264404
0,7549610532842532	-3,2034546468248983
-0,6930856288705614	1,9062439150145125
-0,4671258045442981	1,0515632661445462
1,0847752553428305	-3,1618888924872133
1,2286755767839481	-4,266136657032542
3,1933435848275424	-2,5633404395602755
0,0669821998524448	0,966523091686392
-0,312036770309172	1,0410472553487637
0,05598176120701104	0,46862803450643
2,916381758885569	-2,8535774886370757
3,1857576980442794	-1,2140633200179103
4,335130424605851	-2,603171026278388
3,0134387417674136	-2,406665647439555
0,48925708721806976	2,364731069318307
2,8621877493923717	-1,404981511963277
0,7032809524967444	-3,1286435131557226
1,0642633089517743	-3,3337350602645626
3,185981489483545	-2,3629518653750115
3,3821262711049123	-2,8621565143466805
-0,4555540913322429	2,0880149546720546
-0,02507747508122604	-3,2054066353056827
-0,3037708332125386	0,40814038689804977
-0,10861413231097705	2,264912157431976
1,6450569753691429	-4,318218808824778
1,4662220363698903	-3,7100506083624505
0,5032557923265376	0,056686324030536195
3,0598328149820393	-1,652308634866192
-0,2867123335070908	-2,7584745129644332
3,2401019273137677	-2,615793376947762
3,3692554029682618	-2,8317084723825063
0,13173417583007224	-3,1991774567159315
1,0269332439453978	-3,5091534320158537
2,7631325383965137	-2,2263517216758837
3,6323072829196374	-2,636062023104064
3,0475073462744504	-1,5684579219908896
3,847743145744783	-2,6656503107022638
0,4623593728234324	-2,542466479331115
-0,43750379431256237	0,9587727889156925
0,9107580190673018	-4,794096101665276
0,9296473030771231	-2,893046354035665
0,5580078659723386	0,4731814539173529
-0,7378450292255221	1,803838811740948
4,562299576326253	-2,8626494834550185
-0,27953190094051894	2,2093930975711684
1,3798077150373866	-4,473178857414947
-0,16280595955280297	1,0027477757894436
0,6145384945056648	0,2567272351169785
0,3107285032768551	-2,7462952439305095
1,349451872445801	-4,703878638763575
0,9072276138607109	-2,744593062872534
0,993850558585458	-3,5300058438137794
1,3158204053151112	-3,4967126290392825
3,1159203948810292	-0,9434239762469754
-0,3653080702490319	0,6391782154512294
3,0636192495771635	-1,9261638030616424
0,06848055069679326	2,3356079807961088
-0,06487624092345684	-3,129326249923811
4,5689731281094765	-2,868597742285743
2,5791434298722633	-1,546322145612529
2,71605746190321	-2,6623053436232462
0,21579136423376521	-3,0228252787618484
1,1345464684447562	-4,13963152015665
4,489044516753005	-2,7334912469223918
4,26890783427916	-2,465133594889296
-0,07519781660588287	-2,630065896874851
-0,06534068842068741	-2,5219088779128005
0,8502595016749551	-2,734487031130716
1,4766726418653116	-3,748648940920285
-0,6750291724547908	0,9409695367405475
-0,22409081189169455	0,7732173754072806
3,912941519252949	-2,897398494333624
0,3870011102403018	0,5640343405061976
-0,6712426870544645	2,0430125335018507
1,2316793415888005	-3,553897668490137
0,9295124095936008	-4,389862506522969
2,6948003961496783	-1,6519893383910045
-0,1877158610924542	0,8889334992263398
4,477937891464576	-2,454684034195301
2,6017311879549503	-1,1060474476819293
3,1167432940921502	-1,3369186271747542
0,10573342806601521	-2,712696416380913
0,8480424959860654	-3,4652073933588956
3,1515070837740247	-2,9492928908007485
1,2952720665882707	-4,490280622038828
0,6559961490843453	-3,0679774882793382
0,7188626463337472	0,3022299263255741
-0,35284242217550854	1,6699367681522965
1,3443041503256148	-4,348089889908259
1,6656136166803788	-4,124552241968866
2,7837470310274943	-0,856114420346683
4,1717077110797	-2,5468013778673284
0,9748733822569018	-3,486557340420558
-0,6501173532632716	1,3325352896509752
1,4635671123272522	-3,551227268801451
0,3743495442564236	2,314961804299872
-0,5701291926842473	1,8843211047344055
3,5771483667514596	-3,119388044675199
3,3530451590623698	-2,5410476006053995
4,403650142705565	-2,672866116048854
-0,1460249642390019	1,2036855151507933
1,3819088969116677	-4,447122036092184
1,251046175004627	-4,711597552801219
2,905573759315133	-1,8915860688607866
2,9095360030328203	-1,8719166249469552
2,765539874219253	-1,8846708090962996
4,685438464451476	-2,8568131116514475
-0,28787315444995354	0,911053593550475
2,9708783086736767	-2,892452141069535
0,38086731030486065	-2,8238584211060997
-0,6792581095116361	2,084491844281535
1,0441387514514824	-3,4391815619540176
1,2739349395002497	-4,624124245407934
0,7023761813672446	0,638877979762297
2,755449151725238	-1,6623037980204192
2,5058231109618854	-2,319042794632783
-0,2695507238370568	1,8162899579699532
1,7300840988485033	-4,037074325911151
0,24426196120392907	-3,085085421099067
2,9624811403313194	-1,8609345232613441
3,927456654057175	-2,9819174654093707
0,7646981731981548	-3,3526942630069483
2,9246231442416404	-0,9131816039504902
0,7152361758738424	-3,0540769991647965
2,5741809306027132	-1,7301417909383638
1,42668894396707	-3,056558105068669
0,4668547126875298	-2,8899522196982055
3,7042827018891975	-2,7664236597907337
-0,07490929795487	1,0778712184425285
-0,7192818238358623	2,097286169947185
0,9917972565392454	-4,257898695859675
2,760855586209102	-1,5346211050333238
3,7129565705068934	-2,7061240676808618
4,375518313051446	-2,4775295035323452
4,074629032969957	-2,6728565275454175
-0,4933686816445664	2,3215393089498386
2,545315524389483	-1,8121661230656496
4,14263311463693	-2,6196867175877765
0,8922321686284123	-3,1104038623415997
1,0228603134083198	-4,144257879909618
2,8045522613647074	-2,1833541002339856
3,007708130910235	-1,3072365075708818
4,297206873491569	-2,8056195817788234
2,7666698560030825	-1,3745009896248268
3,966661599351349	-3,0849428327344874
0,2322537017983598	-2,6566798843524966
3,340489086660355	-2,642133879257254
4,62020299185986	-2,8782037355402297
4,653600110706394	-2,8333275769416684
2,923418330610227	-2,7874413273075556
2,5793237390603614	-1,6904043617001197
2,770158969341386	-1,21097667949112
1,472236525549611	-4,234886747600608
0,9982974021461344	-4,101875219363705
2,60805297410205	-1,5683796602175386
0,05543055478173081	-3,105134048660806
-0,2621197316928191	0,8570468522402359
2,922794522543973	-2,4732957015581105
0,5328057052030946	-2,922162023495026
0,980585056505574	-2,6475286407144587
3,3704322121874055	-2,6605197879986986
2,7992943419478404	-2,2348652616091043
1,0823315210844826	-4,395403349207901
0,46017519485415626	0,004600681873826229
0,8867579996312194	-3,4037741147132246
-0,46186988882765956	1,7482146237961422
3,744261098633983	-2,5244798498393815
1,089755984850219	-2,9876341433569182
1,4358770387427902	-3,3148952841436783
2,753127255131845	-0,9114149407179206
3,0461169719406573	-0,8758897775760064
3,0201288400573247	-1,8645460115268777
0,6318901524089374	0,1998769707273369
2,611642586417206	-1,452870894742154
0,4584656762010226	-2,7949387788543385
1,3696651067186425	-4,842345258625301
3,3453556755069327	-2,373374273276077
0,8625267238495307	-3,027267266483764
3,2736906767974667	-2,453721805457726
1,3205511936246315	-3,4181510708685505
3,7881238285196495	-2,4974841448500333
2,5644301161802403	-2,0318621892511795
0,9931514205258122	-3,6403930209331063
0,1607241591258009	2,3627897224267427
1,1604131669793638	-4,8900504909601095
0,9661952236427984	-2,8094580647957663
0,9499220896577936	-4,9771253246407605
0,21577350947552587	-2,470762087565265
1,1329503134712797	-3,4103478649023
2,619963593532446	-1,7406428713664828
4,136001469520912	-2,4668170362812853
0,14143992602138505	2,4825453677689984
2,759147962497514	-1,815710320769245
2,992310884298611	-2,4182640780635145
0,9935842116003171	-4,591157859024747
3,0821005884028256	-2,03025533457545
2,9819503713875357	-2,1651906235872413
3,695545575893693	-2,8771083580133894
0,8421659253750013	-3,209383989216822
-0,4938379274982041	-2,7410406169140584
4,171922040199664	-2,6918718346465944
3,110765804648524	-1,3993277361196972
3,4826106662683047	-2,5146434839829594
1,006183373415525	-3,899428060698337
4,709929369454516	-2,73744061976182
1,4958745314885395	-4,509143778853458
2,9446510847708858	-2,373022130007251
4,222021723429037	-2,729631884321617
2,8589400156958105	-1,4774809056884544
2,6144565485397355	-0,8541376663152563
2,463467270884109	-1,787515115502184
3,0845386672366066	-2,6904997028555346
1,6298513378635768	-4,017445409230596
2,740164617093927	-1,0942332789188878
0,992248882559345	-3,106456002521862
0,9300139149910978	-4,71693827326872
2,9555004644470593	-2,145211952330439
3,2294328227761184	-2,242661088707327
0,8978416003999092	-3,0138702744981973
4,313704476403811	-2,4649094661058486
1,2538789910865038	-3,3858511503285253
3,71562490263623	-2,661823718178872
-0,14309830494657994	1,6263728351925344
4,246441014987828	-2,9115925748146783
2,8406069647100747	-1,588044436135558
2,7443042809574	-0,812752577505726
-0,5998142685205992	1,6648363181964567
0,8443170466316261	-3,356428326145836
4,495851683018551	-2,6384417625536303
1,4140847629550801	-4,7053882849300726
0,8890076485722608	-4,432149310380197
-0,41111400372907636	2,131752288731895
0,7340537920323884	-2,9703757674605322
-0,009904779425488175	2,2482221118605703
2,6334856644548754	-1,156744812005196
2,6167997267273404	-2,2900407864968906
2,643583366643294	-1,3840304180572853
4,3639230453677	-2,8532386667748915
2,463164292888275	-1,6373440797573497
3,348119759555892	-2,538483162640014
0,322999241936178	-2,905842941031379
2,821073442045444	-1,240957090094687
-0,14740933376037757	1,4069861980968632
-0,22519163433922929	1,3296344047620687
1,016452399044872	-3,8073225620416635
2,6580724900112327	-1,1473740706103803
1,0727114780379934	-3,3489371765189877
1,337207761987434	-4,732798508162349
0,9822441284722991	-4,121418772003769
1,0934737678785797	-4,02470537602333
-0,2396771415243235	-3,011182474812622
2,5912430894661567	-2,419761157699971
2,9520553087005195	-1,5419380860551761
2,84668145457524	-1,1383422046383955
0,24984683283671982	0,043834466322640875
-0,5908754795563267	2,1985536898094056
2,661831224301573	-2,034455875543531
0,9814545664993191	-4,443469066950323
2,7857838436223825	-1,024546776100828
0,5880522984675469	-2,671326835916075
4,079714555798911	-2,705044706145326
-0,39462386263921134	2,242715085462857
0,4346318213950716	2,7654660571024623
1,5861906813247921	-4,047792948629446
-0,07441515681166117	-2,532118596539756
2,9656093746863044	-1,307838823984488
2,701609974651059	-1,9995750702211426
2,810462858921122	-1,386150019575324
3,15647544057428	-2,772802139440821
-0,4769527939604372	1,9221145041653616
0,6174342533796382	-2,9342880951422137
0,8949826658492257	-3,465772155356883
2,9765274785023808	-2,2143388492358653
3,4662563802158184	-2,566050291746075
-0,19038709774034468	1,2332942278939227
1,5579182603765744	-4,054342451334474
2,7201702210580794	-1,8926662968341423
-0,3300570640633341	1,257308808585025
0,7761886449227671	-4,585813497264492
-0,2974226417175413	1,9516546939966
0,42903757217818095	-3,1696325424151954
3,983097914223429	-2,7815957039562265
-0,23276662827889955	-3,199471856485536
0,9789521572995438	-5,008766826350832
0,20322432208733038	2,3004629305297177
1,2776316586153678	-4,490843350094148
2,6235509032395203	-0,9281219678665287
-0,7989839800130452	1,1642517099276688
-0,17750549514621905	0,8370120412307942
1,0675616354545063	-2,7253123349805777
2,9675914229571307	-2,665932766291199
-0,23445835577051022	-2,855744592119409
1,1578169159647789	-5,03620545223615
0,9791408941622696	-3,705395505429864
1,3989325215662076	-3,664283838485254
-0,04640944089991461	2,626418053563887
2,660459199833374	-1,8599781225347234
0,3328922490122946	2,8319898865407045
0,23214176500125816	0,12578249730112434
0,21612873918083841	0,32364488273919845
1,0555959642686312	-3,230099394399316
0,7890414079437041	0,20689854537733288
3,4726943587842247	-2,7270346055813497
1,6526069340978295	-3,9767439511655187
1,4181808327508065	-4,169192725075598
2,5451830751969817	-1,3302487894481732
0,11571330308531635	0,9171517350972396
3,12659323306063	-1,3589481472281264
4,1281507231998535	-3,1416822676947067
0,2303398451650236	2,6125396977988062
-0,0443954406413804	-2,757243817188532
3,0986701983286693	-1,2241795927633117
-0,13805726662667517	1,2270588443963184
2,8665678173711973	-1,4800826760038674
4,232736641338234	-2,6877158459412156
3,2198001527427813	-2,243256193832724
1,6363128133047427	-4,503230992090203
1,3958785999874128	-4,907327007001414
1,1213694341254965	-4,942955139832262
0,8950315182884655	-2,9047830345509134
0,2740833897116154	-2,897254275235232
0,8397743153258523	-4,77255840529072
0,1465143037058747	-2,6127716358139548
2,6733018933958	-2,357632624933908
3,4813027069458897	-2,883686072368172
0,6335668352274075	0,1898838499419866
0,007360161761819944	-3,178857041381688
2,469848004128764	-2,178977705400576
-0,8118032192346225	1,64553534900903
-0,5515231144494328	1,5386146451601783
1,4918477106301	-3,964804383538343
-0,22995227226773374	1,0878269916861492
-0,27540190473731296	1,1637465823055835
2,466730549312696	-1,096629646356993
3,027922828776542	-1,398367030407391
2,743987993687522	-1,0841556473691587
2,726685954769437	-2,1475600689219836
2,5501248137129067	-1,536599377217351
2,9246574802899903	-1,0795768960259027
2,504945803470383	-2,1824197975410984
1,1066843193713027	-4,868180660079931
0,106993976666369	0,9125980938382042
1,3349941927843654	-4,468857655213258
0,2779918060664761	2,3957091215346136
1,449167074483164	-3,1471848235379105
0,5106706137948496	-2,8457024768713657
1,2305669889663902	-3,6268674011230186
4,525541686676818	-2,912259438465583
1,3402198593901296	-3,604544430797241
2,989975859567047	-2,6977423636804563
2,9308147946299083	-2,791890680203627
-0,02992384953631233	-2,5660760576757906
1,5046466268902108	-4,204911782946877
3,795993406212714	-2,505814183206189
2,8454525916734776	-1,4152485929663605
-0,0057298522362638216	-2,7759571304434463
1,1444295376715765	-4,584499670790805
-0,06988217622985193	2,2129270771332057
3,0152525104961048	-1,260625183661361
0,45387695220539037	2,5353918202733396
1,1601830753458557	-2,892249924232063
0,8709203555647541	-3,0769309411435213
3,549941946910783	-2,526205879057569
0,07437870577537176	2,226355667370667
0,6325999087325829	0,713641232441397
-0,351874370415037	1,4812328775861308
0,08555766464965253	-2,7098733671479938
3,8931246729154156	-2,5712273814921507
0,28723686224295375	-2,9258312936807247
0,3328834455529657	0,3933683667973342
2,9973741704817876	-1,3769001827534395
4,0899740501247575	-3,054977248800299
2,8758398505327545	-2,210738974982838
-0,39150495892778236	0,8962773925615013
2,811727763951843	-1,3654509939737594
4,132857098409811	-3,0620697521443
-0,7621534508537795	1,7385607763373412
1,3433302073944695	-4,694158931080374
-0,7384557811072996	0,8730424176349324
1,218742933920206	-3,0230392782190627
-0,45455950473056994	1,6955443023095864
3,465385857267184	-3,1172246176950402
0,375032406870045	0,09628666144972531
0,7668962662647248	-4,609590796164128
1,0511127886057507	-4,167874394894078
0,8032044620978684	-2,8240666061389774
-0,5752825970613744	1,9859477764850184
4,463596599735025	-2,5816448535612486
2,9538398459964936	-1,4275620206016528
2,884088371301929	-1,547574075520709
-0,058045041735497294	1,8054938256084376
1,3075649707416197	-4,5718048718454565
1,1363200121613082	-4,675950156904175
2,7670972200764594	-1,8816102821801353
3,1345424070162666	-2,2538564143398894
0,08999882337924581	2,4999104333378024
0,8343171956466187	-4,614575466960872
1,1391909617916838	-4,437435565126732
-0,08931266276376215	2,13146701272433
4,041921256101037	-3,0336801593655265
2,7756889986755953	-2,3543673827743
-0,4162317925129122	1,904850188148763
1,3236756735272466	-3,268641857090022
0,08876559932317396	2,292463452577012
0,27703142131649583	2,73725731595934
4,491741361823304	-2,553406844236132
3,1121005132173316	-0,9865234108884372
2,9401566201033313	-2,594582642937988
-0,4672950176737418	1,9495940465293964
3,099671721978942	-1,1461457066396608
0,9503942276584871	-3,251407931919635
1,492144493293265	-4,2845467187588016
3,5209894079221082	-2,632915304377641
-0,1238465304533708	1,7797109912695812
1,3833632219204182	-4,069601317654483
1,317405994421746	-3,5612936030621336
4,03563121721651	-2,6773138918840407
-0,517631213028236	-2,779498389685418
0,3172306312023869	-3,1729725408905716
4,146538519499997	-2,5700645867210907
0,4233345652150592	2,890342694896794
3,9043997055243067	-2,6295137930833707
0,17770206829350932	0,5004561730726651
-0,32058956286268003	-2,7747534403017093
0,10081375208948062	0,41396991814193074
-0,5883459396934034	1,5744446652691684
-0,04681517088772691	-2,510965049003611
0,7512970664411519	-2,94419839868946
1,4842318949889133	-3,357415872456704
3,702951815894167	-2,7382739698935383
4,386966219993088	-3,0422085981988607
0,23184144105833926	2,8605089909866437
3,5929563499877912	-2,733865377816167
-0,8564345027516838	1,5636290705439835
2,534120641147572	-1,4778001124071878
0,12588229066018997	0,6555650754588289
0,19614364286203034	0,4604304206215186
-0,30222357355827456	2,1741786060986716
2,85611815038835	-2,653946733555736
-0,08230742574096306	-2,949037476050768
4,095358224863041	-2,5608207574400272
0,9228703002642644	-4,33947669400694
0,15200466284134861	-3,1883381889013815
1,0058708382673944	-4,663742722949213
-0,23526565788391562	0,5467142531012674
3,5801987569086116	-2,6568153400034853
4,696159555552949	-2,7883864870446162
0,40831901000537035	0,30516756565632375
0,09766542476871132	2,696659653971672
3,1081136967782936	-2,258690255678674
3,3725619708254797	-2,7080424230844318
4,3002764767387385	-2,8667692088788934
-0,6164534722608928	1,2679032786429278
2,8997018657835607	-2,423528956723634
2,950461483053133	-1,1817510379614893
3,0115073254031803	-1,1897741380837181
1,105101430062889	-4,190250077109052
4,588603595142911	-2,661362335743495
1,210289336871313	-4,716405971266674
0,6041250484481037	-3,0742714139828093
0,9573953203546746	-3,5613130442095926
-0,6794229677841579	2,1544069943758304
0,1505480203210302	0,159828196372638
0,3211163866215147	-2,977098764884065
2,7408549987471904	-2,0481963795339833
-0,08053658769993544	1,9876470090496245
1,5134011321949936	-3,835161219429315
3,2024735394098367	-2,947814108847038
2,3593989209550394	-1,7101817714877847
1,2672027570769564	-4,720587519917145
-0,21221595030223428	2,127842113135545
2,7120680158986255	-1,1821735512966427
3,6638023937167934	-2,5709197085106
1,4314415283550377	-4,840015552573073
2,391423546798238	-1,5187489056909704
1,3510923582772454	-3,565865941508671
2,8223135536109427	-1,598057556194687
-0,6006568660883522	1,5885128305695257
1,0931507008136476	-3,3929065904030646
-0,12681870964299347	0,8068137336090367
1,0570446592280227	-3,6860896453894725
0,7353625327037754	-4,582812038287287
3,2425784684406826	-2,4364428125877935
0,9460244592825604	-4,601032732581222
1,1762241271602383	-3,4723009804853824
3,9498318343423326	-2,936779154316655
2,862145011315029	-1,1518287328152605
-0,13386229194034716	1,3408451210271317
1,4240226747710074	-4,341274669989586
2,973684772870337	-1,5459377685513538
0,6663453994076741	-3,321280593656514
2,6509816793588623	-1,605107656053032
3,5113444211884026	-2,6100835520536547
2,5872314783298256	-2,5256862300393474
1,2056396324969036	-4,89079110165341
1,5065610409240282	-3,45939231165308
-0,2970776828085946	0,41073028852124605
3,8195524645035035	-3,013152796954601
-0,32031525474564515	2,5902109420964337
1,5192817252442004	-3,5053850884823374
0,8146066816608892	-2,954330941216625
0,8819374581984964	-4,694231711919212
0,7235709927561804	-2,838613313886222
0,8403639036603241	-2,7101154786791026
0,1954358031993293	2,750290127290474
1,37350360447021	-3,9266870188242597
3,88896559936111	-2,7806179818507024
1,0215269122109998	-3,899655742792791
2,5673171903877257	-0,9355103523791202
3,9127838997075837	-2,9622116069960565
3,047448027053814	-2,78431496032029
-0,2891852919412683	0,7269483245384504
3,3609142966496286	-2,453782199569985
1,4060290174551937	-4,565720086353808
3,2964543159096795	-2,666442220842171
3,2452190139255985	-2,996297640154594
3,4567094519809305	-2,7336377481392016
2,708008443464398	-1,4040148359913263
3,7320399306219496	-2,554475548713042
-0,11130540052229954	1,1511974961277032
4,373512265936856	-2,415227407787261
1,0093128245685525	-2,7811116867716343
3,5182351322876895	-2,4402598320859883
4,32045503962435	-2,7211427857299286
3,3231022196148485	-2,4986190331292737
-0,016209881406070603	0,1788216841914676
1,450088600006738	-4,498526671615687
3,345704584325519	-2,553485736952428
1,3339982397682943	-3,911547694283957
-0,21929968025833857	2,5240996251980636
1,005768602108895	-3,4154287373454424
-0,48445193338803305	2,3639596595717323
1,5890226769513371	-4,208275955201776
3,943751312756545	-2,5957025062461834
1,4941286866970798	-3,705074115113555
-0,062335846161772235	0,49930347739515724
4,217129061343933	-2,686656508873958
0,6248074817974816	0,5784854327417044
3,739375945691541	-2,476313892548632
0,051437973059241915	2,153542176398028
3,1204752125734343	-2,6175858601414985
1,4042263076873942	-3,8912290502282905
-0,7260684335589955	1,1818555569422333
-0,7823079882509054	1,5659308915042323
-0,31088026729203233	1,3709074788682816
-0,546498647045337	1,7304894362901717
-0,11594910809118064	2,744210913906132
2,996750312717482	-0,9945218212452008
1,402094357066545	-4,884926061357852
2,492258432962802	-1,104761441180578
2,894390406681006	-0,9537109173129996
0,009050356191906528	-2,7566237708243464
0,5259819814731264	-2,904900672271922
1,6928973442552535	-3,6034767642366674
0,7405144961028343	-4,572827946045177
3,733959604454434	-2,822061431688223
2,8833769875226505	-2,308591092160098
0,9815843764035664	-3,4427105180206667
1,0647982870215955	-3,5523085860950427
1,4094079067853633	-4,405920265305055
1,4285822249759559	-3,83945864805311
3,5592111145857253	-2,626184695995266
2,5995991971141543	-1,602163973818017
1,0617229237367312	-3,9029385822197495
1,6733483716976025	-4,099011124613236
-0,7646875520846144	1,7916414612244806
-0,699056108290395	2,0442937290873164
-0,23248861524056674	1,7476559796484183
2,5798260552096313	-1,5202190669836846
1,0999404234832693	-4,266571755366857
3,5005078689364164	-3,0080429264145474
2,515822343399479	-1,3228606998239139
3,1067982277134103	-0,9471303209615737
2,5864406015213577	-1,1054207904889721
1,4447150055372822	-4,329023714223906
3,0526148561280437	-1,31493189259614
0,2372903862486465	0,399685765792001
2,6592303707048712	-2,400901624440419
1,1441338802114296	-4,71666858470719
3,778636871918395	-2,868871961175076
3,323516197269715	-2,7678885421752932
-0,3589568642202764	2,2339568072425093
4,517926530353389	-3,0068863809326842
0,7394890421285529	-4,52313779886447
1,1072607548658764	-4,076344042094708
-0,10184491145543462	0,3405303145939027
3,0309980095150864	-1,933019232988166
-0,10088643705739508	1,0244483517967524
4,0597333318630575	-2,5939021630520873
1,3414334910914987	-4,055581345861192
-0,19090169349515895	2,2611631406463357
-0,18848442172549762	1,2674710130117117
0,13713795853877542	2,213662004926894
0,289811240999417	2,426060242669922
2,5805526011437445	-2,1568553176448826
0,43238562252005275	-2,6063688212276004
0,08235909695695931	0,34787898141086937
3,221479184351745	-2,4778466528521608
3,257322223226949	-1,1731193248578073
1,2709818526053525	-3,5521563858050347
3,1434231252882	-2,1630892331385074
2,533070847249819	-1,7751406954294047
2,97115759976778	-2,8972022370926296
2,5528607906336096	-1,9944403343160084
3,590468339955275	-2,895036947821639
2,895111227898729	-1,9931734307292714
0,30371994496828547	-2,7302362275401135
1,0273565201872252	-3,3859633637630826
2,5598269912068354	-2,3846849628658666
3,7353544295187113	-2,7407423646543947
3,872597078141358	-2,9201084291989563
4,234767179289068	-2,550782331807242
0,7976331848457119	-4,6642148496529865
3,0981929861460005	-0,9185951141559674
3,1519653601400877	-2,065485308121916
1,188778324954189	-4,1506605842182225
0,29740711391018415	-2,6595025193173596
-0,3694165611930922	-2,8773964863870924
-0,29370373229228164	0,6778379313060059
1,1720215752862666	-4,334894451002739
1,5384259432031717	-3,3695808982783046
0,24644873333248063	-2,937098020942891
1,0654562987371943	-4,866334242833153
2,67125570869147	-1,5452430926515976
1,5550510175347285	-3,583126031781537
-0,47087190027906556	1,440131792980394
3,0222644637116396	-2,6120679840602885
-0,30669027662865866	1,4095254528109449
0,08114356487945007	2,8165421973477045
3,9299867319445054	-2,863273259220364
1,1793164767556041	-4,259956355407847
-0,5079964203714702	0,6171675365285718
2,4964771364930156	-2,3555224043515386
4,236989974989288	-2,330415101896672
0,2817856167949272	0,037720882119862686
2,4149357814042234	-1,3849976329772191
4,279262337296261	-2,4593679630935763
1,3106963422468767	-4,218590159336632
4,340290181386944	-3,000220981038805
0,03727641842219126	-3,1676208128281105
-0,6938300447673937	1,298327169375793
1,298596313361488	-3,154827812373802
0,40145599408563837	0,4312364502397963
-0,31851230142453324	2,0496649491476813
3,3259947349005503	-2,7186577762639343
1,1110210895067156	-3,834162897880264
-0,34010155599822034	2,0609306401773315
4,409227095489146	-2,758514047021131
1,6621546738398936	-3,908212789325892
0,1621754978826081	2,082195405193069
-0,15649801951545939	1,3993945751096641
2,7481539355681592	-1,5411422814696805
3,0459788278243014	-1,9265376033685477
1,3689034505242286	-3,1319255847956837
2,9918647708551633	-2,8134850474125175
3,4312053849763675	-2,8762003910516194
0,33812442543187476	0,6114600321779582
2,688634253515886	-1,9756521326938814
0,6646493223220948	-2,5586488328899413
0,3783891290092304	0,18917459963190097
1,2318240205023392	-3,9775721625132867
3,6457913269886872	-3,060099696830603
0,44781487258014085	-2,6841733711054614
4,474331185100133	-2,905772592938712
3,6081650524869158	-2,950900750354698
1,6003926098241996	-3,405389213929481
4,743927591658488	-2,6878361318728343
0,6064156162147865	-3,1459392914772915
2,8938722582448726	-2,12623209067736
3,5606876698055485	-2,678368858652192
-0,7789837971208746	1,0602948386657336
2,8783320577193297	-1,8999072577146245
3,0906924261216244	-1,3051754013232089
1,15989155622472	-4,265750288388723
1,1443581395072933	-3,393829585596991
2,857724278074565	-1,614540092541095
1,4211161277933648	-3,6519496470742543
-0,2993333752128102	1,836858998012323
0,9685167748665265	-3,345720202249662
-0,19681309332478353	-2,725160825074964
0,8741168703007558	-3,493167257266242
0,0896115406146486	2,368869745014382
0,6053323824069561	0,2564110423532828
4,437795640926156	-2,6097960713372097
2,6823820586803944	-2,1821026328408015
1,1627693996069817	-4,253813629674166
1,1148684765737833	-4,933318951020928
0,5269574845515815	0,16794573881894914
3,5842301359778195	-2,808116810450036
0,7660644860486207	-4,693869347059402
0,14871363552770778	0,41828412651651026
2,7445596259227356	-2,0404420307787263
3,6439604664315945	-2,504460939755175
1,5581307900049515	-4,091361013259738
0,17654431271840987	2,3122281658351413
3,1020306038701153	-1,5046031263081776
0,3156092560853244	-2,717425933941907
1,3265356702431652	-3,66905122939327
0,6307213641650168	-3,2507466832478245
3,0567516825223264	-1,5507274237479307
3,732144201264357	-2,7446084171612064
-0,09411745962206153	0,5831706451162411
3,206478100686036	-2,338632704618547
1,4467166424284064	-4,261964462941532
0,6365194538638538	0,2599835090616951
3,4015722562442443	-2,387568152886712
-0,3372793067161999	1,5049393471095527
2,82363661810434	-0,9686967353727867
1,3932113369195687	-3,759972978187258
-0,19399831657117117	0,9895078475626952
0,08381053235309588	-2,5793131077323475
3,128092677082518	-1,0672532978622271
0,3671696398415626	-2,6238195125239603
3,5114457597299404	-2,782129233188791
0,04029472939114187	0,8973512255454291
0,8299775409598787	-3,291823929001356
-0,2197136057828587	1,974986170049433
-0,020038237303113493	2,2851884747425393
1,1755525591642122	-3,8490402469485705
0,7632921431409077	0,3509246620645534
3,544614497023227	-2,6298687026965664
2,48900766631598	-1,8459999473804882
-0,09954550492621972	-2,778471935788351
2,737441383248434	-1,8413069000168019
0,706797173383989	-2,664123406849935
1,0285256954842847	-4,596162766330817
0,05766835425460748	2,4452103107996184
4,129073711230177	-3,1269769426985654
2,468871217790664	-2,267106279627677
-0,24060089527669204	1,5099430187639993
3,0148323344699546	-1,5280348341801995
3,3452173136341496	-2,6071759953946936
2,9025974660577365	-0,9271952858615946
0,6049148558319744	-2,508366055786561
1,032665568639736	-4,766875002495802
3,70426192310157	-3,105294871125568
2,3958075907907297	-1,6482269926241537
3,739240761634049	-3,068362775436942
1,5051525711854534	-4,111938262000029
3,2882050789335815	-2,4193173009052815
3,0073022325011336	-2,520981824019394
2,5600702641411184	-1,487836632208538
2,807678683053479	-0,9104248692794507
2,887875595475108	-1,3320336530375059
1,2198683537293094	-3,0914298439030024
1,0616698552610293	-4,098272267069347
0,8774262084579518	-4,399654991906115
2,5442225952638196	-1,3713912255123024
2,5251725360630175	-1,9890344041645243
2,3960914227794605	-1,3714722617297157
3,9595986179145712	-2,9846218127196225
0,03182517660862083	2,098116653527149
0,22561336039160185	0,6028611894476994
1,2918525099041762	-3,885788035032582
0,8212425858167933	-2,6640297938379844
-0,6001120883841118	1,3026395858384523
-0,2911578264741551	0,8921101097746321
1,6621883244003424	-3,9165772517174853
1,4295650942750255	-3,182345963205212
3,2969629226405957	-2,7799976335615364
3,249964596935242	-2,754839492483129
0,874698478520889	-4,617101004354441
2,740916809678409	-1,5473382444720523
1,3126185313298806	-3,3034144611575433
2,8870300972628327	-1,6677181150323537
1,1106131056887327	-3,7388519767601758
-0,3787018151452284	2,134745859719568
0,5010231148373445	-2,52002139337165
-0,20068591760047427	2,4124534915495497
0,005695337794309585	-3,031616854539706
4,528435884499045	-3,0057237004806936
0,8796095502367817	-3,1283234437315057
1,1545539242387646	-4,7147298519823355
2,7894002575983015	-2,009074116404698
-0,09787307163904602	2,62302416083541
-0,03482343972818658	0,7945501744200767
2,849945058743838	-1,8995708861260567
2,479861610859602	-1,1833234834512372
2,7095531949488	-2,460427294117044
3,478261706555093	-2,5743444144271574
2,476172145950512	-2,1020143795619775
-0,5008130812234559	0,8605536893364354
0,6335994786431187	0,3355364349174794
2,4841510062683647	-2,222701611844135
0,9012147150655074	-4,7047562780920344
1,346993981253405	-4,171358106084108
0,6716483877251549	-3,237257538827129
4,206252702674931	-2,704455204762512
-0,3205560680529811	0,4361471186176844
1,6917258198400127	-3,809062193537481
3,396218659570005	-2,969672906988796
-0,03668413497814438	-3,0870479362164556
4,2259878365465555	-2,575037195944026
4,224715619261614	-2,59706113636961
-0,14784820799390685	0,5318556786639345
-0,3694195992446244	0,9237090728895267
-0,1703427747439784	2,579274855229588
-0,3692896088960196	-2,8090680493679616
-0,21384740298549898	1,361846182331945
-0,3954651947483927	1,973315527465759
2,625803523993736	-1,5570049369427537
3,2638016930186335	-2,66446514035328
-0,7169984281375512	1,138700301517254
4,203196664400904	-2,419176048837329
3,6391085289079403	-2,9424483485928032
-0,21644752216394614	0,3447319206988757
3,1628701099306635	-1,1700289822636707
0,6092185172453106	0,47301710814659925
0,6730011529313786	0,5456764131796715
1,0716387448769433	-2,849143288095913
1,2818691255264203	-4,494832700490501
0,0012063193769585867	2,0438471268371865
2,4322094884618495	-1,8736884434624774
0,9496329833212434	-4,589338967147753
2,8321946488746566	-1,1725825908405527
3,3466411607185678	-2,6398752769000997
0,4743052009496127	2,3888435970536497
1,7068383365228232	-3,8427329861340844
2,523703403214213	-1,7956453312015603
3,832946875899683	-2,526248257549895
2,9964315867165308	-2,143061567118784
-0,12436793814630964	0,27155336272839414
0,08662146373119506	2,3598578491665245
0,7377937292134755	-2,9216823803641647
-0,28690269426291803	-3,1334214357545163
3,1804009302554404	-2,420033703723964
1,6490277152452408	-3,65203646402073
1,2853981203965648	-3,7043037730278936
2,960054022434743	-1,4184697839834641
3,39075226398996	-2,3209850554534617
0,9617322390993065	-2,677797101033892
-0,2521387920050009	2,5160307213992885
3,9543303390854696	-2,633129253623487
2,8457374191109692	-1,744646493205095
3,6411707975989107	-2,451459089126345
2,5401540328178207	-1,8284973081155562
4,59030228123398	-2,574415374198958
4,249231532558426	-2,6458365041966196
0,3026089145978882	-2,674331133746535
2,9334457643512613	-1,03673267021847
1,3365919585824062	-3,251050093717747
-0,4948502272780386	2,0374388182339995
0,6130300785572871	-3,00481672875067
-0,2012877622683944	1,0736098333020467
3,34944154883805	-2,8677674401742204
3,22181379350718	-2,410805414038979
1,3350987547853523	-4,819253457649406
0,5488429713655139	0,7111898515504633
4,192386753758509	-2,6415574950303844
1,349166410565458	-3,9297070077726604
-0,1594277563566715	1,8238947353196115
0,7421917432815588	0,08900775287195928
2,8870960102397483	-2,705594464659729
4,174639743344218	-2,8930226644380594
3,5775738416969913	-2,610019385773593
2,9980926012306153	-1,314340429035464
1,513827455384377	-4,2241428615989145
2,6664454700054634	-2,3325369821669257
3,050444626083254	-2,9539723352847695
3,023852917501328	-1,122087351330566
-0,15397157611368217	0,2460995629588678
3,042467249186816	-2,0726100770381675
0,26971141653400177	-2,7249297438755473
0,13571933799230668	0,5528983681992664
3,0653615459025625	-1,1154888851999476
0,706886422137758	-2,615124222432442
3,3821770831160114	-2,9206108761848157
1,4234114772322894	-3,1434681344196984
-0,5582973304094987	1,2691732853682567
-0,2097625540545195	1,3839562039391597
-0,3453040606536475	-2,6808204902826205
4,249349188371927	-2,6158276962134375
3,1933145555058733	-2,6342029499288806
2,8343115733554836	-2,623138371032631
-0,14944199890547394	1,0509190034331015
3,176783741980361	-1,2907663854068363
0,524445257230428	-3,161887845478531
0,6392332752716217	0,4993786595616534
3,794985361197	-3,1143878202206663
0,8963105530554283	-3,2042675723023573
1,092097922217461	-3,163829942997493
3,0064818865175535	-2,274655743438554
-0,02441743214145453	0,7599482450502406
2,5507420822658124	-2,423044065675582
0,60085260313519	-2,9514303182562784
4,041830372154306	-3,0668912459950537
1,138044719980754	-4,49634250015214
1,1076404398546065	-2,9099009569699263
1,3059103884165109	-3,6264357212797353
3,3807664292016	-2,369563085056799
3,6155583141905336	-2,608323789018887
4,0062520041865985	-3,157854900779348
1,5665246641482988	-3,7882520299563347
2,950038048556367	-1,3424638381871625
0,599690056995732	-3,182680315769913
4,701320024761344	-2,8306368362026557
2,8074231606951776	-1,8272973604621452
-0,3809643874662332	2,218327975740915
0,8662639913068122	-2,9936178924856423
4,523984547731705	-2,617569465253
-0,09283973769298925	-3,1622958023141576
1,388286062213039	-4,470037225660309
2,813720868822987	-1,6271125444186123
0,9099312028275846	-3,334587166865999
0,4859807369099583	-3,203565741094594
4,174963391412728	-2,4276421530837733
4,63597419692193	-2,5915314484001146
3,0566648457988617	-1,2933764658696667
0,4497403906041235	-2,8060482008309533
3,0646587434768264	-2,0798967436843663
4,087520093100682	-2,4306735338370027
0,668109531323132	0,7000886125282153
4,330194245565021	-2,444757087308114
0,5418409235150814	-3,1738159756556508
0,8665107443912667	-2,9454183022729516
2,6035751216202554	-2,207635977274498
3,41565928075491	-2,607182481049144
0,8263982267069996	-3,2293697322534554
2,4844734034969815	-1,7309557033636158
1,3033395534282968	-4,404020414918418
1,5680761877419185	-3,4979025516575124
0,027065410658976496	-2,767880754149135
0,9880623758069796	-3,5949632071053665
2,856943356978534	-1,436321938761938
3,271547728052883	-2,3778293724065898
3,448635596973344	-2,484653026835545
2,801544318329691	-0,6118769858144324
1,0074168856131824	-4,2828526628461105
3,0417722948124815	-0,9580716120269323
2,855368928591109	-1,8481151907833495
4,497624962195215	-2,739149977720289
0,07794266684988366	-3,143096522354461
0,5968269613045214	-3,1036016981002463
2,3993593646494356	-2,0091728739392893
0,769642616231812	-3,0547320652823813
1,7227061633906713	-4,084788113781647
3,8099028839947904	-2,590324120629349
3,21821731501848	-2,605234064989417
3,233158301628401	-2,8170648894752643
0,6168195224034082	-3,031299367457006
2,9475139892086553	-1,1617295248374744
3,8206845901254742	-2,802565211340859
-0,2133857515514016	1,1885504186023743
3,9214636157579212	-3,035162702678189
1,0215087875164888	-3,664090419137603
3,149465207133722	-1,1524049623262567
3,6973946548713594	-2,483365511940945
-0,18786923220841112	2,2594470590924174
0,6037544000397628	0,36365224534911866
2,6829123885945645	-2,0141454201751774
1,2865766924394932	-3,0846188815661706
0,43919644726490537	2,7993848421202827
0,04400076429424482	2,1884354822151577
4,125084927321696	-2,6329164763958546
3,2529904737870172	-2,3089883403669367
2,8882545525493124	-2,5452715087390576
0,7952078679525179	-4,464944061819912
0,7027229980076254	-2,56982337762156
3,1580915005385366	-1,2432882770132372
-0,15879077253922635	1,030447736671348
3,2697165258574548	-2,4633811210099363
3,4537267547793706	-2,7394865395333228
0,2984337538392112	0,15906202309362238
2,9598258931701324	-2,4767646252227813
0,39624283594659726	2,905449643883504
1,3056243055283978	-3,969495590381206
-0,041945307473801374	-2,9168139517776326
2,6637094905863634	-1,9241637555473858
3,5454852416254035	-3,1027567390416246
0,7738390731109422	-2,7360945466607633
3,1948723439623308	-2,8049779553555503
1,6795432435295832	-4,385305395016896
0,9794074829295565	-4,470167852131398
-0,11770810311029839	-2,6367029161264197
2,6920059465576243	-0,8149169687901292
3,255057618903748	-2,4837323289136277
2,670174950107986	-2,1456063846842643
-0,31637023764485395	0,9126020248027422
3,265982912413823	-2,705881746432181
1,2332188567145326	-2,889111214458402
0,957655515315835	-4,908095079754371
1,415205055016835	-3,8435826185661295
0,22793214720203425	2,4667886553454537
0,21502151535209557	0,25032845020732974
-0,07833360688342672	0,9262743410507648
-0,2235038388368792	0,267420966202089
3,713533919582542	-2,773729827856718
0,24462736307746447	0,5057818477469052
0,1553317179049024	0,9021767656342158
-0,36128884595801924	2,1851746702515893
-0,19473393495978603	-2,894426130928952
-0,33981541272654625	1,4703471771130543
0,49142833092463845	-3,162958855556189
2,766691580013659	-2,329198627831828
1,6755572020122278	-4,0666624289576365
2,9793102375350315	-1,7061802684570644
3,447118347537645	-2,9940187438968424
4,036998876222605	-2,8219948420379914
4,111282698704623	-2,603400813578978
1,1999369273437996	-4,521006012352362
1,4359937974564452	-3,944203452236923
0,35516031106950124	-3,1894144966364273
2,956156623837221	-2,4028465386021445
2,869321888076559	-1,456149064368385
2,7995004972807758	-2,59762002341443
0,2579190673350541	0,6477392282940526
-0,24523334381507195	-2,7623297450265736
-0,0030638083508759406	-3,0966786046621944
0,014190739788907836	2,5014114430788976
4,612693811981632	-2,8130064694725254
1,0098746325452566	-3,5078932142271744
-0,2510074637855697	1,674291060137123
-0,1731156998115606	-2,824895424711893
3,1861920520226925	-1,1829643461970147
1,4543006887813839	-4,347239116272718
3,0502092461374546	-2,5661379918610314
-0,2744785209578744	2,237826182937309
0,512028077264961	0,689836257209668
2,949550249332198	-1,2227817744267204
2,8436951814534392	-1,8584399746995148
3,5750046093797523	-2,5053504715398454
1,3367624703310148	-3,025370552862384
-0,06643949194284349	-2,970161379665317
0,9467800914332387	-4,450120908129489
1,4421220432998736	-3,3732530119979263
0,2854992433807294	0,2725771583908265
0,04421427920890597	-2,563956407619912
-0,2048586925519026	1,858054634031737
2,6171838385317674	-1,8351434506527262
0,10925538561685205	-2,7301164967681366
4,515842108950379	-2,8245376288009534
0,6505190030045037	-3,184800016803798
2,4772923750852813	-1,1664781592496019
3,68826810952879	-2,771043431706835
-0,7106317668594613	1,5524115830234544
3,3462041554784507	-2,5478228619733927
1,69749699573191	-4,3087844224476495
4,027604749159023	-3,0348184665866675
0,6033374639680459	0,5548198423264531
3,924913958576918	-2,475077748993348
4,223568254882275	-2,777207137467284
0,07863953898831078	0,9409799052840675
-0,7224702613733154	1,0900186127442937
0,7361678166145592	0,5788092065533346
1,0235083543776216	-4,2089341133810985
0,8964341522125886	-3,5234138027714668
2,821565724336775	-2,235889778282324
3,0128961465371793	-2,4197163817886085
0,2793293799256663	2,5808827963088476
3,0240354928940385	-2,540492095941656
-0,4615074663625698	1,3383618626702796
3,2169385991399833	-2,854583536526768
1,2045419715166232	-4,410552808772059
1,4299786414941844	-4,566427570405587
2,538100412295192	-1,0199399633170603
4,259803677615781	-2,7506123891616374
-0,15161414673505658	2,7583194917708083
2,4378877047993646	-1,4573588932730797
-0,12809367614812306	2,488234794727375
0,16403608091650024	0,7699215575907958
1,3590307393340983	-4,331217272325322
-0,5976818132305111	1,744300949922507
4,418977712750997	-2,3717246145523716
-0,28722766736655514	0,4677073384769166
1,4223945595683525	-3,370571634150574
2,6644520744630515	-1,4579446992275615
1,3762280110516019	-3,66977432025344
0,8250325967227152	-2,5778993744612753
3,037889145769438	-1,0791989026135416
3,042691019268878	-1,211781516903002
-0,26122974751687	1,5671571646268194
4,201062016627311	-2,880803514194649
1,6746944923667388	-4,058378466518228
3,1534625304754145	-2,1600908693097907
0,4221028687113398	0,27934525666284293
1,1285093517402536	-3,407543417084785
0,9883246540190176	-2,9020521783788773
-0,42781626627654634	1,906194184133715
0,5584625710225647	0,3940117092736586
0,16631809365403982	-2,4822437523976237
3,078199234982185	-2,297740073444098
0,9165904269229191	-4,523457312040464
0,999886036159423	-3,766370774050386
3,4973354728810513	-2,4860232899832972
3,730320632096155	-2,5509597930931207
0,011425866895434789	0,9473417396978379
0,23292156202294534	-2,5816940774700052
0,3750682275591891	-2,7366316517977696
1,0483819718208365	-4,622909157357073
-0,03732491088636669	1,93129088953111
2,913443103565379	-2,804073100678622
0,6886003041775607	0,6956687339995087
4,083887599148513	-2,5138045274669034
0,9146440872489541	-3,1719751456949155
4,242965328948475	-2,6337876980407735
0,06213178367612404	2,0672465993922287
2,742839802482555	-2,6912365540340497
3,8857311682731153	-2,7228437373987155
1,077466496506803	-4,760228833906422
3,949709647873311	-2,780863040159776
3,8035462364890047	-2,4464744157647313
4,058162110348755	-2,898366298143376
2,6858154099527782	-2,5361763373210238
1,1641112031053393	-3,8692746671897753
2,700732781895595	-1,0939477962923498
1,0524028223060593	-4,186522616639581
3,404769449175595	-2,604839711261031
1,3732674809070147	-3,830491995793892
3,0237129687745545	-1,3946666416618074
3,9365596390538817	-2,5001756396951182
1,1122242384936696	-3,82426640631174
0,6370327634207753	0,2655082288744852
0,049746885133109764	0,8184558507384968
4,031979643584451	-2,418722440207612
3,309347076555391	-2,304635072117295
4,097604107945978	-2,4016251913549134
0,34021596901875995	0,267671424187776
-0,03574039939152207	2,4612352245016877
-0,3025095830634855	2,164297383399477
0,7406727326255396	-3,236013461809234
3,188602905524246	-2,437302979943239
1,412765638347614	-3,840013481001786
4,341835655277496	-2,7832211016922086
-0,6482627169363326	1,8278378572598757
2,7726376483966537	-1,638577797861047
-0,2525791213708689	1,8091789989355611
0,26947082783610893	-3,0643401860702055
0,9082825572855494	-4,70930465861626
0,07080457702516374	0,5651323189445583
-0,21405634660364625	1,2455302463542228
0,376628442918175	-2,8007213343807127
-0,2764325853589147	0,7180663506624991
1,2055307171103002	-3,2677167033188637
1,6652295945101905	-4,400681978613177
2,567376638102855	-1,2832769193984508
1,3947887596856443	-3,906043911456043
2,6086919284450207	-1,4983413991285195
3,021897072466748	-2,0837219921921886
4,238544155015549	-2,9088479299871115
2,406647602555577	-1,7908505608822596
-0,05321980683945282	1,0262900116709122
4,356950032937845	-2,41814218625957
1,4171790743641415	-3,8875993004991534
0,12414700567247516	0,5864056824544536
3,156298937203209	-2,0240912187678206
2,995814723536267	-2,9264353714815465
0,16728568671161037	2,4416149736928303
4,262082666831889	-2,4806796244909117
0,23816276331157193	0,7543730216065633
3,105112828841727	-1,0898114642908912
1,4830426737917135	-3,46198795131926
-0,28562527944704685	0,6415240697586975
1,239225341500151	-3,4439989123620833
4,347200336640189	-2,5140661747483946
3,069550799089317	-1,8085691881482897
-0,35857776600562985	2,0984866231756336
1,0615361474274385	-3,782131276269293
-0,05233916224269647	-3,1149864255873903
3,6872652877475622	-2,7143518562848663
0,8001695842877683	-3,3663140920531873
2,6829948656603957	-2,443182086115622
3,0422043271049373	-2,7634395138255576
0,8591811725478444	-2,937586180110041
2,9254573369652084	-2,094051009464013
0,4004185209533609	0,04796937269667767
2,6782296193225994	-2,5137474986960493
0,11170270204044203	-2,777112883031198
2,420142688192602	-2,178534232183084
3,138602911758746	-2,6865454292083726
1,2034757080461667	-3,988912198036027
-0,7132749397961318	1,987548859299493
2,576548121628054	-2,4614015142943426
1,5313738891579465	-3,621140029965912
0,4427456359852616	-2,93257588365368
2,547231786982751	-1,3543116968010014
3,1810167048446507	-2,6143207655776513
3,1486610649444913	-2,27399451340636
4,351429680953421	-2,2957697241387987
3,5065022512260637	-2,4982810070272263
3,5548077246893137	-2,639698142957908
0,30827674971857666	-2,966979377164775
0,07656085319908956	2,3682142031538564
3,549836963990092	-2,657690117171135
4,0982277420322175	-2,6376551077674306
4,257924461630082	-3,008327179708261
2,9381503551134087	-1,7555104407779043
4,091474704015478	-2,9090649259434755
-0,24240097561080398	0,5476588617773065
1,4625622100480589	-3,426914021961973
1,0317708892568547	-3,054525168819838
0,5288973246468827	-3,2482706785634594
-0,19161438738418946	-2,6715659916566503
3,3921956786434535	-2,5803544498514617
1,5745212994009747	-3,3085452723432414
-0,689202727633695	1,0713315616459433
2,4996061857521257	-1,240094787565701
1,039549863795001	-3,3830851952799343
1,3615546396301836	-3,8882516222429966
0,17845960375372882	2,7807213390462797
-0,11664799759323674	1,2729912721238925
2,899120459838051	-2,2077203396421394
1,1416588304541517	-4,124849263076818
-0,3162503757719549	1,804988425722457
-0,2298318025585695	-2,859590135165822
2,663665385600507	-2,083143145050761
4,474327063660845	-2,677689956833916
3,9672545711480316	-2,8896782410241335
2,3937694615698377	-1,846997046591842
-0,4078768561020172	1,1477120266512353
4,191181947684528	-3,0108470262295706
-0,6865856068582932	1,6504646604837987
4,519755787388711	-2,8047212312559893
1,30058988270845	-3,9652830824600116
0,0688818395257319	0,8623909116441868
-0,6028220528713104	2,136631584013556
2,8918440899516664	-0,7209663325433522
-0,7977453243863146	1,278537916970059
0,4606780512376746	2,2834753248667257
0,24845700836880957	0,8375497134669279
2,7474573291222697	-1,5107368034338784
2,477525264681365	-1,2974173796355761
2,519670114453977	-1,160029749293191
1,3789777255295577	-4,8304403819286
2,7103305662124835	-1,3513801528482996
-0,24639957505485865	1,907077813010376
1,0112219483992615	-4,08799932465416
-0,41982242955138704	0,8181221915092813
2,396231463210928	-1,3311192784522479
3,291824424732601	-2,6057941866483914
0,07928610257708224	-2,5151774095136794
1,3236395410651283	-3,7005174506010765
2,690797988734328	-2,216160438811534
-0,4616350152753077	2,282664462041648
1,1576050713355588	-4,654089146189653
-0,17692664152499843	-2,7722071540597355
0,8189060842896685	-2,9928364518867125
0,7426466072388994	0,5904670392755882
1,2425924522784486	-3,139428797441829
0,9428077306744634	-3,1789831140382567
2,482018632099546	-1,3483900114787
1,37107311276228	-3,290336710490325
0,8793282098327384	-3,278066435388035
-0,18284448978056755	2,1564433846833597
-0,1380585629047869	1,1735968142812285
3,216788050769627	-2,1542706403071445
3,2442991272477615	-2,6017841137089537
2,653240440073021	-1,7148509683935202
3,964693239172435	-3,017371772456205
0,8713298953922763	-3,1974475905269015
-0,32190361105670084	-3,0960786225931405
1,2025325995154392	-3,1429957573198513
3,5118804715903877	-2,6639164516279825
2,4050637621248763	-2,046531952281702
2,8331960135954093	-0,8019988008349836
-0,5341671191802073	2,1659410820390312
3,6943490287188507	-3,150358913916653
3,413203576202719	-2,7925478757484856
-0,34571679555259593	-2,8374621312558514
3,6377640922994847	-2,450154908475893
-0,23985467220974943	1,0294101506884126
4,125844914561094	-2,521310868965572
0,6606880194080803	0,05135849276968618
0,34059324498067106	-2,9817700846470574
-0,011136315744656455	2,6552910276103265
0,07189997402825765	2,678410575605154
-0,049712837980760205	-3,149329416283365
-0,33852756899824654	1,6420571539275373
1,0410689620798261	-3,3321368490835384
3,257662645447389	-3,068702901108998
3,5549707379237034	-3,0497003846443276
2,969744491530833	-1,4383882326518789
-0,09154193171266123	-2,6890189839131065
-0,5322054980112576	1,3241435366531515
0,5226382235647475	-2,64916226725418
0,3499467285146003	0,3859616309788354
2,9148641279345	-2,166777929948007
1,2966188922686168	-2,9650451990367634
-0,6483456111364871	2,183979760196623
2,4503633298236807	-1,1132731637527407
4,273655350229015	-2,539786914898782
3,2576447409351346	-3,0598882794545483
0,15361515301684459	0,8988321873041789
2,953403120639125	-1,748312902697558
-0,24112430000493223	-2,8260824180185145
3,014711826968953	-1,8794460092173435
1,0025236011954561	-4,92574482365189
0,27487967301978666	-2,7997435618927087
-0,43374760506458676	0,8204918575474871
3,126321571157007	-2,020737256329026
3,570418038584069	-3,052603734359324
2,653830330108579	-2,5157005785252236
2,6229322965226447	-1,733938038120903
0,9037480679662204	-2,906183078936159
2,457108365198825	-2,039860436851172
1,1648485447121188	-3,9345945742840427
0,4966866898694754	2,3082612320502216
-0,5733874671862496	1,6502214016589691
0,23982140353965065	2,46204207438346
0,9639318311104954	-2,9039298255666988
1,4180757767383436	-3,8322096816807236
0,34791143929480484	0,19148819064229805
4,745222753438274	-2,8110620032647553
3,1366405963096553	-1,392726657708383
-0,20922359863823925	1,4744324214937619
0,7415009883602073	-3,15328617290647
0,23878043944962285	-3,0505180285910543
2,5521643912316625	-1,4134478059503022
0,5846380897977841	0,3782424652262515
-0,37777245602125253	0,8179834546540835
1,3722431821959107	-3,2735928403794854
2,573416622080545	-2,0700834008791364
4,243345125683352	-2,317251100809851
1,2628630643277678	-3,641037024835151
4,043356508211972	-2,737333483993387
4,26627955630863	-2,966387474839141
3,609593011136963	-2,410394243433408
3,0984610996948705	-1,3576995789987838
-0,31257654274959323	1,3645812625439417
1,6854991748255068	-3,5938439504013884
3,2866827704054815	-2,3452398726354393
2,985133390035814	-1,119438589554711
3,352293839414351	-2,3588919276966993
1,4854696000697492	-3,2156479114711143
0,7368819674780457	0,4900889106612807
1,6451352300921176	-4,002575653668613
2,945706656171107	-2,820994108954944
0,023847498968823988	2,77818631040868
1,078122807249133	-3,376765036244613
-0,10590431381370641	-2,8460638214544227
1,6419583231644135	-3,76304276302601
-0,31973337591785556	2,3383683309392813
1,032063291643819	-4,247596043276251
1,4464686385659242	-3,0940010660172055
1,2866808713242959	-3,786901267096616
0,19843803744269295	2,416686487769179
0,11338366929466082	0,10709935193907194
1,204806805791958	-3,42009084670687
2,9049805193964247	-2,6981406342120353
0,27291299603793107	-2,927512352979817
4,292420995807181	-2,652874979518772
3,591830423153213	-2,5771406199035836
-0,03666669690682223	1,076786910296923
0,9983388411900367	-4,415863447180056
3,4038689284839463	-2,7994547073347427
2,6599949377133068	-1,306182271945655
-0,5237630609667496	2,27939094793048
4,122691734283478	-2,400003421578358
0,8101612157588343	-4,575056397182675
3,016003474010946	-1,654494712293951
2,430873877230985	-2,1014310859513956
2,7720343889809054	-2,7004195171874166
-0,43368990564027243	-2,9106904887494185
1,692380321000538	-3,626544592607251
3,524927858260803	-2,9989201450983614
0,423177134789056	-3,2121808947981743
-0,5274562955544304	2,0839120196354246
1,2635500863909608	-3,7547146849173263
-0,6591556103743186	1,6356757304757295
0,7794207305942051	-3,1524217131858863
3,3789206335002966	-2,5718176411463434
-0,522373287445687	0,5219926141406569
1,2987136256295135	-4,574413783045542
3,358018640943495	-2,5882160734490567
0,16239840607895595	-3,0327114036741576
2,6559869008729478	-2,2292388053125345
3,4889550418640476	-2,438407945146771
1,1255361714067211	-4,921502896223288
1,0553437506993584	-5,012695347710064
3,292368541935015	-2,3388471722765125
-0,7203798687045413	1,6856891559600753
4,294431776439805	-2,5309106169502424
4,147640171025092	-2,4610052147453465
3,2186170563922336	-2,2619371321510173
2,648153865176787	-0,9915141595446362
1,4508086154932038	-3,6686713703225204
-0,06209956667089045	1,0838408931226806
2,6919307570225213	-0,7260283925658944
2,8603478265170286	-2,048158959762694
2,809506497947155	-2,2809693923500527
4,035145341384515	-2,6603588248284855
2,679081049804634	-1,3390321120275994
3,114381572101915	-2,501977830572264
1,2242042743897565	-3,9142851386091864
2,898493953738223	-1,5025856740520933
-0,29297520914216	2,6454573098152028
0,5783003768625774	-2,492910888931446
1,064016728445262	-3,434833442389371
-0,40146466707983464	-2,7745895855348017
0,018225792487669645	1,9621751653601542
-0,32484726864931845	2,061189735527395
0,6066784103179177	-2,9356571453732254
0,629997525378645	-3,2960509282141555
2,839723312471362	-2,074142399999154
2,9995250493350234	-1,4519134095411697
-0,4215594162016312	0,4478796249216763
1,3398670613793016	-4,257888675532966
2,5133341320589895	-2,0542981432788965
1,3800953503192712	-4,435913580583183
0,8257166502263563	-4,682867805366089
1,0126306046925841	-3,4242897506830063
2,8908299507520634	-2,1234529984258224
3,8036821022074307	-2,8286686525465825
3,6950327086766235	-2,8832763549832676
0,41311880417981345	0,4502566089274225
0,24128337481272877	0,682566697878922
-0,26431136111093867	0,7923626170483676
0,3194534074263701	-3,0488153194050267
-0,04752934295496847	0,9416960641299988
-0,348239100492579	2,268936318090458
3,327115599909689	-2,860029350155302
2,481693204299038	-1,4337021880876437
3,0586973944731284	-1,5396076990410075
4,315484736827604	-2,883303887941824
0,8393139911349592	-2,7602885299848174
2,7265207128540085	-1,0645309073796556
3,081635201191612	-1,558580644587611
0,18148584615408825	-3,0551222856142948
3,3268532057083005	-2,629398667143828
-0,1488472461307433	0,6724996124840655
3,5544887021117533	-2,8393708021126054
0,7810501699426637	-3,2704695653569447
3,679637691624706	-2,594635663184442
1,3588433171399386	-4,9210463475756185
-0,440902590304193	2,191600892660463
3,041379117866556	-1,4470292731299863
0,45119582869733477	-2,4688279756066307
0,3247121573054974	0,6559444654531394
-0,2310925134048054	-2,8255028052138726
-0,1008999027217018	0,8942041314415046
2,7740346216620093	-1,076982208023154
2,6427658465118116	-1,572867088008548
4,611315385714318	-2,831876504952258
-0,44858708699689753	1,0154249051408226
3,1359605658022676	-2,794503051115199
1,097311685930794	-4,720002836791161
-0,014271575936499747	0,6453472490929737
1,2958517471729023	-4,8528178068210845
-0,18274276472376327	0,7678744482740578
-0,42198806512309894	1,7161047654793444
1,7102796010981698	-3,957805294255312
0,13015951325360475	-2,8762961712383164
4,2024281776849834	-2,4463073148197543
2,916111483212221	-1,4611616053959287
4,291974080520799	-2,9369448260741016
4,143301665564353	-2,5018565746323933
3,63764797284379	-2,5518065508811993
-0,05629416032132595	1,9123687483811929
1,0374900175585287	-4,479451349662053
-0,14186752942268166	-3,028567260439967
4,013125665034484	-2,4845953964110894
3,4800024548719906	-3,0217169721158923
0,8919081790497053	-4,34627640946873
1,4662982637194035	-4,509571131559936
-0,05826389870401416	-2,8180012909255696
-0,3005397067044304	2,0214573620244773
3,94651196095602	-2,7493318435959155
2,457341822779113	-1,1868269770374296
-0,16470789374116518	-2,974512884821868
2,5200502431362213	-1,632430392741203
3,106684866059649	-1,929548974638649
2,6025966027599736	-1,9828775795097944
0,5724757065116276	0,5447362069075914
3,538746110967274	-2,922677555923584
-0,11012282162721299	0,3623607453700828
1,6081012208017693	-4,246634839783173
2,7226424894179226	-1,7611941249004524
3,078064707379297	-1,4762906061360364
0,937114419114836	-3,417439873319222
2,952047704019903	-1,729521077804565
3,296198584518769	-2,9223416483352467
0,35171273564852584	2,2648129601415237
3,1275752225473807	-2,8429039571106456
0,6643339804352526	-3,0365209896628427
1,2736842340754653	-4,4794337019506045
-0,6804678913880107	1,8509335539108875
-0,17652515195852325	1,7308540382934643
0,10575523101287365	-2,529558452402239
4,026921879876287	-2,8841997437145634
1,7215760106666305	-3,7536972689483905
-0,5201402415487959	0,9988917169915686
-0,3048743603707176	2,6190750402082084
0,4898439030363006	-3,0105843394621856
-0,06621171303167056	-2,8042510072893174
1,4814667236510375	-4,387708129877948
3,001365187601007	-2,6423452323622127
1,4344133492394227	-4,637577289773311
-0,28189976267477035	2,2038142977920865
0,5957121556850185	0,6410091628927119
-0,6820600524627474	1,7274259974670385
2,998721295269819	-2,3550183452651154
2,9818171466567827	-1,9043816875433188
-0,40872031170173595	0,7199766533920121
3,089427120417673	-1,5411167440588565
2,8983121065829325	-1,0894039885651932
2,7513379506475375	-0,7966798371936078
0,5875134860984137	-2,788787105807349
2,7391939869792274	-0,6620522006425662
0,3458052029263898	0,4345418302250321
-0,28797680165602557	0,6589590962952057
2,6977237999401913	-0,7396577718129779
0,5359878536302655	0,39195063840498356
-0,22330432169531145	1,6384331143778648
3,085994409079849	-0,9685415352119912
-0,10580102740816755	2,0576366862431303
-0,1610821648353835	0,8952234178072442
0,3158880282471932	-3,154797811788425
1,4007410674942948	-3,5093874319743987
1,1862863263614387	-4,686611284256771
3,051078607722388	-1,8118404025416925
2,6032899725075596	-1,6722890776286627
4,207052271487504	-2,655384795272596
-0,3556957367641157	2,3743721345981332
-0,12021745291431618	2,325508640755783
0,4383177492205774	2,336889291906646
3,479826259400061	-2,47473825596893
2,604620732079858	-2,0987705061965682
2,679389326385909	-2,001940119525121
1,069009828896864	-2,890507460331795
3,4122623532273635	-2,3172198772188106
2,787564787822986	-1,7902449740722193
-0,16202587183631117	-2,6577700505408712
2,658938979837191	-2,570290184157882
2,379781865093526	-1,3546592282769787
0,2549023580690121	2,627521231079837
-0,8457899867425285	1,4986429033804933
0,9218331348414553	-4,871527572978866
0,6333290441208537	0,6022712938087001
2,8883881746582456	-2,851014433360959
2,841724745272798	-1,48076785231257
-0,5125005188216096	2,243743846604846
3,0374725496402717	-1,1201044302766787
3,104016060633165	-2,781546719489586
1,1268811360086803	-3,8452656598321866
4,0170023376622135	-2,4276300038184644
2,7188475010909747	-0,716983386720502
2,740196739114986	-2,02711206045634
0,2183167972907586	-2,7132310152411603
2,718251378252001	-1,926676506203205
3,0327407924031187	-0,8819510234282335
4,769402752728094	-2,7585964093097664
0,31550245271579536	-2,956249544364291
2,603305563854427	-1,123954612998907
3,042540715883953	-1,6149115052471914
4,693049835689004	-2,646767472077306
4,400738308946085	-2,72882159443155
-0,3287472345525475	1,1943419917001068
2,478946689571574	-1,8811752439095275
3,1059333125277298	-0,9874278712394631
-0,5395681777883714	1,6605472461534008
2,657247487016951	-1,6034587811439305
1,505471176666687	-4,411345885274892
3,032841724688987	-0,9670235644933979
1,1274661602574145	-4,066081980784659
3,3278406279175643	-2,479779895460286
0,0871136003148667	2,4135958482028017
3,512771256097799	-3,1507818034109505
1,1665382279422105	-4,834958021748175
3,389637784093228	-2,8605434199063344
0,04983286073202642	2,300493438708618
2,5618294132011403	-2,4105049983378484
2,8413808014376096	-1,8444475665732012
-0,3898855432109425	0,4528255925653262
3,813390536814926	-2,5489667075754703
-0,7532625850228203	1,4235100701044714
-0,15384338806348974	-3,1929294691934924
0,07442140950983922	2,623616655222688
0,9726173501142774	-4,306960440672837
0,9405803533148546	-4,245805393919296
-0,49943104562366036	1,2669398244180867
-0,39700109487111623	0,846762070237918
1,543505600392958	-3,387107782165442
3,9050159257323225	-3,052278980567726
-0,5937089704000711	2,1828045497163533
1,5922534950197038	-4,353824921163939
3,004813369315676	-1,53532597543764
3,990664906489432	-2,9227584130329047
-0,34525644316915216	0,6206992448194226
3,5631249526623137	-2,8305808975187414
4,227520341298556	-2,8707970057372565
4,1624819226481335	-2,915077352801603
3,657660564128483	-2,682505299841334
-0,8288011512692093	1,4108342237460822
-0,29436703328676783	-2,691591858062234
3,214157224411495	-2,275409544696122
3,2260352311524265	-2,447740021305985
1,0548213826551884	-4,1144713221533085
-0,2761534672506233	0,44543932786255547
2,5277527026115707	-1,3620467450549831
0,4796319416177296	-2,950787900356268
3,0051564254165104	-1,452256680165943
-0,2259461756779304	2,6979061683063836
-0,09412796422838376	0,38429788950298804
-0,1301255117547595	2,525033911113074
1,3316570005162385	-4,937462119120902
-0,3059939801278059	1,4380982529698563
-0,19078524926666451	2,605788304703021
1,3545946621310005	-3,2162445846299237
2,9145333404047538	-2,6840557803816507
-0,5974719429467146	1,8448302673395853
1,3309491453184845	-4,867487547480607
0,32275248475837715	2,93628839222868
1,1303393420287104	-3,2948381771503326
2,966162668400474	-2,654700076878986
0,5907152505590543	-2,834004972593229
-0,16403678843993397	-3,3041471214803404
3,811783562520582	-2,964724722450928
-0,31101972055659266	1,599269983254223
0,5642234845648192	-3,0549370290738875
3,045492430090714	-1,9511755166299272
-0,7317774838902189	0,93686207956402
0,05815082374874192	2,2295092544059374
3,777891600093792	-2,518221882625455
4,703258393030568	-2,7566639296771305
3,2591902470403302	-2,2460172435810515
2,660470579706904	-2,38652583051315
2,657240998371989	-1,9133933271564092
1,497591078035743	-4,0049329242232545
2,614487198286518	-1,5639357503602023
3,2821080534650684	-2,266420950759005
-0,2527963328694752	1,485904254652171
0,6233194946412338	-2,564567481439818
2,964713116890166	-1,4453750644842152
0,9721353350930286	-4,220959569139047
3,1002931839761296	-1,2787397421793658
2,58144605163716	-2,508509433671817
-0,6636193865436169	0,8456919150058367
1,3740826842982503	-4,439257615478391
3,270463396987368	-2,6598891547147807
-0,059270850036794664	0,5229156865177961
2,5681014743862	-1,9336327774938278
1,3607921906316256	-3,56581026863161
0,5169365415661487	0,1516781787186423
3,757209469940831	-3,1294666680839986
3,9887539503423293	-3,0814295810532997
3,2646369486398585	-1,1509561616279336
2,857179661989893	-1,9551956651191713
-0,44483313374356737	1,7108607685487403
1,5797864395891352	-3,5061063633076675
-0,2379509832208252	-2,8680654830766237
1,709959094424312	-4,093305462444694
0,9468408502664445	-4,4170217223289425
-0,26291230312627856	1,7567659493621912
0,714415889607992	-3,1964459643113634
-0,29332355466916593	-3,0673438048452715
0,2799705537436319	2,7110759274296723
-0,606473202955484	2,008427668359033
-0,8457465360556959	1,3113445721496158
-0,20168074384677526	1,0764936168586932
0,4182760151665542	-2,7731865843671177
0,550350572267408	-2,6888262088949224
2,596560522986179	-2,2509916340488303
1,036413197739424	-3,0958479875475398
-0,008082105164068598	0,34157600614892036
-0,5707217218092449	1,9317053122205745
0,3715964060202739	-2,642202407539572
0,18640760162071346	-3,1590119406333024
0,5285327919477076	-2,554492361114643
4,111272763169847	-2,7829720220954566
2,978564139831706	-1,097668426922691
3,1344637665078094	-1,1447783371682871
3,4168889969075003	-2,821716138491233
2,7882420315203076	-2,386190215284977
3,0632241752361393	-1,5880752073767996
3,3795446360185464	-2,960026424041752
0,23777835465914876	-2,6017843167258494
-0,2584723851649383	1,4776900575165288
4,3519386149409405	-2,4583277030592785
2,4958783565779497	-1,8457313827731614
3,560990817029152	-2,985775037352009
3,028319095077075	-1,3253345504528378
-0,7311083441354946	1,094303034797445
2,729180443557801	-2,1841768753299426
0,1424311737927083	0,23696224920504894
2,9366734896711155	-1,2796454992960025
0,35532910067024387	-3,0983606715566876
3,1000037800046423	-0,9140371164097068
0,6879726924611906	-2,6214857666369493
-0,4046539707957686	-2,6571193046261206
0,4001196103980431	-3,204204761388849
2,3775761314472508	-1,5859742157221888
3,230026414555344	-2,469520238840493
0,867534383121499	-2,7486677997828526
