X	Y
-2,8730555882025635	5,062930565459376
-3,5899864265468446	3,2568146646513263
-1,370297646103885	5,547032198152761
-3,1336754593742713	3,740204488718362
1,5083083133441464	2,1283163382941854
-3,7444359624792183	2,8469660235036884
-3,0496729068937842	5,006491202796088
-0,9996667085967718	5,353103240259162
-3,835346620849457	1,119577057701902
5,0085844542142395	2,124013946002504
2,5677698781090017	3,0500870035652747
-2,3605876542515816	5,16762971661242
5,267246115308977	2,6495394688603056
3,410122280128386	3,4323582034790494
-1,8453123902827202	4,494218928838683
-2,4430959807142867	5,60336759454861
3,016031729795042	3,7851516039256228
-0,5088075390237483	4,265099499575731
-2,635943067707048	5,165451230383616
-4,399436769613125	1,2416118013635933
-3,8373056965273307	3,8128564057046983
-0,9672981214383625	4,742613763187485
-1,614107653010553	4,750406112660366
-1,3673917022662727	5,359083255788038
-3,2192786016598838	2,889207758753785
4,5493508958541415	2,2946216114318014
-4,458269042733447	0,22596428339690844
-1,0600507160872201	-0,26952792052687347
3,786499935533259	3,045874467593519
1,0689584329769664	2,808649275539228
4,649579979861142	1,6757372476856591
3,9663693148765584	2,905578401805392
-3,200126648025682	-0,26877490711903995
3,7032837046830123	2,8454925022991255
5,354811464059569	1,9376577375496604
2,9298829254135947	4,051730287758206
5,454733118036019	2,3662617226999805
2,1453305096621	2,5624583069539257
-1,6204619643482139	-0,7660572958676766
1,6458315253614408	3,3211924462535274
-1,8495936830155317	4,557882433075808
-2,804086726245618	4,581436754677877
2,3181439597407225	3,531672323121741
-0,871546715454542	-1,1429348792230987
-1,0019088383892025	4,570137788035935
0,08377827365747015	4,012204599053598
3,27032120304091	3,165780582087109
-0,7392339921044009	4,500195367940627
-0,2459668222607101	3,651758704416314
4,372301077005355	1,9044564018501533
4,035965879594796	3,141372534463443
-4,516844416081744	0,7342428057304682
5,069271115204545	1,9242772045617118
2,7443722917349196	3,5412096124531525
-2,5251364032521098	4,945270284887179
-4,177837042018009	3,6153905389257583
2,633232223019719	3,773173331705144
5,267720675324747	1,8836088239525286
-0,18591585515661002	4,080475452835636
-3,527097080892906	4,414382396679229
2,168077600114894	3,3998755939061605
-2,803253909809051	5,272866028314604
3,934100755214984	2,823479794995982
-2,9916601900950957	5,027468444634612
-0,6643933655365555	4,924241854091768
4,3501237052033055	1,5462169036895919
3,957750456284558	4,0066375136683
-2,545445360262579	4,871063912052304
2,0283952099368943	3,6765173443119936
4,101967413805997	2,9950265046693687
-3,2738703508900526	2,8988058982427853
-2,6491583672977432	-1,1213607919716737
-0,2577498491927641	4,0534525217783965
-2,3572201928326364	4,931444479787195
-2,043298143848584	5,217612577523104
0,7987986127720639	2,4080786329348993
4,038417867949026	3,395174720293995
1,4397878236727228	2,064000270178987
-4,319260418605092	1,00661072735381
-0,04876463792378116	3,7708369255182763
-2,834828100501122	-0,7246174230814646
2,432359507564632	3,664321841933921
2,773509042657196	3,06489234590486
4,975298772405046	2,4099585181832235
-1,5543127122026952	-0,3716295963971987
-4,023480275627372	0,421535308925608
-2,9683817262628542	5,219713606999941
4,679167772135713	3,0668617537244747
1,4504246009923636	2,656606725169805
-0,5907420635184994	-0,8631210726408303
-2,998141232824909	4,028549801496284
-2,4317220360411103	5,216932540500876
0,9548428673931335	2,4983604726069557
-3,7258597022827527	4,086929951639812
5,469730765197355	2,270314069833704
-3,6559588236171594	1,3667797296710902
-2,92457348426763	3,901051047738786
-0,787435900380713	-0,810039668543417
2,0545778581327654	2,499942766229758
1,9775400977700854	3,2554317035658373
-0,745618134641904	3,9986815324704925
-3,7185055689679936	0,3569440035155891
-3,242067157990274	4,914006768341578
-4,004918584028543	0,1879972681218426
3,7326420870547845	3,910942302595967
-2,7199443807971906	4,103371639238207
0,3327134354192076	3,73361503750416
-3,016522415340719	-0,9805360373576102
-1,7036355209772056	5,2690704167558815
2,2346327429076305	3,699454798145557
-3,5275346093461404	-0,47979616603592845
-3,134910052617247	4,299564343053387
-0,17917833340568357	4,9512870891520935
4,826966073322369	1,8445700573497763
-3,4042678448798274	2,898269529783332
-0,6900261174256683	4,688793555533398
5,351228933865277	1,7362541652287269
2,6202674626054785	3,7472645751725375
1,548853255537974	3,4193784349729897
2,209967878323863	3,4648454227872785
-3,611028363027761	1,4927713647127745
-0,6804705865614051	-0,3136649144111261
1,9167980321903701	2,8792289453571858
4,066612214191034	3,228174426397356
-0,14399825232945074	4,560932487448117
4,739562995754887	1,6587396950775057
-2,8867257582994394	5,0885512820377485
-3,2337812409863096	0,3962714667413447
3,7305346706305507	3,226470343530454
0,6692450973268564	2,303332368330219
-1,101676507611002	5,396709868577844
0,9683084531665016	2,6178296394469642
-1,0962542169646716	-1,106337465097778
1,7223027425609818	2,892009181639562
-3,321400158702814	4,367366474575325
-3,1343597156230736	4,16941486900256
-3,7935231720496287	3,171773519437875
-3,099770247131251	4,612613981568712
-0,6308785877053664	3,8533539853712737
-0,39042126818219636	3,8838743828199798
-3,067178392754608	4,573225394734852
4,421243741251084	2,9333406889923386
-0,6731555840117094	-0,12152259439649393
-1,7505565900529867	-0,3318739593072839
2,256351642559811	3,0530975182009423
-3,644192386448248	4,754869086063299
-0,0833896553429716	4,0205543241880815
-1,983963159258395	-1,4071491909172957
-3,319941378617081	4,773152663865597
3,9142179923548164	3,206086102393042
-3,28279380365419	0,1573640283518618
-4,320707398893958	0,7556921619757567
-0,6253676294175903	3,609919844226301
-2,309528372612866	4,637405352499051
-2,9547309883009403	3,75645652594327
2,178533172025455	3,6018155285304956
3,3539955540404436	3,64263893721282
-3,8546022790136947	-0,3578927871518487
-1,4539500641360286	5,5409882451195624
-3,9125831856489883	3,3464776960728306
4,667563854808147	2,4356128637557815
-1,566159889910912	5,373444819043745
-3,4950947949263225	3,9321174288183482
-0,16664196967249167	3,6823323790322253
5,526562781063923	1,9052207320555474
5,204361731557041	2,9861333799688072
-0,7378306013878331	5,299196049842548
3,1669989077987086	3,6359910245006275
1,4338269027185666	2,8341584700490126
-2,097955722387416	4,817538568598618
-2,3259516403938028	4,442612961214653
-1,1517414975207152	5,037883439369859
0,7599114306738084	2,391386071128457
-2,767487978940845	5,015499450915287
-4,114809373357706	4,1218374683688745
-4,123614152744697	-0,4072359676029633
-0,5680695817200816	4,106350525029622
-2,612836258336209	4,474100445629031
1,666804036458463	2,546970091126954
2,2770217502401673	3,7450945823069683
4,980303761274907	3,1882330044386857
-1,4987824591840972	-0,8479375840444661
-1,750953115122297	4,5763327442222606
4,569818183957965	2,4744947277351863
1,2696495454967338	2,1659439846707933
-3,60291509743589	3,3209251862051308
-2,7623744292040633	4,397470284390032
4,049647061719192	2,9715659328398143
3,297553920168591	3,3401200262772948
3,8444151264405875	2,9643913781640445
-3,8582146237186645	-0,5448721248279014
-2,810888774208075	4,515806492793521
-1,5347110395509393	4,463756656507135
1,876174055481265	3,4951680638470357
2,2484394490656836	3,354814009917865
-1,799212541984219	4,867279234904011
-4,271576311162244	-0,22479477533906755
-1,8531683677291844	4,506873777396689
-3,102790987155749	3,732692058113701
-0,5176839596515825	4,129518703796604
4,081281484117495	3,435396961702645
4,953870827369068	2,3178972005460636
-0,5072686013132475	-0,013158550636152677
1,0651662229177996	3,0688038596931033
-0,6157290210219655	3,584075766050842
3,0217852764085618	4,009715226729671
-3,845721167663461	-0,0573869316357043
-1,659935644320145	4,796194439323488
-3,7620916222030134	3,4186962296698886
-3,945540703913343	0,009710111388233189
-1,0241785266862682	-0,5654710617892893
4,765424296888756	3,396883567658238
-2,5930806910136868	5,539868663436486
-0,2607067235603602	3,895581411333575
4,870347287140355	1,7219002217074197
1,6320149752381743	3,555341385867604
-0,4525027954436671	5,145049083071697
-4,368300682326515	0,3098732999943964
-1,4345047961675217	4,915972870064586
-2,2516598286091356	-0,6596000714587977
-3,4047388020269334	1,0116360321435314
-2,9617814995591667	-0,3694385653235428
2,701352256801446	3,524068021148625
-2,5306067184951875	4,301532855072212
3,534909034841445	2,9125120481406954
1,5623794488224085	3,641781194876314
-0,5018061631328057	-0,2619619144002001
-1,9726760314831333	4,431641000133874
-3,828251992623901	0,8055887346147617
-2,53055138330514	-0,9050690051030283
-0,1059782853753779	4,316815316658542
-4,013527314343056	3,1828202386678166
-1,323100852056589	4,36734386026173
-3,3434810038993827	-0,354774675540499
-0,5189256054919007	-0,28900408827417223
-1,2342418187239748	4,739355083674017
-4,130203058427806	3,970517157272651
-1,3523744276765841	5,354991454978445
-1,5015122818817992	-0,22735890063360942
3,044128904209534	4,119210364046522
-2,700534689634834	4,163060708331821
-2,2919333748757986	4,702453028563408
4,242545286080609	2,3773781865134236
0,9455790959728922	2,419696420789785
-1,7172822322271895	-0,29598921714264503
-3,1431323884299585	4,792197686588277
4,107250979878129	3,601189735594258
-2,2576688828173848	5,366375942134931
1,7896903979528271	2,0165248652983228
0,24505542699968763	3,7419915922514884
-1,7365874099247316	4,535283223537511
4,846116924326497	1,73947060094674
-3,2149221838266806	3,0722617707834856
-3,537986065043591	4,9707734285599905
-1,8644952466015674	4,4541062324171925
-2,4859928726806944	4,250891893859492
-0,2909289119588585	-0,1667973725475682
-0,24980223573759153	4,419184027642409
-2,102483930825392	4,749912570834947
4,653099507061599	3,22578447104636
-0,6773330787314638	3,900579724154647
-0,8465858032638924	-0,6357999281735145
5,1913037196371565	1,8055081203650336
-2,805402063660365	4,338184048570345
-2,3931005003441514	-0,7085994911684284
1,2825359241267809	2,8684433659552293
-1,630132296025461	5,432624679659826
-3,696188297059845	1,0780536201817201
5,0408620463722755	1,3658178524991065
-2,5829158504609104	4,729284374493297
4,363962831897052	1,8294865312923068
-2,286051258117629	4,992506215150817
-2,2327786277619186	4,92443223289073
-3,7087955881129284	1,5742218041415244
-1,1068410431969666	-0,325816207649154
-3,0178945242990016	5,207370926343162
-3,357078259156207	3,7909734066628014
-3,226349079410518	0,19104305692981693
3,7866171912605338	3,130680158749369
-1,9080147516856953	4,956498789873882
-2,486148456308844	4,643952096573984
-1,3428168142189663	-0,08113327639436285
4,569095773245477	3,3448447979569145
-4,034387191627481	3,4614096661192786
-3,1935536344964612	-0,5491596427211469
-1,3216198358790936	-0,25094437405442416
-0,5060015235491306	-0,5685563875308186
2,709485718915043	3,63219371587763
3,6507470183264563	3,344572047422778
5,370457885431557	1,3214281140582969
-0,7979789703655453	4,221922648652333
-3,4068728971303703	4,35329873067497
-3,5048189486921535	3,910520258271154
-1,4059092315112545	-0,8006092961197853
-1,0062481274340105	4,609814361463312
5,346549762409735	1,3893585616060597
-1,7283477095508402	4,4333482402473345
-0,8542422597953649	3,9754554944209657
-2,815756604876129	4,058422069050415
-3,1276580366982527	5,313040703383079
-0,9994966382414625	5,198660190995149
-3,129183052738296	3,364487089579731
2,936548156525329	3,4539669861346427
1,9059476715475006	2,651128217143188
-0,5848192047619842	4,585039036661164
-2,1440850088367567	-0,43703974565607995
-2,556317427199641	-0,7082257163949137
4,312607612970073	1,7916274034619242
3,275436875232458	3,1225662643586385
4,369258437250555	3,1523341791508974
-2,159074581157884	4,522252808589092
-1,9132173024524783	5,326761561101438
-3,1925973391408684	4,381654986665294
-3,1270854660804623	5,308220733853126
-0,9905525367821177	5,149013975215794
-4,302662388621232	3,281637036443404
-3,217214555433473	3,7349530200189998
-1,5038739268510315	-0,929673873499729
-4,0342747227954066	2,7649554686039375
3,706762737233335	3,681322830884266
4,670428342967625	1,772558423432423
2,654103112409994	3,0405837382574115
-2,3946648803210686	-1,077338600829774
-2,9059752499745697	5,375993304092385
-0,48392428286248346	4,004530365765117
4,479076760167442	3,6476290979228585
-3,4898854293478645	-0,6294597809834135
4,332130060414178	2,556909547461524
-3,613614645570647	3,1408516192176474
-2,9311632596824797	3,824426732467221
2,965403525410272	3,624240725078292
-1,0267475803822637	4,669370501609325
-0,21328506481231302	-0,2515191005127211
-3,757796964799721	3,3696014033094976
2,0966084638719424	3,32562204610415
-3,3243116615475166	2,9135892685041664
1,2420529889332332	3,342102086058737
-2,406992841935211	-1,4218028925390058
-3,607827167128856	0,9598765124314953
-2,542823170190541	4,320595739778608
-0,5093918184520037	-0,07490902447576331
2,6191084221256347	3,5866910108564927
-2,1168639898643886	5,129450572282649
1,7447817464831383	2,5970350488315876
-0,5822399966731715	4,465585298649312
-1,5601666402028327	-0,6780647230003329
5,299033797364246	1,4181678210828852
-2,615208487611172	4,4272281696015385
0,346504176043011	4,194978531212724
5,2962280832617825	2,4996749914069847
3,6966851060755497	3,838560328346568
4,4497123156391005	1,4785515824233466
-2,9514626466583858	3,752548124063261
-2,906891233308393	3,8936507159523615
4,8396136496147	1,7073789370810222
3,2748325672345304	3,5059689209747518
4,281294571070058	2,345998046150081
-1,9066704326944317	5,069158050713862
-1,656335432257175	4,5902977460631895
-3,429468290265021	3,092561667857526
-0,07114678579399092	4,696593994485834
-2,2443178440978633	4,62526177115754
3,500340680899264	3,3386298898136255
2,8546280967859228	3,264330603427832
-1,1987105185859899	4,994574990825544
4,69685051165413	2,033762142941786
0,16685161739016618	4,224929175612062
-0,8580456176980555	-0,028986517471289885
-2,059556151296392	4,514377761672033
-1,7178814875841617	-0,4693154792449046
-1,8634639855501032	-1,2595428990914912
-0,6782092894296345	-0,23770033211303243
-1,7798328465065179	5,178257967000125
-2,280923596683975	5,59518111984473
-1,4437143454314032	4,800631870023384
-3,4975323100843347	4,995833910542884
-3,089510792533748	0,17163725456051349
-3,6620296753756225	1,5477836591182608
-2,398280833050409	4,309335149849462
-1,5241666214332104	4,716920412963527
4,1803896368031985	2,948613622824687
-0,5197766975898013	5,027911878686431
-0,5405407306973922	3,896772579038587
-0,41904686994555806	4,595851684108235
-2,4951216787298955	4,9321792558260835
-3,6623097435501206	0,2118967302392547
-2,955458507703784	4,028877829060903
-1,7591779150734757	-0,6128877780779669
-2,850410320592635	4,458407516787565
-4,1097047466948	2,723606543799724
-1,4259316053240432	4,428200570203526
-2,8251289776996638	5,435085103467694
4,988380669226394	3,147438291294413
-2,3042941736437164	4,575772461947062
2,084475169086367	3,9417948083041003
-3,503566512637836	1,4364192282368746
-3,3480303197308903	1,23694048830116
2,5553464397888233	3,5786937617749803
2,2639666845282047	3,2769939919179225
-2,608058480580623	-0,3910057553405686
4,177222803808198	3,3415720851982593
-3,6718873406826225	0,14041230473975808
0,2998877191882954	4,354227641135621
-1,3261290228026175	5,5566567706828085
3,8197856843257316	3,8046595858961045
-3,111705802860789	3,42667345577509
-1,4435748704802518	-0,9712433552220072
4,115283224279247	3,517432918788271
-1,1472024379564012	-1,147927873352379
-0,4915728517161284	3,503726474140262
-2,483450272477559	5,254187789235852
-3,656772861607431	0,9548716432811304
3,3870924257080444	3,618222977554338
-1,5822232044561024	-0,6860712361465442
2,1859178477132235	3,170482787208802
4,189040941200381	3,8946785163771236
0,38013111982298775	4,104895425885117
3,0841072952272044	3,5738035171662617
-2,970930187333763	-1,2381026022143131
2,995320777749923	2,957623653718164
-0,39164884767543184	4,228147279412758
5,322664555554084	2,6782035548931273
-3,490898891887044	3,4269450247680138
5,266840087540933	1,8475120643468372
-0,7029793288192172	4,190304877765573
-2,0599725604959587	-0,8495569163547034
4,928328341039831	1,4115131098061147
-3,432548570413621	2,873150855697084
-2,189245873365512	-0,6230927211498825
-3,651497688008304	3,675221249113506
4,618577379008635	2,5351849301250593
-3,6538474145707287	4,04961781366241
1,5769236401183826	2,247171746278458
2,2507657826666296	3,1693458608165566
-1,2192833768021965	5,014095798913204
4,409148859119058	1,6315810226968461
2,938037168266431	3,4152779036464214
-3,0966369298191987	3,1539946560966152
-0,8204046056286245	-0,041208094551381746
2,861400785008441	3,8855639171793213
4,355821218569567	2,722443085504856
4,052768682219215	2,5069918520542185
-3,6938039737345605	3,796502942090596
-4,560384921383105	1,2779665592678957
-0,29693083238456053	4,251076013040751
3,4495360034667883	3,4053292390658534
-0,8367844731994087	-0,6976196891790063
2,9507768948860935	3,557642401214559
-0,3863299292285869	-0,4426386446139927
-1,903252149865094	4,717736724190747
-4,002440373668904	2,8021968674834534
2,345371689031687	2,974180511524169
4,886605532845974	3,268308873219598
3,36637676770022	3,2936213943427335
1,4358667386429316	2,100974588890545
0,24234808032029487	4,45020354792546
-2,9088004372930643	4,0087653670479
0,0035543415358332275	-0,17579777331673085
4,469319129492206	3,2720959883099816
4,038297362556019	3,7058308880803152
-3,580965276480285	3,1230410275121816
-2,7284399898280163	4,921843886956001
-2,519279055252168	4,569395510315886
-3,324371488724288	4,95119383976469
2,827783977657711	3,4290861425441843
-4,480472620732019	1,6183316576854234
-0,2941461929197715	4,808947686294828
-0,43421450576273024	4,2399759817437195
-2,5979722030709116	-0,8255145786010429
-3,3880066815573144	1,0268669565648216
2,99786449573665	3,2657901345753624
-1,7428886692360215	5,601484273566115
4,471304791426549	3,6418619517717965
-0,561810771514097	4,457709521923504
-1,0800751209981803	-0,9701792295784535
-4,284551211882325	2,7676542714853825
0,18866317658518228	4,128544040174385
-2,706091068963973	4,438627344977951
-3,111357042032	4,497152220369381
0,03753919322222976	4,142628175342198
2,7313749675237338	3,04293968672348
-0,944614081225382	-0,5926787357922925
-3,9244299530595805	4,266655911232528
-3,1500800343979316	3,742445198428692
-4,080940110540714	3,4463405997784604
3,5994854687257605	3,1532461094523283
-3,196761864968824	3,2307368051270493
-2,1914561043557117	5,258156092998802
0,018739178609708862	3,831597906796251
-1,464480912555078	4,444721074900636
-2,173114580087585	-0,328183154449746
-1,7937650832483023	5,579619045510293
1,9945253109738776	3,631408854725303
-2,4550026454497607	4,428050427297243
-0,13295946406493453	4,96925411919746
-2,739159864125964	-0,7705806603408405
-3,0750120648633685	4,344981566079275
4,685718533539041	2,241541240959504
-2,8400215568361133	-0,22915385819126222
1,412467061197484	3,2009602447525594
-2,0928989831574083	5,291710828676308
-3,5168420460788843	3,854161267872888
2,264786504432243	3,741753763862063
-2,7130177337176926	-0,7862399830204518
3,7898629169326394	3,0824649597686724
-1,0915569391891382	5,468469421627409
2,8117830738618728	3,391768535019436
-3,5196645751051525	4,048419504269621
2,770577265017554	3,5229270532529764
-3,6922987157919076	3,239851107823994
-1,352375842918205	4,520275068640024
4,539770934234181	3,0915934841162365
4,369630679630968	1,9056370640056688
3,2452403273309036	3,3457225735038154
3,736276516094763	4,056486333748183
-2,8539464333687223	4,162897389733215
-0,9132471413698113	4,214325956506003
0,6822917348796405	2,3185800870812745
-2,878894643926291	4,505938246552663
4,0883335604371345	3,6309663684721643
1,9093321535886958	2,736487070794893
1,7083817512812052	2,0160055044405407
1,6099333486278207	3,2191208911452946
-0,09470190775292653	-0,08614956812655783
0,13660851939187602	4,344596026390382
-0,09683227891147461	4,627621944541853
5,1601051856491145	1,7524752591483406
-2,1793616029029192	-0,3787603917993616
-3,5180341344240436	0,6396313149590018
-3,4602713763688833	1,3790182055366362
5,135469980442672	2,242165042882921
4,6155241664549695	2,0833510651575886
-2,916453121263057	5,071515987001709
-1,5600035811532442	4,920649576427611
-3,178507560002474	3,7693894313123373
-0,577705325581535	4,122784636485391
-2,64960729735847	4,470061695875618
-4,1574523372069105	3,780215386019825
-0,3169773141655048	3,550030379159182
-4,170616062238458	0,3100445698392592
-0,48852806636520807	-0,09039790213395049
1,4672006296377942	3,144946699118904
-0,5900928802362642	0,14761526715745354
-3,7684310244308863	3,9682150456280167
2,67814756439269	3,2165508679792407
-3,2371130241218298	-0,5510551699093078
-3,4154776719451103	3,2718484387544824
-2,752306102215833	4,640894184299774
5,081616172423392	2,0635911238962104
-3,2965040876569254	4,172663378293744
2,365861065181468	3,0408892155990355
-2,9927408680059546	5,179984345184521
-1,5698855766888111	4,457379272183321
2,090799004079458	3,250300484957201
-3,443489131970358	3,7012056339647588
4,891785633017269	1,6213111334448014
-2,4350802025737024	5,170451355045121
-2,8505542212820156	-1,3078003629373032
5,179636591653809	1,9540190573074745
-3,5427078436924733	4,368842301297708
-3,359128488901269	3,8761110331937747
4,96168400062686	3,3089097917537442
-0,5875200673473779	-0,3652523033385009
-3,0249419261446118	5,191557791534146
-4,290921663334492	2,7386611316544487
4,411957939344073	1,505288484539396
-3,687039849817027	0,11543886217578503
-0,3628393668186418	3,757464958513864
2,4521578929283727	2,8880340771444617
1,83462405462247	2,675178868200492
-2,6461348108733485	4,399959350207849
-0,5603445131406883	4,415937771833242
4,338595597278116	2,1843196223590184
-3,3674848769863095	3,5855496770797
-0,609710472686464	4,099909618071129
-3,077230929510752	3,454284206159353
-3,671252531791265	4,223400370140628
1,5932896946854807	3,3838170199808526
4,577590929591427	2,7696257998599014
-4,338237941725867	1,409206612495201
-3,1687460769782527	4,878101584954419
-3,3602428929733708	-0,488811054983886
-0,9651568451577699	5,207989695557819
4,171916558206989	3,710111262132429
2,0250468828648467	2,6054609210587687
-3,7143767194016295	3,622233035846542
0,027747055094759165	-0,13614237110987015
-3,1781307044268106	4,965345573149527
-0,5359195701415242	4,810577840452892
-3,0041199391623112	-0,764595727896475
-2,988825489675383	-0,020684223146763547
2,2858777188204398	2,8504205631330253
-1,2570858378732344	4,465820829308313
5,176824051865596	2,5056789034084677
-1,5360892768925292	-1,376797425393376
0,8709999215028414	2,6640156198097236
-3,773087132475926	2,830133916024468
4,301204757918189	2,3787994628042597
-2,629902692183077	-0,49165245486420184
-0,5105960083946532	5,252912127796087
-3,2375020436290614	0,052246212129926195
-1,0383301113593675	-1,287000387125934
5,144395959858275	2,5651125342293675
-2,044388740713687	5,4800609713505
-3,2759099348818075	5,077375733724942
0,03527677932599782	3,7221615113247912
0,34082474408376595	4,005706601490201
-0,3675763110243322	4,608554983505757
-1,0220310576205287	4,159784837358607
-0,7467134979392971	3,937615816303135
4,6811042326703145	2,3070122890182865
-0,09338961201794693	4,378107841363279
3,836393074158691	2,7902317014192386
-2,718883142990058	4,579662503836529
-3,3573943625158016	3,2181522668071203
1,8562039327018187	3,8454337023032648
3,083882229618859	3,1705859336488316
1,4086094055761311	3,0587439915995174
-3,186491045834619	4,276253766042923
-3,5133080745027994	4,805927029748334
-0,9946006239378336	5,400256382593167
-2,770349709098144	4,322296613773559
3,684797309379703	2,9663975797045006
4,1290367309723806	3,1544750536264807
-3,0517957372243076	3,8045703104131237
-0,38739330009908124	4,047002977076424
4,4029124982794645	3,016175905573869
-1,266477572994485	5,529220519483198
-0,41863557964690523	-0,18091908716438687
-1,0649098503672731	-0,41266058042830966
1,3302612246137133	2,9914197819633253
4,503062361882657	1,6205088390432763
5,178753849142264	1,5850495318361957
1,994126438903103	2,782388047484034
2,5555872445134646	2,9576706135420507
4,692530654548008	1,5084077649354652
2,923248591236102	3,162427659930655
-3,00123280775696	3,6505948326053383
-3,607529997082029	3,6547500488833617
-1,709767364010425	5,184818698406144
-3,828310283893628	3,9373686827732564
3,420480750981738	3,749048886674744
5,29566393623919	2,7083837273821763
-2,6703991559413147	4,219373488101874
3,8241140723082507	3,4642910194168293
4,049550287228044	3,2494749897605066
1,4688986204831675	2,125080717209389
-2,3749177736594635	5,3288267783722585
-0,9445755355526506	4,08679476203529
2,6019586940171053	4,129353275408078
4,4948198215008555	1,8518778016285207
-2,560063861006136	4,859664611858857
-3,916132143062341	3,9544266264226735
5,410456805639166	1,461675906051252
2,383528926228455	3,22573312104975
-0,351852461947761	3,745226082674104
-3,51202901771823	3,677246827128771
-0,6415448190987432	3,7902518499652675
-3,8068695495795812	-0,22793665307397504
-1,0065990929900612	4,592806529803248
-0,9924436650614131	5,307549728253472
-2,914403211993421	3,9742913046957953
-1,9473877615813386	4,938724655385087
-3,4624020762034498	1,13868269726844
1,3910911010818103	2,366062413566752
-3,313528340412189	4,680313582393072
-1,4094886609181905	5,587495504994849
-4,088505251284504	0,3395142440718927
-2,7614027624664983	-1,0981677273363637
-1,1265264510864739	-0,4264941650981018
-2,1462128951597412	5,1128729857404975
-3,1105957077456368	3,0081688236819053
-1,8019661998919254	-0,3687249398013326
0,1289835395934582	-0,06669893507008284
-1,939449745730468	-1,0508319058718714
-1,0307513495373342	-0,7914676937367657
-1,9021235101437115	4,6005550713067755
-1,5126456076755974	4,581049982792046
-2,4907128656753734	-0,5442065041380668
-1,781110945181271	-1,3881767955579978
-2,547130983461579	4,855634589540837
-1,5893985090459972	5,188767535900107
-3,337792145208236	4,4977454906149585
-1,843006768942412	-0,4588510929841809
-3,5683741775989883	3,181071674950463
-3,2938744189798146	3,356216682089201
-0,9213927274559575	4,284602735282936
-0,17484254315133407	3,6018541799333565
2,7300310651663438	3,517902202199929
-3,9688999505143308	3,617327155317315
1,7999823477596704	3,246439994885149
-2,1316732412881287	4,623460513087947
-3,7391894494046314	2,7844990406743326
-0,8431221788924415	0,3417466713242444
-0,19843266553519046	4,042426177821281
-2,7368419529523655	4,892023248306989
2,249031275616902	3,6796491676174368
-1,9425004641001686	4,9927127740847235
1,9971808577417496	3,778752974225087
-0,6584458180509443	-0,3126634293138073
2,4689691601999404	3,750672882052684
-3,8552074271314876	2,7337438328726043
2,703372626559584	3,7876895166967555
2,8821648411512997	3,3762833160074766
-0,31948165006328355	4,568960459088364
-2,4365834882171367	5,546065813515641
3,314403132065235	3,262741185440499
-1,0990280382047286	5,229835997068076
-0,9863258018368721	5,0513552329176505
3,0567242055869244	3,5698987811408056
-3,336773597732824	3,3635309490832914
-2,9932232011743194	4,359401914775041
-0,5262468367397202	-0,468900003949404
1,6186848279158992	2,785164210127464
-2,805738917202213	5,3750494546640235
-3,8652519082260843	0,9140083351402576
2,313947580795018	3,3971575123234783
0,8701699970116326	2,5061546616189814
3,891066421692706	3,0863035809080217
-0,6256658867442291	4,91223410283115
-0,1708121719390947	3,705459576592573
0,14423498786946864	4,11513556745742
1,2447716418592694	2,662602569351509
2,7983926508342494	4,0158031545255035
-2,2557329971292295	-1,2253494828143223
-3,766908035099696	1,23977517576682
1,7407246648516825	3,1607442890264434
-2,2851659347236355	4,381092579756546
-1,0094266510370082	-0,9859907237473904
4,41998221688068	2,1507531105873663
-1,5920870918612313	4,542329101126808
-2,7786474411399644	5,4126619579863515
-2,1078545329797205	-0,9033881121510932
-3,505979285362762	4,187423373413855
-3,801974328579105	-0,5704115966398455
1,9692011789012962	2,6664627193931962
-1,1944384379203454	-0,19473530555457108
2,210042291196713	2,7342288649747433
5,0202900631492255	1,8513762847516277
-2,9537513522789665	4,530777370788964
-1,7532533327040887	5,285000614326229
-3,7134670533706373	3,6114356300776405
-2,2365528104437766	5,1739939875379175
1,312646381804101	3,1076650140813973
-2,3272055797333397	4,9646608464904185
-3,667105217356533	4,633086063039016
-0,15718227650732874	4,478883994120199
-2,441829066200593	-0,44355359273874195
-3,6680638317116934	3,28030867336918
-1,5930552807510079	4,825482831143373
-2,933104364676674	5,219748825830756
4,557947461516269	1,6579764657941474
-3,862486023648304	0,1733608010558425
-2,622212175439586	4,799491654845416
-1,5214817874805795	5,111853817607573
-2,616583664141549	4,696849072266255
-0,9339245170746366	0,34779944795877593
5,281957028949231	1,9985191969032035
-3,736857078122461	4,798213084992187
-3,23349316610691	3,7969782194382993
4,8873887470440955	1,5154664458756917
4,487066617393048	2,366543917858839
-2,615137793712332	-0,22211019011073097
-1,0870587929615736	0,09853302441487055
3,7891566761732136	2,7856556726450012
2,7114097808380375	3,191916462682551
-2,363895515475389	4,690344507013122
-3,111397453974497	3,98153010173022
-4,320453811837807	3,1835958123623795
-4,00657033492816	3,156691655674091
-0,9149762692212711	4,113530386078023
0,446074304569801	3,837339846869935
0,74272457578514	2,41440221941357
-2,780155087351611	5,1307278903745095
-3,209202963890673	4,322368251639619
3,386766188567802	3,6328805297151012
-2,2159123857877447	5,629944749476454
-3,7154339198721056	4,804138824301532
-1,1931261125148944	4,598801721369331
-1,141268282383336	0,06853619850320813
1,9883131437458128	2,614237882624674
-2,053798524849305	5,463477547468084
-2,601242773149754	-0,9162067729300885
-3,8812185324796307	0,4835130994476351
3,316113800791551	3,5849945145012687
5,0519242416470655	1,7217550474074328
-1,2857314680995202	4,413770773532802
-2,95228997414792	-1,0627281697372042
-3,6127621528749327	-0,20435766921653675
2,5090468499717318	3,5617223456593905
-2,5754858217762386	-1,085723058154148
2,329045247783668	3,851342688903488
-0,5877164730978619	5,080960686316644
-2,5942032982458243	4,326794120223599
-3,9403744515779113	3,8163746267757785
-3,527177500347798	2,977534773076634
-3,0384370359984434	4,51729537756623
-3,5878574572204114	4,273470537349329
-1,8930209435074556	4,661196729420755
-3,2414528897010966	-0,2078994116697599
4,0499044094578736	2,5622081618188304
4,1634786055806625	2,752339370038729
-0,7074860628681643	4,002403624582662
2,7272365517324033	3,7230165351357813
-3,209542162957832	4,1913484659790425
-3,148916878144639	-1,084680546561788
-1,98868204187531	5,355802675880991
-0,8919763152732316	0,251630503357675
4,754087849463198	2,5721672308429238
-1,392843634384976	4,384145536763283
4,156077717055323	2,345065867490023
3,1750383452323154	3,3847295088028586
-2,9329248239029693	4,951546135183974
-3,2023867806666173	3,347993121808428
4,604860651618202	2,999794935772332
-2,659451562067893	5,319567590391202
-4,04815189978058	2,6779710654613855
-0,4814711672580525	-0,5042136912167068
-4,195663551923116	0,05473633456857019
-0,8106831445752809	-1,0639073647668793
-1,6995059170669808	5,516108730962286
-1,338412944732052	-1,2538214237489789
-0,24983222866768973	-0,7144288097315461
1,5264787700747005	2,9912715629522806
-0,41225991210591784	4,605502449278885
-0,6314690097493525	3,572967829199941
-0,03175533974919764	0,014094005594246117
5,027168314512588	2,3621136014505426
-3,240295001205995	4,150838158663452
2,2052669047687488	3,0997960599674745
-3,5199415073580633	1,5006766690082205
-0,09994654993790353	3,6625104065460095
-1,3727537736624131	4,443373215874753
-1,3004601437371544	5,248484045456563
-1,7417907058676136	5,099518014084314
-3,244890677057213	0,45043563849524837
-1,2672982967894495	5,3429785849770415
-2,530592265390164	-0,30721811168054614
-2,3524673516921006	-1,1353860868042784
-1,7085319301025335	4,586388185719722
4,5404012778346905	3,567841852048029
2,437644687468619	3,512049267032057
-1,5418364829267612	5,143377923260236
-3,547103157743488	4,465154092606195
4,638107848620371	3,2039922201134905
4,396492597602177	1,9180985901055079
4,481258904695678	3,733820317282514
-1,7344474852083653	4,430340245931543
5,258636235796203	1,5698201205647344
4,319710578531096	2,830959122151918
-0,17785792301377557	3,8361463318398186
1,4006409198985763	3,286139032030781
-1,8087297523336416	4,69697181794942
-1,8994615004424293	4,475427658716355
-3,2343178047318677	5,21148738339779
-0,8953192050227763	4,415383679786807
-0,09564279186849922	4,466201435361725
-0,8188515219602799	5,035139521875882
-2,1128481739665896	4,657011805475198
-4,513660350045394	1,4135769849851922
-2,2553282789445883	5,510497836943758
2,0096749640516403	2,5298420213204835
-1,0335242226084769	5,284009076718218
1,4704975347466498	2,2370020414598155
-1,272666283769982	5,135708437058819
4,0559653365698285	3,32558346419649
-1,1214957170804178	4,536745059069855
3,041044551920407	3,650455686040469
-1,6904422013842015	4,563669062628718
5,223675970239961	2,0582821953211203
0,42495122018277764	3,9174262454809163
-2,9267579563851154	5,380493353209008
-1,9437849790820632	4,983581068976802
-2,0019851691062445	5,180912071535785
1,8880863547268185	3,0506783444627015
-3,921137949029897	0,9740894499367031
-2,3349700630778183	5,518375695470889
-1,2311481129847257	4,315976202653621
-3,042524460225126	3,8347153931936186
-2,8209592548720908	4,553254081346141
-1,4117426833946283	-0,24945591645196252
-2,7875924781180084	4,9090830360257725
-1,2162336447118414	4,679604966750569
-3,8435159822823386	-0,4264597590971264
-3,100532233433024	-0,8705548126860969
1,4002015408025463	2,9524065026276656
-3,4233482014157426	0,8173532572309172
3,8104129219442653	3,030709305483627
-4,118073543889013	3,2263543320910713
-2,5463836874284116	5,0564318445452985
-3,218628303636063	3,738699547987283
-1,1111860715978046	4,6158051213189015
-4,4464408359160075	0,3195308069206948
-3,3877591075732454	3,122927433920541
4,68886673573164	1,6412375537850497
3,407438288209052	3,4948338421817837
-0,5920286786734548	5,031363470610054
4,03150842563916	3,9022943961470804
3,050197725920024	3,0551922527143636
-0,5423061140695062	-0,0649289472315262
-1,1510635614100941	5,046842733718507
-1,4274871649338903	4,958271567181406
-1,874002338037742	-1,0747873805211499
-2,9738736683628746	4,057511930667582
-1,986383048114475	-0,4038957278226183
-3,604207150081047	3,575316537764453
-1,528275709782263	-0,7464025510983752
-0,9018674919490122	0,1081355064727253
-2,8128390496352793	4,472827867046361
-0,9466205923643122	4,39020420358939
2,620268295235006	3,5091688455065446
4,445195862935445	2,6065198728083594
-3,900345197828245	3,6653286676990975
5,482015215940031	2,3018991105411684
0,7350278126153484	2,5763995193049656
-1,2519258454665576	5,342556646283736
-3,3222927738327153	4,592158722821923
-0,24637708635075706	3,86550790221822
0,9856324555610074	2,5687031216967644
-0,47447096542209266	4,20109406716635
-0,12217190883583595	3,644055862230549
-3,491758372040485	0,9776593391670453
3,706617744345715	2,9275940862824807
-4,24633321201514	3,5215723827958048
-1,3650271981064446	5,437922291551277
2,523713073487634	2,9065295567417673
1,8344119138629165	3,341963528085212
-3,4881449095210293	-0,28494560630291454
-1,4567684844627176	4,761869120662347
-3,376472221844309	3,673147900232432
1,7674222989761732	3,416513581660708
-1,5615324777609896	5,00059140878208
-3,6271091751049847	4,705215779041538
1,1424246654591805	2,512194958786327
-1,593069742409546	4,9962926373795415
-3,4087152973266535	3,5576274958640766
-3,364373859875127	3,823992458266624
-1,761420526179892	-0,541647897152459
-2,992304920130315	3,872125704317879
-1,6445092236486163	5,3821337450729665
-2,7018049356339917	-0,23830580971139748
4,298048549537713	3,200748500512475
-2,9794957756672815	5,147535425254446
-3,0910040987367764	4,00479915175022
-0,1253503301848482	4,4947044162550025
-3,05938971954207	4,809971416321295
-2,372177168842712	5,225502920864075
-3,4130201148076362	-0,7113185520020531
-1,6850112884836919	-1,465361930363625
-2,908553489146332	-1,1594688143968153
-0,44771128032892005	-0,047244136430664496
-3,3633545112307552	-1,1757806548198175
4,264657344758452	3,620940952531492
-0,6843032336901198	4,7770804175546875
-1,044885156644491	4,5486266307363
-2,6279631768283083	-0,8059545570319762
-2,527546214430428	-1,0238593392113662
0,8356739124960018	2,425138907763515
1,570628630248221	3,638399199653649
1,720507611244533	3,3284951559576803
-1,5191671251177208	-0,23646772806176042
-0,6759866335834854	3,9127736192450913
-1,0641070760423084	-0,41490284037004144
1,537167342420591	2,678225884729066
-4,056612061006494	3,8880075340496765
-3,297288707729914	3,0593156269965025
1,9306237905094712	2,7018858999565896
4,1697185004439135	3,601930159001207
0,205880435623502	4,510585125742397
3,3991357978442034	3,155003823570671
4,208227920729259	2,3954284140981006
4,553108867654126	1,5076504069516663
-3,013581098303912	4,69654992217666
-3,9901065595887966	4,245075047738162
-1,794693360809732	-1,0193298718945443
3,065383898495128	3,560210282273589
-4,066624854626413	0,19097233715998863
-1,3734196706046822	4,8761603685760475
-4,175194893792257	0,009723629068276729
1,1219308132270862	3,0293523367451898
-2,026137232258456	4,770654068125623
-3,4775628135742567	1,1889063516173206
-0,4240846316882285	3,6154624585702013
4,155638712467152	2,7928205506345853
2,850681245790415	3,56412418335903
-1,5018324327152768	4,431725030623722
-1,6549934225411382	-0,5344098994106758
3,3041010104067228	3,60679358780981
4,7716672135571665	2,5027142484659763
5,2111996568916465	1,2741481953334368
-0,34388602517572564	3,8574250411720223
-3,6331253649938753	1,3436067575614403
0,19940253044608158	4,285847471112554
-3,2508490382415673	3,0973245235909213
-4,007269279765023	-0,18609236940098706
-4,045160378162613	-0,2698541963298724
-0,6956114343441333	-0,4969404569981124
-3,5515438560564196	0,8129267953235036
2,1751726113902716	3,2590310633223973
3,235300880958086	3,03329393763488
-0,18876381898842665	4,020769539408427
4,486508621806739	1,5848209029937148
4,719522183705223	3,249669312121253
4,054311618935473	2,7766740544723856
-1,6298584723611853	5,129261347705663
2,558798015329139	2,8922090032921117
-1,1991843390246784	-1,3689913415293864
-0,9416806603335037	-0,06740633055092293
5,227397198443905	2,0262971855499594
-3,1739876471226003	4,552553960878051
-3,1170144316059893	-0,4171292073156625
-0,7080670563381848	4,051628094708278
-4,311645593412777	1,0278422914977816
2,871844940193882	3,5566537089482173
-1,2846265640773407	-0,8193387803443608
-1,552008907503368	-0,1911759686033614
-2,8791205839203764	-0,48995794759558287
-1,5270910480904072	4,969679177360822
-1,8430766560799359	5,172863430881298
5,195140369598917	1,8879162815475325
5,381430162120944	1,6986022144287691
-0,21439569442429507	4,604111564245866
-1,5019703741329153	-0,6648767426911948
3,7891223664982756	3,863234684267922
4,078336145772862	2,4997532880463806
-1,1813796871752036	4,486684159419996
5,293135453442575	2,3978763462269708
-3,4004181737297925	4,547318910687668
-4,003728886457026	1,1303210950411993
-3,242655415906526	5,088530083016282
-0,33540350820977904	3,746847374779189
-1,0529271851842414	-1,0232268387856518
-4,1133323085473235	3,0769575016991406
-3,436753839407146	3,055592799223269
-1,6682678962891886	4,5080245377666675
-3,8979125743610767	1,1118341706204453
-3,9957004421783227	4,32412089897433
-1,9318150293404077	4,558595627449674
4,959198217699351	1,7911562482802215
-0,6695666133327094	-0,7962199368836176
-3,708677893843619	1,1423984970962426
-3,2369901478385996	-1,0396614549653085
-0,5945503965474539	4,4710667529354104
-1,1806131094740593	4,399217357322486
5,142254485571384	1,5433817885574663
-1,5563710412564475	-0,9083098341221361
-4,11523811013096	2,7160230122837357
-4,26552709449748	3,3346954263674946
-4,015180091374019	3,750044532481779
-2,4029557819260066	5,070491494785491
-1,6704989368199725	4,558532511963628
-1,8372891993746197	5,4490996781834165
-4,221353709522999	3,840871515863977
0,27753124979680366	3,725222895108229
0,9995882742047963	2,58060754958647
3,6455539352643656	3,567719894685967
2,0200577474939596	2,688294185654398
-1,8384672921927128	-1,209072103666705
2,820877987850027	2,9579183002450735
0,1945514050267414	4,2351206123860745
-3,647800678282766	4,31672551541817
-2,6678820199721267	-0,24672291493922605
-2,873585952118916	5,307855899837312
-3,278734159307422	2,9578643057117575
4,240499374191187	3,6101706985996938
-1,5739612556793023	4,423081592519121
-0,6409508429025668	4,702170810352109
-2,0307132590976966	-0,6856245428796046
-2,298380560038929	5,485570052448379
-3,2895899918951246	2,8732265734342657
4,237563859608721	2,8823903481667426
-4,046690825494909	1,0918047908934692
-1,2742284748596502	4,856682176207073
-3,6816165461286263	4,022214047183054
-3,395906764628914	4,427663103523277
3,069674501000175	3,7807243392887053
-4,161976297472563	-0,0459657932119677
4,382314740156988	1,7391067778654958
-2,3623205493164825	4,729193568079268
2,8182516894626857	3,959841354805842
-1,6329270478660178	5,331586327814725
-0,5823408037526772	-0,5346791970909011
-2,497898535132102	4,770427266515118
1,350411988167448	2,489255568941954
3,8975937943819194	3,892226284227281
4,70569297029493	3,004263104996008
-2,999947073344794	5,084186559727142
-1,843917069471579	4,492556615126278
-4,464932194524044	0,2908288266604627
-0,7324463651349451	5,105616822840464
-4,3093412955223185	1,1778043971843635
-0,7715763828222064	4,39002274153874
-2,3695678097355	4,341877288270374
4,683946095644609	1,966608275790107
-2,9251095717628246	3,9756624983905615
-0,7768221676645095	3,8587726132869014
-3,5496442546556417	2,983995687354402
1,3012681274019526	2,783868682154167
-3,0365276498392193	4,216387333173038
-3,43573727475637	3,6882418911069275
5,295614811371942	2,246061233803753
-2,1102771435035095	-0,5906247571861487
-0,613800018538136	-0,14504516633951425
-3,654387694821545	4,146188415894659
3,6502738362931053	3,4660198966055775
-3,4740160584236035	4,804976337894626
-2,619145140731348	5,028798357969965
-3,447315542833202	4,323017560776082
-2,3402238729612117	-0,41351705553699114
-1,0460478569461378	4,900935467643042
-3,354074064711633	4,091273924897974
-3,3184715318008964	4,854852814348879
-2,0102981739046664	5,412734976576098
-1,164707729677265	-1,1849378380420426
-2,300076083944605	5,03919337912794
-3,0609688933263044	-0,4697178882611528
-1,085854530581527	4,5733721397713625
-1,4096856427067714	5,550964815547613
2,5626311728867774	3,247869575260842
1,6418046563147368	3,1922676155492957
3,0802834480245243	3,1029572310924607
2,7838096094835967	3,6746445692679233
-4,55855952261282	0,6672242391737117
-1,68503549495038	5,174529498987595
4,520537715427841	2,037300245241699
-1,8767174244008902	5,660343493201797
-3,152393175898119	4,681719873912057
2,8863543987304663	3,470511639656688
-3,7438050958467346	0,5481113245441276
3,0068225310748695	3,2430049692495704
-0,9761196015250644	4,459441073386396
1,3732145320941813	2,753298060068899
0,23416556768769214	4,067834214781168
-1,3898717328117596	4,97722572097619
-3,602304724633438	-0,8653046490722314
4,790933513135712	2,5224123063134876
-0,9979169925638431	4,58640930172159
5,159699178983378	1,5987101980685898
2,0283190459642304	2,9845805463094943
-1,2442238981134564	4,43196681614002
4,190742840771035	3,608092606356109
-3,0147309438425265	-0,7176906624109449
-0,652376929761808	3,684024268284562
0,23218030263606404	4,430419277609957
-3,4830699783497705	-0,19713526903402157
-1,3572359108787935	4,587538343649115
-3,0364158444897185	-0,18999206457815188
2,717107081172611	3,935607186487676
-1,4115948455363974	5,4317241623880985
1,8614396052136462	3,4764881592033245
-1,5569964384243806	-0,6631931600471415
1,9000255724149917	2,615792341717632
-2,01923683139605	5,361817336036672
-3,404422552818457	2,8351580453139196
2,069666639928725	3,0566690532625804
-4,1133284991081815	0,8124727601184948
-0,4153018915107596	4,843432888816714
-0,543104964635533	3,5136519576399063
2,1306964941242956	4,001103681465609
-3,8022903139335904	4,265191827443294
-2,0514044544953047	5,104574395067037
3,3609040528906435	3,484570152150531
-2,694583589722182	4,892473746124303
-3,0800407804377308	-1,3357470749017923
-0,27899050355385846	4,682291925166528
-4,223889804498908	2,7184926644289584
-2,1553529598969408	4,67521624108973
-4,037939801650512	0,38205143013490084
-2,4042054810184266	5,134689277920693
-2,3253724803852007	5,289564381054596
-1,3356531193449523	4,779203870439774
-0,621697514806568	5,025735556870673
2,486055828286788	2,939508725838908
-0,2651666850697254	4,610180658196039
1,0040885759216942	2,1339399342586014
-1,7657062794420202	4,946089587283322
0,29840313957018716	3,7120866521510063
-3,360467577811673	4,513290868635482
-1,2346201611519785	4,574506627199137
-1,9684603002897987	5,098673076385728
-3,4649061467541493	0,09396912645621236
-2,977595663044652	4,319258615651291
1,2909183782086888	2,769951022599881
-4,295246181104016	3,115488605464082
3,7244086006317976	3,5794927470175986
3,219372889512224	4,06749673108934
2,505282431360212	3,2575287358141147
-1,3726148749342575	-0,39496528510049234
-2,828455057616882	4,099860336345577
-3,508252359098422	4,537599318733448
-2,552416224608139	-1,1540626470865312
-1,6762312668293886	4,440050501686542
-1,477183014911284	-0,5969095405298348
-1,6276535518804718	-0,39654870397540676
1,8231425704009214	2,8607196179045316
-1,3146324250031554	-0,5147321630749211
-3,7690627489712116	0,7059148648141332
-1,0351782151001878	-1,1918593632959942
-3,3654491433834433	2,832430514500256
-0,26205589919180294	-0,5540939429105478
-2,4295648641313217	4,884633853272969
3,8327577164220967	2,753589370780846
4,652410073736327	2,008722182201449
-3,872356435113269	0,7396381576862501
-1,8310877468927378	4,625983818108427
-4,121382616426614	0,5142767348327663
-2,987665483189652	5,199730992540852
-3,4229295105490727	4,076363796012778
3,3778561685916837	3,082247490049106
5,378550042040805	1,8082640239739591
-4,1191411397647375	-0,4639053190979576
3,5094351371505685	3,9076016871429275
4,184479592471462	2,5915770456097866
-1,1860516351963688	-1,3349004060030851
-1,0850543071379963	5,484036957596734
4,495837251110124	3,7458789236892587
3,157167580367339	3,344447573946966
-3,1555017330466315	4,826164050858505
-3,8617424460456267	3,897828506007898
4,356554668165242	2,2752109402046727
4,283155254995675	2,4547589792379916
-1,2451115624766806	5,436812733765894
2,4467225898379406	3,109294061028624
4,125056747108153	2,644098986969235
1,8771194333640588	3,4154916937313957
5,23720678837737	2,121976509806401
3,1824956562074083	3,258246281384052
-3,3015030589335987	3,2813348957455957
-0,59323931053118	3,6464523818556955
-4,038483381741582	1,031420850183661
1,6118324651722866	2,1864751965335545
2,2594468584605907	2,8445274887669605
-0,9030449819077406	-0,9099914416946295
-2,634827273794115	-1,353460745163833
-4,32983306914206	1,409300184702787
1,7504297361821721	2,0923168150024756
-4,128849489377658	3,4920946173093057
-3,9049945991677806	0,8542673350441392
-3,524290130890349	0,5853391489991253
3,3517936327080697	3,6217908176429976
-2,3737913183036077	-0,8988238301577953
3,6843450159767555	3,1794284015684022
-0,05705412168611579	4,071201662326429
-0,32161669270477256	3,7375817829229994
2,151188533605993	3,027410685157504
-1,4169887810241302	4,741056512416897
-4,2835293972014945	0,9598943126170455
2,6229093248057596	3,5652365948918945
-3,222532572231267	3,502188598846766
-0,5238496363357859	5,138978563440774
4,320829084736921	1,5247812460363523
0,2704838160282239	4,399631366749212
-3,9591080937653604	4,433468635259228
-1,8165113408980342	4,478663620255333
-3,5254830034505042	-0,452068206988435
-3,9866670555178745	2,9824939344342156
-3,6196708368149704	0,14314316375121017
-1,022893557623176	4,784154591114595
-3,1262351104632993	3,6411816765297225
-3,6804773896354765	0,3051266034737453
1,8063177008041582	2,732508807333688
-3,2602765867090113	4,780173129765106
-1,7391602466630318	-0,8474255948219069
5,078823440786174	2,0026247751813875
-1,7394528947247652	-0,6176661540024588
1,4319549325827787	2,6203234833291464
-0,3392730650566358	4,465727353249156
-2,653959830279314	5,209956522885548
4,6421918823387385	1,5612561676985126
-1,4505957409105132	4,6904418997223
-3,4489649273810787	-0,921209710057775
-2,8533263336639605	4,54699219262174
4,850552022774073	3,3538777835931652
1,8225219739987004	2,680335000930647
3,6026767031945384	3,702689220819231
-3,3160419323544224	3,9808278179493786
-2,9181743789462287	4,3621821210654
4,610503440497146	-3,438660856248166
-0,9367450516580524	4,8267423610842775
-2,2210776182130383	-0,47195747003490074
-2,2336452115810803	4,651191171016955
-1,7465189564351598	4,646437274154341
-3,4178238354144685	-0,7358198121843105
1,5421749600826216	3,246672505907624
-3,0588434381300305	4,210006608176215
4,140143580860091	2,403679103236457
-3,7293153383465545	0,14718496298559747
4,711102040303349	2,4151928449818367
-2,634377764740806	-0,7479830623230004
-2,261994599046764	-0,656216371078074
-3,084014581376928	-0,23713828843222107
4,731518627820311	1,4402919158716379
1,8247551371922868	3,395640344374353
-4,146083286144323	0,4280400397799192
-0,9534801832592261	5,255077792179918
-3,6493338222650222	3,4858751502069163
-0,27691275661827364	-0,18653539755260162
-4,300388236543814	0,6182352705961806
0,03883033322715779	4,322174833878149
-3,4597904824045136	3,7612755672913813
-1,4906565344000386	5,169112896333031
-2,604980793741567	4,603238460062585
-1,7356393692341743	4,476823031819766
1,3710714150619303	3,4022828666020306
4,020482130526549	3,2210928507454764
-1,307699518951236	-0,9145000126767475
-2,268924334999357	-0,3896506170424534
-1,463782185378433	-1,0522089620451929
0,39591138229031064	4,2829492530262
5,423152298290846	2,2120459523251235
5,042015784900782	1,3452389058096794
-2,9009041457265274	5,049472391910166
-3,511250721252748	4,096505946757617
-0,5867351348538332	-0,1334642734036553
-3,3747516586029027	3,245849413686303
0,25241450629239215	4,388622679192956
-3,409064364428281	0,16414531992867565
1,0919301431497654	3,236984225376259
-4,225504174214685	3,0831866802023002
-1,0566467791850256	-1,1928580924607894
4,063262767624511	2,5575209149958402
-3,73156201900452	1,5127781013261061
-3,2848116792387017	4,329141961115262
2,2016854330994864	2,9234498325158733
-1,0361409880115486	-1,038310992862546
3,6109707537659235	3,699111988930265
-3,448327295387357	4,886730313211153
-1,9629854233531598	-0,6333219628082776
4,014248184896205	2,7734621435667375
4,65498259445323	1,5409740000901289
-0,5096894462623933	-0,5450217050333424
2,9038798587655164	3,7163543167283453
-1,3114689109957474	-1,336808852735675
-2,6219747757847327	5,35247933167626
1,2731199974950695	2,8340780593075685
-3,284120660176475	4,537197840082773
2,7813241234121215	3,1367909450506297
3,8209265933217296	3,751129057504138
-0,6193860531181987	4,583353383777903
3,798351669517774	3,055104988845282
-3,6103286843803275	3,1178236625168054
4,300883112766744	3,1122657882501352
5,299362395562177	1,5438487727736607
-3,86904745628362	1,47105043156207
3,823790281494237	3,4911579648533895
4,893570359500986	2,8027739121382327
-0,879048410317486	4,730823857468035
-4,100256669044764	3,264572760739907
4,881453184232404	2,181062379974227
-0,5195704718538501	4,045981953426178
0,24563919721646843	3,966110664691809
-1,1970927681218555	5,417080623417272
3,9534064071803487	2,7261442174391686
-4,073306150900284	0,9074702332898492
2,484538188342502	2,9251896902825845
-0,9902438316482964	4,102677715271124
4,066085510332885	2,6257831728983163
5,266374945298035	1,5381710101241024
4,014034708970807	2,6723170041768745
-1,6761185715151115	-1,1001003614804503
1,3888078654337472	2,9960393095256173
-2,637937181460753	4,896867641642419
4,461580484298751	2,7835217829185748
-0,7751238929628468	4,174999346880698
-3,0793113512610297	3,74476469003957
2,176539759952098	3,0710649371668186
-0,5170561654035666	5,187769234885334
-2,9341830937643487	-1,1904758483023006
-0,6476053735574951	4,490218462009805
4,010070543842524	2,8586262134821947
-0,36972315485340923	4,356674047660168
-2,621047464190532	-0,7770102478164298
3,3198490494319794	3,271256585356098
-0,757842780532308	-0,48718803072593153
-3,4343962649844095	1,0893224731743427
2,684684774973347	3,8408632306605575
-2,358719030620944	4,3574618618974394
-0,29546765119382545	-0,7718209137327783
-1,5067494379111825	-1,0383748900993661
1,2281030243762907	2,6874513220613427
-2,1971591004910427	-1,5509923644171573
1,9661034118661225	2,909452050483427
-3,7979862817297256	0,5345060175760301
4,836843448905042	3,0504608644136564
-2,7044024066299586	4,085440410022798
-3,5148780675558875	0,2450348349109619
-4,059520555515262	1,0999936870610263
-1,8875269588680217	-0,7463113315359373
4,858700012064773	1,5896076684259457
0,41686057616347694	4,131419628901107
-1,1250683178235519	-0,7020550197801723
-3,115849831642876	3,259213521201961
1,5642745252463701	2,0231870222566544
-3,0378615827550615	4,011488600021715
-3,0246368719154586	-0,046664970116752746
3,8029606982649424	3,01119935711963
-2,151745834390623	-1,0976987547845725
4,441152603421625	2,2274898003184305
-2,8045908850788823	-0,17408359720151712
-0,12828301321034274	4,05137501390711
-3,680521217718545	4,134837393116372
-3,353210249918156	0,9847565083067483
-0,9935357846551592	4,158073412305586
2,1275300979166145	3,6312312304793415
-2,5215419052986494	4,280837743958225
4,4263993720535115	2,168252808415515
-3,6047989728794176	4,4650906497939715
-3,672896597105911	0,503600423371553
-1,624157813931193	-0,9526808550993298
-3,8250817145709717	-0,07215262262366062
-2,954080635763267	5,36790044222158
4,889632530463043	2,6856588144697757
-2,5304958433495797	4,848005817901715
1,5864554838660758	2,0436955163524737
3,6868363699429114	3,52541836169281
-0,7339509300410823	5,380074154155826
-3,731181014146157	0,3862351400898789
-3,474246653854925	3,036629746338372
-0,9596163639200079	0,18151958550969804
-2,192324018039704	-0,794008583723431
5,490492313078201	1,5930284833887607
2,174174567138242	2,938278860296203
1,4174788992359761	3,1612318714402328
-0,49746336222447396	0,3023920853667289
-0,5198378315654242	3,627954417498763
-3,245489755939674	0,18208893700701978
2,7848939905802697	3,6067055573625706
3,9098024568516134	3,1272624390985335
-3,225120468517213	-0,9243512622048293
2,215363928551252	2,704064019692902
4,697986196336208	1,8108325664183642
4,248011063086174	2,7620661162909
-2,522056062031667	-0,6488013953117882
-1,393799934769455	4,899888423119332
3,100979255635865	3,325549799213299
-2,9114333176322726	5,425517655492559
-4,06944870404152	1,5247201317042873
-2,5263107724219744	-1,1716653311533216
-2,3626450843720814	5,447229925936686
2,276983252220496	3,047432764956854
-2,5824893555076383	4,629647167597826
-0,6127369269302629	-0,6962846094530972
0,7989552592980225	2,300162329760113
-0,8542269656171484	0,29704668806569434
4,587666817227432	3,65315984403012
-0,30714428682441075	5,0694507692711
5,171632932864524	1,3160682247897557
-1,995171837968095	5,115021703131984
-3,712438272139564	2,836365173406143
-0,33769256483870835	-0,11684778736036727
-0,8690128370717731	4,981140882949644
3,5918838803247857	3,949573727811428
-0,18245708817707462	3,784907952482132
-0,9370031235589802	4,275003029326781
3,823503554532672	4,083002383521335
-0,30965902600225204	5,161073393126072
-3,8873734622480995	3,509689989975854
2,8240130399164682	3,478150102114922
-3,681942674650795	3,3380345464670436
-2,837571253093979	3,9545510737663463
2,597099397396246	3,4110237868967133
-0,44144631522859745	4,245441134018228
-1,295187738124512	-0,4950432075311568
-3,831846213974438	2,9031127248967397
5,1943901600807365	1,6412676207653971
4,512246470506041	2,2178267377748564
4,32675243578719	3,0259404389413187
-3,769367311445389	0,6524899418071294
4,300483239745709	1,5434685230421723
0,8329892193444661	2,5480531537073388
4,55047250904639	2,4420987022873932
-2,1165935712248296	4,580931139393078
4,829450578999333	2,4811203023041224
4,298422699275901	1,9872416654816671
-0,5299496155630867	0,14128536883317722
4,145558039997947	2,840177748686913
-4,07769044911267	-0,06488939518864933
-0,4907606415036938	0,17965345902631935
-3,286184333438768	5,2006461942737605
-3,3660711208700778	3,4006583183212435
-2,829644474046439	-0,5132583804222528
-1,7580884477556422	4,483798281871658
-3,365275715923887	0,17139194990133466
0,2613009608969079	3,6954063753634667
-2,8378662208710637	4,220272182963606
0,5640657804299065	3,7637751650263445
-1,5789892347659693	-0,5948409795040979
-0,07656603675790374	4,792700383538928
0,5237284676928124	3,804872943358587
4,851684715597479	2,9870874722869254
-1,6137982034139249	4,624719108401017
-1,3575834144268546	-0,5769186211238682
-3,1350587008772	-0,006214421743029663
-2,0535035251506852	4,694018847916563
1,7771845408153069	3,261946513485371
-0,27101327439197753	3,9819552456218323
-1,8253450664668567	-0,39046862706813457
3,6979362410215417	3,2232853632162506
-2,4569534878569077	4,313619424479685
-3,5974062861147758	3,7954360245199474
-4,5584913836501135	0,9928403905542994
-3,2231574351753727	4,5585763332436
-3,5140503984979325	3,94242800642172
-3,022474880411713	4,945521348727418
-1,2246331771552352	-0,11424900334862031
1,3354402225329565	2,374229347152783
1,932030555492931	3,014777462393693
-1,4311739557994119	-0,5948007190848186
-2,0741740064724885	-0,8802302002934712
0,45566704178142303	4,046271440110659
-3,9781330241980184	-0,2536392505768197
-2,878631186973265	-0,679422820289014
0,02632984376259806	3,8065965794653476
-3,4124269516952896	4,757868682955539
-1,0733879640259392	5,19566454154587
-3,908489803090717	4,149848223399662
1,6469353532234232	2,4901828876812244
-1,8184716918675838	5,480797997091155
-0,8046189722286867	3,93776485069595
3,402113595166246	2,9595874259321135
-1,182781833045793	4,669718919938554
5,060424592677286	2,2655842994250754
-1,8128225077696203	4,5399783566936796
-0,7955863102713892	4,384408513815347
1,8435675029762069	3,24841494036078
-0,9518306749300822	5,284632769856235
-1,0738861292588837	4,564731545006605
1,7225553062994876	2,700797960079063
-1,5682578164990937	5,520984782897395
-4,155155237024734	0,6485321970470761
4,933313895396588	1,6493721154809147
-3,8063984735524787	3,1703907980766712
1,8096313765630063	2,188155076749928
0,014205294467556584	4,591649313731483
1,5710362758499399	2,0256305151093636
1,4050138889732913	2,9971928926658853
-3,1608230587693513	0,18444258178670636
3,398028018840675	3,117527254227884
-3,0803610316411447	5,244899638315102
-3,2464708722782305	4,517854912104368
1,4716102842707077	2,3186400114555417
-3,915545269842958	-0,7312751981496537
1,9103325839899274	2,468610301189752
-0,34296025733069335	4,7804492826777345
-3,145050969016609	3,915536336512463
-1,962976808874623	5,277438086523025
-0,08959696097900327	4,361388765041197
-3,6440584069873	2,9255117484496265
-3,21119705302376	4,768877824062901
-3,1934054781162606	-0,5013477419209849
4,719395120940346	2,9089570837794074
-3,0707879169995618	3,9985134316826367
-2,339276928972613	5,004734464891817
4,39154319636427	2,612505251436864
-2,5017986674335346	4,393057757489013
-0,20742815251445523	4,530997702596122
-4,032667976711849	3,476899492811926
1,5773149844339394	2,405805134163035
-1,397171798977828	5,071816999555846
1,861532443370738	2,3811722863784532
5,368124362670425	2,5367594075818953
-2,8844641015134793	-0,47146845884510524
-4,247005403726515	2,957004535598724
-0,2276414609434636	4,228522034034939
-0,6573993225581489	-1,093925250990484
-4,424296214564011	0,3279812076223896
-0,18759476839027056	4,400884244877862
-3,5540259700120864	0,9960367535107794
1,522481103898647	2,2560631693452584
-3,7264800255248813	3,2566425820528693
-4,406923459155728	0,3009489312593212
-1,7540838175459452	4,963849294597371
4,848892393978505	2,278954994010249
-0,6959340479206633	3,696746706376427
-4,291428569669139	3,4434454709752207
-3,1915244795873536	3,5034665166703016
-3,617136491013267	4,724687622376871
3,491583563373208	3,012837959255928
-0,5969732332621223	4,437966747387569
3,7804959060125993	3,406475406826329
-1,63789024998293	5,6537129506796875
-0,8962442062606619	4,858727819192308
-3,228123373805187	4,028851132908186
-3,392914659857193	3,6192890309589436
-0,14624433733635933	-0,3300426190652186
-3,3833576393651184	1,2607947433033426
-0,2753235046044946	0,04067249541082674
-3,1998996800601027	3,9688365233952885
-3,7027804348885107	-0,4379293436443914
-0,24737635828492865	-0,387883226646343
-3,387105509023803	-0,20583168799121543
-2,782475880045275	-1,4548361228839704
-1,268729021208316	-1,0157461242379506
-3,3554682981600323	0,29605793493441923
2,8465289620778687	3,6433587366403444
-3,3083971835066053	-0,8505623532458244
-3,2004464996208366	0,10974575532344266
1,5395876776193411	2,7499451503143932
0,23164180463796158	4,096185157808493
3,246698163145286	3,8312538209015075
-4,176264036908288	0,360960642310594
1,7676973275541792	2,136885755371438
3,8087521845495687	2,912881283924081
-1,566552778404359	5,5932565523809785
-0,9153379453758403	-0,1946634644247709
-4,168800065100431	1,4819862888842215
-4,1040796750491815	1,2057751829672234
-3,5832262412112184	0,26683361747539036
-0,4598645657932876	4,1217782894350465
-0,5211686371783084	-0,04118621392040711
-4,139351875081648	4,112261507170573
-2,579946940415585	-0,3174947594962081
1,960872661718414	3,1222248253215446
3,451872370956356	3,5521825193972036
-0,03782606494244467	3,9464220433888553
-2,679141101715878	5,13049434601008
-3,9362186478455334	-0,5641858056097291
3,3940187500029606	3,4379746119942243
-3,318273757288363	3,3380650757400065
1,6891782164178673	3,420503279002226
3,499761709435192	3,466855793136516
-0,23780769328683804	4,181006089514027
-0,9327935603090716	0,1187214781160375
-3,4948118495305476	2,8146367436499267
-1,7821472818713286	-1,1286845595976174
-4,071867662944976	0,20482007979936
-1,7575289039089248	4,492376447270473
0,3185936136707139	4,115701234781264
3,9993237143935234	3,189212220773757
-3,8089485943973673	-0,7081756045531866
0,9912430438960547	2,838031487482357
-3,4470203381103066	3,327263578839075
-2,380073269082762	4,679846138430083
1,5304567912480875	2,4423500918188252
-3,6567838994456423	3,7788017236091784
-4,196850854689803	2,719906160932359
4,125317594263954	2,427751966732999
-2,469034461763828	4,302912591760139
-1,6945441994857127	5,205741741617679
2,8676607800428493	3,459807647158363
-2,095132564939128	5,19864620295698
1,7918879080689034	2,337562468451218
-3,2010102163461713	5,262306612242035
-3,7408957237134866	2,8007080799594726
-2,377282244173356	5,544383476258147
-1,3851605989581157	4,988952251546427
4,006226646688368	3,6860148645404633
-1,097336492461194	4,646935273200242
-0,6453208889000221	4,21923861629518
-1,2967607045404153	-1,3230210469915429
-0,2711993750916961	4,137654490583666
-3,34326374209592	0,8692562510427371
4,472059553567722	2,3925195235234495
2,703361740190277	4,101089345321896
4,167787518816091	3,0145526167220176
-2,034000024707254	5,3249519553056075
1,2772765917202857	3,44409693630407
-0,46762967041790016	-0,5296179937216694
-1,1396058277311212	5,576329380161767
1,5428936727286	2,1303718859110594
-2,755152024081392	4,554876061393425
3,445874702563165	3,1181402365730273
-3,0083062289649902	-1,361367428808931
4,192094154002815	3,553271910141631
-0,8153333275305801	5,262053107158939
-1,769848305647346	4,631023869141237
-0,982652290462386	4,277078312166998
-2,9863393056071983	5,220874168872681
-3,144380903934308	4,216124363199307
-0,4840387373691015	0,29793303365107904
3,5678605520707185	4,111519313134613
2,344846433863415	3,329079993779229
-0,14380457743723984	0,060538916946366594
-2,901392807806076	-0,7718352455630786
-3,231867311387753	3,5074430223969135
-0,49177191378873064	4,306624444151149
-2,4540497977425155	4,926884948320085
4,879477401554838	2,40960556244921
-0,542531608366865	4,941754043153853
-3,179620563434095	-1,0866120946971436
3,0443085019671696	3,427967915469212
4,973852562848216	1,8939136198348554
-4,297940913105472	2,934865340787458
-2,5691064038700535	5,137732367076101
-4,429538183328605	1,8134467889579038
-2,8979436323121215	-1,0613015705064428
-3,3248625654662427	-0,9074282609754631
-3,162145295736619	3,207673932636775
-3,6784988301548687	1,5705762145912796
-0,610785663938197	4,767521303391964
-3,036446150489655	4,224486978734365
-2,7784629276997643	5,496231325337035
-4,025329687232335	2,8928131521481872
3,6414513638394856	2,8356558254023994
4,423095870946777	2,9748823736153085
2,1893926316307866	3,8049209618360456
-3,215610006408145	3,2550410619299237
-1,5803348863895645	-0,5285553278251822
2,573658536580577	2,909937015859913
-0,9368978805062496	5,501453373405118
3,3323797776744124	4,181817716113352
4,047027836274499	2,8319785518394722
4,085772180539448	3,8729918919613
-4,318995332789813	0,2958441873767147
-4,262365181828486	-0,24891059401562465
-3,9734064301155936	3,113605401621768
-0,06834134896840438	3,8070488302053236
3,047916640643237	3,5564259618583804
-0,6638331100146095	-0,7265646702457054
-0,5410587237240572	-0,38424886620532606
-2,8023050040695097	4,697690138305608
-1,4057775551808396	4,64272975526926
-2,1206669874685704	5,112611465214043
-3,1762276692151747	3,646731132877932
-3,880308356466304	-0,6078650785033133
-1,1677665142717786	-0,36315677503709765
4,429235365076326	1,7882165580686644
-0,7850228005211057	3,993742692963079
0,03548552205892763	-0,08846597496592867
1,0839175676597632	2,254883020889543
0,30373383733731996	3,8868130072204563
-1,3515207808322764	5,353186585092084
-0,7260704939684595	5,079704096885793
-3,505416679322177	3,5916586632930705
-0,1949872762149465	4,434236838451481
1,233764905405111	2,619144839662044
4,48744981485677	2,761791521590178
-0,8532885512875673	4,643623593444011
-3,2005542970802425	-0,5397465795630103
-2,6287683578152503	4,392869397231777
-3,6738074117819597	4,495586137744495
-2,647469883026191	4,342421578587946
-1,147043459131327	4,751265111406589
-0,6441460629721223	4,0922149890569495
-0,8751867338385018	4,024800372092416
4,794101733253315	1,8613762079438156
0,3562714087930694	3,9510003822920297
4,667380711813883	1,592677195023389
-3,3286410414743814	3,817568467023489
1,9157979443194602	2,436676672292275
1,1594710011625626	2,7358157981761835
4,206017921743406	2,3628326628949634
5,301060107719943	2,208699364520043
5,184346366499476	1,8885285229757494
-1,93679591373632	4,608874681861565
-0,17329781927679755	4,834964967836289
-2,653117882816255	-0,48601542436976986
3,995110980219355	3,356596594291072
4,539900707816675	3,177241276968216
-2,522313482598176	4,286875902770046
-1,2871733498336257	-0,5223884766584397
-1,520163556587733	-0,3917314697601908
-4,103679978875242	-0,01858669155272208
-1,2412298826219184	4,435833662386605
3,2025680169375703	3,862286118615307
-3,7493744209507747	-0,5077582202220725
3,086295702520558	3,1004196107534288
4,432114622364925	3,1263211298705547
6,897690470833771	1,608217364386757
3,001728001272256	3,80399811817169
-2,1068880047335354	-0,6006951712338398
4,513859133906644	2,3426567743383546
4,823424544866884	2,7607806650449755
3,4999200757228532	4,132441268744075
-3,0740946093875356	-0,07311680316115776
-3,406544003947661	4,116820708173115
-1,9895249018806944	-0,6095214612486268
-3,592895238393791	3,1958614794794347
-3,6722787945831983	2,93659059325815
-3,1980779179012773	3,6283907230328536
-1,964554823870813	5,021161986290608
4,241069570772968	3,4601468331955454
-3,03902948459576	3,5483315915699887
3,637568870405514	4,06565758321481
-4,053844251678336	1,0719839646278921
-3,797302594341026	0,8550524854503139
-3,629259336374819	3,6425536847414435
-0,8967467255409163	4,891282257930771
-3,6860286679477583	4,402288939114299
0,021848744459075364	4,417248068882269
0,5001516630265501	4,035753114408752
-1,0039475257335397	-1,2802566888195046
-3,4092872125567073	5,124138223802563
1,329635498173298	2,5205583404729044
-2,9820404873692268	4,849553205854472
-0,987156731137272	0,10328377716323467
1,35181736635967	2,41985897353001
4,913866350740281	2,96357554846643
-3,4583844697450115	4,035299592100225
-3,780620362799344	4,3385254798938915
-4,246312012165283	2,6953016007233868
-4,1255499567390075	3,435210769194804
-0,5898900283974229	4,10940892551166
-0,6720156575213563	5,260776243672558
-0,652876709775208	-0,5148439734138468
-1,2034055853946672	-0,5555200833123644
-4,233558443681475	2,7179780512718423
0,7971536470860907	2,73129299445602
-3,6136933578143093	0,6422988833635379
-1,476726942742347	5,632454899300793
1,375779278860451	2,885752033181717
1,8899816970143692	3,3695710916405823
5,515549354116537	2,065589812442602
3,5810995945386215	3,7303139784100554
-0,6190298313040483	4,398131351225033
4,631859693596629	2,6652682305932114
-0,7319858177911944	4,596715473980577
2,685116443915594	3,004427235254635
1,4807583042537933	2,9018963964908124
-3,288457217805993	4,598370820243171
1,4928912926803333	3,3145583157453946
-2,4070338062067536	5,579625609471901
-0,5467804476433582	4,679766334090235
3,290794445466076	3,528222963983818
-1,1466815764494895	4,419954233442123
-3,932753909002219	-0,25375145169201696
-0,8452326747582293	0,19207472478647425
3,5433621275777254	3,92645585132291
-3,7063476801838204	3,871229818868311
-1,9622566204694853	-1,40071629830945
-2,1762638252562247	4,567367647618994
-2,2435704522554545	4,694943962861261
-2,231842562960004	-1,123541312471927
-3,667946747386904	3,4069522699705623
4,6891714056791995	2,1583917736572946
3,535488372005857	3,9020187887091264
-3,3401039635689465	4,970189673321855
4,758840806364695	3,129296967725818
0,12254095423887601	4,725649698435845
-0,2605456005694584	4,022323610079079
-3,780085573152102	2,9760073761556343
4,8930515255472455	1,7030561489511122
-0,6788852227224289	4,380680126575919
-3,206061374573358	4,850872572553132
4,883124506942998	2,198112046614983
-3,2180252669610816	3,418745255533684
-1,0288708031884481	5,372496267194301
5,432235453571005	1,9058820985455296
5,131557644269538	1,4973739317360213
-1,696001421061284	4,448993186136713
-3,1970066067792766	3,8801008281524454
4,372932523500457	2,2771580340488824
-0,2542812331143842	4,22568527414222
-3,286636966770662	4,989763083821641
2,276941954090863	3,771479397085763
-3,4896350260297684	0,5962938254371789
4,571880619979626	2,4576795362365456
-3,574994901404348	0,27340332727624916
-0,8235160064647977	3,9776471482506155
1,898763261241717	3,8552608134754274
-0,8659007037848196	-0,1688451620969711
1,7163699467560665	3,4525018770763136
4,614178962537769	2,936206708707159
-2,463983563413324	-0,25197200340729364
-0,2282963930265114	4,263415648281374
-2,5384202982782917	4,441905512847601
2,6146505822238497	3,3545701044466965
-3,9741740199483044	0,21443308033537656
-0,2862062530274887	4,550959412368263
-2,726418031192617	-0,38612218877074556
3,9249476194689423	3,589299049017658
-0,6030729822541943	4,978522571152674
-2,2892841899112706	4,582110369265456
-1,1017749834912565	4,98257627098851
-3,9439433693904133	0,7998268186528891
-0,33432871657296515	3,7048946490043835
5,096493261294006	1,315438803696903
4,653786725404385	3,194029931279669
5,521602468912783	2,116237663255056
-2,925042687765877	-0,8587828576723404
-3,5965687802953816	3,137418904350082
-1,578848063770536	5,443488784001513
-2,122403895386867	-0,8749448046214972
-0,6233986469864952	-0,10559779299819816
-3,0384109244646442	3,7698274542766192
-0,4781861394540674	-0,26489246316741055
1,4629250598180945	2,1987257871473602
-0,6494819518774966	-0,7008993455169523
-0,7482349861888704	4,904470706312583
2,0597754350656396	3,5173054995234656
-2,9521429393934655	4,256600898991859
-1,9317199381130365	-0,4409367350379214
-3,642658236168028	3,5117844027856004
-3,2291820502208965	3,9417311864158067
4,860551605476939	2,5919850811211145
-2,3718214105769126	-1,1033436884942254
-1,4604600902888578	-0,6050788755861647
-3,4669596346199514	3,3663384604771496
-0,3742234326167533	-0,2684315366069614
3,4634693459860064	3,0137259205574694
-0,2185495134030726	5,042019000676031
-0,06292654824987465	3,8637714855223577
1,8522178080465745	2,5267292955173737
-2,8742640820998346	-0,16904503158255557
-3,0726535852592827	-0,24121416410412033
3,3867226997492343	3,0617946797391813
4,284017150880557	3,0537905977087507
3,288321946187186	3,483678449522831
-0,49170584721084354	4,329505866835635
-3,2088188063295835	0,009642997630847083
3,111635824650044	4,187508454450997
3,8181332135454715	3,6934509427341804
4,518086682469072	1,8180866063250523
-0,4721645980071214	3,842807237252837
1,728324354261712	2,5292590315297314
-2,027133551424225	-0,9254455565183122
-0,4473649532491648	4,955227765819792
-0,6098983499863011	4,170042196242928
4,831229558726896	3,339412364189285
3,636182569449703	3,4015698595212314
-3,9300630334507307	4,257256822253082
1,5645595179006155	2,151915707405822
-4,079249193905277	3,15515056081882
-2,4500820182216243	5,110735620132132
5,5283135569972055	1,7922746318335823
-2,962854385018908	-0,23395378490053131
-3,2028900597336314	3,8027506471501664
-0,33219418963033065	5,050243530230043
-3,2337773791876767	4,393118328855108
-0,18870041044154262	0,14163726868959314
-3,5694662371250674	-0,5873713733977592
1,7541256709081532	2,837446109244955
-2,4125809348997356	4,703444211699894
1,8849585569376648	3,7474441349145575
-3,3127165981370634	3,0555742698515194
4,599020791774754	1,683275136033058
1,9305788556795322	2,703655873800868
-0,09540753163982796	4,3001973168595296
-1,840572736203879	-0,8013203543681446
-2,3020963612985264	5,587346489894693
-0,35627610829227296	4,374970408006229
4,7873762912391555	2,966756830775892
-3,4637540767209227	4,62128283531449
-1,7260062406182464	4,904098557660257
-2,4982783684954706	4,294241291026301
2,1931683192302494	3,7298031772399476
1,988215093648467	3,4097409648846897
-0,927880758678355	4,407300136651719
4,277484694157911	2,0605520573103275
4,413524566895953	3,2238929591993086
5,174519455283136	2,686516996971202
2,4754082428388244	3,206864252916695
-1,5512206975014888	-0,3190642413691003
-2,308307996682255	5,018340836726602
-0,726333871853801	4,168166619911808
-1,0960567236350551	4,67910845721963
-1,3214451171295938	5,607324800175258
-3,5494776380026063	-0,10049754517535536
-2,438416474892435	5,535936106527778
-3,664872860854422	3,674164825136256
-2,8600917029109927	-0,3335903612074864
-2,708012257431722	4,306830979162279
-3,184173386058026	4,029229092413354
-4,233844931010113	2,6753549035666264
-2,203805166858088	4,772569496494856
-2,781218528451275	-0,8277767360988579
-0,4497086761387532	-0,5966649570022908
1,656316181006686	2,4547622482512192
-3,5445881160758574	-0,3536262295194357
-2,387267210083134	5,1451334080101
-4,22366747183333	2,8392971596561236
-3,1388734552899704	4,273571405764029
-3,1969585321007483	3,265502759717351
-0,6120204459589393	3,6271677914724694
-0,15674669623001303	4,709874867591893
-2,3725061796105917	-0,6054846175073658
-2,3869305708289685	4,900316558568141
4,279309680134906	3,002527386078211
-4,357440094651254	0,07766359101377429
-3,592797105499801	4,193201023833732
-1,4553554956512769	-1,276402640719875
-1,9014523665772645	5,354279136175767
5,140401830689591	2,9484865866101813
1,0220044856308657	3,133957092152523
-2,287332651502839	-0,9614905630921342
4,513176797322692	2,89931821180337
3,1448117640520774	4,089595306640666
4,673775300097055	2,8726376239980733
3,0758098913416583	3,6515047804014165
1,6775412528188314	2,351363719997119
-0,25174370103789756	-0,6587136243082221
-3,129912509029496	3,617081961725158
-0,4310060231940629	4,98932094061345
-3,2433372289488345	-0,9642907798370464
3,899627889235914	3,5008379701667187
-1,8378323115014275	-1,1051514578891632
4,808739627572628	1,773611037285174
-0,33046728692808425	4,717088564294806
-3,7103911604458526	4,756371822801157
-2,2338380784512846	4,974464037663857
-1,4480079732617006	5,211440006752173
-3,0089561038339423	4,440544882141408
-3,7854997441922116	4,671917089420885
-2,808519384558867	-1,2227061041331235
4,89496004228636	1,9292530266626386
-0,2991514236868904	5,04340436099445
4,341002819638058	3,6509616840498063
-2,1074635418648935	5,256796621243594
-3,0004470122557487	5,366820188887409
-4,215902461989372	3,4882107714359414
4,887693189208772	1,7721828076126294
-1,0765614308772178	-1,0672761914347055
-3,429708161898554	0,7106211984298301
2,084512503910392	2,7389122900329506
3,6021460305909727	2,896892574610133
3,799244062480901	4,049756757672872
-2,56994459106873	-1,413917696271091
-4,1770668922852625	-0,006985988198149218
-1,8368494917355853	-0,9503708424786805
-3,6143121744175146	1,3247333409715802
-1,050415341063893	4,563992738374501
1,5535645699724194	2,4390083602730783
-2,829079060681376	4,045798709292241
-2,857126502016095	-0,18416154907502524
-3,5030920039035	1,1267734230094444
-3,7010815832176416	4,671177192874852
-2,9318588124245313	4,257808246717344
-2,7291606334982275	-0,28974660892923065
-1,654787165205681	-1,4433387598930545
-4,066382699238873	1,1985584188161629
-1,0169352153868072	4,314598253733459
-1,3632643031796492	4,589713353356838
4,776324360778246	2,0434683747135542
-3,626796123526372	3,39005134468126
1,1588088311480707	2,766755958130971
-1,0371814184545176	4,678204133047382
-4,304340018560818	3,2224860695318243
-2,779333261059723	5,481497151339681
-3,11958942492386	3,278571030449776
-3,9154503008324344	3,800780541194916
-0,00882171512794927	4,500113840483549
-3,3474268082164005	0,13568461968484058
-2,337699562660686	4,508166899677621
-2,6976173465151883	4,3276895304493275
-3,642225814047424	2,833556525672113
-0,7275341852405306	4,653032200043031
2,6378558406398636	3,092429697198065
-2,5458605671699877	4,430026203041051
-2,329697798587564	5,198183479407403
-1,3233544319221406	-1,213888877891252
-0,8179552110067918	-0,08515895762023451
-3,3333716221144547	1,2104735110519624
-1,3834729804529704	5,336607491371714
-4,055393911954896	3,7195383773345956
-3,411388836466611	-0,5015440042236217
2,109333624491598	2,6491190822880784
2,9545268102599955	3,8067492977841995
-3,9218937975697292	0,4590302034936464
-0,004826248546566214	3,8913410129293844
-2,5415135061229512	4,6313166300228
0,4531261747376012	4,00936067281599
-3,974267525050445	3,423468388986221
-1,510884924554473	5,565062699953791
-2,033652005101616	4,4962717759365285
-1,103906627288812	4,276001138663094
4,8219095304482	2,7114532252537926
2,956467871273344	2,9973574841069857
-3,4269451991011857	0,6648490087624199
-0,38534908688116665	4,1708139145168905
-3,6910351669648884	3,861716224862458
-0,8942746034512512	4,892790717721643
-0,45002141160924425	5,049915422655572
-1,3733202141720824	4,770227736783541
-0,01159009590450144	3,883329861036756
4,514067007696731	1,4383359408565135
3,820506408747346	3,2403901383624394
-4,130425853271217	3,4947625981311172
-1,8238315195246306	5,5586569699146295
-1,5099379232069055	-0,5774038300777347
-3,649872380772246	3,904528726994683
-0,994936040400511	4,748587524829755
1,7747779380906996	2,7686792246969825
-3,9831743130162547	4,15846382174118
-2,0678588783342624	-0,7092958188393221
3,8024342168152367	3,063105120970299
1,3698314768725022	3,175949422972355
-0,5702805731118106	4,101703407833631
-3,3994096490487875	4,950205463267822
0,3580751589329847	3,8494084283755834
-3,121202505259487	3,746966061408194
4,099511048512461	3,7458356869746714
-3,8514000684684726	4,458836705630712
2,5959465308289156	2,8935623810955358
5,160621994484806	1,573595744793943
1,9483744213994418	2,787868832731495
2,7891255234626273	3,4765904535065744
-1,8603031633152707	-0,37437410846127883
-2,6481067128921914	4,469827863781328
-3,542199686846814	4,618417667262797
4,124285295804753	3,611386015084994
1,4513159713091022	3,112577720486356
-2,2131923026051354	-0,4322665489058446
1,9565261299059542	3,2746872404762066
-0,9826654680974161	-0,4799646091230336
-1,0731328146266141	-0,2542670444586279
5,006183838807704	1,505159695522617
-0,7505983849470246	4,068828139995821
1,3704643053196577	3,1933796312132383
-3,4941627274822404	1,1360287338264243
3,8750001683952466	2,70233316776182
-2,7352416684547975	4,450576872654485
-3,395659342934194	-0,2539221548481285
-4,112557674254072	0,3135930447771924
3,811869806334804	2,861977505500417
-3,4244752775417178	1,3385704218810446
5,122235735894339	2,1766556982536818
-2,164398819230851	5,047530987572497
-0,9609653710212699	4,742950946884286
-3,5692881732362003	-0,5661331002312417
4,569225404116878	1,764966300117469
-0,7121329934803282	4,455673605451348
-3,3185563166719465	3,3734326550895273
-3,501219182727196	0,882166307575672
4,769064443210249	2,8764423143864626
-3,1109559359183643	4,8159699645554745
-0,7283477138159806	4,770560867108177
4,669478484746762	3,3354147358669293
-2,2773714808284873	4,872161109135608
4,235949873031047	2,345710373825062
2,3354681867619798	3,3937951053112805
3,4337726823156824	3,081263507382169
-2,510347969845621	4,274403925903834
-3,6215129315619636	4,230885414068341
-0,34768995915868395	-0,48380619711206974
2,308871704371058	3,700921414630776
-0,17953548381605122	3,9052042428267084
3,5279360268127604	4,037116046618138
-3,181745274730461	3,783693727672424
4,4396430564225176	2,52235810584334
0,9719000449511745	2,717576470859612
-3,6221713515796923	3,37793836719211
4,767795154441618	3,2340492959982017
-3,936196678455212	0,774252781487249
3,821787852370672	3,4964853835313034
-0,1119490434817314	4,713762494371888
-3,7082545329811003	0,9827262273760478
-0,22278323338561123	3,689684439276906
-4,472515681560527	0,4452279909948639
-3,2913015066150804	-0,41247686384641025
-3,140348597359642	0,17653692827686873
-0,4811592493492005	4,856930420295636
-0,9375368520196341	4,545382756191761
-4,237721852954656	2,6418436818884827
-3,072749627450082	-0,5449371942628773
5,342902834350294	1,9191524006695815
-0,785680855900668	4,005250208594029
-3,360671711623274	0,17042927705234023
-1,582339763966762	5,538193512995072
-0,8654126278168932	-0,47195893155683555
-3,602238427964913	3,173013626878281
1,9372816586392028	2,3354123363848487
-3,3214560228934182	3,386960520273276
-3,7399062837572448	3,429071198677069
3,3503016569681865	3,286906333980566
2,830471302848383	3,738618587084264
-2,184852833634554	4,834953708891555
-3,11297968001294	3,762285234707143
-2,874620838437383	4,760309759157553
-4,303537115728481	3,314556279424015
-0,3656729326887016	4,017576762300719
5,1969167644302345	2,9813831272203135
4,2842639796248445	2,5043139134720134
-0,6563990512955891	5,1359969603777005
-3,8774411402249584	0,012568808496777217
1,245200071291378	2,4291029391043715
5,190697225663151	2,338719285872612
-3,175180946213216	4,394693499493251
-1,1720850281771829	-1,1508083140475556
-3,369494171887498	3,2329470762110413
-4,128759086057073	0,8621882430679831
-4,540630001690763	1,1214593223712548
-2,756691020205552	4,431319140053256
-3,377111519385437	1,283124673829544
-3,988229463316111	0,750566989601801
-0,31192259024005997	-0,7474455904931752
-1,7090594540723472	5,615031097048661
0,7875274431884138	2,3870181959827894
4,750381475544448	2,043272720855689
-0,716415783702504	-0,5592501475542349
-0,9927439246824927	-0,32277313009850994
1,1853099626390304	3,146332274182073
4,623556020205312	3,6073375781410197
-0,8694408550125607	4,436039870587031
5,504706558637361	1,2324670508064397
-3,660516514117795	3,2636995351723503
-3,6624080812704065	1,4666088640224095
1,2360162707183695	2,5443640306094153
2,235375473403562	2,6470890531657503
-1,2820377547050494	4,4559286818957595
-3,045586031433456	3,9463946990555305
4,145031714932839	2,7366711465130957
-3,765485824761245	-0,4249698428513655
1,973660868196184	3,869347963320605
-2,570843369388073	4,9461531282525035
3,6342600243983587	3,0538538695592803
-2,0972271702402865	4,9960896874749094
-2,513473842395912	-0,5479429303553618
-0,2975019992680894	4,627547625654743
-1,0186036098411804	-1,0497203036747775
0,23390605136146614	3,8750368931223678
-2,0610272672263554	5,201039597749418
5,082066792339731	2,7633891261026124
-3,226915020987568	4,208262506265234
2,250518560582226	3,744998595938131
-3,929034632955208	3,2697186168756236
3,442712684497416	3,540122812758396
3,4858415448699107	4,041841284908575
-4,190318543294785	1,5771912271225825
-1,416854199422332	4,5075584982515275
1,6647275835193431	2,641688941791266
4,179881286979848	3,1405325091255323
-3,542504544470752	4,926673129583745
3,059973536238414	3,4010645995367383
-0,7886044424517828	5,238788773357648
-3,496164573384286	-0,7129160041186311
-1,2417943001935527	4,98053527173524
-2,651196906678101	-0,7767499367922244
3,8975677675385936	3,5195629237237487
-3,204999784059316	3,3081116472313408
1,3939460532600905	3,11516956419788
-3,4386153511517064	3,9671044249289418
-3,4407384654519246	4,871469930252761
4,3285310969426485	1,5355221559628123
-1,3985064447102484	-0,6947357075789871
-4,301438781679015	3,1758043515757532
-1,1079084117502154	-0,20040649843975755
-3,2338036306425826	-0,32089816237257196
-0,9182622984753375	4,2439018999386
5,414526553342478	2,4206097399386146
-3,843083190037772	4,209984893250281
-3,9491590426040295	4,356497126360194
-1,109904335675251	5,3257546835174585
-3,664928612842745	4,5976730665024865
2,6426548649757713	4,034840364451924
-2,280628430815196	5,082451395128307
-1,7485096999847303	5,100389059734942
-3,529770216198691	1,3379549470338157
-0,6000880883756028	4,406647375391447
-2,653179017364454	5,01849680225868
-3,2524192266777954	3,9573843113374263
-1,3315904772813099	5,277141699460837
2,399953237047919	3,8457865028020155
-1,90320731586581	4,526061955726675
-1,517762849132418	5,0069023605445615
-0,2822510257425659	4,585986966341693
-1,1867284767945567	-1,1641397642919737
-3,1090116287155767	-1,0157300795492257
-2,823247742477948	-0,21900944794587018
-1,720141523764407	5,318906403897639
-2,7263413440388655	4,559021213094794
4,792493737748466	2,102473475125673
-1,5953980856280268	4,609094617722847
-1,1820954317665724	4,34745482377623
-2,857069316425756	4,809544270149748
0,35686541047630027	4,241932248161444
-0,7266855965242134	0,052159002416800826
2,254409675660619	3,967499420877883
-3,338915284265341	1,0467280638486796
-2,6914121387216996	4,348100564523992
-3,0313492848973462	3,925423925987043
5,170765988934549	2,6986312523809053
-4,0260998698730806	0,6762276976586559
2,5027710567374712	3,091784526888503
-3,7074356542366345	2,8299172496181404
4,823253285272011	2,2948496832623677
2,0574601243407056	3,8237922088890506
-2,9398824449210688	5,0734217563685196
4,668089914808343	1,6657815002190801
-1,485439955235417	-0,42917987955389236
1,3591038441326153	2,308582174219672
-0,7377143985908028	-0,295238447844163
-1,974178368279361	-0,9891355811415619
4,23227994809262	3,484008474498809
-0,8891675103813933	5,040050515815629
-0,9457876063035564	0,10872851735317957
-4,4534909143456	1,533422046550156
-0,6465702961981925	4,259412208649623
1,0585952228818818	2,4808411837593844
-2,880707756629083	4,690841200085362
-3,0385742146902963	4,1517797662389615
4,896212940287029	1,5057930471546757
-3,3893833047253126	0,9577835462455854
5,090242646665327	1,4149662710858295
-3,913917328694188	4,232914734985616
-3,6653801592189	3,425569491342934
-3,839185904687132	3,6476833450026365
-0,2094918870290874	-0,13915854390304805
3,412177627419055	3,7722719613655604
-0,972819923798286	0,25803869886763153
-2,775252840608129	5,34883314226695
-3,1626547924493327	0,07669243326619923
-0,8806291447950803	4,453498865854316
4,295185399076624	2,1063605499506997
1,8188147662013943	1,9769906206429257
-0,9096148479203325	-0,32563485550085414
4,5651628446421055	2,685507501959365
-1,9357241295074994	-0,5394730547825157
4,228587554633202	2,4042882512675483
1,9198123248792895	2,3520594683746845
-4,366961499361516	1,0934504828111022
-1,0087936918934184	-1,0739498055744203
1,62611391380388	2,3661582558878265
-3,294322103308713	3,7426375378280077
-0,7934137088425277	4,724963166647612
5,361666413251456	1,954065080618054
-1,1942446433050713	4,439690605194968
3,078736167096354	3,2674349336361406
-0,6485355023564987	-0,45499647519328246
-0,6537382911577889	3,833235736415084
1,395595034926226	2,925572168479165
-2,377616966415289	-0,6652464476433919
-2,1314314512758243	4,669667063826994
4,023247511189229	2,694025581486513
-1,444968597876798	4,571718075781336
3,8913247411796132	3,040397411791975
1,7544780335703394	3,5266807400770848
1,9059513073285177	3,7506455659102045
3,625785682305648	3,3052695403172345
0,13250367778453231	3,787148538245064
-0,424019734298682	4,299869851619945
1,9758864414690003	3,870269628874916
0,11101692369034755	0,010740868019068817
-0,42393081676110667	3,611589221195758
2,6157815285718833	3,897980574163231
3,0669647292982782	3,085363361493851
-2,5369869588371237	4,276017289298087
4,759955217578061	2,353792002577504
-0,4797742276325798	4,328132063300147
-2,7938205059285712	4,311594056002865
2,0902517741641127	3,0597735796849643
3,7650040796339104	2,8638376858070274
-3,952186022032654	3,931653417761108
2,7350789088409573	4,05819693681628
-3,4886220704505986	0,6862228766951937
1,791603015307686	2,9942227748688337
-3,25061472909023	3,3974190745293136
-3,3950874958125756	-0,08997160583187225
-3,094543213207939	-1,303388817473078
-3,6666469915163824	3,0099093746585397
-3,5650269602177227	1,233085462554822
-2,246455749500416	-0,6053487557140831
4,771721162351191	2,029425280234437
-1,0375286733982385	4,92397983629537
3,41627786869719	3,570090980819742
-4,006676261210888	0,7927197345564705
-3,4954317757795064	4,070742564973923
-0,4107434666952712	3,890593671638796
1,7729888890900933	3,2590982837747986
2,0268412564223466	2,4791145895968767
-3,3327270158057707	3,8911473274503305
-3,168225881023074	3,2974527086425054
-3,0596701260669983	0,03552066101466167
-1,388071464525997	5,186024428865622
-2,885220176556365	4,024443349618716
-0,02449128200912276	4,401883904360535
-2,711639577096253	-0,7912719238165544
-2,9697940956773894	4,061054564867969
-2,6124885780778326	4,622266413116914
-1,5383227168032714	4,785047025836105
4,57747799192447	2,6650774903605536
0,40068897973338546	4,0529496195113435
-1,9334620662183795	-1,0573984160257592
0,8200598724234451	2,5096643315672313
-3,073354401130162	4,974803613284866
-2,4987889481508816	4,9966443552009965
-1,3907672021173978	5,31441198525737
-0,3872555946761109	4,228153367724639
-0,26593436968127526	4,789179270878307
-4,2377270714110296	2,9394591225380244
-3,08676513961871	3,255002505145465
2,5048055703558108	4,13066995337729
-1,932617157672064	5,064670153148285
-1,3530127862383814	5,39250159928323
5,031844122738021	1,4407386613203528
-1,125696313676764	-0,2486361246143134
-3,340529264828775	3,3883404609051566
-0,6586363717198647	4,163810719838185
-4,169418589076894	3,715065128095076
-3,92793572002424	3,9599755488530666
3,3486351496544318	3,741276973255883
-3,7692113702843058	3,7356490949540975
-1,7948602274677659	5,145712506637133
-3,2431331095144675	2,9496909104246307
-3,291499447719622	-0,09548277753585976
0,1031810393228565	3,6351490508817044
-1,0074557230983636	4,819180713231189
0,016656725176877885	-0,3201780348195613
-3,582397750286918	-0,4602027208323918
1,1791516954700412	2,4516498584064177
-3,179528044446241	4,764366589723695
2,553602190912141	4,122431168910715
-0,7179067369364429	5,105416302782921
4,399862316771236	2,976260592660289
-1,1485541221548514	4,248371425277234
4,496409367022479	1,8901792905182169
3,2090673940315315	3,261372162814774
-3,916466920223211	3,862314258972454
4,163811150502602	3,757681173330354
1,5849741214650448	3,046677491350141
4,426344554817325	2,588818290249863
-0,9982037533179047	-0,03583196755003115
-3,916469830620561	3,3442789703627254
-0,15397248543320852	3,955537172187907
-3,8951461794346427	3,496539505353512
3,2408948300460656	3,5905944962265206
1,7117477010839408	2,1278598917865743
4,671406415918752	1,6871809948433445
-3,3707249836763555	-0,13790418330149778
0,08333838935305149	0,01403427759701592
0,9532381368180314	2,624269590720205
-3,8527557387670788	3,116517363826043
4,528449941693939	2,2419775273473164
-2,7103975297237852	-0,9149234755240936
2,0079157433544133	3,4851706891746823
-3,1230283504818868	-0,44231211698013895
-2,866137116534894	-0,3763686378016122
-4,080776804859401	2,961386287961209
4,331668710332479	2,316598251305406
-0,46178253497800537	4,756954222280977
3,867313410202067	2,9259979248670582
-2,084140269985842	4,413986864426554
-0,9397479514271267	0,008380747024309687
-3,7227905050836725	-0,5508833369305504
-3,3555706308487907	-0,482202098173121
3,7992685059469498	3,2814031518290303
1,1677582345713995	2,852363711893574
-3,389006914580201	4,744073426698177
3,211510425129547	3,6016465270089895
-0,9149817596593088	0,10594992924089741
-2,6188520421634083	4,9093124151527165
-3,926886660519081	2,876802459556969
-2,1821459931675533	4,9843423133736815
1,4603414066857705	2,741244855390838
-1,3333935542441113	5,285516178208638
2,255327291407541	3,110279927959627
-3,404875098678712	2,832468528791059
-1,8583076363233217	-0,8508826491901114
4,142893994145235	3,362087304570441
2,5369684268130226	3,6840961832997317
-1,5721054962749612	-0,5263580911185384
2,8332922137631575	2,9787226174127373
-4,297262584659937	3,2723371862977295
5,238103106938414	2,833494450651192
-0,7495002091440457	0,02033405812421063
-1,001477825244247	-0,3002085438255673
-0,16259236625030615	4,454408438889271
4,416375197776038	3,6253696552302284
-3,854256316587456	3,468780297715133
2,9763554640259198	3,0486751350804187
-3,01888180909484	5,240696259327298
-3,7215040026401667	3,363162782518884
-0,3512812906451548	3,905721727756413
-0,35781852782404466	3,8391160259631527
-2,345190014242701	5,417302585154776
-2,5869112513070776	4,905483308297333
-0,7781389063351085	-0,3940136393661553
5,371212009805552	2,332481724577646
4,337695249997041	2,1555864263214763
-4,148868075641484	0,8926615256403482
5,342875486361099	2,561346569971824
-2,819660306568306	4,301413834905459
-3,670938325502128	0,7649384623427027
-3,08760074889366	3,1405648656627325
-1,852983994304962	5,586408351480708
-4,090553728060571	-0,33360063911124627
-0,33254427475773674	3,554728277502283
3,4451623238262195	2,9741936495221353
-1,6609137339030413	5,392932159315132
4,594873517015547	1,5116034028545957
1,6342536142505226	2,498973505727114
4,310197227811214	1,5946086861432467
-3,9357498034494505	4,293744592714036
-0,8784375350083449	0,36034545949347874
-3,813782569731377	0,7319887640530526
0,33295233732247786	3,756867020976623
-0,13424077630014386	0,03432423864722267
-0,8747791294653451	-1,0412825215320018
-3,512289648217833	3,8754999218181414
4,944811063871752	2,4321095052188406
-4,007325168640888	2,918273252495917
-1,879944063416283	5,123138295376941
-0,5890825295952491	4,838333611865267
-3,5287009194760346	4,244421489530961
0,0856422904103642	3,7657890420350073
-3,3144454476339273	5,0258578512079115
2,7109353874042244	3,233404125561296
-0,5624976256929597	4,142895450274561
3,6477756698810913	3,2789631393250427
-3,0586898463423013	0,022196019164344327
-3,0325663536964758	5,17627156450874
-3,194422355586621	-0,8844525499830811
5,223479370293774	1,5832175983840098
-3,5390721785509065	0,6723882905058614
-4,07623972399833	3,4352574115216084
-0,7209821128311915	3,88611942351612
-1,781514989195228	5,65604276504479
-1,7839530783975068	5,674247976999462
-4,280754949215119	0,09047342022381877
-1,2166897106421375	5,464342662961944
-3,5066093721319422	0,6661865840098502
-3,392926511604986	4,1128384890215886
3,208755334782872	3,5969015249693452
1,8832100942041539	3,88303291170989
-3,4027679590618582	-0,799947722156028
-2,8042364768059755	4,233794932654551
-2,1204099023356626	4,51143407099085
-3,260158608503349	-0,23674466500211144
5,059191765804948	2,380447746176686
-2,9249292661191317	4,074939299228213
-0,0732033690751861	4,2289198319161505
-4,223671467899149	3,7574465634427785
-3,660458769812939	4,854048811541276
-3,4138528733275306	4,225274144937313
-2,8005808235197365	5,262124152034737
1,6977854913683847	2,054106777982975
-0,45810433795689187	5,244184195745379
2,2033763669891564	2,853949136553324
-3,6370922890359605	4,4251545164658825
4,934425814164963	1,6603791300333097
-0,5052988689359301	3,8218710963543914
-3,469716214046562	4,0453027822893
2,762360429029014	2,9923682527752606
-4,376917970830608	1,159202442585769
3,723424307831663	2,8537029451840583
-3,8683569159684725	1,4361605250590679
-1,1226334572907217	-0,7386321680241881
-3,189329788771211	3,9369814120516615
-1,7339164833736418	-0,25776632856360115
5,1343962215509436	1,899588885962688
-1,1415596890215118	6,767843572290333
0,18476140555483656	4,265946108442234
-3,5826340275210535	-0,6392957892089917
1,8193632473568195	3,5242657739332923
-4,0527029633573965	0,30578535795666806
-3,478636476797805	4,129626145998671
1,5498980242103648	3,1871262198930843
-1,3227379758859736	-0,15196954720827804
4,369241815784932	3,286285509452245
4,87726992347703	2,718686001107549
-3,8677485224346295	4,397480766445635
-2,0667594086622763	5,1799371290446885
-3,323141713759215	3,383578479654882
4,417869613333924	3,0494064215950463
-1,3468995878916064	-0,6115411179057926
-3,6399281327622024	3,982693720820533
-3,236010983989054	4,927334054419544
4,470294696001691	2,4212806316693323
-0,3512516560176775	4,275445773884337
-0,6721079331376145	4,896054807024694
-1,8583548608868634	5,295862514569865
-2,598053464748249	4,5253592961266005
-3,4800056729747917	4,6819463691277265
3,412575913026467	3,072868863737991
-3,7117653735869656	0,2832824880973128
-2,629381730535581	-0,49897463805684317
-2,234614504028764	-1,3838790402085746
-2,8428255770708866	5,198187430709253
4,209087982021466	2,578653271568486
-2,5127864927521006	-0,3257834838747238
-3,5333462383060303	1,2459419694060945
1,575688937852214	3,0295036698073012
5,1251308107793685	2,9241950362298628
-1,0734029852938367	0,044005600632538
-3,464419822505156	0,31721593925122205
-3,1981455279028363	4,923114579207137
-0,6850815731608972	3,8046410507825885
-3,440910378431443	2,987136318816213
-3,487438573646479	3,106972543790186
-3,260284877661848	3,1225949742356707
-0,8381589816921957	5,409403046672406
-3,1513248645842413	-0,24556102966748816
-2,408190674744618	5,05016969821952
4,79276653484183	1,9936435299339
-2,900412466138998	-1,0904168303247244
0,4452160426285696	3,9410660979247525
-2,33019060611204	-0,42156736316014
-2,790411772498818	4,268221937985559
-4,079609687944144	0,6235193986679429
-1,2968897666194965	-1,3541276252365613
-2,7653964906108284	5,2949197122543925
4,2275409443589185	3,6450394857258526
-3,522913085525747	-0,20903719479724736
-0,6079436181175286	4,543475677351133
1,8313557789274197	3,190808428542456
4,544100114036124	2,5453978461991396
0,5569737968077619	3,767859294113424
-4,033080801357613	0,20943996081965943
-2,9890577076632545	4,893813300032155
1,457948259197007	2,7032438558713254
-3,196271982800365	3,3093284493358692
-0,7176660508603705	-0,5688960226963058
-3,533913360772023	3,752935736311495
-0,6681655202599506	4,363224900660977
-0,3576762948373635	-0,26391607905003434
-1,1136378818292834	-0,5850244587916889
3,45702750026693	3,7994616915932506
-3,1283610780184787	3,8070005916505427
-1,4469804134164632	4,619450755886731
3,3984423261473795	4,1542112837503185
-3,163416791825486	5,031164454546804
-1,560823202452577	-1,218973263492746
-2,448840285169778	-0,8222171016135564
-3,8451999877056635	0,9942333091977689
1,537971734853094	2,5907277591254543
-0,37142104333370485	4,225333598211799
-0,5827376839657967	4,50254368544491
-1,0686708230121582	5,071418437462663
2,8449687318371524	3,715701102774593
-0,6991858393232211	0,18080231746088404
1,3614421219701034	2,2947101570169015
-2,8783325094204653	4,171926535939386
-2,505745320666381	-0,2888765545597223
3,7272138463628544	2,806514989757466
2,6035659290338584	3,582963498162253
-4,155660356930566	2,9799276132727663
5,157710486309663	1,8667378539342503
4,64160981700139	3,418224317213329
-0,569335150016455	4,284708348985888
-3,0503787304989274	4,700016539686475
4,739876398750662	3,011074168958203
-0,7898863848234547	3,882123768854467
-2,461780956923281	-1,2620778816514364
-1,4105069053423336	4,36196460215381
-3,8092685615199935	2,9453953526271
-1,3840193614172278	4,39481315005553
2,5152092230856296	3,93870753793809
-3,6938005299233243	4,11935953176315
4,480433383971825	2,484823217288492
-0,5141989521933943	4,827521206441778
0,011309691835141411	3,9049797950628213
-2,7480674669686396	5,032788410090961
-0,5755353909271266	4,8838686945738745
1,5856070519757488	2,479626574645914
5,481487817276651	1,9922463475830872
-0,3902469862628106	-0,3034224106177945
-1,33380254344118	-0,331879099878829
-2,2645855059991353	5,012025157979279
3,928331718435807	2,9384720591374887
2,49624068732106	2,995986659423896
-3,6680322218579686	2,780417771213488
-3,7077507740625326	3,5300648921377085
-3,4121751324553444	-0,28217611299278644
2,558915805775648	4,072638883926469
-3,9458259892234806	-0,44604488944131293
-3,8947151304130507	0,016277384428779906
-0,2857319513312573	4,182016605332995
-2,8985241316525086	5,120479460821315
-3,415162123819934	0,5165288323538088
4,613788433336444	2,9973953331091403
1,3516608812299677	3,528942144453856
1,7025252689372739	2,2349093126469293
-3,475426893902907	0,7428073377144648
4,673473287172461	3,29199375952182
-2,4354811306789035	-0,4839574928491652
-3,1613647553023396	-0,7041317864138601
0,5467815389935822	3,8226501836744182
4,915941799298285	1,606833818114052
-3,8721182848355085	4,555838107381568
-2,5529224887070567	4,491246460639771
1,6866618559780142	3,4227750957203735
-3,5699970696463104	3,8014731939941084
-1,2286103567760511	4,515972961403209
-1,1694530166897743	4,664119888303573
1,835292852054926	3,5057521087522177
-3,688798167164177	3,601880815025531
-1,5609768532747232	4,84542500948329
5,147022082420151	2,120756540415596
-1,1237571426800326	4,73595733504024
-0,7812019353627675	4,107644832778904
-3,074738960625406	4,242662054948816
2,1254616586302824	3,5351769434125067
2,798504609566372	3,093925879637151
-1,4777991595668212	-1,3124029864665854
-2,3521051046665593	5,098485750643151
-0,6147061983378046	4,269536437064087
3,9947211509114724	3,8638989634643646
2,9827551720880314	4,056055580446618
-1,2309003777983105	-0,2663319875545491
-2,5981674151574587	-1,1269780027342402
-0,02187560648735465	4,831751551524762
3,8814481324290133	3,916117755570665
-1,6751665997703613	5,442036908649875
-1,604133895930525	4,732812879296077
-0,3588443438808375	5,136562145540137
-1,6597129988982902	-0,8044239996187597
5,407798096507745	2,5155683889715865
-2,295387816593852	4,655997890838214
5,538060771892248	1,5936244080233206
-0,7449274690044547	3,965500025144883
-2,3087032084885357	-0,46508699792312713
-3,6625258223118418	1,4426028239718747
-3,348477163946972	4,7877408232015926
2,71257463489253	3,4288720454394275
-3,34451084063752	-1,2038604758696168
4,528084789784944	2,542509387286161
-4,149927094843411	2,9601444263007126
-2,377875222149764	-1,2931544163988127
4,589944641025049	2,8182972027346294
2,1203146511745685	3,4055868222991554
-3,4221940617979723	4,157830417196493
-0,4262488438735399	5,158039078069145
-0,399716643233581	4,4318988321188915
-1,6613189503713057	4,634136074770328
-2,6450374988528482	4,881313278018972
-4,016311322135875	4,127429373165334
-0,5278464485250589	3,952411451340208
2,6649485780991977	3,0193569896254373
4,002336680924275	2,922564347959592
-3,871621170285507	2,795300334833509
-4,316151906419259	3,3566982693861935
-4,099641734415746	3,6177762204283477
4,743285487355146	2,185048328620105
-2,4282045588376713	-1,282565751053173
-1,0114231805520089	4,860025043211715
2,8959538447438384	4,16556172948591
-0,4135736774618839	-0,2005505596592001
-1,0180816972800766	4,4473597419360615
4,185463034160689	3,7252061321475436
1,5707121740917147	2,625062115918419
-3,6226112740856062	3,0593055698097755
2,813113080059949	3,9713803334494604
4,725608413917239	1,5898013696906599
-2,978041615925185	-0,5790142603777335
4,935438865921632	2,700781253612268
1,8130233653146752	2,9583825024236923
-0,25011696535470884	3,5930721926060136
-0,9000943104073442	-0,9229784631708142
-1,7167794656539135	-0,5416521034937833
3,9388492147087533	3,4892977476734854
-0,3958400809068894	-0,6396694723311784
4,495112134342605	2,6065816981677883
-1,6050048658795348	5,595474063909346
-0,35630096327322036	4,113013454980521
-2,8896668305401474	5,134155859400202
5,350638723690668	1,6385897381641543
-0,626863357996867	4,4213933579801
-2,9286621674849593	5,112010411253698
-1,8322593362009796	5,067946834954007
-2,6086202408909562	4,630673619946039
4,4248729249749434	2,861475894895926
1,271227430651191	2,2446156078557804
-2,2266886346999892	5,3126963445049125
1,8671786121603176	3,6850578412816293
2,599965180925708	4,15825592172686
-3,5881828113323833	0,4477853825342694
1,674608713656763	2,824702885720263
-2,312850661514514	-1,2551026775212941
-1,6800943920994227	5,356682468771272
0,32298748485231	3,7367228119594826
4,831587690503971	2,9838999056634687
-1,7560267415475757	5,278732075618863
4,903596273853356	2,8654586932467496
-3,3751889901952055	1,3236579605580931
-3,5268075304152315	3,7390993974371267
-3,4509970081280095	2,8548746629770223
-1,3527412838178114	4,496996253254629
2,859503245542755	3,4157575157229996
-1,607262973606434	-0,6908410860227618
-1,5731461396159871	5,160589477809122
-2,7539750827226928	4,5073172961058035
-1,4234705077129892	5,420868135533237
-0,952955307596475	0,19365624209017063
1,6435697978667303	3,4117855036238574
2,517062383400755	3,845994279199915
-4,082649590680173	4,0586369693372335
-3,284837943016087	3,3999352890866086
2,028767581724777	3,4801239579026957
3,473044361363051	3,137061600430851
3,607097630065196	4,1227027157334115
-4,275956706229535	3,1006209093765325
2,938395981841886	2,9538568504234357
-0,3770929370668681	5,112437389163849
-1,1093044303181914	4,656728297801739
1,5635997342894257	2,6242394079875853
4,883080465583468	1,3402196167674965
4,6194704308934735	2,3223582489237353
-1,2873894720936858	5,3679811766913
-0,24577940393212439	0,15658326148683688
1,2793151352889793	2,1491597283182675
-3,4436935632744166	-0,4185943478765408
-3,3797757014436236	3,5400610846132547
-3,845771408987911	0,5878977450261641
-3,4752252800572476	3,3389108663755764
-1,399638870932423	-0,23424214544068067
3,9116708274592944	2,913116655182697
-1,0468108705809611	-0,2288985158380321
-3,1409932203283004	3,4021833457966095
4,891090340474558	3,0715027293510997
-1,0823145666967746	4,691440396263443
-0,6430651878623406	4,999000517781591
-2,743858089524994	4,830897600503041
-2,824953420534195	-0,8740809928749729
-3,6033952361503494	3,4606956599339194
4,47418027556091	1,6849237650734095
-0,6248279645030852	4,419830767735602
-2,899876082003595	-1,2649898123672236
-0,0963841520928801	4,372959102149005
2,3199537183988026	3,3703584982342134
-0,20867319871165768	4,9358693332925645
-3,6780233026640783	-0,552664347253838
2,2021589773008095	2,8174083807123926
2,128167278113593	3,8128341392812244
3,907089441957491	3,721588092952364
-3,5708160159822313	0,8920959963612042
2,9615022047578337	3,947754384061062
-3,4002056270697874	3,8807121359917702
-3,5711658272929254	0,9982921572428061
4,0246081090801855	3,321705830320483
2,0614500038978503	2,6421810260526253
-3,5132588667222597	-0,4781175303509615
-0,9775641323886841	0,29398870020853674
-1,9294207229859546	-1,5170290172760477
-1,2524891229809672	-0,4955525726466399
4,719381720883542	1,416318572609246
-3,895160403609135	2,8431500301027386
-1,3700477770821187	-0,6586384868850499
-4,394178034144219	0,3626739082453231
-1,2812548545005153	4,346555323446168
-0,6689949260118446	3,845067129115078
-0,26373902743697686	3,6949460945234396
0,16389148616205418	3,8930085904893135
-0,4356997135722287	0,09127573649660392
1,2711402210647025	3,3743843189792964
-0,4217493491843869	3,696126359191676
-3,231278286336286	-1,057753315912544
-3,0749072973355904	-0,36815071060543536
4,528600308830432	2,780256026582162
1,6121500307487224	2,5641068442083936
-1,5169493793430444	-1,0497841850343246
-4,089074477210586	-0,5075481231779482
-4,014361836512787	2,934591905002006
1,8515739646691256	2,394199791057777
-0,44873345428779143	4,019331877169607
-2,3630888369256513	5,520716464395679
-2,198888288531887	-1,3647683205011636
1,784036214240281	2,174341123505191
-2,725021905524966	5,387845789391545
-3,6032359094875432	4,738312390593206
-2,7770703362112865	-0,12922081040010824
4,576016011911584	3,052230628487498
4,097760223073829	2,8837998459037424
-1,9334259105152312	4,598913376497382
-3,4541254586665495	3,511198270615992
3,591737564919326	3,864410971841227
4,089056083033197	2,4333537582159335
-0,740152401509663	-0,36010707618727955
-3,707631416379563	1,5188865350892282
-1,1068198694723352	5,1916109940801025
2,2880591726314625	3,051878522462167
-0,6587842843223326	3,991068737961763
-3,7538945062834372	0,009681856297292235
-4,268806564721061	0,045104169172226705
0,7463426328712166	2,4564750093365197
1,8364061017856097	3,0646462275603414
1,0306826820078028	2,4889577179393583
-1,7207745467675661	-0,7735567143421482
-1,4800925359924189	4,492045257253967
-0,3296483618857231	4,538423776571859
-0,9079778720164631	4,394544658960865
-1,072656022518677	4,757245188674684
1,723174197577848	2,5872479454592634
5,048796882494488	1,9461278229125627
-1,1221884592589764	4,7114882040027535
-0,526901185639143	-0,870038049463123
-3,6350718626168805	4,165159555118355
-0,01659609612102675	3,8364235640005466
-0,23729560122810844	-0,08564530779219504
-2,9094840512980493	4,719592342962759
2,9809514084808693	3,959322274018045
5,100352083497834	3,058904651713075
2,2099416610742044	2,699391958449098
1,5510540655763996	3,0943580796618124
1,5378211347966595	2,4915525829195104
-4,115122883135458	3,2351073500975476
-1,4895413056622964	4,688595611975606
0,4646572476823263	3,8091069243526143
-3,144022766063107	-0,06889670095339073
-2,828111197656087	4,6387721306836465
-4,049940870664972	3,7810602035011835
3,317979342430727	3,989426657978886
-0,04907669100138956	4,867103652327848
-3,2809655586920163	3,8907496689010945
-4,150375058255787	3,0322049218455076
-3,375505368117393	3,7021607229996363
-3,7930864649166356	0,5576867685621382
-1,1061686164810949	5,09978474612147
-3,2847316594605322	3,3712292140344364
1,7341796142119044	2,7075697868095867
-3,7535874176925628	4,5300330217692135
-1,6629823257601886	4,7008318542500085
-1,4856735074264553	4,435941705042086
4,2668017168656736	2,9647103014647893
-4,265391678183222	3,6327809066632284
4,435965323642256	3,387534009633836
-3,951916265973187	1,508635156672825
-0,665630805600004	3,7681910203400486
-0,7274308535998439	4,802272224785703
-3,4798807140650405	1,345093605577213
-0,8331017939892345	4,373878851576334
-3,9829307414992243	2,8761003238116714
2,4834558210021487	4,010624322234857
-1,0574632401247446	4,568620260006462
0,9973959859780477	3,0297400697035872
-1,466803688517592	-1,351457030030926
5,135730970153846	1,5485186617626936
-3,2305166495840005	4,4005086625754295
-0,9006567079467812	4,063520663790106
1,1030932144843852	2,6931859252426005
-1,8474859224500313	5,123028582343998
5,442289752624328	1,4873676231721573
-1,321534298402983	4,326572969483504
-1,4997405601319849	4,845431368647843
-0,42370440017086786	4,282360943303701
5,224386760947347	2,6277639805455597
-3,9264421058142176	0,9560306161375991
3,075238383860958	3,0510584029013854
-1,2731605003392636	-1,1438886666519323
-3,3697506093945355	1,1316039296689335
-3,6325476102408256	1,4789154799392608
-0,9854015906053001	4,733703213236252
-3,5264492205260023	3,1825589328208728
1,4425263852169168	2,7716061449484983
2,9487865842629937	3,1885686432257208
-0,5502546647220552	-0,7866851854646257
-3,5290530943809415	-0,2785279220535706
-2,931885396475744	5,286108976025631
-0,5882198916523109	4,810579205335764
0,8305865454209433	2,496463030484741
-0,49740171261594934	4,905044624288225
5,018830223030245	2,3703253091855307
-3,881401080291858	3,7695215340766604
4,128536629875971	3,3857977053529793
-1,9543971954699901	5,184907483646699
2,037280746977742	2,809368330667405
-1,9127373868244446	5,05506841650708
-2,5512935053332724	5,132529178376254
-1,9807546177443995	5,215052542634131
-2,7829784663591424	-0,6887404306957268
-4,215866939814642	1,642084278428194
-3,3418517571667903	4,084763580735698
2,1449949543901856	3,959950207208367
-3,949523931741581	4,442155870407216
-0,3160972387374903	4,464989754736917
4,7861622775404475	1,7491185942937344
-3,451408237676005	3,151025694273262
4,0524577005203	3,1480314695994105
1,091758944365967	2,341127005615137
-2,4048210469281157	4,439149360332651
-2,4258493534899133	5,265856671585956
-2,9867955194890268	4,423546102720191
-3,2371316197043076	2,9474724439234383
-3,80410481796802	3,893245061349325
-2,8166513295458517	4,811946615792188
1,8940753105661479	2,288716777359526
-3,6276037168883577	4,783764795721189
-3,708963259586612	0,8852135804978256
-3,514877275945595	-0,68661051758432
-2,813961465176152	4,130399614926925
-3,688024701445842	-0,21414483162226028
-3,4951240248342152	2,8617270217482305
1,6574380052861437	2,9459926975731543
-3,5314094345502522	4,613757262016295
-2,660537419981282	-1,1117504087991978
-2,748127880944451	4,29460849810031
-1,0008249772084135	5,092515779025512
-4,126717197999437	1,523271678364884
-1,0521586062920678	4,928594543124114
2,7290026749042737	3,157364776437972
-0,7815047524991474	4,677223860889379
4,299762263940161	3,033681663250691
2,127593377546078	3,070006514233425
-4,085898061313337	3,555681156619646
-1,8248511036599373	4,921880075117375
-0,2787452440740914	4,34188467569503
4,446890989738825	1,592968028319994
-3,171951952084672	-0,527256467003336
-3,0856489085072623	4,842342645227616
4,196898522631489	2,578627894036938
-3,252112136084393	0,3380725158581124
-0,88558740322861	4,707931040956558
1,0444538178076739	2,309938155492862
-3,2886299067456175	0,5391289279529917
-2,233086585674867	4,48747347274432
-0,9313798020781293	4,141081477375893
-0,22461165038796183	0,011043448033787762
-4,388258123957822	0,4108784805337544
4,8565953518554315	3,321484532209046
-2,2385284813776396	4,5289488884999445
4,374406186347047	3,4829549483759794
-3,4040576837330634	3,577731565367847
-0,029132427596404664	3,6453716242552794
4,469720132622217	1,996825782145617
2,2130800524120335	3,2069154502968695
1,4756486263593191	2,4592342374254073
-0,4066442739059901	4,304572072732012
-1,9006518638724232	-0,5300101327343638
-2,800146061834184	5,173707723141041
1,8459515440930705	2,5922705507978128
-0,42645784968717426	4,041441897264959
4,689479934280659	3,563304019554993
4,01103805753489	2,6989764526905304
3,705902243482275	4,0580575895914
-3,4718867290289737	4,0858825910019
3,335749167032976	4,114109401637085
-0,6465942028732041	3,7887730780466016
3,8844767543962924	2,78293527493633
-3,887090771118104	3,931306390896632
-3,696681322592143	3,993446405805458
0,019949375947480252	4,326009428868175
5,354583793923519	2,4878295375631185
-3,701864582879955	3,4849177062520433
-3,2831531339791598	3,2518315363086905
5,353505072371185	2,5578835623791223
2,8405981258376696	2,9634222517653694
-4,182817410336522	-0,22829097019315814
-1,7577325922553517	-0,7738334402883709
-0,6412646781749447	3,6570900201427046
-3,6866910962553145	3,001426351873762
-1,5460555845722976	-0,3756162299471757
-1,038619575165803	4,206410518239156
5,432949926003056	1,9230988197167087
3,1491059947633673	3,899287843904452
-0,3549660768049898	3,881752829595471
-3,919876240699894	1,6565725788278916
-4,3087635764776255	0,6914712349493595
-3,2638727947973347	3,346056847704027
1,666275978814639	2,493098844750926
1,263629779852471	2,9065225655258233
-1,1349133961257547	-0,6040604072680424
-3,3631968802466057	0,1820373073724907
3,1043876426635113	3,09502678737332
-4,2093465851716285	3,1908930965291677
1,7634059258276895	3,6723282322967457
4,185246134480986	2,3713851737969196
3,981682655041292	3,1633039723179097
-0,9123920783079092	4,758612770197613
3,167590047321208	3,208151540693854
-2,1143754857609163	5,095003727866492
2,2163493562793186	2,8241984516061542
-0,15012712206146994	4,550408481180611
2,174648276589113	3,2404880231649376
-3,2691687533048484	-0,5269092836130567
-1,9619850514229233	-0,6913688454721925
1,29527819308647	2,9129762843778764
-2,067841113788276	5,396833334540963
0,7628658267805069	2,217373190216776
-0,9688983290726427	-0,387457036303575
-0,6087199212508534	-0,5735610076666804
-3,8747321739878915	4,021254801788038
-2,8849924335189834	-0,7167277538317027
-0,6164067093023315	3,937924738151928
-3,93121104535005	4,424394481445067
-3,574100703307917	0,6329616159537041
3,0333062507120574	3,1022725882874314
-2,4064360912221145	4,310531030728215
-3,03872100736345	-0,8368946593006548
-4,200518458333551	2,893087712751443
-1,261300047880027	5,200769641423979
-0,5865412621012616	4,955216666246233
4,399599475143355	1,8647614475290615
-3,493267514854292	5,03546184240982
4,7831794470931825	1,9130670850186975
-0,4782636637698745	3,9833973947465506
0,045022559477164714	4,543571142369258
-2,517478033713231	5,114986687670194
-3,9922921008532333	4,427299975225895
-2,864798265643813	-1,1554691641831
-0,18904186635952547	0,06011943003264386
-2,437622059691593	-1,4136673825395523
-2,787592985334218	-0,2039921527108206
4,678706638543316	1,4154312801465583
2,6610163668547315	3,392006920714436
-1,8134346995009913	5,062144942843907
-3,988804001040144	3,164007965504351
4,021383080189786	3,3364893740135324
-3,2984410788307024	3,798384492867802
-2,6226642732364756	-1,4817702238193164
-2,8713370485033813	3,909483700841273
-1,2221842434003516	4,379265624557716
-3,3818475206521	1,3415963933894255
-0,6284124669638522	3,994966378412191
-3,723780102453148	0,4375113741562783
0,20684564157711338	3,873272155086149
2,6674465983715363	3,357562716716643
3,7561031250266814	3,0605322980364567
1,6518596106751158	2,0097989416276403
-0,6428085262535992	0,21149225491801127
-1,0769437362753953	-0,6596530281425907
-1,1513489629261842	-0,420916509127917
-0,5260372781176881	3,677373651447067
-3,9524172360718786	0,8057927223747182
-2,5432752156709064	4,859846960047808
4,844175075937973	2,6791951731218084
4,5032829295448105	2,1577216138912645
4,4079249132255125	1,6563377824921863
-0,37426949913715046	4,896922809422724
5,440176814377249	2,2279813525005907
4,3084218410592525	3,521340590149942
-4,293702419235231	0,457121219731526
-4,353029379888746	1,8352428914508299
0,24366515271233635	4,005625193739817
4,734531706571326	2,181016180408492
-2,4106059725974047	5,465014227400834
-0,43941966448521774	4,823451324279473
-1,8649963753497032	4,593713540379243
3,215319419188716	3,4751653609055384
1,5346672309871723	2,6169624872927537
-3,36696046130725	3,8486355360096116
-0,15566206468229815	4,039487363513787
-4,2796734785764015	2,946943975396206
-3,0103006718044147	3,707953760560663
-2,8633933429018033	-0,07858927118571035
3,8477159319439136	2,8826084052756267
5,241285737087285	1,6974314061572615
2,8516289731071565	3,5444156328016545
-2,4767136561517455	4,900595233959855
-1,640415198180309	5,119503483975426
-3,4199781246257044	0,22715173264726807
-0,32954502799863983	4,579505061265959
-2,819763646423217	-0,9125765758699669
-4,031707226758742	3,1207776653678865
0,9961711264158115	3,0697858881989006
-3,939196993397718	0,7424601640049268
-2,4417085297602283	-0,37847280903842595
-0,4736792825517666	3,6287373985244695
2,7683875708535703	3,608781556700974
-1,37214577972158	4,488319323416931
2,543832474523372	3,093294688475979
-3,5492819170450893	4,364935095823359
-0,5575216044798239	3,5737198877167677
-3,146610491913407	4,151246398374034
2,6172674349979004	4,135220887723691
3,4571033482271307	3,7168009992615825
-4,129115294396093	3,7960828206072375
-3,7177489765876452	1,3630576165567363
3,446917120981784	3,3153659197524803
-1,2580795165945993	5,189906766313606
-4,164652853016313	3,127600410761755
2,2928241663585993	4,050554076554776
1,8405305258189804	3,725307624668549
-4,222302771219384	1,5118821763335046
4,256900967375404	2,803530639413144
2,9853071398761073	3,3424770215605086
1,2204025714294824	2,378696478224378
-3,033013317635757	-0,9233080892628454
-2,810188616840336	-0,42263871730895364
1,9750675679589056	2,4510071387030457
3,341513058721072	3,4745548235341834
3,7133075396426074	2,9222130559404036
4,5945964330974824	2,582621919765545
-1,0161204383625284	0,047696561810926186
-3,450246632803635	0,1680393896218514
-2,1030165719965224	5,2155788196827
1,8642973918174726	2,9797348571695155
3,466644814181595	3,111539965313046
-4,4631418523082775	0,19711734209053744
-2,6512784678369865	4,81844893608212
4,645919902211107	1,7980343967612278
5,411152031824294	1,70731736960495
4,409411450300227	1,6120801603765704
3,5383377534922955	2,946250058200682
-3,2825928597056526	-0,7886171782649933
-1,5655680432342094	4,522286934709329
-1,6818783790764775	-0,7576516095242194
-3,7039471106933393	-0,8015762335956311
3,5568817697196877	2,9857860448966074
-4,191155356628698	3,431607936127156
-0,6718600411986739	4,641249941146673
-0,5768602967832808	4,878098404024779
-4,181077984842653	3,3539519324812876
-3,9860801251509024	2,697206918368986
4,850454814496531	2,8632352578148392
-1,6312072222717338	5,035881431433984
-2,4554372990551707	5,497953118198103
-3,3690191287535747	1,419375142788512
-1,7919968070079997	4,924355742032114
-3,8455324758025444	3,3742443884399878
1,7375526613963896	2,9035253279383495
2,09997606033841	2,915771557600828
-3,9341136618854744	0,54484224708607
-3,927123124177073	3,1717937969948924
-2,26316941092076	-0,5499989896333004
2,405432186803738	3,7701036928497587
-3,0283833376711575	4,3169328866512675
-1,3187908738113723	4,7189068373564265
-3,264239961487171	0,1902526127958979
4,291818822608594	2,8472816874729387
-0,4890115384341889	3,518629043074574
-4,067366862555205	1,3610024778816054
-3,384682739027812	2,989768338849515
-2,0574787510190924	-0,4613127339696157
-0,7546750688830857	-0,5215651631641582
-2,3522603515069704	5,484625234117862
-0,6591135133194277	3,7101581391952
-2,8435949427623477	4,437546579833297
-0,5479564625921878	-0,7614329740117878
-3,5515579309966006	2,8130882729531947
2,834799060384666	3,3003935655524916
2,597207859255988	3,3998361773978436
-4,104795937381187	3,9358512240784655
-1,6283619614908103	4,825175603087733
-3,890563464841036	4,007048441820334
4,420892533076914	1,8844770588679278
-0,37095832280404983	4,196039147633501
-3,3825108333834653	2,8983944708529665
0,287795183372731	4,139738580532986
4,3522613277164375	1,454733517832969
5,327461392592301	1,6797563069668155
2,511164155295959	3,7271476419987954
-0,8766042410205644	4,927026694606091
3,3768565822576617	4,046614605371116
-2,120175199261987	-0,9825127892289236
-1,0209359843605688	-0,8835246055132187
1,2863080506411548	2,795446947406139
4,970039397036395	1,5466939318710744
1,8617120839351675	3,626615363275387
-0,725658288004601	0,33379225138967294
-4,155310099667017	2,6948454106824267
-3,691852751174469	3,6509612328146357
-1,2679558934959396	5,01482995679289
4,996018909340392	2,093451626266309
4,245048117943495	2,6055622513766457
2,8067210546599335	3,2329337667489475
-0,939330045881697	5,358592485524205
2,413129438331617	3,182849611666721
4,442614841484504	2,154642541093092
1,656481654245517	2,3063719586927354
-4,546986622684512	0,5144894529012305
-1,1865146427134037	4,56766886572875
1,9904544024356408	2,6619904777973136
-3,522444877229905	4,089946668682647
-4,054772836216004	-0,399225381021622
-0,4082731608752477	-0,18527407518840455
-1,0510846985876967	-0,658943196769106
-3,382519754374261	3,9231353054683695
-5,982595699882969	1,606537205284047
-4,232815291036724	3,3490085141602397
2,361147121677157	3,685723471373163
-1,875873638793653	-1,229015950974338
0,09052080079646196	4,694891232863656
-0,6997769373340141	0,15440790391220616
-3,2967384776954196	0,011957236939164062
-4,258935329868784	3,64573807758034
-3,5289079529178555	-0,8367083975956786
-4,092449465698822	2,8988945905177816
-3,729323314967158	2,799451851675403
-3,6352159579315106	3,854426931612312
5,379890554139906	2,093653357249893
-3,3202861088492885	0,11672745283883157
-3,366631293226483	0,843300572342965
-4,327734146659498	0,2885690136195379
-0,6612068233718709	3,7961665437411103
3,0938470460403313	3,144243013187085
-3,9175345819297513	1,5692087071527232
-2,9147547050247766	5,0762159389135935
1,10815098090686	2,3503340025842463
2,177301029479199	3,4331532447343625
-4,053654008997334	3,1471574305317143
-1,9112622180658383	5,286111713653279
0,24074820140031217	4,450015906210354
-1,0480697712439793	5,029599277919464
-2,6223932255641977	4,661117143818339
-0,7084321920469994	4,875039675012384
-1,7495270168849268	4,905090954077385
-0,9176003773020756	-0,9549654393987259
3,2475452989682285	3,115962762306906
-1,1850627218995617	-0,5252869334939754
-0,5406184029175831	4,455420839220491
-3,456758695069438	-0,9357354658380095
3,609580188595798	3,0126013294729113
2,1245861276187115	2,8157636589458233
-3,5525061469326618	2,7930409282609636
-4,139838050132684	1,7588658837272555
-3,3027138502733457	4,757946040257739
-0,07252250834688301	0,03463476907533958
0,019986136352483808	3,7656684648165806
-3,6568835518969967	4,158010405818138
4,39104919795505	3,3677494995033
-2,287298245271508	5,401148817013175
-3,417355190479336	4,098075997775898
-3,248755724166167	0,2665016165876566
4,813547078273216	1,5944659021113208
-1,109221766127956	4,537355756065937
3,4277520471822895	3,8823488976690856
2,7492844247599884	4,065752869223084
2,341293757125734	3,484505851356377
-3,202368454338493	3,661820214280368
2,9214065208588424	3,467126422165163
4,639912067434176	3,405793856268007
4,893500806687468	2,248452677752981
2,8887914872576466	3,9561424284396414
-2,074345895113449	4,5609154758550385
4,87142218348428	2,0736718708051156
-0,4677036962534489	4,126798973686375
1,5935491257618886	2,1954633735903886
-0,31870312635031794	5,117141016125496
-2,963472171135087	3,793963763726823
-3,350826529132435	0,5020396502241449
-3,4328706184952757	2,81396184916891
1,865056647377108	2,99396676144966
-2,200462952367585	4,912706121930045
-3,4632789269258524	3,972190783568342
4,764729070925545	3,0987879951232733
-0,8208823273497068	5,056801214300159
-1,7177876883660943	5,0638458725817825
-1,9278352895571806	4,522051225773797
4,805621597551175	2,0565316649312906
-3,5849822362375203	4,291479377834971
-2,320247521038271	5,41507804568353
-2,106950746686784	4,846477495814904
-4,127344351203248	2,838356837613708
-4,3871300219658185	0,433372274896618
3,1370444981163184	3,543939031378817
-1,3679349641843581	-1,0754987080567755
-3,7176076530755986	3,9056510163791787
2,2393079218236256	2,8763984665406586
1,729152565529142	3,033436650187306
-2,643416414999532	4,18812572426463
-1,8789572124479859	4,668133260817884
-3,13845431052527	3,6500569353085583
1,6725009411180272	2,993008657348523
3,566777054434815	3,4130891542362276
1,423607607734833	2,549312939402801
0,403706875881799	4,181459259515464
-0,09706746720730952	-0,429325300487158
-2,9187595944997575	4,662318263608881
-3,3359381800436334	3,6532034927318033
-2,375233653374421	4,764667780840592
-3,6241739349742765	4,212448021850599
-1,754083132491468	-0,6373496366155897
-3,127769315250388	4,790533613606838
-0,616980666107702	-0,36132910758767567
4,719282074694586	3,3354871324933986
-3,70293667449715	1,150624594148212
-0,6570191593728014	4,916014339050008
-0,6607060414183896	-1,0395810826182583
2,5700164621255603	3,8897615842265285
3,833792946608973	3,038112311307332
-2,094076316203055	5,25970540768706
-3,665499349190625	3,1104151529660387
-0,6699106615283366	3,6464996504225655
2,750119281922614	2,9714724372233525
-0,2995796228317411	3,8387660971369026
5,367028893721511	2,1462064319129057
1,5462031174170479	2,430295358101348
-3,077001958799257	4,1385450982471115
1,7383085064697963	1,9978318037640852
5,062892202238482	2,466580248545036
-4,078286813251049	1,1496030323505115
4,590778966072203	3,232951452084977
-0,8603951644514709	4,114343516427504
-2,623299585425121	5,469733965241557
-0,5927925772877167	3,6067850239666437
4,723611340448498	2,95737866422158
-3,3212119428320097	-1,1414419200892896
-3,0143734499236876	5,028479048293628
4,114632303204531	3,380603626317714
4,86792283211424	2,3336177692790963
-4,076654049518278	3,9757529942187357
-3,8312744283952043	2,7575732960406993
-3,6523090194735772	3,4224039637882973
-3,4562069290484354	3,5183492171425317
2,1560001992704976	3,245423534081325
-3,33577417733174	4,3445015685251125
4,3715767851398235	3,6465588200987837
-0,02106697225391785	3,7378291487241473
-2,0230407829625574	5,06124629265053
1,2327372665054932	2,858457655107088
-1,258596863660014	4,659288242481145
-4,03280351797999	3,4782535428947874
3,5090251619067176	3,2650860183768455
-3,543994469849448	0,009605712434171076
-3,492080314763048	3,2740610669043155
-3,7203511290402025	4,335821416232779
-1,7483384218180003	4,728563692548915
5,160494921764072	2,394137938945431
4,712411540439307	2,7524237093097197
-3,849786348997403	1,258438357664488
3,1353268284644247	3,962836176630771
4,268762285941576	2,9279704429838738
-1,2357084092159552	4,4628389936641915
-3,0652098882881256	5,010802988087914
4,259863032496996	3,5878627843130957
4,9159976256174955	1,9939654224685355
-0,3849157683754345	-0,620050916583907
-0,8646631173885799	-0,43325818690845486
-3,804953424115188	4,076844102171099
-3,105995866314319	4,228044374388467
0,01893886153133284	-0,00812787326637554
1,4297509968102111	3,0993371569078283
4,918493911267006	2,3761730599691395
-3,964070401797313	3,2246555986646714
-3,0633702045304783	4,186780441012042
1,8817035710179346	3,559328060029968
1,2696673438323218	3,369823529807795
-3,76120126207873	3,7108089479275144
4,135100721969717	2,6097168268283597
4,5914548880894275	3,0163867912651163
3,1483910228905407	3,7022383269764383
-0,7115857425652583	3,7455354026591543
-3,3732151303506823	-0,006579432264476992
-4,040025747783814	1,390571956513043
-4,286182246621692	0,9768011730105662
4,78870103286634	2,961561421525039
5,462069548106609	2,2890789014235846
-3,972558408040136	3,5198045885228098
5,177152312495887	1,3190378234911804
-4,2079651914920175	1,013156870072022
-1,415944432131483	4,509133633144229
-3,1652519001960653	3,9597199059147417
-3,837748244437593	3,349407870613428
1,2912294769822408	2,839699750837198
-3,555179665611667	2,958897253108331
-1,4052121257958494	5,02307905786528
-0,8340767463503744	-0,07014647424667197
5,243019892058871	2,809774148476812
-3,5943473139276025	4,58462872362461
-2,244809490838824	4,9734883877459435
-0,8262488059839181	4,2481189338377465
3,606041334943745	3,029153486822433
2,2270774079002837	2,8832048130860723
-3,6503715429298422	4,335769056644988
-1,7215363567515833	4,772397138704774
-3,334344888968082	3,3429607098736103
-2,984921218856078	4,658848123661437
-3,4722594318023132	0,740290402281502
-0,701501291305092	4,634618370937059
4,69984500441342	2,3101798143806516
-2,1688375175732575	4,816792265145863
-0,36449835967975996	4,3062219608299745
-3,141787413372038	3,083222640751532
2,0399331545441655	2,9541997784566205
-3,025355894615074	3,9497661803912187
-3,1788981758758723	-0,40903880749089105
-0,28218208620036234	4,66119950891209
3,0472489796836397	3,2020206897812407
-0,481462748726472	-0,5506083107533513
-3,147963145457022	3,827576137793595
-4,369712273412606	0,9562989932497693
-2,384179822155687	5,360470326958952
-0,957626868711033	4,371785181543785
-1,8933078789282052	5,614129558227059
-1,163398754679841	4,655917458830915
3,1851605695621066	2,9962992029535247
1,497181921338107	3,4107075378036873
-1,4025079661110156	4,845523888386477
2,9277429357661635	3,8122755042946577
-1,250409493808446	-0,9040389685678909
-3,102198570836015	-0,19578455753309543
-2,949263122419152	-0,45904168643240606
2,112325820771953	3,5484002659871576
-2,5741719305932795	4,351369201315315
-4,430699547291162	0,7329321461447973
3,6356146340697784	3,400647447271383
-2,8398026943539616	4,297494448710445
-0,029360751438730848	4,899544896938112
4,7350610465738106	2,2131518121958402
4,959101207305414	3,0287082583284803
-1,9666099200491327	4,72222322383115
-1,022131366501319	4,98171964939562
4,509086362081237	1,7373537114396664
-0,4982327622254388	3,500895655319184
-4,192629491144961	0,978050958915455
-0,3274831315488984	3,8394995873499735
-0,9862491727508007	0,31159857559866655
0,2162891368244575	4,43433241213226
3,3230691785131987	3,024237925608102
4,548851059811656	2,4184845644177457
-4,1058310111661545	1,4085102173926463
0,9453466592265465	2,5103142611525744
-1,9181903719125961	-0,47049151612248696
1,7277205989994957	3,146181762075088
-0,9768767125737725	4,7713927352145316
-3,2713168648946933	4,85580235848521
5,041338725021791	1,6303498585596607
2,6120072434756514	3,0649470381753394
2,637976694169883	3,9952625417758862
1,291999771996666	3,2819716733180004
1,3389064125398322	2,14864511844757
1,47268034941558	2,318956060141575
-0,46361485906332334	5,0333298936796576
-0,11525616117515614	3,8586422727941065
1,917609526343185	3,5484768348982163
3,3477430608108634	3,461893268771942
-3,382027732803248	-0,934426840313201
-3,45576039493741	-0,13220037678208296
-0,6943121362598501	3,7728714178465363
-0,8812513403157337	4,910189195615348
4,5573582558642745	1,9649056279632509
4,247255221036758	3,3192271063193797
-1,3552924547408323	4,665200320013559
4,385422263898831	1,8341014829242734
0,38564055969346156	4,209901292179874
-1,2836702553651365	4,970489809796688
-4,081130650779174	3,43557969371992
-2,8902472823968477	4,11497660238812
-3,3160226729398743	3,6049940346443456
-3,7080761626926604	2,9569167783074004
-0,5804847096384385	4,566767297658721
-1,6031934862351216	5,240675237075381
-4,264848338128047	0,24961684914295834
-4,098234240523912	0,4292615314242133
4,4616239181526165	2,273803969541575
2,2323808975950192	2,6742879269317275
-1,6519596632176916	4,818694894023752
4,457294312913118	3,0705877641432164
-0,9671219646627089	-0,3759755752699925
-0,5769784935011057	3,964189320104805
3,4902940600653496	2,981071032661801
3,056352250018491	3,92446587027138
-0,9819690444275355	-0,3596349675087085
-2,3306434814717614	-0,9808136120891886
-1,8518743141456888	-1,0463836221077143
-0,859609033327666	-0,2525610671897285
-0,36798274688781873	-0,7258345876157315
-0,5850074512268244	3,882031809902656
-3,4251247255026214	4,8882031464180375
-1,772390862641749	-0,38471912558774246
-3,346150435202725	4,058848835144895
-3,7685745751225483	0,5079289578170783
-3,543979623006104	3,6635468556063424
-1,1718701518272656	0,06283158473458617
5,264267921442725	2,0819394991488847
-2,765711607835809	4,329694150152318
2,0575448741318274	3,1552953695110513
4,332635655725545	2,685087699148892
-3,626655185457709	3,814527128113232
-3,616442553391528	3,1025798142451557
-0,9304653517352013	-1,0298137962071532
-3,457492369118812	3,378085271953391
-0,2032336672136037	5,00648272535465
-2,857418082579774	4,960363661690016
4,681190308148813	3,1621773537710762
-2,403596067880659	-0,426625918921965
0,3652400256917796	3,7566795957463714
-0,7751241764554135	-0,9832747324048361
-3,9137256545122456	0,3985936744029316
2,704832089423815	3,8972115030684025
2,9034371023982093	3,9174832749602904
5,278884387741838	2,1662401929618356
-0,9075801755517336	-0,008923071051185727
-3,994570630062718	3,8428379237354973
1,297373490654195	2,119423432316017
-1,3073456312398368	4,335647422739775
3,1436010917066177	4,140902264235134
5,0456438859195565	3,025666117270445
-4,208499676581334	-0,0006692517503209539
-3,5954422808663162	4,154942956187892
-1,8172950763494504	5,149771508055115
3,6253410696555006	3,5563865233640852
1,2586724899167892	2,8487378031184294
-0,7156295577564478	4,601858864157478
-2,200346766377022	-1,3708283590640185
-3,198726221726564	0,03540893057487127
3,7058288832326807	3,139948149887265
-4,517035431894982	1,404331008847456
-0,3548245105003671	4,1585793323526286
4,788851069411901	2,6736770912974546
-3,407398023335152	-0,29521825619510267
-3,5653091885556543	0,5318435822284913
1,2207420353867646	3,2010847705078826
-4,046887991913098	3,575260783114396
-2,1628109254976895	5,266140932090167
-2,6102954301727124	4,366680345785761
-3,3612191719302045	2,886100552842071
-0,19564240577176806	-0,2547291908937672
-3,3465379604108563	3,8895633451245413
3,929386913048708	3,232601622120266
-0,5893409866370556	3,6719384830114845
-0,8283290943331749	4,508073617681488
-0,6023523313552495	-0,8054101103289031
-0,31171188737378186	-0,1028843426172994
-0,06157374538595217	4,631522521703793
4,3285680763081595	1,6256426703575333
3,322517524156278	3,7498978788622157
-2,796892398118032	-0,9860810987615458
4,387963636062708	1,4473722159496598
1,4635353787891001	3,197832634639806
-0,49283305057659343	3,674271512161138
-1,600088881835901	5,057896055501936
1,7604219894778992	3,8151346759735905
1,7336714441137862	2,044534616275144
-3,0866554220250766	3,0219766628886777
-2,514878968529425	-0,964904004537994
-3,4913133221647232	4,533670998855054
4,37141319394749	3,417844218002925
4,40082172827804	2,7208042876708047
-4,096963650374155	3,8282483562478693
1,0655154543954712	2,2455050914463097
1,5674456565110233	2,701757962925061
1,8830202719435134	3,1901010183565157
3,018106903800185	3,756774195727781
3,6242234419569126	2,821923016017332
-3,0695066691214867	3,8057506354643644
3,723281043440887	3,6934499756041586
0,2120612720807713	4,162427153983923
1,9415624280547348	3,0322495492765507
-1,192488166816002	4,957413034869864
1,4786994469455446	2,4391820405162483
-3,4712144785840797	-0,6949033409402081
1,4706294573274803	2,774847579279525
4,870085101552131	2,555426501603071
3,0507863812045435	3,516199687313697
-4,23530641221368	3,464203827698952
3,8697111249392755	3,8278277734986466
-0,17598346899085482	4,082627439442174
-0,6547506180089768	3,8267642064637526
2,595395473141497	4,033188540059001
-2,7895111312837115	4,04803835785369
-3,9183143800534364	2,885106807787233
-1,499200116438418	5,500402093032952
-0,9061607027044352	-0,2692516006990451
-0,8129645318933296	4,994098889932749
-0,790725455822952	-0,27954488863174376
-3,010547995238113	4,295231540565902
-2,503194975094857	-0,8556151674078405
4,009555405690724	3,4547039155045147
-1,0099713802923282	0,23263983972753766
-1,6425242946673198	-0,5958055947595302
-2,9383463739201234	4,763942666376826
-1,3332184574627162	-0,8437628528941898
-2,6891429438446797	5,356276971996696
-3,5767486990007895	2,961386605400166
-0,47280290700926453	0,22560222927249007
-2,948815142294019	4,057926360951816
-2,813183672356501	-0,14927472507081063
-0,6800428467365036	3,7377973798489084
-4,1130993773060185	1,4411046622400785
-1,526197774927481	4,922917378969975
-3,0524300280312833	4,008364883000853
-2,5867848559097673	-0,6900220134968975
0,048545523077123676	4,424460019504261
-2,4800725364112575	-0,7679325105082
-0,08197470222134129	-0,43471714111719106
-1,2069624087401252	-0,5655484555834678
-3,167057658890406	3,3532003293028874
-4,414336770256906	1,7061060931196135
-3,9742806777799755	3,7299463207986703
-0,9421749034275422	-0,4030131157405623
2,3797697646703497	4,042114709975198
-4,366209692607498	1,677468266439697
-4,105188994354098	3,679796248237252
-2,413618702642313	4,436594103508719
-3,765336467990698	-0,3793800618938208
-1,8727496027857877	4,591154930260201
5,027546789317371	2,1323379495952164
3,45837881232013	3,081790119513232
-4,044863727544351	-0,3164800772307441
-1,7828834506759765	4,495635936580907
3,8814757864180036	3,933033595798051
-0,27280783264505337	3,9708278363080596
-0,49858582376854077	3,9719306595112682
-1,4209175787465718	-1,2577968712924363
-2,976043321071733	-0,04267823980006402
3,846959951716874	3,3467579763976625
-0,07605350227494734	4,269344766816635
-3,838815868388001	3,9622534721608997
-2,3993441562169533	4,849451384791111
2,7553802210429996	2,993079352566407
-1,2348597172669433	-0,2894860166252058
3,4123718385434296	3,863992896794827
3,4287756214876097	3,406491092324311
5,198190404480091	2,543670744346589
-2,8674974828304283	5,326932342109995
-0,7912640153685864	5,082679512593847
-3,4723865236754836	4,424153743221014
-1,8733953779534644	4,5202158826566965
3,4736406805810645	4,145199643673388
-2,2048641773974005	-1,3995012397456699
-3,1918407308573027	3,3264889214759314
-2,6358086939286545	4,949038426976725
-3,1125011782967844	3,6805809953024378
-1,2187109751352025	5,247475354724858
3,1099950886994407	4,1580426572191165
1,492259787571854	2,0889287252139086
4,352343552561354	2,094543169826881
-3,9084477941436546	2,9444046535886006
-1,3622283273145384	5,39999191174272
2,881352857594404	3,482735632060826
-3,335343207929525	3,4518014284766743
-1,2809033829969798	4,923757931133353
3,387486439614475	3,3117696187389303
4,856499775386097	2,6258364309406055
4,442097486683724	2,466349929861631
-4,0631840327080795	3,2618854005696942
5,230887395758007	1,5817498283379523
-3,1223448459387626	3,465217294656784
-3,7487488154186863	3,328343392646465
-2,384181741395869	4,650992743904233
-1,3086802515995506	5,319375509373148
-3,0136134282144598	3,8495562179281473
-3,352662610305279	4,745941908710636
-0,8306996051367754	4,914724971077462
-3,2808409971663965	4,714950292070155
-1,983971207387562	4,8700270917318385
-4,404380441651678	0,7875062422607585
-3,398666968925312	5,042733458410018
4,165963880341753	2,5869507269081566
4,856118692446435	2,119967829389297
2,483127269018776	4,1195542202430735
-3,444300540421183	4,257515154727496
4,958051378308012	2,419129069650844
-2,7984432295780146	-1,143910351024037
-2,505667046670904	-0,9816774315143091
-1,2904531300370525	-0,4151798202933201
2,205035821323647	2,619174342518042
2,444199749414592	3,324487837568025
-2,3394103415066705	-1,5171958381668018
3,515026030640659	3,421392784914511
2,962454207810618	3,5170433892660418
4,519788549214563	2,419118310266123
2,62695797083272	3,1527430843687805
4,4954517436471875	2,698672260611291
2,569590375101512	2,9751980838614216
-3,684441196051721	3,323589672010633
-2,105814500982502	-0,377246724129892
2,0067264536192377	3,3076605152551757
0,14408344973726317	-0,1214215398716465
2,021494839623042	3,3417840711328264
1,5772147035730724	2,186366904645034
3,7287135077037057	3,2457485712111454
-1,3115278534020414	4,67627860129848
4,682413412389524	2,7795511333785115
-2,0651170754008192	-0,7341370095403661
4,223260465071405	3,418526840139907
-0,22387925943990683	4,322923450709153
-1,7100206281805104	-1,2359968352065152
2,6096607840019126	3,390811168838595
1,9054723565706544	2,3694843075169274
1,5974544692120345	2,3162242950182983
3,9992076822534126	3,313157181393519
-0,34606390750754823	3,5835895759600964
-3,468684266681522	3,039873629669152
-3,985756404669889	0,5629451686480303
-4,539902550056615	1,1132954439336769
-1,2214578404994771	-0,9963448643226962
-1,99572407084637	-0,6517661997548101
1,0329465820447425	2,347425342401442
4,04650016075156	2,672491417492081
1,7886509915760316	3,246385277738012
-2,693751129837602	-0,4990568658135053
1,4476376783193756	2,448140486299117
-3,1282242270024194	5,230561157520237
4,6898555747371145	2,6441642247683497
3,1390307618351185	3,0877214522030725
3,6731175701026966	3,4057134472713937
-3,7204077095387236	3,030255016701359
-1,1194760329297226	4,381899241103988
-3,505413834774835	4,945706237938388
-3,0284345261628856	3,5746022800861494
-3,694555135822246	4,432163971845607
1,8074411030902007	2,5873122163379865
-4,118601630914694	3,2826639961661486
1,5381487247858885	2,094522366339421
2,951437006347794	3,8583388485433345
-1,4244695859645824	4,490984741920163
1,4485709585883941	3,4659442855453757
1,6660029158881033	3,6803500621952088
-1,096826663813875	4,191817689892055
-2,4490359334246588	-0,32349591818643564
3,2854964380163647	3,1178618836821577
-1,762226129820781	5,210511821773606
-2,94879169137233	4,462388943552901
-3,961720040584006	-0,5057924657248503
-2,273965719456971	-0,6990220980704238
1,0774053659801872	2,957321390874508
-1,0933313147292472	-1,0312872266429127
-3,230999743171318	3,159499293646941
-0,6943044395887543	3,7101721635058
2,376858668887514	2,8118186054248757
-2,595155946930978	5,387843353879827
1,4825773864607217	3,0617584573232284
4,118475362474206	2,540105272093148
-4,137076096123913	0,11978784586513869
-0,3345949947231339	4,712909472549053
-1,9236915451763408	5,124918573822266
5,115981141795565	1,4318291199834006
-1,4431841132168075	-0,6639828688952731
-3,6524722925181066	1,246272832308441
4,833957849860457	1,9164913462390862
-2,0131335925236074	4,84117994777559
-4,258532240248966	3,1685342904736427
-0,4218966834248734	4,98635100645012
-2,0212164550811904	-0,5813040646806522
-0,48911319648953455	3,5468009344912166
-3,0866332034569286	4,602964708248447
2,0443916570764995	3,8858205158963646
2,5261981225331644	3,931498099599885
-1,0063400338959254	4,827792550885843
-0,6251122736670993	-0,3213870988337162
-2,528640895399967	-1,2232194273795538
0,33973145016585904	4,0777739585412505
-0,23374789240134386	3,8779020902139436
-0,012712907002103258	4,80838557632307
-2,0110533414752263	4,9803461100284725
2,1704653398448284	3,199633352289155
-3,2086536174923186	-0,729395573984138
-0,224393179503392	4,057609562883141
5,38133951626522	1,3589446313238867
4,567905409364173	2,0421273866955216
-1,2383566975117768	4,642269161743382
2,9366804245446048	3,0570791889176245
-3,6311966620851783	1,1128253312319463
-4,196530626909825	1,448486858437218
3,176848167985808	2,9657144040445864
2,222955822502394	3,751412970566733
-4,245793075302672	1,490070620564227
2,726602732631791	3,2865392468824215
-2,7458590148653315	4,509826875895729
-1,9941545287330127	-0,38993053030777736
-1,204191899003753	4,266235851869982
-1,0328279965698823	5,44390101045658
-1,7713442320728827	4,852289604080191
-3,596661813955337	1,2796030265191194
1,6375139102864698	3,090117052193477
-3,9865775200060805	3,2832346129908467
4,4078237990400515	2,8200093793255547
-3,4834126391459033	0,11326195915069548
-0,5957629154820385	4,265083112467135
3,554674817582198	3,7059295081902226
4,2351415804291275	2,75362149099752
-3,327382086676071	5,048137542042246
-2,750894826866592	-1,3904149722257908
0,005668777900863731	3,6684692431506427
-1,6602253980548598	-0,7244813814702069
-2,8409296872469083	5,1823928793005996
-2,8273732499569286	5,36051886828354
-2,3059585005907595	4,3675633207408335
-1,7030153367873244	4,812708430243838
3,6971432728830704	3,2998102428107883
2,8060235888097047	3,332123834080501
-2,2617904308672854	4,988441954559407
-0,33187772332179866	4,4313341762441905
-3,4450830254203275	4,170353832756045
1,6976734771802244	3,051215201422843
-3,771563789774964	3,009946480780661
-1,1429802507032156	-0,20723871535278238
-2,747312767498526	4,082043788158758
4,404745401741157	2,1312175628269228
2,199391048177884	3,0885727769489204
-3,5277076155994402	3,889894138927911
-3,6281965120908355	3,4904176213005247
-2,835020833045453	4,810181255092736
-4,0485836485243	1,1226717428073916
-3,26624953213549	4,596205305154774
4,634607288520463	1,8805379252945134
1,7664428324175065	2,322834841531217
-2,54177544693689	4,690257914203731
-2,4829669184086622	-0,6642938105113898
0,781061898421803	2,3260886784453114
-1,6502836954825373	-1,315866908306067
-2,9724521791947907	-1,363427720710844
-2,9008879712881956	4,279688689542612
-3,0885484285912987	3,7261569520525426
-3,187417250893562	5,042955594434984
4,677372945439783	1,6124637469449403
-0,7219945606436902	4,339680693187061
1,8733329955341382	2,418343821978109
-4,108641090341954	3,6457253833443017
-0,723894701328992	4,608739605163927
4,916570054760868	2,691676441337886
-2,969035100067475	-0,3369578577459529
4,023431611999181	2,9095681089516834
1,629577418265441	3,3555821822858976
-3,4550307761627734	3,0520892016412096
-3,747291463228284	3,946022151010672
4,680532984377832	2,511131537050041
-3,975559191815787	3,317933221869682
-0,9025922426518322	0,32536349233925466
3,162386321508706	3,7398317549159525
-0,8060871143438317	3,89596436986343
-0,8654990162023158	4,588420666783189
-2,3051108387697585	5,127529988064245
-3,44417369743572	3,3003501440983882
-0,302431843354497	4,545715748652551
0,11680492272009957	4,672784489589603
-2,197364931903001	-0,7022502128551102
1,2841366382526078	2,654969779761335
-4,228880073194557	2,6874002852989456
5,0440721285311145	1,462130571551877
2,248813552381237	3,828049336353288
2,1166500000997903	2,8680214271978652
-3,246213360043538	3,0369497557842813
1,489141679929044	2,3421077073832812
2,3054708084243343	3,2568310423703566
5,195370750180578	2,3565032433449526
-3,7914551431691725	3,695555627286149
4,193910293444585	3,1919921097417276
4,825166195970123	1,4396038104752746
4,61756994762686	1,6589947921340387
4,505015436580849	2,2585677629775613
-1,8363044331928986	-0,9254564067330042
4,760221270664113	3,3624870679496017
-1,9243907420012625	-1,212262500605719
-3,425731130440094	3,5018639910211413
-3,852526927807907	3,173429387458966
-3,343957129920959	3,4179920963447143
-0,922030450293239	0,47756860842652243
4,424240197284368	3,288433009649898
-3,3049623323086488	3,8211243142164166
-1,5783533372268144	-0,8066867322249307
-0,5232948131102717	3,690943440763485
4,661570117837463	1,6840337084320023
-1,2900738888763188	-1,1573031346116864
3,9790061066189306	2,6935273208933466
-3,5073413419012573	0,2881182858818129
4,82334381317976	1,6729147332352083
-0,8112158318762865	3,9044004142815996
1,8540836780720662	2,4730685928751335
5,188609042779942	2,949055467258826
-3,6099568863714437	3,724398247774385
-0,6352954850497965	-0,6953400873436082
4,557757793871293	2,7346577084671138
-2,5717554479144256	-0,821257326628593
1,8442477210358517	3,51169086200155
-2,719515337088422	-0,23208493421044563
1,8819375780275713	3,7798269415442185
4,255725515130059	3,715731595324389
-1,4036299710808078	4,764790612004258
-4,0975597725588155	0,6398275853779878
1,7353412459459057	2,3257806269242
2,2275979895855276	3,3627464745946423
-0,6587489921959027	4,853401694999002
-3,830475317935517	2,960361497499422
4,4640993282271815	2,0378902456187165
-4,232630569933605	0,5834972536769483
-3,5020828180894004	2,8848037113211866
-0,493040911760261	4,6941674317051385
1,9702186445907106	2,3634954358771045
-2,3341451207490995	5,143360749713323
-1,812155483683315	-0,7766108244871706
1,8727862987475221	3,799863453909837
-2,466447623312207	5,576907086836512
-3,5365551871185876	-0,3487634133024553
-0,8037012395498315	0,10848668460344602
0,39642415025275235	3,774712976189011
1,9210875860553467	3,7939056613505024
-2,753060145632456	-0,4254962196876668
-3,1798620234939734	4,814002719742103
-3,4363876014064676	0,7752166025494882
-0,4969963318546633	0,13193635181995522
-3,2683294727952825	-0,39774439801170414
-2,2474009281549807	5,366195046995768
-1,0269984094303046	4,573131113882614
-1,1944696675461726	4,791707335199012
4,072083121166613	3,2042817412313407
2,829313172625974	3,3856978729503435
-3,714320304614694	3,586999891946146
-3,626594088045544	1,1201151696703813
4,46658401298182	2,3246996503252513
-2,7716151354081227	4,357005601626139
-3,4156586075986533	-0,6126278289206897
1,8070159737294405	2,4334922159107517
0,0486378181565601	4,5540596791151495
-0,8607969237457282	4,100297551259562
-2,972579785707922	-0,7071014300684535
-4,121997443446072	-0,48042286302000514
-3,0298572698355413	3,8941562531760225
-0,8250029543017121	4,58594145484437
4,6165221838066195	2,201113455796453
2,6120661956045614	3,0651055522064645
-1,8269573936933543	4,598296309472696
3,146759752845982	3,3575548425543946
-4,062432281432771	3,800833522287709
-2,1630438829972056	4,7854713709551815
-3,4387255325058845	-0,652115734937813
-3,294071890712517	-0,6162005479283477
-1,4680635973946043	5,272629729116657
-0,4601717486250816	3,575549421471633
-2,446459624433607	-0,524948855999116
-3,121669039640853	4,298283354947609
2,2794920811288324	3,7790935006870723
-2,5823470116486487	-0,22307935521928512
-0,9786323224713271	-0,3141112005368569
1,8210892309601423	3,4457153585325533
-3,073621819293326	-0,8616575536280471
0,16444342455392413	4,106489721136545
4,484978852697511	1,6155335194976608
-3,65897056043466	2,961103929349384
-2,7592089951356096	4,191776502126806
4,588344958132402	3,6329805004608264
0,1254665420088379	3,882459634626798
-4,12235349452458	3,6422082701653724
-0,08227225619399414	-0,033919213447606844
-3,545933113815037	3,39052757204352
-4,305737369762444	0,38480274334219977
-1,6201426962901797	5,576284442917336
-0,06023228776764711	4,2199660386383755
4,380036983221091	2,4474072167246343
3,5126987868241155	3,404851591865509
-2,140541771198076	5,128785255059616
5,00897405796768	2,0941540599850472
1,6534661963885604	3,1434784569199854
4,717890874922061	2,6370903430259807
-3,200931752654367	5,201515606397515
-0,6418529699830406	-0,6954111275390553
4,572944838308911	3,1548172924778126
2,9772292221848335	3,0950659472701743
-1,0834347176312709	5,48785198908966
-1,210698813423821	4,507631162990972
4,1549785089847155	2,7254426321352447
-2,3851055532523615	5,19546610133669
-3,250436543665998	3,4555226007812583
-1,921955335439477	-1,4210270287904998
3,6539563995929885	2,838144641096794
1,422872062224018	2,554521940749238
-1,0103323503352617	4,362284377432372
-1,5411181927440887	4,92452067561403
-3,0259039497776667	-0,15367756566737079
4,368338843634447	1,513071064354826
-1,1303796835551185	4,241754499573666
-3,739019996795344	2,9320717385209965
-3,3700537343965906	-0,6886562781684669
-0,11601224289909862	3,755344973395617
-1,9386847665689149	-1,4909507791217718
-3,159923337402952	-1,0439954694933307
5,375516141734718	2,4087051525045915
-3,833170556143945	2,817951164977606
-0,506481900395072	3,859656256976041
2,480395409890843	3,1439805523657745
4,653566334040056	1,8142346305261774
-3,4839474941082864	-0,3379819672532707
-0,8573350979643635	4,176657464878025
-1,3970255090751524	4,856060685849026
-1,1813565789294054	-0,3068107288695405
-1,0030247023829721	5,045238041505162
-1,2741603206818881	4,9987436299123775
-1,2667365844347787	4,745186976466265
2,204557310147538	3,2121058186506164
-3,2537075527533776	3,156152531517949
-1,5315199912298456	4,580965966888865
4,142264039653741	2,547474510424944
1,9939517918113574	2,917649944786281
3,539679867524387	3,1066787498993707
0,1538903214600047	4,563822879061071
-1,83883924079047	-0,86172451976143
1,4891062457124593	2,9177847965734482
-2,075467067189477	-0,46103795199753894
-0,7196200138480449	4,298125921643644
-2,0918664603740984	-0,6706516732680998
-0,40875909948767175	0,1304472539091176
-1,4290217984869487	4,8226632028709435
-3,3822923063675274	4,2723918916284696
-3,4962605137202836	3,182374094523118
-2,3849270325003076	4,694536745702342
-3,0172309492687788	5,08076829671405
-2,2856693593088053	4,505759054329375
4,34947850488392	2,1048583973667094
4,443860686833362	2,778321483764742
-3,068821026438364	-0,12897010433980194
2,9367093373221422	3,59155336580424
-0,11378557242633924	4,527086780414319
-1,878818606896068	5,137198280332472
-0,7531332500645229	3,8982483827712944
4,5944266319852245	1,9123768622761665
-0,7664806683629077	4,611363088235251
4,932020286221995	2,326700935380711
-3,5269253745714906	3,4020392651226046
-3,51679445754064	2,919365297713802
-4,2788682628288	0,925376487751783
-2,058876602249431	-1,2644114801699171
-2,582752700653412	4,475548723126216
-2,20047544337625	5,146700531333391
4,9445308424045855	3,162253832749522
-0,27853643566811637	4,608242036635902
-2,953208510007142	4,191396932205686
-3,396168345498209	2,854382628966282
-2,0330377310509746	5,454834643797643
-3,8333127263237703	-0,7649556066338159
4,393753375924763	2,7599019101866444
-0,9509330930050424	0,3349984645408616
-3,379997440177441	2,9914560544392317
-2,85885496546138	-0,07463011053281887
4,547776896308606	3,1640811095924644
1,4817638981894092	2,4220186133711694
2,3222474036591727	3,8606125438250274
-0,858245690489075	4,706822567776246
3,478132910310738	3,3250614224216495
-3,1446659494839926	-0,46885652887442353
5,278132069034498	1,9873463215854241
-0,9912869652727109	4,473201171483703
-0,5592136529879195	-0,6306297015999061
0,3083935314055688	4,2625604565078605
4,754525437822949	3,499662852882488
-0,23738942243188932	-0,5983403325549252
-0,26228110041600905	3,6546724178699206
-1,497416070651408	5,030341276573159
-3,0505006624117055	-0,19565123460350442
0,1788351817820406	3,9294359842067172
-3,093240924319424	3,7198763745155827
2,069306110960135	3,482001733148948
-4,074009025800625	3,9428111468510005
-3,2133139098176935	3,6114889495800737
3,5210823143922916	3,120828604055493
-0,20267906222268262	4,944870680924983
-4,018667047154396	3,275130174747344
-2,595802526979761	4,55964321467376
-1,256305837187093	-1,2207659295628477
4,7461812612741445	3,167134113892834
-3,961740839580915	3,3048622468429096
-1,037040019148018	4,359109149641871
-0,9830575110490836	4,885368043271301
3,684907084743699	3,6602933906983433
-3,28658913997035	-0,7620422280931187
-3,082156448890844	-0,5568337705477344
-2,852339404671363	-1,2049594209438799
-3,840764403782801	0,3334741205269316
3,211788653614947	3,3455715767794936
-2,3066387719432777	5,0653975082682035
2,0769201943813025	3,75540656964863
4,721812332454176	2,5040075470451564
-3,761673289794503	-0,8491293399458444
-0,16448464706086052	3,8411324202079027
-3,056298288477488	4,186983045836529
-3,328707604238563	-0,30525562595739597
2,953926945673457	4,17983737794069
-4,004855462018386	4,380501049418767
-4,134116095709818	3,7542085556284053
1,7957076507494836	2,5654054731162685
2,279680230518512	3,8249521359383345
-3,8799167971716066	4,147652376504363
3,8457396848294643	3,3964249974945524
-1,9628668422302158	4,806930029091516
-0,7337696925724986	5,022481377079016
5,115789307272098	1,8733243157820734
4,400839426573377	1,941146936350954
-1,5698200260037145	4,430909643536677
2,4779180181660996	3,424071243292937
-1,0032949667137574	4,187745259619921
-2,3587876081899766	4,3870571708165365
-2,8965713332165017	-0,09791719134475785
3,6074718876010436	3,1893945338632452
-0,08849778132835029	0,12669083006474913
-2,4554024331071105	5,243810671842274
-0,3436593610900516	-0,045083001279324186
-3,607615791131229	3,508542330750797
-2,1860504654253923	5,606589864302638
3,0272828939370013	2,9886646639964867
4,772386900135379	1,5833290462393497
2,4138851424016647	2,9989029654843207
-0,6020114598225002	-0,7956412931972414
-3,231347106999155	0,22001148399314063
-3,0306483289676946	3,7388171880326793
-2,735347117939413	4,394311859250893
-3,063464985288747	0,05291554010124011
-2,8202077886537746	4,666649753138577
-3,7490677146225564	0,28694814083785813
-2,5463812406068778	5,00839341956132
5,344950765699364	1,871169013477316
-0,6840274859443447	-1,0791434325719216
-3,5446473622452315	4,26424532966225
-1,5411468450545938	4,624663272509073
-2,4699588643412254	4,952471881130666
0,21353618617715298	3,813124015294456
3,621356210602853	3,2319837886569287
-3,699679156737394	0,36105235021236926
-0,3866715876555311	3,77590437086541
-1,8265318457395572	4,962939867655763
5,227228215418948	1,4733469627144757
1,4887945195381191	2,2011090040720487
-1,000398327669469	4,240685530867239
2,0841369878597202	2,973430886970066
-3,4863018948075415	0,16679473037589587
-3,4042458986313355	4,554043765201326
-2,5610116089276906	-1,3492297856010569
-0,4025547854161986	-0,8013294125604067
-3,3928664476802646	1,4254453201025028
-2,401250311781758	-1,059613589739223
2,718423403445341	3,332131205924499
-1,1123219250564211	-0,9062800834694644
-1,2339004473276118	5,151757222004876
5,032465766593566	2,7941025948265272
-3,4977147878726598	5,008060992641589
5,18073779590431	2,936590428275795
-0,3146018608948793	4,710959533068157
-3,7460689254694395	4,6026887353432
-3,863426476278208	1,4221182493802138
5,057872975743738	2,565105065000927
5,148978445328876	1,4854099099060765
-3,5062868836967107	3,3031526578167987
-1,8547146964093315	5,113943295051305
-1,8002125913074998	5,588009192016781
-3,7181406813767115	0,5653159690015191
3,0336713348385573	3,225735855129245
5,3781595676500435	1,8913135020737002
-3,271623892057754	3,225408402975177
4,628573428809597	2,392823837757734
3,937396649100697	3,602418396015923
4,969553144606552	2,5704944445174855
-3,5506777760214856	4,506189403019533
3,6914378232415648	2,8297889218917405
0,9102592692869345	2,6623746758105558
2,988560638059783	3,248858866038205
-3,1668100685558476	4,302264248603326
-1,3406666852652567	-1,0841915379206224
-0,5364142371624447	3,947213465640752
-2,2726067185371934	5,125737066097508
-3,0138809353875544	5,089012631618278
3,834127772205427	2,7999122782208707
1,137335813299504	3,0516385910643784
-0,20795331177535625	3,815308605632624
-3,337276166476376	3,873528995199165
-0,7062815106352303	-0,8846657654569925
5,375437083818376	1,5665427404865064
-1,6725037753982148	-0,4288682993806354
-3,495511752743634	2,8400097980165193
-3,6054397784255476	0,6048151789882789
-0,45152728198942915	3,9550345683447894
-2,2806557592146794	4,998910792673005
-0,19322172275169103	-0,49566290223762577
4,189517797642214	2,552557547977159
-0,7717445141776809	-0,2774159685753341
5,3389780559912055	2,3550539750603066
-0,24129298513144604	4,599746089586494
-0,5689507085537029	3,7557544761957473
4,228828601129589	3,2060843455724095
-3,2401106934951205	0,07550935185606444
4,765871007040612	2,734106322201045
-1,5335104147061327	4,419687727536143
-0,7652620724944157	0,1670302227812479
4,558637549191394	3,143305887829658
4,040408693061594	2,8866502436275625
-3,1318355467282863	5,058810861925281
1,6201505928523143	3,3322425495266224
5,328174194172503	2,456686439126818
-3,128885849461672	4,997528794490989
5,083809217095089	3,0013563378280157
0,1686719526165248	3,8292020495803616
-2,682822805073318	4,149340870347064
-3,598299676103773	4,327608130245625
-4,304687137943432	1,0654500768008963
-2,7683803628790793	4,6992637385513625
2,175404633630304	2,597880439527
-4,091824600554206	3,1330644139301786
4,4041384431263975	2,205236983360078
-3,332843292230934	-0,4149131181939383
-1,0986105580514698	4,95725145944049
4,0012957041088555	3,168972914394632
5,020503958249891	2,247393352911741
-0,12316640203577989	4,2374444704027034
-1,2607126182722628	-1,1019713006904985
-3,9948093971455423	3,4086719679700366
-0,22856268404378244	3,9587336828878934
-3,568720586415485	-0,28750974478206315
-2,6968075987883338	4,583045236163436
-3,125893927399513	3,367884949105559
1,8894837790386214	2,8474345691499874
-1,667847042752388	5,265840435597262
-3,223587960533117	3,0102728843579594
-0,45100233419479285	4,933527241647596
-2,337122596591191	4,4972364252196995
-0,5995465666882285	4,659137762644983
4,663321587512597	2,12884491195087
5,0233964048118365	3,126671896877494
2,3231056339154	3,2208823920990923
1,916927245137894	3,5183501001203172
-3,3869924715911806	0,3695751063505126
-2,8785858040840333	4,708596494694524
-1,6246530662617897	5,148450268745483
-4,035835632767007	1,0114773866455256
-0,510650197823787	4,754637575507174
-0,013248387732684996	3,7986707222224547
2,3319208088615957	2,790556887168105
4,015778152018881	2,6843769592487705
-2,0550729569423978	-1,2910615871129285
3,536334038701639	3,1886602999987037
4,137963601784838	2,363483918883549
-1,018257305886094	4,532161275076941
2,446165540231009	3,1126433745175945
-3,5607056103287595	4,493721618341424
3,125706346770051	3,4947652802364466
4,752375543536111	2,9298519289356695
4,4533899893279205	2,280668032510683
-4,0839696218400885	0,8005780521154371
-0,8706832715763206	4,110975037767161
0,016081086872954842	4,160625350133676
-1,9325147819090338	5,299067044022852
5,244565113469131	1,4043731622775522
4,575655961490882	2,758569164130542
-4,082900817157964	2,9183971781541613
-3,289666253909968	3,5418862240541253
-3,437979320876064	3,6402394335462454
-3,200543259248073	3,1860997657254306
-2,1288700931867974	4,761054305994174
5,0523114069588	1,4500067114959954
2,9165204264684848	3,422444396779322
-1,2672308836478843	-0,5051889832165886
4,735785711984496	2,006694800687921
3,1850725761008563	4,021478637061261
-3,624075966921855	-0,24581385043581427
-3,2441814524710946	-0,2965493727688677
2,9646016204771417	3,7513399610325524
-2,5366565503563008	4,746958529059826
4,68651779586506	1,8714841537764388
-3,244999601582558	3,523597198949719
2,038797679134704	3,959782493319748
-3,3681336428389748	3,663929113987424
3,032860413758116	3,368940115024632
-4,103480084558806	-0,18141316053623013
-0,3007230788942683	4,76475653863932
3,3668952331636226	3,3899902638157666
-1,3416694984579913	-0,37873733422959655
-2,8201327022749334	4,3263740441859735
4,22414327647346	2,721878414825704
-4,306117344650723	0,15445729273161168
-4,352648820307303	0,5143528546260631
4,488965057274999	2,6905362975646816
-3,975456709349589	1,589319130672048
-0,6314377375889519	4,093176790076258
3,6394438978601475	3,394396017901496
-0,8737398550985052	5,435765236503691
-3,839450061585149	4,472634297051217
-1,7167485289899713	-1,173811329359939
2,156960323168521	2,657667445309385
-3,9731408781151387	3,47638649120626
-2,7310511890724323	-0,8606300814691343
3,0403297715740627	2,9713240842530233
5,020305756801711	2,370075582845414
-3,355151470741853	1,421651449199132
-2,074689379806932	5,577452327072095
-0,4457039271213632	4,022222524519971
2,4596617011567505	3,0591073592679
-3,7093532855740183	-0,023404159500189814
4,597024440376019	1,6125893946799823
-3,370944867024188	5,104816647317899
-1,386270400461322	5,590938695130776
3,6032406595853144	3,8836215863577856
3,544875070446248	3,008234733556804
-1,406764630293626	4,52168061470694
-1,353518430482398	4,916066905985505
-2,985336956660544	3,985622353861499
-3,5303867346860978	3,4739841781068064
-0,3971862816096705	-0,010758755145641619
-1,8605493674818883	5,254668051423193
5,098591184870999	1,9542793592387933
-0,22157602348057548	3,995224711332898
-3,872125329033871	2,9764614070204733
3,7776493919643723	3,5913182944752053
4,856977023187351	1,3443781263800303
2,1408729686906582	3,125425121841073
2,104675216253483	2,573937276980644
-3,378543464397629	-0,4410470202547394
-0,5706694815868452	4,248201115053645
-4,497548743262751	1,3658339321154096
2,3561733889185112	3,2534213243583983
3,1485356078585163	2,9881921202792627
3,9802732197037347	3,941901367401316
1,9630635900130535	2,3304481844866
4,197806026377713	3,0381831501897985
-1,6993691121899868	-1,179570214650779
1,0759968422450366	2,217765197883418
-2,9624213338481566	4,052195521818412
-0,351264542927034	3,9268595493320064
-2,7874206396712164	4,767581823782113
4,245799134636474	2,848828746234207
0,27351368998475034	4,522994252793215
-1,448566295514281	5,22049133284415
3,396174695001636	3,1511515565374726
-3,60097298226829	4,61020612822248
-3,130838933732945	3,9006943203864197
-1,3520589723143406	-1,3675691678834858
3,9940156321780416	3,530730487066632
-1,6965785882803142	4,782822270228338
-2,7628059713121846	4,883718856567579
4,332037814592473	3,478731828060443
-1,0213200843366543	4,356379884379526
-3,508887506713527	1,1385505040781896
-1,8449370489232875	4,616239685710463
-2,368869454302728	-0,7702228598987799
-0,6855539259356369	3,976648434992796
-1,1421676014704263	4,545662212764309
-4,273977492154682	3,624949309090097
-4,083830281464342	3,7939932226131656
5,032068767920686	2,4566882020308807
1,709054221782946	2,3913927051990216
-1,1090221898942805	5,257565672510733
-2,5815365763711005	-0,22548062381466005
-4,106898364729269	0,007959121196127517
5,540285007289447	1,8912572292234062
-3,5822407735345143	4,969027737092906
-2,0525343403163165	5,179341747046685
2,814062503290976	3,4270682630609492
-0,34020904115583006	-0,8302428045226882
3,7385458147548594	3,6965668725943166
-3,2344765870810033	-1,0129805585659184
-1,112625510657847	5,415333429577917
-1,8854423626387244	-0,6961704344427857
-1,1290156071580564	0,0657293553178766
-1,8844808636052133	5,037087607903321
3,568046088825311	3,6098702865838512
-3,6043590590337757	-0,9324528150387856
-0,9337055433243394	4,245199871080507
-0,6447544195847328	-0,46966057895559254
-4,15807748943922	3,452077234893047
2,998758083522495	3,049637996498517
-2,152171675770959	-1,1188968911597805
4,784540853705783	1,9087050249819053
3,6958107411334793	3,0682696817012345
-3,273815904705295	-0,30967847511442015
-0,6371853340432654	3,7496809636487822
4,39426707538005	2,5563155277742777
-0,6418214890114675	3,8657877719371214
-1,2696604706301198	5,498757225553588
-3,443029146133233	1,4502669270634656
-4,2252127272790885	3,26330246428683
-0,7750885717987563	4,614933837166805
-1,8611013764302329	-0,6066075213833595
-1,1764351737077683	5,5225285326975815
1,2134681542607826	3,206625771522093
-2,3932781130917817	4,8258674723756485
-3,288469488516898	-0,6879910764844495
5,396459840691124	1,4781421164309496
-3,816336357963235	-0,1923753287493719
1,565837873190912	3,2300364775247745
-1,988280252220793	4,6484859628028765
-2,2855699651735004	4,582030657580409
3,1043834709673335	3,01804527930014
-3,1042919833047393	3,208270863837993
4,70372083919433	3,3124378952522644
2,952241491341062	3,9779503992689644
-3,238436083719575	4,486594004910037
4,529778672628864	1,5414758922860399
-1,0173427885086792	4,616692923760974
-3,17020364333841	0,07035794125500283
-2,1969480613986176	4,862313273746085
-0,2829670302566303	4,088318806484795
-1,4415029438675533	-0,4507602967641213
-0,9538691483338471	0,38176400103673136
-1,6116138512498508	4,684224605217727
-1,3920316741945138	-1,0497641269373046
3,536367418117953	3,1459609043507455
2,8017676272114644	3,9995497973874503
5,091795500719918	2,1798006764705957
-4,344251014979259	0,20566449096173223
-0,36780597517756264	-0,6615091796187007
0,7411856740235985	2,5755811842936236
3,014756752835043	3,871845791852782
1,8213367043139863	2,8490799782791454
-3,1388749573810006	4,541655134922795
2,9547945785286225	3,7975029554470567
-3,425502831257486	3,475553521879007
-0,5111529196120725	3,5862600227159045
-4,521325479014395	0,5859142903047272
-0,6773468072195881	-0,03371683487031518
-3,764436647970114	3,7092277987933393
-1,6809824858126818	-1,2884549292651246
-2,5028942373929635	5,210648816926971
-2,6669647518191626	-0,5211826268433539
3,882224210425474	3,256265524478975
5,124711648124292	1,2776776363471234
-3,9203831880663245	3,148854323790038
3,931557811508813	3,0394605316530066
1,2909583551700792	2,1211899552263165
-3,3725478558747652	0,36025645709045184
-2,0269765797809898	-0,7539183481189338
4,523842816995741	2,739819025302598
-2,5508309539838554	4,445097132368077
-1,8013444709258892	-0,8763749379032446
-0,8071294544340466	5,199596291313913
-0,12824813925466505	0,08491329146113713
4,345512622202608	1,6771110537434022
-3,6339884753070946	3,11012992525066
2,952397278866988	3,221885658850111
-1,1312111125713276	4,392864291553008
-4,069869705046581	3,3428168953219077
-1,7550050883151977	-0,8114642673824919
-0,5398386725722735	0,15206478483895325
-4,218001490674787	1,7649921913213842
-3,525395484307583	4,507576978558537
2,952224760572802	3,1657290021188444
4,98096506455007	3,267347258118062
-0,09088324491619448	3,8649396216247465
-0,6493649379508748	3,7714643915022066
-2,8700898506894186	5,21281837708937
-0,16634758311363274	4,309433748616119
-2,481808680247382	-0,645174697379516
-2,01201326801285	-1,297209089496934
2,6671827199109703	4,102356940857586
-2,677114818362395	4,130908706861112
-0,4311616636692832	4,1357681882933885
-0,6756217614383107	4,1127402384658645
-0,1706711870088955	4,679764726299249
4,9995474038085534	2,2732374475461166
-1,9446766337247523	5,058357465277303
2,056511122448775	2,990501112859764
2,635474008513262	3,1932624085802725
-3,3623790739626385	0,4143666478045983
-0,2535919586830375	4,051105572871133
-2,8691432453925003	4,712916930456777
-0,6582091397510299	4,591131735983866
-4,062855111388639	4,101770202304734
-4,125114685439063	3,0634281619249144
-0,26815404754022043	3,9132131383994824
3,3017718009453296	2,9475599477112095
-1,340873577062831	-0,3969185533896922
-0,5765492851093437	0,023803839333499943
-2,6905602848174075	-0,884705096094756
-2,1197909186118578	5,000700998350107
3,2479833025580866	3,5050930211358913
-3,1699046756429645	5,288113610844901
-3,4879179196060393	3,487139133865983
-2,9807557410819143	-0,01855080796471631
3,688910528482628	4,000880981531662
-3,723473643268169	0,8080735037018916
-4,044020450414308	3,0597154902557455
1,861278835488859	3,0647278453021185
-2,809112680748086	5,104984238951792
3,4059445350636044	3,929903432768549
1,8562591906839259	2,4694608919922363
-3,4615092659975666	0,2625760129778083
-2,3330806397270702	-0,6154513730856737
-1,6628785488531665	-1,511930630688079
-0,9995504301731604	-1,094944042675377
4,5338295621385685	3,51094145678465
-0,18043675642421575	-0,0816585978526676
5,465287572053047	1,3993135736724278
-3,3612686222246766	-0,3886908681888728
2,2357480991378047	3,8834680203387455
-0,8084372457716105	4,456108832377171
-4,275513863321447	3,523882028721876
-3,1641551217273003	0,21080807060603646
-1,3523962830201317	4,651786260531222
-0,5801820344554613	4,28552282365027
5,002030225247468	3,1099122379903816
-3,5428607441566973	-0,38857911475299445
-2,790757810326683	-0,8898840750355206
1,6676328098361681	2,690104894259494
-4,141277509882553	1,2943509180948671
2,0056007051832268	3,195588914025982
3,7754950417562885	3,7486252651631773
0,089665427102404	3,688224448027472
-1,3639017847525376	5,268701393819753
-1,2796541363118477	5,599809612734546
-2,4380316539246665	4,543905868934246
-1,2665162983425144	-0,9835387618276761
-0,40786760670781796	4,288914445982653
5,332353682161289	1,8695211057117163
4,572208143595921	2,2711089737257395
3,037622661415431	3,0126890121381806
0,21153864404044564	4,527478430515425
-3,098523200477283	5,112645707579351
-2,8012858499593922	4,103555215501835
0,14497087022699628	3,9802627795479664
-2,495361352978122	4,3426229148283415
-2,35988763516134	5,421905037572609
4,155455370123229	2,8852456903792967
-2,3214058694783093	5,331243405010147
-1,474899553987182	4,647947746703659
1,3217417783985221	3,0310939138133657
-4,244990170621276	3,1472842545445676
2,2727976209750604	2,9964692797012518
5,167689880642752	1,5387708942084943
-1,0589228931697634	0,020801458046421528
-0,444737641317724	4,59555852679408
-1,9687166399624232	5,206568129696355
-3,441933694026612	4,3717635827655075
-3,076072819947078	5,005543216506593
-3,6704420043906016	1,5604456460072158
-0,5019299215508741	5,223550113173051
-3,3923149792507408	4,592159254773432
-2,904855306026661	4,511661996999184
-2,821358527985847	-0,22175093228061638
-2,354282568271282	-0,4486019280296656
-2,7047405378969893	-1,1717006761997988
3,4164487949530447	2,9520473114994843
-3,641841579137002	2,805815074952295
-4,006824352713988	1,4386105318776976
4,744226084688296	3,344560736477162
3,4072009612472667	3,4670137735720887
2,599135773060593	3,1651254238657422
4,644345002479817	2,398460167519356
-1,9671089409627407	4,948162379464987
4,292938296558636	3,5238310535381014
-0,3872874984050285	3,6934922898847296
-3,611746253465477	3,474859994824137
-3,6124013642640245	1,4376400938832021
5,349794684736491	2,21988975335136
0,2832735285504395	4,079531255144538
-2,2879771182567135	-0,8873432052271579
-1,74897075955713	-1,4668913040569613
-3,549043877359534	-0,9341819721015123
3,6587224936565805	3,485464913291409
4,670495501786399	2,495268691905592
-3,4905303584855023	4,7305761704441105
0,8658236193451363	2,3067247415748824
-1,3320348760572023	5,327098416839627
4,466826149287986	3,0613489719274947
3,5089518673958486	3,644887208669901
4,599056157506383	1,5991119451554208
-3,7217027657064374	1,184001930880339
-0,045884928263401736	4,57559586690569
-1,0783581918911211	5,216432230264358
-3,0808088116966124	4,193183982210082
2,186708471599907	3,6534806750843116
-0,8246044311423675	0,08033707152286351
4,108649018972454	2,822013576036738
-1,7017893089066147	-0,42652815601189165
4,361394305597325	2,288917187374154
-3,994959819069882	3,0866876846533113
1,8883558692448563	3,271068092862157
-0,46958786145816567	3,8179351899948815
-3,479343376443534	-0,03172133711981395
3,191466186347661	3,330508737789021
-3,503017113836968	4,966762496031139
-0,833499585825205	4,667438775498549
-3,841875676499334	3,4639553249518213
1,7940647640639102	2,949888290595688
-3,669926601736138	3,6469920162384515
4,943080090653275	3,3421077589448926
1,226865936451876	2,8714265665098986
-2,257342877814758	-1,4291290004364123
5,475482011671806	1,7933769995617945
-0,16123796897530962	4,139950692643302
-1,6835745271607583	4,710495911894444
4,838516820803781	1,932087395470409
2,3384055322648725	3,997673176703914
2,4150763970339524	2,836017653811454
-0,0919113767036781	4,566397278936014
-0,42098373885670903	3,7231676730023113
-0,6582804995777978	0,01554515132135248
1,7162288194359145	2,8825201351648566
-0,841479796620523	5,321969538481266
2,8732294354239314	3,166262161316576
2,1915777750013277	2,8952095291695885
4,267784270178262	2,4539839387365747
4,757814408670989	3,080634081446134
-0,9496150148798379	5,05982387311795
-0,27880195339503966	3,6453939051536537
-2,336970007994012	4,861143169197863
4,118351729082963	3,545053884632682
-3,6703192859533473	4,389464330798514
-0,33012158011914217	3,7641676991105713
-3,0018706616644573	3,9860979934557013
-4,01886723345717	0,3227214848795217
-1,9264632884262503	-0,4032296113362175
-3,1545195932024805	4,342163065886084
-2,8223412179495986	-1,2280041225010332
2,8663318893984284	3,1530486499019137
2,497323261512361	3,983564293365429
-3,7606716997026055	0,6751799623512611
-0,6862648987975379	4,54680423170916
-2,238422139999982	-0,7845071283064982
-1,727753501519192	5,577852344408429
4,577771400566385	2,1172775593784623
-0,017656454562372526	4,652891628215954
-2,247962368011806	5,1753479905034885
3,457469299663839	4,0741413505736155
-1,9525953430131517	4,480744750493807
0,166075747036174	-0,06109895065930071
1,6402250588330558	3,719054886961226
-3,1453002403767734	3,0518299087514333
-3,608976767223109	4,569293267030299
-4,29932903967525	3,2765736945016926
1,5771796839279166	2,150360803096939
-0,5500664735992569	3,8208249065483164
5,0459794685021375	1,640889960969855
-1,3641048791806085	4,91173593701167
1,987027326845725	2,641285617157851
-3,9038831728128827	3,435134171129706
4,731766678379872	1,5163371710453022
-4,045019798729198	0,7877194683286172
1,457301464998779	3,3648381380675785
-0,1492398946947897	4,494063784768605
-2,4564785512940905	5,411035020910739
-1,8861609254760068	-0,3535458572556902
3,7462302345036447	2,8205105027685624
-3,3009977909347326	3,7618116952700036
-4,271110943611729	0,618778369253461
4,544405766605811	1,459344149821983
3,2932852651788753	4,020624049792368
-1,426659779479948	-0,8328794557539116
2,725914905569629	3,4463565640635814
1,7359677950704882	3,4788467128864586
-0,1907110587520502	-0,4722485345351668
-2,627643086728072	5,008771254494792
-1,664596200585772	4,988479105664014
-1,9967033438665414	4,751252610531327
-0,8719149235266803	4,90191116225793
-0,7462608937709361	4,403929169617844
-1,6460048261198983	-1,2624129145625678
-3,0990869130123855	-0,17594534574359422
1,7584315871131193	3,6300029548743398
-0,15223950111941886	4,314845251819376
-4,203743958397936	-0,05305873836099528
4,943290406118786	2,3705265210261275
4,578708148330573	2,1618504751351866
5,0868048376644985	2,481807921937695
4,077621809880413	3,9069156174077677
-3,3008472484561637	4,141281673486702
-2,726369699040081	4,8313158915721175
-2,2473190152250577	4,396323508667985
-0,7689859642202739	4,633924744504384
-3,430231089917506	-0,47634848283922104
3,8339819407592204	2,8550492348065077
4,6155046111136	2,42693715986001
-1,0610121987497605	0,18123011115549903
-5,226055164217069	-5,904266570078886
-2,9921384121277503	4,228750654167682
-1,558413107826511	-0,7086448207165239
-3,0569888174366913	4,04801211228901
1,9875400520702402	3,338947334101766
-1,3352520433598192	-0,6785890317649188
-2,39548384313298	4,693997527356023
-2,0259480459135806	5,232026186197965
-3,073081502549588	2,9189893849773076
3,634930209412441	3,431881406436844
-2,920498591268717	4,410333388630111
-2,079723348656905	5,070380087510126
-3,3625925305571913	3,9126230935979756
-2,8823575759402598	5,319875750938937
-1,619361426232638	5,625254561679977
-1,6086945580038678	4,44241188552677
-1,2955334459329242	4,800574451438388
-0,3557494033606903	4,732671123641338
-2,6757422403590114	4,580282692726927
2,984739087588173	3,010775002912162
-3,0330297793151626	4,8938883842510466
-1,3729668903541068	5,5488988352302115
-0,15073445466795987	-0,5675509157302274
2,8332814158963044	3,224785076845323
3,081021468246838	3,9776343357572705
-3,8384342282098967	4,268859149144113
-3,145271305967728	3,3379698391393298
-0,8260568159113906	4,359881674006648
-2,2449851140107353	-0,4719681141124408
-3,5566531265537695	4,430074282607126
3,858971240147045	3,0764877529501202
-0,033715576511932355	4,7204826229545205
-2,7410762489159	5,019071004701457
-2,415833627098038	4,587800918205883
-4,072055876571245	3,6929001101792407
-2,0578588056618337	-0,5018226311303897
-2,6598752047932086	-0,7433314761657965
4,350021240931564	2,5188613872132333
-2,06714861661066	5,481514213408506
0,17188824886157028	4,047603991242637
3,0243330265548605	3,105257251938785
-0,28416394515370746	3,6360730130461176
3,5399036801306103	2,977053607208063
-2,5734475397279644	5,4100128437224795
-0,3720082751340106	4,8733699479337265
1,869695634379712	2,715901882629364
-0,22634877701611034	4,471109360875797
-0,8563733645358476	-0,8247887446467772
-1,0862253310983423	5,322248790704486
2,5663906525730167	3,6020559492184487
-1,47773219730361	5,0124740945426005
-0,5283254790902607	4,136274512209427
4,607932642571965	1,7413376679940775
-2,828980294904727	-0,7901350847474184
-1,5140543746514998	5,296344557596647
2,4519283093982285	4,078895811619832
-2,561143993627369	-1,3739841923218403
-2,4354940023474088	5,182227071867455
-3,613457695741176	1,2566858115594424
0,2270193537726224	4,435227587215003
4,625767114118874	2,7166809587067324
-1,9172623159367153	5,400635592303337
-2,3137053462240953	-0,6034036161151901
-4,545136485886429	1,0307806573258902
-0,286974816796004	-0,6378083019848231
4,224630378283362	2,476660684452492
-0,6130892814512201	3,7383205032301055
-1,1721016108311206	4,578468682624665
-3,126868381878225	-1,0149208719115954
-3,4489655037349745	3,707788285423742
-2,6394328163380503	4,268674502323554
-2,458594695031227	5,340723752773221
-0,9239842296541704	5,468720462543205
-2,6492551644045186	4,36016368179409
4,708947699563652	1,474872682152951
-0,500502719316259	3,893688303612416
-0,8887167399705656	5,142587897341269
-0,6427176917203752	4,055116084030204
-1,1798907253426507	-0,33385479923830363
4,516750260082917	3,4870420491415297
0,26526157154934515	4,021150923475201
4,254163330239738	2,0870447449896443
-0,547076916220602	0,20415513579836653
-0,7956503019576135	-0,17412388286418112
4,418843932889319	1,5468870522463785
-3,1177494242337582	-0,6399996519705602
3,6201159248370844	3,0584694719151795
-0,3615275200439787	0,14033929808854106
-3,2479776058489502	-0,2896100206666823
-0,6902017211324114	4,722549783832378
-3,0175172699032626	-0,5603244919003132
1,9967496617146976	3,19528590650605
-2,354630211366607	-0,4036304375168769
-1,3087439881994476	4,622285186106465
-3,2275663948909905	3,972833140743691
3,0556771535094787	3,568695872104933
-2,8336091263153427	-0,5547913855130489
-0,9579015592678644	0,36163262859911416
-2,2918790480795463	-0,3509429177939942
-1,9785381426184836	4,715386398382743
-1,0050706241143672	4,313376242714771
-2,1795527865669335	4,593636934773513
4,748162632001582	2,006512753857652
-4,178295174259114	1,2818098305497547
-0,718621734189969	3,8444594575583015
-3,9159244632814323	3,7252846661092947
-0,9714237212652095	5,155641715494438
-0,5889683891560868	-0,7939084600193853
1,6403912547662927	2,0571059878289013
-2,8371063124606177	-0,42035902802801495
-3,4504396225998546	0,1552763178939658
-2,6473556372900315	-0,520174221799512
1,7920504231698335	2,041968118336145
-0,4264006983913837	5,123627670716598
-4,172630704547858	3,5442650631079298
2,6803828938156187	2,990407473445804
5,180516036639753	1,451138180831247
-4,305537889926511	2,992206198428004
5,390355119565769	2,1247680052412448
4,244882456882188	2,7977842591863924
-2,0663437919283782	5,551216565688554
-1,7055557872948954	5,621450093485265
4,871529912935556	1,8155333183889382
-3,811836835087295	-0,4252152412772543
4,755012134016532	1,4022632423392951
3,8305870135437976	2,763729062785298
3,3927476953133837	3,4048511794113354
-3,6165119133126113	4,576940722897596
0,8961234989806002	2,3077302126319945
-4,003724988871029	-0,30707050265994473
-1,0886003778844593	-0,3192022126468579
5,00379753522349	1,796304588878805
-3,7590282070970433	3,5039061490534777
-3,3983811809461066	0,22099699810897666
-1,2241463478707018	-1,1030528286828742
-1,788444596325122	4,9395866414557466
-0,6156620971704625	3,9844314318970238
-1,2866605681563184	4,7431119942941145
-2,353101132603154	-0,4474410672365008
5,167421916408465	2,7503446004265655
-0,4533792710302127	4,346745859484719
-1,9951517262908904	-0,4243853803836659
1,01255181054383	2,7606266485439397
5,494782230939549	1,6107393409677184
4,333933460537923	2,6098652623903984
-3,5276731826936443	4,039357742055854
-3,241177512896323	3,855899483877134
5,248470743386884	1,4062492668120896
-0,5288140228359912	5,045881723687113
-2,7143920869186307	4,158290033217102
-1,1680007991030623	4,92725267981873
-0,7173516552010288	4,177072039692366
3,640589273751809	3,2386816727572754
-0,7100094221612514	4,12052413551461
-3,699402061211678	-0,9063489813313585
-2,3497404663816477	-1,1810170507543614
4,968721413232963	2,0656877281764294
5,140265556185153	2,6446819392720484
-2,3074056061476	5,489321096099963
-3,2691950925997744	0,3964280840106241
-2,722976818549677	4,6055467856309384
-4,333022669726326	3,238018271210356
1,9337234065137199	2,6177698102408815
1,0852978572983734	2,858334846837961
4,676751177723605	2,341840607641921
-1,3232388567519275	5,019342597545479
-3,4403997214931685	4,263910426362839
-0,6028160098459838	4,276338557549077
-0,7491686392633068	4,370397567952662
-0,28098619279919435	4,0579588742777295
1,929556946684813	3,6181340677720613
4,503384562177054	2,318977907404669
-1,1953507605867302	4,487302666728725
-0,536422678398371	4,557312079286481
5,19970888227937	2,334836155537902
-0,8946458942483434	4,1031793978777955
-2,673493535410527	5,2752994144900045
4,2409101120336405	2,8106561441127034
-3,515005033282778	4,082594471024349
-4,315229599947921	1,4425588081337262
0,36905627018159604	4,0851577082913915
1,0094652957958026	2,561824918628841
-2,7807229702159715	4,404430292126099
-0,580947184639528	-0,4744984235200671
-3,6912220835960556	1,3555255646994087
-3,7777630412287215	0,4185217149781634
4,131649708999273	2,5933049611643795
-0,9480880662879665	-1,050860010493041
3,7152296632872575	3,136115338842969
-2,5721985364462703	4,861178752378923
-2,2307504047558684	4,396186671509287
4,226911887841192	2,2577459520191354
4,076655495287199	3,6695713128556613
-3,792077503601	4,128807040852916
-0,858054703763613	4,43678068523572
4,8525767277274925	2,0196140470218027
3,3267395732934983	4,09460919135682
3,598676642500239	3,1709605282271767
-1,9995055976461404	4,437892447495937
-1,465606143571605	5,224471070075204
0,776290887940418	2,702135960691218
1,8363041889424794	2,081493220234417
-4,071957678974783	4,033627542139778
-3,5915024972650884	1,2968637301370993
-1,6751374768251324	5,117911708521712
-0,39355445962206104	5,125259180409426
-0,4022742284014249	-0,04313201427142599
-3,605563228920063	3,6944669021560763
5,17311844532631	2,9390300747677944
-1,34864077469438	4,666724930764608
-4,1305092811579245	2,926687181664048
2,098205561958755	3,6786181699099716
-2,3530026373968713	4,816908714570269
-3,172203161691292	5,221817648759673
2,9144819736287464	3,386112977688514
-4,074599092142068	3,8889427770338014
-4,0132556996746205	0,5980322265137634
-0,42449815180083195	4,268405756234907
-1,4832764791478552	5,607942466398059
1,9735756105215754	2,4300445661428958
-0,7799847516769034	5,185824393526078
-0,9404880478069866	0,04333795097362747
5,077388175775752	2,644555351451773
-0,9039328966441229	4,83535384828985
1,1880014090522668	2,123314395757315
1,4880368363209886	2,9398266568573552
-2,3194058604744265	-0,772295947536288
2,31257817062039	3,125428486899078
0,8529890851392641	2,295852387895972
-2,3358146498762125	4,915334215536892
-1,1149976824588554	5,218010627736166
-2,4931879164411623	5,3189146694253315
-0,3415785514620062	3,798682393577474
-2,0477279252303284	4,5266292316978305
-0,9000651807473525	4,838888832957754
5,336622203096001	2,0420990130240426
3,069070298313098	4,080251796259691
-1,9432620099762483	-0,6552281966882196
0,9903373804598892	2,208476902504723
1,9709227445094797	2,4333512215557187
-1,9344007239968601	4,9582879310559145
-0,974123779315835	4,25394837946445
-0,4232190212675724	4,007631172578099
3,81008787381223	3,2117981170469383
-1,2151709086980027	4,493486738963173
1,5212446677964555	3,545721748863972
-2,356268294479264	4,681465972691597
-3,053011605022993	4,581941320657743
-4,212810104347115	0,33827951392520916
-0,42923433555199697	-0,5187147963838585
3,276617820622417	3,686109243455978
-3,5712403634428744	-0,44460220925208116
-0,24853792708507116	4,291841390160419
3,0860785288362402	3,786587378317858
-3,745671055617998	3,207386589935302
-3,508309003542541	-0,06979693881433136
0,513690461281022	3,795941869175844
-0,7464584289420368	4,9382972192994385
-3,015371761368698	-0,004709902116927678
-3,930336742708389	1,6254883647108036
-1,4615648540025807	5,323135993876542
-1,9618296917565714	4,841085533129393
-0,3562490302062773	3,8475983576717514
-0,0782271489940789	0,10456916015878459
-0,5531579276011129	-0,07383540578585457
2,648403883377239	3,5240777844408058
-3,6751351481387866	3,9316983812043267
-2,4412370446264613	-0,28621596728413645
3,684613349986145	3,456444462136065
1,2804882243961861	2,125045739600479
-1,6971365767718702	-0,9579349177807157
4,345472273706272	2,299748226204879
-0,3469528365785637	4,636927305016404
-3,916939048484646	1,3327665589983906
-3,141879608381104	5,211718113149821
4,585330883549985	2,7664113381524382
-2,8653159216265003	-0,27083022385626543
-3,6126971514032435	2,9906815634043973
0,02368628974184972	0,06882438623916098
-0,8168183877224193	0,42142139951124447
3,639163896533133	3,8643876185086694
-3,4607342521441167	2,8436116012337553
-4,037868568724907	3,89881348380788
1,9746663520130934	3,8989294574617293
2,4705640442886816	3,893312305795627
-3,807114909125879	3,6729336698267203
-4,425885405679557	0,12296646498518327
-4,219820745242653	2,8364095190796856
-1,09445315781908	-0,32788138094872377
-3,376729086856466	0,4955223530622955
-1,5487346826291057	-0,9428980559760523
-1,9056902016767734	5,126513400691798
-2,933411085184849	4,081880108291285
3,589784820845311	3,228595108712354
-1,704863705851405	4,8579021045867945
-4,0630250451252365	1,0605657881422248
1,6232669328645453	2,7366914312754735
-4,1580803277359335	0,48828588417734353
-3,142306943591401	2,9997706979160803
-3,302492292416768	0,5486351181919278
-3,239200151556663	4,611626373172253
-3,4191286181660288	4,356876231492114
4,863955705756378	2,8878087038651437
-1,2754206439462523	-0,9022086609259794
-0,33177746156794274	4,223494018784725
-3,4753860565045174	-0,5831397517371191
3,3713255988967723	3,537144578754948
-2,5493007176343094	-1,0957642758632886
-2,201381550753868	-0,5156013102170662
-1,3309117453406583	5,145647420826234
-1,5639269849517383	-1,0686279672115209
-3,435850762568829	3,5445817751222197
3,868763986864117	3,0646786570769353
-4,199110093020956	3,7793559214298442
-2,0984927605106054	5,436954629559087
-0,4286046948999396	0,017267134831144393
-3,248507288946164	-0,5533494455154759
-3,6876613331220236	1,4033617224728052
1,5303937156829706	2,0741360543719196
-3,837850670813916	1,0638145143238846
1,8563507221808202	2,343827415023969
2,335839484812719	2,9462532597096196
-3,3898477726265868	3,1399147701763503
-3,747244705777731	3,3758435315376323
-4,018625366665596	0,8382377250007236
-0,08237069515304918	4,543261690041646
-2,5834587302926337	5,069054285332595
4,163718517266535	3,9081215873601867
-0,09699989492223438	3,716157202120196
4,697624629242087	3,3774846640347804
-0,6178478580070801	4,335458160225
5,413319322829949	2,5274875652204294
-0,6891407171039414	-0,2817987420866892
-3,8552505632889646	0,5362859382081161
0,006581847073670488	4,505293686913195
-2,9352058646219166	-0,011900810782374704
-2,2128413200999684	-0,617874754190523
4,523037734259713	3,2597229579365283
-1,3759077490824583	4,616780811764295
5,519620324918279	1,3404706821854786
-3,221056380568185	-0,8025228800181843
-4,114110072327266	0,8090778856273159
-1,966904885447733	4,829441681688403
4,73924879144196	3,033743409406265
2,934720958885945	3,139994695468158
-1,2686287440526574	5,021669164280696
2,978407305425924	3,3463078783297666
-3,505966405854115	4,775390176517248
5,5502528881982425	1,6004028852850634
-3,547553374614009	4,106048313432701
-3,203615464534928	-0,9502187833393285
-1,9900474133329924	4,932774149905207
4,00784577572049	2,810554070257359
4,4099028024594835	2,568544130462137
-3,6052922027131893	2,8791775921725407
-4,253490840878557	0,9865200750638157
-3,2464407057177356	3,4907285001950887
0,3368945148243301	4,361170747620818
1,6332089780179704	2,1050798874231513
-1,6374645553357225	5,34954804494302
-1,7565987914000156	-1,035004926811632
-3,6619679723053773	1,0445117430293267
4,959772307276533	2,0489914278619317
4,735879121091857	2,2345669807198716
-3,3818848023801475	4,265799331608678
-0,8050089743672653	3,9002348228343005
-1,8672544260962827	4,942027541578373
-2,8630222594901036	5,343638211319856
-3,4679839081864934	0,26115178597592426
3,460925366967633	3,5589460091580967
-3,63312589275004	3,9380615207065626
-3,2882711358681425	-0,2100319524552372
-0,22836086238768782	5,055348351727487
-3,856228357048087	4,285344959301524
-0,40532588499240196	4,407545588936961
-3,0021996941970395	4,719235489373421
1,3458508345119071	2,1484147673928633
-0,578330417435488	4,663080559373094
3,439887801022927	3,246646844177631
1,7437397899207083	2,045641459335378
4,646610228839844	1,8216081926065346
1,75842194878693	2,5296656597247003
-3,295868741092141	4,463676889169749
-3,3253099698412156	5,02020734353652
-1,8537960597145253	4,528689769786737
-2,264839483143092	-1,119686298063062
2,41926138044402	2,908701938998882
-4,088732680977656	3,9930991441360892
-2,030567644540019	4,853828139192132
-0,6993133411398522	0,024590754555881555
4,004564042530801	3,051036556110969
4,700543257143987	1,3929971446212959
-3,616630124410377	3,7615654684506867
5,1745663432411195	2,0888014004707114
-3,7199199706899777	-0,38348780960977624
-0,9101534763284166	5,253303012108729
-4,136008507003501	3,820332655330836
-2,1438060393817118	-0,4253717972360054
-3,482851882486747	1,261101393968874
-4,102084326248006	2,97350020716089
4,569777529673658	2,079056255703256
-1,0264331917647636	-1,2586042092932659
-0,6732713695883219	3,6633192342403027
-1,9573013250136768	5,304014155594703
-1,66568754792723	5,455696488649512
-2,3390892374136207	4,916004906138657
-3,7650942329143473	0,8022462876687536
-3,561151331593171	3,128760393821743
-3,309006391512508	3,0271789455211127
-4,07794877968703	3,5653790164351737
1,2127455208333087	2,22321175678971
1,0059851287287764	2,9631748219970167
-2,7008017156116173	5,204624752451153
2,3167679880031895	3,7523880318963485
-2,4952690685981267	5,23731072715468
-2,5450119387807524	4,72956009446265
-1,2243878895796543	5,326299623451587
1,357475829665371	2,68596340920406
-1,2332651475776	-0,32957787831201557
3,506207310262617	2,9175662481355875
1,2132901726824468	3,225430994153549
-1,324986322367545	5,364781781821533
1,781420716728754	2,545592023044237
-3,769652269040015	-0,3171285210076351
-3,247135646289471	0,24987341463723367
5,3358913274136235	1,2557752724656244
-1,7783433839808116	5,018649052057945
-1,2821014746663493	5,607467264635828
4,27098554112148	3,4552154912854203
0,00912545045448132	3,688607974754514
-2,7367743969361373	4,374818822391813
-2,9714434559268748	3,8334577815954987
4,664778972672102	1,9251804138250264
-3,776213904968601	-0,5454761008896898
1,4037894308867975	2,85009081275063
-3,9328429596168135	3,6791499280079836
2,884463283420715	3,5218709292206762
-0,7665591200499304	-0,030957607523808717
0,36687245380406464	4,181147986971977
-3,3072102102893846	3,188802093431292
-0,7776837652369046	-0,8607600744057025
-3,833630274450604	1,2812216994027703
4,249690271861848	3,2659199664718077
-2,9684215120541344	-0,6939230062722621
0,00023682763770205284	0,07297737551494321
-0,5759931391323188	3,52805113704986
-1,8959214263712072	5,53627565194218
-1,0714500489448253	4,253611370841909
-1,6607835306518357	4,476626483783257
-3,727825467498646	0,24014690703090047
-2,7062346588220865	4,622847186700172
-4,312291696159331	0,8870220380903547
-4,010649893695191	4,048196514009866
4,758911983490333	2,515177954262776
-4,228026533100853	3,903969777088104
-2,9603994923074985	4,037883694552704
-2,948684155053585	4,961121926913666
-0,6146460017056679	3,7804787529076664
3,3156216670135823	3,136408490407905
-4,16170208959367	2,911376073249849
-2,428289452177988	4,489522206131138
4,795812029481073	1,6996202929447055
-4,037957577171454	2,721015824681924
0,22590750284837546	4,192767649002802
-2,0386452729746316	5,038320742013684
-3,938907296600806	0,5392900060815614
4,492907709030961	3,5792439033948584
-0,10471890771986292	0,03488025129381411
4,717861432445924	3,1075189343866407
1,448213937751933	2,5148644680442658
-0,4790306785146816	-0,49716722770611566
-3,602312518452603	4,44300879433903
-1,4642119607577542	4,511182498968259
-0,7313716171176428	4,29237621128409
5,102171901050779	1,938122684161029
5,43984644916355	1,971945251347055
-1,1226736567201987	4,796113019337472
-2,5539287367856014	5,2866191634805535
3,8368211718328853	3,305777448171436
-1,5542027850041018	4,999851521328067
-2,8956685844759917	4,394176190287366
-2,3732496706876773	-0,5788628158810192
-1,415243409217939	4,824457137266151
1,6764549456677451	2,814795876515478
-2,3262926841098905	-1,5212948490566482
5,0315811270241735	3,193915270435762
-3,7443947629019627	-0,19757303254772696
0,25585425515474136	4,547060042652019
0,8572920832546003	2,257975722905569
3,6436212300785624	3,0118767968295757
-2,9676927295829865	-0,08721932078011618
-0,6459792161476006	3,6199263930124497
-0,5554310228635277	4,7384785363157444
1,3588848419129693	3,2753539335498267
-0,80305233712584	-0,7680636819989395
-0,9926117076834303	4,23072643426848
4,532882409231121	1,8308144458531719
-3,9269248827230516	3,758529108696232
4,4057353106618065	2,539915639146205
-4,155704496518796	-0,40843913838495327
-2,378939339965025	4,481960938555287
-1,376816707744883	5,295455500764826
-4,058026398992157	3,7565486777156236
1,5364861177161577	2,6991979308836562
-2,078744095600516	4,743094282640975
-0,1571264581844538	3,806936163848952
-0,4171527900244272	-0,2971460162436934
-3,163492244392212	4,6320219173675845
-1,3321074422499342	-0,6290334568457681
-2,3587643971312398	4,634749807108101
1,8880408011218133	2,2747814359089777
-0,08350355581649427	4,557681116388973
3,3423223356566907	3,39704822510116
-3,48637561099038	0,1556395509607318
-2,7445584213031244	4,202006257030141
-0,9876117403620968	-0,03229657432494348
0,28659754751077204	4,088413672258927
-3,5176334691874036	2,815433701708719
-3,2502897511173847	3,4543203996942156
-0,4666578477067982	4,658521219207477
4,538487415485388	1,7196605680608414
4,551387817093495	3,1352585794257557
-3,552922576159462	1,4639133494157979
-4,026068087048206	2,974295636867127
-0,5291517018263474	4,980008972821457
4,674196550478233	1,6679833821138097
-1,9437610208211682	4,726077174727044
-0,9989416956333246	4,282721694636994
2,9287196169669123	3,49488975909823
-2,6714658521126604	-1,214293280288056
1,715545583346013	2,141548822719964
-1,3331854269318357	5,351750557258986
-2,943316849822171	3,9366437690501597
-3,29590272693659	5,173155684040943
3,740616656874669	3,9167709625571616
2,0671225987169857	3,781653519936339
1,2080775063495808	2,6287395153473003
-4,05360689792471	3,851327921070985
-2,1860771643457166	4,905635638737058
-2,288101446944853	4,758882017890167
-3,261923653369756	3,232780336054879
4,601705223134935	2,764332782247135
-0,884583660886972	4,14559561441308
-2,363355841682076	-0,4073641860238373
5,262554667293898	2,3574867887698603
-1,8425523319356316	-0,42476854725213586
-0,04269633805384232	4,793880983232278
3,778689302912051	2,8102552758474197
-3,519789577024091	-0,8099225168127913
-1,9083991043276947	4,913895039917403
-3,8771371171964875	3,987626143098883
-1,7307195744458697	4,66475989343372
-3,233192876887406	3,7753322080881437
-3,2931031538119577	2,8471375338422753
-3,252912316048922	3,4734359889662763
3,8177257827753417	3,5306496933834284
-2,7554315660855218	5,262939246541261
-2,347331379874525	5,276228721059272
-2,300558208975291	4,518986456409207
-3,127501226805488	5,047855888739085
-0,2756402208884876	4,5812284051233885
-0,4879696473311159	3,6685194366713336
-4,321385405448834	3,076636313829396
-1,6652491319595837	5,029283323543246
-3,175805990355206	3,369677781167668
2,492067921653617	3,383529865027199
1,9080978029738194	3,569253739789133
-1,4666362014339454	-0,8242166060696472
-2,8527970989317692	5,266635968406064
1,3553962532694779	2,121137994160097
-2,830057359077466	4,2852589176844225
-1,095548175599012	-0,15449161132603018
-3,5929125742361814	3,1995085565900414
-3,370498500052486	-0,518944991887601
-0,3095307350907659	4,148530576304637
5,261711476331652	2,477737825345718
-3,9789292486629364	3,892460118245623
-0,22942745731946368	0,06790167583801776
-1,3273548483190705	-0,19427969682171065
-0,7830197724737604	0,39867015807686323
-1,0124338412114477	5,231989270612774
-2,1947072111738968	4,783493219247068
-1,174843290488837	4,305621597726193
0,971828731135199	2,256413901149257
-3,0908564087107138	4,196014205378971
-2,749714886523577	4,831493365786231
-2,2687668954014533	4,596861369407076
-4,250405836295271	2,6848220232874285
5,368349462684741	2,3094538710577504
-2,7378799596330152	5,196550031536176
-0,8312145777913902	4,670962495629423
1,831867277009286	2,313576571755175
0,2941639464819492	4,209967539900289
-3,3887366427572205	3,213688918697386
1,0619864801718735	2,7550994513452864
-1,0998136116598747	-0,802274442221214
-0,2755373520029858	4,175198074147687
-2,3470599535262773	4,8702727449290375
5,244641723492678	2,3882714520145765
-4,527609475970388	0,8198173245930721
4,328119051623776	2,927965523958722
4,4790916311111095	1,852730084766462
4,805083728369439	3,4112805910307595
4,364580059925546	2,140536340083351
-1,577555806683222	4,627131224466899
-3,2635940004001784	0,16847543539672105
4,389834190078938	2,1194866742508305
-2,908505026534651	4,369282818052214
-3,6184838813797846	4,806453459734438
-3,350727286365701	3,502159985512286
-0,3708816292081858	-0,4889078362755477
-0,1267278811057886	3,7500990170645476
4,1184721844333785	2,9700002172728537
-4,103146963821887	3,3683377730119175
2,601552864674278	3,386461492871605
2,95702196159705	3,06857591220584
4,038951694979005	3,3953277614933013
-4,285835382599174	1,148469135846461
3,014763145771241	4,002102619242074
-3,5212674411283356	4,340251366891726
-2,2596812553646357	-1,0591629786867052
-4,27933881227701	3,1243858248791154
4,297793491347274	2,6935347566224657
-1,1906350419184468	-0,09413586510217864
-2,400216124988201	5,082727618521762
-3,3311209562850728	3,4358382363247766
5,317663309648806	1,3231062064641157
4,362318008421217	3,564614209773702
-3,0994567499336263	-0,4021879936288315
-1,0305340777034842	5,1473623156524235
-3,1034239819444887	4,737515123733053
1,9140881798974383	2,921387600395726
-1,400266189488415	5,327821464395866
-3,184060348513612	3,4474839435781788
4,382084778019353	2,080800604543724
2,9357976407739375	3,624805953019952
-2,7036399560119144	-0,5862977398199667
-1,6149530688744258	-1,1211342917904852
-1,6683248511419424	4,570856573904548
5,445284446522805	1,4646320899445486
-2,6430411730433456	-1,4169840925386366
-1,7344517217685778	-0,3691789996295456
3,72205266812935	2,9643885095699796
-0,5704439233257119	4,150246907410274
4,937854114596654	2,334806887772812
5,005887288068789	2,188903649383025
0,014500025581551279	3,785014357419965
-1,2014082797168066	-0,6763808766716106
-3,088987985584657	-0,5528180983098911
-2,1315379269647554	5,043998636009856
1,6130419417577195	3,2081721039257567
-3,5228049362079994	-1,0093057037166613
3,971063038118036	3,201211048532436
4,047484212785777	2,5741866886933136
-3,1096510384255454	3,2401555020841983
-3,8882236941667028	2,848543139907012
-1,6376546424404879	-1,125620796700649
-0,5269601314554491	3,7071682640368118
-2,7006394917669807	-1,0700605814963513
5,097299237773476	1,4366948796079613
1,1064323075811673	2,829703802241318
-3,605428156080575	2,973292613105258
4,0674581045935145	2,4519276808957664
-0,689167131682451	5,223046963230056
4,776280581106746	2,1138141892463733
-3,216373544617805	0,40638714622110195
3,480632902257276	3,214256924409573
-3,7414814861365806	3,649428594519802
2,2886837233678925	3,295529198236476
-3,598524686459383	0,26617453511952804
-3,1933860349930487	4,62156586172104
-4,27689047892153	-0,2149136366154738
-0,6678398958127449	0,24943157164401564
3,0714515609592454	3,127839292525552
-3,7744688835695284	0,4647464124673839
4,455449226000837	1,9442926732352783
2,4129553938730766	3,1373712614714084
2,0137951613172635	2,9990734632342084
-0,558326219850654	3,835139676282567
-1,4347096489815212	-0,2960998879240859
0,04206563805874741	4,627435465585528
4,584765084153678	2,3626185151059556
-3,394026589105599	0,6818971839055504
-2,970937595866289	-0,7811264042674264
-2,676400434536843	-0,5110328019722985
1,4038389929575106	3,3068215070617946
-0,12602055676126467	4,545023857775652
4,988270197113765	1,8363620444640214
2,493939943635429	3,9059215152594904
-1,4339975575731734	5,266924265956192
5,455050474374165	1,235310283751604
-2,085741045634205	4,749324533098136
-3,8168096130374085	0,9984814945378413
2,9660797920297868	3,2013182961043745
-0,05050926608502526	4,359797405202075
0,721581690168779	2,3959189597365675
-0,1955673919761869	4,165848461644575
-0,4394880180339691	-0,3300014185021931
-3,0410421073013603	3,6641317124552772
-3,1574188236538356	4,707094031790969
-2,7571844835650827	5,332188724187965
3,2131357141319183	4,026324096792263
-2,626691672634939	4,592964736025573
-1,9512494006713201	-0,9938791483299689
-0,5543614608182805	3,889949749650686
-2,690430248491226	4,187733822803987
-2,133722407793537	5,1515297839465815
-0,45256271007600035	3,7325038550897087
-4,249584798158835	0,3851564293201648
4,75453707367786	2,4764651132486084
-3,508533366641016	1,4383117335413127
4,148297477185038	2,3199256045468455
-3,0289965962417384	-0,3191003597876281
-0,4998373811189565	3,7531784302982434
-3,233600970342257	4,339519348376808
-2,5881141857537644	4,467317682490469
2,0839359768174	3,506313086422767
-4,370109936670188	0,10544957049366488
4,546401151353345	2,0530299184536847
-0,8191491237808974	5,0684728572658715
-1,744746083207068	5,559204211725947
-2,5955205136548942	4,276655416581101
-0,9135672988928614	-1,0706374737898465
3,3435657467508046	3,6565963629568516
-3,382648312146489	-0,8791078911493668
5,091586062351018	2,3117961106561604
-2,762399672099757	5,243676656240497
3,78049413776062	3,4025687095178876
-1,5425057811938023	4,737910171095228
-1,8625932621427426	4,7025464417320535
-2,615667082212239	4,203788866799574
4,55119799708867	2,790274970210739
-3,59733958419603	-0,6504584034086704
2,917180478715304	3,9311321850238636
-1,047677682611573	4,570904842981529
-0,9596039864447579	4,256721998146607
-2,743749428201977	4,566278840982641
4,66109564935675	2,2431996703385577
3,388708379196519	3,2195555546510857
4,413038966984675	2,699024873756114
1,8312692576704424	3,859900807276139
4,469963865641567	3,514574300956097
-0,5050642900696174	5,2259941749308325
-3,066867789414019	3,401672357626343
-0,6936851922783687	-0,4315219003605164
-3,1375435388189192	4,148114439830501
-3,279038335695854	4,275218925237665
-4,509664062653676	0,5793760508682172
-3,1732450840005537	3,336472494188251
4,602608417183678	1,8086226481077932
3,597471142271796	3,7370148933819327
-3,419930292198044	2,8757815750910214
-3,374800432952158	3,4604309946036036
-3,1913912533944266	-0,7014297623587689
-3,583327856591758	4,3435523856089056
1,9618987072121576	3,0860558064169705
4,519058953514118	3,0381201563490787
-3,7774472840196047	0,17494822214770078
1,3807638118662633	2,3747671062960434
-0,672526670803957	4,697270293925406
-2,2030519624006377	-0,38618356456699354
1,5792808214481329	2,1896540790798644
-2,8745994277923304	-0,7556963155422272
4,671090179114914	1,9672513529820692
-1,9235590992618699	5,087580353891052
4,486273537019967	2,6434157459577388
1,0496534282759016	2,9675990099000953
4,0081455893453	3,9227641242387947
-2,1129139782390456	4,851451581442605
-3,7795933660661913	1,4738506589768532
-1,718151704012301	-1,2031727162616024
-1,9951500619134404	-0,3239135192052476
4,447057756258086	1,997811536263588
5,367284666764982	1,5826029055177793
4,068961318664044	2,9998120273468802
2,386544635753634	3,17536705287735
2,3937686278448886	3,124316983845916
4,678464690694576	2,4666566579615328
5,402853973994684	2,148823348588789
-3,169822939967162	-0,32241899926449924
-2,2515914939144688	4,585136673537404
-4,085452278905156	4,008717068575625
2,4586489196756665	2,8666394993753785
-3,482609692134546	4,07663698980953
-2,1855598334444517	5,096554595255533
5,183575869619808	1,9498416250071275
-3,811172790686364	0,9764186807379422
-2,6788568939852024	4,93304572910125
-2,223618859250622	5,222627265228434
3,8834962353993348	3,961095120917185
0,029704920401091295	4,4598068272539555
4,690215515497232	2,1232273607323795
-2,0177809414440584	5,306445179528142
-1,0477413497932686	5,391673416234825
-0,687993167212301	4,015516934621017
-3,6513290946883457	3,6747698336460286
-0,6191957210219106	3,855582165832371
-4,192246203744032	3,4380174200191713
5,1017165199451195	2,6626416076094372
-2,709160518185684	4,686738562622186
2,2394946369630717	2,98620520384174
-3,846323255970457	0,7360552123239199
2,342238866663873	2,8432949480266343
-2,9885680056588377	4,103716453328627
-0,8716040127042657	-0,7047339950331466
-0,2063860184108579	0,08547547715296577
-4,316583468117432	0,18167779894878267
-2,5342579783963948	4,4218416149117985
2,48975290853014	3,6832190223761616
0,019377051763248776	3,8337397695052275
5,031276107552759	2,474161855452372
-0,8490488488264603	5,476321244564185
-0,9333033365487657	4,300037761020919
-2,237991787320255	-0,7780073814014359
-0,7311244332864624	4,575588159057226
-1,1516804917892904	4,6977925392800035
-2,4680662450202897	-1,3379435557555825
-3,3489431262283595	1,1268868367280236
1,7453622227582446	3,0291338852687426
2,8892694236636434	3,99178332041123
-1,067334868779736	5,508240236301341
-1,886255553371651	-0,49987288535749075
4,673074929151126	1,3806794947882302
-2,4495654626778283	4,567925806760984
-1,2242159417011451	4,288220520466073
-3,567129290977877	3,207940038593533
-0,22433801314438484	3,958861033205436
4,64159801661099	2,8086486749248367
2,3344842349892465	3,4217131104007787
3,699103793366437	3,9036613162584084
5,377170876202604	1,258395897950054
-3,251971373923978	3,0679366174447007
-0,48252652466643875	3,7342489365072633
2,5698455711205495	3,0882807165272412
-0,08879436903714621	3,7780948768047034
2,025385888092533	3,657855612990527
-2,0683453633750775	4,765418089362966
-0,8582894572384383	-0,9406475122633922
-4,0654868920739915	1,0183326432703073
-2,4614277680169323	5,3450675354631105
-3,640163307102909	0,6728969072374109
-3,80985973704738	3,842054918229631
-2,919309757705493	4,121325514253256
-2,290421006576211	5,0930180417079525
5,058336288999508	2,941038286969494
-0,5685720946689634	3,903982700275498
-1,8881116005986665	4,978398832470799
1,9359904533224097	2,325114021827428
-2,5815421885275693	5,1523228479412975
-4,246575462146634	3,1510468819915216
2,2073635099999196	2,7664540925341763
-1,5519044336746382	4,574925097678818
1,8260791792711757	2,6166158179067756
-1,3169888748907543	4,703898799391285
-3,1391846194592388	-0,3677729250238939
-2,5485187071007744	-0,6227023886192184
-3,3477157350444378	-0,10577735020639967
-0,6973611278589671	-0,7545015503049566
-4,0341900507532324	3,2800117591374285
-2,998126222672867	4,978227941660856
-2,218791981584988	-0,5965040394798269
-2,950764301989939	4,634199151490184
-3,4839847476687007	0,14315786784915052
-3,295199806192218	-0,5073414569599661
-3,407153057792801	3,7969771022609593
-0,2869993106237354	5,000468366429216
-0,6395360393133631	3,955317891948443
-2,8685518664574854	4,133992984498151
2,4390639269250185	3,3750631645951685
2,646928723954842	3,767204172364646
-4,1222091235311105	3,323354603514778
-2,8586309123744007	-0,7260872147998887
-3,292262072594127	4,244178346452242
-0,7272839412800169	-0,3659897193574233
-3,239910678804481	3,5847472007279384
1,3218635770962766	2,355961582730319
5,108169988226486	1,7966797459367279
-3,6995911574084417	4,777023027674701
-2,046836416108069	4,651461570201767
-3,515184902312547	0,011225290952356692
-1,0637294173640213	4,909120322203081
0,23376527659806734	4,573262118888714
3,6121112133945794	3,656029419371153
4,791422746604091	3,231321700989111
-1,99439292985218	-1,0062393065813189
-3,9949439455980857	1,2316985573929093
-2,726409993481118	5,015175530099032
4,8104381176258375	2,10466912627255
-3,7648826896366008	-0,18789768450439115
3,344790039663841	3,5876215278616117
-2,9718393137803245	-0,7056956855031742
-3,9710962917840655	2,7661550886395987
-3,448893314720539	0,7093512223773939
5,2819368385185115	2,158573669080517
-3,677376378825712	1,5337875308209736
-0,5613091377982553	-0,22821219401517112
-1,9835839970963456	5,009614648775328
-3,0447732473908693	4,403455796646233
-1,1631295605103351	5,264404873452509
-3,1237412834911025	4,525264687286927
5,3207137693945	2,5982391253550445
-0,7734994125791341	4,5609788476075135
-1,5119727883624974	5,231672107468265
2,2978138666711456	2,881972605242373
-0,11258503187085456	4,181123126869245
-0,7700031919269501	4,255528605512685
3,6194294651095062	3,787488825978607
-2,082376315627842	5,502386231100566
4,54596507317638	1,5367596446482856
-3,5187661515556137	0,2270586243245034
-3,168543201109901	-1,0743715577787567
-2,8806393562520647	-0,4599467826926573
0,10924697518172044	-0,0012556116513001703
0,3525219189209581	3,752756147785662
4,635358355535729	3,457325280999477
-0,779433000930533	-0,5786147937357546
-2,4321369548621865	4,985515004348386
1,4882752052188621	3,102792242906129
-3,817783736248613	3,6276703502532444
-1,798581004805651	-1,2706719402358417
2,2754113248759325	3,819962913664624
-3,131877384913464	3,507369781476565
-2,8236889148952065	4,9991391620785315
3,617389376982395	2,8983468451019148
-3,7611289635630474	1,144743372673352
-0,7146014205204672	4,767205838515377
-0,41027362336119233	-0,7932575808341227
-0,8066840185698823	4,0857444251418045
2,5961366488798046	3,612641056686423
1,3547365461197498	3,2294734290840874
2,523084683211264	2,9486290732431018
-4,0675461616450015	3,643226738700423
-0,6119731419991552	4,552897767276692
-1,4159564149528452	-0,6659922231410746
-4,135715200435582	4,087403399100889
-3,8481740775025544	-0,4838390832459236
-2,057372143154684	4,905587013430562
-2,3594911427438263	-0,5345814308934949
-1,706743700053589	4,650641259968835
-4,33878816022475	1,327816703151514
2,8945912268177936	4,014516361782411
-0,12755083867898365	4,988392460921239
-2,6093148869296376	4,554269317433544
-3,7217916244159834	1,3990681821275799
2,6888715905498124	3,610826474258255
0,32603177237855907	3,8027720062576833
-3,2115373918388856	0,21635088531827096
3,5550370709924923	3,059181182093531
-0,6796627987304675	0,04056527466903748
-0,5799143032265948	4,417451104750567
-3,409345560432574	2,999371294423264
-3,4803184472478312	4,6627689743221
4,38440403473042	2,711808670924568
0,961326027035522	2,3569531762614915
-1,167943794289862	4,414387038556104
-3,032346662378476	-0,6563027352670334
-1,075704288505573	-0,9447309831730344
-3,5133414828364717	3,8822785031288998
-0,41196922738795805	3,559843349590205
-0,4866247308979128	4,851926634052056
1,6025868472189289	3,181254435896427
-2,6909046563673034	5,378746914799649
1,3367633601917046	2,5508536986427477
4,223972520218132	2,242931488355246
1,953564648186416	3,026972050447078
-2,523018542017346	4,803593340731972
-2,096054401341533	5,312281456354748
4,626109651691964	2,9159685308223584
1,3796733544643405	2,6595178984220427
2,901824351837748	3,4240517049847474
-3,6220076771395346	3,9470748786711063
-4,158438649306882	0,9433917805074872
4,564172921397445	1,7117365376853497
4,8068824277942905	3,0628790454204973
0,947950999523536	2,6990305105673915
-0,2577190898653279	-0,07158732105828025
-0,6188317362256519	-0,16053449397267006
-0,677375325294981	-1,0004500371490408
1,2465593884891826	2,6346545812845377
5,348845183660391	2,653307444417003
-0,13764537677952426	4,896740037206161
-1,3057881102885474	4,618760918309263
3,0591780319604283	3,172162228692878
4,62710191253611	1,7319607790055613
-3,3181239823364317	5,120638274364741
-3,1477701909307156	4,193914102725954
3,9443506588273785	3,740491541693947
-0,31133656190459047	3,6493762607839275
-3,251836000081043	-0,9127326913936049
4,333951072095534	2,0492354860702493
-2,834091468280138	-1,2527006681471544
-2,6756049462309077	4,221468912199941
-1,885706208355156	4,609270853508494
1,346508760587233	2,531727024957207
-3,3608954752446785	-0,7481453772105189
4,460904749615908	3,241712967928312
-2,5582468239618823	4,617624889651555
1,5063682966911915	2,4968915945538255
-3,0761265705710863	3,8320481081538396
-3,725165328442152	3,062914804959086
-0,9103092669882504	4,936955092491783
-0,6456771125380081	3,898585049995938
-0,5773880055090597	-0,7869691314753782
-3,274361350251869	4,10631653876415
-0,25959148615097205	4,455722445166295
-2,07140494169829	5,0461061534373055
-2,44569386105517	4,57491531922514
-3,631313079846752	2,8707195231335607
-2,1789332754326844	4,537588183734216
-1,2361260090109487	-0,4745857296884264
-0,7967764463056366	4,954385055870876
4,626914220417665	2,3312958607977095
2,884171345072275	3,2539565729559694
-2,2078829810957616	5,133048177242904
-0,7083958016964242	5,114184060868117
-3,03431626695126	-0,49676795403192986
3,78195770412193	2,8260881989362794
1,4288338102878906	2,6898829317722432
-3,4858829095544364	4,776289708369516
1,605106159852746	2,541184474521953
4,618744929830109	1,7565285539313695
-0,45510765233156336	3,7133485901738115
-2,654995845661879	5,505917187992322
-2,017762986627055	4,601074535815536
-1,8635068015659886	4,612273745698811
-3,9496804332630786	2,9558645833925934
-1,5824747515699435	4,728157975701917
-0,4678064722194195	-0,09529959203748462
5,3525301692099525	1,4177060280522107
-2,224489473950658	5,30227506963319
-2,9277932309525028	-0,8536793737973956
1,5983569745564168	2,384673358107235
-0,3690098605329313	-0,5520736855565973
-0,2551370631551739	4,294225726362412
-3,231149140058836	3,6056237124875743
-0,24556314234928722	3,8547437461842637
-0,5263049615433582	4,026316360816455
-3,9777163485106026	2,6871247544101484
-1,5325886734700276	-0,5950658347616617
-2,340425843146631	-1,462344557946834
-1,2139169308302482	-0,012997636058096784
2,2581666941705487	3,1470130536796397
-1,0713117800474072	5,286559945792293
2,857133315500983	3,2158372156069936
-0,31227276396944736	4,103372710313123
4,767976848939458	2,955660101589861
4,220510911660237	2,3229721306115225
-2,8232826887403437	-0,4483335922282148
-3,5538897884590357	4,138214681799074
3,3043965443409755	3,9992786020295608
1,2992219231018503	3,399593408782353
-1,8010784372613666	-0,9677324039744897
3,1310777855839476	3,001759550786245
0,4349235179399107	4,14158738452755
-0,3321671178214076	-0,08644057188146914
-0,7004952236368782	3,808356948432805
-4,048366708429006	1,4088407468868034
-4,384136666236008	1,1958230531324707
-3,824535982655214	0,2979030910295313
4,3049174830977455	3,5211915301077923
-0,9247155385126418	-0,05306133869903662
-4,151587214864085	0,3271090836220636
1,9292255852971811	3,697177633466678
-0,3650777750017562	-0,06894243477207729
-3,0600628445198295	3,951128861466116
-0,3341670687649847	3,6562032581690773
2,1384606935026094	2,8772156731328895
2,5047457389638472	3,083412940675195
3,0081221579798614	3,0751690849647764
-2,3756576748963525	4,682614961620554
-2,9828955478737873	4,846119411991896
-0,6017899664956221	4,6738328427948
-3,243336116681652	4,7073123024276455
2,3504488156280177	3,1900982849562505
4,9173080943346825	2,1300149406312805
3,371130412464849	3,7153399980387394
0,020850904281664473	4,060989016514443
3,079025764206136	3,268406278826502
2,200222555885524	2,626166370379191
-2,0844756170937844	5,181764827425124
-3,5231328933498185	3,2454122617609134
4,115822972607811	3,868821738910814
4,960789116294797	2,4361065641823023
-3,0429731340403494	-1,3609785024305832
-4,25462502969986	3,304877582835426
1,7295156034774584	2,0286151902155596
-0,7173563096128583	4,8113410893060395
-0,9305928853271568	-0,9932698279687595
-1,5579875861055255	4,928698251828217
3,06700950624138	3,948605694737865
0,4623779399660839	4,001394436929076
-3,535881126447351	3,9653138120996765
-2,389842096802861	5,073846365871759
-0,571546180401197	-0,6119843248609167
-3,441826319354737	0,3399453678529769
-1,497847401956916	-1,3694793797532698
4,960141002723814	1,9747997229145482
-0,1764559419646905	4,033736477953302
-2,2295472311605145	5,390195828400698
-3,073374948041522	5,031420397316898
-2,4764379203003766	-0,644549476431179
5,277906517421931	1,6458480308219832
-3,6424371379525637	1,0753808329093917
3,4171648939262176	3,2275105483814137
0,31871698777653834	3,773571241712234
-1,119828205471112	5,436439419878024
-0,646648893465263	4,540190428180726
-0,6434281091386231	-0,6238864538345501
-0,560284980710938	3,6791592824111774
5,2239200140704245	2,5179762235299794
-0,768785036485671	-0,4364367091725825
-3,9060480507393756	2,8351532214066255
-1,1616749802823678	-0,31310790242692654
4,575419421041324	1,622738139567439
-1,1642817811810566	-1,1655353646886546
-1,1785032826914168	4,917076148810586
-3,439143723299354	-0,023320810850888996
1,9168600628379548	2,3763495706875872
-2,3959773639415722	4,459980701333579
0,09352451295577136	3,8797754908667454
4,231382258473145	2,494525637616082
-3,841905721542406	-0,10367937304041064
-3,8045256740246067	1,2594066199324732
-2,637192444522841	4,271065421374483
-0,9851653435835862	4,11950396523276
0,29257484143359336	3,7163174265518806
2,561857084500833	3,405556567483588
-2,658519603665449	4,276473493937654
-0,1536302465199577	3,8203733117144454
2,3328123617853356	3,055285050241122
-1,9824241892253638	5,0925637823889875
-0,08394149386624239	3,669951360630825
5,464590500564389	1,648643694723639
3,9617913253777486	2,6289216995072877
-2,1851922610919585	4,501835884129019
-3,2498715197164727	0,13866517658531585
-2,946443072258556	5,292409735048318
4,644434054337274	1,9947562760257136
4,301068683163281	2,106887237869995
-1,5823917716059512	5,391785388664784
2,985874846708387	3,7662882501566863
1,3600057887855093	2,170398143345085
-0,8609485733017976	-0,08568808040988452
4,642782426424791	1,6663713546732368
3,4178877369624834	4,13292209804019
-2,182438459690044	4,8269901029672795
-2,4124247740463507	-0,6649782658827057
-1,6164258352254244	4,934760330488323
-3,6938414135178816	0,05533520330977004
3,914707444953997	3,4051252232365723
5,48941599423738	1,6593588661366099
4,3362395421481	3,2881163285439463
0,7665284368213614	2,5069983704352192
-3,7016412223211392	3,8788304419821005
-3,5263192117313626	1,4940941897898155
-3,9247662660711815	1,557240597762338
2,2055562190774705	3,2527624571515843
-0,49480304531071617	3,779948071056171
-0,7823790460741948	-0,7139697161643039
-0,11261939884835837	-0,38696304624188604
-3,9604072600396583	4,400161016712593
-2,7993279537681666	-0,5677424765100509
1,1467581460525973	2,4250945539732918
-0,13918869848201565	4,248916090179147
2,6843750322177535	3,0868131613823966
1,8289079236938552	2,579446591173763
0,12055412404995836	3,695878538836996
-3,8329916243710866	2,876718700704555
3,3080880792717133	3,7326280568743524
-2,0105045855904864	5,24928976919921
2,7871480141322857	3,181078748972637
-1,7388602586673585	5,5830669189866775
4,968003698173763	1,9705321150085897
-3,1609286672960293	3,4641714331926856
-3,530408681960841	0,4851564503245694
-3,170476531964892	3,4429642493966384
0,372924092761725	3,974180463848274
-3,4567391584689715	-0,33469219401101835
2,7057767026100996	3,1027043763149242
-0,6998799252472685	4,899246591016006
-0,8161928920055841	4,2840744687934365
-0,6668658658639659	4,123062409901345
-3,0808981236632835	-1,2944525957359518
-0,1546786524539696	4,570139200337325
5,08663850921876	2,0694951046692935
-3,8387359856228516	4,0092351992041255
-0,9722209039005716	0,3338195488352198
4,615134717266641	1,5964836971992937
-0,8632688523412899	5,018416950574005
-2,113997694818443	5,217971120703872
2,4167522255508005	3,531341886935598
2,192163007526954	2,606507465368482
-2,366356650576935	5,18701254110721
-1,3892612935669233	-0,5728091255972771
1,1548316667025766	2,7253389791264304
-1,6006879044137663	-1,022206554168328
0,9530168920468403	2,58132373724926
2,255546069755229	3,0394163324846755
4,998462194491138	1,9356676237461408
-4,106061636679904	1,4012389798650449
1,8095158194736278	3,818436196631599
-4,07831639474356	3,4787904371792746
-3,1479661493673907	4,350448489757129
-2,1573998843662925	5,530951382892985
3,3292068429508346	3,277942464066549
1,372952137999792	3,219679979683853
3,9100060780845154	3,07661230125865
-3,2581246344702155	3,317513564868613
-3,629112265619347	4,769964587981486
-3,3817466449607485	3,8040394450196806
-0,09214346279743424	3,879663275595524
-0,42985241785441697	-0,2987003422096235
1,4567030526348355	3,3930237534081806
3,403151545912502	3,546606204041008
-3,4376278705894094	1,1052710584221943
4,272254470563631	3,5348349510119457
4,5147159572930935	1,8438383731703143
2,9130266282137374	3,938267013407044
-4,0064407141810205	3,3469492550396223
1,6170489979245906	2,8467087394349915
-2,4848554516351706	-0,6665865528230959
-4,074610997707647	3,0043732786345876
-2,543117397021421	4,417230093578508
0,4335977782907976	3,7511987390005856
1,2126743455872409	2,888369450572842
-1,2562982701931973	-0,5829010997208239
3,218561758051302	3,592395314368554
0,2864255864232492	4,423856765148232
-2,092119292288601	-0,8424482708005832
0,9671887217277813	2,7105108884017453
-3,2997114298997445	2,9916461133115364
-2,018207666186548	4,91314446380772
0,1744050648896247	3,763300852965754
-4,074785541778801	3,184160480433373
-3,207995800744457	3,257503767868736
5,329988034061117	2,0878664451123776
-3,7574811616882	-0,5258736784432156
-3,1617333989975016	4,90680199698877
-0,10238696697058436	4,7012510381458625
-1,3040078442916414	5,58907472483851
-3,2675849631860827	4,563377421478034
-2,311628646242187	-0,3371629566975278
-2,595202428764082	-1,264563871428288
-2,5211683875906274	5,192692960345546
2,128828479482931	2,8408276976650844
-2,3189089880709233	4,413149860033602
0,10497666572724218	3,639417091088636
-0,9054359176766114	4,163138309241072
-3,287634611889323	5,0569996688408425
4,541864994304398	2,452772151033725
-1,2297329595428956	-0,4551401847867629
-1,445998341831236	5,500057900888967
-1,2242970936987212	-0,5175025073920592
1,7941024610679948	2,4697152247524574
-3,435109454810516	3,8012331925095175
1,0991512347297447	3,0236147948560217
-3,23746765514488	4,670742145451114
-3,3953883811984586	5,108732546872899
-1,9412317993849186	4,452398476418987
-0,7301559438581844	4,549985352619342
0,15563859450042883	4,6717977546102905
-3,855875198433213	4,429344654527071
-4,066053667777491	0,9827430169587567
-2,976831369135091	3,9958185997410176
-3,925349878798934	3,7243070086338768
-2,856435378508163	4,116638934750148
-1,363122523972317	4,7819117318311655
-3,675249601240332	0,4004188559836144
-0,4978081989564038	3,9119866962055605
3,1798523173240554	3,4681617547401435
-2,1204713922128615	5,247906764246704
1,2123956225787855	2,392884569172732
-3,966787745102036	4,263466066170734
3,651852963615368	3,7010873015361927
-1,100232197196334	-1,0604598054013552
-2,524322202729407	-1,296043999886669
-3,3222143441015364	3,9878554036960545
-3,2536010318405637	4,4528660331475765
1,3323975851041052	2,2658703414516426
3,5869381785701764	3,6095297358431067
1,397458050402663	2,629312433137254
-3,2069155433207044	-0,8324243931140904
-2,265749441316031	-0,46221597075623966
1,533622476013098	2,364422819453438
-0,8864891300843118	5,08661289529371
-3,0639443233453796	-1,26027615594115
-2,424531234394006	4,620098067704918
4,266297652079848	2,576152509133954
-1,6499860673835158	-1,1040813188530842
-4,406021928905843	1,7550649266281666
-0,4870642660186568	4,762524852384063
-4,516191159525738	0,7596538484546684
-1,1287634131127402	4,425937851625266
-0,3882189609889124	-0,12888046386279806
2,9646533930385597	3,483339691513023
4,337799256413857	3,01915272684954
0,0499280157017572	0,02886327289206847
2,709327696280945	3,433896123319933
4,07940255031523	3,952876544540071
-3,0200597571299372	-0,14116283687809883
2,61052066890582	2,873346320362382
-3,125731117408415	3,63640874096928
-3,602814381802494	3,731534866605957
-3,693754053398278	1,4890561649149636
4,362241430926631	2,728090792268743
-3,627768504225248	-0,3480688738282227
5,083070995779218	3,026714526784285
-3,696978818578785	-0,0075258729707032845
4,522179421065124	2,272144913498424
-3,2013158430773183	3,065563756325024
-3,6179471817187867	0,5565560705833444
5,167023491831543	2,1080576773025648
-1,8776496772564593	-0,727863887707022
-2,26999148670172	-0,9510989476816212
-2,845780220517656	4,111104347247531
-2,1980839903766762	5,38433819910736
0,2645352271041521	4,090169982381569
4,020613627851965	2,970933273716408
-2,960723782750475	3,9870402152006275
-1,8594845004616163	4,779737222699852
2,5592518813908143	3,600586584081199
-3,7029220517720294	-0,24105408393199634
1,4940417177806566	2,481629537723048
-1,3624591110831032	4,926190845383774
-1,46454450195719	5,402922629343019
2,266146675250686	3,1611851720175053
1,894833985886007	2,659511279525245
-3,474424609681603	-0,6499416640166575
2,8223659466000273	3,9207843903701796
4,802894745864573	2,5426795921723477
-2,0701406443563024	4,790730019189301
-0,05818490954843103	3,779640132847029
-4,158067506439542	3,487989575087473
4,685415781326402	3,543858616541914
-1,381464675790617	4,534297291975335
-2,7803706818638974	-1,0218527062839546
2,2503285664150288	2,8295072003244286
3,858551489729315	3,888865550747394
-0,09354381979065374	4,452423570134532
3,9814634682447654	3,0945868401223446
-2,92851796197966	-1,2023590925461218
-2,6166383927723773	4,8003926153015755
4,562455425642235	1,9145602500542953
-3,8792190381603477	0,48833228725042843
2,060998091320753	2,712567544469387
-3,1225831538091855	4,321966847731339
1,3964599151538	2,9441311606355396
-0,520597220313221	4,507114118862655
-1,055210681374397	-1,266361551501678
-1,2224463403500263	5,596782548378805
0,4445719406303017	4,14540265255497
3,1145240337641518	3,5201074962568413
-1,2148746337188547	4,760125159740576
1,7971146544303516	2,7866481009112083
-3,141705651266448	4,709836230849145
-1,6858634324861799	5,358584361743817
4,651854410327152	1,5370285590269128
-0,37817297414028217	4,308449382092661
-1,450396033321752	5,301098809722407
-0,9312093287945522	4,376406759655884
-2,067195396251217	-0,41732146155808025
4,7948935607039225	1,9475643457136265
-3,7532184890829114	4,721572024718627
3,721517603751655	3,0811317526550077
3,7454965984630304	2,759332076756405
-2,188622494034787	-0,5336702844020338
0,038133650104012595	-0,26882711602308107
2,395160989135074	2,8584391576918993
-3,015392569480943	-0,612303875601399
-3,4366126688847456	3,2262784861144325
-3,476764509501906	3,6765387336381847
0,7261600564864192	2,296888701129463
-4,291582865836849	1,2388417906652842
-3,006794401099341	0,012154267859649015
-0,6895656078756041	4,485532679379482
1,0001398516525222	2,66235252828118
2,970508803938836	3,1054143014567313
-1,3937485351304035	4,831260382797159
-1,2291201191263519	-0,8907420229404539
1,45977095715403	2,5413147701085412
-3,455414176971025	0,7226372641178036
4,217333079231456	3,721232033133951
2,786782669205848	2,982618736905481
-1,2666816284474351	4,444282906405711
-1,533490440741923	-0,5091315982291695
0,97694716356827	2,405430616650438
-0,062072191603210314	4,19747533025268
1,6276786628061914	2,379318679700331
-3,6451743511946706	4,902747160690485
-3,2389079593215078	3,7451745900667524
-2,8678634720993044	-0,46401596414103197
-2,4531825162268106	5,586624105431591
-2,1613402302578564	5,450157631199147
1,2288273083832824	3,0280814297441423
4,73950228574825	1,622177723105796
1,59301223263458	3,7038701247162082
0,8697375265839571	2,341803288089888
5,185642017830267	1,6960811816235573
-3,0169100900557533	5,221896843529885
-3,706729701806738	-0,45329881950519146
-1,7527838032941565	4,993241672838158
0,3524346419797151	3,98394628240575
-1,9070298213984596	-0,553878344308246
-3,0354383533477263	4,7672306305343115
-3,993778943935867	3,2307852870644735
-3,5554604770723186	1,1138502569019777
-1,8878248919617302	4,940014895339481
3,8088645586556957	3,8569112457705135
-1,0850646691726924	0,11784714911567074
-0,9019766727908453	4,3102599999618585
1,0938233966042528	2,2758225108884185
-0,5822833981862772	4,732169498690189
-1,7933475030698935	5,659851885790244
-3,7578711861325704	1,3911914353260508
-2,3422157010275413	5,441938152201461
-2,631625527485366	4,163200008497843
2,935144085179437	4,133712232858171
-0,6832500271503346	-0,7897498564382035
-0,8897017227206208	4,312457959111095
3,27247376349289	2,984108876219707
2,6485047671055413	3,8034395329639414
-1,4828668709294486	-0,8031631142852262
-3,8339405993676543	1,1003980632738801
3,5865021676855853	3,9556141981900006
-4,537138870007594	0,5482647693783829
3,035944783828183	3,648048044431235
2,3020251606341007	2,8014687859750036
-4,021859927075106	0,5954379951795897
-3,282490583879267	3,131909795581405
-1,4057695211194614	-0,7091525355957575
1,2781280143511424	2,556912674803062
-3,7397399086243333	4,135617272079937
-0,5986645263298243	-0,1458255899407197
4,4284618340297115	3,3135880350663602
-0,8366802151890742	-0,32267234007875123
2,02577807858151	3,010009126665357
-2,157080412744696	4,882988760068131
-0,9177290272095971	4,632094716218569
-1,1704965552117876	-0,28206051464712223
-0,5110688363749993	4,67467376881592
-2,6612993417510555	-1,1055414560749433
1,0119618890313031	2,9971691967364107
1,2698413956375711	2,7932951400319874
4,341744861630974	1,6938208622828057
2,72288564185443	3,9526924881201775
-3,973501060616141	-0,18422372493125683
-3,64147123891065	0,01569689980514588
3,6943415457666924	2,9781449870607943
0,19459174203115137	3,863007618681709
-3,1551553550257125	3,923880571667392
-4,165539141272611	2,763482394462281
-0,1844117890086565	3,702235322358778
-1,7743966438725989	4,443572431943907
-1,8351805086526292	4,472402110184961
-1,9096777313638975	-1,0260445800554585
-3,77032670768262	3,3560767382868852
-3,5325771026028425	0,2313917301435493
-0,30082262539557436	5,007889370998422
-3,777318916474562	4,362182216481687
-1,3118766067590237	4,629807318640969
-0,9313251315800506	4,42043892813626
-0,1870028773951573	4,6203661457724685
1,5023470782066823	2,5761727309124147
4,938749957436228	2,7856507348280983
-0,49549480776352084	4,537287039747879
-1,299919994159069	4,549016453499759
-2,2462224512056053	4,9548167699923304
-0,7770248035809806	4,151469592495962
3,7527600999330812	2,856901053742872
1,8131664050341552	2,3048620740798524
-2,0789898868153025	4,690781362525147
-1,5502023788769335	-0,790324838159445
-3,1421251564590804	-0,5824099840073704
5,068615018925627	2,225903770788932
-3,7854053041095734	-0,3036609188229693
2,669523087120001	2,922365124197808
2,422921468400024	3,3520257431521094
-2,980821426480514	-0,7847288412001925
-0,8494356547508435	4,019452295638116
-2,7040707723080106	4,700828314909651
1,1318253092030064	2,312459724102803
3,4424623580638563	3,4409136669205806
4,913717321830738	2,7258670954896362
-3,5322128601686664	0,45806004798711963
3,8968257225066125	3,7968073931173048
-3,589088527013905	0,9320605744211226
4,759659667859058	1,6181325156033743
3,763110875900237	2,9429350707084083
0,1633479319908968	4,344880095553026
-3,218890677916259	-0,7771165867343868
-2,4463693221286347	5,2505338175774
-3,327990301696058	3,1165353810726266
5,17682697781858	2,2748354152908816
4,9448073298759	1,835956302826542
-3,2199401507991676	3,1883760509074954
1,5691429097591607	3,2665208328048276
4,893768475103403	3,0132312088430306
4,503292581818198	3,7295979421879233
2,802756397281176	3,2874965100301567
4,234557905977456	2,881239286228544
-3,6439389504337374	-0,4595618885499442
-3,2825019163261335	4,8753686122090585
-4,0106452412981755	0,8938590734450783
4,722476869024791	1,591623629472646
-3,753310743556107	0,6099237331885359
-0,4913086552543777	4,153019519906358
3,3955981810847775	3,5527832503457253
2,6754788667105616	3,902213794794801
-1,0906867258922894	4,932226686853173
3,7653285496342592	3,9181247746161714
-0,3295548311712344	-0,6509218594280293
-1,9800283021760903	5,119685101393718
-3,072312392333571	-0,5371997981103187
1,405559498393782	2,573514440765573
-1,6360400515227604	5,621233815529807
1,9512023527666165	2,509970659997286
2,3304570972143406	3,4546791583658205
-0,5496771569599357	4,474274733705428
4,550048339949791	1,9833382048148116
-1,9268646594676353	4,722927514419059
2,0611552413981036	3,8623537614094916
-3,427635031709169	4,211018043323551
1,4724753355198377	2,0525846076870087
-1,9747153692759936	-1,5352356697312959
1,529229713956052	2,648261075447479
2,8141815930396272	3,736041973269885
4,118297518655262	3,234237919683076
4,046565138861265	3,51176396158064
1,6622489343177074	2,7446510663926196
-1,1807387411917483	4,450596878387313
4,722893727905975	2,161357562078436
2,4850019906020124	3,975145671790006
-0,7212889645895548	4,147514995583121
-0,8782331711665526	5,214530518782949
-2,3170533890946112	5,238200038166979
-1,0706185318083887	4,808762067597845
3,0255630884969236	3,8932606755558266
-3,682139941542938	4,2772864136795725
-2,993261777912881	4,309299691580103
4,288928810128436	2,597058595017006
-3,2162480789268977	3,1419535585807674
-0,6507631619908412	0,03585137296620844
-2,256071444333003	4,650944282296782
-3,5983292438901406	3,3926079602200074
4,120094091293186	3,1428178804747082
1,3229385133015135	3,198619967119473
-1,4506211010231433	-0,5002797127052458
4,276237280720702	2,9113893887437134
-3,3548408603997144	3,3622400911793795
-3,598487954616261	0,8185645874739822
-3,658052505021562	4,387552453679393
-2,178981059590387	5,033231031983233
-0,8613429345851291	4,453844385110002
5,273166687801151	2,1364769168769304
-4,024147871292769	0,744434143550543
-0,08088656975428532	4,744197442793645
4,614425504155915	1,9886731090041032
-4,029609159258858	-0,6218700485597
-2,9577433225098524	-1,0678257229392587
-2,8532579846021644	4,488219520580618
-3,276580810311321	3,9350093893874343
-1,4509448614185358	5,505094321314164
-3,404873173455159	4,289628011968608
-3,822110805471917	0,9124308700527193
-0,915105359242715	-0,3130227402555301
-0,9446914795221277	4,752424680095489
-4,038756824855788	0,6142337834194082
-4,035858698517191	1,4693163879846085
-3,709134022763501	2,985663891117315
-0,922543922843805	0,11821505478167338
-1,3405152143314085	-0,09188435908547987
-2,6560570444646165	-0,3096076114532613
-3,4606528955599805	4,020674067343993
5,408634930107614	1,6356915229184403
-3,306583065617371	0,3786697151350019
2,149898462722999	3,4911301510835866
-0,8348835560791363	5,181874795425511
-2,9808997370972303	4,878510596301755
2,9723891987019835	3,3865132503085267
1,9910272140337255	2,591453946936908
-4,033595101228448	3,929045326824201
-0,2613250035066472	-0,5446597667431834
2,4429264948931984	3,1359757715568377
2,2277364538892925	3,6936821658873837
5,109009706068415	1,55121757387377
2,4320365951718452	3,446319899086424
-0,6697359398627243	-1,0772875107734734
-3,100674003879334	3,472691700655349
4,497864338831667	1,9290422447867366
-3,111415132244476	0,11188990231910556
-1,5108496482460705	5,543590960891891
1,910380407017305	3,4107961146354526
0,010007363682081882	3,7954413954052226
5,327980678195098	2,435450708194884
-3,31420014341574	-1,0211916658404494
-3,4634816808092106	3,9847635612493066
4,48455610698858	2,2211330989320897
-2,4142189962164187	-0,5623357951212231
2,3679135505055875	3,8227874042509966
-3,9524605101592822	3,275364201404857
3,4790643331124773	3,62957969841783
-0,5954926338258599	3,670312800521522
3,1512248135744994	3,154639529397696
-3,373629739800541	-0,9418212289688519
-2,2374987139395444	4,798523751069975
-0,9142525737152944	0,37278934239201345
1,457474582281159	2,7747149314138415
-0,6338558425406584	-0,9432189446484665
-2,084721853833549	5,460434597309103
-4,276443295705115	2,688778413982056
-2,799456663470847	4,685871505099632
-4,293039437243155	2,9168389082007176
4,515414300815442	2,8913379380978257
-3,349422181041824	4,009309419587137
-3,2135848996559586	-0,4943445390951535
0,29722930232876554	4,209824591308719
-0,5220972380615578	-0,33169150879199094
-3,389937093067135	4,258147564719605
-0,5183485720586594	-0,13378843583840094
1,638174578924676	3,7006050591154827
-4,006758917857217	-0,4464781919238763
-2,0352355166335183	5,147072563826871
1,8388889331187293	3,4364518391321206
-2,679952920599608	-0,7732222791506931
-3,454212206771336	3,9952523782491713
-3,425736175667161	-2,554019509774343
-3,5781219546465093	-0,44210070209171404
-1,004596599963395	4,720047090211243
-2,664888571239907	-0,2433722332249839
-4,151414787170649	-0,33392671431972176
-3,4523707801923287	4,7362184223943835
3,3161755900368997	3,1549812849675885
-3,1124494299078345	4,363472844847902
-2,8232559445007537	4,048159173146944
-0,9438764544727689	4,816332960109345
-2,362123713633018	5,376653272546699
-0,9559492375495098	-0,5736873784919352
0,009827425496450548	4,5271458392530555
4,187755948611068	2,6797570761824407
0,787710023853553	2,3935357387434077
3,1230614327462507	3,6922453859238864
-0,021259497433315788	4,325342515724818
-1,7929551453795842	4,764620480703113
-3,7257866961474098	3,1935597414870434
4,606202083645673	3,200354984925988
-3,9086477432951536	3,8002169415634146
4,166668175098302	3,370431408856355
-0,30085837553504224	4,5782035030134605
-2,4881584394253777	-0,25362692909344564
4,309596307275799	3,3455816764152715
-0,26358403544973874	4,31669891025817
-1,8185042457146028	4,550695027166447
1,5747221726832679	3,1189011531477524
0,07737834399391819	-0,1904344141655394
-3,0955805178225635	3,6449561684641396
-3,100061019058843	-0,995669600804377
-1,9562893758970876	5,015729872547741
2,566004068291684	4,020644175258795
4,2052583102931465	3,066309112026687
-2,5050053700832287	4,91715120172837
-3,873218791698389	0,4911436575981939
2,9624603712225883	3,266234324837583
-1,054122795701697	0,06835766935745524
2,9434955788915813	3,371770132866411
3,1133568685707815	3,719944472106904
-2,473847022647626	-1,2797116937910848
-0,5606249152541538	3,7152709752692354
-1,804168402852894	-0,4142585775791714
-4,1637768868697576	3,512225633329695
-0,6206434280158075	5,07087431292971
3,460951048314513	4,09864936100128
-1,144991702174447	5,142344777958518
-4,054217753935876	3,969299860706675
-0,4685830526094399	5,166349618366116
5,101275309418637	1,831043122120323
3,7271442568911235	2,835943004974413
-0,8578821529664471	0,3437836016277859
0,008521150889618356	3,7166902076668475
-3,2109371562182183	-1,1789512626655454
-2,666645054174219	4,816815628058677
0,35578700429775956	3,7228576334432106
-0,6872124917013769	3,831721498523855
1,0788261891624122	3,1738161821179274
-2,62273288882776	5,206437031798657
-0,4393138117092914	4,455918709303688
5,2100230890078105	2,1742835084188674
2,724344619300768	3,503904789639688
-3,351775400566158	2,9867085146306103
-2,1333728349005585	4,481647100489319
-3,2054841769864173	2,907100246636934
5,271207154345152	2,7206856067951675
1,5419130227309235	2,4664710474234797
-4,056141800466571	2,876849407130718
-3,810416186165431	3,8855116077517753
-3,2440769032503756	3,325099782344653
-0,6323047072450823	4,417873790336198
3,0091139390827912	4,087385157074557
-3,423585442718207	3,133352870741099
-2,947957176889722	-0,395346702262227
-2,4077188328630204	-0,9139065494149776
-2,763802798453069	5,231992173379169
-0,8551757944013059	4,0298559617939596
-0,3987168878306857	4,104860127631421
0,35052591711036807	4,0615984604829585
3,3945325376902447	3,2791852314165935
-2,666291312332329	5,499783281362809
4,754894993889106	1,8893190195244718
-1,815162885558701	4,708577712745111
5,28924827000265	2,512037128285237
-3,181530988991322	3,0997644348225437
-2,2967974974011254	4,763434655685169
-1,491962746612094	-0,2278946975025018
4,15946855995621	3,8231289533740846
-2,0250085179438364	5,195848141989121
-3,043048116911292	4,063227304267617
0,4101535831061469	3,7703431502230673
-3,3073720116200667	2,994345930968651
-3,674804561697832	0,20714586259279621
5,340852975519342	2,1140169640853297
-2,9143257172010877	4,161021113137956
4,381621453324861	2,2449046629956615
-2,927769581568562	4,865662171012653
-1,975796293889633	5,179444422120541
-3,20088896272894	4,799167152923763
-1,9756082501596333	5,6003952431665915
-0,838445503043887	4,229526192452782
-1,0089137733255493	-0,30826595933117673
4,855527128912249	2,0302639655471606
-3,110094632084592	4,371174982144707
1,2717041843667234	2,641241831473513
-3,5680112268555475	4,828093860607796
-3,5489124884501697	2,8715599738414848
-0,6557201045679883	-0,441084681144827
-2,4227743221768745	4,49880330605308
-1,1251800202324065	4,998608266442858
-0,4070172881761751	4,647227949125142
-4,048434288454866	3,834934877010119
-3,3503773602314135	3,505764939004753
-1,4666703455292405	-1,4161055037319459
4,223217191597911	2,4486592403116276
4,490741916310841	1,4915400610674079
1,6140273762827915	2,8162979226909552
5,200803381039126	2,3331320765456893
-4,527246685317154	0,41008636353408545
-2,38674345501978	5,037120108667137
2,4369412668152095	3,065067460499534
5,436994617910496	1,6663419893541467
-1,4131368315199466	4,716749956878343
-1,0443371020597048	-0,09886104148461716
4,323500631180923	3,1855631305380068
4,667245777943746	1,3892065049375557
-0,27792317932847066	-0,6997792680742805
-0,43735634285403013	-0,209845947912912
1,5138183230127211	2,3314370671864952
-2,314667347230235	4,80872137183594
-2,736711480008018	4,101442751736243
1,3622476726702724	2,34723030606703
5,278488957158384	2,7634177978603622
-1,9773758332075633	5,216966588563789
-2,397156548644362	-0,33128443637242855
-3,9357066610018263	4,103622604729589
-3,180237118302469	3,107457830812625
-2,786856058883126	3,9938705941553634
-2,445205688278305	5,482769221867262
-0,8471665515692086	4,819280311090429
-3,4519214575113883	4,094072263938959
-2,5382851286813697	-0,7678521432138739
-1,0969306173835303	5,294157695702227
2,5355588903488187	3,477530256196294
-0,9122303914384049	0,18044229276341928
3,5565160085850653	3,251062950227351
-4,014301019289169	0,22192631600322021
1,5688217314951938	2,5707324755018344
-0,5706893722803037	4,377805036928796
-1,3725025364168482	4,524296037848591
-2,52656088706571	4,603424992426234
1,9601042526386006	2,9922053862699665
-1,8087501031733502	-1,127024207368267
-2,9076298115770305	4,283576013587618
2,4716281815920156	3,2135755759678575
4,727936769716962	1,9526482980811943
-1,8246489196685147	-0,699759172102383
5,191909256976647	1,6131318910395804
-0,5372489329693924	3,5813345814297355
-1,3387801084071453	-0,9720087631956367
4,638524787502005	2,3818549545727143
-3,5147795713615224	3,5092271867122458
-0,4197562061329878	4,7171653482325
1,033225826044009	2,7798999711342254
1,8154695552781164	2,5666773408916534
-2,16315157408106	-0,32316715392140916
-0,8440024619282971	-0,8127151503920249
1,6833440919728886	2,3599584707366565
-0,06760190066832683	-0,20343509403264037
3,830372191318461	3,053702338972019
4,827942250134852	1,3943209618449535
2,489600055494364	3,5733946290373653
3,131642518334121	3,8933558841646896
1,9061088844028777	2,9343058719278003
-3,636930122858023	4,461699055001709
1,8336175470636629	3,0154463351419167
-2,540391140422445	5,489844171968215
0,0976570668915353	4,451616045367059
-2,3290590505323077	5,128886456401645
-2,334442732775628	4,990736167196684
-2,270306031808831	4,731635199855324
-1,7277191537596157	-1,2414979481742754
5,294184832761905	1,9315707520649714
3,8289666407488694	3,240058661461015
-3,9481502964103994	2,7286045033885156
-0,6905670579287546	3,949284941040978
4,3020775989355275	3,6917875969135783
3,3327144653085576	3,216424810620811
4,121796122864513	3,2049349019709354
-1,9787518862589342	4,548868830705786
4,043852140184737	2,734653920226292
4,318872027158177	1,9902693220993317
-2,7597258473667745	4,266157779987747
2,505248879678901	3,6061713497729686
1,9257077989488156	3,831525660487024
1,3232993407051998	2,4232901987367894
-3,786329753504881	4,202127014369597
-3,0793516218198107	3,6083956756750215
-0,5281720178229459	5,0732809205569795
-2,2500460530600304	-0,45120684706635816
2,7496125163072613	3,0337786099025874
-0,5679018590750275	-0,4604269753758463
1,3943243556464953	2,2974990977899115
-3,023867312141997	-1,0324023698099323
2,1183226770644072	2,5383379562551354
-1,8413497850740117	5,049424662078569
-2,4070564011198856	5,0084542435909665
-0,17275760075923619	4,385400092155997
-3,695165347148243	3,4476700317326783
4,309997531768246	2,050668912238537
-3,074588104766244	3,5194314586714213
4,406282931469639	2,192800490117735
-0,9571453071663562	4,094885654896185
4,56675119932912	3,353967893861623
-3,2102370284745865	3,179097741640614
-3,1510408075848115	3,7509509091097737
-0,8072126017923391	4,674375366707646
4,278534379423409	2,493179359051187
-3,5302970220312413	2,9447821353875074
1,8195270020136005	3,663935981183103
-0,9862869415293398	5,407713876997557
-3,017526834606147	4,982583245140283
2,650646325314982	3,2602246166762825
-1,4763870186659598	5,377344090458793
3,421053759188879	3,3392977039949296
-4,269520021507875	0,49065367964737583
5,036178030311168	1,3201799676942523
-0,7752411023626562	-0,21475750696012774
2,1851693673302712	2,923584384981766
-0,9184359427447619	5,0001192848483536
-0,6787670244552004	4,459127241854452
-3,796712599852923	4,37454822360573
1,0096485248419644	2,895102000613529
-1,1218681731868778	-0,9855541766142863
-2,493107078911194	5,167925932700703
1,695928815831686	2,4600241549413413
1,966911040634185	3,3402914016692566
3,5718261419225352	3,299952999361291
-3,0614272716153796	-0,8460621842667688
-3,3414449219268043	0,17577357312408315
-1,4927808641124145	-1,308197754637852
-3,2360455315847108	-0,41392254939890516
-0,842907564752897	0,4191787261420522
-3,5793143941161887	4,395715643762743
-3,310864234478868	0,4202342017316739
-2,731389926155245	4,610233174844365
5,3933406241266635	1,7004020803157636
-3,3009418281369567	4,056538349830132
-0,011610163004448504	4,413346332810875
-2,201447035672399	4,639430677302811
-3,1404772700100354	4,286585267273127
-3,5272867372957695	3,589146697727183
-0,21723345486070444	4,103052927614159
0,6511103339805668	2,2445489059576658
-1,5145367337023568	5,158591637789657
-2,57273243493511	-0,925667433553379
-1,0617901849153222	4,554972220591006
-3,3828987981481866	-0,9827794269075154
-1,963663181862365	5,398813900613872
-3,7803840794215677	-0,6705354978799611
1,942787781072416	3,7406959700447646
3,810444682015298	3,1215162524141338
0,11725024456584321	4,076096137389814
-0,9166920475708622	-1,2514821195163464
3,7145106645166965	4,0461055273372555
0,10310370559792714	3,7710472853583825
4,598073701999855	3,1135763477409504
-0,40424425174940914	4,812934405390726
3,0086618063353825	3,5029217994089663
-4,279250053656859	3,4516052751059947
-1,1205510896741686	4,320932919350352
-3,885158926916021	2,780655092974782
-2,055652417569572	4,420138943231608
-1,8782760816251174	4,532595451536055
-0,9590531956064619	5,313375819213842
-3,0590902464243315	-0,7044799153096053
-4,180548619620863	2,8876949163149916
-1,4019449929951406	4,587875917622327
-2,713977049833792	4,144546057688793
0,24314905530508235	3,752546958117072
2,347247259027304	2,7339277696311557
-0,11243748402751153	4,242262138391379
2,547989531239419	3,092397041066574
3,9774452459063583	3,735846222158807
-0,11640631882424879	4,398861444303072
-4,156023605745464	3,595869426720533
-3,7318439093050335	1,2808205454016068
0,052110666449342036	4,632152685630577
-3,258152366535992	-1,0108611232505882
4,434364272656423	3,0514760627681294
-1,5079439730015962	-0,6128440190958915
3,6187666071824096	3,0116048721250013
-1,5913163141870654	4,6746198717918706
-0,6940738334974592	4,126276568353974
-3,4826037752689563	3,724756291475282
-4,105158823083019	2,869520661009495
-0,6026631269907412	-0,381491322838142
-0,2562466882360428	4,819261365942058
-0,8653430813015035	-0,7702344102426091
-3,256718423229694	3,4049349708627137
-3,0120746588590643	-0,9929405854075273
-3,113769475589085	5,260547194346769
5,332962916908999	1,557606458197463
2,656921979207379	4,026248969394448
-2,463909315534564	4,458731000849678
0,776218147240916	2,2054439326852466
4,529044334085902	2,6021356675365004
-2,421843602825165	4,801815459377949
-2,7034393361457294	4,516144577520414
2,813762263149717	3,3275571413565306
-2,4471008400710628	5,246466489347604
-0,7547510983258006	4,2487491367861105
-4,221759750185821	0,15435486925566821
-0,4998929715815186	4,544440729170112
-1,3939750701265932	5,3013358598163
-0,7785778452695122	-0,2264633841326933
-0,9632353802118789	4,7841456599396155
0,287477538695178	3,8656535037027435
-3,4352353389311086	1,4467416934785162
-2,733883806550999	4,5276752243642395
-3,3237288623990073	1,1627903313521517
-1,5671405921457968	4,599098523969149
-3,224473029141217	3,1360808779174922
-0,9700838391622548	4,101210463111079
1,9758970244681529	3,7617459541080565
-1,614505672957927	5,335162870578598
-1,456088434652714	-0,8895572133376697
-3,8457088443263947	4,370344903457505
4,477873007012577	1,8719105109585152
1,6466796377077133	3,6714562861768063
-1,2661930625456894	5,556294112883557
4,718708260151594	1,991539328745406
-2,3299101008690943	5,052343367034261
-0,2918803557861256	3,5543316119636863
-2,6484508294770657	4,436961393648854
-2,9022371491597725	-0,687161098121208
2,898305871024919	3,210412250365346
-1,8504240192288655	4,87086730509716
2,512478614089396	3,3185249520804856
2,779302093584907	3,338684788492271
4,022676699703108	3,6480665091183004
-4,143697154050542	-0,4378199905873843
-0,3698007865561148	4,68044605971562
-0,47966044761789006	5,268633340480763
-4,0190093363661425	2,7233722525259094
4,694582147909275	1,9049477622388487
1,5306215552580835	2,931845084264232
2,3382236973611503	3,4582785566374095
-2,0601402678831606	4,559981987107416
-3,9202633616911235	3,423297297360389
-1,3691389676882828	-1,3187330674902467
-1,0283597754661187	-0,09307808068700774
-4,066456581020434	3,625818994861615
-1,1643289311641618	4,292724564716626
-3,924841258302828	0,48730817633853785
-3,1101654102565073	3,838594957802121
-2,871222216339274	4,566898111739787
-3,8779973565073664	3,7619137839258348
-1,4741880766796664	5,1361549956747306
-1,570886023604019	4,7609535601687965
2,675096318670205	3,02406022616921
2,0173848117403677	3,868368564382947
5,486600661248329	1,9618659433554475
1,3495311877282052	3,2829054568578373
1,2422028806619159	2,546585611275796
0,9754232277835104	3,0119753015665673
-3,510553752349858	4,63021348155484
2,9317214324522722	3,6507738142015542
-0,5766065843719892	4,811153668162078
-4,128799300659717	0,6767547597928548
-4,010813781699848	3,8944466153365425
4,386996717760757	3,247645333863048
2,4376814916622713	4,03539757240792
2,7100834782970393	3,80035568349091
-1,3676339583782275	4,405605571998717
-1,7824537117878358	5,070921874896362
2,786526160583917	4,054942706794213
-4,4868610102245325	1,465102287039889
3,6087545208235197	3,340404645511305
-3,329278528490457	2,902477655320957
-3,4798781749909913	3,9053606406491936
-1,7387764187569823	5,359686234529669
4,555590089339202	2,9088134439482904
4,836375659371492	2,9887347226799275
-2,8193633317312736	4,981992005235211
-2,2593269825980973	4,8263228269927
4,633931172844941	2,97864289523445
2,7753687032045495	3,8962814765325433
-1,2746728487623165	5,215228859357284
0,32179482678565496	4,206829234321708
4,998545502003216	2,2948040991706335
-0,5530899762823309	3,864874720275362
2,0790253319235066	3,31175691904585
2,9349732212065103	2,9675617088285913
1,7812905595065458	2,08491695419626
-1,4744734725341455	5,0304209883057265
-0,31478368464238393	3,6565901239322343
-1,4337605903902344	5,528575133157392
1,313354900195942	2,1428119032012627
-0,3749901885506819	4,130201609771088
4,20578506928261	2,70749577259094
-2,8374596763960955	5,296721286996413
-3,1780265138852206	3,842460354844632
-1,3719557141041105	4,602358010442755
-0,3888648631658562	-0,08681364719480689
-3,7051247780295298	4,786586504689106
-3,982417469582119	1,1325093438255665
1,5062404854723783	2,6959708924636954
2,9963992235432895	2,9711268383992664
3,1786577707483565	3,6969328083863275
-2,0680133654946804	4,453669794830816
-3,0226688122845444	3,616805849269543
-2,4872482212216918	5,09069128372166
-2,943626194947826	-0,8957225093007062
-3,3341401921729084	3,2002114205644157
-0,9092089772827543	4,110383474947724
-1,074100101750938	5,397518394875962
-2,3031216007272537	5,1699284553695195
3,6959619154588204	3,226016463776177
-1,4490090246561114	4,4986183181821415
-3,2169017685015495	3,1643120646360297
2,0498178294037315	3,0237962750172396
3,4702319986441124	2,9777875567093077
5,074757513374287	3,1771943370008717
-0,6374168192384093	-0,4618189413365683
-0,09713446466144848	-0,26421386846477457
3,623069786601911	3,19117806510593
0,27879770233062184	4,338449062893351
-1,4465608906536587	4,964204355365692
-0,13873050683986277	4,868013727262775
-2,5425407474479123	5,543332896502088
-2,493689705640257	5,350288803908482
-1,7159490212540502	-0,7092899241021122
1,868365706109059	2,4802541154629507
-2,8695437990966965	3,9318723075879287
3,330917576049704	3,0541468518258634
-4,287976046824051	1,2140407734093726
4,042966478034208	3,5399296247581207
5,145903199420427	2,0223173422603886
-1,1762354292216988	4,398127194287147
4,281547332440866	3,4371759131815125
-0,2633827877302113	3,849368884029313
0,9480993597200285	3,0308238955366518
-1,2815666587075498	4,535368447586304
-3,1401895764002634	3,894917837403719
-0,45794367726451113	4,023831921519308
-3,976294391458119	0,2062530362805659
4,477117766170252	2,8654781879297406
3,277376981763668	3,9078254838015467
3,2793800571268363	3,2514438523723825
-1,7998192050658361	-1,0085345288590455
-3,187446825795538	-0,9874269469713455
-0,6232445525927366	3,7168404224397498
-4,200775198592854	0,08718175275988826
-1,039825626943997	5,128920736788706
5,472699319164574	1,3565007074463966
4,630160112739946	1,7310070198154912
-3,2005396724371256	3,148359133721031
-2,3253294365443526	5,108252427474576
-2,373354663210491	5,350695450062524
3,252092046758564	3,560728578578293
2,8297732460236857	3,3186090997687785
4,387382376890507	2,625199768058087
1,2260981069043713	2,7033230783703357
-2,4486785032747114	-1,062336840675567
5,055745132565391	1,9141969347814047
1,626465749972782	2,4120682707470857
-2,4407532857986576	5,308256880924483
4,30955482807626	1,9729695098132949
-3,5980721760120282	4,445841163364066
-4,1063716518305595	3,358607394220215
0,7103287746040672	2,3925317695800823
-1,8095538219540765	4,787760489597454
-3,603134305058197	3,9274399740423003
-0,5949224882837196	3,700749826083198
2,8687878407768803	3,0029221203819807
-0,3878738135696509	-0,4031781247052273
3,0269932104003536	3,118248828808414
-2,0680825098671365	-0,6931576055146056
-3,3870863709910743	3,3600678183223316
-2,7258589597126024	-0,7948101510644574
-3,3523944987668077	3,1534031494398223
-0,43494258162204	3,658678951719207
-1,5599956023777801	-1,1066732884954091
-0,5121757418422532	-0,03644764573504411
-1,2588341955100146	4,903817661383557
1,1510289868187555	2,423558048403499
-3,143321871119515	3,246463158662543
-1,2167773826827388	-0,9311613910146679
-3,134060127186163	-0,1672313636569327
-4,128228885048423	-0,417893682343502
-1,8800154851089717	4,838710909614183
-2,4589028795666676	-1,054612766392784
0,8485412297412616	2,2816079955875708
-4,3882982399395285	1,2266397227438348
-1,8736561088214676	5,35618199583547
4,34719710092302	2,929261704288468
-3,597823868614135	2,8073035466713163
-1,308518297955416	-0,9602458173386745
3,5339908992133084	2,976296979146491
1,8582047546300267	2,967731518997509
-2,741561068388951	-1,3897762842940642
5,097250705698709	2,3102769239945813
-3,1570270757153023	-0,3065388588399711
-2,1899817182856336	4,698559674573629
1,3840855055520784	2,4115276471942426
-4,461339640962434	0,2645328942902533
-2,142522575652406	-0,3188122338692505
2,9313479770083584	3,1196070942067475
-3,1020499459105997	4,068965428144141
2,5255961266948708	3,3294022504902037
4,082499719286324	2,424060222675079
-0,8129692972342935	4,365816213994531
2,7568125462019424	3,131672471014128
-4,1574582265743025	1,3260818577714606
-3,772089296467577	4,73719535974489
4,3787055459262305	2,9305194424373284
-3,6511864746015226	3,282818241595093
3,6352948859659953	3,3875508042041718
-1,6563651132622568	4,938391198213794
0,1023247177220139	3,944765784856945
-2,3704951116995674	-1,1885393393861365
2,775689306591892	3,508520206843564
1,3972166751278485	2,633762541347498
4,33935086295859	3,1765285845925773
-3,161725630023483	3,4573261061095466
1,8476363006954304	2,21099695475854
-0,2711461584639361	5,0648284975487075
-3,6644187950830265	0,33353715462596556
-3,455763849804965	1,421725500230086
-0,7935277597340098	4,985914194469474
-0,2502385649271195	3,791638102598408
-4,136009889794387	2,902809066537524
-2,804810365436716	-0,7408748896197193
-1,9314783527855126	-1,14968442652951
-2,032270723163291	5,264861746021292
-3,838558942246949	3,8095343323609083
-0,6290836420007782	4,08601906797422
-3,8905208424657527	3,2633491828628016
3,730223859441496	4,042140533341923
-4,145985786701077	3,8759715639719166
-3,718965787370713	2,8884077452937023
-0,11492746600176762	3,870359721805256
1,0323485164406208	2,776250211978237
-1,0562114390950699	5,047592038422791
-3,0148346293744717	-0,06989372397647986
4,869344722547398	3,1440267669231137
-3,455350177035518	0,43204235525147605
4,339034513703052	3,3435120511686693
-0,9830508549277099	-0,6755093299295118
4,653881903318883	1,829958483446607
-4,237160670127503	0,5026975887268084
-1,3017432359624215	4,861382483729034
3,456979205202733	4,15761670981855
-3,506692967823718	0,7143850131463982
2,7631147721195326	3,182134735896602
3,4564081518682013	3,448541963425636
-2,7506047004058436	4,28518249006887
-0,9177154142500601	0,44373510797968807
4,508429810482803	2,585127373054884
-2,8186170495747858	4,321675903880818
-1,1655181550809481	4,812714422216294
3,7776874031004684	3,6913983325347886
1,8842938422348512	2,801797433339182
3,500018847306419	3,0696784191492776
-1,5830003385527989	-1,128379167076865
4,978544171439159	1,4312866888250924
3,416732830287846	3,4189928656318376
-0,31744010609578344	4,676048329355439
-0,43303330985251187	4,103890262867182
3,76344816268788	3,5540577249863414
0,16575355976881334	4,411866894679906
-3,808051096255853	1,1868785322869488
4,437101794852727	2,7204893145065263
2,515241188789335	4,029754407534785
-3,5445089385919446	-0,48148323728661957
-3,7812494563295522	0,07946530041038624
-4,192725652871475	0,7607543337893248
4,4390798133775515	1,6079513461261854
-1,706965622856168	4,6754210422735945
-3,3290723741206585	-0,10951139085585693
-0,5551133638021926	4,204597665420923
-0,9091474724080979	4,295497192712167
1,7288168614985147	2,110622507327914
3,0501969515898235	3,707527988782512
-2,4087119384684854	5,005418503415079
0,060075400522263456	3,6383540932249328
-2,890360550144309	-0,9378151198054065
4,028001928556122	3,1190836759342346
-2,5379852333845325	4,771622882958977
2,894298734046241	2,953191234488454
-1,3604498741443756	-0,3465300386158321
-2,204807456338583	-0,6840385699273772
-0,15063133070235946	4,909836211272723
-2,0335949495118326	4,666680803807839
1,377310121056709	2,5203855591945903
-0,7600032375423786	0,004260169483869425
2,3287033224860063	2,906280995830821
-1,9324047637705613	5,330537732607471
1,9289535113585443	3,370691823403985
-3,5685048305372025	3,807737289591375
-0,6023736443050551	-0,15593737080179815
4,0150470119367565	3,525326153106488
1,875155873499951	2,233115935885354
2,5682660977593113	3,290879180031066
-1,223177172789046	4,535871317379312
-3,538918856420452	0,8422963137285947
-0,3874533680770982	4,950137282377204
-2,691007753324853	-1,4113404025604588
-3,4564644134899627	3,0821679201549164
4,23911012207731	3,6688116209383477
-0,9992483409003556	5,480070681108145
-2,365823625424556	5,5510513462241295
3,68930155556445	4,104964189569165
-0,2320877473740388	3,911513667615801
-3,2550104419829795	3,1964020533663233
-1,3312651122056853	5,077340890655909
3,029333807220686	3,2797996758263803
-1,470113518225867	-1,4121680799277443
2,4233844639319253	3,837502973100704
3,427820534392025	3,0893129047197316
-1,0839062668727948	4,945177066612555
-2,630830408738592	4,180542034314908
-2,121599257301361	4,738069612837219
4,469077229104247	2,7983292634147516
-0,23499484702790463	4,062964962507929
-3,5501518929544758	1,4618574345306483
1,5138704471856488	2,3819207891433276
1,3159209419964777	2,2754887424014703
-1,2875579475993524	4,869960020213105
-3,46441221148147	4,931280797105311
4,617616706044229	3,0009632030006523
-2,0963273039319112	-0,4257784848205286
-2,717341548027651	-1,3766879790730697
-1,4898093723553003	-0,7784674912611371
-4,188537933169437	-0,2604587889984038
2,7626816042834172	3,8553455997524693
5,210801817796173	2,754371435928023
-1,680676931144965	4,871913552103646
-2,045296484261883	4,502504471538592
-3,483078719848824	4,555823489182258
0,7056003954610515	2,5013763703756657
-3,6905185575676827	4,720788258502805
3,355073013533399	3,486212116357575
-3,278260974703577	3,7460085771408447
-0,8329843641445396	4,606196881204756
-1,958358948052838	-0,43300581778943004
-2,859794874125271	4,142612625413577
4,308761236920681	2,4177258350902395
-3,4611197963877682	4,640542090035586
4,488446867447841	2,4739265090288036
-3,0540212662865986	4,750884545827899
-0,8418175705138938	5,377061377061397
-3,4250069426670273	1,0019693236478249
4,713349782519769	2,711490254706646
1,9357220152922459	3,6874035649838683
-0,457469784859563	4,569755595223456
-3,8604796638862044	4,190284316932995
-2,392818151204687	5,608271247605658
-3,709466028806644	0,10900573148947146
-0,49288386030858966	3,6899003891266315
-1,3699374075013309	5,526732533808385
-2,5856307601415454	-0,5947984966971556
-0,4421339750628088	3,6532325994385797
-0,9910672431489568	4,5451445098800605
-0,7134196354303552	5,167836070990621
-3,6100451936581925	-0,7641967994919088
4,052767719313863	2,4643650951527034
-0,2886882506363908	3,9052053136495455
5,220882255071274	2,37399667754627
5,477873909864122	1,9765869090562913
-3,810163308435839	3,8072303329651405
-3,5387643241564284	4,84915548020102
4,597514281900251	3,5380191076729046
-3,934243962518191	4,427410889663289
4,846256673451423	1,3468594769249065
-0,2243463065488882	3,7634248317125865
-2,666512449686388	-0,20451475936543906
-3,963483592334774	1,1444555167668613
-2,2063241234838173	5,15724890099351
-2,7589515854538567	4,6382971365949
-2,3674135721186222	4,46573914907921
2,84336064740537	3,4834136725323948
-2,6137234792281765	-0,2747643514183329
5,056424218692837	1,5767223331715263
1,1707763734183232	2,406017125633572
4,701105885130007	2,4496298294032868
0,02550979438798273	4,237700855910184
0,5456497481744729	3,8009895051549716
-0,032294431829234416	4,404069876155024
2,1786246283033113	3,638696382730103
-2,4888499775882806	5,153043817334267
3,268526815230761	3,4423295313350137
-1,408475203788794	4,616432655659412
-3,2504285370969805	-0,5026742791828089
-3,595700609920377	0,4623891096797948
1,4027988967757477	3,3106300860716447
1,9017728738590662	3,288489900161766
-3,096832894124298	4,046035552983448
-0,6133676489364948	3,4868646096440066
-2,4119727801699753	4,86244444294195
-3,848836198533262	2,8368939931802366
2,0336342558265597	2,666397797720233
3,531698859816763	3,3421558868004024
4,613365928565524	2,3054184262667965
-1,91440913427094	5,149095472290096
4,033126995866232	3,0454149984651444
3,787789331736029	3,330238145499456
-1,5463072670207767	5,502196113566498
2,934783982227688	3,5033956760534712
-2,051137374861769	4,9071088915130465
-0,7120020648821923	4,988513232467913
4,044741181614087	2,9523298472250796
-1,1530479548926782	5,396406823781231
-3,9768088763467495	-0,02500772743000279
-3,347256302807213	1,2835551891973882
1,694740675553215	2,400956311024383
-3,2575336834018476	4,191455571689546
-0,11330496743138152	4,446369103347406
3,9790901217024266	2,767552637756261
-1,7736800327701054	5,074423602183789
4,480539274544494	1,5414256153736627
-0,6287848944678924	5,1778286072236615
5,476334082114098	2,274197345647374
-2,5359467849047856	4,97497588356676
-3,4767409057165244	-1,0454777173370873
-3,07561058673467	4,2849774446807025
-3,7080687746287957	-0,4563629218440839
4,330476348827986	1,9481680018591758
1,9736497393869437	3,375459176344957
3,898232416708428	2,855351743329116
-1,9562405550129347	5,090505143115308
-0,0024793624757930566	4,2147854965381555
3,47267004391122	3,5346327840932332
-0,32789356681815884	4,464982492206293
4,7854175192843	2,7641365214305775
4,8068627303145846	1,9202761528488599
-2,783194810924318	4,1300038052772585
-3,1687857649359494	5,13120376399239
-3,773987661854916	1,36205328132237
0,25151336716968076	4,123135660546643
1,7852803856828925	3,6100855739157445
-3,7345420096591364	3,8254127136864255
2,8271258298309534	2,9859228508252524
-1,1560942319301293	5,388809992486619
2,8987583705071986	3,2376160982348345
-0,04586627829687151	4,328913751362856
2,816425865090608	3,9589438796663647
-3,700052851073856	3,5522214554900353
3,309638040872839	2,930765967853043
-3,5127268843514337	3,924118256003977
5,218146140695441	2,520858870560309
-3,890137693308108	4,250633193895252
1,9408380161898402	3,808919295983932
-4,0003657028004085	1,2044057644663289
-3,1291191100014606	3,1716353446725942
-1,7905619228261742	4,9394821133403735
5,244155446235913	1,9450462622784555
-2,2264411789348375	-0,7426436973086168
0,09705687149415088	-0,10636255587452204
4,276841957947935	2,5532462798748594
-3,349654424872054	3,3593067643826924
2,403201007265034	3,6813496782977864
3,486450478415336	2,9590747196117033
-1,2788117242221833	4,983544620383198
-1,1861158062242156	4,377825133228786
3,2379061538997984	3,0242979801769643
-3,094188179082513	4,213880462348082
-3,7632110816660314	1,1084540017653317
-3,6945809430739835	3,8859909083942457
4,051086260837884	2,8618304090344484
-3,156275025613673	-0,9384187510000015
-1,3499527179200776	-0,5423276276319435
0,08499046275747046	3,9424586151724093
-1,8037292598629597	-1,375270231927903
-1,2335107958368967	5,369984880379921
-3,5592858083385055	3,6585715427938603
-4,237537546125674	1,5833190513180362
-4,487338447172666	0,26889664290103
-3,0794869168079404	-0,97516122324746
-2,5189895374697033	4,997249110758117
-0,5387872275770842	4,458504230991171
5,1603582053112556	2,536401879090938
5,0194484810107465	2,554698732234418
-0,380036350801771	4,543413432999084
-0,6353825150144325	-0,33189322703329704
-2,649182173307918	5,407274121868905
-2,3063335807750622	5,167821714014961
-2,225850570812498	-1,322888526788871
-2,837555207086341	-0,6206669096739355
-3,2963181633108842	0,1354860534579374
-3,846592989020355	-0,7429124981883921
-0,8691715352513925	5,030526662870687
-0,31655783332114606	4,927796995184287
4,660098081071907	1,6262855960243492
-4,023823333081031	0,2303649252123261
-5,699615818274741	3,9080623516696544
-2,805741653573368	-0,25540573440342507
3,3973944407938506	3,8309202053612808
-2,686143820453207	5,164109827194084
-0,0007703608444655785	-1,5836081450971555
4,934694947443652	3,1591457030885817
1,9178174910338535	3,424301139737844
3,694152800402573	3,981013055852577
-2,6599181453521705	4,147538450996311
1,3079770915862934	3,3119664744505792
-3,057551998535242	3,468951987255382
-0,29312531858861335	4,595134932215959
0,039640824507076955	4,09626507132692
-2,542113976726878	4,609595750363016
-2,3320409404052773	4,908266133459051
1,9932172127176728	3,822128327192655
2,7172824354697465	3,4724652334698622
-0,0938694133960194	-0,21567608701360252
0,7989329494647976	2,5639355349102
1,7108100496211815	2,2637793123672068
-0,27798146493713305	3,7865232032499994
-0,4255083820768195	3,9089870478912645
-0,5500131840107034	4,919242382601284
-1,0218400926649949	5,36306422217769
-3,7129186346744927	1,1993533027534202
4,734611001155271	1,655821025872579
-1,2974642184304823	4,756783699257296
-2,803644390268829	4,351801193745363
-3,7963829240950773	1,5998336459248783
-0,9783541272756284	-0,7691805534364522
-1,750797288340807	-1,2095749133586682
1,8794014089889903	3,1134473833724035
4,346560415143803	2,0669730482385034
-3,092707986479351	3,517637690235846
3,289536021092845	3,8260288888787644
-3,368275961682854	0,8793483698533853
-0,22092137838190573	4,6764052841038835
5,1252420488169	2,6096449053846102
3,525059390920018	4,0753601899283005
-2,2648050495132503	4,919235885691309
4,829240507426055	3,1503288516911256
-1,9104177530608213	5,136573830476204
-3,1305102294233675	4,331128248823605
-3,0451436905081426	4,844068835521044
1,974924699036129	3,229725101215681
-2,9163795149604663	-1,122166165380258
-0,5160326464295151	-0,9418109174778233
-1,1595248058656957	4,90305668329632
3,916920602748926	2,7662241030537444
-1,1727676819110326	-0,4412457594103998
-1,6149568251712987	-1,439136619684997
0,08612715317421205	4,565690857283072
-1,181620364178181	5,020726289423188
-2,3880208153773386	-0,401171209631203
-0,09602757148905394	-0,3004987073441461
-4,182992469457163	-0,11297176233090012
-3,618308294669052	4,524538333639242
-1,5674200975864292	4,4418716497248125
4,98068373493674	2,4620787980527603
-3,2338340479378704	3,373453647120041
0,1943031652775733	4,04426476289137
-0,2613250824340181	3,580410926918808
4,253821002449466	2,9184654532162595
-1,8575330397196899	-0,6254008030832539
3,7488837798933727	3,7369383713210365
3,76987028309342	3,0669245545148476
4,0896053488820385	2,448910014788389
-1,8968852628346229	5,410485431969148
5,025482095018008	1,4002012736087053
-1,4655595263361303	-1,1355355393142657
2,868447156685348	3,7026756340675604
4,289746222771465	2,4386683440790624
2,7919143046171104	3,0134320473396277
-3,2341658929212067	-1,2168527900866999
-2,2922522247639927	4,378665557429913
-2,355103868224556	5,085187233863696
-1,0880699240531075	4,636262638924622
-3,003049242305633	3,9230878834479523
3,3385589634113124	3,428299365361428
-0,5810363367660369	4,836471883487032
-2,9158321962940246	4,185647287010039
-4,3371343893018075	0,3639093004016316
4,840271055934183	2,2150946365273896
-3,346132816120596	3,2648357699634363
-0,4628106604338653	4,645657840434618
-1,1368489124894645	-0,27912070714953474
4,808833539626187	3,1554441408818743
3,3183801146131895	3,787743064390832
1,4773863877261408	2,6659359361249098
-4,306314349287337	0,9936983289298268
-3,7181547746149515	3,5529875854894795
-3,702190984036106	4,2761730582652415
-3,8528124103489807	3,4228449523398696
-2,435574366715376	4,793778278348564
-1,7443314894457542	5,210347091079824
0,5583914931477769	3,7763139373499763
4,615601566259581	3,5875396124275145
-3,9101993066704477	3,6796908318330055
-1,1181273166807046	-0,22827113141271838
2,1668057964092617	2,880276281362997
-1,4128643578832354	5,036151431732148
-2,743405402838513	4,849063922221914
-0,12196991955397851	4,288720666694134
-2,806053683504261	5,014368970196946
-2,02196539626324	-0,47514985203810767
-3,638682652638635	0,9621345684967708
-3,8880873105221	2,8966508310301746
-2,3556936626736054	4,802939087162489
-0,5504679506245354	3,6291535317894
3,2349841528612266	6,864101051029449
2,9139632789926737	3,6075111791783376
-3,703703616279132	4,681279961665824
-1,6555420582377984	-1,3335824786280823
2,38539798147045	3,330720327960385
4,925518615641642	2,567208415231783
-2,772667158985424	5,479889231981074
-3,607055099173454	0,17540737198708756
-3,061328001636075	0,15693309043658377
-0,7393916921333665	4,8528866151219505
-2,0755479593858195	-0,7353543653836665
-0,4715293472763793	3,5977708581980323
3,2585165205695668	3,0414505932881153
-0,9991096099105681	0,04451617191136514
-4,1111911697771015	-0,24845512979017537
-1,2727901478646118	5,248997535628574
4,139690542257425	3,620030120883868
2,32774590237181	2,7779964262423693
-0,34837543944084537	4,123500213749345
1,6520682640493907	2,1430002286509113
-2,068307473972861	5,36301047717662
-3,875304328069621	0,06573477189213595
2,7164545691543656	3,478671701701008
-2,755462868445889	4,835691952171336
1,7151254777940759	3,52029898697342
-1,3070657335122466	-1,1094085046468405
3,7303463539508095	3,5580697230235807
3,5820417632041828	3,3181823685336407
-3,823671646976144	1,3682394310670576
-0,5734422505125649	-0,4172289643850766
-1,8539928876491403	-0,42644534582913396
-3,4599082415320717	-0,8223563509585547
-0,03902962135734778	3,8253164258674826
4,8371888667008225	1,9022079060520714
3,594016053141706	3,3803802536299097
4,123013384235582	3,8394945077879723
2,8536231027550993	3,414269714893514
4,528956507442274	2,5522638062717373
2,012516744529517	2,5264272252555564
-1,8693970740315815	-0,3626765213898395
3,9277853498836546	2,991328973955178
-0,2189990590601676	4,8111087182932195
-3,2076718544036305	0,09449730553560365
-0,1061308932683569	3,7732718718783755
-1,3271595039825725	4,519484835276301
-4,151286088100647	1,6631734657006458
4,2779328092272655	2,1851614332028246
-3,620392877596055	3,740849147281316
3,2241942437028683	3,051616322663609
-0,7286563447779619	-0,7991567922309926
-3,0816455370977116	4,788226910155714
-0,43301527395666906	0,024565373066652296
2,25731046799317	3,581020853469502
-4,506365887281496	1,2666265540634551
4,297669605842071	2,5579673692972866
-2,0419038055480376	5,579612806994307
-0,6735148430795552	0,10004010253494733
-3,802290930937856	4,267168888373427
1,916571959865646	3,4336630409150146
-3,3302878638585813	3,6816253638073473
-4,059109241038191	2,941862895267868
-2,874475303824717	4,030145389868841
-4,305692539939982	3,2926193078316865
-0,5653883540813076	4,335990118030283
4,382822496675094	3,37011445703727
-3,886691898800961	1,168384728182215
-3,77494369582085	4,1799287472021724
-0,7357096830297314	0,1948800986634457
-2,553113374722327	4,6381298079361395
-1,9121668197569468	5,156048373378453
-4,283472754264846	0,38788862701156557
-2,6757511228538213	-0,302519547395389
-2,7430705521444336	4,337599785330365
4,12135924864468	3,531526845643819
-1,0087209708782474	-0,12792841075147687
-1,208520763054811	-0,42494493707237213
-0,7333526020789496	3,845482156937381
-0,060646993761007906	4,3572465080208405
-1,7342723328836642	-0,7890810245431599
3,463508649915123	3,5459260221533144
3,924851766646302	3,8788812408296938
-3,242248262114993	3,6426662910344745
-3,0776001578262053	-0,5269858786690609
-2,3597203274361616	-0,9173850441626179
-0,4539717060341639	3,5490699941384243
1,2461054888535743	2,2585475115189872
3,838137278560348	2,701526487326061
1,2748860259484263	2,876950201768126
-2,587067368438794	4,7275081285233105
-4,1506865287237495	0,7286145094579226
-3,2614831464789615	3,5684890622171217
2,166207608861402	3,1151178592813404
-0,6519680903224585	-0,027054659845706652
-2,9194184116354194	4,66345141845054
-2,4190249582553873	4,475322179311169
-3,0083916630183305	5,228657539538263
-2,3294443783705954	4,713233611348392
-0,8492257388470211	4,878616809576311
3,1993952491295237	2,973271271215416
-0,5309542117046293	3,7053432624567284
3,9285230123931414	2,888254092054373
-0,957804205353133	-0,3994993123155117
-0,8384985986874118	4,638779449701594
-0,9830177943632703	0,34327280007046934
-3,212248478374129	0,20660440027955107
4,018556301138594	3,7945745044893298
1,6906744666453277	2,0474578461389816
-2,499838460582949	4,3631439544743875
1,4869093230945234	2,326338483290637
-3,522463508934348	4,516528271775828
-3,6708404474813614	3,072406814096323
-0,14223643421283017	3,594668073578161
-1,3800764727440646	-0,2877722502365794
-1,6069811832770882	4,784240766821643
-0,04364311100980145	3,9061404787777616
-2,490763704275342	-1,3360659371180343
0,05385434939278544	4,379094633249165
3,2878760659273722	3,472257548013791
3,3571681003112017	3,8789303168117515
4,732069797473835	3,3721319967770595
-3,270210466619208	4,471015778933909
-3,7377543262840605	0,35457347563944974
3,9172756371568775	2,652710528323469
-3,276450737561113	3,4342422975629145
-0,6353114415572931	4,007173067925523
-0,7940395990811915	0,4258206687274141
-0,3282509434851997	4,580624410259583
-4,186160690321383	-0,0885520131451627
5,1781318035840425	1,422641132685539
-3,7689575722400193	1,3674725150425664
2,411160849003741	3,7989737826818084
-3,599466045735076	4,494196540296343
3,79071171784972	3,491711471840321
-1,786962962326398	5,0635775013590685
2,5775905480410373	3,598625332029863
-3,2101892047825564	-0,5651841200112286
3,5934373164503914	3,454520399040418
-3,7283586920299063	-0,7087757969705952
2,8041226180452408	3,0102202515348635
-2,6304376681028163	-1,4901523923684565
-2,821824046652683	4,452225566015597
-3,388887506511706	3,6461703108642713
-3,519245613569087	0,23270998991644865
4,343963788940286	3,0021888301508612
2,690262206765755	3,4038553869327552
1,7775357558808487	3,5446569296966812
3,724487612051519	3,4059708513163836
4,456206347801584	2,56750894112374
-3,1262643397932064	4,920071887070506
1,6573632454705411	2,4048635225327466
-1,2827643894790293	4,67934608512287
-2,3977443090304615	5,265857683390403
-0,2700330858879154	4,7224535518388056
4,645540285243627	2,228284471344769
4,479176914804174	1,7953935174831026
2,8048243923651723	4,092260798893441
-0,3550292086155957	3,821473705011919
-2,2468383517842105	-0,5092668503997058
3,2688300877949277	3,68755402875066
-3,204436474798038	4,341938141475379
5,342844391576579	1,6168538783191873
1,8939995339603766	3,045856675192677
1,990621792868427	2,589945430872346
-3,210229583310241	-0,5548536692823018
1,1650132758509761	2,8500613897949907
-0,8970557392576707	4,621641788164481
3,232777821066957	3,8731724943695283
-0,6750195686736373	5,064693785479728
-3,3514421379792014	-1,102738471866132
-1,117578481302662	5,546830046122056
-2,0818887848121608	4,518313209221663
-3,1174394838610615	4,619946990559352
-3,224180889528273	3,556838276945212
4,58130388951504	3,182832979704184
-3,0258728711626715	4,195596466192944
-2,5163708920605874	4,690198003333408
-0,7785350152012003	0,23946323946674397
-3,6230863645429556	3,057045853782858
-2,7217022800070394	5,00782142711209
-1,9933698201324013	4,766514758144267
-2,164274612931336	5,431952119575253
5,354389562643739	1,6372924079592233
-1,259593221662822	5,312758523090091
-3,4119454984174014	-0,9528861501003947
-2,9203685549464335	-0,45690678984520194
-1,2768630435867447	-0,40583350644830496
-3,4162369055423314	1,0903460202918738
-4,095480015728316	-0,06294040511182697
5,369196777049844	2,6329768759924064
-2,937581727000457	-0,4285630754383143
-0,0059958542779174895	3,9303631767004568
2,9916614934389045	4,1538929859720355
5,2231620989127805	2,6839583751259886
-4,249097716747239	2,9227668171560803
-2,6337279358307075	-1,3880909936506352
-0,33079907488634963	3,708566868381361
-2,95291126465545	-0,7842259243890408
-3,738859962202804	3,9747768049623704
-3,8746303063314853	4,561340136861366
-3,863415370045562	3,166402127359704
1,1155654502728611	2,646006570479715
-1,0000227421745984	5,367771663582015
-1,4182232457479567	-0,4148234404959297
1,6680245523616908	2,5161457802943703
-0,7742918391338884	-1,0178049221182812
2,4573858257815666	3,9986605586058253
-3,292318237338383	4,894824768746247
-3,8830733076189414	4,114366700396759
1,0432846867539052	2,440574026756491
-3,250396191688705	2,925825102893049
-3,6406899595301025	4,357836773366111
1,1667255623404624	2,444136591113298
3,498027556178265	2,9888003323644643
3,207176506412845	3,419806032903608
-0,9419864387108657	5,041618957701559
-2,1460844553880536	5,184572109614096
-3,6109158129943264	-0,5929415962061753
-1,0952660788672115	-0,47027808280017735
-0,7012813494204282	-1,0145609994903373
4,179002987850401	3,0821932709032467
2,335030574207994	3,53209488354738
1,0691716870884127	2,313236756804309
5,430290238393695	1,783972097665248
-0,6316016486483891	3,5676575990191117
-3,142675187024013	-0,537327960476218
-2,1927653337613027	-1,0561214814046909
1,179970237527033	2,9068992255602737
-3,7270700905055447	3,3463355170013864
3,643216338193761	2,816952858617709
3,581627323534842	3,66477025852858
3,1252791184430424	4,085723287081392
3,950391009372735	2,6802866280514817
-3,330296459489926	1,216490237609688
-2,82093442613167	4,329530948343127
0,856657593842538	2,7746346225769107
-4,179376331615353	3,389615811851225
-3,7074528875932575	4,7145224824348855
3,3934092957077597	3,07733225704393
-0,3170989097738537	4,494674399048426
2,470270626482961	2,899575500037188
-3,2045542306915618	3,8622244128245637
4,941516206099629	1,865838356781865
-0,8984979902695113	5,3549782342210825
2,2764006142498308	2,854500335727369
4,489662606512322	3,3965047941313093
-3,320100162990757	2,9177090901409164
-0,07074304487018024	3,794155889079038
2,772921664067366	4,038370165057879
-0,5211789001213099	4,6878684987220804
-2,10170162845541	4,588922331593619
-1,6143202395389071	5,50359988878237
-3,0778239160482475	5,168068816317602
-0,8554584027944475	4,5311950753477666
2,8574795755995344	3,6311527573330373
1,8955216805271669	2,3795755049532463
-2,0137832150824306	-0,3422593522779003
3,4643005031934395	3,1194941734071637
-4,1426384196547845	3,175769408534302
2,313644571681644	4,052631421021086
4,376635070473565	3,440151339418466
-1,8722122088611841	-0,6402729958384992
-2,455734883519364	-0,5433997908942778
-3,093346233925126	4,392804273997644
4,766932653720169	2,6420255603753295
4,477488151448134	3,2379303181464403
-3,4316307956209924	4,739533179748899
-2,7005903666981252	4,631280542427312
-3,0448074165712793	4,333721000677472
4,4149989358562625	2,683473342196266
1,085862692228994	3,1822045223792785
-0,34695568592465476	4,4908952486214835
-0,9296113486323009	4,32619600149566
4,357668881423713	1,8948282722370393
4,75509492730224	3,2960192167689764
1,2536934202790515	2,484408097215346
-2,9003034206765923	-0,335981406535252
4,235882716665511	2,561876626762948
-3,7910374323231086	-0,12183339918398506
-0,35612335077805457	4,235923349746047
4,433655692023719	1,7714208649925192
2,086974509035838	3,608329978094506
-3,2606938783271486	3,2319590118429344
-3,889993417774415	0,8518924394600135
-1,0855742208537784	5,425078946724094
3,7898742693140894	3,0554977793758225
-2,837129322457865	5,361930683458532
4,70321661911936	2,174592414374503
-0,0267701092271333	3,6036732505718705
-1,8084240818385795	5,564127902425211
4,734774677680963	1,6309527726121547
-0,4784295855790417	3,549396666219008
-2,7091416374232464	4,396752322472654
-0,7808991985913849	3,9830491261619785
-2,834083528590153	-1,137531173813731
-3,81694473530563	1,1785986541963496
-0,03664811241991939	4,674607552470964
-2,1688251786592074	-1,5202058783063617
-3,2115286210382905	0,33423373906058984
1,2588794662575058	3,275445468426258
-3,077249889813351	3,5795212984844036
-2,6657210314603477	5,1427453644883645
4,339659462350028	3,4082185430437626
4,844602826817506	1,7180023650673713
-3,712624479899592	-0,4771280243556104
-3,5468303935284515	4,970825232556869
-3,234026770744102	-0,28686580210713153
-2,8465925274750807	-1,0245613354145386
0,10320879722371057	4,674393476829062
-2,4374180574671493	-0,8065110834240297
-3,604789761460326	1,2715322962291193
-0,5359705965088193	4,759761603582425
1,712279186679383	2,1947117287845295
-3,2863866652202525	-0,8267485129240846
-2,7857090740003025	4,469181307988193
1,2551732801472155	2,6867585318687652
-4,066125113213053	0,23379240839861282
3,177954677231511	3,6280202322977213
2,446541351379253	2,938797207244826
2,356390315011703	3,286051404543074
-3,017830531149981	5,127621396382521
4,498439432609211	2,5314143871577808
-0,8833917964898887	-0,11083749626216588
5,329470747969124	1,8844785292042687
4,633477391818065	2,0089401867928958
-3,410587702449395	5,003268410307944
3,6684168821672287	3,025887450826023
4,812574381379983	2,0978477911379567
-0,9067862002567748	-0,4226870564367642
-1,3429218829002552	5,063897534959474
-1,4380602179381323	5,375216358315511
3,332228867613181	3,0420483914366887
-1,0567955273657765	4,2264442553978006
-3,1449087890353233	4,063612776035623
-4,1068177275611815	4,089082631451712
3,2686315330735125	3,016218984450269
1,759800980578553	2,741952349690207
-0,7333457944195501	-0,22387796736695664
-4,250959473880923	3,5472894932104833
-3,4698742772312907	3,9151422304586125
-3,7685159836337787	4,2838905259618
-2,818824899023208	-0,31324777770783085
2,001825202811834	2,5098769118613764
-3,4099640231352653	-1,142181282813762
0,3067737498738874	4,313845896305337
-3,4196669353688067	3,2142568079507483
1,9684908374502594	3,897843674010749
-3,8342839210351327	4,619408251280555
1,4933131637265415	2,6046092860575407
-3,497688593321371	3,5220152384680734
2,2570814993484025	3,010772350720507
3,6871982233369662	3,336708956495158
-3,7748307641449923	3,9631283041952203
4,662099786090551	3,5528212224078843
-3,1701866067993647	3,363181575469066
-0,8112592029536945	-1,0881925585789194
-0,9941858379786122	4,941156101814539
-2,75204866695828	-0,35942476880220586
-0,5807526978275197	3,6421463875143063
5,054567277547362	1,8393495432627214
-2,1301226032413707	5,0610201280187646
-2,2646211367398625	-1,5240646780605287
-1,6541712026760447	-1,30830439004749
-2,289248715501956	-1,2813261186591332
1,940024098266892	2,3844782615438755
-3,5132120916816874	4,1057020812852825
-0,9754906184064069	-0,7627144960831349
4,203515966132137	2,7708278695766575
-0,932164695067811	4,650526457194593
-1,7849128707302044	5,077315706688888
-2,3204353872288666	4,453991039063153
-4,5139380510658835	0,8408046512843659
-3,022673453431858	-1,0852433705163027
-3,9028554990364324	2,7474914435391073
-1,6673764464217444	4,421430295953559
-0,07641269462542599	3,8781155290058154
-3,1393634923636	3,9734457884494048
-3,5470581037361555	0,8384498170978105
-4,022342038046464	3,154689795764985
2,5886896420946766	3,9924895867053825
4,4909590981231995	3,3030546313902307
-1,1711513563245963	4,825280153912155
-2,8824271327947173	-0,49006103350964114
0,22047835753880007	4,007959698083739
-3,8167742613885127	0,5271187423840377
3,117843032159057	3,191239790968588
1,655917351312334	3,537165822547894
5,20039390421316	2,0749447419934914
-1,2651826332218041	-1,085676482241587
1,3600364772540239	2,552854918053624
-1,220370435360283	-0,8637897692052956
-3,4009104289813408	4,2706339030790765
-4,3249152580466275	1,6271339356503414
3,920267412296033	3,1795186282527146
-2,4819651342366797	-0,6761516207822464
-2,641617831846708	4,33404653092732
-0,08980219283451452	4,463276002790703
-2,992650815614607	5,111514906142563
-3,1422297206530074	-1,1204364620156189
-2,7142248658315826	4,195180510711824
-2,6338335462215703	4,265181034368018
-0,4678260490989852	4,912983797106222
0,10572994936903202	3,6917582417087
-1,5367180354468948	5,236605620402176
-1,166598367367328	4,305780970283888
2,222095278184589	4,0495063172272285
1,7262617449901698	3,7072943627243684
-1,143862153582675	4,625797326930271
2,0732175723656265	3,112518395324786
1,5016588490025848	2,5322145171139665
-4,079112392534077	3,5101027926745982
-0,979320804690337	0,08871784898825741
4,506433190229816	3,6390997117653265
2,7501552647837166	3,1369154815851488
-3,680216051172772	2,858631099283933
4,878723989537402	2,5895982137202065
-0,6870696487128767	4,296633491610159
-2,524134266367014	4,30764761539593
-3,2771302267039553	4,88224721748707
-4,17490286282628	3,0215889078781024
-3,4682929280519224	3,692170369400233
-3,338734345592772	4,976045568350632
-0,5007537431458382	3,913236322440441
-2,969004129849388	4,098426459738148
1,6016826946768203	2,6384936413613334
-0,8429759268853927	0,3462795200092247
-4,184866621306546	1,1924870661661944
-2,930228395297784	4,888287836815779
-3,0418988189454894	-0,4931870653201986
-2,953438568524432	3,9738234324178787
-3,5075437044274373	3,1062388986627854
-1,7822001655691042	4,607196884839348
-2,0439331867165276	-0,892590117244684
-2,7643874286318946	-0,52446872688097
4,400885243688819	3,4489287635879315
-3,5187218262099744	4,655364919262787
-3,0391975507558353	4,659037803290024
-4,10088630843396	0,46343447099873125
3,0826022440607606	3,06311799800672
-2,0334726378842176	5,031425984125106
-3,5013975493117613	3,058909335987164
-0,6674155149966774	-1,0751752875763545
1,0640605220842516	2,697178425060578
1,96593251616083	3,926187770117767
2,5631030735766043	3,459884307976424
-1,6885996315003875	4,752925792088605
-3,5492234304538917	3,0968071036161997
-3,8501769459809845	4,028429376103487
2,042046437110545	3,6612858089415994
-3,594808788265899	3,3168419944233962
-0,4373005153436411	4,0481899790830305
-3,834984407893051	4,105243910535987
1,901271292177297	2,4732490345250886
-0,9842766892035828	4,902456413231378
1,2670181396610973	2,142749726933798
3,43536458053538	3,475725260385792
4,158120838954467	2,7188395735347575
-1,5644624522313535	4,936006695279435
-1,017922410366264	4,563526605088951
-4,2459294170876944	1,233722554932894
-3,631810245996035	2,772723586618568
-3,850025943129708	3,182841975449583
-0,5632114334867147	4,7453069925117894
-1,717385686215961	4,429061059519828
0,7357185492924323	2,190945866535659
-1,2510741496726103	-0,4304554947561954
1,5946731431341357	3,1200736862930167
2,763538256167979	3,489050947586909
-1,190047768927181	5,062183957868118
-2,652956618186926	5,468493235562647
-0,8483246948633403	4,646121199906586
4,037699207140692	3,737618069886238
4,5608211040604125	3,2275472845969135
3,6509091371947013	3,0037860869805897
-3,764690497287189	4,302935387281178
-1,770590212191541	5,16593686942108
-0,45117960633192666	3,7355098736415226
2,3771096093800255	3,4232678638889364
-3,3430254244407194	4,29680041573163
2,9512541936743464	3,003100527817341
-3,667562161561233	4,861266603668902
-0,22573650855690852	-0,5466480336224544
-2,475540433547426	4,367783673585912
0,7783417194246525	2,251227044761701
3,850296023441927	2,96303003860346
4,060496144256239	3,775687756192788
1,7512852839475617	3,675249168057973
4,337402235341788	2,8236074919043563
-2,4996170152913573	-1,360627019294169
-3,363330950003455	4,990895007768297
3,5019238270558035	2,95470247073197
0,2769610819797059	4,049922966086939
-0,8152402205964688	4,7994376279336795
-3,421332760351338	4,356899019031797
-4,08909113169592	-0,0070006754969654805
-3,1923578319298245	4,258626090952296
0,41063912005352976	4,2080830244906275
4,989527317388392	2,215777057317548
1,959494324082936	3,7732605135260844
-3,7300810302571636	3,556144502227082
-1,18543918103034	5,098314542813266
-4,358825265978066	1,8363754465585722
1,6051508370204886	2,195261915487242
-3,239449515455452	4,384211589394054
1,7203806992310966	3,0850345116052234
-1,5530161628977113	-0,9101079993144243
4,265101409355802	2,9765845956633994
-2,704901980867067	4,459292725393809
-1,223892255037798	4,931207141005143
2,583782927648887	3,075575857852216
4,761270488977907	2,6471330914419813
3,7243378851996876	4,063612762187391
-0,6137298113422469	4,535195624499983
0,09192310987845231	4,371453548154806
-2,667634511091967	4,197192208088478
-3,6022103462723964	1,2727015905233947
5,045451814094869	3,082810703894562
2,77912537820679	3,9323102849441867
1,759549074849751	2,3175445889437283
-2,9830537355256874	4,686961600735894
-1,9281458348319693	-0,8583130422545588
-1,5837499679176161	4,711574358526821
-1,2968429095341514	4,516396271768634
3,7489115361608096	3,999756241456013
-1,3605797504149792	-0,22077551824822517
-3,142271689731814	-0,12598774331261953
-0,7802618292812658	4,468995455462828
-3,4571980007942322	3,235484263350066
-3,7074507195995032	4,758794223584925
-2,3789919619167095	-0,8790424593143613
-3,9865901988865993	2,7968768586684485
3,3463445229567803	3,858509854787645
3,9925580607494506	3,461294686101627
4,179762660840691	2,465810020034481
2,9367672698300353	0,9951821253469664
5,443431051380475	1,3073247574301516
3,858001098175803	3,1843419875079713
3,188369538430779	3,9596679657844547
3,9817841061294565	2,936726675070424
3,452325259026777	3,4315372816347667
2,35946455931828	3,071778405495844
-0,49235421664628287	4,098028003573394
-1,4668228500410918	4,420666267886781
-1,0106714546377327	4,803455058253945
-4,048262220394088	-0,3019608548223358
4,7136834241517	2,74974133239134
-1,771693122303616	4,546800756952904
1,497301331532454	3,1050226587183714
-2,507397234786806	-0,6709682411381619
-1,9132911134910102	4,73119565587683
-0,5085446519934735	4,276504070104096
-2,487660606255997	5,045031527055721
-2,3419368619372998	4,738175069651955
1,8599232370202974	3,8151560022925017
-4,1274381362318415	3,434290495055966
-3,066997195842219	-1,3321631009702983
-3,2294333061823464	3,772959552370264
-3,8846364547754346	0,7810317923594917
3,3928589860295006	3,9241721743554288
-2,6477255574176324	5,485467233389215
-4,139871382389199	4,098491803368863
-3,6227870907215785	4,538796508290856
2,257185141442369	3,6502285870527613
3,1390484062883557	3,3929212122258416
-4,074606024634592	0,5750705497834656
-0,9528717371398476	-0,05196594939562149
-0,2583525929328909	-0,7233251006851416
-4,512966505902426	0,4263114315987353
2,1019553308299193	3,859063849143564
-3,138786539421934	3,2656124634491315
-3,5831947097503227	0,5552090988205541
-1,8665558516927803	4,907329279677101
1,762057406727073	2,768366117754845
-1,452767183736022	-1,340613007146679
-0,23927243977910218	4,396206690305546
-2,9794362918158663	-1,1377597876567571
4,29678182585679	3,870936443228078
-3,10977330305214	-0,4630335891969528
-0,8276037043848803	4,475136483770756
4,650051624493982	1,745057499109559
5,530575363418881	1,5126268486410128
-1,2624822121079036	-0,3898414768415308
-2,0329426021190242	5,003496836808083
4,975431766497145	2,375634816936777
-3,8329396684937853	1,282056450388
-0,22970904011308346	4,659891426980076
-1,9559398178366756	5,558072977861448
2,727856278528823	3,12366301583826
-1,3259088039055063	-0,531715398359019
2,442099131825837	3,2594604988385285
-1,7570870903761189	4,636420553712865
-3,18756660705165	4,839546149376493
3,865294678098863	3,292046383941262
4,172885003393871	3,798556230473176
4,4620477769730025	1,8465649066715744
2,42095079325832	3,1161906929225496
-0,5373940150498655	3,734130132618568
-0,9400740236993483	4,769004199559696
4,06048059254211	2,5670585987416596
-2,8186526467971467	-0,5994758383315011
3,0884259615546434	4,1334826994039275
1,4109771263507374	2,404302915488143
-2,711770963907085	-0,7962837362458071
-1,3041891135849268	-0,911560659087177
-2,508914373997727	-0,31373009994147916
-1,783901536637606	-1,258797375181119
2,8989726388119124	3,3154304887153225
1,8006918487099675	3,3773756194188747
5,238975488296203	1,685925365261999
-1,4116663182223022	5,6250853980628985
-3,680237997043843	4,777211190838948
-3,4279406559523733	1,2426014649554848
-0,8824303325861103	4,331218100941737
-1,5093678759815612	-0,9781360987586778
5,156183153952177	2,444403684894019
-3,5080253939316606	-0,25503662174042097
-1,9376570898222623	-0,8741115701663642
4,28903088638018	2,420252674059709
-1,7245151120144149	-0,9259678542220962
2,5179345879737403	2,8411720072494004
-2,579313269234293	5,3849614973980895
2,6692000086783496	3,032890248303257
4,957913315591923	1,671044218516683
-2,9542592682049196	-0,5621552116345025
3,7969646356045947	3,380354689678714
-0,9810508332358767	0,1364680189025107
1,2394853630174272	2,5016182679624093
3,2267209903274585	3,3384300622131855
3,4225194823018787	3,278153777344637
4,789755422168116	1,5519641052933757
-3,9374060489638247	0,3382240063916272
1,933353948012359	2,6856203572472577
-2,4517733537013613	4,522998116109033
2,32988121273745	3,6701968565341487
-3,5938326045852924	3,3812231608144847
-3,3512131674591226	4,949744427980996
-1,9779371029847987	5,055543665119428
-0,3363107131660201	-0,11228815425945782
-2,643467456050992	5,049399296395679
-2,869868219306025	5,295548678527961
-1,1438247209528927	4,4142197584512815
2,3914202298461364	3,6489363065067018
-2,523946601573221	4,737937009737582
-4,578986246395465	0,9055795950545079
3,0606663768235194	3,982011991613022
-1,1628835300046314	-0,03250870865497213
-0,19777171013835027	3,78095883131353
-2,950408580988783	4,053433488701861
-2,56697992626047	5,412778395810015
-3,8941496195727803	3,4567428163596086
-1,506793846862085	-0,4000850098317612
-0,14723876084550547	3,6349544864652197
-1,617197221603471	5,392872691502024
-1,2106290036557017	4,775918862313587
-2,7606214282274832	-0,7039198751823059
-3,581933585785218	3,668294234217845
4,296621226048749	2,0594434615751207
3,0060428252214346	3,854273875936318
-1,91583930779443	4,445482189882352
-2,949531217881084	4,718674666354755
2,0320973944063976	3,8085995444035774
-2,3425502682194104	-1,3591548091866228
-3,608070346657478	4,698236175695185
-0,19989005447004837	3,746477132340842
-3,5248192085143275	4,384003958294722
-0,7222417926205593	0,25484955731492875
-2,2544659984375572	-0,7338424380886868
-3,6254267682099153	0,04386990702791338
3,057988760668454	3,8989018000289164
-2,500805076377876	5,548356359767487
-2,674984955233511	5,477705711007452
-0,4501939400671622	4,040734817355064
-1,5323583285364828	4,659592907031986
5,056838666019459	1,7296610269779145
3,857643468382766	3,46133390254614
-3,8879758703726006	2,8567174663653727
4,904336560690923	2,165903133362848
-0,032585233281950954	4,832762011696327
-0,8314200983248665	0,382241656997078
5,193557280065857	2,250393451628618
-2,741750333298418	-0,1959939771364385
5,460367623667485	2,15774353087792
-2,4429940995404573	-0,35811569551968137
-2,6951471875742534	5,040369654927236
-3,135801276459947	4,987731597903441
-3,655703074435485	3,4067364113481777
1,992937296779877	3,928178504870004
3,9752570910581424	3,5626522047797042
-0,5160272696908896	3,6398756046677
2,940220179860011	3,966800155459222
-2,8032589001684673	-0,15764328102309055
-2,622026979311701	4,188407603753673
-1,7360574830393345	4,8146866834051645
-2,5675621235967108	5,4553725373436635
-0,5279452272442533	4,040200251083592
-2,413777578899099	-1,3807535816149197
-2,181815338139134	-0,9112218122254312
0,15036629175300797	4,093905335104001
-0,9171800430708577	4,089125207836713
-2,790474841722351	-0,2495301444092144
1,648054014139748	3,315281877174205
-1,4479536295240476	5,283230297702908
-2,7810943582823535	5,158450592015827
-3,157433796641797	4,610888532427003
-3,0313396210518477	-0,17924355242820766
-3,8595457662195516	3,8766981297421794
-0,7114305747407468	-0,08691644087261152
3,760584310778728	3,081516006091316
-3,636317074161139	3,5660390286767236
-0,2834494679682631	4,84445457516069
-0,3873820777507109	5,130232746548094
1,5867537558216445	2,3513898586640156
-1,8008644452793463	5,367048467771481
-0,039045137725721046	3,9704070618500373
-2,2742199224312234	4,393761716221696
-3,9912987414987207	3,227163337890891
-1,1149143956184848	4,576274986586292
3,4076918750626546	3,9178417077878245
-1,3150016214349742	4,851109936551914
-3,6275938652957724	0,3729464730869504
-1,4772787421658382	-0,35634870915669614
-4,178657772509042	3,8663331290795906
-3,590842723474097	4,8270593088845
-3,954490281194401	3,5934606989323474
-0,1200873043706332	3,93498645362039
-3,1218182768462444	2,93395766582034
-4,107521353654049	3,2490050002642774
-2,051817583638662	4,705948688004959
-2,568953145244843	-0,9244220205823674
0,29677230713326774	4,360916177650063
-3,4330243645846537	3,4324229460045284
0,3092677758991067	3,877964363521471
-1,733284364724322	4,944302426278302
-3,4470914067434064	3,2171805074764137
2,664950835345536	2,9861216132518695
-1,0456062539889706	4,500175160219663
5,253980155375476	2,373150143177282
-1,3887192801874542	5,200990757557829
-2,593731289322143	4,3918308712958165
1,9558773519045338	3,838885826036244
1,2034600248808134	3,3096647530797605
2,561962875309418	3,531467604750428
-1,178485746014683	4,7690872652709855
-3,721941846456291	3,7062824029159973
-0,9841509687423441	5,10085519020703
-3,985233519059566	3,2343016853963213
1,4294019593163048	2,9599358844211316
-3,321160822239075	4,661453949217749
-0,32287361540306203	0,15439906741418996
0,022311085381328866	4,5034127674242725
-1,8734894374390234	-1,0012641650334648
2,9780159875136927	3,59652048786666
3,8429515547831974	2,691186745563795
4,371672713606812	3,448920366182458
4,636078414576572	1,7312676318205868
-3,7725870709173117	0,8422633705866441
-3,4790893136298817	3,766312910621362
-1,1328789853554666	4,865389265538541
-2,9308985532306338	3,8740854643767113
2,243390430749513	3,485270933802398
1,1940871080368007	2,8229661751815014
-3,86798269287791	4,001095105407486
-2,2508512122613467	-1,1611359096310658
3,641144619686333	3,5224650635767416
-0,7489105136856011	5,030462641114494
-2,959809344065932	4,288398082798893
2,785990267928779	2,943805943642446
0,10172050340855865	4,529696673447939
2,8404293927035127	3,055523307893166
-3,141792001991112	3,560762267552219
-3,073634877626546	3,593555975813675
-3,8968785188547077	3,183992901726138
-1,707622487971624	4,484737227919152
-3,3531086495420652	4,536649160788608
5,061569593619902	2,3592231058457545
-0,6571330736047398	3,9411835334988012
-4,130816378341608	-0,02946795061125629
-1,480808786664133	-1,2527696784900746
3,1546754629530858	3,4821674012996207
4,974872582050012	2,467507957120757
-3,5592785179615527	3,419310154083554
-4,276766441502572	1,5685715484208527
-1,4981802139889002	-0,6796835947489579
-1,714763487676889	4,740056743926775
3,0207979878375437	3,4296935506689326
-2,838647895144242	5,455306425213184
4,2828379126937115	3,092135880136081
-0,8939058176250552	4,532840633045538
0,47901242183082604	3,9907556447577206
-3,272108442210313	-0,16658708845310288
1,8731231353088247	3,359467066260314
-2,34428435544421	4,909276859977457
2,482386016443363	3,4249024294707784
-0,888434102871732	-0,9372060657236845
2,8886596149921786	3,0305995869309923
-0,7785892634298861	3,969171328712669
-1,1062007348021594	4,328140459427248
5,007910979679821	1,5631359333391792
1,8541857721816923	3,847227249498821
-3,3363651262669234	4,004120085846383
-2,0202153295765033	4,824546899951452
-1,5334459296942637	5,056582273987203
-2,9652096915416015	4,613965054545698
0,11697147429369137	3,9313087253500276
4,473728267746317	2,6424592298417724
-0,9600836051075534	-0,22409210409895053
-2,5882588924653938	4,341534290614318
-1,2329012658634708	4,451079223425969
2,1987738411926943	3,6444425342008087
-0,5692021018314648	3,675783839679667
-3,2598068757850127	2,9321397925909496
-0,5001508864260116	4,481093598994276
-3,121450816817886	3,288447660410448
-2,286680301917062	4,48260460340888
0,22159390405856283	3,8165583181382763
-0,6971617797633036	-0,8318730593729515
3,59506967415746	3,8667947523661717
5,122751750055254	1,707668599629812
3,770625485609023	2,8264639171861594
2,2730002785302474	4,018471990139179
-3,2262188606971494	4,664246402209067
-0,27826720874369837	3,576250292621788
-3,207485280905839	3,9793820538322002
-3,5465510530699875	-0,06918863185911883
-0,8851232123493675	-0,9187317316576449
4,377188889138467	2,6778940593684766
1,8584965457142737	3,450786694428227
0,47109821284982467	3,764740166422263
-2,2136309192814045	5,031465534080227
-3,3984871042715596	4,91501432811787
-2,2590746640828185	4,923075593997656
-4,456790527418654	0,42461772275120624
3,963325617641259	3,1983402549505544
-1,8526979489648703	4,457104081879618
4,025965771638944	2,520806104729311
4,380341245359858	1,8173950246310637
3,1350682921215185	3,5881418168552464
0,6877104985156981	6,502377300463657
4,8421403355824495	1,5104359917128638
-4,2714832654510815	0,15325165356682924
-3,5479758578015375	4,820209345919241
3,9351333815921667	3,2223037201607556
-3,2733004828635455	3,1538477146053747
3,9757465823808764	3,5298204540517935
-1,5751926252607484	5,561370910926074
-1,3199759919232767	4,7807829042320025
-2,3875821725322686	4,842138308666863
4,370205278189952	2,333473453676013
-1,5679919963031526	4,919395573955479
-0,3739687396417435	4,098928017667685
-1,486578265353462	4,873688785501164
-3,0623752820392953	4,478510969361538
-1,9651971357721905	4,605817241257135
-1,81835391149934	4,912140822763149
-0,5268672498729523	5,085582214934838
-4,03677327046623	4,34989346969699
-2,373668785114323	-1,112104487818851
-2,803583815758488	-0,5918053130531202
-1,5326881103190095	-0,3737007436234172
4,408925958401197	1,7949604325140436
-2,3715552218950657	-0,429852896461681
1,585038623409613	2,6276565138257966
-2,514502266177899	5,151523746545637
2,621451967415643	3,2640408353770125
-3,221424373625971	-0,8851036058952768
-4,019996659569248	3,1255728438739747
-3,9771471719444262	3,887014480274204
-0,8694506569423348	-1,1212698033176882
-0,6669744014454597	5,340564654405746
-1,6311114923222816	-0,7019309549432478
-1,2142356861667514	-0,18839493106952965
-0,9430553712866464	4,986966297594915
5,046622612601628	1,4637593807832927
4,521758147202357	2,3684769339617073
-2,514399251615523	5,1979100514424985
2,7015810436904046	3,6154651205242923
-0,8986236490195667	-0,7062354549849772
-3,345364895150231	0,061650083214739304
-2,9184104207464845	5,350764201230703
-2,1756197992970634	-1,4070928784388341
-3,4926931714458656	0,04931039312797969
-3,6779088241388513	4,832559765247037
-2,5760806317600546	4,309480323810936
-0,5765261366475944	5,1521279919750675
4,411756500485312	2,5932717349609415
2,2666310785983446	2,8124253406790904
-2,387081475227782	4,894024051305193
-2,87074800687353	5,267806531671807
-3,898931584537955	0,3584920036809306
3,0537595836312157	3,706557950578881
-3,8059274367655105	4,115244294748702
-0,8593931403429065	4,53551395248944
-2,785068648157452	4,140594148870852
2,711685032215119	3,424549709883751
3,7560100608392615	3,6032453376928224
-3,268485011436096	1,3978032640714222
3,8045228218782574	3,7817396499146105
-1,0735771717142026	-0,49072361497213746
-3,444300163709025	4,3612490665540715
4,552795184093991	1,8239337618248848
-1,309446151930552	4,94133674798031
4,695520950116945	1,3691655532641884
-4,275481052567598	3,4984501032843864
-3,0612611551744564	5,055588121702748
3,5481215052754824	3,144090462916491
-3,038535359359768	3,524347588823691
-3,1660959178916745	3,4428341207718756
-2,2752062984859838	4,460714220311676
3,252960421350166	3,503751552890069
5,085552654402244	1,285312197550626
-2,960814874866671	-1,18252718837218
1,7109963553403174	3,163684063299736
4,454033526964555	2,0854087314377643
-2,0185779124707595	4,891590516564294
-3,8045927403246296	4,382383074857289
1,7966486433146944	2,2056229587755
-0,12186108435188148	4,514213436617592
-3,1069845480485347	3,097385495721655
-1,3121944522853632	4,562651289422304
0,8802738265174299	2,7261008264901436
-0,371448554884793	3,672821074138098
-2,3533978090820975	5,428767110102038
-2,8566147576713723	5,2383405165198
-2,6302858252724928	5,489696654138889
-4,098206793349753	3,658208893335996
0,36852737697601223	4,235133005531011
2,026809712233951	3,2977355169468714
-1,8496598017588424	-1,2898163682757966
2,9601526653443386	3,332803749828887
-1,7883410590664166	-1,3117631561637006
4,193480035293421	2,4991115538750086
4,8378410337215	3,348934536657496
-3,7229466884683498	3,906101724258165
-3,433621106142414	4,77940125204053
-3,815647147155397	2,9090335563681844
-3,9730157088303786	2,791704556617845
4,235065406421969	2,4178469991562266
4,915522093943431	1,6919282935251019
3,4612298239737496	3,58000928215289
-1,3241025723139064	4,686771746961561
2,1213330959186862	3,4397094753289417
2,411601729727691	4,049305465139213
-0,46662226728750955	5,172164144747736
3,5781677212161465	4,020956643768123
-2,1883133646591117	5,632698783397309
3,7823534244206365	3,324818759061375
-4,124589585024175	0,7705736334011638
4,628498995459019	3,016508605911039
4,317761111988055	3,570260634092566
-1,0925676764488599	-0,35349396823980195
-0,7654063130593851	4,536915135652892
-0,6401815525355852	3,7833561793039636
2,311515583317976	3,1124859578203776
-3,741513736816626	3,2924079473482397
-2,630819746777914	-0,9371362800730969
-2,6217762746707622	4,4425217956469965
-3,744336231455166	3,769805970601002
3,6305717310379646	3,8681803245279074
-0,5429265499868399	3,889484069833415
-3,345266912091465	3,2627193745234075
3,908008436913886	3,793619024396941
-0,4256349669923427	5,232927298783917
3,406476260225024	3,3343092573561277
-1,270852250358474	-1,3328045390275634
5,5008991454216565	1,9579796643385796
1,4650124571683105	2,151629528570181
-0,8062402667615964	4,1968955689397855
-0,7591893751356671	0,06247708716925837
-2,294816662994468	5,554272807038267
4,426519553686167	1,612957846130443
3,6095794429340877	3,279974775961052
-3,375753296204776	3,500972296036451
-0,7842907436065214	3,9550485050174
4,279292947510559	2,0558551673452143
-3,051397641731037	3,931850828302477
-1,349905207528759	4,930857482746225
-1,4650239896563293	4,6737285475210895
2,2710334506314735	2,7446484844861176
5,530676625123038	1,728470334075798
4,491841199538323	2,2004236564877195
3,9895444666983435	2,7014179152207904
0,11805808264859485	4,688782446451588
-1,2368908493986335	5,066771849644315
-3,9832012068453047	2,811312394338965
-0,5605188895323336	0,08559646899714102
2,2065728254754875	2,790751935524735
3,906801297188978	3,329987422703244
4,065526314358186	2,8813605126667245
-3,478527469573977	1,2325670643695115
-4,196091035584935	3,56887757189384
-3,497782868943473	4,430788519785698
-1,5228690905376587	-0,8549796778300882
-3,627600405408037	-0,2804508600036184
-0,4949643153864103	0,18992944530163003
-3,354066991264504	4,080424695752466
-4,423401027626821	1,4407815019204924
-3,4880199565613186	4,0909066944943495
2,9407495002173247	3,8128124671411086
-0,32449788195643947	3,5890231768841487
-3,4965064219097686	4,244138481156311
-3,833341709068047	4,221532054516688
-0,500857515136915	3,6484560700079043
1,5965420755387596	3,103634051247427
4,6487376171146195	1,52927884572083
4,282250144187522	1,9644323731230595
4,989732976602799	1,91904032892178
-1,7850234432994363	5,444041213916439
-1,595080775151541	4,5136211738841805
-3,9052608271171527	3,45781011760778
2,256889389305626	3,166433337259995
5,285475502504816	1,7029229217539925
4,374939644467317	1,8741062659221388
-3,0733508532574114	-0,36913453399098994
-3,5544936657306963	0,13026231921606468
-2,2551006913685456	4,594981331450281
-2,7595532266463234	-1,3044057898926216
-3,2518295526456105	4,301105447058773
0,08472610699370309	4,070527041680297
-2,069794735787037	5,369853863693871
1,8870208000903546	3,8215347344056774
-2,008379351236153	4,459623371438786
-2,233836410961623	5,491891910095052
-0,9324082025572461	4,507275995785977
1,8990706491331402	3,4139712179285007
4,581612250508868	1,788975396374851
0,17310924854275433	4,127728701756941
-1,0673998438056258	5,085001185871726
1,915665628936291	3,8810347187242695
2,4873191966514696	2,887567354409885
-1,2063760261396137	4,789674523553935
-0,2660654004179219	4,5509868234540765
-2,2567902271117712	-1,3024811794899183
-3,9377145813805283	0,8751963619246271
-4,381958534648497	1,3395389944383764
-2,4924825154089816	-1,4481281596995994
-2,837882526677342	-0,06491609880454652
-1,948534048376711	-1,293910618745726
4,883895390823539	1,3335370825226656
0,11467645564203255	4,338621018239237
-0,701122820407015	0,3454023836000547
1,4788624925251368	3,1977402174575413
-1,0445415199533026	0,1197463415205533
1,5514101263986975	3,248521435957545
-1,861333969376794	5,046520800303194
5,458498590681106	2,1537943198068614
-3,8953272680700817	4,427471580170542
2,9272322531839827	3,7882757471254975
4,0921929621011355	3,406970405700198
4,4879468254639105	1,7800477912579653
-4,0527392792915835	3,114600919787033
2,3875108508276286	3,330489470573673
-2,5344789382590402	4,550710910761659
3,3666760916208522	3,9133299077799326
4,99137906124396	1,949743307660707
-1,2849364822581761	-0,16919662805369207
-4,202345357396866	1,4085397351405105
1,3774120235800487	3,2674820617758837
-3,4936650755411103	0,8788968796729109
-1,7791586834627817	4,816155835774494
-1,1593437594726137	4,822534420544556
-3,243102013203198	4,112417343671973
-2,680022619440352	4,2936644260905386
-0,9277053685572025	4,646275922185574
3,2484902885276816	3,561835576143246
-1,6246527792952419	-0,8526390680525471
0,40264384871735204	3,7962126852714517
-0,6810930111387112	3,942993852607772
4,158111774381424	3,740082760064092
-2,4391859779196117	-1,3792012994085256
-2,9950650652991344	3,9899708796615494
-3,791130289133175	2,8071648200299775
-3,165429186703843	3,992628883145165
0,5147649046985177	3,9579723519301986
-0,12456637010052596	0,1259688039998812
-1,9628712722825623	4,660837187332726
-3,326110607759243	4,224438806314583
-3,7555355176205865	3,260623063146076
-3,37302893641259	3,0813223761471784
-2,4930669087431405	-1,4276364845585707
0,06386986220751556	-0,1570083135754614
1,3237090388440844	2,1272413059388424
-3,8631716198390613	0,32765237559896565
5,246744823676922	1,512551323420432
-1,2781895983953298	-0,47078116653553015
-1,5569557610352773	-0,218272484193623
4,3781756823443825	2,263841834417267
-4,456448390281516	1,5708423687409252
-1,3698957092058521	5,201351504085928
-2,6214975692722406	-0,5447818970966127
-3,9665897176801748	3,279299620896067
-2,4247593678881905	-0,5484154098418113
-2,262147309268789	4,439043703840087
-2,4080334182209575	-0,7902833845691626
4,171769481122077	3,0601833627218538
3,9534717860932442	3,307622126807952
1,4509818505612353	3,0081984020135812
-1,4346891105446848	5,503405672173972
4,6097785071256965	2,5326379927012677
-3,438739272278429	0,5916103430430886
-3,0103019778147897	3,9914993399986947
2,168320954404785	3,4567700070546645
3,9061482708219426	3,6495480185244524
-2,0989788620666743	-1,0795346722168726
2,9596198748383773	2,9656850925079516
-1,0896906939198001	-0,48080012447793297
2,8683560044647165	3,1915632160094813
-1,6572023228296788	4,701137411323517
-0,5350018106853602	-0,13415863995527522
2,9929945087662144	3,12294593138342
-3,3503539145855674	3,4427534186980284
-3,6668584173425423	0,011150806604524388
1,27544755642852	2,7218824222632643
-3,0464294432897496	3,673479063593986
-1,409399959179399	5,443376245791036
-4,37710824874574	1,8381746987071892
-1,3672233461351622	-1,3650927842851144
-3,9251307616309825	3,686199996990722
-2,5655805293673324	-1,2987781148779955
-3,0757743874692283	4,5795205792648055
-4,231886523798044	3,314524427972773
4,138131225007813	2,95073101290239
1,1518326075793481	2,8759612018570495
2,6522492112535874	3,7415147514522267
5,206080077327658	2,8799139108366445
-3,54905923442802	4,659324139062767
1,7027062436621887	2,652665587376166
4,795231293185362	2,8036826328508435
-3,3677657205415317	1,206024288825616
4,79225264305426	2,5015106458157166
-3,148881419934482	-1,0569683687096538
-1,4780150518276245	-0,9193246847430099
-4,089183221300055	3,6621458581513595
4,586334439432836	2,8425073961027643
-3,7673037272502294	3,2655778291745516
-0,16642165966114764	3,7000436026446906
-1,8558126688966978	5,2909610191043015
-3,420729918516299	0,9263293587494323
2,0396136132373446	2,5477137552353373
4,324345703084039	3,3079655321989696
-0,2580642254250112	3,828406637331602
-0,17340159405038214	0,08191025159339738
-4,131097941676838	1,420553384943158
-3,262475610081575	0,4550774474675325
-1,5279186205014754	-0,5747964573961974
-3,2200153385152097	3,5166439455740237
-3,136033208739865	3,2886966699416824
1,7385562776952717	2,051353646073707
-1,29960366521734	4,915598101673658
2,161595528815572	3,9956467609243713
3,9556204460080595	2,893035983814598
4,012635555860837	3,1061532698065664
-2,1486560883143433	-0,8473430289881136
-0,49924239121150116	3,5664534491928834
-1,2809445631007494	4,710222462007941
-0,7399621590575887	-0,7555016301965738
2,0838955307587845	3,716852689431964
1,872922813350405	2,4797181921644924
1,7815109236868	3,005649772344622
-0,4045226059465741	4,112384391101087
2,631039627911122	3,918423146691564
-1,671936871990529	-0,23770937719419383
1,3890021948113058	3,3227160357229764
-1,7158569797083936	-0,3130684622703419
-3,845607303659235	3,1759907142813337
-1,4122234596791974	4,847425146881367
1,799870547150615	3,069226803701574
3,3380296903556492	3,8127639180773643
2,807992369337838	3,1246420177989656
-0,8281953686830559	4,409299832125573
2,4085700196579936	2,909003349474104
-2,814250672262558	5,2882041470630945
-0,129196901317032	4,007947565915012
1,9838063879854975	3,807967970033181
2,291612321983912	4,008786304085453
3,414191232321066	2,930388978867633
-3,5323091752317515	3,9768519605612065
-3,384832366946038	3,5149656665138984
-0,7427627832099033	4,103227141973893
-4,021265274375745	4,071775115171986
-4,375514389842438	1,1679574200746112
1,7025903499855046	3,061006915385402
-3,0892641285161004	4,534475042154821
-4,312966752208501	3,1548875470542543
-1,3426263004146477	5,47690768504793
-3,70281529613934	3,6014928723860464
-1,9271173209305053	5,350060836865801
1,8230500237097806	2,8336565866336554
1,8190753907186075	2,067081353770479
-1,3287425016239682	-0,6639059972880244
4,354573131729449	3,7353940773129546
5,452291627957576	1,3467258204507493
-1,5631505120220575	-0,7124970065521372
-0,24137106412675036	3,9101969324049577
-1,3655715219315128	-0,5098310504317576
-0,9274645011421196	4,26005285475687
-4,404182994439985	0,10669338918230897
-3,2165446916729277	3,318240773604617
-1,7396684906929514	5,269218375686327
-1,2356868652496247	4,298527400447856
-4,038771541462548	4,259516631200771
-3,27016313786976	5,205381794402846
-3,861458894454387	2,871502316569773
-3,2999964497281136	3,962900602414378
-4,527009987889095	0,7222195062036885
-3,93709644280836	-1,9363590446797065
-4,153362354112696	3,247129712451799
-1,6240287512548615	5,46410119151665
-3,206792894878364	4,5930245949928805
-2,791259630412643	-0,4969815798030588
-0,30272691896339543	-0,34561778992543424
-3,2482438275571655	0,05181087106032134
-3,4658746250962036	3,287577391655853
3,135936332963937	3,0687716133529612
-3,65239481141952	2,947312763044035
-3,36931534074498	4,962860025881142
-2,4690896323689167	4,656396214653301
4,171478164594778	2,579870073529985
1,4009313598179203	3,405161025639905
-3,951868365641926	0,6863792832936858
-3,998706465082102	3,2336159438944074
-1,9005795504007699	-0,33262949512448814
-1,3369195220983663	-0,3291747697684928
-2,9776791981623134	4,082741477434118
-4,268346317396704	-0,20999802364863207
2,2066920874638836	2,8728600377904474
-3,420400532959481	3,637483930583261
-0,24334682511823535	3,999263711842578
5,089373681403533	2,4853687219967755
-1,5316749873216529	5,648413095937165
-1,9536183130402571	4,849215792002641
4,100353221021134	3,621978209862072
3,1693687483217086	3,701062936700409
2,2787652667043123	3,605215040234799
-1,5017767865993594	4,995599647279293
1,8708088302650183	3,8491032551806663
5,44004956949901	1,770236586847197
-4,3768353943202545	1,0003301990111506
-3,3697016058938383	0,6744836456359273
-3,731590349425316	4,357012883590774
-0,8179513742120321	-0,18112763553244982
0,7096495772597402	2,4120058123547556
-2,4663557566958367	4,470973774330361
4,6608460830993454	2,403267743297871
-1,095680033293325	-0,13577706192063688
-2,8533504297930614	4,793891939989024
-3,6708290548110587	0,8877617033968465
1,2487616385611275	2,170525096889909
-2,3172834148805452	-0,7487421018885982
0,273998928542005	4,486409190954344
-4,192764138666497	3,119294461760472
-2,922420362878926	4,950995098200243
2,6810604720488453	3,201033594823241
-1,242239965657289	4,829717574723809
-2,7514656556217854	4,705627143598505
1,242355603902398	2,6171709111958568
-3,943456527471679	3,770507299768221
3,4366493532300733	3,081343638461612
-4,152006234994025	-0,34421501533999677
-3,5581798168058296	3,047928318832416
4,126286875001007	3,5148216406364754
-1,206294203347809	4,797208959571289
3,2699961772602175	3,2164734390623164
-0,880904759745289	-0,20078574263008298
-1,0386884737412074	4,639943719114641
4,108064754468497	3,406069105995429
-4,1442157266603825	3,730264948887423
2,3814326306948246	2,9738760510087032
-4,3283504471777245	0,9832946058604616
3,622366291277978	3,306927940845541
-2,8902854427168942	4,065009805500933
-2,582396025562141	5,428112074192208
-0,17538986276371182	0,07600017733134445
4,995888388789342	2,8579990842491543
-4,006933459199964	3,7257987763235425
5,399773232617379	1,7413313651451605
-0,6098781481222217	-0,06618909143160856
-3,3897485833914014	3,138871316585043
-3,508970150819682	-0,9180805411433686
1,9988657963459577	2,3986089557763455
-3,3988478535491895	0,2426318065189026
-3,4474091809927483	1,2043963621467975
-4,000435139477838	3,50121657111358
-0,8893166353701145	-0,3477642081473977
-2,6477544937698485	4,36939095644335
0,15299033630773962	4,321463856190138
-2,8394167817045455	-0,11486135818837351
2,7873386458742666	3,2461662551874655
-3,673802937639767	-0,9312826537587446
-2,6334213822391703	4,849834482560755
5,174242800926932	2,3272241348631586
-3,2984812287160636	-1,1811337958140036
4,879922194566536	2,166813191595355
1,5191503633677892	2,5952606510293874
-2,7111711839325974	5,295992193623127
-2,764971911816473	4,927048731932917
-4,483517997398305	0,9985900427391184
1,6520487527992591	3,008551398911488
-3,4877914415026137	1,223223516438704
4,767554571625633	2,268200545333852
3,491505660961824	3,5524098389617684
-3,3756627315657513	3,242811160319495
-0,6548032342230774	4,858543168410562
-1,7021230249007464	4,776764938093212
-2,6222566948366977	4,692335394001516
-2,669952970333385	-0,4658991756057702
-2,681104561479627	4,337520237963101
1,4759570453544995	3,4745709348663794
-0,6530492195945168	0,17047033653922616
0,2703298283503732	3,8770531870503984
-1,020993566194643	5,3303659371690415
2,447421783216773	2,8650743020873692
1,8052345390974953	2,7678606778188204
-2,1734648316788103	4,8101322107617595
-3,6424067792999435	2,957444767721698
-0,6490888643926049	0,28839609841298897
2,2027628956873375	3,0426485843398083
-1,3036166149415007	5,59768522054484
4,378651701251683	2,574206767426004
-2,5996152091304645	4,661333675967101
-2,2380844535857505	5,207115457668477
-0,9668758715618189	0,16531319972330016
-4,399227906235234	0,5464342787196428
-0,8026053560261692	3,9754071199547534
4,680687127219935	2,0420867829202765
4,289786811799286	2,3689734142799534
0,35635279774599193	4,3732467420715615
-3,172484145579946	3,519373139893847
-4,438718844669919	0,7333232854553882
-0,4107049381864085	4,485553167429838
-1,6974470469578535	5,474337941618864
-2,522996667694897	4,793313170858799
-3,6503521101359526	3,6856910791308044
1,7492513627343405	3,2626146074854234
-1,2193756366267072	4,445365934496665
-2,5173342705857986	4,691092264164551
2,483567137588331	3,87395788205429
-2,5524812916827675	-0,7540853778339709
-4,027860693564498	3,143771839740848
4,9215771398277255	2,2409944361531724
-1,44394410085311	4,4221501799460246
2,0885797609267667	2,9311022037214842
-4,270426857591632	1,2950954872097493
-2,3780099125124323	4,613641654271113
-3,3786433178643853	0,30577950813533017
-0,4211904867236198	3,736263864375049
2,799182458143878	3,095089332228154
0,09367559535786119	3,763326583363077
4,696381745028704	1,4676614861406465
-2,9674897052434197	4,30522670560309
-3,615229306245152	1,2481464718093442
-4,081264900038025	0,673556658450535
4,169990195864221	2,4461655959451454
-2,665940734125044	4,205875640916203
-3,4908851916642867	4,485445272880074
-1,1152257746689445	-0,2306037080222163
5,094370704264927	2,320198552238993
4,063422840707531	2,560070618841847
4,5855494580293055	2,6984099576776184
1,0933507562912728	3,0627955095406016
0,2194958475950226	3,996357317409556
-3,000900913978005	4,550379790572438
-1,4893946523866473	-1,3085179682550772
-1,0531236507222226	-0,10540723023153387
-3,4414366216101597	3,2130844062479302
1,3121842403775361	2,3239644063194733
-2,6270829786246135	5,370350829409821
-1,3315193505166873	-0,3457316651178939
-0,43175972853719413	5,10600487132227
-3,643992463641508	1,2588036517003056
-3,9227152479146943	4,534619857984876
-0,5286988857302637	0,22790406603301516
0,03314984364259921	-0,3144541380149821
-3,6734329970993866	4,206975056572432
-3,8035228421221667	3,548957853019531
2,3995113558619874	3,093283647545962
-1,2800401353133959	-0,8174757053936961
-0,04392724643122192	4,0584836547164445
2,8215376896395337	3,5073907212368063
-3,3858435763722055	-0,31081469862346434
-4,254172815477935	0,5357197357273863
-2,9900045709966	-1,0768856918807619
-0,9205033033227279	0,4418154063797105
3,980387759762612	2,8894356688715703
0,38957515069870685	4,071890768158693
1,8632175062968883	2,6475216469949006
-2,7143225318716286	4,598901176189522
-1,627528470223215	4,702775836474036
1,4323365198810654	2,6277049320795483
1,7300778540586221	2,7079578915597264
-2,4200672261064677	4,963819519618619
-1,546330994034106	5,331302751145779
-4,046967760275334	2,963100164043627
-3,6892836751177884	4,448411056585056
-0,7043129849100194	5,249477272360329
2,8719701993027718	3,9697777862503982
0,36617477407286425	3,895734440687553
-1,2281055346209038	4,714467124446873
4,035968029540603	2,8410939169713654
5,255566604839632	2,4300898016692725
-3,573774576406329	4,477109841342844
-3,934413959891807	3,5515697821993557
-0,7915423376735757	5,439529359446025
1,5519429071783861	2,5922086972575564
-2,838722764612549	4,602781326481273
1,4024386765466421	2,1125889677310314
-0,5968990208682161	0,2813550377396492
-2,849515260126383	4,795406176335721
-3,6647710981690516	-0,6332239483049449
-0,9116203501538587	5,066930384073899
0,8047381816530028	2,30322512646379
-2,068856710688615	5,178064343878405
-0,38079067434570724	4,876500776115012
0,1812343061933972	-0,04545648817268877
-1,6596742792760648	5,181695081078988
-0,5846487771156035	-0,7980189825017527
-2,7402000348216875	4,408277482624224
-2,504577402972875	4,61343262210883
0,04556408786201649	4,578893638267425
3,103898077244517	3,819250347291503
2,189245178972159	3,0671619532101984
-3,4908693543995435	4,858279116208193
-0,6322704697747128	4,027108625367292
-0,6087011362054737	4,061460181064547
-0,6523877100952591	4,018206708548863
-3,589386461803696	3,1806255093093023
4,483969137497902	3,259925370990109
-2,386761512849529	4,50451619091986
-3,0622313356728315	3,808679407840646
4,687901525171986	1,9277157114100145
1,6458645715897735	3,2620498090471846
3,6104137975173556	2,96482176451335
-3,1054823420237545	3,3621731127644887
-1,217420370727174	-0,014974426175275113
-3,153604352562822	-0,17859239674542593
4,068280056013627	3,007864874998152
-2,1038047223954304	-0,579873522226138
-2,0285974693382425	5,450986419917017
2,4642201259610097	3,56432956467778
-4,189139877969813	1,0330715951368736
2,1150184656787245	3,6476311519390636
4,861327555334168	1,9145420193047753
-3,2609017958456965	4,499534573147523
4,504263407708364	2,303380156277057
1,400249421961924	2,310673767315888
-2,152966187821228	5,245068089340119
-0,12217826409699528	4,248871994543688
-3,095781061533935	4,892766845473952
4,081125963147938	2,9653025216408957
0,3802585618883565	4,105843217836933
-3,6283886123348945	2,88641751323878
-3,5027899645231786	0,40967593719024054
5,013743151381717	2,317369384964807
-0,43591634001103685	3,811079181462831
-0,5070282432948043	4,068822087301935
1,7948437471483427	2,576688375988454
-1,5504121700137643	-0,18420996715575955
-0,8757546816231047	5,186815582002007
-1,5227945082792291	5,128087728839835
-1,6179872128308213	-0,6963527738434145
1,779739155382205	3,1178902116391325
1,9134147106788868	2,3636691831784464
-0,3861224048450391	3,7767358182305326
-3,300509536772714	4,340617152723802
-2,309560826648602	-0,614768705434269
-3,007363202632445	4,542688036269599
-0,47521705869940556	4,575675423950569
4,165230997412657	2,4710568674203337
-0,6518753227302485	4,223052621125533
-4,166787411505187	3,031498464308031
-3,2631161431687445	2,995199510490376
-3,0475346207518514	3,7605878360449676
5,382253453691208	1,9641375007349322
-0,4039851824419518	3,929626533192068
4,043070427640455	2,5491487952431946
-1,0833787029780746	4,644534497211962
-1,5901908720566125	5,038994330269626
3,7420207905299807	3,0841580586749915
-3,388416168094257	0,13973559891366105
0,03145054813732506	4,508103294179607
2,7879822731801673	3,2835665453898364
-0,3304384742667845	-0,3364196937180284
-1,6687878593997176	-0,40151316855958163
3,614626358486251	2,897434687489112
-1,9335790707958904	5,128015953380285
-0,7293572510292246	-0,31875176709499997
-2,5977982985142116	4,283304522754041
-1,0225219321742132	-0,2612206782421105
-0,3552735780163152	4,160140778324711
4,696617235475193	3,514255489048628
-1,9603350006253462	5,369419981381515
-0,8706364500319763	5,005388020348264
4,1188876223314175	2,8313917578667143
-1,4999480017861568	-0,9651951742643716
2,2762031135588554	3,1736804248036705
-1,688730232954282	5,363151044123623
4,634085155126346	1,624203652125496
4,465633486015654	2,2572148539429024
-2,671828716173538	4,9321990084264105
-0,2211540269751613	4,351126744707157
4,494075309181475	2,3180463611367097
-2,48857650627821	4,431820420378622
5,043707897766144	2,9288896873949213
-3,3646913647442482	0,8224932153501574
-2,6238171347019	4,405793914026315
-3,2284942992872674	0,09971717529677138
-1,9276843573219096	4,844798536150891
5,236032972745333	1,3634336355733172
-1,1112826942529477	-0,9141526883921178
3,880908080157314	3,8193187174107592
-1,1237602393788233	-1,30792930907139
0,2529084778800994	3,7519788219558396
1,3740588301454615	3,040381409683034
-3,6221364117535417	4,53652255759541
1,5472426754906359	3,2308502709854623
1,9321657856432872	3,0806253479582466
3,0916585246614554	3,3824642877676077
1,6035880694343077	2,639865996425733
-1,761126791095041	-1,4744517012588836
0,22612926649771725	4,163950014170263
-0,35511775862979844	4,650026234715116
-3,4121390988725446	3,502313764075084
-0,7163078468705264	3,805787616338121
2,699279563388304	3,683214631169812
4,004988987124762	3,228734205380663
-3,4273306365088607	3,7551847075367375
-3,5762870890578586	1,3862767361560744
3,6157599818285164	3,233209381599378
-1,3070077688532085	4,671845420196366
-3,6686201879222535	4,291796944624845
2,9731537400228922	3,615391343565274
-1,919930506674994	4,683436483074413
0,21557139998069963	4,471581053271436
-4,304442282926385	2,7983724936996737
-2,1130113632067387	-0,6084986041811105
-3,2990368453669903	0,2743694786758182
-1,7018423632143438	5,4043467620775445
-4,383550037668611	1,6575287630973987
3,993295938044253	2,748775112749894
5,455314789697013	1,322767203753634
-1,5474438016259815	5,079113988933136
1,0159796721631138	2,97966301084999
2,224396173446631	3,055060632048793
-1,4432763699151545	4,816484789871247
-1,0317297879934082	0,023828045011426546
-1,5866669676098974	4,617485464513152
-1,6538964171341721	4,43289145681069
-3,264317116995337	3,5897002064841157
-0,6665250289208957	-0,23145194852924167
-1,9777092763667095	4,865314550552068
-2,7413790588924813	4,801837334297278
3,68354129516736	4,1179826209834705
-0,354022582576621	4,4740373646491784
-0,2297466808328792	3,5917284362562576
-3,3831447473869147	1,369718997601842
3,7547724945198935	2,747924342126965
-2,9795433556501862	4,58768795054965
-0,4986609180194306	5,149537791372099
-3,525729320649404	-0,1363655692886674
4,030005683152439	2,65612588899789
3,168096864772475	3,139591561426554
-1,598357822218726	-0,3880414048012928
-4,184882682367498	1,0468421854105208
-0,3717480321816189	3,8338274232667704
-3,484731358592122	-0,8139619326294585
1,1195393799350803	2,7161748621162976
-0,2815988233875093	5,094440931451111
-0,44120650132826045	-0,22741623959694546
-1,6913077259987292	5,4087262968302925
2,6267950455182976	3,4351785580678817
3,2912913410767137	3,4390390049689463
1,0184394198679265	2,587307117920275
-1,4829657614284146	4,74934171096081
-0,5958208658701969	5,210916889841732
4,217271386196162	2,3433467225488886
-3,382013609860932	0,49702543639923824
4,473740267020864	2,4073164619483474
5,493424860183918	1,519258932339
-0,21420174282706372	3,704577808156934
-0,857150394290259	-0,8466322513145581
2,112208918175183	3,413883858806155
-0,605119494450985	-0,33776459768677447
4,827362141380405	2,7223242749852288
-0,6647134671973745	4,248253596509196
2,801619446095122	3,195276177711377
-2,032495890953048	5,201065711827141
-3,9494706729122377	4,1086204079758195
5,059503203543509	1,573335191776816
-2,2878595427572397	4,61980849299214
-2,9446644088715646	4,273438460635532
-3,9521833265599233	0,60484911498508
0,009701295834293022	4,83982125825122
-0,6296520491602511	3,680469552636806
-0,9447274287070263	4,710418434585328
-1,5177442210287078	-1,0571296463974575
3,574864896519742	3,374098661911458
-1,119911855688438	5,176167681384734
-1,1231685634020638	5,046133347694373
4,2815140402206575	3,0557542128798687
4,874578556143332	1,6547793847709782
4,519617611532902	3,1972306897567777
1,8061091729466647	3,6555945772949974
-2,823802507289667	5,336150058681975
4,8189984957477545	2,564542370826299
-0,7231092389028548	-0,29353768804638314
-1,9138890695819342	-1,5367112122304025
1,7094341998862261	2,138888679024361
-2,940393207558084	-0,5622385590058863
-1,6181481745370312	5,078803468945404
-3,029624671609497	3,5638209392342795
2,7427484641304223	3,5814520759572184
2,473258194596614	3,0580444353670124
5,317431918145106	1,807204035404895
-2,780613549348467	4,748402049257203
-3,768176923273032	3,7359183908760047
-2,180821155050679	-0,5279909968935239
-2,13782128092639	5,6005389599241076
4,306748871953618	2,2786318321671173
4,086669351635162	3,875785864714236
-4,090353835796503	0,5909856711436755
4,648873953655609	3,1670625233241254
-2,2090708241411887	4,436439974131758
-3,0169859400731394	-0,4913102496105475
-3,3802223971226786	1,4444972881180234
-3,4201431768942827	0,45254022754260764
2,480370776370604	2,8559434305733107
-2,725761846214709	4,231692910623971
4,317984436875334	3,2573352427950866
-2,710949233445815	-4,598329511022294
-3,8055845197712914	3,135849921306717
-2,316667161194542	4,521887788019518
-2,680379050063769	4,582959690366813
-2,06681522198598	4,591102073033893
2,133947095157496	3,8667714805566207
4,971644036154842	1,4821506923768524
-1,3318471727282566	4,487976510624302
-1,568514548794854	-0,9004287808150768
-1,3618929724035946	-0,45998943750050514
-2,033295837690932	-1,2389449332109423
0,15471938698759513	4,477217410318875
0,6465313531084789	2,2761743969558417
3,100949627244325	3,931782178234607
-4,0552441458025665	2,938440228252733
-1,0505064289186659	4,767503367757184
5,078432198525194	2,6583663012178054
1,9113530715523368	2,5312865597389242
-3,98888730971783	2,9780303984063456
2,06698557967335	2,70214392878756
-2,7427620860970587	5,239434276734316
3,8525863077317712	3,5701121601897494
-0,5907307130592416	4,899089994960976
-3,247516819722741	4,526766983226974
-3,6042876123802117	0,04302665768587166
-2,982691996547026	4,605228367553038
3,4868735164875044	1,9873846952394167
4,04315271531162	3,109767579000642
-3,8643477351409405	-0,26261683101201694
-1,6162156131848904	4,71404228164768
-0,6773148079728959	4,361237810440205
-3,8706171878562188	4,465773988106575
-3,1232684115900557	4,2932914239989906
-4,32180338353407	3,1667111110116006
-3,3222081003399495	4,607317609083373
-0,9973571968241628	-0,6247329364009611
-1,3161982712632485	-0,3304518215216048
1,8748543468393912	3,5540888346200195
-0,39309344229974696	4,460406889228415
-2,356213335249084	-0,6272488148943809
-3,1202913284212443	4,803538464626695
-1,5446356329447912	5,547235795030774
-2,2940889116869254	-1,5089336710486645
2,6824352438476375	4,081710196168086
3,288448860036775	3,538798396561782
2,989963836583043	3,0843696949764094
-3,1224674773842698	-0,580551703467495
1,423338881382455	2,5127156512524014
3,3614734356947853	3,6542540654604014
-3,420270471005285	1,0093108458412006
4,926824612112809	2,0552664055425005
-0,5045362398220121	-0,7465612248283191
-2,4696339682449153	4,617781175585836
-1,8274914075661006	4,458870155199941
-3,1276138939415414	3,146603895867443
-2,4156103711708194	4,595028364641415
-0,4222765649353599	-0,11250352016047938
-3,2341704542066565	3,6580276127943905
-1,7229818239082326	-0,9516703406300375
3,344050044594228	3,623565575876497
1,5805986485159456	2,3063805409446845
-1,5772055384882342	5,033094223392581
-1,3540181096098989	5,0741056701500336
-3,839062341282658	0,6525707936937718
-3,6784284640403664	0,5964839744185676
-4,2739108236751635	0,9422691862820824
2,1447600041468924	3,2338031624343717
-2,017097374149164	-0,4499405669156433
-2,22183107970398	4,397876434258171
1,9163739123916939	3,287143521456858
-3,7946687979779705	2,929723368318169
-2,1897559523218195	4,527926764236626
-3,454194150949085	0,26486378129190613
4,012265140981712	2,8251166255714093
3,9642096596569782	2,902977020881411
4,618418053303024	2,496422462838192
1,23933966035706	2,794046978222001
-4,019113955912502	-0,3555006563106504
3,696306309068402	3,1020361727504433
-1,761956246095583	-0,36069480547382504
-2,5140898637330706	4,558779392459084
-2,643008569838558	-0,4191021481010426
4,511856517776492	3,1858532148154874
-3,6889716268299355	0,6325834195129197
1,5573316579973093	2,2983493500850893
-2,6294483207302486	4,470044562261964
0,3636624901324683	3,7259420547959734
2,1664589037714475	2,5926387568314375
3,362699617059988	3,1479758156031097
-3,0680197957649074	4,265335767601598
1,7943006369802705	3,3352979102746683
-3,636306501231643	4,181319834988819
-1,5625435149403888	5,012037225438221
-4,169198987243458	0,7215988172686664
-1,6439751709548418	4,442414621423163
3,8220935066132755	2,710185482301812
-0,5050122747155155	-0,214725299548441
4,614287073486201	3,132755419950608
-3,5176872140844946	4,863771639247799
1,6998031280785324	3,7859916030023317
4,957333535238958	1,3514777280591321
1,2795576690817174	2,423428585674962
-1,2367271290971182	5,037910801391641
-0,10260733097828911	-0,5419840885267333
-3,42849450831942	3,828272293364737
4,047399283017569	2,4925460330367066
-4,361795593664105	1,727558080092002
-1,966419136003014	4,9281649317750285
1,9943581098715217	2,6086983209727865
-2,8026240550736716	-0,5461462540591611
3,6624837656537697	3,2499277860101254
2,0333465820536887	3,608353807706677
1,3050494665122019	2,205937061677016
2,653156737983286	3,844468652677834
4,307902580665885	2,8268433151061467
-2,173217700149973	-1,0411542001356136
-2,9665723105888606	4,5196289580629365
1,6635023802727693	3,3560227313869895
-0,7292383666458926	4,529918580163969
-3,7458332947521638	0,7961082169110859
-6,553931987158638	2,3549789233392016
5,38088378174907	2,357237320733688
-3,0774595606189763	0,0807525261143196
-3,681937606573996	0,13432429257322687
2,656414301563312	3,0490123777764815
3,505875058415941	3,9919243589196376
-3,6804875266569104	4,490976618044048
-0,46211267449828153	5,1183169819012155
-3,3456378493545182	4,28362607199408
-0,908468559069938	-0,5319222461745272
-3,8521784876440077	0,9122224091916247
4,20430078405923	2,95748260599351
4,801040973387461	1,3689524614844042
-2,997739365971024	-1,1011303538224615
-3,827205709469541	4,0617272812684755
-3,1275878583599153	4,645971815875856
-3,069314141597093	-1,1555088915346063
-1,4093529470823547	-0,45122457619851586
-1,1991913661068252	4,798982967041029
4,159140601987539	3,320325398879781
0,3810696629183641	4,227665242926508
5,182814901788707	2,119119521116556
-2,068672149704852	-0,8235922056390099
2,6309406439871212	4,102117189252064
-1,6242406757608585	5,443777308524764
2,9858568224210997	3,994586462801508
-0,3560577505216431	5,188584552532473
-0,10501183647531653	4,4897681066944495
4,566414397676808	3,635751879290898
-2,6598601459152404	-0,39803090330579893
-0,9425146800581969	4,107155059099017
-3,2557406773488875	3,305512997559524
2,828202983207273	3,393019497842965
-3,8046174279634855	3,469007245143543
-2,265937678040014	4,48065021626939
-1,7367889088365178	5,000040069910419
2,63175523268398	3,65496848638708
-1,4811360116290138	4,742338694924767
1,9723740777503744	2,6997726957986163
-2,365990748066416	-1,495866084461806
-3,5518372755428747	0,24640376857851154
-3,9052065562825025	3,2472262967107306
2,880705747947899	3,5567909514292437
5,4141436554233335	1,5770736810126889
-0,7328690075279614	4,178354749962146
2,716889098323565	3,296920467295171
1,912479340457057	3,3550785915427874
3,6119559386395506	3,2137050418134967
2,53649074626232	3,107834669559286
-0,6824925757538343	0,07014551570300043
-3,5518213317268574	-1,0542589801214501
4,631294389071549	3,114431313780334
-3,4023111746151598	4,679259394704317
4,306281146225013	3,266248233153008
3,329627155070799	3,3210074167540307
-0,614582651790907	-0,41258195457623814
4,900060671749647	2,248483911853543
-4,382030457491716	0,006241209659577973
3,7297299984675725	3,2464422024677715
-3,629081082043642	1,210174202718742
-3,4088381933853196	3,238483235322934
-3,114524322805397	3,385720039462523
-3,0820649658650967	4,063171135466665
-4,2054443561043655	1,2262495687484367
-3,3685874536662137	2,826468149698428
4,161769225048638	3,2724182866333207
-3,3051665107875188	-0,9513468758208474
-2,755427033879871	-0,8333376807196162
2,537846426951501	3,5271470731311867
-1,295791388233135	-1,2960717897552403
-3,374916426359639	4,074438908806609
-3,5782276137525155	-0,1283527085599372
3,3048801467473408	3,86659427072424
2,2266342628774076	3,2614982657013822
-1,782184265189335	5,040418542804494
-3,1473075109511113	4,851705136665002
-0,1385911024615034	3,841966796550566
3,3174571143110008	3,1389203514617714
1,748574774985398	2,415167198294976
-3,487653272400033	0,7642390433568896
-3,0968537057550445	3,3341037716505166
-0,1266750097484164	-0,32288386829397187
-1,2202262363283496	5,576846630762877
-0,7044475402628776	-0,9937900471394494
-2,7483960289507063	5,065471719161194
5,324756776827641	1,604813738371151
1,9012275402845373	2,3033580570719687
-2,332181137860128	-0,4053087426937436
4,9940335787813135	2,5090526473934753
-0,46084058539226214	3,5849480777375535
-3,126366246860523	4,8150495889226415
3,8452354441521903	3,6582918188029687
1,0320645735427916	2,940317536570326
4,484023237438049	1,7964774170835265
4,949890506765955	1,7582863287329054
-3,072815094194164	-0,7312105839436194
-0,020604228888716936	4,195893365303166
2,0186623484689736	2,4193262346238757
-3,532718407649604	0,25428059287620774
-1,0108395706246331	5,139727320420529
-0,45317769283991316	0,17444420096428437
-4,020547743241758	0,9876701008809574
4,6442303657144635	1,7930721877092
-3,6450510995482936	3,9268545834336708
1,0024755916931856	3,119362010618246
-2,3353467012486666	4,342285001636902
-4,512904991255894	0,5813722429377631
-2,7074241771157794	4,651276869331119
-3,0848420131073095	3,392202998638173
-2,1469004514514163	4,630676683059976
-0,005028755136320395	3,6804019199373386
4,716596167913948	1,987696258263091
4,807702149356996	2,6453610567103083
-1,5566540549493142	4,407065638479687
-2,5945655791223716	-1,32621185812858
-2,5727867817364496	5,30190726004572
1,1790418526526394	2,799794597763988
-3,3145661059566356	2,872170474757634
4,638074381505681	2,98553513055696
4,334521191036428	3,2842507502105356
-1,2423905212722837	4,762941171646147
-4,001206665956783	2,7940613567074166
-1,6844127785715937	5,250002869466755
3,580984026213952	3,2103050742171986
-1,2640925813856194	5,614278390234938
-0,18808157053829322	4,72035795626334
-2,7996436471504973	4,590063079900207
0,18428343604218012	4,6523436938669835
4,319264906624243	2,3450436228640696
4,543408491860902	1,9592426310503095
-1,7551971685682362	5,4062325237066435
-1,38067869810035	5,520198452888308
1,6606133392974476	3,030353353848031
-1,0387854751980754	4,772555798261741
-0,3440043210937833	-0,81435794467779
-1,967214615233431	-0,6415733325010862
-0,06695016801417553	4,0473633758740535
-3,100215571656248	3,3197410553367357
-0,5106983620080319	4,914628340805102
-2,328073889444838	4,815308915356068
3,137226838488791	3,4767524498725404
-4,182735926229381	1,263370446153811
-3,755046179641858	-0,9131585375340863
-3,974194401607747	2,842506761215605
-2,9268825857940195	3,807911091511844
-2,789667749223681	5,326633421640935
-1,501432585553006	4,51908467216613
0,07233322077120063	4,403964493218174
-1,1145179812063164	-0,5732243843649978
4,696496722661262	3,1017975945118024
1,8161209334659392	2,6868998424325405
-3,6624225725561828	-0,7646268872953201
-4,100717615591732	4,1589344565396615
-2,4039784410346465	-1,1644389015075247
-0,42725126167611527	4,642567352510583
-3,7405899776185914	-0,8005657126697852
-1,0688386602848974	5,220046275568622
-3,91308455913725	4,230799992247124
2,3970605636961766	3,6487718001414104
-3,797193741530555	4,260052271051935
-3,3427639843966346	5,067796218130187
-2,9106626005498093	3,864713782774265
-3,162175121939443	3,830796352671726
4,070681826934145	3,8041160481033627
-2,6876302715206	-0,5932445392979573
-1,1698858623199055	4,598915661696324
2,180847785461604	3,7759490173018317
-0,22726166662067926	4,690761153502537
-2,0885910555149554	-1,4098972049272058
-3,0230221354814573	3,622868145934932
5,5087666379988125	1,935189094409177
2,082301460768759	3,4302767524887616
-1,7593159097685986	4,499040491082212
-3,2923668583123145	3,209850472903698
4,5209585171895075	2,8079091776295755
-0,5684014311958816	3,805933787847593
-3,453414060986005	1,2989069165895097
5,427747711487837	1,2926400224272117
2,0936763057409102	3,586138361734461
-1,307993262698028	4,434409739422428
2,440864344570655	3,2357980704994675
-0,9392645385990861	4,363962718704906
-1,6764083076308605	4,837697700732377
4,942093599891806	2,6366969240496663
-3,766692976550462	2,986370966025544
5,150225827748474	2,0461419128222063
1,1999940982962887	2,5772368874961193
-0,34659718639602444	3,549736795353336
-3,1815266122710146	3,0408923762184417
-2,1793109278967346	-0,3604752135168994
-4,1472000043521104	4,030023727640723
2,060098868894782	2,8331247404102973
-0,2516179646093353	4,246383779136539
-2,97230560445417	3,8436575267417368
-2,2259962553949633	4,4991346767083895
-0,5472971137730502	3,6027567826600593
-3,8807804224050813	0,9465710203123262
1,4848427966617441	2,7442394355181428
-4,324928590761957	0,9548746130349343
3,176046533026081	3,052847565663982
-0,7877073032504138	4,227651448749905
-1,6877475937157185	4,96046309468342
1,6085112602143037	2,3741181157149764
-0,8325508606503447	5,073953904209555
-3,4702318318948824	4,0144140296190285
-0,633291553387735	4,628213348680587
-1,191616593043154	4,857632752988582
1,293441149463193	3,0087596739139286
-2,909518592999391	-0,5253569710852297
4,589202642106632	3,5004198722990045
5,290240532587009	2,765291865175211
1,4685391973400463	2,342190685371214
-3,6650553966523933	1,508227882585016
-0,4722000253248708	4,48233323863097
-3,780150673835974	3,0280993631391286
-4,25141373634856	-0,05245984642557233
-3,3279372290560225	3,484514186529269
2,12644728553495	3,7842983735645936
2,4352170069695838	4,1211691565717
-3,3823187719118284	4,494028205218046
-3,372918543113321	3,8588295225483615
4,645677026620556	2,9312189810862135
0,9939289348859388	2,1415272430157817
-2,811573515345346	4,022457339093616
3,963948006009091	2,570290613919778
-3,1036280594409416	4,3014623491482
3,558631134395509	3,123370245721648
-0,859830618088284	5,47276719852084
-0,7733309998395466	4,224023225061866
2,8655399432440074	3,151254079961881
-1,361982137216312	5,254771782875839
-3,2905507066440016	4,908703353702567
-4,05211851455963	2,949112485048265
-0,8242490985647009	5,37473093089414
-2,312687652490868	-0,8894385554899
-2,2781643945849597	4,418723275690953
-3,169294229051343	3,4947862320579386
2,158117760347327	3,834377556592339
-3,262990370657045	4,217550598728828
3,885619171020396	3,115414242479315
4,92528698046751	1,4033089022921834
-3,273994303233466	3,909241767369598
-3,820932443894269	4,2960940831428065
-1,8847603176438654	5,678117455705438
-2,733934778560629	-0,21485387370681774
2,4374895421976133	3,4631733478334112
1,928565436873128	2,9285334404735814
-3,0538334770106657	4,316836891623741
4,139896588096375	2,4636684855047557
-4,410407388963954	1,227498949776567
2,219572681460407	3,8851023675736553
-2,2709333693983655	5,616626160562976
-1,2641561158280008	5,487556553734013
4,280389584080165	3,574344845287742
-3,5751985412294167	0,23782419227249552
4,436748299345754	3,0724854442659657
-4,1247454203077325	1,1031560459076712
-3,222477886978881	4,622905149111011
-3,171367660129212	3,4880543010439258
-3,047919468262907	3,842972677672955
4,7730378386582775	2,9490091574996087
-3,6679427302891066	4,061926569564455
-3,146326471293062	3,0946273354542897
0,9812431640485642	2,6332800479145284
-1,8745261961643425	-0,6749701711271152
2,105491721468484	3,403174879553366
-3,484804193368324	-0,09128169449114121
1,7214224130191766	3,446151412910876
-3,1780120992236234	-0,32747343182403443
2,943044720229407	3,299374501541312
-3,1741782239866505	4,82383084624588
-1,5039259407540593	-0,20032068990129215
3,3629780425006848	3,903597984160086
4,485023831309006	2,3410130585364666
-0,25254668760409804	3,8075579979950556
-2,6337285647714577	-0,6598194444177226
-4,126720675155486	3,022066499771258
-1,7588694913723395	-0,8928291400414117
-4,0635088185887955	-0,49891011282663067
2,696737155945282	3,059242113656076
-1,5712067803623433	-0,4913773038990896
1,1887742890417288	2,3885347237406145
-4,306461367290993	2,853037480295684
2,023415565624435	2,762895869165908
-3,166272072722572	0,10747241764121451
-1,3817330560827301	4,468806049961334
-3,717720449164581	4,4692082533360695
4,499860027519128	2,4192988217307554
3,929399702619458	2,880395350391163
-2,1700603159130116	4,579950134676629
-0,7636227172561916	0,23618172544057048
-3,142519217856577	4,207812404160705
-1,5173240264751766	-1,1844666020369243
5,222987778478964	2,247941581496109
4,125597960517588	2,427752569554139
-0,49202299747729916	4,67748798271382
-2,4209199736137603	4,762512995294159
1,8704586446973959	2,7622834245443086
5,343840078527455	2,41054644870862
-0,4479431881699425	3,7691286629641336
1,1887790126585924	2,9273298628023676
2,902624081023874	4,169158604926485
-3,6813155889450218	1,3784609064144997
-0,43779957703081984	4,618621036426398
-0,7674555113374355	4,2946781149131805
-3,393173706266525	2,997313848581391
-0,049671132239692994	4,167070611046571
-3,159123524936348	2,9757541289019187
-3,676900152060058	3,669453555670774
-3,4473942978594674	3,193245399619408
4,747245218051525	1,463295850338167
-3,0210158431083896	5,195270624810294
-3,9753870776415603	0,6211198540144489
-1,1609569860458853	0,09353615548529426
-0,423028948380735	3,9882386707687534
-2,005496676747137	5,629314755640072
-2,9778211210414245	4,638988540134259
-3,5426985356085825	4,52705086903159
3,5839975508359974	3,297100443318106
1,861082935619619	3,7489244065251786
3,879863058010789	3,173624313171641
-2,697217020171474	4,408510513407478
3,4130541172199536	3,732464398187197
2,1449513391508015	3,2515129945489023
-3,785821370913599	-0,050398364918915584
-3,4670433603157815	-0,9885326669859718
-0,6446465841762645	4,728965722490073
-4,155146576083326	3,413485674667016
-1,430126712965246	-0,7394038982351376
-3,206892284828167	0,06877826229298689
-3,317355944178425	3,0617965198328756
-2,217605216527666	5,258898089375864
4,5165379902725915	2,438491950580015
-3,50823629144716	-0,8826964873149654
4,026359378658771	2,951025629625903
-3,7952551360745757	3,5914171606294096
-2,0569680479872203	4,935393029873183
-2,9266926863118696	-0,4315515831935599
-3,793017880635974	2,9629950723711316
-2,4661597985257	5,534150957579719
5,09384574051947	2,0623549738009945
-4,174833797733649	3,6496378131026526
-3,451334771247404	3,601964105006139
0,1617594878107298	3,677010422895227
3,509992392984696	3,248637529674989
-2,8360129197695763	-0,6842895452763096
-3,8906982253356595	0,34813467868900005
-2,4367166089955536	5,300343513941817
3,7271966746628675	3,701857817986852
-0,04236603487731272	4,446831373037632
-3,5460833110173096	3,7562486300992877
-3,6102315418010704	4,645184522023413
-3,8682335243245234	4,405983695796036
-3,901467068831061	3,0385078240353263
4,833754923545747	2,1717838568977164
-2,231097466902814	4,397856452453854
2,0014710451179507	2,497747871742864
-3,9877234712489606	0,9405755661362208
2,6189545586580922	2,945055788417131
-2,3968802072322766	4,978696164946949
-3,640183937817912	-0,34145112442443004
-3,4641473536122778	0,497823397053164
-2,986128168334078	4,6417376662138
-2,064539871137968	5,017369700017666
-3,5299473410401125	1,456413357496697
-0,8496102528753653	-0,9364874363752129
-2,748921849508183	-0,39611545965202466
2,137823149221375	2,870057977726164
-2,298349046852098	4,4015631449697885
-4,158105512111184	3,7731711026808554
4,263720945547935	3,0888618175864506
-2,0512714337255447	5,4561373847074295
4,0153431170869265	3,5089171113489677
-1,7205774061457089	-1,4709839965748683
5,36878009700118	2,512131674564486
-2,034369983780842	-0,6716332308436175
-0,13055175544043474	3,7918200002498845
-4,152555724642317	3,700628208033534
5,025938937496558	2,3085671065050715
3,7754716322640833	3,3104497051372137
-1,8436469545842897	-0,4930520044399982
4,303220472890608	1,469161895594863
-0,3358696921550379	4,186514611226338
-3,9418985154146595	3,4278696530471335
-3,366157981731839	-0,07354758479741519
-3,528470181757678	1,0157412855354466
4,680556882931077	1,4106496709828877
-1,7277300602780645	-0,36943240687158974
-2,1423759726627036	-1,0810529041232657
-0,13027961402907717	4,94380827339563
-2,151786797041747	4,7265576603697514
3,084871938890194	3,222545358552058
3,433394078048985	3,887441018323021
-0,687658940830882	3,989228316227124
4,70585070778916	3,017880981133684
1,65954052175722	2,0143128657634652
-3,6227525259134166	1,4922766566351602
-3,8344952471232108	4,016456058065279
4,056110988261068	3,1540685363546155
5,135746402330734	2,7102379369952456
0,8262641364396099	2,2944056386204004
-1,603348788146085	-0,6996964911153256
3,14535307646384	3,8792907250320603
-2,5396826421942493	4,874341776668194
3,133764532093436	3,436987472833918
4,537082155609545	2,876657999545963
1,377084553131449	3,337040016045422
-4,025832790175962	3,9580675614207967
1,1412902486208314	2,371210756666442
4,853497141852439	2,751281978602389
2,3326723120747674	3,1613638836252855
-0,26347136615222255	4,012928185971589
1,8527806920934244	2,454696247571887
0,16121622106346623	3,995082924750558
-2,794719671712282	5,416895610220988
-0,8207030403882287	5,029946101260057
-2,8794940428201277	-0,8507856970410492
-3,3994689806875886	3,1291411275652004
-1,4103659706027565	-0,7126522802253201
-3,8887176812236817	-0,7302240720319804
-1,9548045378342072	-1,0841144267592386
2,6652825673393714	3,133729695426919
4,422332991468204	2,792691295531236
-4,131197619966555	3,9233116873370135
-3,9874614589175676	3,0185945019517306
-1,5560836773677023	4,795841184927717
-2,6789573579498818	5,490945005336201
4,90149678821897	2,6912147086366223
0,4326614893330676	4,02126316868904
-2,480492751804256	4,614385765244794
-0,5508548829851274	0,19252500279654206
-4,125579321271827	1,6528437059052095
3,378691263145593	3,3556197349253587
-3,2058758954185986	3,8194441638858607
1,955176191511066	2,9669902164435795
0,9839654637421518	2,186271640943681
3,6715417485457014	3,825297249875296
-1,4029157871258011	5,47987572381458
-2,7933843209722955	4,8041083463343695
-4,157476555188526	2,769394349619172
2,6282035326335613	3,1146279909296206
-1,524011311688535	5,362786014614581
1,2675350454728425	3,242170758785091
-0,6234455532814496	5,052429432729573
3,9761067203648084	2,8225418663507438
1,3517684501646412	2,157354899904337
-1,219408189933839	-0,417650505621626
3,332852266653719	3,9894111988858096
4,586268660334392	1,511671559346172
-2,272418880963176	4,584370065010169
3,096837122156699	2,972943795763685
4,08920533338002	2,495057781825804
3,4437633468998134	3,6697480767808752
-4,030300968583229	3,425571309325839
-0,5815318743520186	5,001801894681731
-4,305104276381899	3,0366876505707214
-3,423980852939839	4,543418443887281
-1,390960775282017	-0,44260887159895823
1,93778599373234	3,819434983326275
-3,482282250183784	4,76478583309609
-0,3892199566494694	4,965916553599323
-2,209542925479084	4,558272436781368
-2,8983675755700107	-0,865899654226145
-2,902543813865035	-0,06618852517603036
-0,9906653650486504	4,107367072290128
-3,6559120208176346	2,842780431355492
2,448423126351502	2,885011349968118
-2,9422173487812064	-0,31282606206055563
-1,5485244027559244	-0,22952269912682954
-0,7391431056183277	0,22227508594158696
-3,5464588388846954	3,180733916395863
-1,9310097288248582	4,938945730187698
4,323728749787539	3,7404933003095944
-1,6883365270639423	-1,3839444666968
4,378457427429372	1,7555932852403637
5,211359356975461	2,949309487572066
-2,5702058714034406	4,95641589817557
-2,9374320049992866	3,9940894646251675
2,0036938148418892	3,054716263894224
-3,5611088411337373	-0,6725833093746498
-2,111611894622907	4,708334035694445
4,607592295622495	2,5050165902181893
-0,8517395356994701	4,904847221031502
4,353013203080674	2,8228210645140965
-2,82790712997219	-0,8632775986075838
1,3723269740632342	3,4898746614133516
0,3832501766066161	3,8916389889946696
-2,915984091785438	5,23226077702957
-0,1957548371917608	-0,6184647328915227
-1,1499143645277172	-0,6745413285156114
-1,4000394652820036	4,811045518905257
0,9162843236236111	2,5485283664371723
-1,091518600122901	-0,6293434974248227
-1,062708413573389	4,754900311141462
-0,8272984288431389	4,704624763348766
3,6842036253739594	3,1428126312783036
-3,507994795569891	0,6136520805158852
-2,776898906137507	4,273699984106944
5,542639993171658	-6,761668815136588
-4,250828131352918	1,5118293873589708
5,093023817548197	2,04077955820681
-1,2157231029925752	-1,3806635899043052
-0,6882411639044346	3,7748490085638307
-2,2350130485904067	5,574533026848906
-3,513238720980267	0,22901898018520817
-2,690399093447661	4,235421974868905
2,4612532185245097	2,9293978992479763
0,24933570542668115	4,163619035485613
2,0419291689885557	3,675231732558765
-0,49298820883211847	5,288580619196464
-3,3328085700474173	-0,4482793246518002
-2,122938127293365	4,897201555770513
-1,2398901395660564	4,6960608037467555
3,777978015254183	3,4418870731358764
-0,5420429236411164	5,001644965605303
3,0015578928238393	3,1032931667686796
3,332484438391447	3,653386267076616
-1,6279122203558454	4,811924091805886
3,661062302947389	3,3829320579555113
-4,067321027970122	2,9884773669115496
-2,3534327309573357	4,581286864103008
-0,5836709997399869	3,997020984006034
-3,1379320870851655	4,51483373259678
1,6270204719937342	2,401593587060076
1,5553345174618833	2,4356493370535786
-4,107939531163133	3,895104344089248
-1,8251613129378694	4,68145527668224
4,2498822668889185	2,2209440706281374
-2,8265838757670267	5,01389719787008
2,1647916044150737	3,676556837693049
-2,9431650421489293	-0,6570322784489302
-3,32146698773024	4,183646307576835
-0,3927684827675513	4,342413425663519
1,5363107477544307	2,2188260967641344
4,297313603838919	2,04016082393938
1,3534720985236577	2,466696071778449
3,4360866491361333	4,033457983922588
1,9647682925481078	3,8116750809354016
4,926110236655251	1,6062036262393562
-2,0131239517818975	5,161068425576742
1,3813730905039354	2,8376180096223953
-4,224493125948788	1,7278302362678148
4,565786710784193	1,5299119906207572
-1,304179732239992	4,459557238595495
-0,58039982660122	4,519000164185383
-0,36765866562002314	4,4641442063534935
-3,6323024510969737	-0,2675247780357215
0,059518029152312746	3,6553346496737635
1,3288710123904754	2,835407778730968
-0,39466248882050325	4,54893840041866
-2,9147249042094874	-0,2992782203847135
-1,1897534833473906	4,630090785204074
-3,1900668007389896	-0,3262203805683346
-4,173848188065016	3,0267240209378548
1,9625432256037243	2,9035148935503257
-3,5011870610466502	4,9961246675555016
-2,1291296628793805	4,804222452948703
4,689812044230723	1,935434885856714
1,975806934743892	2,718645453547346
-4,088992969444256	0,5386196747777383
2,949822134145878	3,609608502632333
-3,416852511411779	3,8871850438716096
-1,8217514140207691	4,885717068040652
-2,999933674007514	-0,8261724787527318
-4,020393970731222	2,8145294808618506
5,196850381790991	2,6111954948471863
4,923618058257445	2,592403651449735
-1,4210903639595482	-0,46343209993924983
-1,93031687103428	-0,5241515728085675
-4,000290169730119	1,2599114411819736
1,738753086204462	2,9440505682270257
-3,494205174270339	4,56787377455738
-3,95368273931982	3,10674770759168
-0,11728058251083828	3,689955569511174
-2,975486998831915	3,976210354862689
-2,770849404075902	-1,1836800203765412
-1,5734353501930962	-0,40266429892943867
-0,16702134074706887	4,108312254321459
-0,5887483998835077	4,371201250432643
5,300416256087242	2,7208903525300046
-2,0807025784087454	5,375832262398461
-3,539833747326174	-0,29907852923938116
3,7179698328040214	3,6478555195621167
3,645648311590736	3,357827956253595
-1,2524260596497463	4,574522609772026
-0,9374813472157015	5,077178707789174
3,500094001572439	3,765375940621947
-0,6062457494178359	-0,2339007680218419
-3,5209235362998577	3,290474356329032
-4,147110760167218	3,082213220906529
-3,3942084238754546	-0,6607362651936479
-2,2216400036532846	4,574456954857523
-3,948161950783041	0,9582569015568513
4,493448448728772	2,4039916844775395
4,73806258364053	2,622795855954096
1,1372342613790745	2,871075566644881
-1,5124482758574804	4,694446666474503
-3,8244130776443184	0,05744359984865888
-2,1346999655288497	-0,5225665081662003
4,609725170079515	1,8741085290658062
0,004633437907536564	-0,28874043812059247
-3,260864273646992	0,4100152820191747
-0,5121767295663529	4,792712949182193
-0,5178285334614097	4,980303073386203
-0,7949203049899298	5,423515433304772
-2,978797485199453	-0,9288650121319604
-2,763802082166076	-1,0287354521013563
0,03684766768213055	4,257645575949702
-2,4700245154510982	4,874216467017341
-1,8252477088998174	5,084238680819464
0,29572488704111	4,270088886317966
-0,8267641386322455	5,038159089367952
-2,585733381984914	5,158673720792996
-2,7115661782605445	4,264318890242498
-0,7758793285254584	5,038304331759833
-3,785597728685942	2,747350204484014
1,743990458603321	2,2017476211547575
-0,8622117855346804	4,136643778318482
-2,820836092527576	5,464956647397542
1,2892118676046245	2,4374309422334104
-3,210207767505598	3,5305649064149636
3,744117949763969	3,4126474565950398
2,9864205778495814	3,714794847323517
-3,536685330236393	4,4082863742119685
-3,338400769529988	2,906270653347552
-3,176855457693729	4,212128275659008
1,5946803588686211	3,5004070279602457
-0,28871549303185295	4,409759034755871
-0,22130305877762235	-0,2786136234881238
3,410515120434143	3,8218011596653394
-4,494135378457125	1,120834827613399
3,1260828572447052	3,920358817825013
-4,13931486418931	3,415838937148282
-3,744521138880368	0,717126433260936
-4,1547228900557025	2,993487954911587
-0,4725165713501662	-0,23635168910882332
4,993070555723593	2,1914155751833793
-0,031937815482309784	4,460370878972425
-1,2581235695254271	-0,06903966666195926
5,117186353383831	4,004795284659441
4,547887159079887	2,9020653811159836
-2,642828432529259	4,691784708563172
-0,4480434577191512	-0,433465132397594
-4,206228751636148	-0,07535338463454222
-1,6225787153519766	4,845306119979631
-3,1544016565992066	2,8878649511352976
-3,551737209900889	3,375088761908428
-2,2846334079396255	-0,3956661143066138
2,1413767813600724	3,4278518971423066
-2,909702924369563	4,0768580029846095
-1,2345049900005138	4,893683408756678
3,197381134001253	3,261511246963078
0,9994580382718734	2,329995124223312
5,15399755767619	2,161596582224496
4,278009441217873	3,7598627799254567
1,8116567124703562	2,3463662466951845
-3,4940327810720073	3,4827632391261325
-2,1965634275615065	4,466144428029139
-0,5311894694937631	4,251775481072517
4,966041040763518	2,8956316141732676
-3,793769551592905	1,5328611024763585
4,627990473469753	2,370245174613986
-0,1908461307981697	4,563769600488075
-0,1911898702239374	3,9126669562700633
-4,188907631609015	3,94272504587574
-2,361546876082534	4,356065134476751
-3,0193658335178464	4,293509541036504
-1,138018549456289	5,370792079054868
-2,8258389110691855	5,396092335172318
0,16528751491385107	3,9376041584358505
-3,8531147907237884	3,077347840666835
1,447468658838871	2,049309116277013
-4,056673673232076	-0,03142715464450818
4,322596624364541	2,857813221389738
3,4848109597658863	3,8862306886512568
-1,3606826027374654	-0,9335185406797133
-2,2424363854655147	-0,6587498927881397
-2,1877519509582553	4,984052268786402
-1,091822543338902	4,583642049190907
5,374483743033034	1,4619435638474576
-3,222836283958804	3,4661730718816655
-2,2931027935792385	-1,469634402918448
2,0145452407801248	2,863357775319991
-1,5857677624298707	-0,2219388925406638
3,6499057377932975	2,811626328068738
4,232459489274473	2,7464612672372386
-1,809184763687334	-0,36196568803159623
0,2036908586468329	4,180761145494513
-3,8651168257520077	4,0966362680757005
2,594134175646173	3,6928822030245465
0,047868829004446445	4,542896887882176
1,5341303987062296	2,125237661216119
1,040202621223433	2,337369652045122
-1,5794633875607058	-0,590507572886942
-2,858292899149385	4,19946167265253
-5,1576003403373525	5,999396019647364
1,8556270982243548	3,86178944318589
1,4039861413739192	2,2124836317180585
-3,2663497201077454	3,49045823275621
-3,978065550937507	3,1419050263897765
4,943147691832133	2,0458328092420666
-1,2429179188985462	4,30822119004047
-4,302817408995425	0,005121037461897848
3,3383440405397207	3,6751076764335866
-1,0454055356974328	5,482311751642611
-3,8750384140400564	4,4809133725534585
2,4916648383164315	2,937097584963468
-4,110621633362485	0,6311624243274818
-1,943740319988413	4,8798002624994155
-1,2890289271537947	-0,4588523162824534
-3,9050186984474493	3,562857260392203
-3,6524163049586678	3,761278529984145
-1,0934554700237535	4,46269064713871
-2,201105104699446	4,524727266441905
-4,039109772523083	4,266376964796814
4,402298038518984	3,446352311011233
-3,6819770958706455	1,0549323478835442
-3,1932129424451716	2,967967288578405
-1,1181128065485497	-1,2486277456534336
-2,7165356155578593	-0,3950807308720503
-3,350820373088172	-0,6617921952449091
1,4410748106760591	3,0594033130759772
-2,5569306613749325	4,522874407130135
-2,430723742102532	4,769396162120001
-1,5158837190306729	-0,4666320408363367
-0,7474391109053169	4,413033691881983
2,687863801595608	3,7957186629507267
1,79095165403367	2,2731074749031137
-1,670424646891398	-1,4179646466826528
-3,332180350076422	-0,506599458023979
-3,284771033963498	4,674127555022701
-3,1593995375207102	3,2045459717025833
-4,0824219700784	1,4348330781284317
-0,7567797594096692	5,36086631609524
-0,21359611257285316	3,868825664978571
-1,3419356812379357	4,511753412465476
-1,4543637394489366	5,19683742194284
-3,9672708704311006	3,5775839337596023
3,4388021295280007	3,4486746854034713
3,8493028142888313	2,761736443855486
-2,098438706077552	4,674832254855794
-2,7813159385848256	5,106314544452179
-1,1143617506609769	4,806917473791165
4,87279337157097	2,7149284900089654
-3,3794365064470373	3,526706978161805
-1,2611047203661743	5,348086905574387
-0,679991759898942	3,728663731785251
-3,5386234679536024	3,723210877803764
-1,6243542243384832	5,53062130566752
3,561516829279904	3,0545095182209474
-3,8176824282904382	4,085696801606799
0,8338679570275964	2,8218892158223863
-3,454915902741309	4,453528885666769
-1,4238302100137437	-0,6368410887145506
-2,9422869387937	3,9693871479174576
1,9524143003371526	2,735374496731846
-2,176525430029368	5,585237439530133
-4,025924963077158	4,209749929105587
-3,994678877334949	2,701778235226874
-2,149069612269348	5,273829400649413
3,2631480026999617	4,0756036571305945
-3,9585328001915414	3,0529872095094177
5,384057857166143	2,5918165535024906
-2,4025605367944385	-0,4623325218698273
-3,964071226478464	3,0763974160288363
-3,1406933193628093	3,8080121601585395
-0,1913164118343209	4,2600379086343345
3,249885429217088	3,213018210016061
-2,174267840294756	4,7033066835435084
-0,3716314118410047	5,166669679533706
-0,9937177629380798	4,76884807289277
3,5687772221839484	2,96112812657915
-4,495456156953699	0,5331740751089153
-4,018550566108787	3,0255695356295385
5,080843050221706	1,4125100750150397
1,3553173437906534	2,188998431087926
-2,5243814422945636	4,239970751939663
-0,9636928821363804	5,475686312238572
-2,665166854275567	4,722606867295723
-3,3798153832666973	0,03984288324092322
-3,9536109404979243	3,4232837370837492
-2,41102992265537	-1,0038674952282196
4,112108737812958	2,8805026100161912
-2,6548197526061705	-1,0394242465117398
-1,5272774745822706	4,873158332895576
-1,520466522863052	5,14511127507974
4,791169425671558	2,1168873024679065
0,8813876820827735	2,4404037689668865
-3,542769530240893	3,2819579639244876
-2,57957874000506	-0,5398825831080234
-1,3386203494390636	4,874298692823484
-3,757488348191336	-0,637193368212932
-4,278147923534386	0,5545882593492123
2,4304061893960265	2,8504959249839015
4,348914113805863	1,815543213905073
-3,666182860298936	3,097804601430652
-0,5496542001962725	5,267976865248254
-3,8424192485531226	1,2319261557308785
4,7113779593641425	1,4880225383147991
-2,8086034331208274	4,795390752661129
-1,7629630342546112	5,194356520346493
4,278082211806238	2,708292583208764
-3,2453692486081795	3,759699200754417
-1,6226626318577948	-1,4456360382793427
-0,2019143595696482	-0,630065266280333
1,5418732234453632	3,009083543237882
1,9438686394337792	2,4954731695098746
-3,7171933735959133	0,9516554821674341
3,649617071826195	3,5692792412479886
-3,3936468389478236	3,668061047332596
-0,488711524962943	4,816763229821225
-3,8408631901225476	3,9658339507887286
-4,396725886010827	0,5245015524507923
-3,3558921021710653	3,4339894562610604
4,2338347412252935	3,7300998402466643
2,0700048510769045	2,8615412620621616
2,541032797688605	3,449302899620767
-0,590531177255136	3,569832330701655
0,1187415060508843	4,146098857343018
-4,3492874196726685	1,8499682020149573
-4,405472749561271	0,20186654649229152
2,2546012090547243	3,078145185774803
-2,200889043230714	4,774097585395622
