X	Y
0,9018280158502675	2,8629202114048673
1,9419400623607599	2,111087891457605
2,0116847100357154	-2,6267544322696663
-0,13987992150037054	2,49199412198038
2,225394416074824	-2,3691204721790657
1,764180744876348	1,2895685963226884
-0,07440259777530267	2,9739983720868333
0,6891794992495182	-3,3884818207073524
1,5878166196749703	-3,3753907772471923
-0,15115196516200968	-2,638127224545347
1,3528239547743928	1,2883304003974307
2,024218673447458	-2,3244105369086068
-0,32427466904923974	2,450681189031104
2,1189808587797314	-2,258390746790011
0,296969846772949	2,956167200866433
2,1350229454280774	2,1137146706529
1,0224480591626874	1,3286911743260978
-0,2734802391123712	2,346214718619632
1,661480528733844	-2,857515095368593
1,0384107748446074	-3,350450297964378
-0,6915974794227946	2,53620543861378
0,8443972343897483	-2,8913803714908046
1,248261837121945	-2,91892366768225
-0,0023919614444486426	2,449555213701201
0,19439980295466042	-3,3426233586091043
-0,03622726746156424	3,298161976059081
2,4184791612851133	0,8287783471504748
-0,08311465462228607	2,653869667893092
1,3428836690443675	2,709225609688507
2,309241117900318	1,511613985971013
1,898681712115954	1,136357000916321
1,9510932078589711	-2,7148785194440324
0,8653464433724838	-2,9842975775074816
-0,40595332688116903	2,769929502803862
0,014200063423027043	-2,515474564103724
0,6789591032732955	-2,9578377558756266
1,7482620229894084	2,1813799464377523
1,141666076967923	2,7556761777691396
1,6588960406761661	1,1046008261824514
1,50828664321355	2,61187982123161
-0,3919044557806748	3,1239215593478162
2,684685886125031	1,3568140908379194
-0,19663731977782528	2,692101380534565
0,3949502064602619	-2,989041447517085
0,049713987555647265	3,274988587946946
2,058928712213821	1,7061818988839736
0,7793478028734452	0,8718735572657217
1,4799561063482303	1,293737447197941
0,004570425856680438	2,5377884704012112
1,1501494374781058	-2,925227773234141
2,043252234658919	1,708133562056515
2,6686826240121437	1,0777976477449314
1,6575529935826692	-2,9665371674661394
0,8801430499273217	-3,335773964752276
1,2425040266933411	-2,929715841897999
1,4555631733586536	-3,418982322968514
0,9939823768225071	-3,332960544367754
0,36858004500181185	-3,0136858194314975
1,5624958904357076	-2,8057036804421878
1,5264827044231877	-2,848132376759131
1,7177803202834077	-3,312441821674403
0,8722924577413884	-3,1323750794701968
1,9833358587364462	-2,527611634105636
-0,41265879655422855	2,303960135907326
1,7846070423679634	2,545598669259163
0,1305049321016536	-2,562750577679602
2,784580083257235	0,7347681354402107
-0,4065915553986037	2,5463123467952378
0,9611407271099339	-3,3408021041739
-0,24641144290314354	3,264174245079297
0,6090855343033482	-3,1964318725178567
1,4610699744144597	2,6214694476850626
1,4331866682403014	3,1355190328665685
1,3042089138720505	2,5609667846275963
0,7637447103794613	0,7261461563201275
3,0128836401293	0,712767691086909
1,3648309390274345	1,3682859734017334
1,627870027183501	1,7586528711360232
1,839225307256932	2,3035372040975446
1,8507565078561774	2,663433433684193
2,094868176230411	-2,9849333896168995
1,8144197375862734	-3,063707497865073
2,013070346629959	1,5660063963058313
1,9558583989280556	-2,7711071184660225
0,4749463088093091	-2,9235445424114905
1,7946254695350603	2,6068440838385545
0,9147740367197105	1,0604530624281772
-0,0808437107045501	2,7280667748519716
0,6758978134548466	1,0554379837237522
-0,3342576238858308	3,161636896730675
2,70191497857929	0,9758365799316913
0,44088585351792375	3,055200127842222
1,7952412248103626	2,1321656215316223
-0,3273095665481315	2,4389627955083846
3,181460612455367	0,5559791320120019
0,6173192386634756	3,0266289140867633
-0,25414715307636404	2,8044155474759545
0,9707447908013791	0,8517131204214047
0,6874262961211534	-2,843735509456484
1,4606207858085338	-3,1943962395862258
1,2495756728191734	2,974481242729415
0,19149834438210478	-3,1473236102199116
1,059082707390819	3,405706630224319
0,14256732933987082	3,23802767074005
2,4527141550373015	1,611012371606359
0,5536959611649935	2,9721530022824254
0,8422644070424397	0,5172733501892175
1,700656562171945	-3,1375310442147395
2,218631244905729	0,928283196059962
0,07256439611628962	-2,5217035630720575
1,512990112350392	-3,0204985311800456
2,635095327631486	0,5323932124480182
0,4544237825802331	-2,612432049324075
0,8843169828649693	-3,0948593714123205
0,6850694475232675	3,0499999970682397
0,0055066376716388366	3,3001760914111182
1,1009232947819976	0,7970898406999556
1,7842946693718127	-2,300939586533109
1,4237035389203565	1,3839083070861815
1,699393958076645	1,5179614089192175
0,5393199356358129	1,1457811214477913
1,591264399793995	-2,800122763727407
0,4801399798361399	-3,1243613527288057
0,7632670337705987	0,5064165722074797
1,0739160115626507	2,866227743680534
1,5945728974455946	1,3597561934417632
2,079944160378929	1,0600798958748314
0,017790962357227214	3,331691895144372
1,526432758127639	2,4643354840198106
2,6671960668342756	1,034897500740608
-0,6855481533512722	2,350541343942587
0,6772816141833466	-2,821683727025954
0,564017011280888	0,7686200939224325
0,5637783549141276	-3,050599819959211
0,9070229109374935	1,0121789017808673
0,6260084465764594	-3,3231158719709954
-0,08628617858242582	2,2123271282924075
0,500750482614986	-2,946526988667499
0,29620309211014406	3,038011194127583
1,868207359192757	2,1065733142049456
1,8455605213192956	1,6660928254642169
1,556321458637237	-3,541980649200468
-0,2888532844533327	-2,530669950164335
0,5063036213390593	0,8299579139509871
0,12877839275724368	2,6676613531106668
0,7286802105609813	2,931452267888896
1,7672716854553778	-3,4322798142692035
-0,39331192504317003	2,385181930886649
1,027406622433847	0,8468337059999742
1,2260263043437702	0,931145720233195
1,4675780788370028	1,4042793266722664
2,48110485742638	-2,4244476014162935
1,5248700263573516	1,388342316667287
1,193921322961987	1,1059388767483078
0,639860749913711	3,1723964736747963
2,315901751331441	0,9606705057844791
1,1085419767869826	0,9543600986460617
0,8617195376851267	0,592542963674827
1,0989032295564745	1,363077228902967
1,5974888854074458	2,2910477575374144
2,7810074946049292	1,3661654588146332
0,38430086141345354	-3,3263056539120344
1,532817026783465	1,3020998338574539
1,4719798680198135	-3,165951848069093
0,9447757487667288	2,9042291810177088
-0,31576119797296776	2,897560943273731
-0,4536679463076607	2,3626922556493217
1,317714988194142	0,9760313486092952
1,6420459285637616	1,1790375958190977
1,0853577782961668	3,3586356001952717
2,412502700828479	1,109333200727856
0,33968102577999615	3,0033073737981475
2,1878965726744446	-2,1683600983265463
0,6762941377334178	3,1550066725271364
0,8503199356113763	3,1759255463390224
0,2889699415314071	-3,1984521917539106
0,8627483233058649	1,2539921454663285
1,959239400552062	-2,6024964503821324
0,26007930014870634	3,2371422020001903
3,1236412518465917	0,700654692170654
0,2713400800621252	-2,33677405878546
2,790028699728552	1,2219396194867094
0,37936284245078067	-2,7246339967308266
1,2008297159179553	2,7803570420675916
0,7494213785814876	-3,1128859721002065
0,21004307831570362	3,1704244399966015
0,8397206239365235	0,9499154030844335
2,508639937522781	-2,0873792162248312
1,1611491076905809	2,758069950259884
1,2083322225413613	0,90285770667624
0,8908733031721994	3,3744321311360412
0,775585486411788	-3,6156160708313445
2,0636456817948696	2,3484804622569198
2,6252012712694586	0,8891754619037249
0,1548005739828392	-2,6491157279272555
1,3954268095831939	1,1993974471500701
0,7202877201062772	1,038634633280434
0,6809051471619314	1,0097136978922001
1,345142020686549	-3,007557876607808
0,5954369979345489	1,017646362559197
0,9045181580467702	1,1874266015597625
1,9858719790545394	-2,833653789360885
0,3139134976817729	-3,0768318115557105
0,12685893819375427	-2,8466350476264184
2,25118566536401	-2,355147548060647
1,016490983705396	2,8250886576283945
0,6102121985967079	-3,1052602436652377
0,17684801485340995	3,4138928726720508
1,8258795778583017	-2,648378455829584
2,9600900463109525	0,5144205512125732
0,20254419935598916	3,0977003128606544
1,7125824415762096	-3,298613390794002
1,9087951352949966	-3,2772431216604057
-0,5397698096098271	2,759507040939543
1,3190179879905286	-3,4933113270068947
1,8194279702537366	-3,1723404541059685
1,2781997674907752	3,149428874388005
1,6341871009485613	1,200323905335607
1,9217168325215637	1,2232425202482244
2,0223786931405416	-3,0143085139417662
0,29344615613367453	0,6115110324071611
0,4682993277348161	2,9982944983599955
1,1930966517900554	-2,916726527822317
2,9969909889925477	0,7393591850793744
-0,3118304617977681	-2,45180138512535
2,54866088660903	0,7591555195738715
1,8273148627640459	-3,031875970274347
0,9292518401444372	3,176169369202622
1,8426144992608284	-2,190617040196095
1,8655326473530565	2,467782487045134
-0,39263484906862756	2,7870113234901015
1,251329606124443	2,74962641973813
0,8021685759840447	-3,009341952132138
0,6201229487537294	1,040702630005553
2,5112698301298506	0,7477684140998935
-0,21481686918424303	2,3251309149332413
0,35815214733042505	3,06689304303232
2,6571689803942315	1,0282437400561961
2,7830624942648754	0,9256085563699439
1,1946693909581136	1,6313319078091015
1,4866251595005389	-2,78982832498881
0,16820177548990012	3,3047221254003283
2,4347970991565306	-2,1071404326160756
-0,19012805866256421	-2,9562307529269596
1,2826038704670057	-3,610506072189078
0,3394319626266411	-2,990413232755674
0,09806787581077103	3,1639677733918243
0,7330585430239419	0,4646395732186662
1,293031302201637	3,0717188564913505
2,064902189935189	1,0642760845963521
1,4517463977710308	2,2362419376650635
1,033928778073566	1,1241670919598175
0,5480266232916484	-3,2070458971820743
1,6201306640176423	-3,090856455855708
2,2196446630094706	-2,5025005413295176
1,3753052338240224	2,74693191336147
0,5351792112882006	-2,856229670502339
1,9583606031721816	1,4917177699767619
-0,26853065156009237	2,4310235553810386
2,0623878371844144	-2,2527110355121165
0,4823835126769519	-3,0584904225771234
1,0461840055800924	2,834501893865198
0,8177960568794781	3,32232258959236
1,760305819469217	2,6224130740025884
0,6612314442054648	0,689171501809924
0,250132911734975	-2,2409467427422083
0,4170157038257932	-3,316894529649275
1,6366065080448329	3,0951591281992936
0,6208538781569382	3,402644551144321
0,27648875527447425	-2,662128270625023
-0,7282386024027014	2,581417591641063
-0,22993337594879548	2,7521253803472656
2,0054950602105786	-2,429334877082796
1,3940619881382332	3,274100410871286
1,3910984124396846	-3,1184619277292835
0,3695022747578993	-2,616626193801947
1,0888366662224582	3,2160424590163856
2,543514386222762	0,3354707081092226
-0,22857388269018353	2,8060363816343665
-0,11616941918260004	2,7741942979882235
-0,24715098737593033	3,1293675984365255
1,2218071069379657	1,728675668913024
-0,35112590498844654	2,398640885095614
1,6522329177272517	3,040662794133089
0,17603440038496765	-2,9264075833635603
0,8614721130905353	0,8330145169527619
2,341743673927268	1,097221865440957
0,8611221862740134	2,853667957713769
0,6454271008614221	3,5338825479816904
-0,12006161230889756	3,2650204603711495
0,8930056445454039	3,5774279829800326
0,5722458317480825	-3,3296128832023566
2,7424536741246177	1,3924516663577315
2,057425558342673	-2,7843013149448765
-0,12619360684328185	3,02051722104959
2,230929679979824	-2,8460813414742407
1,9658631746145376	2,591298401943083
-0,0855297351314539	-2,426574466816347
1,1596900598921214	1,4145763673324767
2,4842138962346287	1,3645713389441547
0,898313291190185	0,3678866757959469
1,7960444313143522	1,6904324730448197
1,4402760205009457	1,363441011433754
-0,5246990861240843	2,514513433743334
0,5655758216834782	-3,0375783816329514
1,0354104504915955	-3,609146174237532
-0,5328029422738134	2,4483141920257117
1,5952267318372022	3,086034300461681
0,315510861648465	3,136628519190131
0,027695962986945766	3,264061400542167
0,5571393535859832	3,1672567545801495
1,567150248709018	-3,0664755120395877
2,1776450221233996	1,5742284902991803
0,7255049986509488	0,9149807645549132
1,0147605032347977	-3,2168897392676747
1,8525038731298111	-2,682765545735659
1,8147911429021653	2,849257572586133
2,011454927014258	-2,492742228486652
2,0365717779375014	-3,1656286630703034
0,6638743009911953	3,236055618370564
1,412112075323464	-3,467094869191878
0,26979646777036476	2,8013981465290447
2,1471893006719545	1,2624610777123244
1,2419369296283356	1,3988092053535723
0,1589277910615321	-3,219826587189465
-0,673062302262661	2,5689250552168086
0,6640600830175265	-3,1572520471513785
1,3071090843771844	3,0319573423710935
2,784153127146897	0,6136372041180097
0,2998850415100025	-3,2803106481169824
2,1189526700917707	1,307115647223517
1,916813856450842	-2,2423155090152838
1,759817386077045	1,8159000500639098
-0,05757969108775052	2,8682295545025123
0,471957318822367	-3,2263136952705693
1,7913347541706293	2,549138922500334
0,8732620163864567	-3,1314471934569585
1,4045334139436065	2,981380052740392
0,9829516348612122	-2,95996969937838
0,3577937934612091	-2,56107108790901
1,4979338206436588	-3,196572360791757
0,24876098461646068	-2,435200889216268
1,6304471848622024	2,4219243065860514
2,0487191944283	-2,88091934092446
0,031561101938151426	-2,345923732651267
1,1788238484337024	3,3181134818723734
0,8203584840622321	3,06111368980517
2,271698088436209	-2,8821958273266817
1,9673557422874968	-2,4281367818829134
1,1655994691293732	3,2383913135779463
1,1329416300414024	3,3652325334152975
2,630571670090423	1,4342548298002147
1,8167817200690102	2,466492741034844
-0,2149077873986993	-2,2660008567273957
-0,12678045974397456	-2,8747073019445475
2,8915646993585193	0,5720052577271492
2,012069298128763	2,700614573968445
2,6379205830805534	1,2551196669833629
0,6315596017882484	3,3126785612908884
2,102844571598694	2,1324387503645243
2,3079228677879984	0,9528039973195096
2,7971083884667487	1,2831819698553664
-0,7040024668982638	2,363695642559785
-0,562986583109317	2,4594201614130267
2,153088690623666	1,5277646059079435
0,8925745850910564	0,8295422498133288
2,718332821432857	1,1862656924696955
-0,712064936678033	2,1398286984049335
-0,08095034715891003	3,262452751791024
2,680028134576486	0,28435866211120814
0,18115557414708194	-2,8081454644678656
1,9940447736173843	1,5796694175453634
-0,3113989063092919	2,471260275935857
2,8642601040017723	1,0052922627021257
2,512429277014959	1,2279594543895451
0,023016952595082074	-2,2707656076375486
0,5150858795942893	-3,13902508099498
2,8772262767428307	1,0116954266147926
1,0828773321524188	1,2972758973724154
1,254576456683285	3,1402180535713633
1,279577720821659	-3,168779706141229
0,6752917895456357	-2,9621578545528977
1,9534493460658546	-3,1364435037142795
3,1250418476708077	0,8388533040552978
2,4281857924473442	1,274882740913575
1,6306690704728184	-2,9453494608913475
0,8350864508796461	0,9116976067286671
2,5609764473975947	0,7555131206609
0,523731218322097	-2,9789473644121682
0,23269271128574548	3,2264456926210956
0,45450683812536496	-3,4727692065453786
0,01611993916000487	2,657952174732216
1,335459250938885	2,9688229322439708
2,4572415038264	1,4480154759849586
1,8918218336376829	2,7072470511118647
1,1929919008735514	1,6292269036207883
2,4907920333031726	-2,367723289454834
2,770401611421231	0,5522990120647149
1,899926177147146	-2,4845294104452798
-0,0938188675210525	2,463938103936202
1,701821675982548	2,8104268954656537
1,3172039458981213	3,413133855131682
0,4957249568957308	-3,2168720442600183
0,967357939975831	3,0720352733189458
2,443806983205177	-2,5329603186382306
0,1720016427662483	-2,529421743470166
-0,17291271703341637	2,189832874165576
1,0397609750751786	1,0324507253301305
0,49937806684959246	3,0896060905173064
2,556000939073029	0,9392239137533376
2,1745151723071565	-3,102133764375468
1,9299097243609824	-2,3656091951229574
1,52144820167414	3,2638728200435625
0,38681085064400317	2,963907759158121
2,244194257777391	0,8665615810133529
0,9604136088859917	3,180634624528377
0,9169008889860918	2,925781812674899
-0,12544376071204677	2,185454270072359
2,6729960938886292	0,7187531972804362
1,9196857077664	-2,2502470320000807
1,5164533278956294	-2,770088077100419
2,2210353101756017	-2,399601141070778
0,33848871636970357	3,2877063251900953
1,088298818141138	-3,3871278573422208
0,5609560321163543	0,8655389595039277
1,6254396139955998	1,3768449157148959
2,0541600351984006	-3,203345242188239
1,337001211946115	3,1041122125632943
1,2937905835688945	3,1674935450125066
1,275674351468703	0,9828824864510298
1,0663719344320162	3,345308404532468
1,3002982899785387	-3,1784926006939047
2,5383656821167087	0,45115229082895864
2,553360361772432	0,8140356423418846
1,7078064875344228	-2,9894763701918428
0,9416400747446694	1,423325108495711
1,0075805804066753	-2,934026410258176
0,32375508457534313	3,034196183044497
0,4803091610739596	0,9613602121684224
-0,6855839044780192	2,7264016465882834
0,17616377847823617	3,2671732427991342
1,50722167910894	1,3093411476114614
4,2275541591580605	0,405097848054889
1,8302520763151096	-2,5383170177458094
1,3373718827972243	1,3027860813804055
1,8918285129701167	1,4517478795020091
2,2344377694576885	-2,2653553567695788
3,1386517429745493	0,7912955034266017
0,32900665222470993	-3,3348980689632164
2,453908033623474	1,1387395255699104
0,05993760257924796	-2,6014215831628356
0,7323101828677987	-3,5609774541219674
2,629871098823323	1,4183294233713961
0,829881227142951	-3,1501782932790907
-0,13946142149173846	2,19570092456966
2,0056206646496424	2,611100376052013
1,7985044262205663	-3,0888045813689287
2,3941251962278143	1,1074283932356086
0,024344333815247476	2,7405789521107544
2,266429555388628	-2,3332094737397417
0,27055655999313233	-2,5237651958913143
1,5500972953070353	-3,194428283488543
1,2267620047153662	3,059891996806708
0,2993597588666497	-2,974793370278761
1,586668842413876	-3,441592612718215
1,075433849744401	2,8608329089410742
2,153579158751274	-2,504575539578603
-0,4942341765412459	3,004952015917415
2,0187019158513113	1,72805074482779
0,658510630655572	-3,3753783032175226
2,668798843999997	0,9258463987095935
0,4778762069592922	3,553445415659145
2,5049058763722494	-2,355649389674589
2,879964538042236	0,342794219086345
1,2341297712136754	1,687414231921498
1,315044144925177	-2,941724947290579
0,3474115994414757	0,4208383562701275
1,742611378328014	1,112845403483813
-0,11757282660668988	3,164915923510355
0,7918176969936075	1,1774814941135303
0,2699778591984938	-3,331748299260983
0,3903975428628999	2,916243936752624
2,0667796778443046	1,256942639634262
0,8563924637923768	0,6613004887881901
-0,36445451987524313	2,2748116086956585
0,8708795958907666	1,046773169619056
1,7257499741554148	2,308508381508608
0,7217438461434504	-3,312886315025657
1,0385973424869959	0,8903595401743617
1,0797071071585398	3,18678024221839
1,3816997323506937	1,1375306639400389
0,9249970216512555	2,974330125509504
0,9702058929770603	0,5277406771648064
0,7207041341246967	0,779277402393503
0,518349137714149	-2,8360666585072525
1,063938869523879	0,8723287529150777
0,7806009365953384	-3,245100867996025
1,8380409246307676	2,876087190244737
1,6708651867077944	1,3252422702025168
2,447440580994426	-2,1159264557424815
2,1721709818869837	-2,487584172864071
1,5562209124031887	-3,356310110328049
1,1104826190339925	0,9553010464464797
1,5919416718946393	2,581701435405019
1,4363753030974082	1,712770298624332
1,4143031356542897	-2,8910931067699184
1,272915865661666	2,9142839752250587
1,159632973661626	1,1391318449890646
1,5801186807287684	-2,690836500421171
1,6969346861413763	1,3809301286424107
2,6007634586861825	1,1544989197578803
-0,1280457013944456	-2,8687673198724473
1,9676818936791647	-2,499117868595354
0,22727356512754704	-2,6181792113369267
1,1272470853402865	1,4552870035286767
0,8199867359358642	0,3633976427152328
1,7726394225065019	2,4434430200375625
0,29946960263894906	-2,762120054021084
1,5131723159361967	-2,961495628796915
0,05552865691377573	2,656423620096622
0,4200303729044468	3,468173622389972
-0,006495490431484452	3,283554808820995
0,11031248811833383	-2,225288270734838
1,8252318204094347	2,3171651762804957
2,222931646066436	1,0137600559663449
1,9703893208801404	1,7003649428332797
2,114353264233368	1,1517398149857037
0,880684519090839	0,628351340148378
2,3858370085745513	0,9367759474809249
1,6094948564055231	-2,6966155109231154
0,9793515975960416	0,6366696526766383
-0,4454373485091616	2,2119518074830364
1,6432150010448132	-3,184285951353124
1,4989475174989997	2,1407197828367006
0,9719499524733902	0,8222522212893034
-0,14755501206125432	-2,4076437959279007
2,557687574484936	0,3993334419488212
1,434325510271481	3,001029803327194
1,242146321077526	-3,134656478884034
1,4436825184805069	-3,278533620836288
-0,12659632693326306	-2,3960162909763634
2,4137563285058556	1,1089265269780069
0,9175456738799193	2,926298712051611
1,876028876027645	-2,9897474637276904
1,871111597530016	-3,393035822189119
0,7492926994458489	1,276244685503119
1,8506136692393398	1,1059194287143488
1,7374859332185209	2,798249509523815
2,007270532355813	-2,09167951438138
2,5296624359629756	0,6837260956349849
0,5102811857780146	-3,1053899106900062
1,0350749546677322	1,2070686743595602
0,4807518943156174	2,886277380861117
1,903985108980312	2,2800327196253076
-0,07216936296874044	3,1197671130264064
0,9317035611150879	-2,9259183304081837
-0,435812780460787	2,887636684950424
1,3976415263690676	1,2393602019988823
-0,7266581866475781	2,3669904101946906
2,2218406399453134	-2,98462765028905
0,7136474512498977	3,2535078460075355
0,4491760017354026	2,997856574537483
1,0102839427631254	3,2095969078470272
1,4993024435065563	3,250655500043294
0,7491201798639753	0,7540521991106206
2,21696044630003	-2,725757720681567
1,9386629720067807	2,4343044207238806
-0,09039183078087776	2,7271159121753996
2,1281224302259663	-2,915550546819882
0,7245609823736161	2,8695761182368242
1,6680941521995944	-2,611853500871442
1,4679624233749564	2,185159228375838
0,4771178770526683	0,7006987793817924
0,8650663749647525	2,939826735188914
0,04187476433980086	3,321305915527117
0,5190347301352837	-2,9668531305740817
0,6126638534931272	-3,443626561346995
0,4870395875777862	-3,071347382201079
2,0851719778697095	-2,3143315942446745
0,3020862755753548	2,981970948490537
1,5807028216217587	-2,759692368784326
0,8246692912264975	3,299330577259071
-0,34321822723722284	2,24644719817567
0,7974627657991625	0,9050589029958586
1,9570702516825533	1,1068765837648855
2,0364411192136043	1,1588872419198926
-0,30927797383048206	3,1635992704384197
0,8045487853626	3,1388533729678056
2,736297285454869	1,1979549571497987
2,256507870139891	-2,396363548428888
1,7965337500164074	-2,6035016444902466
2,3863566744701457	0,6996711558205984
1,7521247976085639	2,614890566474676
1,7169844406635062	-2,68510297842023
1,759115472938788	3,0023988182920975
-0,15727975418043472	2,9212143065443694
1,462386099620898	-3,240761549874021
2,1421735740850756	2,149158093838399
-0,10032825261582823	-2,9347042076484
0,6773004456760161	1,1660071363193572
2,3514110012868983	1,222222647863613
0,3951273671492861	-3,387379570614044
1,0750532251411202	1,0991772015125503
0,8446676210901446	1,239628101656846
1,3378680259655926	1,321517101714301
3,037376385463559	0,2720423053928629
1,9736498935672109	-2,1603522958954646
0,9103293789247348	0,38484406935367943
1,911629225907725	1,6988966060975146
3,038388802684997	0,7616988527141133
0,47217997912929127	3,377099184321986
-0,06166788705479842	2,443176692201388
1,4157437854442503	2,722457653455479
1,3737709444298547	2,433123658974351
1,01539213697241	-3,251002335788743
0,6380147363866737	3,1622502787502613
2,2252018072147863	1,6412933348759613
2,5076069175397024	0,6047911883535279
0,5755244458329314	-3,5078268516866684
2,10588416483961	1,5755140508825674
-0,38094354513618	-2,4255924828860898
1,9887867699768187	-2,4234591335003133
1,8007814167840648	1,7436819589319035
1,6777722567023328	3,152566439839762
0,894258923648948	1,0075615866325647
1,606782220451055	1,726863016859661
-0,1931609850318714	2,3160691658429826
1,0576051442084964	3,2538133582833497
0,09568030641422764	3,3828017020705503
-0,26568908973882166	2,153066030524747
0,035021727347975595	3,203323550096412
0,5019391921207099	0,46817838013423774
-0,14280819584601845	2,8495684893146116
2,566338100706898	0,9908086181314676
1,9830851846977267	1,1865392356871705
1,1295654162815578	1,44295009435585
1,2821794357848657	1,0220223182069326
1,0882723831000594	1,5218526401953936
0,6826971933251125	0,7575862188654279
0,35267582449843937	-2,9496862422135233
0,940766529975241	1,01572672106488
0,8520357115942386	3,4499129570619878
2,372796698245203	1,599461874533487
1,6402690141529042	1,0896441895189
-0,448489605441182	2,3856239947946007
0,32944854561900044	3,313233582151624
2,4592921556049814	1,108418368325374
0,5960351659683536	1,1669341669955666
1,1535595094296898	2,7220170360560676
2,7173410225430406	0,5973009866549347
1,213114422682531	-2,8962529785923534
2,077961592940997	1,6371381174543567
2,7395087707894126	1,404200789104102
0,033858103009125506	3,320600294272758
2,5597119888492745	1,2896354542168231
1,979921974605849	2,3103407348257003
1,7942649734948182	2,873517190261158
0,47314864404263457	-2,6923731086975424
2,957398844782765	0,4543598865113214
-0,08862684937354903	2,507062114086845
1,1690553648936088	3,223822135380199
1,6968564049960626	2,2189160893328754
1,4322455948511241	1,192933748905531
0,3539879899514963	2,8695147627505695
1,3882181785075323	2,6102278590419363
-0,3155444990421412	2,9911601424696093
1,935641791420408	1,588875979203263
0,8929134260828	3,1173191111918643
1,477169882518666	3,2793754012306313
1,0935862551825513	3,53284045170581
0,37213058782410413	0,9377489079518068
1,0094836351041119	1,100618512166542
1,1315617946245247	2,751547074075632
0,7061521768195638	1,1729587675737476
0,37224223803249373	3,0770825380627307
-0,048763349358237784	3,369878292081073
1,3974216597358455	2,600617527652775
2,0916659897023617	-2,5353158138927814
1,2893599669499998	0,9499043297524952
-0,5202160563062441	2,392671185867399
1,2099515132336363	1,5351022533868823
0,9423732960213822	-2,9390774604689343
1,4242036177676702	-3,0706498902108423
1,2420632536068619	-3,0570634220367654
0,31274849160858087	2,92444779352458
1,5779736356679341	-3,418273571284005
1,0785537183528426	1,4219821261048504
1,2508802825505363	2,874071708597497
0,6414881106480221	0,6143015388310735
0,8876015089964118	1,127256147773635
-0,3087697181828608	-2,6443054813081757
1,37584934486389	2,499970161186928
0,062945253346674	3,072748232633901
1,8308570967606728	1,1872754400272054
0,49436453948997966	3,1577737792271616
-0,2724291342012727	2,5032743043525842
2,7961883659423377	1,0723483579485849
1,4650922942111955	2,251124773067237
1,935770488141393	1,4696779106682614
-0,4143140983348552	2,1771384662374356
1,407136479335976	3,149537051946128
-0,3804010555114652	2,9994183085480035
1,8646131500726586	2,810573432290923
1,2229692800137624	1,017845914292164
0,8836859462536066	-3,436537084098316
0,47609570791278255	0,7458984887117305
1,4036368481212922	1,3293002691476787
0,23289209319658366	-2,6102067593668394
1,8087943780724083	1,4513964103650998
2,4507220914026124	-2,1353677442491588
-0,4930825355268589	2,537022581271508
1,6828427986648402	3,034012156586962
0,4759360545500828	3,3208571130595286
1,509166058376743	1,1430640534207055
1,2406677075982429	1,3750342163323974
2,5067388070037464	0,9741331055156816
0,5410719570051646	-2,766335226425666
1,2056690571074644	1,143867159037772
1,7946744570406759	-2,6047586515269767
3,1307291758229416	0,8112753809300276
0,5131249151765473	-3,3360435992393214
0,5321455508847772	2,8541753657798195
1,8826461184690857	2,6200007194884565
1,9704601810295326	2,252616621645473
2,015448481762168	-2,6902549864992134
2,4618894239373086	1,1915331000850555
1,9196814959256576	2,632548921845628
-0,4110223996028606	2,7473967052036263
2,8517024793494348	1,3013610933258728
2,985797006131574	0,31010823204718796
2,725216929336622	1,1727834417248846
0,275173710899558	0,42135198093847137
2,64145662026125	0,5858200224806542
1,422488847950663	1,0165052844163194
1,7706604428521349	-2,925377178401866
0,5920036991957671	1,2033926081616888
0,31555353276425063	2,8000653305192875
0,04650604255303248	-2,6569947913760044
1,6065326447418036	2,1343649399619644
1,8700127679646872	2,9520095430238324
0,557417967271889	-2,959347245725215
0,0011116701552170705	2,8942088345325434
1,6716196729815425	2,8451976352938986
2,330548052110225	-2,196444433988032
1,0348933842168972	0,6005704257976312
2,3123399475956408	1,1153643087341285
1,081274066265589	3,0484087050310187
-0,10895782882723548	2,4719122503385207
2,3383912201074306	-2,6513160692619575
1,2694423764709792	1,2847833332827077
2,5697632132586588	1,3080831963932094
-0,014441212057120234	-2,6826219594364678
0,8958647918773834	-3,074791663817886
0,5722239745148419	-3,092931669878809
2,115963263940215	-2,212180749944562
2,4906284818778595	-2,2488230465231376
1,5742600062431498	-2,6821787844217346
0,8022207104597943	-3,225438174660612
3,192285429419025	0,4373482508223553
1,9415640318958967	1,77162017848788
1,293603208982545	1,2822115691413658
1,9223748253373287	2,301048763911023
-0,045442201417849826	2,9233204883001083
0,14625940993596842	3,0102923927574956
2,6684320788324274	0,4283366421065641
2,584602615952619	0,8053442938371733
1,5953038149262877	-3,0536109050291578
0,9690236153375953	2,9261469342647146
0,5141197549488261	0,4102868311688132
1,2507334767500211	-3,112797279100024
1,674500412352943	1,6544416143135063
2,9066890864551524	0,8337263531171089
0,33763656273351195	-2,700052332699489
0,9984164621026983	1,419030688257887
0,07610291719357365	3,046786031136109
1,0366375186453571	-3,285269839869024
0,17035671178292577	-2,4278955224664314
0,6759140196547517	1,1056708181959665
0,5004039849398985	0,4001201547273737
3,1517196014201345	0,31125553633981845
1,2265461130346473	-3,043868750428814
-0,022375937745285235	2,5415951636161656
0,8609270387742698	-3,1739258136032724
1,79342536445811	-3,181974486676066
0,03233090333326283	-2,4147575523080413
2,1092138631395576	1,1462108018847705
1,6581027808064872	-2,602318355496263
0,9518637798046173	3,247858320977054
1,4265883748475292	-3,0541505270560143
0,5308699189190408	-3,4687948729318125
1,1939446116205983	1,2622331357274483
2,030795594212684	2,3595132618726415
1,2147058633209755	1,7146030624508264
1,1966408884970776	1,029198035976909
0,8486410235995164	2,9259842884236757
2,254657136596311	1,6900263885412876
2,5136391866788363	-2,299202924974848
0,16966993585750456	2,701832392975175
1,1020648075903035	0,7684896721867137
0,23383552920390205	-3,1197799626988316
1,4953005304498248	-3,5707370278886588
1,4328150229190917	2,9059063587199256
0,6231085246336021	-2,9204444782234944
0,9600713625906839	-2,901109407316117
2,081568618476918	-2,0903284148632495
1,4871531103360283	1,0776313952438104
1,4360429105795456	-3,1405283528070838
2,6790656702598605	0,734632883852903
2,103794505661084	0,9755693625064105
1,9116123857921228	2,8671714736929963
2,116456886720927	-2,9948828477622746
0,6488024819050495	1,3172246518255133
1,4910981545004338	-3,071438068349447
0,06882513148374403	-3,099917876460995
0,7814126499756238	2,871468067364927
2,0790786677148305	-2,801315010894558
0,10869198364915644	-3,1358527278575914
1,3170949907303329	1,034586968474283
1,9007255507044725	2,446992944406592
1,547593769825118	2,180437132217224
0,8303586024795819	1,085345287682772
-0,3756648658955848	-2,5711456691575725
3,0593266150039327	0,4875534554549531
0,014696829403592293	-3,072135776818908
1,4672267460299961	2,3854901796986208
1,0939479636108	3,3517664167258454
1,5880579251830431	-2,698764537171491
2,32318303989685	0,8830272861692818
1,8502127186643877	-2,2436889914178324
-0,1956688794739676	3,1544425607221678
1,1650329188691497	0,9596178258278167
-0,08083563749145473	2,436753852948877
2,7732091400054335	1,014159693914478
2,6311058184541136	0,9174702800252171
-0,004014798509148654	2,600264417550193
2,465611920885711	-2,1106425306791086
0,8698987046737554	3,4605303463148847
1,240521723815426	2,722088799687437
0,4762915397109536	-2,6675117023826806
2,1439831347767577	-2,187250192513246
0,8500989911036181	3,055582970523411
-0,1261036279465878	2,6352923813662597
0,4336378071998666	3,578936351102405
0,17943804469950075	-2,7587052082437515
2,1118864978148864	-2,3395418995495976
0,9899637945758333	0,47100191088256316
-0,0860257732353713	2,539410737951956
2,1971999767932804	1,1885118459535704
-0,3463673955606541	2,7408023449315175
1,5557231768975717	-3,4844414360811053
1,0789285288120618	-3,3607718053692714
-0,48643488556132075	2,5281128655640734
1,4931815184707151	-2,9543599997279295
0,43430473906733535	-2,658384944401169
2,2892913247041644	-2,15343935198841
0,5179193029267105	-2,8207911634614575
-0,5818391117423711	2,4220032389329376
1,3264907167093594	1,1301311069147904
1,2815002632327017	1,2624127769729678
0,2340388598678369	3,286594542523606
2,6470830158749283	1,0816760503275036
2,5850910902485627	0,30574150237938763
1,8784549199511544	-2,439236958687111
0,9051597232939768	2,89981743492626
1,7940957041520125	-3,144812871219006
1,52125086377602	1,7193038281288902
0,8510049479831793	-2,96380076779685
1,455828764197415	2,5490535920516004
2,076239073179458	-2,3399357914389944
1,9032433911899704	-2,6750396868961177
-0,016177839954407358	3,422212865198604
1,3065302590978305	0,9703841756561452
0,6256396424475894	0,401820869469623
1,2463226493363906	-2,9245716012433096
2,0551584237096545	-2,3399446631050154
1,4169906638514802	1,2363447826561678
0,8907037634839015	-2,9399305316719846
1,665151257484789	2,6656160955239314
1,462599982617846	2,379807270667875
2,5501225896508637	0,6526154728705416
1,2406238605230788	1,5687592518146014
1,10730031093297	-2,9469717497802126
1,051650188155997	3,5137669186581757
1,6832429146474295	1,2639831605362595
3,2141599961133274	0,38180368821352534
3,176940736913119	0,6634232636267736
-0,3801145370933434	2,253029639351849
0,4022862310407348	-2,5906985802997804
-0,6776572066049975	2,704169588865138
2,019479388114277	-2,208127484728075
0,597386830204261	-3,046499403303719
1,8735438568507845	-2,3005862793584795
-0,2993023360647089	-2,770033539106778
0,7626242621330048	1,0449714544495732
1,7910659012642334	2,1246585430114457
0,9407978173550535	-2,9046790679225882
0,53768523194517	-2,989914766684443
2,696314133465647	0,9992692176832618
0,3387068300243722	3,066856393420296
1,4317306393825195	1,1487310982636694
0,955653879591096	1,2989227548944382
2,8080150532721646	0,9823550075030077
-0,13633685022604647	-2,6622598226626404
0,9790149537765316	3,1176491203148275
1,4906048715352715	2,5519145930250833
1,5991372363586973	3,221785998827969
0,5382447185002848	-2,834535024788223
1,171217448813417	-3,576339416882249
-0,450532449085566	2,6733826690351714
0,6177595746334484	2,8591511082593857
0,5605511958352203	0,8755974527454716
0,1911679162370723	-2,618791181141905
0,8751189274200841	3,2593605045029124
0,04009989135621472	2,630708984359677
-0,2301300110646478	2,4046780922928668
1,2947269838193034	3,1940005319010623
2,5789914628585913	0,8520755415635752
-0,06654733039932881	3,2396721465323326
1,6124977245060113	2,630301675895998
1,1131330161142374	3,536217579057781
1,1059713378567675	3,51376593570045
-0,2419690482836142	3,0670063313904885
0,8429283981816246	1,104985154117423
1,706053724028366	2,6699336732309478
1,9496247134483529	-2,3384099280109396
2,7726491042752657	0,6527630706300813
0,8389489002499548	-2,9053485024369854
0,9717963474938881	0,8257500098830326
0,035564227001929405	3,035946410770871
3,1046762511875254	0,4265289737227762
2,043706670358064	1,2240766061002553
1,6369556740738114	2,418698003016071
-0,14940182894507648	2,4151745377932317
1,556620916650962	-3,1612952972612187
1,9311945242759605	2,4014879251884476
2,163458127300343	-2,599519520397665
2,3800557224511474	-2,3613423208018793
0,7000051160876666	0,40310366180450863
2,5983439127715076	0,4660052357143757
0,9168970622383289	-2,971617102163568
1,8002856337884807	-2,5120503690148026
0,021273098420567127	-3,068442587292661
0,6867774601359538	-2,9671570513681274
0,10922474679799954	-2,9711984457241067
1,9585078853716802	2,4293132955463324
1,6302015535415277	-3,369793927198586
1,9643622726136285	2,4156262889965054
0,057739493888838256	-2,7877736183670923
1,7258661915536617	-2,747292935604956
0,01516637937216092	2,651026003182463
1,5002953522522762	2,7548610739833777
2,1082654198603707	-2,891642868789593
1,425020359126487	1,4655180743527378
-0,21074814101575234	-2,5833033073949494
0,869803166794683	2,9121517214818686
2,114123263733057	2,488671383144676
0,871703542737073	0,44300024952584727
1,8209043840879025	1,6201610341397346
0,5910338861392539	1,1054762470207367
0,5452455435386001	-2,9434403042627126
0,39199513602763414	0,5104575137502667
2,8106284731060205	1,280661777019716
0,7649379920111183	1,2393383246210612
2,6388279267386574	1,0875586589235366
2,7939965471520374	0,3927589278293235
-0,23625050310806572	2,2034121282042247
1,6155614178551962	2,1079943699775274
2,1746999066854933	1,3873013677979928
0,7453205160854501	-3,0294384819407822
1,7977877237036766	2,7441357499044847
2,5853347169018988	1,5218257546665395
1,7218317843946491	2,4143237693423307
1,9770207243617852	-2,7493003852682762
2,160642274428988	-2,9754915210000643
1,7602301470264998	-2,9580449528813393
1,688859872575001	1,1842631465225668
2,5933459172847084	0,9625264943264236
0,26074214652712335	-3,267569103320296
1,9955630630549868	-3,0268110878918697
0,899660533008899	-3,6133485888286687
-0,48742472306569073	2,9721897699502575
1,8600421064576482	1,6526046428469614
2,1280255487932442	1,0604765048954432
-0,22744765570506242	2,7301703750536026
0,4425494319723895	0,6640223849365866
1,273363559572234	2,5832117563129136
2,2228501342911366	-2,606548835920941
0,8920153931669033	0,7848265442083262
1,9441447915344683	1,3935443634440317
1,0844549934551142	3,1803275142141043
1,9554915211476191	1,5288268998131482
2,326249434508543	-2,3579374335130416
-0,5038297120535238	2,5798128586949645
2,3855542154976024	-2,0532993666171433
2,0440500725998896	-2,5839102129159253
0,223643824923611	2,7914752348768657
-0,09262130125776735	3,3299345180480815
1,2858719621310464	3,412602045646642
0,030350147848269726	-2,339622428364082
1,164813564501677	2,693773397714124
1,5991558401529913	-2,9180625603307253
1,277978288180266	-3,5748016196837016
2,756698561850052	1,4102845974773668
1,1767323972939159	-3,3523264270928355
-0,21017398052348013	2,8569431060922295
-0,683091411632694	2,5747574847477077
0,3387571849410723	-2,776245065981435
-0,024936390461286484	-2,271386737619341
0,6716130495077213	1,3094401647543956
0,5567746062438095	3,60537998403185
0,10384781473877236	-2,9457943752500224
-0,53725033221407	2,6455388203193566
1,3402678067076903	3,1522434071697383
3,1862759053013168	0,5612167824511322
1,144485760269538	3,1988456763297366
1,3518708815717138	2,7638726701962746
0,5114376066019678	3,2202826698922453
1,7595891672474058	3,0359025882743054
0,9604279012489645	-3,113512117297997
0,25134511543247706	-2,780879361754644
0,12329295072591151	-2,846094480628679
1,731008322008445	2,2879665950451242
1,0515824942297203	-3,258710429398739
2,382585518006945	1,4235644055867078
1,8610729388320368	2,8158542133004856
-0,04963087145495071	-3,01818923392905
1,6482468699756576	-2,9740763088955675
2,68680462578153	0,3434392719993126
1,041396764023545	2,978778099315888
1,5624137494485906	2,7737064347956073
2,5411154813418144	0,45052016983972276
0,20067426497875807	-2,5789511090919413
0,6361719167946789	2,8758636308965944
1,7685886325071623	2,539326866341364
0,48629952198555115	-2,9926262174942075
0,18248587081589596	-2,313492559681361
0,5390848412665341	0,7777516524641825
0,9713572278011005	3,0959741784448216
0,8793173255848652	-3,112477147239841
1,939841532229944	-2,3496408141744647
2,046548758217156	-3,003984057511336
0,7456019115563984	3,0463671425245074
1,059809204693767	-3,4970553442314545
-0,30370816078812224	2,5607922993499193
1,0872915851155422	2,82328387266258
1,4467627481613938	1,6479500197778898
2,0379321662829177	1,4491470971719727
2,6480696693087697	0,7253811293464971
1,4610283912281252	1,1347046384162485
-0,20975497756680195	-2,9520798435775792
1,8119973244110716	1,732698677308125
1,9370522223652722	2,591587140550372
1,0765792262280554	2,8129039285009045
0,8417653548809495	-3,4889112304893404
1,7833004623843212	1,2847798762284937
-0,37008393836017284	2,9116692296155775
0,33032248450792767	-2,9907141803168287
1,8764287756448286	2,36428764724144
1,5477983749062165	-2,7034587284561145
1,2598237302734743	1,115804521321877
1,963536843139815	-2,532060411290359
1,5695875062733415	1,1534984623955717
-0,3864526641758299	-2,3924176480539847
1,8637488747277255	1,7080321929262314
0,9016946886325659	0,6779923750833328
0,12661117319505277	3,133191872422887
-0,04684753881693382	3,2247525045628946
0,9954651043970426	-3,265314845161543
-0,045017597166783885	-2,259538549073145
0,9221994056672475	0,6803312903029977
-0,1719167714470351	-2,9860859850811177
1,2262542424332767	2,985651276724241
0,317560488764807	-2,602612446203307
1,9973362006262727	-2,903497751342576
1,0612424277322567	-3,3895470087573023
1,7635523911115163	1,761471849361327
2,2674587089818674	-2,3393030965157546
1,481715173460941	3,223412042368202
1,7339158196375353	-3,0334377478990784
0,7851119404851354	3,008004110157043
0,4934270745863416	0,73811460173657
0,25185769258419544	-3,2325927842027324
1,1423014742798507	0,9811279149231575
2,1139373533620445	-3,113353366817208
1,6504273555767435	1,6880226192317285
0,09408872820488856	-2,441351298494296
0,851767481828981	1,2242005119401589
0,0028034210224896494	3,2431262089757253
2,704263691470536	0,5911079893700173
0,6888904967165965	1,0184765922287622
0,46043255483357093	3,372803559064109
-0,2066777706567715	-2,5661324584041227
-0,10685283812139024	2,3285222923776034
-0,10196467412924659	2,9109517423375353
1,8901377865200775	2,73358154909051
1,1352694592264592	0,9079473971710885
1,6261108090771648	-3,154394287477044
0,06714182505286237	3,2396547871606023
2,664397762896189	1,005632741033111
1,0107499588167506	3,000428316636298
-0,16358907355675778	3,0904288188524998
0,35649035358197373	3,25758470770771
1,968881889112828	1,3898412941801046
-0,047509598961637534	2,733965811208386
-0,43287105734204023	2,2412771470988924
1,5942028527642687	-3,123955474651146
1,8985951678443265	1,4079754353094032
1,4309249784285716	-3,4168018911487286
1,5561763736538428	1,268912330736374
1,6472321048032594	3,057360332940529
2,151428869527411	2,314365906074511
0,6645729257961945	-2,8468428440992306
2,9212113534313575	0,8794343875072234
0,6621529336616625	0,8241388111896384
1,804010117776096	-3,0921580820228174
-0,17736157340461434	-2,269618580296174
1,1705447305050685	1,7085937560253512
0,8469111454486327	3,195919350199863
2,3541902366599317	-2,1534925393161615
0,34397721301306183	0,42720654109065626
1,8698336277479575	2,2276269349860747
1,4127029706019927	1,64530275334487
1,0367165819291964	-3,242422215480777
1,2180295184825622	3,4013796912304803
1,8073740646144232	2,1987848416309093
2,8037420973620515	1,082771512346793
-0,6786820877247106	2,405007557941169
0,9481518738081897	1,2667541247076226
2,143330413888109	1,1386051503885644
2,127780820906062	-2,455572008428177
0,3140331999044643	0,7583568982978666
0,2187429308827643	-2,885493648314306
0,08271710760939188	2,6680326703548083
-0,6077862868281354	2,6269903859095343
2,2063804936870848	-2,2661045302021012
0,30596708940246187	2,8127449671403353
0,19088665147965284	2,915515838871041
2,3417710421933933	1,0246866408803963
0,9103915938241067	1,3113615213403154
2,6258603020894062	0,8259857766847621
0,009220452576137239	2,8808319896407233
1,514768605336369	-2,72845466372939
0,3850390088848049	2,9011519420174325
1,3757015464268163	-2,9313269407204308
0,46036663745060424	2,9467439092837147
3,0986536483995586	0,6138132697098808
0,9099208550402715	-3,0153577133755185
-0,07608197049463672	2,227121624633009
1,6668031542499042	2,8681921686412206
0,7874633618872338	0,41066778708817586
1,2815508567020677	-3,582291509858835
0,9274672696857642	2,893866065440618
1,944372837300154	2,7828111575239727
1,7253664206346162	-2,915163166858579
0,668366325776582	0,9154486192205449
0,8508854312656848	-3,0924273367505544
0,5402326972437493	3,532021748930238
2,2310075243856375	-2,6893881801631996
1,0631557855176643	0,9897785197969375
-0,0809934480811898	-2,6961139451116667
1,9021964595572098	-2,529516678695691
1,3954480824076294	2,3992874190490605
1,2438721417172756	-3,2585149625551226
1,2123964293387646	1,2727602236230011
1,6080444908722662	-3,423856558292179
0,3729512255830849	0,925499534426904
1,7832779327040058	1,7804173766115992
1,8865979578829448	-2,617594668633874
1,9944823758621721	1,0403082529711387
0,3970675005161286	-3,1870296954049473
0,9594016737720392	3,05336879486745
1,4659494830799753	-3,4890667831046103
-0,025768758891477006	-3,145673368136822
0,9862937930905266	0,4569506731893727
2,175452757063989	0,9529825475939093
-0,3010380136074364	2,6184828043880555
1,1413207805153505	0,9759394114481559
1,2864472764867925	1,1370045511413962
3,0451853887032234	0,8688862365613609
-0,14118009709011892	-2,5102519937477035
0,0508651056584577	-3,157496606734168
2,0707737600781453	-2,6250983852679517
0,27667696751253856	-2,87806817339109
0,18070819364525215	-3,1897465508135805
0,6162078981909301	-3,2932025771733295
0,6063970924856261	0,8554779226090918
0,3497179085506932	0,5996162928744768
2,1410413920359845	2,277256932483052
2,0631460153695116	-2,4398657247681976
0,12321362346838627	3,4867666846252945
0,9766391867187646	0,42253170677078583
3,1745138365819727	0,7087053718508239
1,9265794614124458	-2,9651933438994025
0,5363506290561582	3,3563108290003005
2,410764330204313	1,2610620070769651
2,2718336968324233	1,4187333728153004
-0,5521644538880799	2,5782221673015497
2,0469948631025647	1,1179052001972114
0,3403532738114717	3,544094384689622
1,8014009097359367	2,290092284534407
1,4296304656462127	-2,901244510530736
0,6173291240305179	3,4915399040043242
1,1598940322209852	1,5071830567537257
-0,31545096422942986	-2,6319216036633115
3,020514472782553	0,48618408961899584
1,5309413672280048	-2,789390078937843
1,2751879277965243	-3,5279462570059312
1,3032744021395324	0,9655255674733486
0,16880818433437272	3,2981060830095816
1,4997225124102544	3,2791376301099255
0,9960277802323279	2,8039252765135845
-0,20899642235515214	-2,4334274488934216
0,6318287573095764	-3,20465018784022
1,6771716088862088	1,3557338945102169
0,03932876194103285	2,681930987161237
1,367266830070992	-2,9521752178686436
1,978102017404114	-2,9254834293528527
1,0256012049206276	-3,029641689170343
0,3270587510163515	2,863542552793488
1,7458670964463237	2,918227445235978
2,8664156824986704	1,0106569806876622
-0,4244225429036046	3,0130269971017682
2,308835327364703	-2,29550528087241
2,434960584101874	-2,584710890137923
-0,23658082450171447	-2,72850027390091
2,413358949553994	-2,4250197762544197
1,5553203956905257	2,2529446265645827
0,7708366911329313	0,619682544346579
0,7757442335182018	3,2509034855781254
0,16324140404185705	-2,5832888953901474
0,8945889218353202	-3,4647763785809302
2,2445533975513006	1,3093699298865311
1,3525797664487975	2,840025920357188
0,0012536393499560372	-2,73918874051377
0,35648419833680667	-3,3153131682373034
-0,0935418871771938	-2,634571030839784
2,443740480010641	0,8045428002992357
0,2641844481781812	-3,084403211131069
0,3478450484601381	-3,0911069426771163
0,933852852087813	3,2945716338296727
0,2992496938543695	-2,6540750573312715
0,327796793109276	-2,5410548740010928
-0,7477816406864479	2,5713595092530195
1,429075302123307	-3,4692924133809075
-0,07881571234647122	3,2708515089623225
0,39400180877491825	2,841818528454459
1,337912398455553	1,6706624627922821
1,32696234522335	-3,4707971381438694
2,013240790089374	-2,4835486381140846
3,051890226329854	0,6339226281072513
2,463667619300493	0,49078224709986745
2,7970893885848325	0,49802091650190955
0,9625712421301376	3,0066280312139675
0,677803141339637	-3,3398625424400112
1,3529901503028532	-3,579006286374436
0,9177598982604882	2,895258887146436
1,9964751227332427	-2,369484754187001
1,9832735307165223	-2,912474053632744
2,0240999805565654	2,1479421024564105
1,8182862915960265	-3,053269550100497
-0,7547526868622974	2,463673872305745
0,3312366563118828	-2,6174584743367384
0,001068257665861827	3,2305329303197823
1,7929439719833846	-2,7294720512595965
0,9612454240248565	3,0033289477160787
0,40805351284938185	-3,092889853209637
0,6485966270078424	3,2995467215557026
0,9083010251109921	0,8055510175230315
-0,34592252441109217	-2,3140603972956777
1,321719583424028	2,571557434951858
0,8467468499607699	0,8673222268356756
0,49721841690123547	0,8081926411466296
1,8054275109220939	-3,274690650389193
1,793120535063247	1,4988371886668863
0,02542558896906444	-2,6057593257475857
1,950165246858518	1,04848068014817
1,9491021397896857	2,6750844313292577
0,8618373887490396	1,1922618883036922
0,007173213903266973	-2,847249366537905
1,5761166869887784	-3,4116343099729507
0,08089966287148853	-2,548391335979499
0,5664436017985411	-2,9974092250698163
2,0986263616679617	-2,4798398477426313
0,32964054676279664	-2,550693458920384
0,27429354072260215	-2,4255673129828934
1,9243131855297269	1,1024132260894235
-0,026706619150113742	-2,648220307917683
1,3944670520522011	-2,926152798590653
0,691729827213045	0,7558583816732309
0,3035805680151029	2,957517550918652
2,260245794903709	-2,4828871114117996
1,5965641780871727	-3,534933248132242
0,5165183920535453	-3,3284942598926377
1,7989633702477672	2,1820519230331077
2,6203023142169406	0,9218231560003246
2,701463742714055	0,3812388666814355
0,8021785124212047	-3,6069598679407586
0,9977198231795706	-2,9812487677663992
0,7914749611107846	0,6124372745448887
-0,02910398301546957	2,764119648387047
2,3042033589355	0,878741187477482
1,792982099189831	2,1274737049215253
0,5990545479374949	0,8908248221108123
-0,3225706378198381	-2,3296342542065855
2,1613620925672787	1,7222373687439454
0,6416351844738806	-3,2380857730078105
1,4403203740852428	2,504474604881519
0,7919755873938332	2,886120235749058
1,4208317482098027	2,450597204014428
0,26557144764357443	-3,050960284331702
2,3746649215996274	0,7465611108489534
1,5035728783990612	-2,861627013475195
1,6576177416321025	2,1501161106533058
-0,7033105899178831	2,2680190359815606
0,9685312207966323	3,364419824480462
0,8012759628008591	-3,2860334042357278
0,6737157532528941	0,419342532214291
2,3708628659267936	1,178089684822648
1,7182754683848267	3,0350962830355126
0,5152804408191	-3,3973867293536597
0,48799128863487895	-2,721905500554617
1,686447922437174	3,152168094061723
2,374181888869945	1,4107540292417409
1,657819215673071	2,536448831582163
0,7855568353066558	0,8814643492397776
0,938858087543887	1,3957720466409875
0,28670457301615937	-2,834720613522183
1,4870547462902532	2,766267635340328
0,5168635078301149	1,0868075248709732
1,8562476887534085	2,2777895560878867
-0,034453448752059135	-2,2373521502481624
1,5086722425095598	2,222750734567959
0,5380803513622971	1,054453608834962
-0,5715686751722591	2,2200263810967797
-0,2783189476983807	3,1790742451424814
0,8665960750259605	0,5294777511717831
1,4361432540570087	3,1786613956370315
-0,14637899845106528	-2,290228399475269
2,533367043327918	0,47866850776736236
1,36895462387495	0,9897709325892268
2,8991177307970624	0,4839211048647144
2,2624771580090552	1,3070222343369584
-0,22079261415910545	-2,2968567814760554
0,6230962069168031	3,174765920578702
-0,5389207805940868	2,8844989088080686
2,212130077222096	1,0698252254742244
0,36950037604582064	-3,178693707181125
2,0386107365710893	1,3820592662500717
1,6820158242230203	-3,2811809749654524
-0,2781996863385322	3,0126875868433487
2,1908618157630357	-2,645446906223971
0,971897418622686	2,904492835253035
0,5008856664140151	0,6630692919188106
0,5846017690638114	0,7039928170674999
2,1463689067206317	1,2544293790155128
1,846744229237367	2,1111064556498684
1,7606770359855852	2,712229495197897
0,13480991026689015	-2,4020433464469155
1,4197889512310307	1,55961944194026
1,7028822504710812	2,7493074042112573
2,049119250969305	-2,1192666562263667
0,5627349308341507	0,7483091817349278
1,505151860586695	2,683254181372024
1,7946098543454354	-2,528652816748449
1,047400233897814	-2,899025798555002
3,0293166583805142	0,9282555442698655
-0,05569725397129577	2,6457732100317504
1,7222963035618193	-2,515015331227172
3,064737959488123	0,7460844538981004
0,0802234319189038	2,837798187540872
-0,39435085849850005	2,8968265901637715
0,8787320224030816	-3,0581100142562865
0,3927923300889941	2,9254648828887224
0,22712655756103617	-2,7388563082434825
0,9509210145944367	3,1078967582174086
0,6233061757257109	-3,062383900672357
2,5271495307579452	0,9167700410749583
1,2592839368718527	1,6091916565565347
1,014303935541443	-3,1985106211044725
1,7195250840615028	2,7489728129708433
2,613575066091006	0,5336824319599327
0,14999332363444318	-2,4190933081145545
-0,4592552134664518	2,380355544364163
0,9135723616362955	0,42031662113433105
0,14854647232679064	-2,786779193466197
0,710962885619379	3,1215216850289984
-0,5520533277173163	2,7603430345417306
-0,17679152097164264	2,6620923139497275
-0,2663708252525885	-2,8638069270869018
0,7842116730660772	-3,0977382360751187
0,33126494940520246	0,7964456650948193
2,004856498051918	1,5179608910567604
0,4744010155488767	1,1192920947329195
1,6924697105145428	1,6577288837418744
-0,14964280028095	2,2943360236613524
-0,44530223940765	2,4533136539145226
-0,5409451964676479	2,540792086350423
0,7238367224312321	0,569154384308284
0,3866849087376536	-3,105992777407411
-0,06419101967689655	3,1747080892629587
1,2076182247200111	3,260427526653416
1,0543994457761983	1,32643450425807
2,8241880067647136	1,1487570858955982
2,692460872685504	0,68625359668633
2,2684822783920757	0,947325464937961
1,0302089530231002	3,2011419007466144
1,43425344946347	2,525195643746927
2,7022304297137834	0,6614646504644313
1,425964115297249	-2,9078371295671728
0,022066830606365606	2,8750038314948343
1,4681590980304573	-3,077529219984359
0,6287780734528836	2,8877802499448455
2,702199650906752	0,8799092327880943
1,9139454474614168	-2,5036105388149865
1,0959842315877864	1,2627594913441675
2,734182930306617	1,3986645730142708
0,2840418523741035	-3,4331698353036195
1,5552469034804333	1,724302199598215
0,6079043711582803	2,9953115432242003
-0,022745722249405853	-2,560983911830859
1,368655630521154	-3,1681738494457825
2,8300308764055044	0,6881664181083718
-0,12860741979473211	2,684112017034722
2,128263196373556	-2,9225990254288803
-0,3668563967047693	3,000610211717928
2,774990646323017	0,7552534860765037
0,16184588110015297	3,395979880624732
3,0917183009804763	0,7293623630314678
0,7004174958310851	-3,311809920661845
1,819794031376432	-2,913552093330927
2,2557522583817184	0,8985400347358851
2,5208217529854315	1,4424182078182197
2,2796315233258757	-2,597047719080982
-0,38866778623659926	-2,468376756300457
0,15756276294473193	2,778952987091465
-0,24321051289616546	-2,427565713445097
0,7311725996761732	3,013458235690225
-0,37747159377266737	2,6809507127870997
1,4264166359109953	-3,0806842549822293
2,697158398453568	0,9239683598754954
-0,20333684939513952	-2,9233470632375536
-0,02527242748307712	3,1540420585884115
2,4158884855662395	0,7042817790988376
-0,3208541394770865	2,6967824751310667
0,5348854766610242	3,1527694940456166
2,4808528317496776	-2,476289447319448
2,8742710200790227	0,397362030087444
2,61058622693467	0,9698468687860909
-0,6533761722900948	2,7783635810421843
3,0250633231486184	0,3628192966319551
2,4050476081121355	-2,3039485737212395
2,976298760135478	0,5174612820978101
0,32841351310975275	2,9983199980356376
0,36104334293832885	-2,459915999208041
1,9734958830898615	1,4681757116057497
0,5100676306339756	-2,981078723370319
1,448839024110284	2,316055275386853
1,6032733301589799	2,2980497262724606
-0,17071100378956006	2,3759617906746695
1,3810765646586098	-3,2618326272435967
1,6277064057477078	1,8079875369437184
1,4759344911000523	2,4768239120162345
0,5399328605151139	2,913654518659971
1,6276625185126437	1,3324022138548446
-0,5763796308222444	2,2532155969889582
0,9315993425813232	3,058655746598446
1,9323745886107488	-2,864941420264547
0,8655459475083338	1,4184184723471849
2,72920163753135	0,4057575334037443
0,5320535639798363	0,7967035501267676
2,062205972748282	-2,178615035797196
-0,12925148918145068	-2,6662912376847383
2,0544000311867543	1,085696352752743
1,421206989963288	2,3786631272116083
2,3782479312033526	0,9171580053119068
1,5276512012583434	1,7832681744886563
-0,1338090264675713	-2,64394291330096
2,4767312349651265	-2,4156256672255623
2,5121967627241055	1,2191571800611074
-0,1273690567495589	2,343989710492161
0,8987967491597485	0,563484848179663
2,092028389885503	1,0895173303267387
0,43709368796819403	-3,4216588766898877
0,41687624867574025	-2,7566741303922804
0,5553990727038947	3,491440136199798
1,4000959779646553	-3,4619425229484904
0,5018065648952854	0,7223456296160141
1,30406683755701	-3,3033558660402074
1,4031633076008037	2,316376697375882
0,33881065558410056	2,835973544026648
2,2373609268854957	1,438555875889294
1,702257029426969	1,2039003144357263
2,0394279890873737	1,4270636950529532
1,1469791118065928	1,1899344069388826
1,1714644180456122	3,3125844599385728
0,9314053840275026	1,3525134004123474
2,1779195892108962	1,199324078403021
0,8381348814214398	3,386080459871959
1,8511828652122506	-3,2646595001589103
1,217852205186226	3,2623224974393032
1,880162708813852	2,386193500817244
0,1068981426628629	2,9432957238097464
2,6819580618380976	0,5253662902617529
1,9458931762890714	1,8002343832893315
0,5724239702161291	1,247867255520326
0,8061777362706983	1,047596551691211
1,4954983757654676	2,4665439574222763
-0,35767915597168254	3,0627865320518297
0,7422811866646568	1,3022476252896305
3,0893680448151546	0,6067362776941516
0,7843689479739543	1,29845131986265
0,32929769062623915	2,862367359607677
-0,2788395930919758	3,0315579660069587
2,3632143577323754	1,143188397890194
1,7530945030252245	-3,0669182647307025
2,920060582559951	1,1457660747599596
1,6644435567537739	1,2356329800201526
2,023314579381427	-2,317428791192434
1,8758098892144206	-2,272490933614969
1,1285908252204109	1,317395122952351
0,1525635248023165	-3,087398373280958
1,9740537217540755	1,1265281462324228
2,0338436327185967	-3,171877849097077
0,2586099796561271	3,470290170790066
0,8162638069583878	3,4330874297133027
1,1767149441357028	1,1363777075374561
-0,5571227876515135	2,2058954254572516
2,0912691740834397	-2,1747387019732938
-0,2998524636456561	-2,8018568556939742
1,2160570340855625	-2,8849754427540195
-0,29148928995265067	-2,29762140333865
2,007319679394418	-2,643786395449339
0,9637426735723467	3,1159860893684788
3,0584823068586635	0,73627418622185
2,486989306306724	-2,1256026660667153
1,91306428129601	1,5763316283872058
1,4815307081792937	2,6696620997907727
1,8726054155165297	-3,345758273265473
1,6445718344716327	1,2875404600518197
1,891393636638711	2,75961419390388
0,5565217144730203	-2,7357253095777874
-0,12539118624665035	2,217567745842961
-0,11362965806474734	2,9482818061500584
1,8182792493808357	1,065804442518575
1,1767304306854593	1,03622981025621
2,1628586952575057	-2,2370294994081235
3,141308939487761	0,5049112683913792
0,9837950934406662	-3,374300674869734
2,2880787391050874	0,9539226037398018
1,008193294155769	2,88376540674451
-0,20616547526241158	-2,2999683392753214
0,6006911578950473	3,399215999818378
1,0447955416452293	2,856966557141875
0,5742896165845677	-2,9545169992163154
1,2366903323576484	2,6579052558654253
-0,08836129066663623	3,065636411037317
2,7402010420145633	1,3523503706264395
2,5421995034985208	0,8371534628039475
0,3787217354957423	3,1602298454570086
2,7761583724227212	0,5556679162016764
0,896763521009819	3,266808437794925
1,5130657360634485	1,4231894210999165
2,0581512778105635	-2,178464490798323
-0,28718757594273825	2,2642470475925163
0,152181995972276	2,8157935412137665
1,1468280239537885	3,291904408090786
-0,14617825178616006	-3,0270080936381336
2,9306536206416647	1,035396862549588
1,1938954377146982	3,2424415131929702
1,2857830961993386	0,9904634067756688
0,5804459966580069	2,914810596225224
-0,02574582391230562	3,0247956759194885
1,203228423672682	3,116592470774532
0,7059853800304375	-2,8245487750166136
1,7796852542203945	-2,8216077845794407
1,4743085611834423	-3,0639269592400593
0,9001399308829381	-2,9744386834891587
2,354195555234889	-2,2346996973076565
1,9325557857944806	2,8086304719645496
1,5323214525619597	-2,9857312747128857
0,726754001530894	0,6181826462694915
1,6997282060223755	-2,955758017850076
2,603251494651662	1,3191691279682745
0,015219902055976231	2,5828383119436604
1,458144999670745	1,6666573618950704
2,1904145204067578	1,5342689013059978
2,7911627670472225	0,6168376013057634
1,6420588494872645	2,407728072992416
0,3619585590105524	-2,5483515460702355
1,5631352195189476	1,056668426740464
1,6061883433901052	1,3531925269222491
0,02249173872738397	-3,053366069629755
1,5869891871526174	2,973560042340695
-0,7202428784174622	2,5065456825141754
1,6896905343920543	1,4870801154640507
1,3009540618693207	1,7334684372586269
0,3072380032759131	-2,350555252941194
0,45156218983825425	-3,4017952804770406
1,4979059706780817	2,6346958327282968
1,2368840653346425	1,2351575442538296
2,3110549117463925	0,9481065698610577
2,0396805830538542	-2,257017977606588
0,2973169964739433	-2,734654183950003
-0,30864375362582863	2,447925173316821
0,6647604610134268	-3,125633553651531
1,6950115783371436	-2,8391398180805876
0,00041160606789714116	-2,8040406810628573
2,0450463005604935	-2,414351383125333
1,8939018743479321	1,724956105608849
1,3638791078209744	-3,231080211731255
-0,04677748694870654	2,685864065713082
1,3629115424557754	2,997548658401972
1,4373361956595185	-3,1844699121606146
1,548502076445123	1,4835128972725138
0,1356714729268278	-2,6738746053265903
0,4167714908250436	-2,7723643589430385
0,6273200090683815	0,735367884859514
2,9369127686689245	0,9583877615430187
1,835060636864677	-3,4028039967574646
0,34535011194098564	0,4623134062214409
1,1994034821279786	-3,526645033682252
2,6015624073799395	0,41699176254488557
1,4306553866195262	2,3661992819599114
0,852823114669294	1,047821036270026
1,3615319032239248	-3,422384688018913
0,5698601666255219	0,5098039267328567
1,4962639151442865	2,4736816085676883
1,9123806788173263	1,2747858744553686
0,9973267825370336	1,6060517306607032
1,432308835455085	2,876120452677716
2,0855529727412367	-2,548809741451154
2,9031920226065155	0,7340191144214762
1,0559599692464796	-3,303095897822498
0,23820235718946425	-2,60363114781
1,395469857842369	1,6396169514232157
0,8748622669143459	3,4742280422100835
-0,23771954724144895	3,083268046694021
1,3436603481580627	1,04898009960468
2,330920269763424	-2,29212634349643
-0,18342247295291925	2,151801193535754
1,974848356196098	2,1603042961539125
-0,757427530863169	2,241447769322637
2,03505409055977	1,3329527898411428
-0,6188362320583674	2,285278335216349
2,0648240215029183	2,4586358269259425
1,533012036228497	-3,3462375952045176
0,49646491240842316	-2,7667688757419695
1,2130065802636043	-2,8927104874973053
1,6369015020122162	-3,296341350749109
-0,2726666971316267	2,328388072449479
-0,17106027228875242	2,23445985316227
0,5175305582051792	1,0014246718547528
1,7307268552585218	3,023952287903026
0,041924535086957704	2,8319077390945835
1,948468605193999	2,1275741495411173
1,8704328935389554	1,1576225689066528
2,03149921763886	2,2944258878565424
0,5263709340405858	2,888459749536036
-0,543750411038328	2,198770267557209
-0,03582762121206784	-2,464236748025146
2,0944076829570477	-2,140418817033941
1,2207493803582237	-3,436816800649769
-0,1437023745290823	2,9672523040107923
1,8041161093073408	2,4912494373765854
2,0945950744147037	1,6369402278067746
0,11544103346219492	3,4834478842643266
0,5633696857971627	-3,08497132652761
-0,5158231500406656	2,684706838891312
-0,3956861498413855	-2,5256110549393034
1,2425394404155874	-3,4571949993375632
2,0103227167928477	2,4294889544931513
1,4211495761082853	2,49225252395721
0,5558619908867999	3,058236722607697
-0,018844843454519866	2,702596235944048
0,7857953830273829	-3,0359883311486575
1,5517808345122197	2,745517075824914
0,17705288912385753	-2,701726786759388
0,2679074756745655	-2,884308450060367
2,412314021231685	-2,095771570244912
0,4827436970010881	-3,3784218540734665
1,6644851630417805	1,7023100265054012
0,5579466609268193	1,1150334064803578
2,8242265401589464	0,2725027486130623
1,1944840556000846	-3,1747830400091326
0,6967060181461198	0,4117200337590551
-0,013210808782416095	2,9154720300732
1,3524832008526333	-2,8719142038159546
1,3221538825952037	1,229815662961649
0,5850877379809976	3,210980427130392
0,9553570272572935	1,1209621136434875
1,681957756233837	2,4403529173356273
0,5550622990583172	1,1793817224859087
-0,13259746280477935	2,491071735002793
0,3961939960031086	2,951529126504636
0,4592663577060766	3,51581664133599
-0,6997037104615567	2,533391616201946
1,1674211972916724	3,146150844702195
1,3911163039520962	-3,032586022657662
1,5380218240009675	1,3815957127575667
0,9502388108039201	-3,0882886366256814
2,490050928832787	0,8708778558594694
2,5161698650248048	-2,2769242377194896
1,0558823735680418	0,7717859798307086
0,8392842925876622	-3,136448947682312
-0,34364112061240326	2,978205856642016
-0,09098044680029416	-2,251569994897333
1,326143154955672	3,1988369945159194
-0,22901777189641304	-2,629217622152024
-0,06478537669342121	-2,5626004602442305
-0,4533653420589703	2,3119371924295935
0,8577097208057061	-3,295794246791822
1,7734769536471857	-2,6481356241122125
-0,311337200235311	-2,715438847094405
0,16892710026803448	2,827729435171696
2,110705194872138	-2,5980944426626995
-0,4900904185494852	2,515188464341915
2,2435899009944267	-2,43899492073583
1,5729219811655222	-3,0457802193789902
-0,5709762681296506	2,587446773519078
-0,26741653962290135	2,927859905068017
-0,7648591459188241	2,4645267401912774
2,497483009323973	0,6041352295396126
1,5945323591742926	3,234044822650988
0,037173699088990264	2,9550967094155336
1,9179848418777121	2,531760583941035
0,26334738769105664	3,076392556643305
1,7363168895567282	1,6475568088977024
-0,442186402784738	2,211115123259532
-0,175269420995519	2,732776325262903
1,9052794892059395	-3,255920144747322
-0,5124645586195924	2,130789170423712
0,699117057287842	0,8484023449751902
0,5252728260198278	0,4261221553212919
0,6765090057082317	1,0106837559128188
1,841301379598502	-2,3015835646238614
2,6088593017090913	0,2976805035057278
1,960785464543476	-2,8557280274031642
1,0162397664186686	1,5151651578902998
1,6812835571912919	-2,5729594303611383
1,824034441806261	2,615662955047231
2,880739599123768	0,7818201209095996
0,5168642151733567	-2,7429158354887275
2,484873247471292	-2,1987268873398476
1,304317962288053	1,3509078003856962
0,6561562371672183	-3,1048655544799404
1,497950250706535	1,4910433482039482
1,7007310418501485	1,6292958337539871
0,5710240868269374	0,7190809069623716
1,9755714915610136	-3,2458881057723605
0,26813094462551335	-2,326703951166963
-0,19551510511494963	2,226021062509668
1,888538552602987	-2,1644712970487037
-0,2758302452373176	2,657152190932293
1,7041138748710967	2,6557758463801457
-0,1750720850623373	3,1642850347392315
1,6612523352892072	2,7633712819763936
0,7671065335005679	3,1271074344298446
-0,008652721153170395	3,1879868853600226
1,5455913685464653	1,1179079905335825
2,597171284513261	0,8396857437368337
2,528229303010816	0,7721833372244244
-0,12571399270554218	-2,4841991522014855
1,3413110667362607	2,881741125972505
0,5836551100032844	3,423216217601288
2,248083133324836	1,2784249528567817
0,8463778076171886	0,7639362731266168
0,7623518633487026	0,44044557478218216
-0,28989366598656063	2,422435953219609
-0,23142006796537462	-2,305341544354529
2,6665638953735336	1,479715257467956
0,25707751563398595	-2,303174354075238
1,2118689250768448	1,6735830064762471
0,9148277648190488	-3,063634738307785
1,4909995849638564	2,366981941135718
2,1419078398468407	-2,322257857709144
2,4295587484318233	0,9348302172867156
-0,32576781174712177	2,3506824055971154
0,23446827268669612	2,973874847212084
1,4444355937360431	-2,789748316623533
0,5812089229204886	0,4588541672928768
0,8908494617063567	-3,1120974876568903
2,324067479545731	0,9940406595163911
-0,10235057607857778	2,2490030561991534
0,6785444236412185	-3,2820637755923903
1,8678146235039415	-2,6491221877232043
-0,5828400533708382	2,610845566737351
0,9084115571552575	0,8295623985461796
1,8015179349728427	3,0115188806562365
1,9743584256214248	2,1453750213821565
0,8279879327291939	1,1682470568392733
1,2164307184598098	1,084318871792624
0,9584125801985701	1,0242289232635455
2,527665638125952	0,673519828237717
0,29881330385939253	0,6924153793280066
2,816231093238275	0,870424465588818
0,003864970960775427	-2,5575910772279125
1,2878566928111974	-3,139440418941515
1,7193119918933122	2,1665051660355115
3,023386884828003	0,6050670753769078
1,2942473406665178	-2,953160453272892
2,450355717179092	1,3879646735659132
0,7406726018990433	0,6521996720096948
0,3542759598249112	-2,569810097093274
2,0785838302624313	-3,1836630895099995
1,90411076459413	-2,0772783944865263
3,0147239501333707	0,9747753915679149
-0,31229605414421846	2,750802694935731
0,2936362441251729	3,267541156861376
0,37934170188337335	-2,795580569405974
2,485994805442089	0,48427869293204284
2,3666476754300767	0,7591469906398576
0,3018753413444243	-2,870928897425911
1,5755412511120688	1,3906723943421344
1,5971876658909525	-3,1585354507055365
1,0127173540211296	0,5987418389050239
0,9855971101446173	0,6895042769330246
1,6234188907633682	2,300693575466584
1,3879994828749382	3,102455096446585
2,725128905310148	0,539067306920825
2,1013615208561705	-3,090729872606064
-0,012377894092477804	2,595056119771605
1,7188382248037188	1,19548742640319
0,6029331615982486	-3,0006249853863203
-0,21936038798002888	2,9546127530791177
1,9466714558430656	2,7675140911235783
0,48955841444659676	3,286779152640376
1,2075378694168206	-3,222149358626975
0,13637323815797864	-2,9767101374557012
0,18979259448040942	3,4994126715429346
2,139721503353319	2,1285310395254435
2,2595586870506645	-2,5224713078229746
1,432580302372394	1,5102945463529123
1,654529612204609	2,1597861795084787
0,08780241442525716	-2,5333521882960253
1,5805140959229544	3,27489718062146
2,7460423317616294	0,5200840719997432
-0,6240329533372515	2,466118480972615
1,5233159745428697	1,7054573124551413
0,03252996659855101	-2,582293080279735
0,8805024030861215	1,4374283115719855
0,9589688677608805	3,2420797931345047
1,2138236780190148	2,759209548939694
1,809741229932151	2,190176065915736
1,9223217997552058	1,6875957617894126
-0,5818409461425331	2,7746555297680127
1,2858259994494599	1,5444850294446886
1,8970349979359145	2,098815263255832
1,7891373418944658	2,767238619589494
0,5461480629123403	-3,3139200581530677
-0,6091121464067719	2,3847851031568768
-0,5833009763134913	2,7869056986409464
1,921434609056481	-2,469896493076292
0,7207706677854417	-2,892479433758173
-0,013688147234092174	-2,5719909055623664
1,2820256028928578	3,3059742829294727
2,309530878330845	1,130094345871239
2,995067186245712	0,8864384546299194
0,800667223433404	-2,9708435207439687
-0,03297615304924206	-2,386962128552277
-0,048672339163061684	2,363732648540589
2,268362681876874	-2,24977876081182
0,8432943832370767	2,9908058768759442
2,667044239197234	1,3563710937759281
2,1945463623380506	-2,842992355529675
2,253214152315022	0,983724816285867
3,0488429776214163	0,8053412018927298
1,9543049901953944	-3,1378786754427024
0,4901774018068059	-2,724896485492567
1,6705889570509016	-3,0333003585491976
1,5219885870757368	3,2919706961646953
1,3596917247842821	1,3965514029819701
0,31382237666529056	-3,0984419966666312
0,7398993577939754	0,472403205190156
0,8726746713612278	2,8871005532947174
1,7633614504473405	-2,491086349900824
-0,15257785342664554	-2,8566161377051937
2,992880162714926	0,8575191221289724
1,8426607842170448	1,122739953007487
-0,21008317484898953	-2,8385510568078507
0,21715732776598762	2,771409771240726
0,9924902274300823	3,1708871269767593
0,7837472661351714	3,0201433859515294
2,9058653513171064	0,5906697207116602
2,1216986262792332	-2,096044455722984
0,6376591231422426	0,9385380512529816
-0,07608880802762386	2,5742627268662974
2,137982591988309	-2,5726151831448214
0,03595815792014223	2,856167711900043
3,1809718371854783	0,42025448244037944
1,4303724495993886	1,7588836020499758
0,7548582545694895	1,4140727858476234
1,718090466021923	-3,2287881457913246
1,2996285770617422	0,9779965589312666
1,2713727632053058	-2,9379765268364886
-3,6100874567122654	2,9124927381653256
1,3774066263602032	-2,8387825200676993
-0,013303023932359714	3,066215259902383
0,5348561624456836	1,1230475098430062
2,423144906285142	0,6655157939955008
0,3133414690401658	-2,4979043024365066
-0,48263363070695764	3,0529147296165657
0,1815132431987273	-2,5480983249157187
1,028871210489299	-3,4799122607998116
1,3959384333982456	-3,3953001242414507
1,5116784615418557	2,966447349710489
0,7041105173805204	3,1221423339724317
0,9401360250489221	-3,4038999418009714
0,07195168809347285	-3,1922133823340295
0,7345389777990874	-3,5668343109707177
2,106478921104438	1,4062341071676587
2,0859148162496357	1,0238057615347176
3,1204883702805875	0,43290497621882984
1,9732909205955775	1,4627875417125416
1,817654640136684	-2,605629716871068
-0,4077443001854728	2,8943970145060853
1,9707338896034523	-2,742898649666803
0,9805629806634286	0,7414310435210877
1,0665375540554332	1,0433108323757838
1,6682046642908488	-3,410662553193103
0,9801051631458749	-3,357635143098145
1,4239341041771096	-2,886433753805482
1,0126955141739384	0,5737019520301647
-0,1823714811895767	2,3603650283330104
-0,2225913715524399	2,6736978983125845
2,985220222633963	0,6730866127061208
2,4059220951895677	-2,680919737343977
1,1446971146986589	0,9367561194946215
0,6188657489093586	-2,972665467465457
0,5761962651775316	1,0793000692463712
1,2879947476838702	-3,5586288672770037
-0,014640754360383035	3,3992535116710183
1,0680659096269474	0,819775889603066
0,6646183259779157	2,905870456694324
1,48881266343265	3,0512330759682817
0,9761529600202504	1,5460056265657118
1,2154260411740019	-2,939063118584813
-0,09990272843280512	-2,437150049971453
1,992994780122638	1,3884704739915392
0,006701817903266738	-2,289780800567367
0,9066089865581897	1,3369406637143848
0,9910524085315493	-3,297631782706996
-0,15687359498472242	-2,3677659029703517
1,4909110425962693	2,611435664002423
-0,2058785411494588	-2,6247599523916607
1,7607572821288284	1,626138360871078
2,7984071573766416	0,8393265677081572
0,2322834339054265	2,947004250686862
2,241162807187706	-2,848452874125952
2,2522564767917643	-2,6454907228719167
-0,017174394901425583	-2,384945373765803
0,437923165428148	2,977955102546203
0,5446575828470096	-3,4584110451324186
2,302016971974031	1,1592994618036758
1,0629950597771776	1,3181247450728668
1,2310455296483407	-3,1441054092365492
0,38141835464858875	-2,7545487647255116
0,18920836762490723	-2,469286232916722
1,3534696376380961	2,80040052221938
-0,19868007899597595	2,8585364626153673
0,7780240970035921	0,773737053107804
0,9084263593915303	1,0977400303048985
0,44800452340358643	-2,8498264585044106
2,8394134246148113	0,7879893204962356
1,7818134521734008	2,836288104800725
0,3328561043071929	-2,4154979394113707
1,747920291275732	2,3440475536222243
0,2534881103150719	-3,0136815058337305
2,517996865873263	1,4552452299195056
0,8556571416667813	3,133620800716062
1,393915703425494	2,6151649008229167
1,4998447444341803	2,107615740358988
0,9841983662679598	0,48640303274952285
0,6297667823075653	2,9003727993015587
1,0621654110518808	0,7448812666279438
0,2734063328020221	-2,9533999684707735
0,23487877443285143	3,103655540937394
2,0374111377124207	2,518462084482388
1,93072335769721	1,0650278858855189
2,0717690530166024	2,5176661122425896
1,3615271504042998	1,193521236173801
1,0829337063888098	3,243881456057669
2,149741791389806	1,6231729407754911
1,3963366103838042	2,5568520974335995
0,7340714584566643	0,6249608382347833
-0,3182673060160588	2,1493613326852357
1,7081778142726007	1,122438773563733
1,5833842098437954	2,7851899132431717
2,3014881727796825	-2,4422115927499477
2,1400745921830895	-2,148851024155333
0,42212004785646084	-2,6058202662527696
2,4477488279846753	-2,228506717331829
1,5210884361113641	1,5509110458290924
2,8384264003387254	0,7756560569603368
0,3281983880646904	3,3018892551626364
-0,04651839640941202	2,8371214956867594
0,3214149663288577	0,8244273702740829
2,3555792467282277	1,0216409368143333
0,9348959180727725	-3,6350379148175884
1,8318936691700283	-2,213592595129516
-0,01512103115089758	-2,316855468936521
-0,09179195488008307	2,4285314211867317
0,3591296647361526	0,5929645376721095
0,7202838517527395	3,1980475581839025
1,2111043926938778	-3,5965039342381475
-0,11695727730829952	2,9578602217288883
0,752097806151109	3,4625578363450953
-0,2146026869721307	3,05945582260698
0,4250563663750899	0,3923007965654997
1,7709026521958888	2,675447016826661
-0,08891980518210874	-2,5649741326703257
2,5564926332899063	0,9987744703808099
1,9335846317971448	1,3143574988658402
3,059951190962913	0,38662788754262367
2,106312101062885	-2,983448658549839
2,8499420097505563	0,8911611322789738
2,407033445111805	0,7252862417272457
-0,470417565771974	2,9491173482173934
0,5396837043853868	-2,7770507156554376
1,614440904362994	2,8135551757440243
1,8225923816432783	-2,3690369055933784
0,174387204129741	3,234766406169651
0,3670067877907062	3,302625220898565
2,520057139254323	0,36352495979073635
0,9333227279131617	0,8388429213115172
0,5863630078730682	0,37152342942910366
0,8960025002020351	-3,37885364715571
1,4417138610417033	-3,328816791603215
2,2736287069053587	-2,322786893988239
1,0951237535512088	3,0017621943953516
0,880477852570867	3,3982192358260264
-0,2813113915802904	3,084127593977533
1,75247040559955	2,2721158389780394
1,4788280188784197	2,557949252459079
1,8619530159469067	1,1889434247298287
2,0603393026663896	2,165436996993627
1,1141334084770005	3,4816844143373347
1,5856647722148383	3,2409676863692347
2,1542604349695114	-2,296264343362813
0,9987673705462642	1,1025278100528628
0,5716771788465569	-3,4742220555716967
2,603425684795114	0,5403310427493566
0,9746520967124217	2,864968574039498
3,005443323799792	0,35423456445738244
-0,24427731410706133	2,6214082555547926
0,8350670439468777	3,0849935487987175
-0,1977663609200906	2,8080865513758964
1,0705861568886457	0,8426107619501079
2,8368241839919124	0,6975452855859183
1,0208086243609333	3,183668711582852
2,1711007575300076	-2,3672833876879618
0,382758558494142	2,8630803005815118
1,6389245809916964	2,2070038069708753
-0,4115491383408407	-2,444601858791211
3,110375452051157	0,30907186349062477
-0,02717553881635515	2,538770784299567
2,2805875235091775	1,435843654116743
1,9379412953723183	1,5076520281790613
2,5359983365742087	-2,138296285270169
2,0857431384469556	1,2679970147750854
0,4848863705141799	3,5227148810784126
-0,10907948725019456	-2,2752679975494687
1,655674379929541	3,025031724639505
0,7791374571541763	-3,6089619659630614
0,8200417769285293	2,8856671525563815
0,590329676720267	2,8934670332706
0,6814326008376832	-2,816323276858457
0,07929315296162398	2,8009179297962543
0,839213667886594	0,6957067038876865
2,7186782540793404	1,1493103335072026
2,0995601111890885	2,1038537628071645
-0,26780988104127945	-2,473002536281926
0,6371768110866809	0,9980804303539371
0,06858432499975198	2,5626910319633858
1,9106390669355606	1,4158624311489678
1,563531345671832	-2,829905766051852
1,1987762126329948	0,965690958302957
3,160026174751894	0,31835085924355777
0,2727205672855568	-2,8311966829824255
0,8387019071369239	3,316749184182946
3,1602332037592973	0,6817835055337127
1,7742178922040757	2,274194733052511
1,3984766357330585	2,994316505206969
0,7827864102132891	3,4458637038053954
0,3940972584737416	2,9609384517702417
1,8060654120465327	2,5927031234852085
1,64078825662429	-2,712116319629384
1,5729317458137548	1,4267134065169498
0,8392100492846843	3,3215175319505787
0,2579660259072627	-3,02332123847563
1,5942316023653196	-2,9956528612863176
2,278338649161311	-2,123209519962166
1,6212449883112325	-2,9114038881832336
2,1059967214784727	-2,9652160630785174
0,2676200083432587	0,45924885530019616
1,4743806116289924	2,3241919197976504
0,9154687014121701	-3,428532687580647
0,9532090123894355	-3,0716114418070037
-0,5373291074388389	2,2694663231511125
-0,6494550526594329	2,6270748646729265
0,714698277119594	0,8539972031723142
1,5676881553230468	-3,386684305893063
-0,18271928895277312	2,2925139006473834
1,4649195482522934	1,3133550104962732
0,698696851975131	-2,9421816376778875
2,1376172269295903	2,2424470869731032
1,4533938203809016	2,451260798698763
0,07718523450192805	-2,3015218330824836
2,156538735970318	2,254305240976196
0,97577513281661	3,5558451116380243
1,8882861276614802	-2,7403316245311635
2,2586018587517764	0,8683911983133056
2,316942083497384	-2,078245412286083
1,105365855687453	3,0625719578606523
1,5480438839244393	3,269138598629662
1,3166169320106174	3,2905433926867396
2,3909105817209326	0,8176710126967198
-0,20153390121625314	-2,8171677012022145
2,4263235258074713	0,6847510880863258
-0,24940918641357412	-2,6061615621313354
-0,18679268086247403	-2,561474292666926
1,9608436612512063	2,521576217179387
2,4816459791924808	1,0910495821509338
0,6006308307836743	-3,410506249403051
0,14705849197340948	-2,501389728853661
1,3495741884756547	2,4657210366877473
0,925781253216589	0,576702726206312
1,4887875711174163	3,174876411704413
0,09939477759784254	-3,1562940081454336
1,0432769664059958	-2,9343611449375047
1,5614249545485426	3,067272092453724
1,7904813561725863	1,1925540369893612
1,6583408149127465	2,6540424203009647
1,332498904628776	2,5758689738591096
-0,3186812698346879	-2,446569736650878
1,2071219226850798	1,3662192430618623
0,251407243398448	-2,369387472601962
1,974438665665781	-2,0978440885030745
1,364061945326869	1,138956974033987
0,12124682397355813	-2,3397346023190067
0,7395119013707109	-3,1747803826226004
1,782374397675763	1,3986320910231214
0,6115539650784751	-3,0163819374664462
1,9534707948286123	1,2993243565662325
2,0441539606514594	1,7257392387908617
1,2463030193721247	-2,930407264651473
2,17321055920379	-2,586800391113178
1,1168401509155217	0,984202340237579
1,0279295905501735	0,9377539965138085
1,530676284752446	-2,910919408937339
2,067045848765492	-2,8460017718210064
1,8926201400308813	-2,142194509427806
0,3586204532557738	3,2455688241212917
2,526569068431537	0,6085874667658621
1,7896304305590123	-3,19396760886421
1,474317940364533	-3,0219509113822487
0,7433685142927159	-2,9231436396617605
0,6544964025314637	-3,39379457532434
1,7514834310532212	-2,5525385080168315
-0,3335072418037106	3,1902546039959816
0,8074312928118551	3,0971119932724562
-0,044034931390446896	3,324035469582697
0,6749386474081596	1,3507473877091791
1,5634106189579886	-3,329489994643866
0,6352660247103071	-3,11470510420871
1,5407412266403173	2,7639631168342884
1,6392630006192745	1,7110094830715612
1,4366158620944816	1,065234179078154
0,29575005245449126	3,3480977628214714
0,796190776304979	0,5293661804887604
1,4368732546357368	3,290539799648209
0,9537408341166739	-2,907297017529963
1,6293170571719038	-2,879557023551725
0,9974950563146814	1,3214244617928987
1,9692752695847173	-2,6031501552459795
1,995697346614912	-2,712873201817059
0,5581554236952186	-2,7808754258137425
1,480131206742458	1,327148650716019
1,1198726677550066	3,0757747528913115
1,0241181867104912	-3,0869843098941727
0,8366147180389243	3,3654393853580666
1,340233925500431	3,2010289362675586
0,6291295734655944	-2,989056082324403
1,0903458410037778	0,8827739714344013
0,5132994981488388	0,4200257229773337
1,9444421802707192	-2,847599193174107
3,1746640187871797	0,26150847992172116
1,206372307519504	3,4265031951694107
0,004537622391755591	3,0318224551150736
1,6740772299503717	-2,5805296280621417
2,307732034181559	-2,7563760459419093
0,16848742249902404	-2,7143470208649845
0,3738907801782443	-2,5973795729984364
0,4985367290732304	2,8911224412663312
0,4133620943843499	0,7160030537818234
1,1751094439880925	2,8308373230868806
1,3447285915751297	2,5180088084728296
0,5752591476455893	3,1610227186044817
-0,42149837709624305	2,4773504671407522
1,5053729969300793	1,5964981187973142
0,04787822498265759	2,7398862465978646
2,2897222737192466	-2,773523860257371
2,372647013602533	1,4784410954755423
0,45192895788885257	0,6042797870468768
0,7662263004743531	-2,866311987467371
2,921186825823065	0,6339164324375232
1,472574672232587	-2,911237172952945
2,4014346903902597	1,082102070709607
0,8315201105558027	1,2020258845740917
1,8730879596073335	-2,854571009154014
0,38959945146438196	3,105788056144302
1,8279069271209902	-2,508352016123377
-0,12833354625997317	2,432792863132973
1,1303919588014357	1,3462916808151024
0,5721995087838398	2,876967206415217
1,1795465752463654	0,8770705317362748
2,496141094172814	0,8249230389840134
2,264303970177018	1,09125343665737
-0,34222749016917886	2,251840616778886
1,154312414076805	-3,623579455791443
0,3189915172978122	2,8091277224886255
0,24150435287589544	3,422852869278209
1,6997321831399343	3,105151437503144
0,0994140545173331	2,8954298188163365
2,9495739188813124	1,1923011482371606
0,9638396474949951	0,49117447315761154
-0,35987747310385365	2,774412443218426
-0,0638729684397602	3,0774522013605874
1,412011373184494	1,0804631182361415
2,842967262096659	0,9729957759614974
1,5526133245327436	2,1784757605395715
1,5432421521707025	1,4468666761175712
2,220130413249644	-2,8723002934386686
0,40578179325952646	-3,2725832134663335
2,607664894593607	1,3393780571793412
0,11596491129957898	2,6641010933266345
-0,46656755374557557	2,5349231608627196
1,3831404247679502	2,4793803495940816
2,886991810046843	0,5820769435428746
2,508016865792375	1,491460752637696
-0,7185339934852357	2,5244841692006013
0,16447425279960493	-2,5479700500943387
1,4530985387845226	-2,7798082613262705
0,25712152124437077	3,314695715305995
2,641976040246585	1,3774944133835547
1,19795841622261	3,3240777323092097
1,5146154726598868	2,637792470126926
1,125838433730336	3,5022874272315447
-0,01999120586466807	-2,438735210787698
0,08510235189194448	3,3810461426861824
2,667891975883384	0,5330274943155927
2,0914075806899315	-2,095313199106138
1,5207298709026	-3,264710612332592
2,821071991697205	0,38231206330446244
1,6542412733296545	-3,1438735804545273
0,4361920049596476	3,238784157067589
0,5772195259129147	0,6651379678089642
0,25134079409795407	-2,743520602152173
2,19020277413183	-3,0087359463831733
0,30115389382151436	-3,1625329895589065
0,8901441389710072	-2,8916381399282356
2,281237414005803	1,1575318357798197
2,4717387123231545	1,291923351756211
1,2130877712556756	1,5603720319397048
-0,3827272349141291	2,923021848277318
-0,13052836635394072	-2,313158356940288
1,1510927273590683	0,969475930670778
2,4598214267099716	0,8836098734745487
0,33121502087379073	3,0256079205420927
2,001415153033121	2,714558614943553
-0,13317108031174896	-2,5101177466512627
0,41715492479229055	3,0655593704136237
2,117717383205303	2,41820374691892
0,4891383443795106	3,5477916962956177
1,0089298717677626	2,919490923338925
0,48902759949554486	0,8039957870951675
-0,5527590556662756	2,215887851585048
1,8021150624119822	1,2984800768791769
-0,6084825503133531	2,8879879006537674
-0,16716581645962747	2,7777875556679335
1,1482111990739146	1,55636060574928
1,067890360096964	2,87253217492197
0,18692902872384437	2,7235907234095285
1,2456429128008781	1,1672634011327472
-0,2835880865332653	2,924155317330695
0,6478423973397612	3,42580178254887
1,9462479829524066	-2,4662367912512133
-0,23255948169062868	-2,491083280661997
-0,09948935865466002	3,1093237965642757
1,412951039392143	1,3880251999188244
2,5428914774160667	-2,188618513568366
0,5716678500317041	1,0517595598335845
2,428334561267839	-2,678483505447068
0,2703303051733392	-2,5242350363947414
2,1226411949416835	1,0221986878212208
1,7084679488861974	1,2711210274619225
1,3855035689534605	2,6521312720819923
-0,22571076938831636	2,8283601498308792
1,2065985138684592	-3,390453698983589
0,9120344460172322	0,840241212120769
1,8228839377947166	-3,115904030840914
2,4503802417828084	0,6071744065540399
0,15624514287978275	-2,639672039060633
0,42036027612044996	3,58111576258741
2,2228010754565646	1,0539120868309335
0,5030485443462064	-3,272380464957414
2,875008430226134	0,39635929361150196
1,9997766223626139	-2,389494689697229
1,9744114625078213	1,0798359268582465
1,6515056680929077	2,3254202902422016
0,39916608973816103	0,6346992357957421
0,609487781379353	-3,103889607442489
-0,03531391299873987	-2,6273663699861816
1,5387778093462554	-2,853642320245664
2,3930161613292986	-2,391397313580828
1,384298110443754	2,5310634948913546
2,326553647655822	0,8934094625124249
0,29684984486848026	3,518262924035828
0,5628110181753702	2,9647959287525225
1,7608687607969316	-2,5554062289513446
2,2692521506974392	-2,3823657368971745
2,785204143929983	0,3269380896128705
0,49708881979694125	2,8502112282396164
-0,2360312435344426	2,836089989355906
0,6364237805781674	0,6448992583904283
1,7224416166889807	1,2705539346667987
0,18478580178722825	3,1596366640239575
2,721700679747923	0,399746791867239
2,31626455536907	1,2222234592902166
-0,3687600109221436	2,629086891769569
3,020526762499718	1,0572235917818698
1,5769991962280487	2,293231782507434
1,7060985174635233	-2,8043035443223654
-0,05689293912085369	2,4591891885269086
-0,32340181745122687	3,026782699518988
1,5102141620540834	-2,9976124337554806
0,736842006334212	1,179004449121155
0,9931638989656383	-3,5126406300478665
1,9628593274250608	1,1070081842615218
1,5257013678017992	1,2539081387390532
2,0571196180687132	1,564186543791133
2,7448421932933993	0,7839580583099984
0,23150288320470847	-2,759597180979147
0,6232485629097434	2,983931964082439
1,4240988117741251	2,1661871580694316
-0,2120870040643399	-2,8934946204288865
2,544418080956382	0,2862717472816975
1,87002293950479	1,4961648342812275
1,6451818954245598	-3,1029328743886575
1,2228355872601648	2,6527522995601394
-0,08522590426100096	3,0762001591061354
2,8211224428609616	0,5142345776776328
0,823042980807164	1,4767537059657923
1,1577349185595807	-3,155216489393356
0,3770170775406833	3,4009771957711576
0,9987276440510023	-3,525592225359982
1,0347711809106475	3,0238902215508308
0,7078207109874128	-3,2883847077280817
0,15257540125975344	-2,2814391331778108
-0,06986181344988251	-2,353370650311041
3,1132852913230353	0,752853274466176
1,668496635376821	1,6728422446018196
2,369076712424623	1,2614492860751185
2,1683822468705873	1,4965323655059692
0,8792501225554448	-3,002247096911722
0,6188834657080242	-3,2238383851629595
1,1326334339649957	3,4063361404313617
0,43410648113968986	-3,4709800762384133
-0,6073450659800961	2,6569060092712107
0,4754306733288098	2,8756369149653502
-0,2545474268756531	2,7892597263798025
1,013932324955709	0,5662403432616558
1,900937806870788	2,851446789478869
0,1409326459918503	-3,10622833975228
2,020686562709414	1,1875721992971298
1,227469080788842	1,0624767290312356
0,8152715257478578	0,4543141909091718
0,7055563256996756	2,880446096576481
0,5591518024700028	1,0840800086213964
1,8653240188464157	2,2041182851733008
2,1425363673635918	1,4965355262727564
0,6421370177468759	0,6159377581332719
2,8071491421717223	0,565389291592352
0,3990505496671506	0,5742106664392596
-0,3175644840986447	2,7751979955910535
0,9229168723413813	1,1626130200894256
1,7130711825300144	-2,8428626391497014
-0,38167250284469234	2,658608924951639
1,5681431631568947	1,0886182340947508
1,5045629637125877	-3,1682195052818765
0,9745895509817247	-2,975902574547644
1,6104560773770513	-3,316641145792117
2,3261897400426514	1,4460303819257843
1,2447398294708685	-3,0162540745146083
1,1640423099678827	-3,100604586279358
0,825450266513504	3,117363284503226
1,8572058258195765	2,967013743673409
1,0917373093604925	1,6723304722695134
2,3514375388203614	1,0569387588711703
1,0272274916396003	-3,2313974266832624
1,4877734533321887	1,5433229889038398
1,7500964572112399	2,697593565777601
0,6507362202372355	-3,0393994426587034
-0,21578120956444524	2,5721022886697833
1,748216291402115	-2,981132016521667
2,142099456727374	-2,3463957455058178
1,6311833534515392	3,1635487929435957
1,2626106894317797	3,091363566122856
0,08775856752380562	2,5986877097047163
2,6780573656306723	0,9840978340850953
1,6474919678122275	2,8713921749187925
-0,5016089785067241	2,2397031415581012
0,8759945240764829	3,239631676117927
1,4286553634178696	2,9493709327371884
0,6546159775881026	1,0969513117365197
2,567920623189876	1,1340604761765558
1,0325848292994904	0,6993812978168771
2,5042294608572226	0,5144228318111418
1,6943538044697752	2,839233551837548
3,0530735472980814	0,7129454081774071
1,593044580783518	1,7483743947817245
1,7249638038306734	1,1737209931195898
2,6508836998707364	1,3192373240321926
2,0142802437348992	-2,531236292501931
0,592659711260708	-2,9628043913844797
0,44256686418981683	3,1794547886722535
2,448973123652532	0,817943332778145
3,0109444527337317	0,7589965665259347
0,9910222131441266	0,6931512927873797
0,8443322925091741	3,1571127397019954
-0,48221823304505373	2,9116708483118208
0,430139673928135	-2,642482066404204
0,658900984537296	-2,936657139065561
0,36159945729501897	-2,993247959672436
0,17674396335557785	-2,3086457888554373
1,4234471101275505	-2,939814008753335
1,1788008386762376	0,8879113174535439
1,338622934180672	2,6725528617784953
0,19524737683657478	-3,0344102574587906
-0,34348833429037473	3,0314234454590023
2,1204837366465696	-2,843071737510792
-0,049659508389332974	-2,469616145854189
1,951406524144901	1,120977873019962
1,7050938372186133	1,3277294491535914
2,030536407434815	-2,821505672262993
-0,3802727120131324	-2,3729085595758193
0,30443072928944226	3,361486879428874
0,8433202708874307	1,2741944025538026
1,0540046957208347	-3,1865084664557495
-0,38744006899772265	2,605077032373891
-0,12793012483141453	2,320241883471802
1,8766919071734676	1,071100917217282
2,5388604196612192	-2,0700084664788085
1,2250525921845505	0,8728688694568922
2,509261531919445	0,5726150961019915
0,7056866801313851	-3,302799461177657
1,2584572811714942	2,6844112642059477
-0,03576972271451917	3,1319112837211804
2,602047867199355	0,5833642675688174
0,19962297157106484	2,7716442665583196
1,7182005953800081	2,281028918268526
2,2006678116744594	-3,04845272485696
2,0350486554057587	1,5190020776455635
1,5339678050507344	-2,755933082917993
0,21164003335601844	-2,2409743631270667
1,678853582867879	1,1793935345937854
0,3185386075700847	0,4199952912576285
1,987801047269091	-3,1512947164837977
3,0331553059176413	0,703933141301073
0,21188772497602976	3,520624004713188
0,9987036712357139	-3,030218146345575
0,26955055665740774	2,9117489665057494
1,1374978445879598	1,1384267165310828
2,215303641447516	-2,917954322687871
0,8957922606724594	1,381486343474489
0,9890821607827084	1,0129263301499498
1,8335256896679344	-2,4120709155619346
2,047210876163082	1,7742425618894404
1,0710075811777893	-3,429161829382496
1,7279994974299764	-3,113374902034198
2,721951608344824	1,0298885501405461
-0,021702571824301353	-2,844609810573486
1,2926403353898093	3,2789552427619055
0,7429799971756772	-3,479765413194891
0,43758352619256824	-3,126943227686648
1,6482582235150203	-3,126990631915146
1,3692944720832028	3,188780242621714
2,777595829561859	0,6351013901495337
2,9282865177849278	0,6768392089649384
2,509233014150527	1,196612157336598
1,8379073001803266	-3,1529862900966448
2,671488952313683	0,6709236511274685
1,9430836826026767	-2,449775928763565
1,2535883466993232	2,9699026370957875
1,4708406198884443	3,035594028917441
0,3910349496972729	-2,695343325245687
2,204870293545425	-2,8799332219052367
0,47440322342520524	-3,0359288956771993
1,753777479349013	-3,4111654571082584
1,7283526166611995	1,2938492176795275
-0,17220280943714505	-2,2935880514687144
0,8621724404363134	-3,3991843796762593
2,9559974093573635	0,9316344379903869
1,6262841651634474	-2,7687187289151654
0,7226769295468773	0,8468965605415856
1,8605505771685475	2,729860727871227
2,1509964676339046	1,001930721599794
1,0704150500801661	1,3512429997353814
1,712272619154543	2,844259575817198
1,4274859283247772	1,604735073263059
2,528445456194623	1,0481535826513197
1,3564577189475595	-3,252286107645351
0,7336441265977559	3,290723017170768
0,9664984415076247	1,3057622662211568
2,17305159485911	-2,8802799901289196
-0,3245640266955815	2,3964261965899833
0,5592637271729444	0,7858633188698106
1,1330421207611057	0,9985420511027169
0,9492039911216522	0,45371704509976923
-0,08183881808555848	2,2588222581599973
0,6530135827727057	-3,322823974841458
-0,2555989341105209	-2,486885164734883
1,0433716496330847	0,6485321315929662
0,4312234934083373	-3,0111732378555
1,1594232119225838	1,4974446691825984
-0,000397550396545876	-2,6331632120328914
2,567029223139094	0,48423818598168833
2,8809237100408653	1,0358881521566987
0,7682853027101276	0,3810049490956668
0,6875487760371468	-3,1171222527786098
0,029028144873182393	2,990120440270448
-0,3692700144069718	-2,563362106095804
-0,6308270392518867	2,730603191792271
-0,10525507381740407	-2,4244252579530823
0,44043778276112133	-2,647053201456741
1,8470478515054087	-2,192986282631411
1,5937838686724366	2,165518790143287
-0,1779033877130921	2,3447309664334095
1,712131947734572	1,7893973186756014
1,3527794388585956	2,826158589449051
1,1992999223390948	1,2369622179905928
1,803682124460438	2,2678894524319317
-0,27902992804036675	2,6359494807379438
1,6698802995302011	2,952222737693221
1,929741566384724	1,2241491494831997
2,410613310723522	-2,0928218351557257
1,9460588942853339	2,47033358939574
1,671079821603134	2,685746550268825
0,9431102774284654	2,8806942583922006
2,874373609130979	0,4277959218361715
1,2651808336386812	2,8639021275030494
2,845504127904964	0,3719352819004831
-0,22303524290795584	2,145568584677322
0,04267970685440947	2,878051950088488
2,110523428949064	2,4507040573351375
2,2205770998853125	1,6271928658854824
1,1479203723734857	-3,19876246770397
2,0856169007827714	1,5941481244283477
2,2763735013945148	1,0207642727429633
-0,05232898485406601	-2,25824083760852
2,7648800937438365	0,4773202347443407
1,2432782952029562	-3,187784008428311
1,6646400457519537	1,3340997897802696
1,5837753432752701	2,4359394949863837
1,9670576353506173	2,770996327698209
1,2868972557533924	-2,9178108641081995
0,9081210106829344	0,646562737769224
1,0155575393384062	2,878538875499298
-0,2824668063008333	-2,3351336983572195
1,6898341702033046	2,3014815302000167
3,0995474632115116	0,9260015731148407
2,204886908345955	-3,084406754520526
1,9464978349677713	2,8227696726334637
0,32290954108613357	-2,72591590721072
1,0123534350497785	3,2305752207434573
3,1959600013334537	0,3396439634733921
2,3026198471077284	0,9668978757213399
0,6649136149132365	2,8862945988036195
1,8221221803527192	2,2156057278256305
2,266678896404155	-2,9785898587680917
2,4188498221529366	1,408999939547123
1,9533562899736516	-2,4553027633808395
2,3039951925062496	-2,644263866033498
-0,2703591010446996	2,300401463074115
2,284678336380467	1,159583734470584
0,06976831810644013	2,8688493233071504
2,1630373735171315	1,2932072269431696
1,480536799310935	2,33836858343743
1,1716023177956267	3,0575652207025623
1,4411510128986693	2,1695794610793366
0,39038105978468113	3,3858569917331724
1,9370377346854257	2,6694419616526925
0,6618833678453631	3,456965151575797
1,1284429353728074	1,0372431598876322
1,678908309676463	-2,7093883909485443
0,8990923693639008	3,415708926086604
2,853464185849905	0,5446790400152662
2,8916394574791346	1,1249081825274705
0,14567109282929447	3,086243639503113
1,3880117286511138	3,127832787765173
1,063916932378366	-3,389658609500703
0,8972942663856289	0,7210448912210496
2,076167664163426	1,1825348136291813
0,9851770325274936	1,0434013966932945
2,4506295584516637	-2,3079905770629012
-0,06514433369184491	3,269284208201186
0,08976932351259259	3,2631594416329666
2,043816866651084	1,3928533637111726
-0,3079093320312434	2,5647911020615908
0,20727139550313178	-3,366082337453334
2,2332185287042967	1,48719485960112
2,9144512110404364	1,0447433614244903
1,5029964359560435	1,4270769892462627
0,47039065807865676	0,45433965960821865
-0,6785003495841462	2,1860244140144247
1,1029169264951515	2,7234099573551145
2,3783869531079835	0,8691853786090427
-0,5688478520537563	2,9123736106013145
2,2830087656631917	-2,458444803322374
1,8119644994618982	2,702768877713648
0,5630339480850923	0,5555334532003927
2,9500124497628564	0,9027519499002715
2,997335704220447	0,6683434798345298
2,5997354767925756	1,1214303628431503
0,915537815784697	-3,354276314172053
0,16615405368093294	-2,4801727336735704
1,6752890110593268	1,2886310287485316
0,6691499687267617	0,9553861977652837
1,7489828960500364	2,493141799663531
1,3093845223693708	-3,5134877616362674
0,07188592718815623	-2,2839560442355658
1,1664494890543966	1,3093228940326012
3,0746132691946597	0,8991019436861536
1,252466289176736	3,2432093888482374
0,313552319973612	3,5389040783743457
2,0117243194456047	-2,206677288743431
1,3573331807052627	-3,097446170333693
1,8805589124825266	-2,7404700199461622
0,6221994559753878	-3,0817841591914767
2,8619443217557823	0,6645689591215544
2,9021165767500987	0,40975034252431214
0,9325710575489532	-3,1792148240339535
1,8482001984351646	-2,844499951734632
2,8760363686644075	1,1475498707114482
1,1004436077079913	3,3276654341027085
1,918523773769548	-2,1342476346750647
0,9022521128051797	1,3189309648071463
1,5368078499113538	3,0297189921666234
2,2239732776215133	-2,490794229068806
1,8498976906026878	-2,2614468173302273
0,8184411712473569	0,8304151892935098
0,28246773225888666	2,9831621742187244
-0,045923356189841	2,6681259127833314
1,5914317636333835	-2,7561484377237457
1,4343198075528094	-3,0369741409616573
1,9666854911965048	-2,6188931942771436
-0,2127498435141233	-2,863412230520101
0,9278970392094483	3,3506267782952706
0,3028445323319694	-3,2151907915519238
2,360902759712094	1,3244163033968839
0,680240881498348	-3,1419979611487685
1,337383059182991	3,2521356114764197
1,064740831493204	-3,1642653463500627
-0,5357449385586577	2,934585363868484
1,8668537156986944	1,711141709684194
1,8482723420104885	1,1425962635403346
2,830909068980923	0,8767757300193045
0,8853967248967087	0,7228683046572686
1,806816512628079	1,5514246569989854
0,24037738259535502	-3,348522139735456
2,7999267980171147	0,719316706758409
3,043303935739078	0,5742801113099976
2,005497097981659	2,312241650090656
0,602941585010574	-3,2701702923663194
1,1325258944165482	-3,127113356641409
-0,6483968623041365	2,7097600341854085
2,9869066107246405	0,6480693713810765
0,38109737301181396	2,8367082353564577
2,2599488051617938	-2,909624556146735
0,7151491076171141	2,9676301291660376
2,164559140822116	1,469967657517355
0,620669771484983	3,051805251113213
1,217977289646339	-3,6280804601931784
0,49445240637268606	0,7456247246376071
0,7206377892406559	0,9907763983011381
0,6382785591238848	-2,7751498886701906
1,1180119589828776	3,2775303973774412
-0,06614647562380394	-2,485823150969024
1,3139719155419614	-2,8832544641253475
0,35481150185354937	0,5832115927724968
2,461018964727402	0,49941460253510356
2,8290293914096694	0,8621269254043096
0,7673321351054321	0,7471009901566765
-0,012356139237188035	2,5608108555885516
1,5295016358044835	-2,7196154453361068
0,03914686487174235	-2,649252226128954
2,310413797326629	1,4223760807598294
1,7364626926482156	-2,657575973542242
0,9309384231228103	1,3012475972957667
1,6043441749191478	1,75985449686291
1,1155828754605914	3,336558601517228
0,30808783960549546	-2,774369960548082
0,18717938588634614	3,2355798494019674
1,0087153499077623	0,5391918845095616
-0,09314436185311581	2,5124412512359506
0,25898914654529953	2,9210078898112415
-0,5867208225881722	2,151360793297793
3,01054731374005	0,8060629142571311
0,31991416672973744	2,8691566628710836
-0,31058986512428954	-2,267094028910218
2,7052794131438103	0,7329103739850202
2,0899389770244285	-2,257795363525333
0,6823535783046581	0,39613747752787826
1,4186247137366919	3,216592824614323
0,8514230964756555	0,5848953029115322
1,1672437835736655	1,0925461663569263
0,18867620057879053	2,736978884129325
2,363860316498944	0,7880174015546095
3,0959638093275585	0,29032694397434644
-0,14638079104068136	2,853020427517813
0,9139434135198048	3,300651417322017
1,6150988177446775	1,2641415321251022
0,928302164858491	0,628482493833979
1,1851248117467423	-3,3360466317556554
-0,7486202465402958	2,4071539675099225
1,3278562128380886	1,6558734231645318
0,8932703637032262	-3,397783508958643
2,0521899417076113	2,218520462187933
1,4780307074658319	1,4835967051140344
0,9327615871791468	1,5745711125202733
0,48477965662480527	0,9095722524523939
1,6227751849434906	-2,9157460361745646
1,9512227398165123	2,440764767783056
2,3496340925285426	-2,1810585424878735
2,9102850380786247	0,7708242219432963
3,0265037605827123	0,2634220368369128
1,5619700132390153	2,7892180205340775
2,4476370507469447	0,6494993378830272
2,583114315344931	0,8343336661870667
-0,04611848509831162	-3,0640274598022508
1,8449448066286525	1,327006019208583
0,10637129935481648	3,062429911978436
0,9055260931193132	-3,171520939386312
-0,43552678072212325	2,712122294707978
0,3526845390479781	3,2075131703092143
1,8739099943656927	1,200976494616381
0,9934020352834372	2,9260035997669096
1,8483458751080741	-2,2938798817289343
1,5152678830748605	2,1838270278262315
0,8373463262625217	0,4095015838727804
2,411450748659866	1,3604357372684828
0,6031035161242286	-3,300064622601774
1,1149639470598776	1,3365522915137136
0,23735612575693832	3,2175180086981894
1,436398153121262	2,51442570046342
0,40941293867973005	0,7632028832225484
2,033665543540497	1,1072025720055234
1,4338337750758454	2,2791291655924257
1,5199627445605803	2,9219501162303265
-0,7295530689770786	2,15533986933963
2,1820227435260855	1,033537503039264
1,83056543675182	-2,5627085031152
1,619912109563159	-3,490152682234947
0,0002071289202799642	2,8427617480515446
1,821058525894407	-2,1289138311472464
2,2308258704561883	1,3097993198567925
2,253344207340341	1,624465564478734
1,5688321764818745	2,2937008634418166
-0,08803658446535179	3,303904861982808
2,0833582811402604	1,155290802370868
0,3612439636755015	2,857748013841131
0,728317074205137	1,1427870647328806
2,0261104406341848	-2,5412374000188906
0,4534940707235562	3,260513257934341
0,7175313850740233	1,2853322012368855
0,4606702289464558	-2,9652629477844803
1,5823738497889779	-3,421638505790861
0,9966173214293949	1,1168378120953733
0,6087028504335857	-2,8290595549198283
-0,17156191369690177	-2,3073625688536277
2,040010681018813	-2,3368849819856203
0,46543125931787444	0,787805833891752
1,052323169383162	-2,912683728411303
1,617041272352052	2,4229496093588265
0,05047450877776072	-2,537737554946601
3,060076497203461	0,3760596214959928
1,7750067150647677	-3,1753043683347046
2,458332855052986	0,5511014106039581
0,22109859816386568	3,235117019602839
1,8809712139071977	1,7345060484196677
-0,12519962203237123	2,3030513369946046
0,9396266044808816	0,8150160902309859
1,2917609147068254	3,460226409210713
1,7754421528925945	1,4135440625995843
-0,5177215434944185	2,820734491495931
0,9283238086433792	3,049043872585873
2,7194909524415354	0,4519173951453803
2,2217240665399665	1,190776458276539
1,7065332849772323	-2,8474480697483444
0,04579761882858979	3,0955759838101597
1,7653132713357964	-2,752293807448619
2,919922658107105	0,4213820415382117
2,268359863515471	1,684056626465622
2,278632474236942	1,0196495111360107
0,8575242007766389	0,8254230563346967
1,5594068517826005	2,694709836994547
0,5225825073767643	-3,2462108158321565
1,2921248850555163	-3,056312941075344
1,6212910649146122	3,0733954711581566
0,9306730231689287	-3,027140288102219
1,6348297366304356	-2,7252411143038877
2,234200557783709	1,0353185373283595
1,7924002396542447	-2,212744014321363
2,907807619707947	1,0531237444710757
0,1761075992306529	-2,5548898836978724
1,0566954128373107	1,4147401348930697
2,1253106315539356	-2,8390678290960816
-0,7600164013996302	2,411285207824075
2,211836330600071	1,1115399603884222
1,4220275089743886	2,7546626993884473
0,7332355311525044	3,325289149536874
-0,0410738709703552	2,5655867979111133
0,920509134964936	0,791753017056584
1,6900390221671535	2,5239280119001064
1,2902789260140681	1,0866660694582766
0,15231933823628396	-3,0187405169062655
1,4369563197462263	-2,824530382987902
1,5397920735318258	2,236746191701079
2,76506803216184	1,3204049285658481
0,5688685492106773	2,8617419154703296
0,17787013211290048	-2,240986632192486
0,5842216866658569	1,0327644400614695
1,8466116281071634	-2,131104120847007
1,4446154276573793	-3,0949092139710968
2,500298940723561	1,1267500705731601
2,0512958867922695	-2,135898268778285
1,2993820088515151	3,3704152514252916
2,515453527217036	-2,1303465841148648
1,7212306841682865	2,5369618306178237
1,5494807618143063	2,3543125972081307
0,4526572756322821	-2,828564224171999
2,3299919495416788	-2,5719143508653977
0,8362337234366615	0,5382691545998677
0,9591014059766225	-2,9878371739943055
1,4264235109542827	3,3267872904752753
2,404026128464048	1,368184829287527
2,416347908111339	-2,158650658392252
0,4719741350898492	3,251807712779712
1,61890685794447	2,4253420926063427
1,7234104253339182	2,5338791047828457
0,29711227187333067	-2,733067734679252
1,4412438576224826	-3,0779718604897797
-0,3414327808026023	-2,424388732187936
2,435993189740313	0,6232074854780896
1,3650486176478887	2,479526482523614
0,2783054231213865	-2,7803640282889903
2,1082991434820855	1,522707912940823
0,8967988615709017	1,0962432242235898
2,5181113476697323	0,8880538981027378
0,9248450799851791	3,1086033120529786
-0,15160127060801576	3,1556681716833292
2,237014118006555	1,611155237748625
2,4053479087601155	0,8129799104079787
0,701902365702133	-3,574765249174194
0,27112331629753234	2,908317853400877
1,3575984684681366	1,646657274809206
2,1442923503045157	-3,053933397344387
0,47905093108483776	-2,8795301412869008
1,2094663088725668	0,9336144310103291
2,5979692869841173	0,2921627414160723
1,2420363510052703	2,629674335322999
2,420720919415194	-2,107766880896192
2,0303052334196856	-2,777536818599273
0,6455138714763581	-2,793810561725391
0,35427884572517443	0,8244806704241914
0,7060452770850792	3,528144836357468
1,0839389892652553	1,2654128591373848
2,2625584069226767	1,6630269716369812
0,709216127090849	3,4707686873446786
0,9307784954771819	0,7482718460938806
1,163440611486172	0,910034875259451
0,21175495624615176	3,454609403293996
1,2052763783883529	-2,9689075447812914
-0,7527118852485526	2,4409922438372886
0,6811022754063861	3,2282169440375093
2,542470469704228	0,9448557015899217
2,06390669013789	2,3684627632919577
2,0320053995371246	-2,6352869019897835
2,078670400238749	1,179333302197344
1,3676568793066344	1,225670381901482
-0,4634601863558281	2,4549754801854453
0,8731863966030478	0,8952314301762987
1,372913709158106	1,5604861564945434
0,3702779088226912	-2,626968234738419
1,1009081728503598	-3,2130738132861465
0,8850151989282047	3,2184453820303833
0,568750525044549	3,3461575190283384
0,7794507942949078	3,079760199704206
1,9763450894750447	2,6682046270137367
0,3945279549241552	3,542862619948193
1,370468066062799	2,4085719047234098
2,3340347244289674	1,239701391142532
-0,14618372467225338	3,0421038051401674
1,5805819074836873	3,118745726721265
-0,5197866780642821	2,2115441078696674
1,429330703157528	-3,3602841914096215
0,8059317420880779	1,282917645918895
1,91967454326332	2,2370457997735294
0,37074275457680933	3,000659737403167
-0,11157876241990383	3,262685989778331
1,8306688176031953	1,1419353146749673
0,617889132905366	-2,97547285737021
2,2631320913834374	-2,6833083647065377
2,097480624784547	1,5489240428466498
2,0595785094172063	-2,272843184165558
0,660557081375739	3,3979535547550137
1,4578757907131372	2,910167688789974
-0,4115104531492435	2,469205482831014
-0,4003987122392916	3,149269739220615
0,3493342990799432	-2,6590156250995216
0,7560977443961843	0,5039033381652531
1,5730736484392567	-3,300775169842898
1,0157016929707192	3,2077660269532333
-0,052696726194564114	-3,081419818868612
1,410781877687851	1,08826760963597
0,06501404066764838	2,6430812773421053
1,435010918401275	3,2583468514151663
0,6361905516581626	-3,315675230526046
1,7303730072161434	1,3974816740717773
2,561195964642428	1,3967313612550067
1,079019650974565	0,8599437665005105
0,9198755323924185	1,1675932032114713
0,21643603567413772	2,960083151126395
1,3632615668874215	3,214502103229731
0,8724446465749833	0,6919718285992675
-0,17448694096229334	2,2398062963949856
1,2953101380125194	1,2256169740228098
1,7578768883597529	2,1211813133820527
0,09248004942991084	2,9043850088446512
1,0696916186081893	0,9400360972794951
1,9358657212742623	1,6624264823669266
0,1358937425342509	3,3538314892983223
1,5026529035612617	-3,4822118636565365
0,5859651987979453	0,9922297894600932
1,6406790528523074	-2,712090698757961
1,8695725376267034	-3,1506685100970664
0,7154286520306453	3,2673301403115107
1,5084759381613642	-3,1273719305907512
-0,11581359446647166	2,936193989385589
0,4620388799330183	3,549749170350022
1,9848444302235282	1,0472317748387696
-0,30388487570769596	-2,5011836851637343
1,4220279255399955	1,3035599242101354
1,8468727913759535	-3,2378703982518564
2,0040266305663597	-3,1742026986789513
0,5430896328761019	0,9370870539807999
2,0127665748798473	-2,4296989441254153
0,35071967267927406	0,40800897014121634
2,335699746503315	0,9382705836096145
0,5528303893517581	1,2291615590425657
-0,26596089395192346	3,0919419427456254
0,9812850952376071	1,2471444360699508
0,7998300944031016	0,5109246658155906
2,638390886293898	1,0113118696849996
1,3748980742287984	2,727014256185992
1,5660528578096042	2,692898738980829
1,26557810928183	1,1051530849612585
1,1288113436771796	1,0571026891405093
2,8966596383768426	0,5879262989825862
2,7218979497515616	0,5454434731596056
1,1177608186592605	1,251203145750023
0,034996074229122875	-3,0134518719896457
1,7537225702334656	-3,198432440757165
2,0895296239482524	2,5519336251019733
2,1776282154388165	0,9514044864118018
0,5563464940668573	-3,2429144655946835
-0,15080810296446567	-2,9838018991287942
2,5528033161838657	0,4789398683093109
1,6076979700059568	2,420625119218112
-0,21300948990917612	-2,2493626860874674
2,3998074445143533	-2,1763973885357233
0,7919822116279005	0,7081610627568251
1,94797546654799	1,6420275541351281
1,626783228659833	-2,795862443067392
-0,2874799567329571	2,2708611810355634
0,909541996786376	0,603549615305405
0,7696013993996185	0,8803786850345316
2,125042568096619	1,0408266044331196
0,48888580186286656	-2,70796878554491
1,309580658527465	3,0883974950372646
2,463428383912662	-2,3456005109806286
1,108182617663743	-3,4903216769525773
2,4439033115578894	1,5862195326123862
0,5061222476335558	0,9666729351812959
-0,15466183074363837	2,8609200573596754
1,6215276232827083	1,557259553235747
1,1466549343098962	3,013939178784523
0,12916813466362476	-2,5927426078363727
0,621467858297956	-3,19466800907123
1,0947106356434722	1,3991709015159337
1,5387629493864976	1,5254918011662026
1,3009742844639762	-3,29088816673365
2,693613471862406	0,39874027531178563
0,9827255249741785	-3,568426182689204
-0,6243423108413939	2,5161605569954695
3,1011198428001268	0,6211308193020388
2,375153049792964	0,9880091063637864
0,876941997959686	1,2930786948577535
1,315813816931318	-2,8948963500777527
0,6620562735330595	1,1977206218653094
-0,5560981715191393	2,371822090197929
0,6562628895299507	2,9102871702318893
1,7499708369319849	1,6716455098139105
0,7185447195421579	3,420417797510496
0,8288667323869672	-3,392038327674147
2,540734379770954	-2,231850236680558
0,1037718991716744	-3,1898177186951817
1,5403290131272107	2,732223984070175
1,1785226119070211	1,2728964200434156
1,2433669750935055	1,0247851577946774
2,1685476833158694	0,9739974780077253
0,6646444184466586	-3,4716953311665057
2,1759079923262536	-2,875743893045588
2,105780378182715	1,1564511511563147
1,7943282227947677	-2,38754907018682
1,899886622739192	2,53859528113516
0,6122844438260576	2,9104575569393756
1,1524499892394864	0,9372798829801925
0,049286713214282796	3,3549665319688673
-0,4061119362503762	-2,3859675682625854
-0,693135196662686	2,7240228225240477
0,6271235088560014	-2,779496369240409
1,1458240635492682	3,286576662878576
1,9956826900567228	-2,662842053439581
1,4793335384837278	-2,808704199601547
1,561120279711476	2,568914714927774
1,5618896671249871	2,8682006580548705
2,2071833316116147	1,7322334534826298
0,5209960690676824	-3,2009603166582488
2,172488325255598	-2,678779193788409
1,8709647636781617	1,5244424616454197
0,371569878367765	3,5509393895745953
3,0426397539651493	0,42851399919451694
1,1777635520947483	3,1897456682335177
2,403721942848237	1,6546192617752558
1,236592574648752	-3,0519178456904665
1,6555214933174007	2,1967940149854224
0,9086347048675342	3,248929736253137
0,5036890470047659	3,400732817508107
1,4685727285528283	2,7020248101871625
2,0608547028394275	1,0851539485121733
1,680474171989105	1,3048869825241207
0,14387809776919502	2,666584882528376
1,9403691651684911	2,71837702595591
1,330232316378325	2,5057880502053407
1,2449500277693768	2,6329474930609145
-0,03583457790646949	-2,749078796028802
1,5427959187336882	-4,3330190455538835
0,4879946430669516	2,974701802943562
-0,20614176986894617	2,217716532711027
-0,1307149509471568	-2,503498794051371
1,7954552417795968	-2,1038319271221244
-0,07654234424039807	-2,734450998755177
-0,7518332317295833	2,240842892688493
0,9388145211150275	-2,9577921986598144
0,4230001161459268	2,900467995235317
1,5133772892702346	-3,2474950445112922
2,089343917034684	1,7038032984668947
0,3043500083168702	2,772512921079972
0,6845707372045777	-3,562652802650414
2,686066505879235	1,2485237332091135
0,641128917053291	-2,846238205778721
-0,40616479672175765	3,0684905966097653
1,9721166180370453	-2,8485881019954387
1,5921115178623462	2,166730128529486
1,650199120854655	-3,079890455807641
0,5589608334559961	0,7505743573629546
0,22295979444697334	-3,0226222000669525
2,9970664811118732	1,094021841895053
0,4861191469859276	-3,2030790703626977
2,170898114160845	-2,2820381757979273
0,8951174967297051	2,930642520278461
1,1370581737767917	2,7194940913438623
0,09756991346884525	2,9556398041360734
2,361792263771945	1,1147227074444128
-0,18146598469254682	-2,268660503629601
1,378024161834519	1,6427467398853113
1,2090652578113277	-3,009174065400927
2,0697732635802772	-2,557301976511592
1,9439036959651963	2,2278831433126487
0,4343005540833407	2,8579112456945612
1,4502269671312638	2,1800141127979136
-0,031914977502909725	-2,9049428732704357
2,0137493784091873	-2,3480542265816085
0,03821244451684036	-3,1616655542992964
0,07398311853417383	-2,644509017284846
1,9097760875196514	-2,26330178545043
2,384172034799927	0,8458499210352357
0,9887503571844112	-3,5010936478781733
0,8329905764373665	1,3033219055116212
0,6515084668660025	2,961088044910969
2,2657286239619125	-2,2204198542457783
-0,6045061881756384	2,829169107748724
2,7253491995071593	1,0791754105610551
0,38636814614479176	2,8923678770743426
0,9475872500960656	3,119459470051556
2,0626205816144987	-2,528194215946593
3,001478831072183	1,016557348040115
2,431177894846991	-2,599090451722779
1,3754282211284954	1,0550732957306037
1,0204265045968517	-3,574193345092761
1,938741967669646	-2,5531551212800316
1,996723497228265	2,242694059666031
-0,1975877855280771	2,562157423915063
1,8451652644589487	-2,6607287902174876
0,38854185905020666	3,3715122472227046
0,9096746297628235	3,0800968811229987
1,703858920067799	1,445568864869062
-0,15533661331227866	-2,5398223257015866
2,939512293148156	0,31274141609193296
-0,5550991250334971	2,2378011972592784
1,9684100616296072	-2,6701089128936184
0,009158448290148558	-2,8225509447197017
1,1807918233927952	-2,931718042536598
-0,26591018134618294	2,6435573072737304
1,673307827804188	1,510999143398551
1,3432918373067377	1,295242680093288
1,5506351982462554	1,5066130200702768
1,5171978326476476	1,1591675100618328
0,9659421512276136	-2,9709169131884505
1,2266829767186656	1,6553388469802899
0,999143174746606	3,173624656113826
-0,014738021520546152	2,6528523328399762
2,729499579355883	1,4015363062935053
-0,217565763142054	-2,6995435957562646
1,3279932267270897	2,9842311036819082
-0,009722080407309375	2,968617439762497
1,651502519041443	-2,7575153715227345
2,1470765836052212	-2,2717573076286026
1,4855159927017505	-3,4895914975085507
2,1625729180421303	1,2394878034159307
2,3987389064079183	1,5174802541779273
1,789650289702499	-2,2565487289751824
0,47977387670818383	-3,156169007297125
0,1476313921088993	-3,1973257575653786
1,9287414905241222	-2,6562854221368637
-0,09014852921519001	2,7795134241768222
1,575464291015856	1,3695947305783487
1,1612425122512333	-3,5276770269696858
-0,02904232304895471	-2,610775128773006
1,355718731526454	3,1060948274245463
1,4829576236645274	3,086082733278471
1,113118195504305	1,2799288391270545
0,8510914763867823	-3,284791231773071
0,46564817725954044	-2,97444954266656
2,232012013114524	-2,6864831576349664
1,9638055217688457	-2,427853205167654
2,507778555879997	1,5707626827567507
1,7048375951372228	-2,7650722601464053
1,317313242554405	2,6616972166932245
1,9796053040136232	2,2296812321608495
1,214801770538821	1,4664390580055122
0,6578957916004513	0,7608600216067123
1,9495907652558406	-2,606159423995149
0,40790792793604624	-3,379760350297931
0,008770339750708844	2,7696107201071305
0,9943112354591408	-3,288595197175182
2,5807166419606515	1,0672754676218528
2,1066574042078656	-2,21701398611329
1,6808927537066138	-2,6410839730707982
2,488981212489049	0,41544226785775956
2,237505627806314	1,1499861689889266
0,6362389421046402	3,3027841112982714
0,44033388461256107	-2,6340253000441827
-0,2904715716077595	2,5648606121072124
-0,16965155965930456	3,0143568102335667
1,7107257576276134	2,308908757715272
1,8310740378883326	-2,9653831277865628
1,719431291420547	-3,4471509099209694
1,4750342124843723	2,545605330222292
-0,1912732369999991	2,925842504667284
-0,2245719079779045	2,912680534316129
2,5828533860150813	0,36669572411651996
2,944026867014241	1,04731952098112
1,2000771750852597	-2,9183877740857946
0,20452612682057103	-2,5738665828676734
2,3210523405627055	1,1809633957459744
1,0132993573553348	1,3675762282028983
1,1279887353077325	-3,6014209035868214
2,200531640306498	1,1811645068374719
-0,026555830054031504	3,0158499127978704
1,147872556440618	1,44920401826383
2,818631738808507	0,31974363359861446
-0,174627286154446	2,565813939491311
1,755944739563896	-2,9500712377776876
-0,5789809212555599	2,16377387335724
2,2077176202231086	-3,0562892612784234
0,8531581751617968	3,221307422985475
1,3138899987810668	-3,06350752402828
2,0039339845687167	-3,2851143513271133
1,4827022367639167	3,0717687970985486
1,2574426733758997	2,6923213022176506
2,383698679430706	1,1390360096269745
1,0975259943929858	1,3160338677707097
2,115402563371765	2,192390931116144
3,1613375786274553	0,44120102797072824
1,5065985536161346	3,0969156894194527
1,0587396005771081	0,831340926651692
0,41934828486239994	3,4268620764009583
1,1539227338770854	1,0349753347070632
-0,3625954073993014	2,3602289667149767
0,4869715896613457	3,2555351224565827
-0,03368787004826568	-2,70341121047506
2,047076901041744	1,7222160543929512
2,2197756521853726	-3,0238284555788915
0,6004803403005952	-3,5046526884603177
0,604146640194348	0,8315262002583549
2,4685665365627436	-2,043747044672362
0,17329340212332434	-2,865129812072058
2,32934589133525	1,0431089226058607
1,0090935137663735	2,891414227342752
2,5463981155466886	1,423831931774076
2,7524171325253164	1,40847033751625
0,48422525699956076	3,294811532896121
1,0472635287048657	0,8868863354640608
0,6296053553358715	-3,1457023907206607
1,08880386461362	3,0692646466937825
1,1666712662829843	2,8427209757283523
1,121763646836843	2,8642464294149077
1,66542178662427	2,3692145507943665
0,930282024425681	0,7868708555027635
1,847167730932627	2,6307761728002346
1,1758237438166241	-3,0757927196603343
0,9752513183959867	0,5132055924915935
-0,4307492131508939	-2,41590306650838
0,6001542235613054	3,2905467440820306
1,525323925319702	-2,7709201067057116
0,9745307680178545	-2,9202090562460348
1,7810480975369927	1,4729229621429256
1,8257207207829107	-2,5620799371264
0,7320357703770912	-3,2007264448135446
1,1661679207531241	-3,445297126101832
0,7577571939613293	-3,4167190392829054
2,7095686773488605	0,6267124959413906
3,099889228101404	0,37225020558711036
1,7975743135905295	-2,745770174710767
-0,47641484081883956	2,962220913511125
0,856989363162695	-2,8907567526884406
1,0932986606861288	-2,91633955404854
1,2524517466498555	-2,972536237993235
1,6003164984671212	1,1159626725743328
1,7085178541159258	2,5980982168342885
0,3592910270323081	-3,0287396426275643
1,872396564081937	-2,6422719266057326
2,502332787252284	-2,2014808955626792
0,1885725340070612	-2,3688883158115797
1,8710058315088172	-2,8446432883052504
1,6880352009925546	1,205839238022779
1,4403094934244591	-3,1450490828379114
1,5681857772488592	3,1136712217214675
0,6182385314092108	3,164974638780964
0,5620779765578524	3,079403778297386
-0,730223953059052	2,5667811738558717
0,7568301933440572	0,5186957457934951
1,5660489965157969	3,101504872080145
1,6495341651995494	1,25473816520958
0,6060887666652859	-2,897929377783479
2,318925671185757	-2,63608551765085
1,5171875811927578	2,6802288322857724
2,8758534175481363	1,1662471325124761
-0,24549943980357858	-2,4910781385204457
1,8984181611900837	2,37743972412379
0,9779324099550712	3,1879497153752885
0,44603731655565493	-2,9434738240860074
1,9249927041730563	-3,2449173103195315
-0,16845594465018965	-2,310643615698029
1,4134032118746922	1,646516872465229
1,5731809520264712	-3,1507019829527843
1,410188927955208	-3,1474498901993666
1,8082560696802146	-3,077869763183799
1,6633315691077373	2,4478157495596093
2,25178828250428	1,1547754116688878
0,8348551363847133	0,45034319936059525
0,7100481555657384	-3,0006036053496152
2,0833103360227043	1,69468940720354
2,787385645865438	0,8485411582851209
1,6633658609146753	2,840711927027363
2,0510172875011072	2,5000329521375706
0,3156144853322793	-3,4000451659833617
-0,4127106789170323	2,2044335071450383
-0,5569760683738949	2,838259077428885
1,068399050876867	1,019046763311216
1,174291081867254	0,8917212290601444
-0,31263651463575715	3,082772240212572
1,477399358530362	-3,4080958158303414
1,1129155481624844	-3,1531018995650775
3,063046330722316	0,536837715844352
2,121454445879364	0,9933009751679848
0,8499628110060078	3,3264799133893312
0,36471849909617093	0,3808137095121779
1,4673227774599926	1,7824391467258893
1,7958587314834693	2,500629739155425
1,3590508298738633	2,752587908294343
2,3829270477938103	1,2014434493499029
-0,26700607460242376	2,658311631421948
0,030337147486987126	-3,184087910052921
1,5601455745602348	-3,233253911277982
-0,32032603861337894	3,1375580435254102
3,0351221684034657	0,9132537085287908
1,9023512300555327	-2,1801827803314944
0,15271655110243354	2,979030037879304
1,6731707080147449	-2,933953210915989
0,982685706464224	-3,161343530675441
1,5871295018027407	2,589279011190315
1,7421216237124115	1,3300168033230315
2,1635487107138722	-2,1565158264173636
2,026435195793119	2,6570291732612934
1,3372073287604858	1,0707274144396983
1,9485711646280217	1,6533127278558664
2,6348264193349156	1,219983838405355
2,3635575531827677	1,1245627113302006
0,09468360056352032	3,0783813244249494
0,8366272998959751	3,237999691021641
2,548710008307067	1,5643090443521204
-0,43589507363098945	2,5504428394438747
2,2592012241622026	-2,4861488292335205
1,8008229460747935	-3,2164321657497843
0,7584666621717473	2,92773292494995
0,571056150062294	-3,3397712617650517
2,7577917480840357	0,9135275297926501
1,9735974684118038	-2,515464161131286
2,353292843503707	-2,3434149154832205
0,7392045520405417	-2,883697454235823
0,9555319023651618	0,5707805670307087
1,0858238686003912	1,4158147424684078
2,397111127826278	-2,7169862281094614
1,77421077688417	-2,4123923749865552
2,931085253874955	1,1001645721947657
1,6449800078645556	1,174883311303226
2,088403937209145	-2,204499493945001
1,9884908502857765	1,1897616543763458
1,1699857980817678	2,795301000929647
2,4912544770606857	0,36137756399216314
0,8262772502022577	-3,3548328184795
-0,583269513255336	2,1734078759177438
1,0084749008484195	3,5396695653982375
0,7296741639473675	3,5141827605380476
3,0350486275617996	0,8009055202332216
1,6365046115896533	1,6008756243442068
0,7093589033098514	3,1751161207572247
0,28647215308891116	-2,376080724873633
2,6319967745927837	0,8421051742198424
0,6931027495193853	-3,6015350999576876
1,1880666515183749	-3,01088227027411
-0,012409279000000328	-2,83073623952775
2,7769352041393134	0,44694324313364975
1,4455156817996162	1,4516426040163735
1,2532680677206527	2,9764420907722213
-0,19308072868408477	2,9335181858679378
0,5019912250954138	-3,0416233953114467
0,9046362887200641	-3,3334110218314503
0,14725217106165323	-2,9611490272693874
0,6092473813710972	0,7125237269685857
1,3875398670048416	2,4809831502537762
1,5667789136980899	-3,273464069398858
0,18771157617302647	-3,157896906283887
2,676599757074041	1,2035913042086368
1,7884312704590009	2,8782403966376697
1,1279160071865173	-3,5340824359363596
2,0038096137150574	1,511463862436505
0,2107497214459627	2,9380842457794767
-0,14862260117534998	2,1254399636218198
2,3863028768354546	1,1724706291366587
1,3271516807580908	3,0821253178988375
1,0648296357707157	0,8521445434242532
1,9859595229517273	-2,192517095322551
0,07881376010362107	-2,2933582258032894
2,162144597448525	-2,9260151880233756
0,9452704755161957	0,5985366330582429
1,0846393469561306	1,006315334618042
1,7487986791614043	-2,944980058684724
0,27149823373476323	-2,543539402468584
2,9450457111602457	0,7002117069650737
-0,13715654874294048	3,0848057128574564
-0,12436805879268353	2,9889558952779547
1,665325757864423	3,108187476852344
1,4793754700176311	1,4198960718787428
1,6669893352063339	-2,5889189707455182
1,6540642609916412	-3,328081206498578
0,7564218752545026	-2,892761481214369
2,3081396261137375	-2,7982633653485633
2,2294136835069893	1,1007065174833999
2,246758147155873	-2,8341073783597492
-0,10117358815387667	2,7634123287243932
1,329382313753568	1,760414366029185
2,4628986413827274	-2,2074104067499847
1,1343374959054904	1,6913162311795316
1,5177714941454226	-2,9273327130031177
1,3548877679948619	1,6756878647748554
1,5780790002764855	-3,2007666663151255
2,032582389051025	-2,350776802294647
1,9155351864713064	1,1751056143117906
0,9474045142243891	0,8866038759546202
1,1586798157328821	3,150710364607728
1,2807317285484117	2,5812486624290036
0,54219391933687	-3,5455288789552104
1,928336194723701	2,119409355254813
2,845253270143736	1,3063758740112912
0,8496299266839892	0,37596155218812793
1,5052351183728845	1,3963320170466231
2,114006487283313	1,6768251760688373
2,855291910665954	1,0928642937071784
1,372264262872732	3,266905061098834
2,918707423389904	0,7172643022860578
1,469849423326484	-3,273516131417175
1,979203470122887	-2,1560564110193114
1,706543930266843	-2,660340845845012
1,150462319558385	-3,434858547398139
1,8717285115803497	1,742903020604991
1,564185399165917	2,7225472229219054
-0,2458167017120998	-2,7942084261877205
2,089478579583927	-2,7934550207771522
-0,5913839943652979	2,5797674456233493
0,25568339956447506	-2,5747231873933796
1,287968630439309	2,6600631938669466
-0,3282883289586165	2,4474143386230947
1,7601606500338687	-3,2382167299579283
0,9316527448953791	1,5595373403076565
0,4908449806901174	0,7582723363785343
1,6458773304254608	2,3404250825586335
-0,309217719750999	2,363531839948842
0,8872988788576811	0,8870491845142847
1,5686159990319406	1,0515073262920518
1,5745571618931167	-2,83512944098559
1,408690717246127	1,0662873832585409
1,368357959253621	1,1220268497983845
0,29433735422321883	-3,095687901775265
0,7890656784308787	-3,204377085615352
0,010013549911517483	2,7557946868560954
0,6389843641577948	-2,79124489020199
1,4198519936782714	3,1570656204647918
1,3454999973810085	2,672510251741408
1,832094095031648	1,0777242958731383
0,08421401242530457	2,61710034664933
2,4058951280960095	1,291691404025182
2,0627750214606166	2,4492541861539228
0,8180751134549875	3,2125201462379325
0,2649396902118909	-2,2827805464760296
0,6893905117891008	0,8431060583180742
1,0105460569498221	-3,3430014110215804
-0,5296469147353318	2,3208277704952422
0,2128800849130531	-2,360963774372192
2,215083158396262	-2,79339284403314
0,22313792021763246	-3,2738259155986755
1,2028170838024645	3,0253906953907754
1,4497290128330063	3,0376147073451696
0,21992412992047083	-2,359121288180663
1,7795787090195891	2,4175903908268657
0,603799252647876	3,6012725464687882
1,9374542852085328	2,4742129053495128
2,6812619092649026	0,8446845128396555
1,8929096440917523	2,3340749820437763
2,2986337325203383	0,9360192937765762
2,837369511175898	1,282493542353427
1,6808879761865627	2,1460396495895626
0,6776602371109505	2,889803618621012
2,4292936448875566	1,4716836923850865
0,3576082571533681	-3,2918446781376507
0,17032333199950767	-2,583561293967088
0,12970730934509955	3,39798759972675
0,4101138465462725	-2,963180168911611
1,6401522371421746	3,1504240191311217
0,5751893089635631	1,0289713592595209
1,600982637135579	-2,6847761358054694
0,4633006378210647	0,42584861707364513
0,8898276458379241	0,4182529976987232
0,5194889779122445	0,5884118730272062
0,9245340738924771	1,0105756331546911
0,21137293720810946	-2,6098189038387107
2,069193119979757	-2,7585638699796657
0,9373001219141767	0,895545270494871
0,16707981415133655	3,030385641503279
0,03912530039578366	3,2106565491981844
0,537938446807886	-2,891054626869451
1,1929890703290686	2,6870509438691403
0,010494502723588983	2,8311787557749883
0,073792255970615	2,6583443827901254
0,4159962061984058	3,4996162587150534
1,2976421088104542	-2,8794638872005978
0,15103781771185953	-2,9254700479323805
0,9599430920159266	0,8802220742686038
-0,5024121080881794	2,1349805769606442
1,37439007117651	-3,2427384502500636
0,5968798864176925	-2,8797515944856893
2,325165341914242	0,8277580103912617
0,9494399464599687	0,9617020857486867
0,6056932439721978	3,2322218495541586
1,9355869761504576	1,1789782865616327
-0,2801531700235773	-2,8004120858020167
1,7763763680162472	1,3692220649839857
0,06791830087091255	3,0788201070665333
1,8255507495271472	1,3134218012758205
0,8932280736970195	2,8563566937512106
3,0452522784317946	0,5494015181669396
-0,35912228228121257	-2,4778262332880985
0,9720257220830766	1,3303298942524362
-0,3222504378614599	-2,3532464631858647
0,9950931395278115	-2,97731155533826
1,2063416913418439	1,6642459579469946
0,6856434495209993	0,879853029590208
1,6067884169099833	-3,1463457476360723
0,3510937020253204	0,849063757251495
1,7129898964428039	-3,2544059835956545
1,635315331024898	-3,1827179629442925
2,5708344446652323	1,451460635064536
1,9072653690690133	-3,364134355332256
0,9792281709167215	0,8858549724156941
2,4241629728422254	0,9926663269783448
1,5482120069186314	1,6907788183337886
-0,5828617432391328	2,2284334028978985
1,0326082602835456	0,9649074990184162
1,8830860192600174	2,798979428429246
1,4702151226214724	2,9415963410066173
0,41246321024392907	3,1533990981786797
2,773687129098988	0,4011865189736586
2,066188713205382	-2,998830209195554
0,9486605193879218	1,4067060105686822
2,0822176627367632	-2,154903237439552
0,5885155211450896	3,025580523545563
0,39445765927653076	-2,665097548790442
2,441681039859969	1,0923497389357881
1,202989368190394	2,6649223013204395
3,173635457917336	0,5222898259516093
0,8738896954225119	-2,943406505738541
2,086217117460458	-2,42827986895625
0,3115473714982287	3,092635556414569
0,7040050754816691	0,3962216679489974
1,8042427057404633	1,7245107421146082
2,6783419760550458	0,5937814419208409
0,49682961207622045	-2,880522874463531
3,1704467604021125	0,4794210125198102
2,8218274461454773	1,0934874160919432
1,4536966102548723	-3,414607076645294
-0,5705364652341118	2,874424057656569
1,936000334089881	-3,276669796631901
-0,1384250632687638	-3,0292578156403813
-0,45597739619511457	2,925630990700421
1,5310049750266466	-2,8008692395037347
0,15847246455416963	-2,367569144201717
-0,09151124557265633	3,251911388343827
-0,19556514459287933	2,738077729709052
0,4768397465756069	0,4928018228945252
1,4262965223099213	-2,8990743943330397
1,4715076472507986	1,3469242247736386
2,851851287093478	1,3075220950809725
0,757530554170707	1,2198710141699944
2,4845516780785255	1,377151589619332
0,30782786412500945	3,3734138575278907
2,6001537419572927	0,8641355504214524
1,6787693620966173	2,4517069035274686
1,1093051457638525	2,733741222068193
1,7360846773161025	1,8173055778756493
2,1908909901431617	0,9515058231550417
-0,13755344071686038	3,311558182228705
2,907346246410314	0,30001952895076156
0,8868061181038897	3,1826923600869312
2,718079115492217	0,8717272970780406
1,4899775371831618	1,4417948390269604
0,8124633772404334	0,46518142655982364
0,3574723317050832	2,9915910298258623
1,9479358697681122	1,3118663722458004
0,9261487597804681	1,1730158479056574
-0,5366599562702292	2,868128429946815
1,4156745289064832	3,343286303167441
1,0759041833050484	-3,2411149506542687
2,517551419228001	-2,322071186615905
1,1735226269963037	-3,345617474057573
1,4867832586865561	-2,802512227575416
1,3617861272451406	1,1617916659478533
1,042645801167097	3,0301097776811665
1,4261958913909432	-3,333113824634169
1,0889485771018037	-3,032144687065203
2,494207597686874	-2,0344509797076014
0,8834713944134566	0,9278482183183214
2,010567784210461	-3,036180219047308
0,7692192622453573	0,8982724154825076
1,7755418589588392	-2,373517689363543
1,5916987165902148	-3,3183700729520025
0,16859480078920297	-2,311199600788808
-0,6091778029241679	2,562707288726158
0,384333034540008	0,7095729250646943
1,5454718628053163	1,4513643966484446
1,6305897870344597	3,1625490341747593
1,6204671109855187	1,070014203709905
1,2145458853838753	2,63918987015236
-0,06525305356187383	-2,4359836880298698
0,4900485238714446	-2,8409994622746106
-0,016262102987678828	-2,8620606494998406
1,7665316959853865	2,3061192695304005
0,8809560852310281	0,5377917164142341
2,1879591650266565	-2,7090587848581773
0,8135791631754752	1,018994993397723
0,1945234967448043	2,945105000589683
1,3530294129617944	2,8527675972358573
0,0688693886973959	-2,3865405907124377
-0,48883712592618633	2,1779094676942443
0,49247090303247787	0,5561528757706476
-0,0917534786838865	-2,8755036287742195
1,7763777232301228	1,4672650913258636
-0,3241508728842071	2,7807559986355805
1,5034103372973937	1,1152478556310261
-0,0998059968663696	3,0039828530406916
1,9247613480042882	-2,847304371116465
0,6967402392550742	3,262475544422384
1,362434337702896	-3,590225623817732
1,2635233273019786	-3,3368171735526464
1,00132446329486	3,3070861610523963
1,6439400894669025	1,8093971655386867
0,5334789834310976	0,5951792743546229
-0,48973074057953037	2,7103325594843857
0,15229252639058355	-2,5190340209468816
0,48090823480245504	-2,78654642069974
2,326159624964303	-2,8620501728133694
0,28928446069282143	-2,546514484954773
-0,35638520141927454	2,8732474733700046
-0,03450192360576432	3,123773567206192
1,426047745078242	-3,33021029710833
0,8473678435788518	-3,1385686058394495
1,1750260384850586	3,2401600337875562
-0,520943551236966	2,6944273441172104
1,4658690736659328	2,1582610640866657
1,8703094400146185	2,459506428066679
0,04345109297956218	-2,4276208184784043
2,977411126209038	0,36024168983007027
1,4788638035415747	2,695629720016323
1,8122873353933264	3,005026299768139
1,7680806868036207	2,3759927395015303
0,890340874235697	0,5115796682554088
1,0410318099224976	1,0792005183898574
0,724319819018336	0,7329142359649041
1,5024646606838619	2,4702169679799626
0,5806575445915028	-3,315431117783876
1,5055764805798661	1,2227786080595835
3,085360518709341	0,33560358373053767
-0,2603689331808303	-2,340816766476202
0,0009791630460429523	-2,539197861472471
1,2981638409930873	2,5201732704386672
0,6792916302169532	0,47585867593675946
1,090653804104961	-3,1231460891312866
1,5488298365403304	-2,9937091049650664
0,8921375348896536	0,7034378649321769
1,5863464340061668	3,0408092824609767
2,602306024029792	1,4234505413790148
1,1388816874042735	-3,20363410567282
0,7693939632934395	3,250340356900015
0,2914977685348935	-2,3559014184654608
0,4211773399626699	0,7004118458494815
0,5258381892947033	3,07162452541126
0,036375108111284415	3,277604196137908
2,848048535596474	1,2370936940856874
0,25376929096602296	-2,8326751771848238
1,9191454652471651	2,44616804300011
-0,04920922613895817	2,8306056524587295
-0,26059036428483817	2,4129853074610197
0,49344852300060105	-3,3449497664925856
1,7291406931014486	1,5358714079496787
1,978270233962394	-2,4087428657813903
0,24417486615947026	2,901064162982644
-0,5628280312230614	2,878761052670085
1,8969900414375112	2,873232383572659
2,0686379711721186	-2,3766826013761255
2,4522205941480753	1,523178137032504
2,413678604747686	1,1296761148915517
1,3429460321846471	-3,422428037924736
2,6875781477306826	0,4681141008343419
0,7742505758787825	3,1351504330392883
0,4968368600185963	3,4361036644980016
1,8272781869964065	1,462201589476415
1,3446263774367884	-3,263432553012824
1,5073858747529005	2,3138504521452865
0,9333723438667655	1,4592565042928034
2,864193077849885	0,6544557178148471
1,179548737838982	1,1359837630456533
0,8745991014176809	-3,3737737030520893
0,45754077663421694	3,0172011580981697
1,8708372336668482	2,902709649788723
1,4124412010518352	1,338405041654154
-0,51659231355732	2,7811114099649394
-0,12735988734348314	2,2165129061167548
1,5722459357100003	2,174155490767943
0,06015932492090459	-2,8380986098952716
1,6112472152382162	3,056882775304357
1,3491321315993599	1,2895752511865806
0,5885434212577771	0,483496425309641
2,34348667047749	-2,5809952732543535
2,7316023851246634	0,6214711637608763
1,8197416317714454	2,2621940987331666
1,399087353579321	-3,4093972844777283
1,2388714075385154	-3,0055297677892563
0,07300304184922535	-3,2242676123988403
0,13614532870875717	2,7564872838705305
0,7576024332478511	-3,313156422875278
-0,25929861976767	2,832792976305952
-0,046608106502266655	2,4111875135687892
0,9612877518885693	1,221025956364546
0,6849719809462141	-3,4792888947374156
3,132515728601324	0,571735310112242
0,39557872619078516	-3,030522767833478
1,103792760787779	-3,150729829495064
0,5772476030300429	3,3991684700619396
0,02658371413174543	2,5749250556686363
0,058754631800907786	-2,6551135152105894
1,1942872525967165	-3,1411095422054314
-0,2304000616423716	-2,4421925220317275
1,8740896686039386	2,9223774657634376
1,7192235422157198	3,051314047057504
0,9585756058614991	3,1385065509615906
1,4523945449906324	1,5491310472325264
0,4729372785257605	-2,9324119429869016
0,8848501813807985	-3,3863640575637506
0,9787421053869849	3,128662970661212
1,499840124529626	-3,444939059213301
1,7015299583566648	1,113534260423366
-0,3513582622908604	2,1608567908318785
0,5280509663016064	0,44108604435804477
2,026063436700549	-2,9765116711193556
0,6576402921264156	3,1868005908688026
1,666209563212564	2,776621909768769
2,727742998921974	0,3501687134598305
1,0805327344547229	3,2939697501781655
1,769997247727427	-2,906707082959321
-0,04239560441945889	-2,8893880492194657
1,8544357649951433	-2,3261896267421713
0,05790089254319042	2,9497004904285644
1,1170501153646215	3,1198013566902825
1,8708029125513692	1,5914943020471186
0,40891146677236856	0,755847219383102
2,005500569707382	-2,3736380276585254
2,5633553629349333	0,46145463737013
1,0780252881113155	-3,083342990385496
-0,17536228846072588	3,3182216140254086
-0,20950450751604321	2,399099219595552
2,1942362816858703	0,9304219464507214
0,7721579882504208	2,952805814696214
1,6842614392562478	2,9958077931900426
1,868971461711793	-2,6255333794951197
3,0684230312672627	0,2684129741508023
2,732910808114063	1,3934473802317222
1,1760747569941672	-3,551063805821976
2,9775198199155772	0,8910453662893274
1,4610479899495676	3,2146833348266437
-0,09654983790254124	2,4429875586855876
2,0965820535291093	2,473593101022793
2,237187830837415	-2,303965820992248
0,32308923205247403	2,924210420256661
1,528611845078879	1,4584436558749558
2,2564698078633323	-2,666011980895517
0,6773909760894833	2,9622419072752098
1,3927861452142771	2,5829664686196354
0,6925263580936516	2,941036400521614
0,17228278524533924	3,075081212029578
2,7416621480980963	0,41918499821269056
0,5346675639731866	2,9972903212365076
1,375012343169182	1,33213383211968
2,9371131629068463	1,2104024484009137
1,8634405218272776	1,7415468836015089
0,260981164473461	2,9545039605735575
1,1165269897190382	1,5152229606508107
0,34179564576463306	2,9221433989036782
1,8673173576141002	1,0878986720357136
1,4684662992665447	-2,7641434381361405
0,4753160001756759	-3,024395324966356
1,4931744009952674	-2,8280334282881334
0,9125349152880484	-3,017861706182247
1,3740095667882828	1,695247487756898
1,5396800520902312	-3,300536434345368
-0,47066952257383643	2,12400382162593
-0,09886094753888297	2,664902685708457
0,6127641230449128	0,45203072102652553
1,5628123218187124	3,00056215288948
2,2798715041592574	-2,8674819271966463
1,4563511711603714	2,866645867379081
0,9753914051396707	1,0458601681669246
0,7852987760208898	-3,214468028913581
0,16839953423736564	2,713826454561853
0,8187626994011337	-3,4870877561120914
1,919458577199216	1,5529739033729104
1,559227741033244	2,102956340165153
2,3186594747990954	1,2874455037954888
-0,11384547718316407	2,4842372568860243
1,7882082207067433	-2,579172285497547
0,37298609857000575	3,3188294976524633
1,1269370759271093	-3,333763625187232
1,927269655595937	-2,3608204885559942
-0,5085306371156479	2,3044627726378586
1,721569160103794	2,292896658115713
0,6925217072785874	-2,849075459092655
2,339448870205752	-2,6562762829190545
-0,16456809493923663	2,421501408283852
1,1129330138405007	0,9536220537749303
1,4982136345443013	1,2984938193846969
0,8236338494066293	3,08271266381204
0,8146869341631515	3,5448466522997797
1,1056026975591884	3,07051998669308
0,5038752267863918	3,458344867469413
1,145895696466961	0,8454328735678756
1,461890649300798	1,5574097594979954
2,4421023421376273	0,9128699273334575
0,5969188384995245	2,9761811548475086
0,32184467138330175	-3,263068431449075
1,0192351145101273	0,8390630944959818
0,032486347608553956	-2,7281709902872366
2,3714987629464304	-2,5655872611258284
-0,2926209110197716	2,706657516918594
3,045367749578028	0,7690398492807983
1,226321660767531	0,9990700248242216
0,9339400602846556	1,4493357755328033
0,8019131067248646	1,1090611196480968
-0,42200254105309387	2,55968855648199
0,3651941066316138	-3,0648241025080054
2,424919032564816	-2,314500067768528
2,2528783577573455	1,042895471913683
0,8003860173919056	3,1489344531974703
-0,8052085731733489	2,1322382487271785
1,10618167874373	3,3643654173718045
-0,38389281031417366	2,9452863850306326
2,495746625561834	-2,4579793614735834
3,2035798688341477	0,49998330990727463
-0,48341284347455304	2,7906107207141098
0,5897597530485933	-3,432166448792774
-0,31550355439503974	2,9798014973087183
-0,6865023165935686	2,681918173617881
2,395893932323432	1,2980206146526077
2,5535369431373787	1,223238070119331
0,7429023234061278	-3,1785625104416497
1,494626562275915	2,457994217166281
1,0112322958999227	2,9140232784733326
1,4712941856316144	-2,846607292334044
1,8734820569402775	-2,3886804948922995
1,062664731275745	-3,2915820351118064
1,5990906594157153	1,507351063021636
2,3014722976803106	-2,0747360552328957
1,0956849817421466	1,1778313485861713
-0,14969543511681882	2,9384012552213665
-0,2262815465507283	2,1794259684912136
0,7192494244272745	1,2409437514609754
0,5598150027527338	0,5287134043996448
1,8468561502842573	-2,594082841431992
-0,3009210249023839	3,0355458611381563
1,4929374146049756	-3,1541055989170603
1,067574682486545	1,221866876175897
2,629331108551642	0,3579742947694462
2,0589037453601167	-2,1904476848568604
-0,47118953883288195	2,251296571341612
0,7299113672200741	3,1958486461139834
0,22705374838119696	-2,37360939068445
1,8607904938619784	-3,251583176062075
-0,6719722692241958	2,658521548960567
1,6533202778807339	2,818204256394502
-0,0034652922549003318	-2,3047386570193344
0,2523183414959699	-3,2545966744677317
2,068311494974215	-2,2036685192513157
1,8753121601781795	-3,3429550766569656
0,4215850357428519	-2,5649148736400704
1,9832479616100132	-2,3649182548228618
2,022134046874355	1,2116251075842124
-0,4765752863837591	2,9845087770030854
1,1450169288917973	-3,326878864154807
2,7847138736831427	0,9313404530555423
2,2993605152915833	-2,051414968664857
0,37285336123831136	0,42556970309154174
0,13517035856570037	-2,57528461400732
0,5786361181951432	1,0579638501984758
0,6359848714285289	-3,564196045539637
2,8266171281874346	1,0916178847303466
2,04548679947052	1,029586716937648
0,3164590707697227	3,490070346302806
0,793684734325303	1,2730157618685998
1,5190190612506704	2,1752963225308384
2,419624150541371	1,5826567485510539
1,7509638097873945	-3,435563768035051
2,252234697644663	-2,5014425487193983
0,663933033257992	2,8804583287439978
1,7296564769263079	2,759019065597748
0,5853707022931272	0,9463694029282598
1,5593307068319313	-2,7658072527475253
1,85518888707424	-2,5738432674647167
0,12088083461553911	-2,2249174778589595
0,27721305584546574	-2,4722008196455985
1,1733231061388854	1,1480185681566613
2,2614286395354313	1,0134837489090223
2,0042145452190834	1,7654956640338122
2,1535393359729254	1,5554715516155622
0,5670650139429483	0,3903753483372822
0,8741734679300402	-3,1500516736553084
1,3701937108771225	2,8673868434354044
1,6438889215939478	2,231732004400319
0,24600349398847965	-2,2432615506619054
-0,08835867565683553	-2,6160614127773125
1,5428682949514132	-2,7983878382392184
0,6703414231622851	3,3307956308563624
0,4612910839738913	-2,7574806361943986
0,6361583510307005	3,4406365352635766
1,746536944597416	1,7171704253719906
0,38635757807644167	0,6352537989886178
2,8435601687315346	1,0791862837044266
0,9960435485069373	-3,1142523760550467
1,5386524695707948	2,341639910681983
1,5013371651870784	-3,3200772632066764
1,0248261072601819	-3,3718096451733284
-0,6624974760227045	2,3510206365236717
3,0834425891597643	0,7030740969157154
1,5921404731293864	2,3929813855607196
-0,7080883532248139	2,2224991345266862
2,4354344042729874	0,8566604564702804
0,9778830892831394	3,058964442147333
0,9882379936567534	2,8277149461792535
2,673641201310484	1,2563926090679463
0,5479572374486394	-2,8838648497409096
1,3036562125840998	3,2928552844830197
2,498222544852098	0,5147564837250416
1,7613836107243628	1,207229976116719
2,870145462773662	0,7690157754835496
2,9250348040390337	1,056311556082316
2,1544159628731356	1,360125845765057
1,3243926071400143	1,1687369761095208
2,294380094612491	0,883414497653047
-0,14186154643147109	2,5145533647416594
0,46903040697667797	0,5666493785164992
1,7984771857137734	1,6387370410563198
0,23025444038455511	3,0812961787825404
0,8924237502139327	-3,53621119332544
1,5965688421025357	-2,8297380133763186
2,152660191467538	-3,1261246358778347
1,9650343144657605	2,6396778782599295
0,6261609697499022	0,6037629125179148
2,7676029310952783	0,6426091456467079
2,7875218165368856	0,34887093796098617
2,027508089309954	2,2319816542619075
2,9459706476536662	1,0472779227645357
0,036039091253696975	-2,3305987764918217
1,260949137382641	1,0639359199903287
1,726770736357128	1,7569228314882126
2,28678221863907	0,895028602419234
1,6581388016102014	2,5665584429812265
1,1572603548323355	2,9554795978835653
0,6667322014024599	1,3677590865673734
-0,0994297505384738	2,1378239522153377
1,396163740170217	1,524898163283415
-0,6718125720033674	2,5071554433904533
1,6844716933941295	-2,7153004580566704
0,8738478099890684	0,4446109707618028
-0,6112402611812982	2,885789775913283
1,6160319252394038	2,655551747665886
1,8272493593067696	2,7465338473363143
-0,20301679557357466	-2,6529861676469615
1,5546097464919506	3,1445426200551685
1,3708405622019015	2,456928905836118
0,5163893276313443	0,9919952740428042
2,067741962847638	1,3244458197827902
1,446758068000288	-3,3355249784118755
-0,6889217056440469	2,3002449211740044
1,6882482726652221	2,200381042807924
0,8013978099303719	1,3958519690713254
0,7043142362357	3,4299274902637897
1,808087183834148	-2,9564262285743506
2,900880742264354	1,0326150109658179
0,7185622758542046	2,911795554022881
1,4961037199344775	1,7830980735791124
0,17603197614363952	-2,4481859033985947
-0,024774738863980517	-2,2510399985386784
1,313613710184923	3,0574091080364996
1,1950277916168037	-2,9789039432215443
0,7897238285062309	0,7636074637562553
1,1646146873317853	1,1079293806156747
1,3283679889574045	2,552208194985383
1,6136899065709076	2,5884377369705973
1,17536790659587	1,0164143585454237
1,0536152968288985	2,896139612792146
1,8580455886558074	-2,3120402368857538
1,9541047066405968	2,4052152318359394
0,3438885025855615	2,9565237173675323
0,32769700484728204	-2,9972201812478314
1,8896409576206568	-2,9892140601073747
0,7147627398374674	0,9931558637319838
1,4938388855031293	1,3642622453367275
1,6158997402204642	2,679666987303665
0,25620871771894504	-3,2221316361140246
-0,6389545131664838	2,5731641263761458
-0,09503604157749646	-2,4117194354530334
0,25860873503907084	3,378219009126423
0,38250210883803515	-3,283538516510623
1,008896895633975	-3,0558778707255643
1,9264270585394296	-3,330888024736364
2,849070967321114	0,6242269544306724
0,4252103178495783	3,4269449342246534
-0,2657837452432552	3,1647444014071615
1,2849411009866605	1,2807609832638605
0,13661420092001997	2,902886335227789
2,52942791461785	0,682855480584379
-0,6735686117701878	2,7560517055608607
-0,34618739910283836	2,7587033205917466
1,0484116897654248	3,276232069741996
1,0366393079071776	1,373271493502097
-0,49383646964820094	2,7283888811809702
-0,5432834225251	2,5499200945577085
0,20498823216304418	-2,7469425900171123
1,581981074059005	-3,4905215399998495
0,961025492080871	-3,0738425234715914
0,37033703167081167	-2,9309242912970697
-0,20039510981665298	-2,2520149983016506
2,098836077654904	2,5576432996640985
0,503458980117847	-2,7976289029147026
2,812264164361565	0,3151726669411684
1,373156873693592	2,9437289720689166
0,1650931637550347	-2,8132685240219626
2,502202235731363	0,7274326532148468
1,072109974370622	2,7598608283916444
1,8079118921040234	-3,2059614221783317
2,508300666786361	1,1068460262039495
2,5846751640762715	0,3207652529653058
0,3356483705594732	3,1405921056077926
1,676163525519102	3,000135756325697
1,0988613834987353	0,9735232173639072
2,0969741000967583	2,3970702016155907
2,0467438888877125	1,1150403950314431
1,622892160805986	3,2528577773999476
0,6102133890357233	0,4321163976747583
-0,1914120251355157	2,488942760937487
2,591880352402316	1,0873780421075208
1,781222758268469	-2,6013601639789443
1,5832476201931323	1,1571956985797507
1,6134076266515067	1,230474166557903
1,5704112969632957	1,6702806674840773
-0,3956185935133183	2,2109819128185006
0,1987970778844259	-2,5930989827886344
1,3421391499516093	3,17912360260549
0,3597355742250995	3,373304014272584
1,0451304313402288	2,9045988149677573
0,012566510020617705	2,6072988435670394
0,9777842477112935	3,4436429795251677
1,2756238289501949	1,0760904164394918
-0,12068569124896367	2,979561339339476
1,8633595434081776	-2,2874341908917226
2,2747094916503747	-2,8908886283449973
1,3333546739646387	3,3998365284925813
-0,24874770665242618	2,622118568331609
1,3150682482024945	1,4516719257599402
2,401352647759308	1,0032577098885351
1,4007148877027857	1,491825403731015
-0,2789566635100593	3,03732481737726
1,5538633284070662	1,697284196047255
2,408525209116148	-2,7313252177733225
0,10889976961760117	-2,8796536525430017
0,19504028064190582	3,5254452681325157
2,6070777932839437	0,29625181206861306
2,2259382072950102	1,3489021622845052
0,34566279805719924	-2,9988995147947644
0,08261542894379792	2,86128574546382
1,750542517867506	-2,4136430494668724
-0,18906809709123995	3,0403642059715006
0,8526896766608244	2,8715383403060186
0,8413684669678079	0,6459445082583815
0,6336225600781011	0,6288630781256062
0,9282985126403981	3,3968623693579105
1,5047632999717484	2,318131460735878
2,7031500461537616	0,3607801185352083
0,47901378792643	3,3446726532273825
0,352581918117883	-2,9714557053229878
1,9498888542025583	-2,139084588148336
1,0283379507030221	3,211574367398109
0,26744557043036626	3,4006779410967236
2,076830135666894	2,1897543126018166
0,6481510331027787	-3,2627247205719607
2,124207220420604	1,0209769165746296
1,3689319905245758	1,2227164230211611
1,5377938773608828	1,268734517517386
1,2470387308517417	1,5946490065854215
1,3338214791016338	3,0943168592442265
1,7871039062361502	-2,8498005866351805
-0,40887529100271114	2,1220517506612833
0,9532658631657397	1,1434392799948874
1,469736315370974	-3,494356550610251
2,6237841739794305	0,8143277481850003
1,249841146565175	-3,544746558224289
0,33610696852615396	0,6281355536499033
0,8888315795754227	0,8660584115219399
-0,041496854284050366	3,2111285704529795
1,8557436724370862	-2,2271633377101314
3,155923884360721	0,509931937771045
0,23828554425193038	2,7667586476362565
1,2723875635009985	-3,4414305193823163
2,398427049008044	-2,574936469688196
2,092277150621288	1,334186008025698
0,10015125781467882	3,475098844910227
0,4930845292992929	0,4997773832763198
-0,4167172421749259	-2,353513638684283
0,504365421245949	-3,4252848700584355
1,6911797814356833	1,213553859038527
1,1049103632787418	3,0514588207166016
1,4151185389809222	2,645511286461307
0,8984584509206924	3,074043970826907
1,7610850429649392	2,825176605382297
0,6900052177698988	2,8888874802981923
2,376618808978706	-2,3340940010511875
2,076208850383427	-2,096608481770667
0,43481487212996606	3,1449241853398604
1,725191654656414	2,2001331576447867
-0,6666707134018359	2,131141249275342
0,05788500825042364	2,890381032076445
2,6044731104899785	1,2622527276959552
3,031572404369835	0,4184028701198176
1,8069054943826917	-3,1160614426776463
1,4664508860241863	-3,0182210421098103
0,8862462475789232	2,9619128555283556
-0,3605049344144151	2,4371771068216055
2,010386908061929	-3,074753699419017
2,417116621549008	1,0670077100759052
0,7856065706141023	0,9327680556851279
2,6876224144691157	1,4433416875817493
-0,36187027318432063	3,0993273940588715
2,726263422463885	1,2332238048622228
0,7482878701365432	0,4189804457836239
1,5872112832218874	2,586397733518041
2,2642179728138654	-2,1759484687279507
1,9455584035588187	-3,2642500779099572
1,2529252389700392	2,872620876078747
2,288914792391993	0,8722250631704584
0,8469617434963649	0,5219203029728012
0,6462640553411683	3,415222980989228
2,4734528377337273	1,4684459531711267
0,5873228347921602	0,5988912890373176
0,5473717778010996	3,528976893084225
3,0962018562324634	0,6036408770304431
1,0407621703368501	0,9756616985254433
2,825922992198815	1,1424207292011341
0,4828171052410788	3,465105131260874
1,11552331862827	-2,905436095942979
1,4558096982982283	1,1665618313200872
-0,17051790250053678	3,114193953595149
1,6973430186128897	2,8409584176958624
0,6890545294260766	-3,240647870364973
1,8030221271340692	2,3923402860972476
1,9917608957421904	-2,166023540639755
0,14063283685283434	-2,409468244723605
1,427562771718013	3,11238209292609
0,7215381551807074	1,1817263860327363
2,2957639862789625	-2,1429514101992746
1,897315343454043	1,4343340004821559
0,9239101464431474	0,4059474011943275
0,648061524137356	-3,585457286536208
-0,6482091893469821	2,278211715913886
1,8325644322973438	2,1398382075133804
1,406533391548719	1,2265842000250586
2,116434163573885	-3,0440849500487195
-0,22053898520984472	-2,4587718530322493
0,21064788361915887	-2,4096114574400813
-0,6430700656580643	2,4248475085618044
1,436083516411844	2,6515401350428873
0,5790939511535006	-2,890706961546494
0,33147839654463984	-2,741666147681964
-0,2883240222996387	2,321305626124006
0,5450625890577163	0,5907756208065986
2,7149514254890286	0,9418117691879955
1,762352934029571	-2,9922625434547894
1,1343147785230427	-3,5395260788480885
1,3973929247914638	2,557678307530683
0,12343698935605385	-2,5032710305435737
2,037235920278653	2,371400996818545
0,01515022858353643	2,6122118184199494
3,072731959295276	0,5736481378616162
2,6244272618743874	0,7148863602334217
0,21203727538156625	-2,333983948906376
0,6105062499442642	0,41042139228429164
0,8284705992971095	-3,5710383800903713
0,6935068585619086	1,2377005538061043
0,3484579689105093	-3,365019833485655
1,4669540381492943	2,1217042095902334
0,6299699130016283	-3,3538937520369574
1,0102008985576645	0,8218154957480788
1,5277231780856109	3,2122344804881244
3,043693903996359	0,46618512636652554
1,661511592088264	-3,490161661330875
-0,06288913168408516	-2,579435626946498
0,14121522060244107	-3,2975341238109106
2,40644376587138	-2,479165321165742
1,3608431703226556	-3,5896889158024887
3,201057095704088	0,32986097076345017
1,738583668468138	-2,758542029484308
0,887273122700786	0,9608790589846365
0,5236405687182595	-2,720082663708503
0,35815178653098345	-2,475807707417905
1,0671775579364535	1,35266303207308
0,23598623198929358	-2,2532989982438236
1,4702500239312193	1,2623125039255396
1,3367926859709578	2,472544145220808
0,8027665920672883	-3,2664741042919028
3,072148301224445	0,7277173735257811
1,8075543271709313	-3,1044533522812974
1,224136815706297	3,1140199266964594
1,415780815483671	1,6738701004476444
2,2010306496675534	1,0732250575345654
0,2996220321715677	0,5087243882891739
0,6144807866304514	0,6593370395277622
1,7517899669374362	2,5304729622150006
0,9028544609945034	3,261431151873791
0,10608098873888872	-2,8391805381379704
-0,5637158816156196	2,500786623006642
2,153167985842992	1,3450301442587371
-0,27099398343670733	2,4772774907136714
2,027056071157595	1,6024077756672663
1,6994736432885893	-2,773147580248313
1,4397262957168844	3,370010476735034
1,1748126316643104	1,6711505494887886
0,5797048213331489	-3,259253276725943
0,14899383553590595	2,912824110065877
1,2930012267948205	-2,8978855145752984
1,4542395553822969	-3,153369318947431
1,1640844073923453	-3,632515624761907
2,6538754036891103	0,39317104711657913
1,404214772075502	2,4946072405815305
-0,08218382034614158	-2,2469033028584446
-0,5652179549030332	2,6876883595292673
1,2705741231567393	-3,351922923206658
0,9216452619011019	1,338540626048166
0,09856120080356756	-2,719003494013058
0,22571787317524783	-2,3583298716203753
2,545471843345225	1,0964280198171372
1,8247758190696246	2,430330249740484
2,033537608982356	2,245537338177723
1,9241368584859728	-2,4307932904557914
0,5644472638496632	0,7918381718274052
0,8700249545674348	2,9754743665293386
0,5759641214900397	-3,462387830838747
0,21447209372419285	-2,9315838435146047
1,9317933049166498	-2,5638929718899304
2,0675718859657772	-2,4446154516152006
1,1228928860226066	3,2875407055337806
1,244992099041414	-3,272587632811609
1,0475178842836226	2,7754503282630454
0,27073407262486127	0,390126345741961
0,11769123458868724	3,018262584027197
3,1188124847617043	0,7204418397189009
2,0519867251952446	-2,7029481263402975
1,050804750270668	-3,601747538541294
1,8725366054095094	2,511104820468574
1,1307690218928508	1,166963285491977
1,7509081993220004	-3,387907032805022
1,7122388847539878	2,6211405597766655
-0,056359455290758254	2,322319634292913
1,3377739465882035	-3,213253482209753
1,6790017656075213	-3,095700535221712
1,9889126215604827	2,7782816100553176
0,3215117049847667	3,044439526984962
0,3853552732372658	-2,906455218608914
2,0453768921858404	1,6853920397888038
0,047540122053721046	-2,2414939070334006
2,1251105613244934	-3,098616600256074
1,9823485589526337	2,495240880738047
2,637579329186508	0,7819375913231453
1,0359847736952374	2,8285196144031897
-0,010293810601617714	-2,2956838288736447
1,2538868975913466	1,439624542772006
2,1762358829335064	1,434876073737399
2,228053432695793	-2,861883188502044
-0,5296459098066664	2,508381445731384
0,8880413598650342	3,1562163188718437
2,3821851252177386	1,382032506568452
1,38646074612473	1,3316624443114824
0,179533394658269	3,0704654998374563
0,916118174676733	0,6196104064436672
1,7344606365128212	-3,1242175615733028
1,9819268327249395	-2,2871454647456293
3,1376162015080697	0,3938142942947674
0,4364657491664632	-3,284216359262237
0,13602925333101334	-2,568518251220909
0,8306034439113597	-3,5681396916527444
1,6218895735458887	1,3332570092246232
1,9096629152420652	-2,196054582172262
1,6172626930655354	1,2657899572926454
2,9623298574357113	0,5461376855140279
2,846871163975587	0,7908123371494067
1,0292151148517719	2,937872720174627
1,7166724265499713	1,153162653012922
1,2279732278467037	1,4286347366866425
0,3088982412309219	-2,326576581301854
1,9113843353719426	-2,2738356460417593
-0,8026810655274073	2,1621950489602004
0,3545101242054376	-2,8788875712468833
0,6286278850938465	0,7818492064667534
0,3147038274767774	-2,5532421315311478
2,3111467374792496	-2,4235763297463184
0,9238252115050414	1,0779538396044366
1,761801947436397	-2,92246995402233
1,1210634991460715	1,3603903380886766
1,4185325383836935	1,1084548958771347
2,452749152115498	1,2348424607855537
0,17712783604650584	2,9939319284272825
2,08434867760581	-2,501624446411582
0,13600391437172432	-2,3301974530806002
-0,37657409476788506	2,605533739599407
1,5681625423795567	-3,0464236840189924
1,434887050212227	2,163937426383283
0,19060427646429468	-2,5974808396674103
0,37380215361707225	-3,025617792654977
1,1641466988271247	3,1335972087506563
1,2342367213249907	-3,0192869800067133
0,5517916591126093	1,2357586917842598
1,2235422774386788	2,982059334663896
0,983339211711145	-2,9732632282561817
2,173120808161274	-2,8596226508370486
-0,7376122786033121	2,4559712314011515
0,6407573289804324	3,100113329825536
-0,19346357216020638	2,9917635728087872
2,39837136106527	1,534194969393134
0,219656798474273	-2,918323171851933
2,0978696671853525	-2,092204840759608
2,205345157811852	0,9179639823567112
2,7375503275197923	0,40114937879203755
0,9773066979829693	0,39506377974519147
1,7088900930492303	2,3765705676857753
2,733296435335836	0,7047775788471602
0,7087664599257356	3,4491306780017457
0,1644509949934576	-2,8576025805388374
0,44930865920999463	-2,8264288106188578
1,7116395079742284	2,9714523497718215
1,848026294879132	1,198865162675106
0,9919090568437814	0,9448679867135007
0,573166629975625	-2,9189456894576544
2,21123227754442	0,9256483092261103
-0,1702277211287555	2,1309981603505648
-0,25301462765879723	-2,5186498280244485
1,5933120081777576	2,2009516481342057
2,6365835818735794	0,6467697464438256
2,9957064334637753	1,1249840461871086
0,7165854383650465	-3,606900761324657
0,20864307333528453	-2,2192871959389975
1,3071383993601462	-2,922722423763174
0,9847051923882193	0,8478920353294812
-0,12198598230868818	2,966352607501973
0,4873652589235274	3,098187542209937
1,4534453541107555	1,2543888679602184
2,1669845459111166	-2,3883398151258657
2,115836284514245	2,345522076346475
0,05815575945738183	2,7233046517048853
0,8965215871012333	-3,232580012502674
-0,6361967311751104	2,5531659632945547
0,7122718259458818	0,5504043940138119
1,3567400130939071	1,303361013993508
2,3736420282200146	1,1945301744429169
1,3895013081253844	2,5037397888509
1,1073956333759005	1,324488519887828
1,3938744575779138	1,1289894234973648
1,0414769406187183	-3,3608653649986167
2,049611067226772	-2,8659994281022607
0,516077364779416	-2,9140683569815655
0,9292458603094875	0,9100870240257171
0,8861412724032671	3,5525063700481043
1,0968500820119735	1,6568242792588477
1,7089987949036742	-2,5790054422245454
0,5832730463000831	3,3689611871912297
1,3656138499047341	1,2849129211774981
1,1229686765400184	-3,0998159723840906
0,5375426465729454	0,9036560373410323
-0,11348902210702372	-2,535775515563984
0,1927425681629079	2,877609345630852
1,7701344791694487	-2,6595575675761878
0,9926094380675721	0,9019016502315825
2,1109923672142665	1,536777058491185
0,4581950785762485	3,0386369283743915
0,00622195306158102	-2,3728344505280656
1,1625479823634497	2,9226634731562973
1,135358763341204	1,1617982580040014
1,6945706105079759	-2,78399100583097
2,2505546104273972	-2,9086647657303524
0,6426497815373732	-3,0658275079998374
2,523479334602471	0,844238885821008
0,9247513534487908	0,6043375017546331
1,090964944090088	3,0386133949489347
1,8887682237822458	-2,2972679561537293
1,8537943907251617	1,7106547244358907
0,31471552598696384	-3,302082321026861
1,0284520395126424	-2,9684760938137096
0,8994107014718775	1,2081686746756677
0,6396802214826921	3,5658856597017334
1,306426486279946	2,7213672576464547
2,5384437151357178	0,6315493229932474
0,6657327573234328	0,8563553148849765
0,855029695666543	0,6517630481227539
2,50088873964168	-2,060263368662358
0,39958318293393563	3,3351241216353467
0,6972551049862048	2,9622040955415168
0,14634267382130695	2,7054974056894237
0,7220338845684173	3,0468317218763774
0,48637947793176783	3,237109142144396
1,8371188237752067	2,121396348772678
1,348475745530386	2,5117769153006346
0,5393670848944108	2,942788229740703
0,6932029224741809	1,060030476666944
0,015032509931922844	-2,2505011889017505
0,30328119116375585	0,5272349443603004
2,716593653771751	0,3630666238499722
2,05853198021243	-2,2579154139430946
1,1389480343060248	1,3153019409992557
0,7357225187629763	3,3946411128053526
1,8065712627410815	-2,21766984408565
1,8727191025469894	2,809744314652092
2,1349300851754904	2,3217948285473793
0,4790223150056723	-3,3285470819940075
0,9393216796213704	3,4205140299979053
1,0280143577674508	3,45728490414073
1,0427860697650777	2,8437010039775474
0,15782331817340378	-3,2616587083275137
1,922244391616397	1,390748778698888
1,1595181778118673	1,0052276722607365
-0,544917052629672	2,8556900388714648
0,47546544528498824	3,316506204484915
1,3040737095472492	3,0696807398084873
1,0403637615284425	1,0702303013575947
2,344488461775799	-2,0577924922081707
2,275155244811203	-2,5418496659667085
-0,12107457801734212	-3,057319102285857
0,4630041431312616	-3,085709697749165
1,909020986825542	-2,196128492164825
0,6464057866569572	3,5631168111319376
0,7420044032342974	1,187785373737357
0,3741615090712652	-2,5773122764640677
2,7447961252501587	1,2631713663577524
0,8856646434532611	-3,481660967563115
2,010377089479723	-2,4002595924852574
2,125218432293008	-2,1596480755858156
2,985843516798103	0,4821446375153391
1,349852821157572	2,71140065273998
0,9248318107841081	-3,6147753096742874
1,0755774120882724	-2,934312130831976
0,36604327565352557	-2,6265811337631106
1,0803047053703994	1,0780595472367622
1,6788317118095695	2,2729334944362343
1,7450317166506557	1,768141140758793
1,863694602140897	1,7223963734731116
0,5551010911697911	3,1798912086858895
0,7053546552309962	-3,156521382270673
1,515349898725545	1,7842106550909393
1,437366369555638	2,8979919124862707
1,5459840258864934	-3,3160842499862717
1,7206345880831524	1,4119056827811733
1,0412943763804363	0,770254895075903
2,4898308449856295	0,852854827023521
2,3978785835589473	0,907866260425781
2,1291105126254775	-2,658205885177161
0,6275374299499338	3,018200531656344
2,495283312854	1,0738063451527005
0,9685407761381706	1,3316591402779794
0,4419881527471827	2,9468682343663906
0,2922649211253336	3,092037544789984
1,2250486767984539	2,8787104664718615
2,113813181417111	1,3066564199940625
1,1864391678478272	0,8672910823945559
2,0407437355445395	-2,7005069135337836
2,2474772744197757	1,356218928612792
1,2811407814770777	-3,5135054336281
2,5251901004859554	0,6381722473839567
-0,5849405873759514	2,21955833703828
0,3030684838432691	0,7546055942686936
0,17533097045673796	-2,832527040548324
1,7592450420939683	-2,852166019095257
0,05115990805174886	-3,1486927290502296
1,5483302882705554	3,0186946996182247
-0,014515990915210608	-3,0885399563273683
1,027196379635987	3,2927597367415045
1,945684598090301	-2,2010929114325744
1,017539306656015	2,9642649059137773
0,5279725323235473	0,5972304444451368
-0,3856843356749202	2,258136875249089
2,981939120023924	0,5767297477766893
0,4609900903723877	3,0784989699468115
0,10312104475682515	3,3609826160874725
1,2248668171681873	1,641578624249918
1,3515495392661845	3,3801932968690416
-0,7871962373812897	2,1992165214198893
1,2286445835260098	2,8355999577679403
2,280248305630673	1,6516580517884678
-0,7191556263344505	2,601946516794202
0,5828986076967925	-3,4112980717781127
-0,15481704577750088	3,003587827109287
0,4745259507457562	-2,774829808834771
1,9697276331671785	2,6925217787263485
0,12456469691803296	-2,6192362319705347
2,4752793415551633	-2,313836123404284
2,495029524356166	0,6538381361012982
1,7684252599898143	2,6108299993502935
2,5445687421135648	1,5445505958147019
0,7448018232179533	2,865874335566765
0,894560298626692	-3,473984351144998
-0,2565594964826824	2,1894559888993816
2,360578209615597	-2,3588196467801974
-0,5258282260863507	2,480095265346402
1,0460196861403883	2,8260130164181216
1,4786561148909323	2,1308921794426765
1,9464786091422634	2,61797976933554
0,8549574514948635	1,0297939961864937
0,010920746049088548	-3,072579786499742
0,23795645326139903	-2,561631297846838
1,7485653292106533	2,5014728901129137
0,943194660751896	0,9182967428073825
0,9135276603822744	1,282644812254488
0,638463987996116	-2,9300830677274012
1,6967754667984274	2,7081551635151913
3,1329104515367634	0,716733554025749
0,9278707323592723	-3,27441413875248
-0,40128780198091474	-2,274761784048804
0,2023211327395109	2,9133524426884208
1,9282816429661394	1,1667768859404042
0,055651409675160246	2,736498876350223
1,4680995556117131	-2,78998865385477
0,8345749963345723	0,37993542665487906
2,6919564139010657	0,6822657934041862
0,94474217186396	-2,892930188073905
-0,13265792234418583	2,8832158005291464
1,0417879994065071	2,7650890958803425
1,7104713900203559	2,686305119449119
0,7394548678654762	-3,4413367824265158
2,3749442839137345	1,549212543916105
-0,7172285838382513	2,27850690266721
2,2523042017937316	1,2325805108207226
1,6440289129447616	1,5595832641806666
1,1554390113208202	-2,999818221765017
1,3109837317393973	2,5015134718904672
1,7402446229024227	1,1050291204050626
1,9988386102485154	-3,1070703474801142
1,9049259698310341	-3,330866344104124
0,8642824487118733	-2,969382760865745
2,294094297842925	1,274290914020159
1,005828762532583	3,5030900425976252
1,0360642712339545	3,0655150982833246
2,61078617855941	0,3309032180904883
2,0787320474558095	-2,5838582110654937
-0,5486181971152504	2,342098445532015
1,1258712775616906	0,882189597811774
2,143914256081244	-2,645727022715785
0,5448201619103453	3,6033851976987625
0,7091675274515236	-2,9163170427127025
1,023247350169706	-3,021685174895247
0,36949907140333105	0,6099405782077533
2,0578683230862067	-2,7957363019037382
1,1552886008738212	2,833463818520218
2,356501592899053	-2,2974784472848957
0,5037183738580737	3,1847116856794555
-0,3986236427285095	3,1147227883741913
1,5704417474444583	1,102305672709849
2,793053649009592	1,0294771672691319
1,142724795799691	-2,919353988280421
-0,007871666938903843	-2,682639894745911
0,07691465030326994	-2,599149405068001
0,13506108813261586	-3,1537483405163265
1,9067265465444267	1,3407330236503128
2,9304427367076817	1,0010427645077646
1,4200972189692622	3,0558073326693926
0,08951890111816152	2,7031938774412616
1,1512562445497663	2,860648498931515
2,210303114229243	-2,4755689260762703
0,18782321324822437	2,9886970322267215
1,58585949406744	1,2344070792379522
1,4713500743039285	2,8071362933386195
-0,4421717525296591	2,2620495360488238
1,150860107612042	1,4325475336272586
1,7963551097624486	2,4461801877411817
0,45118270239442104	-3,127658646853249
1,0303908703729834	-2,9736724559442163
-0,02729407127265282	-2,8175278711050984
-0,3930933581487066	3,060225682720342
1,4355471334146823	1,219922411280625
0,8909400929984256	-2,9849776335397236
2,43852971855629	-2,2028137915120016
1,6559381696823514	-3,200738124917283
1,6080489749319131	-3,5173045167536285
0,8387153358353069	3,515934872508913
-0,3835676150037597	3,0683948428629986
1,7473800977792948	1,22317388501564
2,460609848729674	0,7970148152969871
1,7436238108186288	2,213455812156427
3,0974854333825848	0,7101229055659908
1,0010543572847177	1,2012333452780117
1,0929242085636695	3,0008052977152966
1,811565235650385	1,5211684218571773
0,9123106125505694	-3,011320697324508
2,2126121518286306	-2,1646634465908594
0,7918006290208455	1,0752904297843586
1,6419322112867412	-3,428537485247513
2,3904116294662834	1,2057186772887416
2,32985484988239	-2,6159001001138416
0,7531035340691501	3,485950736548562
1,317480927455726	-3,2254477013274343
1,8470152615173108	2,937464456912347
1,1035185177145128	1,6368976185010995
0,5398960607407226	0,9509287852120845
1,2638471467180121	3,4822459125414174
2,597875909464851	0,6984047199210328
2,5140984834394136	1,186739880959929
1,33091389914625	2,6968814089291238
1,923099293282558	1,7209027997471011
1,8333630309969626	1,1365460917680479
-0,6218975684727408	2,3112229765419987
2,6988609198680846	0,5507988756184196
1,685484520061097	-3,170500399705962
1,4252730004454128	2,4860242724510737
1,5831465659197483	1,082521799015975
2,4186610272857907	1,1020467438082897
1,3274096439874312	-3,3105688693561937
2,2245850533476634	-3,066854839593104
1,2547618434626384	-3,625317300098036
0,7317734332672866	3,3972241659973648
1,9747082605922759	1,5541443561834982
0,9308114181148959	0,7479071245409452
-0,055497712328302695	2,7805208738079634
-0,45342970343619426	2,815623269818304
-0,3262769060529842	2,2998931511624354
1,1494977025355868	2,831304403518952
0,5125901905792105	0,589585662963837
1,674250248750436	-2,609885241484757
2,3925586729053334	1,277851654568293
0,5758803172797664	1,2137574871171957
1,0061672267853523	1,101432257191587
1,021913089233933	-3,4456673782916285
1,1549735097800495	-3,2528003718571985
2,0111424042417148	-2,701189653435666
1,6762145480687318	2,122085991370646
1,346525546505037	-2,9055000110687477
1,8047728488659924	2,8169164030810925
1,6237913883793198	-2,691374402580796
0,7803267263045699	0,6327340002357156
1,077707654387875	2,755100690951894
0,8782316088036755	2,8592184307895097
1,222995243217371	-3,0761119644799484
1,1207545506601058	1,2078749449926856
1,4722253834980212	-2,896176322742238
2,849054753102352	1,0832765207894313
3,0536797037281604	0,2785521332658467
-0,2521033020594894	-2,848321909907196
1,8191907620671834	-2,2204525701567728
-0,10145032835602596	-2,290868449020113
1,1183470055851585	3,2024006145209327
1,1787279644689328	1,6593600790860585
0,9235971173586239	-3,5372142829091446
1,7644687728700847	-2,9121763379232593
1,2440167206689208	-3,4424837774230292
1,827379524109463	-2,648539877645199
1,917866903896651	-2,682997888953983
1,539876465359527	2,153393453652389
0,6834499531476389	3,2489783569260666
1,1973184864714286	3,1789642375123344
-0,1951218411601119	-2,3437973300632926
1,8942566321434637	-2,6857986668578784
1,2289257070939401	-3,0491289639122643
2,125852089815436	-2,633365281777154
0,4826477898677217	3,147482947918397
-0,06091784181722393	2,460087097518395
0,31491917299502714	-2,845951860943666
0,12349557204387385	-2,8930396647483634
1,5532256483955673	-3,280653990193508
-0,12456175771454325	2,3631804888310586
1,5668114322407345	-3,5150004251736506
1,6932292299046314	-3,1908710278889965
1,685480039141342	-2,7794776535005625
1,6127501855352624	1,0737788446483698
1,4253140867719543	1,6978785988968745
1,2414123531087224	-3,421514500202486
0,3532389750337065	-2,9107353965763214
1,3965203395526298	-2,8349081335078967
1,7290059466777747	2,256859251516377
1,8587309794038966	-2,7790950102404715
0,554760999902026	0,8579921229051235
1,6006723796926474	2,132355339940534
0,5620354905869779	-3,1450177929547563
1,3118224399084195	1,1501354105780826
2,0577916429318277	2,6049873679712254
-0,12496841628544852	2,2681187994269716
1,70428771876296	2,5396492862457922
1,067777767288498	-3,1684847667204235
1,0212180079960869	-3,295014912134015
0,21074674211956734	-3,246522161511531
2,094241109852476	-2,916000786602974
0,9444919550591836	3,2857318804733815
1,7701557840313473	-2,4696891000551178
-0,7205802180834864	2,3016779614978087
0,9390508921502092	-3,1682756180473186
1,3034566096223719	1,1717057657484613
1,8061176933518301	-2,1428417381556777
0,5200937796250409	2,899908564572541
1,0093430114278965	-3,0914092194955805
0,3959402928854978	0,45231029768294373
1,0822882733171209	-3,0875811451106956
1,6208914624250024	-2,7511692055365837
0,65771911353504	0,9739494697192598
0,6347491778705197	-3,145394752833988
0,5255072846936646	1,2009540906730871
0,8179864639554865	0,5285172434600667
2,988469384790703	1,0397290632820089
2,368031759609659	-2,2250931711861033
0,9037803839834412	1,0291086005708543
0,11961574865786206	3,1409996982726796
1,3988262875583997	-2,92821974030199
0,7642401786553775	3,1480575354891416
1,1219653647845658	1,4159928124628083
0,8647288186071231	0,45319286056649716
-0,3821010889897831	2,3209788087301053
-0,1431143718282858	2,121634743845487
-0,2632474568099802	2,473720074406693
1,391182199661182	1,2604782139916584
1,3104342706645247	1,0190259665722685
0,20676830777849287	-2,547407336289826
1,7549115807119104	1,1729160873184745
1,343015412502068	2,610987906975321
1,665887907558162	2,911178983730222
2,0084921839109167	-2,0717581076402665
2,114281636261526	-2,2662373668978693
0,28323949344785426	-2,401703346566909
0,9219999964420341	-3,0321954615768503
1,5394673855682	2,3407493954121312
2,9975509185150266	1,0935547225261817
1,5735563159512167	2,6597844092011615
0,11365765692259644	-2,602079638150076
0,6202388693835549	-2,7742077062795305
2,5125162068794133	0,9263583408451156
2,3199803263839716	-2,7092235280904653
1,687940392778002	1,3242814894026549
-0,15789069463187988	2,491616905861722
0,9417969097900751	-3,4088271576781937
0,14373271586171754	-2,4869208771943585
1,1628228629365747	1,5285008947852474
1,8349831001260388	-2,347451369831059
1,5041105838538682	2,3806732073805197
1,22875060781348	3,050321652686332
1,572977090889088	2,6569114059733847
1,3244716968812402	1,666370322404996
2,461273366279475	1,3332618085910453
2,462552513973077	-2,1242630634827075
0,8569369771418159	3,469332992321535
0,8360027835859072	-3,2351455150875665
-0,11683522997820761	-2,425304974067517
0,9748392728510776	3,350228971546441
2,183653218358026	1,5426584993845538
0,9568610605742007	-3,6226381473874265
0,09526867349219248	2,640835834677851
-0,3093646389882807	3,068888155212192
2,412388460867022	-2,251511908350719
1,4253506380746948	2,255098829785372
0,06327012676615318	-2,5761424624387037
1,4065768931532379	1,0149458081815916
1,0298414402406806	-3,1992753909480873
0,7393387868994089	0,431320560361477
2,5732929304566294	1,184864232327447
2,1006050777406404	-2,4078439986624383
1,2741217834535488	2,9303709104147306
1,8865524735830665	-3,2835344929550816
1,623902386115701	2,58448811410049
0,06692506216622807	-2,6254338345901393
1,218881909293637	1,203503467994703
1,8977165986244486	-2,4811561910024453
0,1851495885457246	-2,4609553986169606
0,49723331058602793	3,260657432208273
0,9847580705266918	1,5671405193205252
2,1898565986626863	-2,603109633526382
0,6647592647584268	0,747326178162225
0,30824512526466286	-2,5436068612787337
2,46148158321448	1,0283475333271528
1,0514388193710447	3,0633971040601358
2,811145603992634	1,0250255976428702
2,4539389215350944	0,5548888284910962
1,6391657155855435	-2,789643708693701
-0,05699692436084536	2,375586835344215
0,9957242190726749	1,4810120448563782
1,5444389139254493	2,9464980155920837
-0,3154547032759729	2,759407051418594
0,9128256047794872	-3,011641098507172
2,594637232812042	0,8742372545447563
0,539027350691798	-3,041720524430956
0,8091884931028551	0,8000358388129486
1,7149412489690403	2,13562550970208
1,015593975132481	1,1478568783161072
2,114459326267365	1,1495617556735547
0,14873538521174656	2,770497822782328
1,4624852105294264	1,3829646817358208
1,4410373132818428	1,5825713096520595
2,2399119496776114	-2,8609903058798523
1,254658417913174	2,7561615810913604
1,7513208540738994	-3,383661821035229
1,0683712168584134	0,6980200132586895
2,582379636926526	1,1207589890599072
0,9486615507283068	0,9691102485373814
-0,26356682660250275	2,691745153802233
-0,07360462692489222	-2,6701187145220873
0,9444224812980336	1,0911263646589078
1,8839115501194275	1,0749291237283314
1,4872279865444697	2,4441342913561317
0,001694654307444643	2,756381894149903
-0,3802776031553221	2,5357415466793682
0,7848276018350946	3,359491516003522
2,519939250484693	1,316309717223405
-0,4343652148024939	2,631365121267451
1,484934431146375	-3,0364582489901055
0,7645737645118349	0,993101711668725
1,836069679095201	-3,2804330121028125
3,0658111254686387	0,3275913677312581
2,181063684902081	-2,3303867451136284
1,3319998038224181	0,9805812236886515
0,8511609964600261	3,178066424959379
1,7223418940645758	2,1883325700366214
1,7117273762377012	-3,4133811987791147
1,5040718395347823	-2,7631765725326427
1,2534428636327046	-2,9152096739398297
0,05665279686575353	-3,024929278645671
0,9491138858243069	3,030683004109733
2,504166046705558	-2,368816512108094
-0,3610931773454995	-2,6578491718837918
2,607299420963705	0,4780432014356517
1,4464788962819273	2,1818532642247512
0,5804539078560809	-2,9856908151247135
0,6517028908716891	-3,25630735069647
-0,19267347962888814	2,4332393371275343
0,6156946303492388	0,8663604713426452
1,9764020082082627	1,414805165553667
1,2352878388980264	-3,3543846830098474
0,3758779726109695	3,039621219007129
2,4571317391952645	1,3019940351351562
1,777954115377458	3,0072273591308853
0,6820165300949477	1,1444159301579533
2,597418249349733	0,43160617305030474
1,0585853142898694	-2,897247983389811
0,25219711355386376	3,455421992227411
2,596390046132251	0,31677731273735926
1,735498043725804	-2,4441859021480474
-0,7071076683272961	2,4965651719875157
2,0330366158054596	1,2529676658649125
0,8701081226730316	3,0558594448128895
1,968052695922858	-2,143470818655221
0,04150916374807112	-3,2096945657426588
2,6098965327505956	0,7948829163918136
0,4127005255326561	0,5712970099024364
1,4501926407053456	-3,5194182062403074
0,5318122230794431	-2,827429416007692
0,22084424280374992	-2,5735348115676446
2,903079294822321	0,9993016122014844
1,7167742709160116	-2,7821737148379326
-0,10304763039796383	2,948047542053801
0,3690156557698241	3,2440699141590486
0,7952603944290465	1,2906535958560688
1,0386523848421814	1,0475773763645106
2,3825340495917695	-2,57966195191967
1,6518447530068003	2,452146307014088
1,5480595195035565	1,6003461329214845
1,6869823031983535	-2,9400856682854033
2,8456306527644974	0,9755766775666485
2,74368255802785	0,7029672187836168
1,5099972588462605	-3,077293708443234
-0,27977378833897626	3,127046719726209
2,568930131970548	0,5775186524841226
0,7364859599691247	0,6073648887851498
1,5655562112587669	2,970877894692518
-0,3132543340111249	2,158605210123091
2,1400932297723854	-2,236178956077395
-0,10626649542249234	2,1601584111322887
0,4539330128386472	-3,4075304729222813
-0,5273065606156742	2,589832662061211
-0,5774651209511816	2,8352695274028457
0,22314687233185915	-2,268913987574595
1,5390811070091004	-2,8910987705693563
1,57350581070089	-2,836663291562212
2,012692158885927	2,4158190201579526
0,14575764662453983	-3,0506320467083756
2,2595329960933777	1,0742921012858877
0,42093054079481873	3,2747162014246056
0,7295569148183711	0,6725419964891691
0,32538543063619707	3,1655579340448456
1,782637737886088	-2,8387841282175774
2,585528187185714	1,0045559221406557
1,0832832483205856	-2,8984520636533144
1,2375122357304578	1,2436820180888555
1,9167932916044963	-2,8836355428640617
0,8846251544151431	0,5915388756064471
1,478914252992188	-2,824185482542495
0,6066929769116008	3,41230800175644
1,6760859622179882	-2,6346114656150923
-0,2404519192481851	2,9337586692634496
1,6548569286840347	2,6131449528702615
1,4826244164363518	-3,3415861388544856
2,2073578166489827	-2,9142958043784675
1,8315607114355594	-2,4802976264047247
1,319444460431481	2,7349742693715404
0,584589925007474	-3,32604503262602
2,1651115139215276	-3,04869941420136
2,1396707640682378	-2,897747249435501
2,959099942640692	0,5755913053006374
0,019788960058329974	2,894585347601587
2,7417838608029346	0,3864753366890654
-0,6161075622838308	2,705093682326979
2,0498815715819187	-3,154858834782404
0,5490660174581923	0,8626781032445245
2,2731098659474016	1,0244798007375266
1,9481798897949423	-2,614469506652564
1,596523555382297	-2,687604340072806
0,1476983869352917	-2,452664333153423
2,6540070665737447	1,4379627032939108
2,4926785254450614	0,5308510311025263
2,156594974050852	1,0816114689034304
2,2491160597046957	1,574953695267308
2,84122368161622	0,4065341168473127
2,042024998444916	-2,5764294284720486
1,6100920748324485	-3,153432152294353
0,8312552672354532	1,1791136183018
0,7565924704448526	0,8768203705478502
-0,1340694461724412	-2,9888056315897633
2,454446783124529	-2,0319471390696866
0,8963052267611413	0,7362830482476115
1,6974988717058195	2,2144597883227406
-0,4565048889657497	2,2323287329735937
-0,29752154121246077	2,437236209287927
1,0191065166849542	0,5767850472370701
3,150090538243838	0,7116327894319018
-0,42127266447348344	2,288255828600255
1,9976919666257478	1,471007981525888
2,794047387740305	1,1089175882260807
1,9793533223841089	-3,216270910415854
2,3805694877649577	1,105975277767191
1,8807604462539034	2,703381020659406
0,9818481269620053	1,601391869609369
0,0158613767066067	3,401899808918302
0,8615767792711764	3,1063690743882773
0,613077511790395	-3,3960003726394605
1,2649372996590702	3,0413629258615154
2,0168756589835555	1,2643521219179483
-0,6396450862170162	2,5293199389201737
0,9445524273060333	1,2225283306133687
0,6846293072239815	3,31185926236607
1,762679777714623	2,859070836035683
0,6670707434242401	-3,426879929132366
-0,33274504986558595	2,7072488272866173
0,8161480976296557	1,24813188399348
-0,4173964017155336	3,031826753153621
0,7152743270488351	-3,0415341226702153
0,1418573651342584	-2,9557786973187077
0,11449067567863103	-2,485380127716838
0,9750440894397715	3,3031538250856767
0,430802015365769	0,45188387824900744
2,7717750938067742	0,7899501849828521
0,6617248830663969	0,8163933659018171
0,952730002237291	0,6180166728827685
1,9689265693511953	-2,286493787089423
0,21117529661639023	-3,2385267667369035
0,4066547734421906	-2,967331024977046
-0,06871374118101947	-2,700229955699584
1,5999659795778984	3,0364486191153093
2,5201132384296923	0,4034273483980906
0,6290479499072441	-3,4593499436746677
2,123815309416451	-2,330847585736914
2,057014554596359	1,757029840141933
0,6828104659036258	3,1511810945101097
0,5086133270104665	3,1152936732183796
1,5187849302520706	-2,7708042941591757
2,178583727280951	-2,2383138433107037
1,3025916839629017	1,6547384490333226
1,746936658734826	-2,9086188803553252
1,125312996274107	0,8895531111623752
2,2556121420629385	1,311482996598576
0,9029913238400601	1,347391426628902
1,6671934840741456	2,367445533159307
1,772375606013588	2,726888515295157
2,095673396349409	-2,231792184354021
2,493426863280966	0,300406496806762
-0,05914807730525806	2,32485241350926
1,128158705883879	1,4694337578919097
0,47278782331998126	-3,1668839529637554
0,31004851340480005	3,1451738989552585
1,307334919669278	1,6556345407747652
2,948100518484723	0,8813030839247923
2,845217861091702	0,7587505378041617
0,04196611129840755	-2,5821612788729986
0,8762068897194835	-3,498192094493734
1,7548370362388666	-2,8127586669870963
1,279738555068399	-3,097472628254117
0,7678421887506011	-3,1333486285656287
1,7055951377036003	-2,667525853330007
0,4438185781694759	0,48518037667599456
0,7103642470006075	0,7852240635872291
-0,4126059829672788	3,0503677102655824
2,1829321218579567	-2,2325814198138914
1,4773509207008877	1,1674527514136395
1,2629352819691069	2,757329792945622
0,14882218745148623	-2,6592733734655494
0,04285004733404518	-2,8991699103700777
2,0975953133913174	1,3681618641923718
1,6561503489265066	2,7225735140883662
1,8542590456589063	2,6340147771134803
0,4050432591148938	3,535158996169391
1,1587946672052127	1,68043008400911
2,035019339697815	-2,6362893695421987
2,6610610871248737	0,91840890593848
2,2192919138060168	-2,908102107388013
2,5129809068513356	0,5257830692143425
2,6278424136445917	1,1630384529905706
-0,14304430367199394	2,5587036280733453
3,116843971234646	0,36707247201902327
1,3852766185273735	2,688361325189942
-0,03163273103755482	2,728990704127327
2,0349256542519214	-2,173549739898117
2,2897901038066624	0,9693455464710121
0,36978926615896707	3,430103229821031
1,9650571705133888	-2,308372798206326
1,6514208583274756	2,1855934576307754
1,1524418713912399	1,2376674619833214
2,4140908907797756	-2,574217781371888
1,3045241424559963	-3,017180407112855
0,5214470234168511	3,0963357470756527
1,9201956272217469	1,2100303468098486
1,9801177233342206	1,5448990382131726
0,6325478039136805	0,9748917467071548
0,40862157030995805	0,7769935641390908
1,269240730091192	0,9967409369203342
0,9664491800531553	-3,5002022854281227
-0,4869972997697012	2,5741224862478735
0,14435090416821272	3,2117186003558578
-0,04332159186740636	2,5311420169882184
0,6437239608057832	-3,0576551330463846
1,6993119303841704	3,1106275491347937
1,0260842443952902	2,841157273878637
1,87325478114338	2,9917575133920296
0,25319653461688724	2,9334800257118507
0,980360733576743	0,6295048598150502
1,9435457487731125	-2,850437820883033
2,073469150455379	1,1606995975355932
1,9041552200987146	1,4887021657689081
-0,060523615626377536	-2,750550701212025
1,4015677518404819	-3,292281256227035
0,8301892625552681	0,7038988948720797
1,2523203382842971	2,9051973620616027
3,0083520124751644	1,0144399927609031
-0,3381928923019719	-2,6055733107175474
1,123702257725373	2,828051898399297
2,0841720179169285	-2,6365710478180837
1,4605417601662107	-3,3510949778517807
2,330472412948046	-2,897696770878705
1,608274912330797	-3,0070854828646416
0,7694402116812599	-3,4122653940945025
0,2663026481702677	0,5655441077663563
2,1911133110529253	1,4453272990862402
2,3568834422783014	-2,7324740137245334
0,1782471222611859	2,8575539206262657
1,7532803459389972	2,6141008747390235
0,30586593527743355	-3,0993507969274776
2,215301377673609	-2,0723293219721666
0,4594595053246946	1,0668105945746607
-0,2627231308896879	2,4560808382804913
0,4669839291422797	0,6364084264028085
-0,04506228452577965	2,506297197757406
0,04270211953397807	-2,526237968543608
2,1312149474166437	2,247999158626473
2,0641010837789913	2,3225126995007352
1,596668950722109	1,481901255100521
1,3270367324721717	-3,4375851731510467
1,9179457263118835	-2,179915764000529
1,8624965123713577	2,156965345429837
2,738402319143949	1,3412965334136362
1,1030551369159383	1,3851330533553259
1,2248071372222995	2,8320171705411257
0,008379310568432663	-2,6894115791399154
2,8458293888100092	0,5466774291119221
1,5258695422849564	-3,2080411074128765
2,38086939303594	1,1807680216235594
0,3178364394564901	-3,3639593949929023
1,3117848572117201	1,0402622950275877
1,986665795327254	-2,289030206494241
2,2955816247999206	-2,5546267252009947
0,4080185371364452	-2,646571707894787
1,439856824096238	2,6879079722333996
2,4045513423299116	1,5088982858359508
0,5177822606423635	-3,3163351690346694
1,7545796420628106	1,4670466373317823
1,1980561936559437	1,546768856188205
0,5099304613088175	-3,2595870856015914
0,5784883657958446	0,9498649205871164
0,9267386930247716	3,490125407486133
1,3796551712126515	2,4088273460206886
1,8353883587996316	2,294526312324521
2,013024337252066	-2,2954308646319723
2,1987711301949564	-2,902086806560636
0,7338694630556813	0,8037715281820056
2,553552119977902	0,7075007514145265
2,9123364667280214	0,5237857153445291
-0,23350403747711512	-2,5549188740948234
2,486948726017818	1,1379022977984237
2,1911823852817065	1,3183718804034275
-0,24258835416751034	2,3071015226870015
2,5040055639203773	0,5731308423174974
2,3195115846120995	-2,755984161234526
-0,0038373078571458663	-2,740083733053508
1,1474101932085876	3,00888343666159
1,6624360023824183	1,6442284061146606
-0,4227315754142007	2,5347825330012386
2,455741995285688	0,762646218802179
0,06826703851396687	2,599507363548642
-0,35147589531712353	2,5497211039552514
-0,05564836632359804	2,5498980426547537
2,416096373325951	1,2494996628643005
-0,7429762732763914	2,4519923850404997
1,275973006776205	2,799059575629668
1,8099823373168742	-2,7810671048018456
-0,11397907472843716	2,9697139638917625
1,508444737435553	2,750474982532867
0,7982842467070048	3,0732909977652105
0,6764434452799502	-3,386102577018812
-0,04304386856666831	3,208807158222334
2,1460932032063806	1,4858258044601749
0,9777011983101973	1,436986420662467
2,139697509273781	1,3167411065813566
-0,3898102098578302	-2,5152703525986717
1,0166120940488468	0,7840754130104887
1,8682563660190454	-3,1606629077166293
0,025592072721555725	-2,8091818361147967
1,8227267178753075	-2,419055290958039
0,09236473439605031	-2,6646341880803095
0,33093992583481224	2,9239313861476717
1,2733888239712061	0,951034932073016
0,9656628915548988	1,5952487525559476
2,884588371396122	0,3753853542969558
2,1537293408476352	1,612285627619158
0,10527171493270471	2,674083955121544
0,07311014404210525	-2,4129092749665344
1,3407066504994012	-3,5818018817292785
1,5385473930475313	-2,868483265119085
0,837164143795305	0,8378975905163047
3,115925621319575	0,7044031468059104
-0,049026797987224535	-2,8353666110242806
1,825533071176147	1,5707929200105362
3,034516526498562	0,6670291001217157
1,1999660908253524	1,6395109560665881
0,9266474016842878	3,152281339827157
1,152436049476142	-3,5259755211595674
1,1166507036680748	1,0334507175517404
1,8031155325635246	2,329253400729068
2,575155800215903	0,45451003658038264
0,39116636233386115	-3,3606274488540713
-0,35140726233011343	3,0710204642720567
2,393461724212495	0,9472574609455786
1,9443974216633761	2,768428085855641
1,2616515772517105	2,9132413319835786
1,290739975492435	2,7790202630893996
2,436740366006177	-2,123413878146088
0,2606282991357156	-2,3239674630820137
1,3875323915725901	-2,8389458971466954
1,152199281266033	2,9390038644172707
0,855083081067423	3,516875156100217
0,4091293120128088	-2,7059052856396226
-0,6846850396957205	2,3867211069474017
0,871095419892019	2,869433676176509
2,7504281758378717	0,6750879756044355
2,6517378449110547	0,30201564606493775
1,4224192799760922	2,1605249281845524
2,4337792033099923	-2,5830294236588447
0,9414351753061012	0,6215562817780993
1,2022490284328837	1,6671161969421255
2,9003826393561836	0,9932399714668645
-0,3807595968910942	2,897153864346224
1,8748086620829632	2,122747385284794
1,541022675698493	2,3618787706194313
1,8753487892986775	2,251289420102037
0,9078348968483321	-3,0329813320231254
0,3406449282450972	0,49860134995252325
2,0328831434602597	1,3503443842313976
1,3524569307405943	3,089361316186862
1,0975966330599167	0,7332946126605676
1,3983432832129843	-2,875568221103862
2,537944050626097	1,533461220918429
-0,3383943473463249	2,4281474455504855
-0,27728391364743155	2,361463333317018
1,7382208364273763	2,4793327295872443
0,19518316303335725	-2,384217741327871
1,1339229819640049	2,706014042229511
1,8349125079145705	1,0945175728601468
0,6626423097883452	0,6019971382140243
2,0847344482245465	-2,1080946110566217
2,1187146828504195	-2,8709291590095596
0,30972382851483393	-2,6238018168284993
0,3217302767291125	-2,605946558221719
1,8310295001639265	2,872127506040788
1,1709055294465114	1,4171218727828523
0,02394657534837208	-2,674953061423196
1,7680971094559452	-2,8779296285385576
0,5504132666914288	-2,8945556006079176
0,416099249209096	0,4330648463512943
2,1442755813466676	-2,3393377653282443
0,26888745755264165	-2,7540243862781777
1,9985384395790706	1,6012360296280241
0,9022793086031229	1,0477644061940867
2,118887356399417	1,19346449486595
0,7696972855920005	-3,3300207525028496
2,5282385001892558	0,5230202814343902
0,5945269184395908	2,960978859615442
-0,3275358883946845	2,7385174304538715
2,8740300312025058	1,1638447978003903
-0,04264514131214969	2,499667791896034
3,190296726144739	0,27007345704827235
1,2191209567745083	-3,2796880827455164
0,646131693438786	0,4713141793840957
2,4133285963645115	1,4866791674361721
2,2697541297603525	-2,117975409080693
1,2219433055548752	2,7454029348118674
2,3421745257998756	-2,4219688225254266
-0,2171044326560776	2,3003221112510213
2,1548441048198086	-2,150292673333195
-0,8121098624833809	2,2930800110033815
0,9318905805741804	-3,5604195738252233
2,958985503738168	0,5668838929322856
0,5827862657435992	-3,4444644029351563
1,603591334546481	3,25996979317582
2,938080722618791	0,4338488760350836
1,6590131307787637	1,083740402103869
0,18556211670007416	-2,3274004024450776
2,8954676653116325	0,3437843931763359
0,1883866038607106	-2,4258729997002613
0,09616020295205407	-3,0197550825285058
-0,15427211861281553	-2,4997867720461455
1,136571832557201	3,437780332596528
1,799546380819557	1,7398995055690272
0,8098376470423095	0,980432688600309
2,9148503086813324	1,1770304095469553
2,9282105444956383	0,7649070201755888
0,8714726446886507	0,5085498023523173
0,8487015912745957	3,070183371446909
1,851261466815251	1,4683966230620114
2,9299771871952123	0,6850532213674771
-0,18867553915706226	2,9981258634835215
-0,4423993657688332	2,8932111181033293
1,4022320098274212	2,468537445160851
0,9653903067280459	-3,461076651058539
0,32160524223761133	-3,103120057618033
2,7506409311901123	1,2855518906645873
0,6234453522899412	0,5077503896359791
1,5862701258751295	-3,218427646702592
0,05917584351030425	-2,6084128030791556
-0,16667538175366692	2,953067203455218
0,09235432676619193	2,797251508696148
0,0317843960469264	-2,619775806907757
2,0900046007914526	1,024232575704164
2,1413306231097966	2,185595327624554
0,47492522905773604	3,181288971504701
0,4145328233913461	0,7742351227410416
0,9308307221590342	-3,4293709714770997
0,2349998602920934	2,7599886659264987
0,4788017365466372	3,2354776890444805
3,0607917915084157	0,5415022443579752
1,321139867535618	-3,3692159982843872
1,5756295124135486	2,537262812468003
-0,3525886246143639	3,1779332068853647
2,7585542281165125	0,3129985142481124
-0,5693635885996329	2,1488661016678425
0,5972831440671662	0,5163656579017109
-0,12963684527016972	2,5319259587393272
-0,2749654750016364	3,025972863510309
1,627792602939909	1,75806532816371
0,7469403567939304	0,9512681469210015
0,5790271479869393	-2,76898620048439
1,8915011263532362	2,3026810752346627
2,2225297696786512	-3,051374979857173
0,6614032326907746	3,0369981864759183
0,9222377615206867	0,7353009244607632
0,28898519331740924	-3,1391485915296267
0,40907768022524105	2,83358412635547
2,712419175467854	0,4234081790290497
1,865793275128992	-3,05074299717794
2,4700851540070285	-2,4917514163673395
-0,59132001290561	2,7871775611097247
0,5825385538065855	3,362343742593661
1,9872519750800126	2,1933888403118478
1,5980080732685675	2,2858734015843085
1,7522809540871342	-2,6207781269539074
0,23864695040159223	-2,8153569558286096
0,22321792629673387	-2,6981226372001226
1,742094844820804	1,3953038183311495
-0,4856932156080289	2,5245562909866783
0,5234377966316659	0,7609472088821299
2,490559036774302	1,4587007683626299
0,2944515363199578	-2,7565393801413727
2,5582999090318106	1,1185357355671925
-0,30319814460144734	-2,5955272440560035
1,5284925715086646	1,7806806702303222
0,42958494188472085	2,906946432331452
0,6245042507359355	-2,9066662449984677
-0,4115167550851262	2,559706553153443
0,5966072746151321	0,8351301379748464
1,0189307207279548	0,5609344432065315
0,813128523310522	1,3305563168286403
0,7677547150894037	-2,912821899251374
0,05978164800291752	-2,629793973182558
1,4911858073402136	1,5391611097978841
-0,1831255229045048	2,647380813653119
0,3499309467180367	0,7800736162121114
0,16694441975094543	2,8441960261978494
2,457657678235006	-2,2734427294654225
1,206306657443533	-3,131597028727118
1,4598318182226544	1,176745622922215
-0,09263533238524135	2,9591528509157685
1,7634776311681006	1,1813313648657573
0,00861006333451031	-2,4122381672763
2,290346302591777	1,3060519129924737
1,7518103296687273	1,533521620732813
1,965739507598106	-3,169999066076402
1,8669392851185178	2,2221995527730187
2,2467808913159	-2,466023212254311
0,5896556946581668	0,6305794836077585
1,3118369274463744	1,0166691355638502
1,424372723897965	1,3515617352755462
-0,2299643324705808	2,5368280097458915
0,9906411422974908	-3,090640750592735
1,9669876196199005	1,1455452102090578
1,7171457055694366	1,2240186162076534
2,124617062528646	2,4359635434341724
0,2767459746230615	-2,9589864502036343
-0,13832242197183486	-2,5483465034735375
0,1449163490099582	-2,2785924388842553
1,2322608949932463	1,0711642899940848
0,41514815976606156	3,350345038491985
-0,5420298404135837	2,9532358608253855
1,6859682458748217	-2,5358401109418467
1,8844499943392252	1,6707989500172309
1,4436310972175086	1,7198186583490065
2,629252519798582	0,6300475557689178
0,014636401254018216	2,780300620160053
0,059467131641030346	-3,005118185403748
0,6042796638566088	-2,8177567133157133
2,0963017288959698	-2,5172573750472833
0,7017257515799757	-3,357900637160009
0,4164444186418056	-2,639445132956623
2,436298495760409	1,1057861027974552
0,16203093116852618	-3,0341903514904542
-0,3430601879734032	-2,323413686395882
-0,5141997492596448	2,6069300759289344
2,3392145187750693	1,0690819838252774
-0,4127901240714318	-2,430704383354628
1,9656639744669337	1,7550911132309346
1,013918725013038	1,1880806644676174
1,5636842143685317	-2,8354407125412013
1,2331221410860782	2,8799351925023746
1,4585654939497128	2,8553126226038557
2,0126049324919064	-2,67174387503731
-0,1913907511580566	2,863442248367975
1,3086460969281912	1,0032426923414983
0,03729564552646103	-2,853420605770965
1,44611405679801	-3,5121947316020243
2,2843753400968074	-2,8623727203677602
1,8942213247673167	1,3844314994837916
2,7603601349253903	1,3373220438511968
2,0785370867530855	1,6650806624881012
1,2229004229975011	-3,111771313462796
1,6017771627805752	-2,6983201318589707
-0,17478866827754902	-2,4979630310541165
1,4509082898981194	-3,3017219116363394
-0,15968876586509728	2,8019740300526568
2,148396720786231	1,0557680387164863
1,2596899641912975	1,7094602070751257
2,85547908162064	0,9244667451258094
0,9743202294167919	1,043017937327454
-0,11240848163897432	2,1844580670072875
2,606589723593884	0,3027662209015826
1,7331414082148868	-3,0843922444472858
2,8531134913458827	0,36083890565398086
3,00524236476317	0,8132136015811448
2,539239329015727	0,8292951831810204
1,6495708613536753	-2,7156449581604307
0,8463239059496064	1,106667098175235
0,4763638060486468	-3,339562374282206
1,1140508280116828	1,380144253922604
1,656993638912248	-3,221158206102444
0,36788289451710754	-3,2565804675630945
-0,36417520425626715	2,497621924538691
0,7023550233441187	0,5984952922314531
2,413711969583173	0,7360164046366281
0,7944845989382044	0,4914813364554174
1,0864791909914502	1,0360633096898426
1,4749155796891347	3,1850448232203066
2,861981885788415	0,9884180085384356
1,6293736822164042	1,3993669392113024
-0,456068330374074	2,1589430159774183
0,6468321602341357	-2,931593820660381
-0,17460704075783084	-2,8602027872406124
1,731513687344718	-3,331108707637891
-0,0054107294121295	2,4909310578936967
0,08354310106168161	2,9045885499651165
2,935585252817571	0,8732039204937505
-0,3393233381976284	2,8286428442732223
-0,10098566013959975	3,0819198365451537
0,48594648339402025	-3,329012374197439
-0,09269178013307078	2,8095208296024365
1,5898046923000957	-3,0076782387307928
-0,15509667800749072	2,683253429484977
0,6746790321048655	0,43526827623750586
0,3507395224903095	-2,699252935356601
2,7529755431822585	1,2026115906231243
1,874794235415146	2,934890160101463
0,46775455903956187	-2,839129515301485
0,8909929340661351	1,4199572332618018
-0,5901014597172636	2,5726471072605124
-0,11287895391803615	2,5032359610209207
0,9037291095159575	-3,068972962221049
0,7499923912142032	-3,24929881834357
3,094054473687291	0,78921739128401
2,8096335304977513	0,314071967219717
1,1851938507881878	1,2253774687723422
-0,02721432045515182	2,7983109067686334
2,075694412952644	-2,644618372932258
-0,3759799335165621	-2,392777482372339
2,1265054604018174	0,9933054243765087
-0,32081739538066434	2,897857787242559
-0,18827065411082755	2,201209454978389
0,7233794549550547	-3,296887566209923
-0,24621534809173484	3,11228012866068
2,257139671316613	-2,5336268059602562
1,711648693400917	-2,7822037844713794
1,9395583197267783	-2,72257399213589
3,0742700270707397	0,600401715385744
2,843042656665011	0,7655994805887872
0,7052382134920103	0,5608058712497025
2,6104940952205355	0,36232470509905085
-0,2640255128665925	2,708787408974885
0,851125773826704	2,986971308309352
2,527298253377237	-2,313508539632516
0,04690254747536571	-3,0939254349318777
1,1828120292644821	1,6779707743047518
0,8489987859971111	0,544149183169325
1,4401446692346704	3,3639752235129956
1,2719086258164487	-2,962690790067875
0,15001588847821734	2,689774272387638
1,9233078177971403	-2,171124402774511
1,250884477492726	2,617131438866445
1,867210316524273	-2,697241652906535
2,4279163280111344	1,0149922861424887
0,8056531774244755	-3,2961774438425557
1,6874514220644112	-3,0703787402682616
1,0910224424258335	1,4796750590158754
0,15460365397530462	2,9974146706427645
1,6787330802061153	-3,1805063892971615
0,5856955179744919	-3,261387672237949
0,3455378103684379	-3,245835383296207
1,667423219798982	2,2811167371414927
1,1752304610743503	-3,277316812601237
0,4736856203574327	3,5732922731329233
-0,2681543897348204	-2,743517881734197
1,8146644804398302	-3,045899073978265
-0,5239483917864847	2,562120462358246
1,5550797435624393	1,6330693332352462
2,1410604424620625	2,1167510933353877
0,5570177711999278	-2,8203186409881367
0,22728400822502354	3,4823082831396084
2,759702279295129	1,283821693626312
0,5727121414308161	-2,789986235755035
2,6105247070959106	0,4705581596696309
1,0711739341869049	1,5681831741180452
0,40403481687447335	3,224736435775289
1,5112566904362297	2,266228051054577
1,7986698384155215	2,5627974173700236
-0,1384153920245027	2,248588001365959
-0,39733950368706705	2,9551858656582484
1,646335791445029	2,612090019166665
0,6120752276993102	3,0064901791206555
0,6811912603821988	1,0137836697100542
2,366463047588546	1,183191809634665
0,6877194524394215	0,5773241202981765
0,4846582646118354	2,9124636345649253
2,1658157606398927	-2,508445159656275
0,7123477077379605	-3,527424062905121
-0,08164010993814741	2,5200871019309856
0,5746650118550841	-2,7676183441968356
1,4998017581018401	2,1844558072121854
0,8751827455519257	0,6988318475447284
1,7130432554609183	2,4259383972022266
0,9537677348730809	0,5532644805813639
2,1355411441016647	1,124659314434171
0,5229642172786193	0,4593701071542296
0,10687085286255749	-2,6566396217853274
1,7790457481502	2,725281374103301
1,0549161736592338	-2,9609820480878017
-0,2126233940722424	-2,3554939770702927
-0,3099178810049016	2,6604929553477117
-0,1903807226571892	2,5058033375568556
0,8754821015260652	3,457423609353498
2,647900167908611	0,6952495266204094
0,9322797090824271	3,1380656494557404
0,860651004690475	2,991485398599836
1,8613758389260386	-2,579130165186218
2,3978692236906456	0,7645965768952833
1,0684516403735802	1,0637297780521977
1,7030969435442722	1,375691983343992
-0,25318066121867266	2,7651857857151305
1,4584049606584246	1,2696640975245144
1,7000310614290752	-2,5870399125232706
2,1335131272579355	-2,1336223291859353
2,0094025257354193	1,1405758657469698
1,783037389734068	2,763376833800019
2,2972134607505503	1,7032764517909882
1,8076150616869864	-2,3462085106411013
1,2947593111970332	0,9816050424242474
2,4710692709839575	0,6879378722011003
1,017395873647593	3,0991693822232853
2,2582002880951966	-2,5651599178889644
1,2618130188777794	3,2348440793152493
0,8819154282529584	0,6093780199112915
0,7277942447602028	0,8911613682954966
-0,2959531711876985	2,556889942643132
1,2304115480469406	1,4819354813629448
0,8753467467977911	0,8415742050363587
2,9548405503719177	0,9750056744805187
2,829716217449608	0,6836156457697112
1,7780518123541702	1,4067996372493743
1,6544544495970706	-3,0095225599856374
0,07359337281850475	-2,61792278418716
1,410080628080481	-3,0504411035497867
1,7278001702276478	2,8262124224854444
-0,15126882613753756	2,1692653996754983
0,9287114700976897	3,5137996467717763
0,37110442028821344	0,8448845857481402
2,24434183622554	-2,9707395669179526
2,8977338017264382	1,2037673897907637
2,4402710301423136	0,6451244106703138
1,2475790817012984	3,385863090671695
2,3102624317614238	-2,4821114874978782
-0,14944451646982193	-2,515328906611521
1,240381182543491	-2,98787010574031
0,10625672190845092	-2,6930343239437673
-0,10438628952394624	2,9015298048869163
1,3297970692133256	-3,5564276886486637
2,257852667541496	-2,09867345332931
-0,8076864750767785	2,214583119724268
-0,18276858887718261	-2,417543309087387
0,22521809583521346	-2,7366852762112805
-0,672189951544492	2,369807969170831
0,5250541389641653	-2,81938176873361
2,0044829066992174	1,3582217521447206
1,0535002995416498	-2,931268214421851
2,7584940061568926	0,984026201308868
-0,15173302208519246	3,295471700065102
0,8590936559872312	1,149444632467398
1,331498723503172	-3,149877438748218
1,365262222692881	2,622372517616598
2,0653312421736514	1,744101704267177
2,6629926044662477	0,5181977803362474
1,1247230279361482	0,9776839791943893
1,3602697468125902	3,080095636675426
1,9582670622282585	2,3452461903326736
1,5124581158651496	2,528678012233245
1,952821223298259	-3,1801592378690486
2,888199730751835	0,44184071595265
1,4195324092109967	3,1367802795074713
1,7616083685740482	-3,1873028297240706
0,1095029147420381	-3,0395598454224118
1,883621043534519	2,4131048422623222
2,087583864237174	-3,0351703542843063
1,927286062663195	2,522841754891341
0,9371210597682678	2,8243573540865494
1,8148432076197587	-2,189249345151152
-0,05969122699640528	3,2791173482628957
1,6976056200918026	-2,784072496302298
2,591702241750537	0,6858663210868892
0,6830359341862663	2,947130201627128
0,9650693075086927	3,2192247236457665
1,80418525249511	-2,2668033172862536
0,1962600887161885	-3,1858153562567493
1,7884156664647937	-2,308692506836341
-0,5921651227821574	2,392242134613908
1,9061780755617312	1,094317668215889
1,627833908707771	-3,3465285254119577
0,5557859274431325	-3,101199358946812
2,548132145317093	0,34308194823374283
0,062139641593503936	-3,1094546315114444
0,9193518974861585	-3,1851813283831136
1,0604792928364764	0,9169588190684269
-0,5514967151221846	2,407609615850074
2,6685627568904104	0,5534287780910274
2,498535760248196	-2,2774555416697626
2,398171406281003	1,5986543673416378
1,8592784338247037	-2,831161942301576
2,016669941743011	-2,527731548125587
0,11984355003210201	3,314797283440633
1,9216077445924336	1,7372985359632764
0,5553785762728343	0,6549120188024269
1,6656209415102665	-2,6755055988322685
1,7125540469420593	2,47076223113472
2,059659705194699	-2,4250051502720806
2,4904363865078194	-2,2705459261931256
-0,004883102865762434	2,877044036200056
1,3369186913062432	-3,1541945518646353
1,438552461354004	1,3812679797188105
-0,3360027922357127	3,1295023618030404
-0,49552763010464873	3,0083170530254897
2,75764682520005	1,3095037646704837
0,2936355355830972	-3,061632769346352
2,14369412504117	0,9637585075345093
-0,29129461497401377	2,3101274261949283
0,9535803662565088	2,846082614426946
0,9079474878761064	2,869969494154117
2,0082765111629595	-2,9330512146576178
0,2845539571464669	3,015839480117402
-0,15261656331568085	2,7059169931325293
0,9049216464534936	1,4990932705375453
0,9189216983291684	-3,514657722452255
1,381384011473835	2,368502159256203
2,05495692135644	-2,5181324119750084
1,019142911509052	1,4610485126813215
1,7994424610784212	-2,544109501095323
0,9637571045344941	1,1663064627817974
2,0005782715990006	-2,3144459255818854
0,9114187309197931	0,40552303605967066
1,2841182915512912	1,046343927366033
2,7850876437634833	0,33595257977947407
-0,024997954183293203	2,4684992707177194
2,6399831453825913	1,440992750658696
1,0782626534441544	-3,4851707679577344
2,2080982449706035	1,0860601553925653
2,150222236285323	-2,131069005279049
0,5921023732896906	0,7553535136312012
1,7620454080930044	2,133908961264496
1,8864661585825016	1,6346491238469514
0,18236836860770078	2,993032827387656
-0,2706457149337276	-2,783383238973113
0,961292931862954	0,6364778032090136
1,2229080859521158	-3,0399965097691872
2,2196561605551373	-2,2872405031076433
0,1470120449785649	3,439754048458635
0,10320159623550129	-2,6954793055595445
2,2093990376352384	1,2381627398752793
2,2697903593763433	0,8966546237929892
1,0322205494596965	3,0992516970033477
2,7780183172420148	0,6866999575943126
1,0069297888111701	3,172644896240153
0,08610892966933692	-2,4614398445150996
-0,6354714345446757	2,5697176104029467
1,8096282170184874	-2,4951972565856906
-0,36688154744667356	2,896997191180194
0,7715259071957419	2,980667822671758
1,7183654391254461	2,477099180545804
0,13796012333986618	2,669640387850544
1,9484857166788911	-2,5300743529275467
0,9837376046744912	3,0647703583791412
1,6693658648493197	3,0834729377182186
0,770764374589904	1,1636915637489316
2,176166679144047	-2,2866542568072803
0,9452941660087707	0,4265388478781489
0,5959302005946137	-3,1341633479160995
1,404279628370527	-2,902161292115999
1,5740619829246638	-3,230006562538657
2,0660422039218163	1,2490589105825916
0,22314292684419074	3,2961350562246454
1,7428272566463021	-3,350334879971541
0,36629064500310704	-3,242261202612217
1,5066536676311897	2,594162130354591
2,8058500101442307	1,1604984241081007
-0,5612839463184724	2,7846226867505157
-0,3046673481406529	2,672806644501104
0,37437111834806647	2,984785962707299
2,508773683203688	1,2581828982723464
-0,16242253900610126	3,0991868589103726
2,8127416626220367	0,3724785020827302
2,4507128449780047	1,0372857088078564
1,8596283366450144	2,9982256783701535
1,2977676549555741	1,3177442191152229
1,2622898112977667	3,2138257578223737
1,3072212460361676	1,2104749469742062
1,274475348757282	-3,4988634057831747
1,1972017755077875	3,156396951459807
2,3770851201422856	-2,0550178087450335
2,2019903320933816	-2,9370197976250374
2,642901913737665	0,40105505603365155
2,7244371529530844	0,5098681788378643
1,485721791105745	1,5513495932897645
-0,11727505839947727	2,571977251474677
2,4265919667432616	-2,1860157925824995
-0,06862468461112847	-3,0333858447720474
-0,28534960379590135	-2,3764481979067793
-0,6199433774875609	2,3571258223071965
1,6730664499033714	2,4776508188603517
1,1324441474913	1,258271551215325
-0,3773188874995195	2,334821946427746
2,5212140988984215	1,1131772052005946
2,312913655336488	0,8945398976141283
1,931430930755318	2,437598992894798
1,7804842471257056	1,8139627915224221
1,7609098268675585	2,164372049850964
1,17787603784988	1,1649572699139017
1,4962180125178972	2,2921065443681212
1,454840435650872	3,075122543201818
0,6580827651816694	0,5917954772420013
3,1746971188430955	0,515581749417453
2,3698312649764643	0,9892399256616297
-0,10482350397069395	2,9680517934034687
0,7279445352186351	1,0310887573210759
0,015217221156797911	3,28013374000395
1,3358669817052211	3,153676985147454
0,37643166521655635	-2,793040050489767
2,7114454390252862	0,8439909618677992
1,825401997688361	-2,1254931588906327
0,45169330592484913	0,8464712764452267
1,4538037096753085	2,422614415785162
-0,21327990001922337	-2,2675551003154677
0,1966513585780073	3,00463673994718
0,3057318645742151	0,5010965921407868
2,724412163998854	0,5359643392642343
2,319070691082885	1,2675610866151892
1,9036765409004754	-2,7407488339155415
1,965408369957702	2,506961819533582
1,4164566991341911	-3,2154344725289183
0,40161711219129836	-2,661986646131778
0,07947504565373831	2,8272092183480155
1,3061420724243304	2,838232269500586
-0,16609030174609352	2,1312332922646635
-0,7580532290521915	2,3510827339491716
0,6548661081189026	3,6057415983216616
1,8840389972697458	-2,2598712982183806
0,06281348580960133	-2,390360336123639
-0,2948934784363314	2,9654067699429136
0,47977819617038486	0,7436886477111371
2,1153477312730797	-3,0792662856191026
-0,2515848558655981	2,996298289294824
0,27569611489553913	-2,7696466391982524
-0,04952802543879253	3,3991846812484394
2,255984145985494	0,9589973552010821
0,8474217597464491	2,9302074018770803
0,29413934632487454	3,260199837525147
1,4550645524692676	2,176134296044557
0,9383688267759027	1,2458752681555747
0,8504265992162532	3,134162222535127
1,9894163567002408	-2,2785557816519635
1,3995997273144334	-3,12634103699594
1,2795515409955411	1,64438355841928
1,4886580070328237	-3,0112179919512605
1,1582848123995815	-2,91396014647424
1,8838193897390338	2,396854274716864
0,39570108695657424	0,4495189281105007
2,1016920696325414	-3,1155263169576215
0,7815644363634813	-3,200840128699576
3,0561604358010115	0,9144586991278274
0,1293087238081534	3,2572469658982346
1,95185129064599	-2,4229040116747758
2,2044667464059136	-2,817541478380099
1,815957758669098	1,787037758051284
0,09388690766098684	3,3950595582279766
2,2346790721640395	0,8780543351296862
1,6639160972980247	-2,914487860306074
0,3378757018491386	-3,1125154619915203
1,941977069095182	2,2367062065502723
0,9428202295827202	3,1549993236597116
0,15567976603268885	-2,389463259688294
0,8194681176561657	-3,2862027550644273
1,9469758980978777	2,5928430600216146
3,0550736516960058	0,5948363571910864
1,0147969922158278	1,0604296305259586
1,6689241185713284	2,968499221041669
1,7790491448469292	2,919002384886662
0,7483040247765602	0,9925645176812186
1,8644600125731248	-2,346893321679525
-0,21170445391829484	2,5666847110401254
0,182106929415418	2,986471382807396
0,29942996322019366	-2,881103743138055
2,845968509942022	0,9938271122550948
0,5547052005892698	-2,8153124190958234
2,498885564506158	1,2767877751888792
-0,11241547995183232	2,809986330262906
1,7629690496673762	1,3914655047633022
1,451531626558931	-3,0217318323347184
0,12320347079422933	2,781228560493836
0,08410661208055448	-3,1728694413212937
1,8133751846039279	-2,937553571087957
2,5359277149810646	-2,25422813225223
-0,2300053304480173	2,6587009378730153
0,5684910778109902	-2,8446010332984732
1,71349399797953	1,6532652246111417
0,32541352063946616	-3,411435980516993
-0,044399507677648886	2,7993705088706657
2,8613681575484198	1,1652582064883668
2,0803218918857547	2,1801904905157383
0,9000991649766046	-2,899629672820324
0,323228511356064	-3,146847874356123
2,274227252461535	1,0411590910223252
0,717688784984376	3,4565427056421125
0,9826935662863315	1,1855105008266804
0,957989624398956	1,2402790227732
-0,5357150460315614	2,587328104917945
1,3535418242804464	3,0707645913854607
1,0523468458932463	2,7682950898280545
2,3692628245598004	-2,4130948525311102
0,014967764720125842	-2,917117246333729
0,3994134903566944	-2,691402258523702
1,3344561318343362	3,442145639680186
0,7382991712267907	0,5933800589721369
-0,12090231816838082	2,251637515521112
2,4862721988838055	0,9614049960088751
-0,6748831073943828	2,474596752876581
0,6412478985701479	-3,459590820765137
0,7875059722142314	0,8906206796294116
0,13798019050750487	2,641818594159246
0,20508636102556155	2,828779699759125
0,09278066236608162	2,7650270373692893
1,7464675733002442	-2,883647256059195
1,9411442898721598	2,8525504278172296
1,304314780155439	-3,0428293958651387
1,8838390215324985	-2,0784990663945826
0,33565613680845185	-2,5226636223196977
1,277229610214153	2,877642624268163
1,4190737747308022	2,3146616589496576
1,2019320160431235	0,8905364600402079
1,853353665214613	2,589788432851723
0,9121306332472867	1,1904839686361175
0,18020366390669507	-2,386005354283406
1,3880899120607264	3,423859335722976
1,9639030595351836	-3,1931307962229893
1,569950476812242	-2,8654241147072597
2,8763849242989066	1,0504598373934155
0,6429831678924665	-2,9728921241783945
-0,025491611642595613	-2,593523004249308
0,60529986797541	0,4498518231045762
0,10536500785327463	2,6807520943600913
2,928760380528252	0,9146421255306235
1,6913959805352565	-2,8179882010057185
1,6039960790726364	3,1990342453248957
1,476892930722451	-3,51841137497865
0,5544596654431666	3,453909004694034
2,2478778869879363	1,4336875114147658
2,2027302144521776	-2,3410783519493457
2,344562600185108	1,0318436443928616
1,7316947756624987	2,7502610891355133
1,9470101161269504	-2,8079875928630127
1,7715393951659082	1,4859695202421326
0,6978657536291242	-3,2545993472863977
1,8705202411493582	1,718976852955406
1,49081605981101	2,615605227933864
-0,04824370703999814	-2,7720209092618897
0,7013874871367998	-3,2180693962836275
0,6788524200915764	0,47356462373543795
-0,04642020466226504	3,2849113766449505
0,45368059735216426	-3,2598686349861823
0,951468184116682	1,498541354746914
0,870993568260295	3,5929200873671077
1,7525209556374182	1,552213809912884
2,2713896292107587	1,1211580264753298
1,2407079088613655	1,3061861974016777
0,8991318181763697	1,3620065880582273
2,043420110172689	1,6991446402884243
0,14833970998464763	-3,0283878237255704
0,7186919910455625	0,6644659938658577
2,002755307076684	1,550816230771467
1,470955283172903	2,412315267648476
1,6270341762332454	2,3999370659236514
1,161787521677442	0,8484820323869093
1,6171532518703193	2,165713263606307
-0,13188419723445732	-3,0078063504426114
2,0852138394614808	2,4704694804964986
0,4178335019195799	-2,932405145532655
1,304307617226801	2,5924443726012
2,6099313675371194	1,1171932470115293
0,49724655125105266	0,4974424105797226
0,7708497654314026	3,2530996075972842
0,777114870354113	0,750700031370884
1,4223052849989615	2,4636369597612124
1,2531222028365907	-3,373697363428155
2,9070864978815	0,6088323382849717
1,707014863237384	-3,111600743154499
1,083529115413188	0,7780231670822736
1,8819103553012684	1,3415534232884847
2,2934631303274946	1,705619091214599
0,016651280196953056	3,0431427696300086
2,614517682783842	0,8607195840519994
1,3475446572365155	3,4286405599790992
0,7124376654987934	1,3530146581702684
0,7981675183163139	1,0159392957554105
-0,6068193143271321	2,4068860053372916
1,1347131257070886	-2,988477436403595
1,3703353014423425	2,6432238022163386
1,8681433395431872	-3,314016254262318
3,0364646856916293	1,0128470120989848
1,5344309335396944	2,37455304391968
3,0163847352089874	0,8434476537364405
-0,09235510545972692	3,3642010272441345
2,762568640435237	0,6376404805371989
0,05332347290826156	-3,1510370658322935
0,5861387011959192	3,5393755924063797
0,9144803105365462	0,9645967351063477
1,7864563289954813	1,47101973301725
1,8736317527566844	1,2953775606863138
0,7444860904510039	0,7004483550029141
0,7290915561537651	-3,069342200703231
0,170632821346006	-2,646084527818199
2,1940071767461724	-2,989962772076374
0,8053400888250943	-3,088992434755529
2,616242469216457	0,9484729754262249
-0,6643557537677027	2,1338679239554375
1,7379095826600262	-2,6387777411605304
0,39327661847855033	2,9875223984593986
1,183963135022096	1,4479292058703799
0,02587680375705559	-2,469688895815244
2,0974845560391104	1,1445133701924892
-0,6434245848675195	2,2065133354603153
1,9786613389242758	1,4206276296825553
1,984638197701634	2,797885355531391
0,5541592881903077	1,0090530933008695
2,764984303906071	0,6065140659665961
2,5278460889748087	0,48818647343380844
0,5650540686543541	-2,7761498109820946
0,26132816675506354	-2,534884766595102
3,128886013801605	0,7074548275256082
1,2934158189604936	0,9798348596070494
2,286925086713587	-2,7703942071132315
1,5953372049342773	-3,1447125392093125
1,4861962883027773	3,0369117544161157
1,9384468305544327	-2,135793328960118
0,5924855943376282	0,8719572765556103
2,397557436462013	1,2585266810588618
1,7019237730312426	1,176473481220914
-0,5022034505331558	2,411699941025623
0,7817186917611042	3,3387528590727484
-0,6288369912400089	2,3748600580958366
2,1726267318401504	-2,1033854177968805
-0,10025505566238291	-2,877243214134082
1,8842003082864334	2,1305467292111957
-0,11536191884537117	2,341019198739107
0,9936112750303034	0,8509873426812604
0,11868115813777802	-2,477916865945489
0,844294457727536	0,9792404671548735
1,7768049316328907	2,754783305634964
1,57058607782015	-3,131573983863497
2,329853753813571	1,037617297120148
1,1235541800916526	-3,2629716872921146
2,2778293031317998	1,0299762621490336
1,3457845892830855	2,5105853851676114
1,380077650446188	0,9844067151143169
0,4789972859233862	0,9047920473205449
1,860228210409916	1,266218600565956
2,414094698937636	0,6856708397603988
1,305159287492451	1,3637268819274544
1,0475281894255408	0,6697742612760992
-0,0036626642833139655	-2,611331066704665
0,28611228221583307	3,0641059845857166
1,0255602929642436	-2,9332195043954856
-0,6466579906475642	2,2906613877209465
1,205592127390044	3,3637140810442165
1,1932393286649097	3,4751757657647984
2,5712082159582526	1,3514931245706072
1,8778806806866264	2,6858503336957935
0,879887589164161	-3,066036436671755
0,8338990996746535	-3,551702650026166
0,46725397582460937	3,4736204689943775
0,5785026994957506	-2,7463546997582418
3,1193413045480325	0,8842154420920403
0,6493929266565617	0,7246094559283878
0,23642656843410925	-2,2432937740504126
-0,51477832131544	2,8563239699254526
2,2417767095460186	1,1565463796481108
1,55495385442379	1,5584952158757681
0,6381777622889903	-3,2534695270335923
1,0031398416984885	1,2794434621726145
1,123588969806482	-2,96648492428778
1,5924269338199475	-2,943647026286782
1,1753250691440909	3,2412803302109756
1,9466081808121232	-2,789761817751119
1,950682879404929	1,508212325659829
0,357982966977636	-3,0065547954490803
0,6503870243287624	-3,360756496284667
1,4844017785296066	1,1657219107595218
1,5454106955170221	-2,704908391863732
1,4582247332212588	-2,9495537624637254
2,237464890743707	1,512542419685897
0,5900562952789338	-3,2073953072624013
0,7153682254162613	3,3498827030047593
2,4474804454426407	0,5717465357870277
2,1618059763018453	1,192385464304789
2,303242233070377	1,4275977117017575
-0,2791272656596643	2,4462202222831744
0,2554905821882556	0,5440433430542895
0,004725620739428393	-2,442597714930269
2,097144712270847	0,985389736067147
1,4421421818491917	2,8299641449995385
1,8245094206791252	-2,7358706615599315
1,865539174808453	1,065688507825299
-0,17150433662446596	2,2507405533054112
1,8868338485732594	1,1829720802772905
2,0322645811839846	1,6990814551004847
1,3106406685033187	-2,8670847910079647
-0,04147550137736489	2,831400945630957
2,0097706029714457	2,3224722631966244
0,763822315044103	1,0480909397981761
0,509324972563403	0,7070796085856756
1,338369516757294	1,3724377984087837
2,9973947640635803	1,0172160662800063
1,0730228400982753	3,3573315247602533
-0,2023488892433456	2,7642161855750906
0,8750597194574544	3,1208795793671023
1,7244226130432627	-2,7825003528342607
0,8802412266215254	-3,3699141279602083
1,0527860791467452	-3,3961057553250242
1,5155929781194584	2,8315190930774636
0,29663900601627713	-2,926133604865435
2,2486470411078905	1,4036451298655184
-0,32729711552938945	3,149026982112731
1,0398227567321385	3,058625938813506
-0,3232774478436974	3,0564022662022112
1,1673843406760287	1,0058934903632641
2,3431005893282366	-2,6533696877977553
-0,27330971361860246	2,215211969099877
1,5610930555110023	1,3658084527669614
1,8877749008887235	2,4518130334798123
-0,01526233667714294	-2,4355038643847884
0,10559458172343716	2,8455849575748133
0,38759284106049485	-3,126898585010457
-0,017957974596711335	2,4383579336328465
1,932704772263706	-2,593483110630245
1,0597874654209072	1,327207715793854
1,0799447260738118	3,027544166245427
0,7396016005927835	0,4083256248667425
2,8017566054002288	1,1734838863717263
0,9415687576045434	3,033109756833248
1,4663665432146418	-2,7779693049422804
-0,14517859120983523	3,1089969503986272
2,820751384926427	1,21016023143101
0,3657084602945364	-3,4653909918515358
-0,09215636193540577	-2,862692361955996
-0,35689068935319934	-2,331320671335727
1,0001657462459748	-3,1727418081179533
2,5613404552370715	0,4060886028587519
2,0969533580158615	1,2437125130192404
2,052115995031044	1,0754403517582662
2,0908261822689393	1,2059608003548736
0,3198226508313181	-2,4753218118036773
0,2575717226079328	0,39077189064604234
2,6596144485309567	1,2476276327390163
1,6135242457678545	1,0897934507794036
0,019476638361428877	3,081133109088173
0,6220833350393753	1,3069434824020878
-0,2293752216513133	2,7126317566673297
1,7035811877980673	1,1031903174969548
1,5651571840258955	1,438265473386326
1,6930311990712188	2,237379781541857
0,22876161495909736	2,919374024781126
0,9627574027465423	1,3933922722806302
1,9970800220021927	-2,801973819341444
1,414048768220645	2,2545343856494084
0,3142344028410684	-2,87782405800659
-0,027841098481000692	3,2824742015720916
1,8022580694444612	2,2443481178310707
1,0330531861572911	-3,620918108665319
0,5185961379898572	-3,1778701619869967
1,4470550401692965	1,1712330312039878
1,363251972563326	2,4809729291814846
1,935458558963361	-2,3442161030685176
0,3350133511645994	0,4123862485469246
2,2800929850663723	1,0316339814554785
0,45649189131415024	0,512050670245761
0,9685360517012142	1,166288777206306
1,4659310466104247	-3,2830770347530343
1,7365273071309928	1,283245386410233
2,726781690000899	1,276388371287101
2,6632831220509168	0,5815949514120741
0,6427775501527728	3,0876034304728055
0,920817317967602	1,297952424302624
-0,39734985076170637	2,9588932472287426
2,4571609139936568	1,436632776762332
2,7943871384891277	0,8955655091897712
0,2765042145443446	-2,7478576041200107
1,9864764983331245	1,6005094701320413
0,3269432589637334	3,0724189676343188
1,464632373317246	3,3434877210340397
2,827614737584401	0,5911561554925475
0,23663521647508912	-2,3544123900996325
1,3987998476939363	2,5510165732377863
1,9521741224582445	1,4303663592570264
-0,3219214106334459	2,6030997626605994
-0,010774433870446187	2,6991283301191595
0,9501489483952251	1,5769148224499547
1,86714135329457	1,2759374025013945
0,3566801665048648	3,1584459248562675
0,42744147225903273	0,7747264811286192
1,9643972523435214	-2,3705833403260077
1,7835330234138205	-3,1371470030983124
1,653250308497717	2,47407122145129
1,3555273720078138	-3,483487583897049
0,46214188841479165	0,7490562356544747
0,5302009987541605	-2,722734928870829
1,8795912788503137	-2,2283798927236704
2,2047200125107524	1,165056195157121
2,244343881143839	1,456155607366608
0,42748021620892085	-3,381306714711834
2,212737781747167	-2,4159530090472074
0,9005525346442829	-3,1928180037914666
1,6614357026678894	2,245821309718295
0,69246782857932	-3,365795791398007
0,8032363292778575	3,130669529710781
1,3192855054857509	1,3946890342650076
-0,43272455386820563	2,891546684307295
2,4312893493662204	-2,4185313983125334
3,1191049017877397	0,5877950904424631
2,528535615297397	0,40028174804461913
1,871701881384329	2,259498231697855
-0,13893211977605358	2,274067575170692
1,9046254110257381	1,7184568448679511
1,2379434260976458	1,5611107236102528
1,4852649838810617	-3,1721609122816377
-0,2744483014900454	2,192938886082554
1,9014078483128602	-2,9161279106130342
-0,08531428038763822	2,418072952871721
-0,017018039718752598	2,7759759222226306
1,1400208541734131	1,512737593709081
2,287601934385847	0,9058123550128265
0,8154191893494626	0,600668603580516
2,1387573323854294	1,2935543025989962
2,3497292951008446	0,8805195410478676
1,5742354825980758	2,2914914860915845
-0,4361733714806182	2,8230893834472277
2,4361965781289476	1,0230820332245176
-0,4800835930966112	2,576944493408581
0,9845179204076262	0,8104343509745473
0,6115352129249991	0,9474462034319725
1,6400106235393443	-2,835398655406951
0,5986791818069598	3,5968302867952744
-0,4453331514709813	2,9340981641783728
2,073180139860728	2,608880759371483
2,054291062137751	1,424167925183641
2,321886572602181	1,6288838536609413
2,186383959876073	-2,1662414593824173
0,7510536625851724	2,9304404678769047
-0,2188730355150068	2,5773813742650913
0,49221308817304865	0,8286813911901366
0,9752789644892061	2,8396052465616455
1,2412370248607725	2,956252337179355
0,7030395279522024	3,374966894864954
1,9440605332754954	1,1204075541659915
2,64102543279093	1,2911834720799018
2,3538027566128203	1,473729988034401
0,1203232915425102	-2,8247361108262927
-0,048055646891513315	2,5730214443299264
-0,22329314810847434	-2,659415282575825
0,9109921451826983	-3,565851164816538
0,2024013556765848	-3,1634200105395154
0,6254882293056598	-2,8830349805671096
1,5627614971393566	1,3185538190655397
1,4077418229268164	1,3286469524297466
0,6087987537779289	1,234900342919368
2,321063861734805	-2,4798248637955407
1,5168402250253412	2,7677327843036585
1,2107865980560866	1,2874233143159586
1,644588162445991	2,2204940106501314
2,8554466298848817	1,1655472970086747
1,149221192969769	2,962359338702291
0,9811807891020284	1,454779006011202
1,9978082115765476	2,1102836407219585
0,8087681077152877	2,930948889497576
0,36020179759073656	-3,219107651048649
0,04238227178888232	2,8256608824242124
1,7028687764187849	2,114105249338915
1,1573928019301238	-3,343460229829363
2,516170669541018	0,36432095160980177
1,3323607570333653	-3,0437647738035567
-0,5532442008729668	2,511367715556789
0,27883220307241274	-2,4453539244264064
0,6850684826214399	1,0670313229295014
1,1274563896627923	1,2638727368714955
0,6703190934156634	-2,9016115963600932
1,5244891322683842	2,9619580073774947
0,5689323088479419	-3,4117667095318627
2,7585547623510482	0,5125475652211569
1,7763023412887429	-2,8971953101656363
2,044064577793127	-2,1985818061453744
-0,5095113229678065	2,885853180175693
1,0855394019456774	3,0442828514162277
0,5962971996131388	1,1426107964385173
1,4234859095361623	-3,0504450715883404
1,8873973504381059	2,6882301176482724
0,2666843626469779	3,139765840144608
-0,14115587873142	-3,028453823334469
0,00030663862090718474	3,2261188183744123
1,2918135666757529	3,3486098075091464
2,814896923229199	0,8689740127980242
1,9112030715319008	-2,253638334023375
1,2020804943809624	1,1473603268975605
0,521995084405305	-2,780288846913528
2,225667852819313	1,21984306873284
0,21599881093557027	-2,8576739226196395
0,0206234461387913	2,9508873772052016
0,39119441774639546	3,479787061061567
1,1486639945825299	2,7604540231509027
0,1782478793800415	-2,7652550543011616
1,963979033521257	1,2948010442740818
-0,11036243264726986	-2,4736597592178153
2,0978462603811465	1,0101594450027256
1,9949247766338463	-2,340590342507376
0,2298739690636204	3,051689173967012
1,8519264226990086	2,678738670518565
0,657305648092711	2,98155060693509
0,26368745548622163	-2,6332174999347844
1,8139467624111114	2,7426502396806227
2,3681352522751595	1,106259992114571
-0,16532682738044857	2,2295735707736437
0,08100946343210247	-2,722265104999899
0,4600499937867045	3,5901009416881884
1,8401997663822833	-2,491059285599393
1,9034689914570642	-2,1945018965439993
2,345463924035039	-2,145260209760394
0,5101916176195963	-3,3947683351355202
1,010155310273944	2,8548988565565234
1,9959381233881837	2,351534440006698
1,629410615254038	2,128961443172661
-0,30194758663323396	2,9362106403176904
1,994417424605471	-2,200965460010731
1,8304228438684418	2,375885414711952
1,3147439860305996	1,2997687374804983
0,18799580463772048	-2,477701382680104
2,3336691236377765	0,832520364367628
1,9977789331623101	-2,7931001155581994
0,8896375156250742	2,920209532896836
2,623870248710177	0,4188541141418062
1,422753653949416	1,1061342730415367
-0,041169396796063906	2,4675607677848737
1,5919199171407798	2,495884750210217
-0,049849244052647235	2,8418058927604575
3,1286709802452224	0,28768772456517305
1,1066111246927	-3,4703070895505563
-0,16252920843322272	2,975271368443319
1,7882248638095062	-3,2385419203730215
1,3909234249414713	1,0864508687145729
0,3235630435607282	0,4947574919528429
2,0585709607350586	-2,1433232749838513
1,6118724950808323	2,3336708075292623
1,235482037771972	-3,0086435796323148
2,07823052720868	2,578396106918702
2,868818287782463	0,5216692282680446
1,2708735810625986	-3,4614750183695633
2,017289912198685	-2,34984431445109
0,6466573194247893	-3,304994329116462
2,757420001860532	0,8458416222055776
1,1008351261278932	1,3604356745354331
2,595204856630609	1,316452086597708
1,92118320244405	1,1919314278509376
2,2987531995658257	-2,786505321788968
0,6495649696988428	2,9342843379525894
2,4912651688311143	1,0873893397678474
0,1511288983616963	-2,4390238806749998
-0,37039999304187843	2,746090969480812
0,36298383470013074	-3,451062957582597
1,3917991948773014	1,5315826722485766
0,3540005773292149	3,3410043905616735
0,7281029102944854	0,3817481344457092
0,6272235357760407	-2,922716111452565
1,4025951190676416	1,3733948662725828
-0,26600302376101426	-2,7125542202062447
1,2170580478736184	-3,2183530609626017
0,4666963146416252	2,8826597108802345
1,8397620786377897	1,309150683117944
1,6975385465824517	3,027393884804633
-0,01967203593291511	3,3374906801533255
-0,21145664203634162	2,6122295417812653
2,009017040308288	1,0241995808921225
2,078573705882267	2,1513976442175435
1,8391765410084078	1,179012365507993
1,821711544045753	-2,6544397481064226
2,6203080066084716	0,6468902831245004
1,3306249740247227	3,3375839103812996
2,991072324350344	1,0398752242319884
0,5415631725639389	0,8266553091696621
0,2055089260812607	-2,237195327476291
2,347495499283524	1,6169522338098277
1,1163730799281235	1,2594041215013574
-0,2564520736881377	-2,701161077807856
1,7178693793352213	-3,403410323972842
1,3851763175684546	2,545868314190439
1,6607553045369932	1,1984032486105893
-0,006196522839588825	2,4865577677698183
2,0681404589624792	-2,438681289428814
-0,25252262203003495	-2,3268945857413157
0,7536916413487873	-3,385867102012015
0,9319944263860976	-3,3245173919739086
0,29874056871549987	3,457438369037579
-0,4135868551950488	2,852833244989787
2,836559120578549	1,144945440592984
1,1265696120541253	-3,1030114390541503
1,3809831689025402	1,1374480233979367
-0,14759133325553242	2,682120095354739
2,568921696655921	0,889709689657306
2,1555006058203743	-2,848212306514881
0,9890166073425648	3,1025317934978243
1,8534330878601075	-2,411420975461467
0,22235690758280968	-2,847782293234806
1,9112757253266346	1,2962059059498383
1,4369142268725867	-3,4017347421802624
0,0974979415114483	2,8324024307467743
-0,16011454012391235	-2,3520785607537085
0,8224996770254585	0,9215935000002369
1,8215717613710227	-3,215110304007389
0,34899078004947526	-2,5578175985094083
1,9510793853607324	-2,352482988436365
2,033570812961899	2,713062657796681
2,936801333719906	1,010134221422914
1,5406933335319741	-3,002986643609482
2,045371171209756	-2,9464881875550293
2,1559157543300387	1,2946956952717108
0,7825187996040261	0,810654802939659
1,518597031980058	1,1095864555375274
2,428974295642752	1,4129932218217822
-0,6857795430581646	2,1530948412216144
1,9641774474691094	1,1211336661090807
0,23520907365797533	3,4449931016866593
1,0524571600146744	0,9364995005208405
1,2970894639315724	-3,3635871032046225
1,9154932984159572	1,2591230777989888
1,8914246157051926	1,2080783774273556
0,5682426736040129	0,8819706728391239
2,7671552446557066	0,9958066305329675
-0,15433888585319544	2,933402246992244
2,0800147652920935	-2,6226887937612373
1,0868538051588477	-3,562507613418786
-0,2267123214200032	2,409158219704987
0,5012468773571345	-2,731388894433789
0,7222186829135602	-3,466552702487845
0,6795732154966765	0,7729289506133332
0,8744025868995878	3,4704975757744894
1,9493323784607361	2,2534163299516505
1,6424087575374098	2,5706656939791057
1,1272383407002402	-3,1465496298051807
1,3667837156652622	2,9737694161814483
0,6356770246545195	-3,4977008927172264
1,7894292150186708	1,4621597073658652
-0,3047484953131351	2,2499034244162885
1,7969870868451925	1,4566678263676984
0,9025037001547879	3,3452026595386544
-0,2304304888097346	2,427953837856618
0,008674716656636106	-2,2493197714075195
0,543438590066804	3,1461613617743183
-0,17734537828711816	2,785038896379038
1,3130243659214982	1,480799297674435
-0,11133608008577567	2,3916083016419387
0,7710223881607505	-3,616037797026438
0,6506696212741552	0,4662164931982616
1,0431889752388077	3,1170883012008175
-0,3055792485956482	2,6234895220732004
2,1147253990607497	1,469996154492468
1,2531942913936733	3,1200206818497302
0,23622904664990685	-2,292949334926879
0,14849012228709346	-2,660249405539335
3,2207477190866554	0,3407010036089642
1,5385755632909675	2,643100560851945
2,590575805966533	0,8585779285339227
0,3394104877719374	-3,1318409654751567
1,624112047927102	2,3067960248611925
1,5087434394085668	2,6159724862900275
1,5041276823308203	2,275804180714217
1,007441647535197	0,5489146096908791
1,3934042829188173	3,070164303408833
2,5932818537847266	0,3962928126053265
0,2202749760614836	-2,6470622346201145
2,3285861317922194	-2,7366492351914906
2,0426182505943107	1,5591626696439638
2,893524497646659	0,37157423030181647
0,12034489260240544	-2,8241868465979456
1,133059864213807	0,8297448329469143
1,0523662824065718	0,7689680438938213
0,4738297839034106	-3,0843326541534744
1,6484158982823258	2,6364047792571985
0,682428952271658	1,2249117750755127
1,5783276853456245	-2,6876936754264134
1,9832603048305621	1,0411315224436077
0,7581162565479681	-3,0379147958707904
1,8051701656531502	-3,4210820433538816
1,5321673621822205	2,4822269251383555
1,760317948220543	2,885934845362479
2,3968711731672445	1,2205201839868198
2,3854203513746244	-2,652959590945284
-0,3656142495926402	2,880564043997661
2,693171958606568	0,36191021972085274
1,7323779488301685	-3,1654895238617984
1,1247116081290878	3,1144411908824434
1,353913932812918	2,7032644735998512
-0,22685303665238843	-2,347854164264887
0,0818832944101977	3,4051841273760735
2,390026076522324	1,0648102716452899
0,5873416260923257	0,705043962468267
2,674148094593815	1,0675868962313024
-0,3190504705620093	2,472687884732322
2,6796546731214583	0,3665088081505942
0,39127167095286475	0,8394316370921187
2,411209154416672	1,4673930010393614
1,1314757413758312	2,7969934968686156
1,5521844966536842	1,7456466665122556
-0,6245340046927981	2,4155412579408897
0,8117666285703412	2,8875311707145204
1,1423168911196335	3,284346179446067
-0,6864994929209711	2,347709190120446
0,6581451041374893	-3,0156943938602256
1,6802149056397977	3,058623318569833
1,392926126994804	1,2656626058800151
0,5192823764024446	3,1400218285345662
0,4994927860020294	-2,834488332118581
0,22557646025528133	-2,6381287880847277
2,053194452067083	-2,7968694688603346
0,09265669839066071	-3,2085419106472255
0,8191848758190838	3,4398594456875298
2,5267755477921057	1,2315409862184308
-0,5747713287563638	2,563435421758
0,9941189428638602	-2,906580614080622
0,21465226146564298	-2,4161640623436766
2,1499998139066103	2,2963514451487983
0,11017516000032623	-2,730353232399327
1,9496045140265743	2,553234183450518
1,7046085028965279	2,6919408215420684
2,9713962909043357	0,44758623559887084
1,7217951055566951	-2,6698286003093834
0,5650633859046479	2,866822458039332
0,6115376965882846	0,8799437025575311
1,0146953948284845	-3,226215112431065
0,9832513544548266	0,7865669423972944
2,1447446561820636	1,6790922574195097
1,452453523097324	2,159159553524575
0,7126213987477178	3,147906315502136
1,9036934165314763	1,2576316517144435
0,9417967980504266	0,4407454119283685
2,992313011127714	0,44913321251956134
2,0088179464643874	-2,2140905631142784
0,7052010856443756	0,8944781766120474
0,13792642381609854	-2,491552245105443
1,9641203440703512	-3,0273484953173364
0,3236396177888986	-2,490527729895156
1,7718862658755472	-3,0813732295718954
-0,5468857349154352	2,1493411211143
1,0245662177426282	2,926998497146818
1,739189066389397	-2,8856870571255304
1,7236457713997988	-3,402346996292053
0,4732590381134081	-3,3373315716725847
1,8898299614721152	2,925323030891659
0,2251653936405567	3,008361650371242
0,9472138345271062	3,260010208633676
1,135344447911301	-2,9443414821143294
0,17585437648088365	-3,060723121026526
0,8054654464934963	-3,19609433745684
0,8971047342334719	1,0901994883087818
0,37444435985295266	-3,3541071242217226
1,5396445891416046	2,105032698596727
-0,027560490915919944	-3,1412216498953582
1,64944709498401	1,3603522372615755
-0,24125357584679508	-2,6587678293083825
-0,24196228627853722	3,0666158263077454
1,161022525329843	1,3038536115440016
0,8352270347572941	-3,5934117947611353
1,7188384723907408	2,886600032456238
1,668105339077024	2,2726276791611655
2,405958923921698	1,6194936396959547
0,8629836934413302	0,4896829409422092
0,6879791294486952	0,7299191926089803
1,68723579469057	-2,9394630573053693
0,987829493189978	-3,0309205624714566
0,4855140121076459	-3,372769585208409
1,4461563831885336	1,3855282029271019
0,4218312744428938	0,896792232142701
0,8433782933503027	3,5743504903427334
2,597606208201134	0,41695021322377535
3,0886077222941513	0,3880851015313921
0,07024435508803673	3,192768186965801
2,6210239742458117	0,9526948951455033
1,8542634413781385	-2,966845413100975
1,4673515139132656	-3,4217431100542672
1,0174957448425146	2,994836893838892
2,3683435954853094	0,8807558974796293
-0,17490649145065795	2,247824686373017
2,3961179769518246	-2,0442038087603156
2,464071279571458	0,5427182498894333
1,6260217293523067	2,272432227584161
1,851713447396558	2,8762227793413686
0,47464403959560286	0,7530126068038265
0,9790227900641691	0,38209104340928923
-0,22712208661221778	3,1343481521740646
1,7523073307983086	2,4329550670286353
0,026361818802443815	2,8414587377416662
1,2749385935922426	1,6549959323892738
2,2049047990136756	-2,090440180595408
1,389119313463115	-3,2269502121885814
1,646431998804938	1,3343314311998813
2,1404020786660927	-2,8292579838017824
0,8453187738151564	-2,9439274391555816
2,144525817570236	-2,8921819398421693
-0,3890368988385877	2,2194761119256237
1,1963222197096182	2,7108666643109296
0,8621488501915515	3,195743097119551
-0,5012549087050688	2,7715906173534433
2,5541530618566353	0,7064210798442485
-0,2984499863951712	2,7216535839221865
2,5811446590435265	1,4531019677484844
0,653291230276374	0,7325774787656136
1,4842161005267565	3,2911937134142963
0,8188395742648371	3,173062472296211
2,3983225506802746	-2,35380332765571
1,4552360029095315	1,0901355364434417
0,6500663165491929	-3,0185010088338426
0,564499726418176	2,9256515337824798
1,6576989909214106	-3,4979933325216033
0,3007198281970279	3,4800079857484922
1,0422189096552463	-2,994389314512043
0,4993789176168735	3,2386165696369056
0,8041443414053788	0,4550695424187509
0,9478918575396377	0,5721018782357625
1,4195365077110864	3,365893044894273
2,767185488167322	0,5105886059522785
-0,021910921612056544	2,9906452611752914
0,5251514855306745	0,5209375743658186
0,7513124041016677	-2,933108537626576
0,6179824108421397	3,5313303541905197
1,2483689112468288	1,4957787934599365
2,085707793689863	2,564570260360661
1,4588847471808346	2,272070729285895
0,8761012879896175	-3,093919149233947
0,23524778376163036	-2,735293981073636
1,8161310295744304	2,420522537617977
3,2025179512444577	0,5396612670215862
1,4666291544693575	2,185280039838426
0,9061206647954106	1,1690915735788567
2,1376724854687756	1,0593607682580517
1,155441833749351	3,289959605374969
1,6602525530286236	2,34611374226645
0,11997955780535785	-2,7584730207220147
1,8267831141235074	-2,824082112581844
2,031588819930935	1,0134280302983159
1,3320246495635748	2,974100416807461
0,9647188846115997	3,2982525979834905
-0,00842721899688148	2,521963491079815
0,15698724256659713	-2,587199956756087
0,18597895983375068	-2,841846187632955
0,48948207446460734	0,9399805092075787
-0,3766191295005674	-2,2866284068585596
-0,3750981901069801	2,6257898771027746
-0,30608043244840355	2,222055782820988
1,5289298630878512	1,3439078027409617
2,853423126008475	1,0444952458509498
1,2325269763503348	1,6898102430236015
-0,04977471450819704	-3,1444267295955797
1,5794748247335442	-3,28422250595217
0,739448280796054	0,5065313798744144
1,4697695592543303	2,6306239601406802
0,51627122016297	-3,1392941354439494
0,053213220701384234	3,372324709940445
0,3469692925098631	-2,8166782345527155
1,4732149880826868	-3,122678213718019
-0,2737695843850386	2,823498017367249
0,42063813298291697	-3,020760484209557
1,5553374565049543	1,3355278257065302
1,894561363512561	-2,549812162594603
-0,40743104553282583	-2,3100836239598364
1,5280965154073205	2,4539003215017763
0,10828128278779203	2,830304831403295
2,4253949855983996	0,755068563678595
2,757532712765105	1,1788121527381588
1,1894533291726477	1,5758983384194913
2,015173765147653	1,251543383421658
0,13076223787909813	3,1461720718420585
0,7944649905829511	-3,0654157802492406
1,0570646352524307	1,3201535271061147
2,4063097592897584	-2,279723742495404
1,445252744967322	2,252906922842163
1,7017158327225943	2,4211756220155296
1,8142696686522992	-2,3882182421310127
0,7728984906933365	3,2898667933883545
0,7332397563359396	2,952313700601563
0,21649830884531834	2,7611689437760107
2,8949728200529066	0,43814255605529406
2,353383929506654	0,9905731500924496
0,3753456355839777	-2,5390584825174853
1,217305859665285	-3,021272512490685
1,0143902691707	0,9911873382802984
1,4743007045630132	2,523664672699988
0,4495373166851543	-2,6025123749291597
1,0613258486621384	1,518926969107584
2,9750098406788306	0,4831410119510343
0,8932166067710751	1,385581280162376
1,2818000696334126	1,6631787655632941
0,3121401177230525	0,4622390231895741
0,7246947180162857	3,1487673019438107
2,5153169209546755	1,3963395369914815
-0,17596901475940363	2,1513278463267547
0,7471607962376703	1,253136209455116
1,0945577001367954	3,026089383503739
1,672051985400874	2,4395692209519835
1,6401264851061785	-2,899191783564194
2,6103982922807534	1,3436162144976784
0,5994324695071531	0,7638856975229458
1,0013759942791927	0,9686135057048397
1,5950881609378407	1,3236956290914395
1,6552315433764304	-2,626280168237384
2,8387494377885814	0,9199623571256412
1,5346845534186588	2,1543570595093757
1,2426063580277082	-2,9426762714856287
1,1921817068334684	2,8502177398926176
0,4210024351816911	-3,3084621187511933
1,7243702689088036	-2,9590408000095003
0,9728580344747864	2,836892154321935
2,791627157394324	0,46419836511272267
2,161648383170168	-2,4265727549553286
-0,011502565085043992	2,8813037509528283
1,1561202940452155	0,8898491342483943
0,9287009579149229	-2,9698509174932415
0,8120634159097836	3,098044367977812
2,121956877596067	1,4889698331197005
3,014955574785367	0,2876240484189907
1,0616819353541183	3,1292648930689033
2,6023648384461224	1,5364050755084404
2,4611709807540327	0,611091964706277
0,8397652857246092	0,8361714394771004
1,8358268692900273	-2,803208131923667
2,0099952777964996	2,175151896095307
1,198272500779388	2,9414332905051186
0,5938460436748175	3,0530450183146316
1,77489305751573	2,3509776374688602
1,3094554725177925	1,0656231666995866
0,7898271991061465	0,593625199491356
1,498081300096942	2,7356243533832685
1,8939090311983346	-3,0303104297827703
0,7606008206474447	3,2992958619993082
1,644862324151565	2,4091734651704306
1,3925169878490038	2,9959874519055014
2,46581946307403	1,3638893453871508
1,7861533464990123	-2,3635547901302365
2,470870513528105	-2,4218623766499725
0,9213697892345116	-3,139331816161137
1,994165559337885	-2,807077732341511
0,9688695403392699	0,8488362738245868
-0,2408679838373211	2,4189133943394214
1,2131586722033374	2,760092867890109
0,7117683254489229	1,2806498455855009
1,829155434508039	1,4509189206015387
2,9392520193112963	1,1344752975797583
1,6152448964486465	-2,724525564529727
0,30359902755849066	-2,717961844866755
-0,31649676554656925	2,396005039558355
1,4901121658501404	1,1247310493258726
2,9166603405078373	0,9612221866642959
1,879342670411525	-2,82586844360684
1,6060489840382988	-3,1585780700645527
0,6381204230293188	3,560391276379458
-0,10787551927315708	2,6162652799939394
0,5835431905383939	-2,955980093827807
-0,07690971915593647	3,1651819676225674
1,6068041261288921	1,5083608836862188
1,3757727182074757	2,5692693129436983
0,7381708357527786	0,5650610501798299
1,7763798994803155	1,0902049024247278
0,4054214493108875	-2,7839291526371737
2,148833518588132	-2,1332453068570505
1,5796419246099946	-3,516922669290631
1,1212549585643479	-3,2248172185622592
0,9709457865157489	1,4533533737812874
1,8209662267495497	-3,1583196140657948
1,795418091310928	2,375428384142654
1,3720570240143164	-2,987009625277648
1,6376125060970714	1,665621533918906
1,5851923870333753	-2,6820023377802604
-0,053324348963998736	-2,287141749662538
0,8224719635263342	1,3722924972777921
1,7371146674103213	1,1335661015059078
0,40287556960391646	-2,5378950950777712
0,8501105532144229	0,6078244017458944
1,4062340470522445	-2,9756071137101916
-0,07021587829288567	-3,0483558564660727
0,8441460805695299	-3,559684117570592
1,7589885319195704	1,2929326726203034
2,082751280816576	-2,5367301611917097
1,5025290911218505	2,1599907509591083
0,4251985259698512	-3,2912814588382506
1,6868776529462648	-2,8512421215719526
0,2710194858796123	2,7628885884854064
1,8860481247588088	-3,2077287241167145
0,8389542289347731	-3,129243899631056
-0,1475400629019865	3,074661209802475
-0,15093906238307464	2,6946674879516452
1,8690654026492421	-2,571863186237359
0,6028351099396942	3,0288150990005054
-0,013328631944751645	2,9339702592500734
1,922524294309194	-2,189825933103142
2,1342513800259777	-3,1584186055927024
-0,22944935467730987	2,20940898870894
-0,6132951947060541	2,725353406190492
0,2088354833452224	-2,761116047232323
2,2138187375664535	1,4235411302961576
2,4489962900896036	1,3639246059128471
2,675037321430416	0,39646107177668605
0,008960521400997234	2,8703117654427444
1,8571837750055349	-3,1994926306246367
0,47274286587269365	3,5197666364368807
1,2798916376751714	3,1911728623276354
2,3629127515468022	1,4588757508379802
1,7376258388401316	-2,4605769424834047
1,252380636544077	-3,5187114252291134
1,029987327205821	-3,07139554949419
2,430319113885673	-2,2509078574245462
1,6512348610049479	-3,014078772503212
0,3888487894388635	0,3919370292347876
0,9182270061564365	0,6795361043161254
0,009666005448999315	2,9594595408550837
1,1158134216723838	1,5322476301864494
0,14825982038519914	-3,043520404756494
0,64257164540843	1,2355718641586062
1,796757507856562	1,0832637643050855
2,6457631940912893	0,3063446444261306
1,7810145529958799	2,221177284855512
0,8130058338016637	3,1400366356270255
1,5263802301928135	-3,217271218751222
0,47179125823007184	1,0739894069322613
1,6889280774600888	1,322608477344637
3,13987406647331	0,4718768958697207
1,1535933905319409	1,3808654765731159
0,919448065729178	1,246684932251569
2,3762910536676776	1,0362014534281898
0,3332719087641284	-3,19607359460636
1,1247281218716418	-2,9093032628399564
-0,02762485945562232	-2,642175393552115
1,0488218490425143	1,5682622844087297
2,4521776020993302	0,5618245297193096
1,451887187911507	1,0229385987031723
1,3576075223450612	3,3729905753221443
0,42784840234381893	-3,0996343935507324
0,9403335969333999	3,2398670449939178
2,4018162335631867	1,173605128839938
1,6229586367791393	2,326333413148879
1,1082266843552784	0,8422030259180682
2,0681025011489287	-2,069267463118112
2,025705080013086	2,5911238724534207
-0,20653517285441525	2,6662702070692608
1,8211429394659435	1,1608284132748194
1,0682905392056012	-3,396118621407357
-0,3855655872454329	2,783278012678162
1,5313695358901107	2,3114355644721636
0,27972880591520477	2,8602787745188096
1,9399760220499334	2,4589029589552296
-0,18245500824774152	2,12069332322124
1,34768408646647	2,9818121842316483
1,5254825465720734	2,6404321239497417
1,8732408948526937	-2,836277588619213
1,227334895754016	3,098948364947998
2,4269685297782626	-2,186261961723554
1,4694196191603013	-3,5076060698456777
0,27927799117752183	-2,2300468718156417
2,0371776673908655	-2,528010708028064
0,6310030298402171	-3,09035064395216
1,2550629485910085	2,988583181736905
1,9499234756968846	2,7576729759619463
0,32826645841136104	-3,357964056063765
0,7901765927027176	-2,9433410249400866
1,7699613319425436	-2,6041226014591445
0,4264300023958738	0,5036533399030751
2,0672357364631457	1,357195027199105
1,694491681129076	2,708566384165291
2,0507228291363897	1,1074897848804648
-0,0421195442085982	-2,5118255472736153
2,182907400558806	-2,9888170322023906
1,4959499287973386	1,5139401948671238
1,9377649491512678	1,288870900068694
2,4547970835035313	1,3596807317851791
0,6293669351131241	-2,9427356565645857
1,112864215000088	3,049651349251563
1,3460626286524502	-3,2899550634236157
0,9618429305968758	-3,2806286819290635
1,354887411517379	1,6951303653245262
-0,15566790548938358	2,1970349209810727
1,0712330210723584	1,5317857852952266
-0,2085153823935335	-2,268894870602973
-0,1338684519114529	2,745381722877989
1,6867235911768736	-2,5939133245079904
2,487983984643914	1,165891857350975
0,3921644821895014	2,937529895759629
0,16447564667255865	-3,285698888328246
-0,24389424418283634	3,1185995223612095
0,11038594627282672	2,9213793108619344
1,2249645831840934	-3,166015509429763
1,0060287942325061	-3,109496609364575
0,21345223053976864	2,7391367339590498
1,6533786155324472	1,3442877950634065
0,09927947796408754	3,443285601491045
1,3484730366352298	-3,442471885772837
0,3429682332307207	3,381786486777557
0,7381076392469288	3,007101651529786
0,9935875798146785	3,2062261658155133
0,8954109417021054	2,8363349799691333
1,2036248672153984	-3,528821809111058
0,7462228360084104	3,5322130350235135
-0,33155865256253136	2,132033847465555
2,350162948142363	-2,4128739894730855
0,7225424501936774	-2,9992909721293692
2,5436513087507184	0,3333074560535877
0,5969103553987471	-2,9898572015073883
1,9782187315731357	-3,0726891218421355
1,355934492554094	2,8294551998849826
-0,5999227452139739	2,2668942336533804
2,0108866818562126	1,7830354118308793
0,887555972546579	0,6055763872882092
1,2386608300477109	-2,9956067493891148
0,6822842428727385	-2,847211656128768
1,926906762819721	-2,163159763958623
1,66698327941815	-2,6851836113856047
1,178195448350885	1,423475018080091
0,7901971284645793	3,275271939722285
-0,29102016995612523	-2,388307052389405
2,1636926631660067	2,2036805631455
2,8289860746653592	0,7430310965230178
2,261109397351979	-2,8111552690835717
0,3123107242232186	-2,3617151508940966
1,8576877942177143	2,593877473853389
0,8210859651797413	3,078559702376819
0,29178278534858726	0,724117666589526
0,036350493682644425	2,519630199295026
1,8472476417938113	-3,0503677969634504
1,3926514759287323	3,2001064890001496
-0,7528344423801976	2,4872713884946958
1,9975385204157403	1,7001571105827995
2,076273356076152	1,220794239649613
2,948452247949719	0,7345429104033163
0,7500509504710291	-2,9191077806555286
2,173937744040737	-2,5038856758764023
1,9083893158800354	1,2155870475172486
2,7472002864439773	0,3750661599170416
1,4900539979997665	-3,0371449850562273
0,743242469037744	1,1845955520876128
1,2319377665679532	1,5643841997309726
0,9573616572653281	-3,3625211153236965
0,6357292888164789	2,898110238861115
0,47497673527547	-3,0226085189948706
1,1954090030924767	0,9009957199299538
2,1219782066969106	1,0872986490060796
1,370537442437461	2,8573465192015095
0,09510143980703456	-2,5906370183462974
0,9296427502525024	3,3745915455571702
1,4243086949710757	2,9349755069206402
1,103460401856601	-3,3878346343798365
-0,5329181820253299	2,1982881690398326
1,5405229942224645	1,4810166458078913
2,018674710184439	-2,2386818675711875
0,7689270386326413	3,4820634505512
0,9571404045954104	3,022256479875377
1,9478736276439559	-3,0890375791216527
0,15863604595432235	3,1953571731650747
1,2098024922469073	2,678745951716402
2,5806078852658034	1,484991357867423
-0,009500604500001009	2,6386473988531627
2,2946425254237095	1,5431134655359844
1,4435746373405058	1,2433507704894917
1,5191013015963717	2,793282816593298
1,423443990804682	2,946075737557913
1,4962557625046926	-3,2499939181573385
1,1516582062160876	1,0795946583634204
1,9128210613195225	-2,1045051066428124
0,10715785672268008	2,6199301028892164
1,227348509112787	0,8994037392015422
0,8024519440338478	2,926519027709748
-0,12532903192182054	-2,3863453413473374
1,1262918600376368	0,9101902803608977
0,9297045865701883	2,8445771793711105
0,3958696100318094	2,969036519929826
0,3461514786388149	0,70206950066083
1,2665721086602812	1,4298319721318422
3,0897125822797316	0,2969695318797821
1,2285430265319568	3,326513521263681
1,4884038593817852	1,6791512392564827
2,560140224924967	0,6595487578518865
0,7557262411251182	0,6092821049312649
-0,2863408080801155	2,7690107439553966
2,591035058830931	0,4178250032269948
1,409570505249308	3,224820163793707
2,357679032042446	0,8988632221384449
0,8315045707875031	0,7020032026288444
0,3757967185123642	-2,9710922098391563
1,1428906051491499	3,329912550599874
1,5839171877665736	-3,513871291225735
1,202143445255719	-2,9076500509603105
2,3963525784903483	0,9790503676213989
0,16357197582729466	-2,2983335528250777
2,0694048385588015	-2,3824258273523
0,29781319249172433	-2,312997041405679
2,1510067222906417	2,1962967972520953
-0,09039230185964309	-2,869376210496848
0,20997628400438617	-2,3951283119423668
1,9220993257436825	-2,6949914677967195
0,5940780580709848	1,2837935407679097
2,251650462847444	0,9979217648170041
2,1684563392449983	1,5308233109229055
0,9658238591755249	0,8743367766608114
-0,2105684674278776	2,1814980542814455
1,0899454606379573	-2,966384605181445
1,1103623484476404	1,1028500559676166
0,04680520817117162	3,1662220095801983
2,039544809427802	-2,217715841788867
-0,044821161120305764	2,953953794561666
0,7292206296189451	-3,0914045573539988
-0,2633126679330674	2,4989437469591174
0,569424186193517	2,921305708422838
1,4069434253542585	1,699653628743201
1,1860236331904286	-3,196396590165871
-0,5915810623746087	2,1531946284682806
0,08683773459265565	3,0015079120017814
2,0233063899529578	1,6400320767634196
-0,06672732909494805	2,385402599470087
2,552372920605894	0,6228133967867213
1,3068725512985107	2,919713716614951
1,1201156209494654	3,3784986528452166
0,8816412180570634	3,0776435486957956
0,8389136348501983	3,3507198344398565
0,7694402127819266	-3,493466328447873
1,1992972553013053	-3,217841466080065
0,26992211976412395	2,927674530969394
1,2044917402620792	-2,9075061299607707
0,4490720167089208	3,412690623579256
0,09080423370829871	2,614099013370902
1,4852501305248809	3,165262969837964
3,150645271999359	0,6105238620851645
0,06613421311428214	-2,7943448324627305
1,872290010743732	1,1612450626687816
1,159588460056422	-3,544303357840486
2,3513637062070996	0,9308576469922247
1,5809713360336126	1,2153842433093678
2,4842943169586027	0,9308854643600551
-0,08557815996997042	2,129700678046758
2,543862109276302	0,6259944311862362
1,304152283774242	-3,365784589234188
0,5370162485487557	0,9081986667776083
0,5356839349165932	1,0289038093721867
1,498661546018881	2,1206377025319574
-0,06727168321241628	2,5897441525226705
0,8676597204685642	0,8197490822586077
0,9521098412335165	-3,1861335063292557
-0,624768960003574	2,820843805405713
0,8457960458800596	0,5472351781535618
-0,0737533189389381	-3,1403561935830977
2,510411658866154	1,1581329632961332
-0,40866203476731733	-2,410564487868839
2,807831590281759	0,4244201290414638
0,37928693448135953	-2,587461828125138
1,1529825376086058	1,239899500603152
0,32688438931298774	3,01602228192447
2,3018139506380426	-2,602420857547657
1,9352013650239235	-2,376406795662035
2,4160494745864614	-2,5144989945555483
0,5168167160277555	3,2963297005867385
1,4556878048016864	1,3801897079693917
2,5270988630500515	0,540531094574976
-0,05117956948377689	-2,869588516558336
0,28896928310894043	-2,447951102654842
0,7467827371564204	-3,5705010061580245
0,8421359999854416	0,490133551434908
0,8065204901282648	3,042424523827565
0,28625281123809554	-2,9763677262258366
0,432896621422591	3,1339129730308626
2,1463164464287185	1,4568049210749094
1,912535507940787	-3,3580343980729936
1,4820788837176142	1,044563570603775
-0,11955327703051788	-2,3763184354089395
2,1522623704888417	1,4189684126112685
2,457632433749212	1,22354641041556
1,2271951534621341	-2,9116683933664405
1,0985581853514494	-3,0540604357539602
0,3137247285392483	3,079127093431831
-0,07118258985867998	2,6275658443325347
1,5506595841905513	1,0693527711336845
1,4625343792323335	-2,827562811438387
0,9009140780400244	3,2141300192596196
0,8821552078907815	0,8210761477562094
1,3479744162848308	2,868780260047928
2,4808883909060357	1,0975640108928733
2,1839197286515217	-2,737404489958503
1,132401962881995	-3,2705555245205846
1,384493259246498	1,2940456871061414
1,649208217650442	1,1755487241405018
2,6029564635600178	0,5790686624035416
2,022187856374464	-2,687714449930529
1,9226755053106421	-3,132721795720663
1,912562431630067	1,1333586248104202
1,012432254500807	1,3740419349860167
1,74600079657878	1,2200399303319651
1,9491708762753779	-2,8779329398827005
1,5158268502640302	1,4410204420128467
0,8523327873623868	0,6805874814003875
1,5833336691249285	2,833171772649018
1,8508528618735391	-2,328598684284342
1,7656114408849164	1,4823331693871113
2,859907664703818	0,27188146708931515
1,0046316742526338	-3,5686823002602956
1,7128542454528655	-2,746465165980274
0,21958405804325476	-2,253418169144461
1,848710881924013	-2,803833980883697
1,7337748049793824	2,6859689803437266
1,6389879889344487	-3,01606428809495
0,15071721946819838	3,071836561602029
-0,45357343555266283	2,796744692771766
0,14723212353989856	-2,8466436693259576
0,10104237920842873	-2,657708180353656
0,8651750329098374	0,5823668131909769
-0,05344478321058943	2,5294059519684646
1,3782487261715497	-2,9651800727711874
0,7042171425070067	-2,9596275994057537
1,2534155770351953	-2,930532819176151
1,918403964942707	2,119783769882345
1,741696970903697	1,4707152685652067
2,1403349894366372	1,6003148523104578
0,25618053661537066	-2,890625444004658
0,2999692263209581	2,9916653305699388
1,9574511504622425	-2,949337019780939
3,0114233829764196	0,49329036578710417
2,7781147654742853	0,6067616951957928
1,988600437189851	-2,570575184761195
1,8929747860638115	2,7598238509852755
-0,21915337185634043	2,2492500794538257
2,9276067271655277	0,270370206624249
2,668766449358752	1,0253762175820311
2,166324744838854	1,3670533911885474
0,282139918401236	-3,0835629669547107
1,3094324191235094	1,3982435602009786
2,3436846351032776	0,8462808015760128
1,1891981977473443	-3,1282319899776967
0,01791545540325712	3,353262031296093
1,6665708784362065	2,895338333720915
-0,11478604363420608	2,3703889534734177
1,1587404660404375	2,792897354067456
1,2865541448994882	-3,023558966025689
1,8953642118866887	-2,522013920557413
-0,40681720939485366	2,3531203659958937
0,7736545240900098	2,897549790278428
0,24052634065916684	3,109632497147112
1,8837515601375088	2,320482672947478
-0,10827687537956365	3,3713214490860373
0,979492694026175	3,2408275620179006
1,6948736176972297	-3,1479918690192195
1,9406594549304308	-2,7552327737485314
2,2889472969533595	1,5959625129955195
1,747448927107473	-2,7306784464852436
-0,03402194085567101	-3,029744092071014
-0,029243304722814556	3,258583661567758
0,9728676453051803	0,7430895257006775
2,028630980473795	-3,16059287720217
0,9338942662351897	1,3058200531066815
2,018811059701661	1,351312580777937
-0,0351013127694737	-3,039166843008257
0,7914356355126514	0,8662579343724854
-0,03997954090236955	-3,085016308057257
1,2938187474466385	-2,8947524024426103
2,8832013895504582	0,5523479346050093
1,1198420711307389	0,7862258027276401
1,5253249070621646	2,2436760141002603
2,05220458883279	-2,862543141107533
1,8336397239291102	2,40399934463879
0,20548758987244575	-2,624069496392615
0,02925417430551258	2,774184889517814
-0,258124778784933	-2,804103300698019
-0,3357617228653438	2,264014113053554
0,4578821521836899	-3,378132237405512
1,2324256406748562	1,2007755655103747
1,4563104091473116	-3,5578354544951303
0,3056581902877409	-2,277903437159965
2,4447086065320875	-2,269636038033446
0,6470798522712352	3,594352048414263
0,6910653511817509	3,399586417277682
1,8488816119905707	1,6680250944606625
2,391245664789584	-2,65679322805943
-0,039442319440051055	-2,2507439549478314
1,5692446956869293	2,3512751161837433
0,8272188410002665	3,065270435473694
2,599924024083301	0,5495473334970673
1,1507394062665963	2,7917141071321008
-0,5718702292653981	2,4485281549136406
1,2541247082148277	2,5887411349454603
2,272770373028037	-2,2531851932977105
0,015666726685405807	-2,5281785764505114
1,8065995624500635	1,2438169091002016
0,6645406386748703	-3,5676111898136504
1,8638826397437793	2,3191066737238306
1,0314182719594616	0,5972944370419693
0,2503360344786794	3,186184596557832
0,1213754928149735	-2,4706710524556996
0,005023390300651132	3,0141806891995104
1,362651548048263	2,4416675356645503
1,5343515240155925	2,2785124233526415
1,164565744555665	2,754584763230164
1,4107133329731412	-3,479954591515285
1,377251247008262	1,199607637694276
-0,15841580222695995	-2,6240084766624734
1,937720607058659	1,1445674944207564
-0,29738972493159055	2,811699795006634
1,4142931900039792	-3,5536115505531205
1,7698533174059428	3,113181667628113
2,338348615719273	-2,524693267167192
1,081944531087064	-3,433563433429403
-0,41179392240114776	3,1450610033203015
0,44252187953516153	-2,845239375146821
2,0844961285782597	-2,3303421661093204
2,293390702736123	-2,655927651208825
-0,25991936465596643	3,2595391454776728
1,6377528471834486	1,672844319147194
2,2313923553710717	1,1429254699862812
1,9540742266741375	1,1645520146985828
0,8823534566077238	3,2578837840188895
3,125264645156295	0,3090885869767327
1,1572750884799325	-2,9206104511071675
0,021225239444881305	3,3411265639488796
-0,5080307656025687	2,291924194668729
0,8123100475110114	3,399408785036565
0,985652355170655	-2,980472439375416
2,630749153932856	1,336464973129873
0,5843782426778521	-3,4942492591041807
2,486870023949697	0,40948754067100823
0,507554461198789	3,085749474453052
2,4100613126604196	1,0731673893324434
1,7805389807307122	3,097343408680844
0,09040427074989676	-2,793296890786791
1,1263362338249754	-3,0598112382220664
2,3363966443879565	0,8290740478886273
1,919625850834907	-2,206565188067839
0,44949998680749514	3,5081642824174475
0,4412126278091312	-2,6933051162293613
1,636456389883389	2,163859764676468
0,9300788131145709	0,5751723148323327
1,6110491073812743	-2,64528454330636
1,0735992450603025	1,1623503633023773
0,6341184754450666	-2,8052169082059173
1,792152896499075	1,6904696431522757
-0,4911912632845741	2,7388698011822297
3,1858338732299027	0,35560028167891333
1,90714854892696	-2,0939814880237377
0,7327533252160662	0,9472402755451074
0,9350477542546227	2,906304688704007
2,813915759291663	0,6169801956055019
-0,0019340738166734317	2,4536091549628325
2,7843774719511503	1,0318673884095504
0,27867866978555034	3,337329345037266
2,1666054062568394	-2,5177225819975217
2,0857596759710866	-3,1861975027947915
1,3490405213104542	2,496030313803541
0,6695867900054635	3,1375340524919486
0,5213245502776991	0,5294477143930547
-0,2666807862857157	-2,8119048066167567
1,7405771485235568	1,3969376021421207
1,9425269351728383	1,5313001158909954
-0,0016608692351796073	-2,834251427026142
2,1501970410269915	1,5833242087367523
0,2528410606967013	-2,2468944261992347
0,11032470847508724	3,096347845493391
-0,0906113875802671	2,470260757335207
0,002926982380923704	-2,339840321310232
-0,20949810786667178	3,0936495054849273
1,9203238691290738	-3,0148931578410307
1,7257647117867503	1,502782805657424
0,783903950228444	1,0481846395404484
0,47668235012251137	3,4541693095795822
1,3707992350058757	-3,11214588911773
2,158665977823426	-2,5927761334171744
2,527477187783707	1,247536893083654
0,16220435615660977	-2,2154914723526353
0,04153480589396352	3,019298820431865
0,5971532921218179	0,568264948094797
2,144551673374468	-2,5369884153581674
1,5370900722053054	1,278037144171455
1,272135202740328	2,9330048810812386
1,0667218564418048	-3,171918239161581
1,9039250804817736	-2,177015780690381
1,5041828790491234	1,2826557536274126
0,7628595103949052	2,8632661132796775
0,8342789425549992	-3,4843926157953087
2,2404785775733327	0,9083407718886494
3,1092412202101456	0,27776663449901956
0,8543198191744121	1,319333389145771
2,358869582180545	-2,3493629318131646
1,6942903130670937	3,006595812711734
0,11638131823718723	2,6822294000276794
1,6172678331760908	-2,8550678407413774
-0,412217445970374	2,9937022386644694
1,3553721725287335	-3,143894127004468
0,9660408075416209	-3,283064830277229
1,5057445687524762	2,312726084468739
0,5419984577099243	3,0591639157670314
0,6009797737576965	0,9850821089051386
-0,2343505435599843	2,3847186703218632
0,10151956869622003	-3,29217237428039
0,9586716334691245	1,4088965246822347
1,4889362513023623	-3,2250445043305795
1,9030880797575198	2,5462871985217532
3,007790236778631	0,717450557209133
0,8080676776337171	0,8106575218530896
1,537473401947501	1,3202427204016385
1,5933597076825885	2,6090908763031706
0,37763761339962204	3,1269408750279277
2,4818530214127	0,4062578806576275
0,258606102305171	-2,7983944827710294
1,2254407395743583	3,2133265448849415
0,8536614453648446	0,5677008809667514
0,9082314696926526	-3,039193124354265
1,768469628311041	1,3794849628033419
1,5809813862012523	3,19715174877254
-0,5924292371045405	2,7635879433908945
0,7932078180333918	0,7586429353474136
0,8636850744309208	2,969168699962509
0,8650917510543115	-3,369763759680185
0,6074873141418626	-2,798456923064003
1,612084147850946	1,6281153855051256
-0,3365842499539098	-2,6201150022769606
2,7226918748532523	0,4819830977901264
0,8710868206115648	3,0879027911903063
2,239044156131185	1,0252198738307272
2,3950364337959225	-2,5303872783001418
1,490178480150256	2,9694841490856967
1,5030083849695064	2,6906835336317227
2,3517928417013403	1,1777451024085843
1,0098902652910873	0,5878176059792226
0,39644263292916043	3,5239431028035106
2,80978362348107	0,4347010675430057
1,761310601446458	-2,4949402538990557
0,33795136490528255	-2,630840394862142
1,7309011100828369	1,4171009448526282
2,4287073291744723	1,5614926170541865
0,9119318160695548	-3,283760804880865
1,3294117431338266	3,075285995946971
2,3312541138270317	-2,1253544088330383
1,3502136041526458	2,843929424059535
1,249799601085659	2,596448290151985
2,4260969209946746	0,9117272497902618
0,151524231012234	3,063663402891355
0,30402189908692273	3,4030407750826095
1,9491047900496894	-2,568969418246278
-0,3511751121978113	-2,2648622465858184
0,799513979033799	-3,2840065273972185
0,95022960512819	-3,155937343950171
1,1851874799382047	3,454568261938105
-0,035525391948015406	-2,478008545197642
1,9442588353008405	2,7950841250458747
0,26505953815965666	3,339553905240794
-0,3794265640058916	2,7149673489813075
-0,32127125892651653	-2,49522196263087
1,3189287729710313	3,3689703590447135
1,307577096436018	2,953163096444796
0,2166767235066116	-2,603467338512749
1,2011882591019534	-3,556796338449975
0,8628462401460025	0,538751918526118
-0,10050062733352305	2,2655638724768123
1,427995084347328	2,242804566460868
0,6418895254869886	2,9008451481662836
2,3428418193423544	0,7872232753959489
0,43562527796363637	-2,638942717445552
1,3598822369584957	1,1807451928382808
1,607620560477505	3,23597152516104
1,9508339263565155	-2,4949040339533335
0,30284099744235116	-2,3342044437086997
0,8816038089881614	1,4844475694215173
1,7980672134532973	2,8441161257877403
1,7645707688917553	1,156374633534588
1,9212424488902702	-2,7485947623440468
1,8574099651118003	-2,556277404430683
1,7177502458343645	1,8157679059067837
0,9549110447944364	1,4405801244205683
-0,5604558996473503	2,63032017443098
2,181207438150407	1,3277710755057675
1,6308626943181055	3,102091472611368
0,3926424711297807	0,8459036423581966
-0,15738145477975674	-2,6361582795676792
0,5351183504933148	2,9882194471901706
3,0013005360197553	0,7937190016909854
1,7616946236468578	2,1834696773690334
1,7503718257917957	1,3648955757697532
1,3838315739355813	-3,1122576948991147
-0,01894928007335117	3,3062159149414665
-0,20658513849064009	-2,7360009862456267
3,1275300785590354	0,4675524043328503
2,145223112554779	1,2869588013803681
0,7060519251889656	1,1939521336314156
-0,21682505840432786	2,4586783848760585
2,832212090435726	0,5139841886253115
1,5197182013001553	-3,219879629560071
0,5698499203201368	3,169254842034614
1,1725059344971396	0,8720220185758454
1,0343680837279376	1,2467059607191378
-0,2535768308294025	2,400999580366181
0,19707784110412407	3,383665778398008
0,34022206309189323	3,1950432480771815
-0,46565448734102133	2,912157028450891
-0,1534498790361859	2,37459181756596
0,8445033589289266	3,091107422420821
1,5534353200522644	-2,701829049462414
-0,624594151278427	2,5255258531278586
-0,4789000615328147	2,5473862425978977
2,1712442398580905	-2,1036925766797685
1,2788611703402688	-3,3109448345498245
-0,2603424958773326	-2,6477558979939824
1,6207039833689747	1,7709180285256976
2,4791124017393793	0,43195676107168
-0,1569927854424098	2,673346393885234
0,8515946710696001	-3,22507032200344
0,16436490276014015	3,0726490173553915
0,29044388759828044	-3,1246726812634416
1,8902743805587001	2,623351037821366
2,4303153631853243	-2,244302674324398
1,4308530950715763	2,3464878033273395
1,86762065753584	2,3412414821532312
2,4540621045483606	0,5312544124953946
2,0655042206040237	1,46909457415829
0,7301493280927545	0,6272076649335623
2,720924533985228	0,5810021817086679
1,1367146482032022	-3,204241899317223
2,2156985011311607	1,3249449213513171
-0,12629005230532164	-2,248445627043254
0,013167446537629912	3,063143399478295
1,645600319813246	1,1341700514813857
-0,17949864421213024	2,583935842277501
2,526333500483435	0,7838805861901699
2,318536142978817	1,4382117741195664
0,729137117443124	0,5339201764972271
0,26861486071099666	2,830533387333776
1,3372010630581008	2,8195850068724893
0,5557974397144912	3,5821852279706725
1,5717194156211884	2,694255480795124
0,6806934446819481	-2,882783159451623
2,301820689113467	1,23642068439419
1,3678357497522367	1,1303549233096544
2,653983925002152	0,4549173085762283
1,228760214512112	-3,2038116984625216
-0,14909079626523003	2,4412432150118972
0,8859296542726984	0,6279619830976892
1,4532387031364091	2,3751609697465175
2,8541859699319474	0,8542502138013414
0,9222558132563837	1,0369986982284283
3,212834066012316	0,4824406582298278
1,6087606398957741	1,273630485597083
1,0667099787127092	-3,244570611898089
0,41491004540191345	2,9477440898984857
-0,1710803007402819	2,6966936553550163
-0,338749870807465	-2,2899317327532303
0,9156822754550024	-3,0865438656993534
0,707029984362276	1,1341915373567373
1,4355719409836318	2,6410377403529957
0,8452965508162599	-3,228796116760403
1,5497457596891806	3,2250850184452533
2,4352970703965364	1,13826087171311
-0,16333694498694107	3,232106829210866
0,8657700355319824	1,3525554761897365
0,2450509029437688	3,064776499983271
2,856685149723581	0,318190972661589
0,21668180416979432	2,8644691903398694
2,661614435806942	0,7202907700454432
1,1638893315372885	1,4154676848766585
-0,4050530392548142	2,5727103476715953
1,6777544321313087	-2,7504242969826596
0,5768137825160888	-2,7790803400943958
2,4112837592889815	1,4132394668872896
2,3534823613937377	-2,3974220871777985
1,280285887865563	2,893829253275145
0,8739289656921457	1,017011268572035
0,1679804099389448	-3,2413166302723155
0,6492773318317164	-3,065024961142851
0,06642570209185528	2,9273903913814237
1,7299968038251798	1,3655645219836265
0,5861116000866169	-3,162872480975796
0,8012742548291831	0,5812652402226981
1,8624896150315586	-2,3122633930907477
-0,45521074705421904	2,7469515522308057
2,7039700271898597	1,445178966965249
-0,14638536896753274	2,2102638897371745
1,3074012476954615	3,087113092179367
2,7462157631941153	0,3967827663714104
1,7450352341476616	-3,4051842239966543
0,9869489249474909	1,120656952122594
1,686131696650579	2,6105715044304283
1,3050221799791153	-3,132310048964302
1,9885564543409147	-3,2482077422107727
0,6755443645383388	3,502048084972426
2,3599022073338918	1,6099647834482866
1,1316068274641569	-2,922384080430364
1,4252406815206125	2,324398183065294
2,887468108720441	0,4964643953674601
0,12923250287124144	3,1263105187038027
-0,03948269777717983	3,1010398640392216
1,040274485865284	-3,4087366219356987
1,1706808985440404	2,9622064919603566
1,8912321672805525	-3,106123487540823
1,682506169806243	1,3540383136344887
1,4236332423575888	-3,4184107764258114
0,4117405016783333	2,942441713279069
0,5992190875046401	0,9107068300687858
2,5456200397814497	1,3220323791280066
1,58965265376888	-3,342210338761123
1,7240665006511409	2,8426169927448752
0,1841274511561336	-3,114832389313055
-0,5499375518136744	2,9129227332375365
1,380285055364981	1,4743428559195964
-0,36858718571043614	-2,562136611641178
-0,07325420503654101	-2,7869046304344294
0,7609295762703255	-2,924532092561983
0,6428330571860255	-2,865473047234586
1,8662242175616857	1,0930407891187426
1,189574149443036	3,3991945219240662
1,3855801883469558	-2,829194751981276
1,7108689893978135	-3,4264040385212895
-0,5780172141269684	2,5542004877402076
1,2952856316621983	-2,885543721221422
2,503752041992444	0,828978197585801
-0,16699173731831707	2,7323373595378526
0,4405593685087221	-2,837941820417506
2,3886920061582977	-2,5898726469140034
1,6723148826846175	2,9433701505745287
0,8154961630624143	3,238508012062061
1,263173850245636	-2,9114046501924804
0,010352133072796033	-2,353973634449915
1,9621228637944834	1,3649478733841616
1,3400096962099644	1,2105880945053191
-0,5265766681266539	2,1254948831249876
1,8070475324335162	2,1517959105770026
1,817519862427699	2,345147602837512
2,910320564142251	0,7566510319329479
0,40901546754931917	-3,1103602517716316
1,842163182791052	2,741488035448309
0,4485507668344251	0,657446563938926
1,9564345636584657	2,766611122579686
0,03400941395875112	3,312028896926189
2,2526463410824116	-2,9504565174982833
0,20017719346492152	3,50308949906748
0,42621422578360624	3,1495867112938107
0,6266581958374527	3,5776419339047756
1,1905607567321388	1,085084817168923
2,1520618761189065	1,6421890796986276
2,46925357094347	1,5271050596233993
1,7533327222786135	1,1358107018846897
2,637341280336737	1,3127632868350447
1,4697265273127282	2,971014967920999
1,9399839333027906	-2,7379691414012477
1,5726837692572948	-3,244816106844058
0,771468315400273	-3,343824968031513
2,6926726796151885	0,6729009325941366
1,9339800861254814	-2,1073992128885073
-0,4997244429861132	2,371387061759874
1,7732040523911228	1,5760907150498815
0,9374074020329021	-3,1464039626619025
1,6953252947736026	1,5873024094277974
0,40662127615781474	-2,6452614202199105
2,2245241571184677	-2,396857892106423
-0,12789613419590984	3,084440282434838
0,8979639000973005	-2,9380501191133233
1,0050284120156567	1,541371150218147
1,004610827509602	-2,971276502204452
0,9660982543689474	3,1693816514010167
-0,17085821095173992	2,6144476901702465
2,6446600846813184	0,8099574333543464
1,0212048941648062	2,88855566005828
0,11842787736877869	-2,6011419799590128
1,7265693035876741	-3,4268887073857854
0,8633811413487021	2,8769593412770065
0,33645386875901423	2,8285600756965175
0,4065522150421303	3,4759379532384544
0,8243658820648729	-3,4025329734721774
-0,26061083626095294	2,2498762672516524
-0,5639522957529439	2,691225713130043
1,6976225880677627	-3,406671329423885
1,8056311619722754	1,1639982832505769
1,5181131413040745	-2,7786958671407467
2,445587099469712	-2,1525270044195426
-0,6277750379774316	2,231350419996001
0,6519268585722147	-3,3127980075021495
2,8638758306300414	0,6929438387894635
0,08763098325359808	2,8438620626152407
1,368038633773116	2,759348190184884
1,9223510538291786	-2,6010094282711185
0,02150893540065324	2,943796761162363
1,6193020575497443	2,4573392423863236
1,4904205342654542	2,5200868000764
1,7648037039624958	1,2017485959720937
1,734834927141798	2,3864681487770283
1,4542166859225347	-3,585818157336827
0,4034046107879009	-3,160417170723583
1,1774285413964698	3,407189723758517
0,1693814842286463	-2,687823529426596
1,4235882614056128	-2,8992130933474654
0,5153266206229763	-3,229622060576596
1,5978808380540301	2,697523153613452
0,126825400504599	-2,6244260891068034
2,630955856134221	0,7308656655438737
0,8847277686573547	-2,9813798763303136
0,7905065309184217	2,8939003751588226
1,8948020353882606	2,7824962594912686
-0,028640679792733326	2,682131965255332
1,7305318014529285	1,1297419585997286
1,5219335653806487	-2,8165903159900427
0,8596400568351099	1,0176118921953021
2,3840392171107774	-2,774948030569016
2,069459181840378	1,6926582485709774
0,6029210986737218	-2,979200425363458
0,23075051506692884	2,950704747211692
0,7043078025503762	0,9864037485251594
3,0734111508533806	0,2779995218851197
0,8304768030612818	1,2554770582640735
0,11285903510879358	3,2301141146228742
1,009216097936619	-3,6080401093166863
2,6752408839744195	0,6848652074477495
2,486716340298357	0,5705129549363323
0,8593571260921234	-3,3463481078545687
2,6449040161408304	1,336235815681443
2,1872184378260178	-2,608389758698505
0,42567571381904545	1,0453606936390898
1,678777051730534	-3,175091441033582
0,3970549621703148	0,7644889296033717
0,13047390085474175	-2,2637601690728504
-0,026886867297255312	-3,175003567209071
1,1294256223362091	0,9094591918432685
1,5856455697121505	2,8877446076124933
0,029717156121290778	-2,3737657265869525
0,7834870725253387	1,3652998515059158
1,5320657772688762	-2,811055753952048
1,9963903540867065	-2,421801912620161
2,416811454099359	1,1023329040047378
-0,5209367812891283	2,976194880297001
0,5814271717985796	-3,1536074528539513
2,2817495921223148	-2,0485630036385865
1,663923210956745	2,347159516383048
0,13879035895950964	-2,8079655064872098
1,1305363106723794	1,0448875351666926
0,8967966263636142	-3,5790938299494517
1,5283063624368678	-2,7670516370743568
0,879827672860616	-3,014436190403485
0,3079790704932762	-2,329359421253174
-0,14161942632843938	2,319726330264445
0,3977375880642713	0,9575261027002288
1,51202995366104	2,378082203535274
1,3482531582464863	2,7057371411104003
1,7555710461424432	-2,8408311110357394
0,8141378324601465	2,977591554227137
1,514299920152543	-2,7777711357349295
1,777456727232968	2,9849280912741967
-0,27896184755123055	2,374841415082946
1,7415046566556636	-2,711049602310369
-0,13010998147164132	-2,614244511710451
2,7316714138007008	0,9441746083248524
-0,24505599615106743	-2,6989271293863473
2,115454855327339	2,206698714392519
-0,2815032487662368	2,6257845626736147
0,44632558556593294	-3,3672304809189537
0,9633245263943214	-3,0181257103012364
1,9298086496723195	-2,1875784197754506
1,960367523262077	-3,2250323594939463
2,355599636140476	1,0739635475281375
2,0010285189044192	-3,1856842199438953
1,3808031020228917	1,2448914496413148
0,24962665709121867	0,5283067841089848
2,452542383722802	0,9819509573842978
2,7300772757279193	1,1605449404476187
1,0217565353873495	2,9705575230513284
-0,3280246511810577	3,186816329582072
2,3942256570766824	-2,63730702295733
1,4773201017152795	2,666630523376183
1,1600773111452605	0,8674515675933998
1,7287410536705097	-2,580699938121178
0,04961187712067905	-3,17239303920877
0,6673456569027314	-3,3273352381219903
1,5718968207259203	2,438105803466323
1,9586629004394802	-2,086292967082312
0,8150078620885874	0,7715718585807075
0,8723721144337243	1,0084511710372501
-0,46747463193755956	2,3351039352040788
-0,25065537776601166	3,1213869845900417
1,970363845703413	2,19142402089566
1,1408502060690235	-2,9649256245821194
2,626283607249696	1,2580314601905482
0,9216783892200646	3,0377699352636904
0,12824005534339922	-2,7456581036010608
0,7718672087885311	0,5441592701472824
1,9657387102883326	-2,796298141199932
1,4126412466733484	-3,0820415286289102
0,9763616877165164	1,467887598840687
1,197950904965067	1,1456242189664458
0,4949283722008111	0,6674752713821528
1,6828278441018947	-3,2844588682983895
-0,044895346746324005	-3,1012818606029127
1,005732164264691	3,175800776003095
0,9658209347606596	-3,183228728635686
1,8898156938259096	-2,9708293677158917
-0,48749357577495056	2,8715176489097898
0,20497942309779216	3,2714111260953693
1,0498565378348248	1,4374165895426088
1,2959738011588198	-3,3108524093135614
1,3606970856055383	-3,244518174192215
2,312203952936593	-2,717759697299
1,493956396097813	1,7056279505057796
2,1833036588092085	-2,980014517216743
2,42328324933413	1,106091842667821
0,17711210319824372	3,0584317462863018
2,232653145475445	1,6571089997848845
0,34915537763124704	0,790655611759598
1,2877601955062223	2,7426331862303277
2,845155282170215	1,0186234513340011
-0,052167492566460694	2,3337297933772
2,4776567770861995	1,453699959066618
1,4586456710943763	-2,791755103486299
0,27811353980964737	-3,0658428554153025
0,5999537689638212	0,6042363297983186
0,2882917512640872	3,2790875003350752
0,12276171666303759	2,6858621611736933
-0,78317278661498	2,46362044371293
1,6240111553927283	-2,705991322994155
2,7890301961365074	1,3717284546708806
0,21324076410999426	-2,566105566401967
0,128524963989062	-2,4133494600878835
-0,5786201974914278	2,4899739480152774
2,385697226731782	-2,4283045698690375
1,5492264861537415	1,192705906888462
0,05475169634560273	-2,5691713470258186
0,5306375966758368	-3,229461004559415
0,28298931416728923	-2,8818480669625037
0,9787281192120245	0,8314704675704118
-0,29402671219486365	-2,3163943057606473
0,5721591725607403	3,499654776364668
0,427813233216809	-3,308506099367193
0,8138910251620683	3,174390105216774
3,1890982459513593	0,5465127780595188
1,6136254862450883	2,5083715465366847
0,37531125685327243	3,125311844030894
1,8346655236450382	-2,693180022385582
0,6384683795837593	-2,7973924463907007
1,635437210383278	3,23780121806843
0,9212021214306332	1,5286590868337457
0,7810609658742856	3,2340156309974972
0,7900886457101922	-3,1330302416565656
1,6656681532839568	2,7299911914891135
0,5083474310312452	3,2111211891955764
1,9471162715185195	-2,4314695470836796
1,8554438562019149	-2,2303529190571383
1,5659054605837013	3,174851188501842
0,970163936137442	0,8717003314165654
0,4607191582861317	3,2496490922767
2,033668104380825	2,227149658878354
2,516235144098843	0,5512701891652203
0,8630558423997866	-3,3571831189199424
1,631468185829712	-3,004662584062917
1,6717206901597645	1,6444192358823617
1,6578482456749488	-2,9507745171843327
0,9640211013709099	3,527911245008198
2,358851053261692	0,8006399984777818
2,248908692287266	1,475714427683753
1,4502098234519414	2,405728076212087
0,9469111994896231	3,3328607033075137
1,3910578007905885	3,020522364727542
1,0743591329383977	-3,1089022694258235
0,9777281432799982	3,419130787182686
1,9495736830348582	-2,600608850536786
1,1048638894500238	0,7578653174360444
0,8183495137526069	-2,9925896546917934
1,6325187044938865	2,303249534732071
2,024283182651741	1,5731281353850812
3,0402514115808463	0,6933085329982525
0,8298744061547157	0,6029137057622931
0,35744351133325986	3,0159913674623566
1,8757611961705625	1,7883059637944934
2,394535919507935	1,2020225259724129
1,5228132466665194	3,1238302783692014
1,3390063668563734	1,2453809055725316
0,8252585285389552	1,211814432958327
0,17030921239702934	-3,3295062488373213
2,7316106487258205	0,5965201146439172
1,3630649384524949	-3,0490363265626104
-0,038817930443672655	2,5513080491674827
0,1309676412551085	-2,608329309452155
1,1707160201351123	2,9366024837505087
3,162815672090093	0,49359822613411813
-0,21448131284379757	2,481585831770694
1,2570593287080305	0,9062205599653778
1,9802637678351775	-2,1477894817060634
-0,32044763516836694	2,856754758497311
1,915142689214215	1,0709278820664596
0,9727118244806551	1,496236008362901
0,33003384472405806	-2,429774086697322
1,7045079454369558	-2,5136372285756106
-0,3466568462633468	2,838631208852357
1,4924750055908773	3,0717228832313754
0,5589063453999008	1,0424952480199479
1,9845824376919385	1,3943521054287618
0,7587999708202282	0,5950896590018719
2,2578497892363067	0,9759064025750872
2,1775970246509107	1,0481250482266882
-0,40606616980737376	-2,495997948944887
2,3154905677564397	0,8249613886602265
1,3974161746282656	-2,9079925621355254
-0,044903244030831235	2,9885826916555893
0,5086457026213337	3,449690871123889
1,3539808714897728	2,4892711659029816
1,2090619215338445	1,6067251730326888
0,26423295913178263	2,750826595706073
0,7197045580217198	-2,920288161431822
2,2852711705141084	-2,115167997847593
0,4854792492289246	-2,859809198172309
1,4422281214951234	1,3762405680409366
-0,1691644694065777	2,397484736027768
3,056748893362048	0,6281298752728798
-0,7834224571809314	2,3161390130142174
1,0307727632176886	1,4743357170249063
1,1241795137875703	3,0676648348355657
1,0411195298743363	-3,0317535404536553
2,0973855895064792	1,3713507704901717
0,2098819493735825	2,8286540646399216
0,6949997027641073	3,1486303174040886
-0,3160631191770106	2,224205353413792
2,040341151937238	1,6520856119173626
-0,23230976520704338	2,713448369762198
1,319949716555117	1,6760265645435497
0,9769796441032953	0,49166847684936493
0,21594852673258647	2,9446084345686585
1,2243273359146825	0,8861660865708887
-0,6501232411394466	2,2185665997177226
1,2174177344198873	-2,941925261318042
1,2446370940609517	-3,1681476483031368
1,280296295493247	-3,168824182051405
-0,11430353919981184	2,6848780218704507
0,3816148739197174	0,3824312415118689
1,5500120698044078	2,9895618110095383
1,3439385304997185	1,1611027833651941
0,6302651585914005	0,5185699766701583
1,4065194507455692	1,7278201039292256
2,709832729220097	0,47493042944395275
0,2073578163229356	-3,0181797046153878
0,05005778827447216	3,4281198286530907
1,9129248682657254	2,12875183517318
2,31334411903557	1,537146685910987
0,3093763089149961	2,9165949377232367
0,3376908531849623	-2,451301134150182
1,4847461333383403	-3,0216792406653106
1,9378390688881877	2,6427223122541763
0,6819356125650244	-3,15140600394367
2,291153509975704	1,2737071701415228
0,31692952546889086	2,8472499823139925
2,285868662586884	0,9200317076579891
-0,24933542306384093	2,2402171510551874
2,746039990652975	1,0768459099885792
2,2192426985948703	1,6491168591873433
0,5113623159894085	0,9003510457842286
-0,3079781623051825	-2,5171905966452703
2,0383564530203615	1,5093269212603109
1,9513064384869248	-3,012497836488044
0,21038546753565712	3,287834000213075
1,1999029645073245	2,959249775605185
-0,17489861159033115	2,571591316575234
3,0822944395603935	0,33764284928710486
0,7992913938328642	3,552428077612939
1,8199152599404251	2,6807790394198507
0,20485650909494457	-2,7345111881699244
1,6035018598385418	1,1946631523468263
2,0855913627596516	2,37902243233637
2,1322785206179873	-2,072342377285101
1,5604463292203044	-2,880532740023137
-0,08792789829245351	2,7961506889470913
2,530792292869728	0,37028399734993117
1,6332867324161517	2,43438784858588
0,2760905012912702	3,187088021716443
-0,11073848372211259	2,2763675084275685
1,9441769599685548	2,4010455884954656
0,3737632910082186	-3,425641269291863
1,1637195912806133	3,3563830864350432
2,425532812464686	1,5752929714579196
0,28071531123832605	-3,0398631485075094
1,8772220652368177	2,9676986256591875
1,7075827460841426	-3,289905696662701
-0,5767623475124255	2,1388035067179563
1,887001158107405	2,7530135190940888
0,04716697713959306	2,5625859743084676
2,8996071242243078	0,32459372308560247
1,8529638710157545	1,3863551640438687
0,33846656387138785	-3,3593555060448033
1,795821790523796	-3,418254378037498
1,982470411150181	1,6319651364346277
0,981840395104804	3,0369994584125957
0,9649066912801969	3,500118300962926
1,1134790564828814	3,4450429382464085
0,32501935636333323	-2,9496799132578717
1,5616545616645705	-2,7590067190004093
1,8708356913811477	2,282425355020717
1,5317987611781403	2,6950217276666
0,9126173803828594	3,397314500738271
0,6129364897996492	-3,217100468557289
1,6723678622265694	1,2287432728817755
1,189104938374577	-3,217567531696004
1,8487078190251571	2,973861625651632
1,1932869038038116	3,4455569939574886
3,167590995584135	0,44058079223244545
1,4157075607140335	-3,177818467929316
0,1883223014547214	2,7012223349709084
-0,02756111441552167	3,291792795388578
-0,41807371790230174	2,5507011245173086
0,6768751012581189	0,5443362562252385
0,8829393739634559	0,5883380823400264
1,0758241907848491	3,4023116072188406
-0,27963009203746436	3,0640066809241886
0,658390113295529	0,6710013483592103
2,741497425093943	1,2089016750553492
-0,3193919353209418	2,3279187270754527
2,4835622081481437	0,6357856490092748
1,1665934324763834	1,1174019373886193
-0,0036519980865441504	-3,2144550034060972
1,3521239111055143	-3,3923540963174625
-0,07326130851292634	-2,9915289041066586
0,7634461608245036	1,3698669254734535
2,107317416556008	1,5596768055473484
2,2009143999116674	-2,284284249446862
0,03290409188364718	-2,4158781471124615
-0,3357227675058849	-2,578538229235696
1,9898958041488752	2,097833381231871
1,5424854550329228	1,2335910643744314
0,9316808671366262	0,42794703395628897
-0,008689555502877866	-2,941483508022454
0,24546331938090293	-2,392001176141198
2,2173605170818718	1,20501938934857
3,1728461223361677	0,4651702526981311
1,1668871942009504	3,3043467046359245
-0,6073656918962398	2,734608734313856
1,5275485478449304	2,1922598716816366
0,7035808316483081	3,1382183861114927
2,196827255759618	0,915818273474546
0,36687859476384277	3,5464238590922945
1,911231880938736	2,620193412969373
1,0290231140410955	3,3585895350015456
-0,15339559662708724	2,43685412512946
0,9621392719461974	-2,970632536486991
-0,7314765663088325	2,313615806827114
2,2040913778079028	1,735579103161424
0,2780339364322655	-2,4706126262750896
0,5115710595349623	3,1949487479874064
2,397665339973824	1,009843084194452
2,5800536852166474	0,9257300126587378
1,2720413424117392	3,153891733598348
0,35887942314373045	0,8790795757333241
2,0826544459742324	2,1723794892190407
0,293109256834507	2,901514583575747
0,27941491746698477	-2,3236232023106185
0,10185323750436848	-3,025657928741902
0,8170713447054816	-3,4433881175086274
0,2908598826024045	3,136344988351418
2,0564575496082655	1,2169860096391294
2,246750156296172	0,9470481210816523
-0,15402089382031292	2,979436877113816
1,535894403139274	3,2553085336835523
0,15854362981977455	-2,8476377014000267
1,8577167938667696	-3,285742579227638
1,7529680849854123	-2,8216979846661574
1,9617122057844247	-2,699475527474192
2,0831945208911096	-2,7172439040457217
2,7808999771490512	0,7375567715238085
2,6102215505905377	1,2188339861594981
-0,10523481958963177	-2,7324295550060564
0,27817811938321185	3,178203714398459
2,360408977706424	-2,2852356807729555
0,019980218486056467	-2,5303116707988083
0,4892077556599177	0,7552687265662966
0,5007436477167543	2,873304401967615
-0,3379665131069973	2,2687385017517228
-0,34073632557608224	3,0674807922491403
0,6781080051653919	-3,243795765745273
0,0721628698293747	-2,9198066317017126
0,9516952417438049	1,5524769794663655
-0,5910719484661031	2,7012624491054193
1,1929205365077584	3,3036870269854637
0,07700890725287723	-2,351085497984231
0,5691913709085479	-2,7596194092940465
1,4649323670771186	2,8164894208822657
0,9471416700460766	3,217692006324343
-0,030573464429448194	-2,6581851547307744
1,7974883002349185	-2,4922304757781513
-0,6530254832830955	2,562487612102778
1,6661511833190352	-3,144600400687901
2,4014485653456026	-2,1395602931435946
-0,20738195874164544	2,203589431061257
2,840170857632919	1,3131386202367463
2,249153147476239	1,0171751196225727
2,5232233004516136	0,45252729481049236
-0,7089472001757846	2,334828053058815
2,6614659106589156	1,3678948082321865
1,8230010147396585	1,6956169178605722
1,0317730065872355	3,152975392706178
2,50602804420597	1,0128752061193322
1,5296873898823207	1,6905780527507943
-0,6513393515410109	2,4150651413426227
0,22190106972694068	3,3275011734178888
0,6952980035725778	-3,479769004285396
2,5579107124434537	0,5564558178054297
1,7644759809236898	1,6075352364772295
3,0898936363921203	0,323096648119405
0,9481422678137001	-3,2734038915187478
0,5994331712338463	-3,404544216642602
0,20161531476533445	-3,2788343675837437
3,131431741921912	0,26270797467743073
0,49989503030589466	1,1690343132833503
2,6291317081224506	0,9882450715209828
2,4151242312280625	0,851522147893789
0,605467673399725	-2,7810592362737725
1,1551289886975804	2,7854730207980465
-0,20226272349835184	2,1785281780674945
2,339103641509152	-2,4043850696828404
0,9973624990254962	1,4896148325672354
1,2110670398250867	3,2047323350146977
0,786785444103047	-3,02105557005177
1,7984266033412966	-2,488421808058134
2,9752934512379605	0,6710192430860109
1,884388375277625	-3,226354324919205
0,9343028558674084	-3,374488128020184
2,694835957700368	1,0752854887192713
2,367298843905841	1,085308689097336
0,58448419813842	-3,229964425033697
1,0805578483726874	1,0356642397125397
1,3295777933012072	1,2364067598326571
1,9394324046863403	1,5869507773070957
-0,8076866730966881	2,369237115347649
2,410975845531463	-2,1599393401666367
-0,08493468539720084	2,5384741318537047
2,8586777884657515	0,2856411702716922
0,5825258008170457	3,516284124999299
1,622894767620809	2,4909537165446114
0,57053004012435	0,8820891129979174
0,21916944500841828	3,06289178726991
0,042264222854122235	2,8695390669134255
-0,3183729422308115	-2,5433112783315854
1,0426756954366898	3,455219874217943
1,0491999837029045	3,175453843732392
1,1301570689486646	-3,4234137966874925
-0,5863129744041722	2,1760571331414233
2,2872708862831677	-2,4211377556400797
-0,24871741106214706	2,250877861726941
0,6012363586087605	-3,1143568595237623
0,5905365422787163	3,1682717572228807
2,1668834710781675	1,2713200424728743
0,19956365921647157	-2,5823265895066
0,30553071203422066	2,7868792415105
0,6377407992234303	1,1190353074829034
1,9507761293057637	-3,225550145636471
2,1944449170462796	1,1656953155767966
0,17160326447223706	-2,9265137511669774
1,6575182870457947	1,4699158018292129
0,13957095781391549	-2,309648080154424
0,2651819093540261	-3,1670586606719713
0,449098862910149	3,0523569883907524
1,5675807214157564	-3,504327956984611
3,0217390790168315	0,5994674629874
-0,21761536611496957	2,2919574917098235
1,9943522794773327	1,5072461619353508
1,554143052671356	1,5879353417987834
2,342460768961327	1,0414769979819518
1,6329832817193883	2,153559501589181
0,6460229559054442	0,952701231867241
3,0928197474017933	0,35493246119392075
-0,5784219543629192	2,4951331031106645
0,3207162788874178	-2,7257239429040996
1,622131099645017	1,7696208947292664
1,154866627163967	3,056309755757331
2,4873130357830626	-2,102014336850404
0,5083387560034904	3,2233642577176207
2,2724557813819706	1,2172165001806297
0,10029961585992453	-2,395352767276762
1,0013255781678594	1,1727272078788795
2,495888961067126	0,8659841162308547
0,9168509450244748	0,9506658666397432
0,9426983947268507	-3,22310326283715
0,12101578931236256	-2,273781115695889
-0,39792830807873236	2,776612813092366
1,2166166147685575	-3,5641816437261373
1,4996918929774687	2,5873262443861913
-0,30801969144156516	2,3991993996117222
1,3585322739586547	1,0068311116125117
-0,35402971736112	2,9385703698600123
1,4378502287363295	2,8258074565219164
-0,255263569428121	2,5808536449858335
0,9042271988883415	0,7094792857369555
0,6252029711999176	0,38169417285849216
2,5048867158454313	1,2820451861168425
0,10432703968632395	3,128944187738031
2,4008090909641506	1,5687539548624287
0,7609058493929395	-2,942778724353622
2,1827540466433524	-2,3659895415121794
2,1358680538037986	-2,200060192089081
0,26279489772910714	-2,7236853824667477
1,6235032397873	1,0681080717216678
1,5188566494124465	2,267742628728177
0,41105034013607056	-3,2495114386332995
2,0183646717988184	2,229848283782201
1,8231912921684363	-2,3999119448422324
1,5450867724305248	-2,907616914838588
2,5053090563814537	0,3608266594233311
2,3144103748991713	1,3906303275799043
1,2221812699182775	0,8842895063957148
-0,1662853268783383	2,9329345261012336
1,0341167972829828	-3,051672463777992
1,0319133183477172	-3,261216397893331
2,5779697217851036	1,357067529283455
2,560336522848327	0,33965411136519386
2,1728833336450974	0,9448770263007288
0,3270149141073767	-2,9213019375152687
-0,3375010244288932	2,797237580658383
0,2521789488853119	-2,667446262969831
1,727039910024969	3,0296463502329085
0,8450547486669864	2,9151591862302477
1,2413124128091495	-3,113745373594078
2,3348350968997904	-2,6095646749105095
0,5972423489961004	3,281661694887503
0,028607495762480006	3,331790347839937
1,4765158675046324	2,573296755446414
1,641916287272886	2,4323263768671906
2,442809533439724	1,0179825659817483
0,285137395829164	-2,566773206008645
0,971156462724269	-3,572393395931254
1,3536238056522465	1,0240819455781431
2,2832050506568384	1,481263652342873
1,7414337513518545	2,8650834154681695
1,3973473053486802	2,4713464010688124
0,5812895563845653	3,57408791397775
0,5702878056927416	0,9149888532898787
0,7897827769299621	-2,9299157952918584
3,0991468660035495	0,837621588942911
0,1464060628943974	2,7757170126618895
1,369604968457034	1,651672368466917
-0,14459467676976856	2,253192493088021
0,11260122896857916	2,83437476256492
1,3592858292975254	1,2785103679367191
-0,054226811836713296	-3,053226857877295
-0,22369514030604698	-2,2490390873394746
2,0042353784001428	-3,2094049970648495
0,7100737728772701	-2,990964792648535
1,9054829726685942	1,131735058535157
1,9267198344093237	-2,1211431318757334
2,291568507545441	-2,078449800266659
1,1463557316070725	2,952944421536989
2,080750283357844	-2,234637308464937
0,5235364994901923	0,690442539149134
0,44782793451649305	3,0602186851055855
1,565437735544993	2,815179875627926
0,2450395254023081	0,476197558151043
1,152668646297621	1,0965598702787789
1,9559960762959117	-2,382839665931434
2,776048522790691	0,4633243182317577
0,2665987594656025	-2,9482226099400544
0,8865286786711291	0,7668219014173103
1,5373898288876928	-2,935259902925293
0,8630649851492774	3,341072567099273
0,8527008548263063	-2,9513812231393484
2,530652781030243	0,6041398689035695
1,9067779405080594	2,155363902862232
-0,20708119736328878	2,4172609568129806
1,4280900685267803	2,700300424996242
1,5907383414506997	3,2797933451970875
0,14515323330318397	-3,1247260503245218
2,1124408465811673	1,2574958066390727
1,6124818984314837	-2,909782616099438
1,0508696456918365	3,1211522477145945
2,609850417889968	0,5084401824104885
0,5790629961798728	0,5385695892002598
0,06313750255894002	-2,808007909208371
0,4821270944232151	3,047138336348067
1,4581310778799863	2,3623803656314206
0,2993146959178482	2,894039974441413
0,9736621435890176	-3,5082785265268672
0,6885777248643575	-3,3581049247487895
-0,10679041491857566	-2,7089810350571155
0,6358702380234937	0,3953357176553829
0,5202362180110363	0,399283811390895
2,505038356941395	1,4722719157563384
2,256847878031885	1,3587229219248336
1,5335874466820445	2,4136746893609606
1,7953153236026622	-3,1532536802534694
0,9740097556592091	3,4081157154053336
0,5418145973910262	0,6398654674704005
1,490779825295708	1,5372026970355506
1,7155427389506768	3,0227929392122697
0,18845080672349157	2,9788395114318345
1,6122685395526997	1,2249834090875318
2,2043849548962644	-2,851800953048448
1,9615382298138377	-2,4554607047492127
0,013382075953997208	3,3061509210413353
1,224587216140113	3,280405135692849
1,2766007661016414	1,1292227918505846
-0,19312492769898904	-2,8379528139951735
2,926228078605601	0,7811927087428959
0,7341531506652936	1,2705973505211046
1,885672498773903	1,7021703417162706
0,367291263963497	2,8258216967344887
2,9678887927606037	0,9142663744327841
1,4541416303748154	1,0916208916795407
-0,04888171303883393	-2,4048397340985095
1,6775473028502403	-3,4219030684398497
1,5023139815959285	3,161592269580469
0,6205442326047989	3,3171199792416477
0,4318045200975399	3,0550488205727895
-0,21852172944510584	-2,6416091085529962
0,41347020550986796	3,0944562092806462
1,9509105567828242	-2,258500842609689
0,3505329206893337	0,7661206904352461
0,39646009809965155	-2,62272879065208
-0,13257837890744595	2,575312876805786
0,5519709676930351	1,03404841750906
-0,4586375363350552	2,5916395671543966
1,604383998168405	1,1012402438608813
1,795957690151616	1,2163783211889823
2,063575803298833	-2,4314665555161343
2,558946052305015	0,3849730486299382
-0,4319090102364924	2,6449512661494103
-0,5702051209207275	2,8491960100079683
1,942878382436818	2,6303272939636093
3,042382416471358	0,3949345000718526
1,7685894199512049	1,7427434213867168
1,983615455665917	-2,607488824776413
2,6897416459521373	0,36916717580504055
0,2261062926035562	-2,2213768676993655
1,6451762590727652	2,975836439652271
1,0364956368705442	0,9744311620690013
-0,03729096361334139	2,8813675470972764
0,4330918756655524	-3,4772077060481954
0,21368007759609997	3,2880674078074907
0,9154526864474446	1,5205444554074017
0,7117079513043592	-2,897548471383945
1,3170636338003474	3,3427944810970853
-0,23665170408299174	2,5909625882998326
1,5373815331864669	1,560696534166846
-0,39217163369150176	2,7096371945764206
1,6198904074436058	2,6078794344395613
1,351693275579559	3,349427120546415
1,1646860967351227	1,1073612241924473
1,6714488262046219	1,257739790519784
2,2664622881904952	1,2611406111653398
2,595259741638595	1,1701298049938513
2,1323406150986326	2,3092546944546357
0,023286974910680325	2,8877912530281753
2,527595368329028	0,4595973281899981
0,5200937225175015	1,0710900610432688
1,4690140350738718	-2,9008850988417625
1,2582195986514262	0,9676307489289326
1,7095672021618618	-3,2613105752155223
1,9437849580264777	-2,521887170872315
1,7617786607357886	1,4213079304578506
-0,24242266894943199	2,8928609616733243
1,02322952464415	3,457716148631019
0,9098088896157372	1,1195898109225475
-0,2958929899587234	2,898347884109092
-0,1880490756679275	2,9980453497858113
1,5434585039624253	3,115604160564377
1,1211594904378743	-3,5010831064599106
0,6448808012878178	3,0424263946326064
2,0722109671366717	-2,421276609438849
1,7802783804187403	2,1203432370086412
0,3731296693162236	0,445513818088236
2,1376005971058873	1,095444239141445
1,6557962068660392	1,7922721797497672
-0,6441080567275481	2,69840745841075
1,167938654780285	-3,1984971350137092
-0,4592447759249738	2,3636700287993633
-0,6739326578287756	2,3653684615015047
0,8017074045474744	-2,8536243407574724
2,4847642129453087	0,9869273300013868
0,6712949376624837	-3,2217179913303937
0,08058575539931256	-2,797491211017847
-0,007759310185697865	3,2661777160201746
0,6143551867054704	-2,970660617089095
1,381791260779872	1,1101985921408157
2,0986401808031236	-2,5997518618806543
-0,10106112717961824	-3,0978648162107003
-0,03505859182571336	3,2808825054050876
1,539637605340545	1,0485917807786374
0,3295876448375051	2,8545738196715074
0,9359803905563134	0,45958850026508263
0,7042702072588529	1,2887680813067603
-0,04043420955676824	2,901530346977433
0,44984781171137644	0,4002499489149271
1,4919841379792629	-2,8053263605146963
2,4595664568730404	-2,0346722714579686
0,38721298109366675	-3,0704138196948167
-0,46488754852898473	2,254593719088483
0,7004039982218893	0,8123703076649664
1,683039481019524	3,2081421938928054
-0,19191406310453385	2,6016298788943
0,16366130548554036	2,7205095990467107
1,4947416238760487	-3,1511806365076915
3,0783853159496766	0,6038204055949972
1,591750536989752	-3,4632054036439586
1,365850050117324	3,252490253629124
1,5708693904890043	-3,236128108713692
-0,08721505746251368	-2,877032857076282
0,8728856031560916	0,5907495571746892
0,9285050946085692	0,7188017799761657
1,1171137380281388	1,499774668650422
-0,27324460362233904	-2,674642332502306
1,3513679006771997	2,479317148569877
1,8668383765925758	1,3876566089215328
1,531906766717066	2,6156122507510333
2,1679459427583394	-2,71358056860005
2,3023991723881707	-2,23229630500364
2,46285625228443	-2,4493215941975937
1,750866440429054	2,1740165124727993
1,9554816376205997	1,442075755458949
-0,04365863937077763	3,1470730070523896
0,3749892188802895	3,146178556743226
1,0085458387738342	1,5117391720277447
0,4595678246335224	1,0654471980217335
1,284307886005588	2,8580252451475356
1,0362910948092185	1,163005923061505
0,8175584389012021	1,1266581643260647
2,087640793982891	1,61205772877226
1,6201961722964562	2,6130704091874417
0,44097510381292937	-3,445642671385123
3,070649497691268	0,5136341468206269
1,1537948615810447	1,0011737014214226
0,060595098806143666	-2,426782166861874
1,4084239280320348	2,3476276163598975
3,1734045671883777	0,6006493179886607
-0,3608755098386438	2,6583343662358367
2,974623699980145	0,8154444536459584
1,8536909964211121	1,5748736469591447
1,3923981256862115	-3,457299098390009
1,2395075774624256	3,0203725560859453
1,7798692185177523	1,562373973026758
0,3924197656976298	0,41448490456517806
-0,7389367404248719	2,3045272775211716
0,8890763428609225	-3,457249753591509
2,8738372802729537	0,9564095538050527
0,3899912225162808	-2,9336185464478532
-0,08926121593027603	2,2693689529653986
0,8141924778969447	3,5534692527390876
0,3177701958136254	-2,42660311727888
0,4999362241482308	0,5619419977229831
-0,3892015125515065	2,645035852495877
1,37002153672421	1,168168889438255
1,3786313725721624	-3,444880397174076
1,673638100060168	-2,8188980978468012
1,5071064560634952	2,1961916441584775
2,3097065403787727	-2,8840290929334893
-0,5772598212067306	2,6223918848413055
0,14680681872456858	-2,2792354348793245
0,29908608029771716	3,301305325031246
0,33988517811321683	-2,548566371013271
2,577219657693173	0,3609691875302323
1,724249603574187	1,1370758183547318
0,5515395512051439	3,468991372050552
0,29310934274063494	-2,8600064826190383
1,174046644836471	1,347219045582941
1,1831519041547487	3,2215822722064447
-0,2928285223027043	-2,3614736090657233
1,7834929721087418	-2,8216505237421283
1,8308584558134247	-2,1173273892812317
0,8121313295068199	-2,85783748977359
1,9532923914927558	-2,318497185883565
-0,2175618312934211	2,637339888013705
0,7301204205652488	-3,3003435526826315
2,526778567704393	0,5920409096786652
2,481394590750604	0,6247073394515601
0,10338072773904294	2,835053516201502
0,6616715559703605	2,883776864739545
0,7594793987777948	0,7779724029183874
1,7525585101567107	3,092005637023362
0,8172354582591455	3,0545660902362712
1,8627820534783601	1,1087402697391526
1,5517558794837674	1,1862120137759131
-0,3454048530589091	-2,367490311210924
2,004645825427923	2,3531236535544453
0,0815507285444953	-2,549039133987579
1,3584405130257853	3,1388666213680745
0,8973498033633426	0,7460062200656443
2,5802633958518326	0,7412442105679737
2,517373757795162	1,1407983072136538
1,6100628962606174	2,332745272557798
0,8461162051192058	3,042175952043964
1,92312289905591	2,683894847009608
2,324480655037613	1,2855128376729414
0,9352941910310969	2,91517904965315
-0,46596575398279105	2,5039579110657617
1,5607368604549106	1,5910887498369142
0,16778384357798493	-3,2260723124050283
1,092131573561113	2,9261468163143074
1,44394539382646	3,3145522960278875
1,1040417887184983	2,7773846485437303
1,9506983741884747	-2,517927262452578
0,4975091355549367	-3,039998518464934
2,307136255033763	0,8053601261035537
0,45877520242686654	2,9270988901168002
2,961540489307966	0,720833948605883
1,549196674312638	2,9655272029336057
1,527061954363071	-3,1649793686691012
1,4315260606783808	3,3972501520409537
0,7818993435943318	-3,0433106761371636
0,937229071105132	0,3874947339968088
-0,14859693520498696	-2,3554557111746757
-0,14616177132390373	3,102902053274831
1,7065625383709688	-2,697332099678545
2,0994185993333057	2,202915524562147
1,9058510725750608	-2,5371124945904775
1,0203111552054764	-3,1589575051348664
1,8529609314877862	1,2592094989729419
1,6879345540595727	-2,836838524975258
0,5487323875575515	2,932688165148503
0,9105385766890403	3,2125505616222387
1,1129295733667084	-3,1748582543341666
-0,44628077372813424	2,5553194924016505
0,167286903857219	3,106614761278882
2,9587565708530454	0,9950088010437879
1,6558404116923122	-2,661448348974967
1,0347386940798107	3,231071349247628
1,1444956851530508	0,8017026952845395
0,47775358262111767	0,8698492037774014
1,618522322448558	1,3012243099020542
0,7421240404407664	3,3402978937058023
2,41156383634162	-2,2670448656962425
1,7768836751503925	-2,419855045174277
1,7645648063468855	-2,852146471484371
2,8353368135914665	1,0955410598971684
0,9089519419664076	3,008155439987674
2,348982821846554	-2,2864258780725275
0,5097300205925439	2,84394965092711
0,9834182748662182	0,6263448797371135
-0,26784887490068976	2,8569237333831596
1,8910631545939651	1,1510317983765082
1,2512754581788266	2,589313426143229
1,6910723056140173	2,7511354953366856
-0,5479497051658675	2,5264099852385975
0,5086604301076278	-2,791563909479192
0,903960236492618	1,052448230950907
1,3415384127156214	-3,236869510260949
1,9095779386645149	-3,295785008124545
1,3862030565903303	-3,5672886061415143
2,3520260253396117	-2,351518876659316
1,7473800681373692	-2,6089609523401327
1,6815578699594684	2,2879339218176677
0,7693194920979776	1,114016724684432
2,2341584164304917	-2,316120379707335
2,5505487959714395	1,30649894467025
0,11877507502026785	2,8259552274720687
-0,46731943962895595	2,999526186227548
2,4873773761827174	0,8053113028715368
1,630115259192686	2,7410830748138064
2,054062092190896	2,634200059640995
0,23779980288994662	-2,9464328037817342
0,2756933878432294	-2,642519118166049
1,0726983973851318	0,9710748089764331
1,441677853550127	2,1072860849139907
1,0600281833094642	2,9406910496596366
0,2903687569134562	3,13974479615406
2,050128149663714	1,2892589927566553
0,5438323241812146	-3,354270272714172
0,6774163234864117	1,3285247425364994
1,4711406822597783	2,8966161690643153
-0,6511555356251972	2,5906338479481605
2,1172688803995765	-2,152902746282879
1,159401890197208	1,1880319452978785
-0,4362568598063421	2,929094603096214
1,1165849397127796	-3,222515062857862
-0,3094860872645796	3,113093676777427
1,2390197136018704	3,398539635376858
1,16938051225204	2,876877632799387
0,8398594631813555	2,896323427205944
-0,5243195359271848	2,3580554014400454
0,709206167560068	0,4368100961413568
0,25216863425436087	-2,85486986487956
1,480364237775388	-3,438040429321378
1,8293504699359247	2,495032730643653
1,958502586187215	-3,1730302132642727
2,6538449699777935	0,5499103824549386
-0,5757409995746134	2,4441360502587357
0,7636457215794273	1,188072077618432
1,3184869135627824	1,7125919146319961
2,676440627439962	1,0772086797830442
-0,22601640714264337	-2,8982564032974056
2,1043320116440167	1,0560870745587283
1,3908512660478707	3,1061725224949397
0,33220153627344057	3,2576727887423513
0,38357195384023735	3,21918565330459
1,6272785196076918	-2,8371448698825015
1,0353028083887827	-3,075874956519941
1,3860036604790258	3,1545503814050013
-0,019840826494459174	-2,6121690379809466
0,6594238031098762	-3,300829092270011
0,40932635951039464	-2,633360714809804
2,702054429180796	0,7226009380531672
2,3246552755232104	-2,1042612298516548
0,23240668090111688	2,83877049228061
0,8718513087391799	2,9416127584256135
1,6181023013388263	2,4943014527159355
1,1874257194886355	1,572462061296893
0,12204323868041522	-3,193919138942441
-0,41693362199791717	2,5828692408996363
3,0970080824038684	0,2665005086149722
0,7589929607028683	-3,0187229471923693
2,389551800903841	1,3723437685409308
1,3495419131975912	3,11882242262575
2,5481171541289362	0,7334638649565904
0,20416219838181104	-2,50990796030773
0,5359840082403722	-3,266912433302797
1,8778320991695778	2,9006390003550067
0,247813607147373	-2,911291400380935
0,9194047820073812	1,0836458681514616
0,8716423088156252	1,198888602597278
3,058258370519302	0,4392286309806698
-0,12137410220108014	-2,988898896405808
3,0621812982475993	0,5719763671563356
2,3047565671095405	1,217205877385513
0,7669253511330726	2,950828799308891
-0,2835462319497467	3,251024755706214
2,4689343872794147	-2,6009717828645256
2,072070035194849	-3,1071242290511596
2,135641422828459	-3,126170356450863
2,50936627131835	0,6273535539338964
2,333295291917205	1,2771638149093834
1,6649861161714496	1,2881297840407397
1,1389648528348293	2,7808247879432897
2,978900041713035	0,39582527853381544
-0,3971272878959031	-2,3750234541622057
1,804269348683186	1,42395088825674
2,390543684553614	1,555469843989556
0,8137588919118169	2,9730827162321773
1,2787204330835031	1,7180679248104918
2,1586068013575836	1,3256303717385243
1,7615371174776735	-3,025486031466995
2,3540299346739166	-2,069007252903677
-0,36856036370815803	2,462661144052657
2,148510391824879	-2,760235609681069
2,0976420399794398	2,4220864773671913
-0,1033420285382205	-3,106894409592193
1,826086590762876	-2,3259333440883605
1,861914551590413	-2,332940136858057
0,42286226735315124	0,9692983955494906
1,3084722298698819	-3,0467092268214975
1,5348853741118957	2,2698005171003555
1,1350622058447017	2,794920791618079
2,527781714729706	1,1424261680500891
1,926761685876299	-3,0362294689739184
0,3401405916687334	2,9269552807306445
1,8266330191946238	-3,1261743820237244
1,5511282546795904	-3,0629934580305576
0,8928706551424467	0,8169757638598861
0,5219727398448997	1,136675386992147
1,1179916962052179	3,170922736522849
1,0699092363791987	-2,9712553184676818
0,30061868988678553	-2,3155814379863435
0,9730860067328906	3,1892641157178216
1,5495691465494557	-2,8432988544759246
2,3806062721562125	-2,690542629660653
1,4900032819664255	2,6247068472647586
2,7928979525844175	1,3540908208929474
1,6738578564594802	1,6185303248353176
-0,11539293212860646	2,3341102752756937
2,4657940682139	-2,271851032877252
1,4819183278052224	-2,974008045873241
-2,9729082497172956	3,0667107937343
1,8465946831719457	-3,2154496792194607
2,8898569345730363	1,2245201296803998
-0,17303423157244446	3,2824830212798553
-0,1289804387950909	2,804893780435176
3,2234548776327907	0,3585065761103725
-0,18941103345641142	2,658948426522562
1,7671738563441661	1,1252208066263891
2,1936019654822205	1,5548522816691872
1,61731254596817	-3,0686295694907466
0,2041760898320999	-2,9828869469422914
1,1444299027331062	1,45248493274679
0,3099044643732564	2,93022948929326
0,5104303917775815	-3,269272165813868
0,5641564829280508	-2,797554572777449
1,7096311251900882	-2,808788633857478
0,20417788676270598	-2,3828438679527983
1,2569728920468077	-2,936655967867605
1,761846049632556	-3,0612862378322743
0,44683595346058025	-3,1474580625148403
1,6420397794210722	-2,959014227430885
1,5788094069597216	1,7004736594496086
2,8132243883547705	0,4465096588105516
2,1383890144698894	2,1371572980478315
1,0310102953416422	0,6951281865479513
0,7269142205580053	1,1796109328199662
0,5676875061421481	2,884427598764341
1,6565577949681813	2,5341838367004246
1,6388974998042136	2,5657182073264257
-0,43536172532845585	2,613993591145747
2,9484522759834557	0,5418328630767218
0,13885333533562005	-2,819956959050503
0,5251088630219519	3,264098883182503
0,9034580828894982	-2,8914968124184015
2,775234692229283	0,7637018591598872
0,9295424180773881	3,1384175061063058
1,486529420226406	-3,497096764871319
2,5327398477402046	-2,104992756885264
0,29620033318850747	3,4214804331071074
2,6663266668172043	1,0617349380663175
1,7688665340045893	1,4773298731118474
2,05894050360186	1,4721464736946324
-0,18724421328167495	2,7025659030274682
1,7905562440700575	2,555770134612365
1,6600078801848697	-3,1018060641295366
0,7006760464773238	1,2009562015142294
1,67612995636352	2,585055004691628
-0,12561166698228465	2,4002438802480657
-0,05674518062328904	-2,3444895320168824
1,081674676061405	0,7343609147013866
0,8780948678621375	2,8806909464090933
1,5166436786210427	1,5365579612891764
-0,23591931827714574	2,7126996549711597
3,068157523953907	0,969063773471572
1,6714297653977659	-3,3899262323579222
0,36905128938572096	0,7250003028239004
1,1775082331990374	0,9792895800592145
2,5101426690401443	0,8761064907134238
0,9536110192281251	0,4475714218733664
1,4219968965307248	2,9412240179222495
-0,004304322568527308	-2,962755746929086
0,9900917305153509	-3,060843404009585
1,951849419669489	2,521966728151748
1,2997197595758143	-2,86686669170526
0,39208293242699943	3,1393523775606655
1,1659164625711962	1,247692273112223
0,05885118854083082	2,5676249960828574
1,5963436311005996	1,355079249975941
1,0025494972590545	3,187888679535082
0,04488344586351434	-2,7938019667805336
-0,19067644105415127	3,23210708221308
1,7326835797728886	2,4604234720830718
0,06302771443575383	2,6771174146239196
0,8769268543778812	0,6082399898842528
0,9497503600444698	-3,519529787330988
1,9319934916595392	-2,6359165887534335
0,5258266687281041	1,1289029919567453
2,8359455339565542	0,9320898269798975
0,5016053018956236	2,9598368801540196
0,49989634594474835	3,2011100771813035
0,1018451484799684	-2,7525328245987573
1,6991688159527976	2,907767888773794
1,2475947327158643	1,0541939884323275
1,4566514773978687	1,3576626661685762
1,4108328171973614	2,2529718514745984
1,7171835155329218	-3,253422166291182
-0,5259378367742888	2,382548995639314
1,07460772129088	-3,177741804047535
0,9722865717780842	-3,4761391539890276
0,897040649559605	-3,0989339366693254
0,8276248269209505	2,8988868577873768
0,3172068058052999	-2,5363636957758424
0,20809741652770308	-2,7193223730210607
1,3372527687545432	3,292215413040048
2,3272138505626887	1,2906453525616541
-0,6308954813466805	2,7938270570800925
1,510077259030404	1,1149679144100275
1,3524676706702132	3,2068280870996766
1,7060065346437268	-3,220838250065918
-0,19188795465281905	2,3001130617293146
1,4946794468364688	-2,7707675175438666
0,3281941677708658	3,4008300639952482
3,0671385051900213	0,6740591783237376
0,6514381133199053	3,1178373138082547
2,128394705643702	-2,198851678797386
-0,16262072534377237	-2,5738719970666764
1,3014615674180265	3,021893497932818
-0,046906443595567615	2,4869041283005444
0,812361749033164	-3,2654952178536223
-0,12593062436696667	-2,7846761627859404
-0,3081307318344707	2,7576902060145994
1,1972157461081374	1,3565351273420936
2,562540870906799	1,3896977352554816
0,053659523061088565	-2,28939619122475
1,3152742629011873	3,4013659121414612
1,7717026432672003	1,450484217602779
1,0386338820593555	3,4420490487357993
0,9758082735410316	2,9709981373158127
-0,3073729518405047	2,7586547953544134
0,12168562324426924	2,768580742967964
2,538670838157491	0,9058376852258553
0,3237111032785481	2,8046310767272
2,4088404451387277	1,3433756950660747
0,7236340146367182	-2,9016175158375948
0,21121704680872422	-2,66041575969575
2,493243375366298	0,7124418196642858
0,960498098359406	1,5602172628256998
2,3783720856225408	1,4069395742557447
2,7584135910712417	1,3939559868584737
1,691295415618952	-2,534757217220327
2,1593976112845636	1,0113900728902738
0,8649476595284966	3,3047350331767795
0,27027190189115036	2,780479624225391
0,6361197127927245	1,0601267106348042
0,7154477676844195	2,923044101028643
-0,3999721958771212	3,006096244311465
0,9193761700926062	-3,1658811198379104
1,350463800985712	2,812412259362518
1,310874865916893	-3,493993866194602
2,717246104805959	0,9422047034722814
1,064455399703796	1,3076410612015419
0,6393517449954577	2,8688576498432927
0,9601031022670703	3,5487649664876724
-0,7269576694390718	2,310991392261212
-0,5677031735006763	2,70093133730175
2,406977166295064	1,3153026264088392
2,7669961503899456	0,4395357677344152
1,3556076208670493	0,9751934817028582
2,0105920237673645	-2,2143147678382835
0,5044299931434764	2,9027736385643057
1,0287523832097432	3,06961098325104
2,250823512436842	-2,6932270435559857
2,6239221582475487	1,4980741187616173
1,1967173783117275	3,390797499120042
1,2064646884825607	2,818758480496552
-0,22248667070605133	-2,5591595138544774
-0,20300301870396154	3,024760563552899
-0,35222152546177954	2,561824851512029
1,1995366514010546	1,3819620668571915
0,7688809479451009	-3,5324812827115855
1,4378797764979274	1,4049086587850745
1,475193044670529	-2,7934331365455476
1,497803842558017	2,3231474498787157
0,988769604102695	-3,5539394541214175
1,1255510350880122	1,3112247418405878
1,7818988066898904	1,8068484188588472
1,6970373431496832	2,9239528776848878
1,8355209733266236	2,6369910640771366
2,215226034507154	-2,556396327807622
1,5832408690495041	2,452357111933424
2,2681507364905746	1,1617688937505566
1,0161467611983082	1,0706740994100112
0,9988488714450212	2,8888522042435056
1,908860638041061	-2,1225494476582893
2,169214887761459	0,9636234512732514
0,6363666202197102	0,87491540349525
0,7812096955774248	1,2062096396646256
0,7783366265904655	1,1497746266766051
1,212033817075561	2,9577921578204625
0,5033287087931002	2,9631153432397683
1,7305992225269164	1,2660225431993286
0,5346354845703929	3,3087910379186156
1,4788024472559416	-3,092815748617085
0,7363143247246146	0,6210228554853148
0,48600486064478543	3,173359248634709
-0,6383568552626173	2,7885203668888163
1,9522271859770393	2,387602417945058
0,5841009585405581	3,3746477374600836
1,245856847848679	3,4678949856353425
1,6317884706310473	2,9952718182836167
1,4714987493940694	-3,5324481408789614
1,8623043462861248	1,1444990297139084
1,2175263543310362	-3,171890958168408
1,6408097459280833	2,130752686701784
1,3357561071753485	1,23527227654977
0,651947878704667	-3,01798952168829
2,4849888427317817	0,9058315869493104
2,58919741151371	0,489522345710906
0,0060941840127163305	3,295024474190711
0,891548906363296	-3,338987743217239
1,1616247373194526	1,6120740600540273
2,5516326431868226	1,3097813770788984
2,3893345211021506	0,8703896990345947
1,107810038211125	-3,284881987934983
2,3965557658697136	1,0107815711782588
1,4660000586362316	1,218607905902818
1,8198669965037053	2,8605106963739013
0,7883113649994236	-3,509851262027795
0,38980304156363854	-3,2278578088118017
0,3477882573635973	-2,6384267485214385
0,7269377379966475	0,8777078753559169
0,8848259827755143	0,5900357630309858
2,3138143069715467	1,0177340695602257
-0,08276732845978096	-2,326195919330454
1,8130685519179286	-2,4030950586113464
-0,2109381629863295	3,3026249962247354
-0,16465379154642845	3,320802544217443
-0,7124669822857381	2,365464230614345
-0,17450462217720442	-2,3481955929933753
0,37696367739613135	-2,5292249699484275
0,26290114630197503	0,6167342394657173
2,164967677188322	-2,2894134027234596
0,6805271296809998	0,7421986647376495
-0,1317024247889016	-2,9074943290065693
2,1394751822968447	-2,7638068851700197
0,6642156954313643	3,031766952337732
2,8800062584569925	0,9025109978866634
-0,29054730349062574	3,2285309773171287
1,8984681621976904	-3,3474826681269407
1,7889624872927616	-2,811762917407053
-0,006231316582502755	-3,0121044494089886
0,8829929593709441	0,6439645979910112
1,9893278957771359	-2,1314107230729964
2,5828918760640036	1,0293434922797569
0,6450227080382465	0,6778192893464777
2,10094821194091	-2,9075619115712845
1,7778922308425704	2,8474727428100293
2,0870563343633872	-2,9677893981905212
0,8552756719533291	-3,273517168861309
3,0130982901579797	0,9369972260245425
1,171685338577439	1,0032262764051292
2,673298135265976	1,2059602549798694
0,7976736553984057	-2,9645375133816865
-0,11779719872487115	-2,4044777587467845
1,7344577265479522	2,893274553562753
1,28327358120861	0,9351782719439903
0,11472386721741634	3,410035190765349
-0,5579845691729417	2,1265233005560504
1,732128378674379	-2,597132758457227
0,3167012262004376	-2,4807648384281737
1,668745885872928	-3,5003069643175992
-0,22002846011718247	-2,6340165482054965
2,8949402702629374	0,34891211015159634
-0,40299575090201767	2,7053038766217985
0,1654894626531791	3,2335196128402224
-0,24243857386170342	-2,314360115801582
3,0286175077536797	0,5231598513017792
0,06460194199874769	-2,288167348044305
1,8840121695852425	1,0596612815348025
0,0031292013690047416	2,5937191360922878
0,002721233883977492	-2,405205678687172
0,45858746151913177	3,314467926096237
0,05265581671813213	-2,520361160371241
1,3922704530369008	-2,9392868660496756
1,6853945958730512	2,5489687372932077
0,6410461986246165	2,981563068971972
2,1204106682619037	1,6337022444393212
2,1254690650142507	-2,1491144804466535
1,6521922537783165	1,4986674430319038
2,468248372121495	0,8586824608228639
1,8933362540382572	2,893590537780091
1,5905688006428815	-2,6985482513713994
-0,4064664244980767	2,5995771300385337
1,1890533683927886	-3,1204187167912965
2,4604124299755914	0,8210238394798222
-0,3835470676162307	2,8122172142305972
1,083004666150402	-3,501104252740004
1,9891287999849483	2,463607515495001
1,6950310982088432	2,2843956447617106
1,829732253412669	-2,622246137146492
2,3220193783882506	-2,110408704938732
1,7552563848055693	1,1376941468001371
2,3294414296932096	0,9725763330203175
1,866611227741334	-2,306205423671267
2,2058769364639526	1,4443814547552853
0,9784286563034155	-3,3290859827168435
1,0299211309991445	-3,368191754889012
2,53590897318469	1,3610556575096373
0,4459762198348489	0,8379661710505859
0,7620176790319844	3,192482503469696
2,2375105693344084	-2,9421463028667945
1,1658381943449472	1,2315245011075564
2,6595753940110844	0,9496050300210522
0,6929397391198555	1,090737856665514
-0,09854502699460055	2,7401891053332137
2,1197165838323215	1,2481932980487835
2,0995966589144226	-2,3299645639745936
1,6722530462562988	2,7106229770362456
0,8522425749177135	3,211778561241248
-0,02722737305814149	2,748806172455008
1,6820318288448433	-3,112796382217038
2,1404550101806965	1,1087907407069961
-0,6453867331064411	2,2198488965703103
1,141304965250468	2,8115347496625307
0,37847070974700814	-3,2796595037529785
0,633260092683037	0,6744882550644944
0,3456501160670278	-2,586677408364467
1,526850213778941	-3,271035094189853
0,7586804758775698	0,36383226735451973
-0,012007685790695999	2,4439228727138858
-0,19392127416966465	2,9269388623011565
1,0097443013745235	0,6776865282481642
2,9554412845107403	0,44110087128235803
0,4356261554899561	0,6757559896179954
0,6785959600292426	-2,969179703531609
0,4002466313304565	3,341763348032963
0,38576022862775905	-2,9210246252612713
1,6957608965049986	2,640828835487185
1,874234365079654	2,516170512221184
1,7312406724092082	2,518072116444517
1,7435378790334062	2,516312746712736
2,2043708559055974	1,2556969298635656
1,4040109725605647	2,670165932763549
-0,10381419405464931	2,389594842518874
0,680568448167203	1,067906627805737
-0,25388842011337454	2,7713070582838903
2,078433710179841	1,5454184102066164
1,599808507570803	1,6570132861728097
1,4197206191020435	2,1031790025152306
1,8656344088502612	-2,408143122626769
0,4424473101142625	-2,994559321800331
2,462037360678117	1,2950708110421398
0,7457201354493783	0,7344411577821546
0,36063602213112855	3,1595726672076974
-0,7498640534578067	-3,4012968226587197
0,1028720714485738	2,7994330662134113
2,236855288709058	-2,7910574964765025
1,0213222570775817	-3,49581582731941
0,5960682072496631	3,3942651360382348
1,1618812994222159	-3,450007401820829
1,1113069681593248	2,794656864499472
0,7511322854218963	-3,053005445874184
2,3187591493931863	-2,8562798843587176
0,9320598291149591	-2,943864182445795
-0,01379555740021754	-2,253973131818009
2,454803820517476	1,5774585476951735
0,41786105739510104	-2,916687876146108
0,3482450545870678	3,4858452457418787
1,324086339664441	2,667242946097802
0,9851674483764412	-3,304086871805083
2,0018782372013284	-3,2950102027102393
1,9660403466320058	1,1431936813136674
0,29473162179793455	-2,7862218164234243
-0,5181923917264102	2,630311141471181
0,6882687445731615	0,42433332867099577
1,7557731740212044	-2,5309156565487263
3,073428818484725	0,5696389775281063
-0,13199605611096588	-2,2512085262500965
1,5831878054999815	1,6499216230986706
0,28579172470605935	2,9697299582973082
2,2003206640726147	-2,7203738931866672
2,219785359288669	-2,64406923495506
1,6240836617019097	1,2523402013150653
2,5596057466657225	1,4598452639773623
2,4774264892950777	-2,262321579226997
2,9454102153915143	0,2824441289691157
2,7301245639694685	0,32091380768751976
2,497124124858603	1,0188819595898584
0,2938653757921411	-2,222627555809306
0,8299234540972793	3,220868010200921
1,7335604994146394	1,0813005796103832
0,3662012075415848	0,9233732948743293
0,10363700468979165	3,2615437987083533
1,9882404823280373	1,1728199525650025
2,801915455311506	0,8559213344710936
1,9687936143157498	1,348383372833137
2,0795821567988253	1,2383040751590249
2,6138992069916247	0,7192730028594974
1,5426722964138295	2,205620471579129
1,91649799822589	1,1813836081768545
1,186367918789592	1,133832557260559
-0,5249143855929379	3,0142823842021937
2,0228090388625977	-2,404367595459499
2,0469507299638567	1,122428790134399
0,567555522203818	-3,3805360581295583
0,9350640387837401	2,9195386446789477
1,9150201307427506	-3,3422816470579737
0,9504067673724452	2,901824495379514
2,19042478189406	-2,6215086534662317
-0,5995217155831205	2,1368277493303234
2,2096791236207673	0,9855646500683282
0,12366771117459574	-2,4924471784016955
3,215885011305306	0,4250533502485486
2,092092568245958	-2,685408348751713
2,731638376697053	0,7722674658198669
2,071130546666727	-2,178707782479679
0,49002465081901814	-2,8943565951206454
1,3201403390274482	2,540945612347168
2,449471476489661	-2,4927360635849194
2,528060561307156	-2,2119152830819884
1,6762421547942756	2,9126891241697304
-0,13175863704415747	3,104649371524844
2,3670104770157576	0,9036180862428455
1,3628176458115915	-3,280819430131965
0,5069590814236284	1,10579366672766
1,837667011047324	1,4760096354519168
0,7641139374676663	3,166022350040439
1,8513776685841599	1,2003889102516
0,643163489206197	1,1264465292044958
1,9084655018598045	-2,462326030003548
0,6696243279276674	3,314270956617034
-0,2704950534377376	2,217005719722482
1,71145099560632	2,3216812324534093
1,5916464415505331	3,2069939360397823
0,5631569988087601	-3,45176301810046
1,6320525225572289	-2,686245435028118
1,864653273194576	1,1198158695672964
0,9933035287479385	0,7609141732364462
0,07302639438676606	2,75942047529762
-0,01641896209066196	2,692689484336187
-0,28813251100247417	-2,6009308118909087
1,9446365373859713	1,7396329299391418
0,04786285060516493	-3,126060152106958
2,294287267697952	-2,751441868001961
1,0199162773057726	2,9552129247088392
-0,00225802552365173	-2,37592597162596
2,7850117489836324	0,45414908621796435
2,7085143185499807	0,5278394288593519
-0,2192977699759584	-2,522109551831761
2,163944460772942	1,5602473927480807
-0,24279581662606775	2,763234248564962
2,576042763215264	1,001425569965134
0,9417359392811885	3,342905335270644
1,2459535620025137	-3,1950044274580165
1,0552749199628528	2,9097619649346242
0,6294533737961295	2,88860489322504
1,437441548840529	-2,7965519414473263
0,3464652108981065	2,9996264731653044
1,3764644684863196	1,5561845760611204
1,0523083514624	1,6350623111604914
0,849659599206146	-3,2061146966754515
1,542108575942714	1,1326136299663383
1,0429926746804596	0,9777743689967874
1,0200784791400235	3,1616719454798368
1,2478256133289212	-2,9999651764466266
1,1150635406547937	-3,436397271810976
1,9754693365304798	2,6481145730816538
1,6733266539181337	3,068077978954813
1,7515753112150072	2,235833211232218
1,8080878051434839	-2,437919195824354
1,1667296575896147	-3,075918488839487
-0,10491474874202045	2,175796426167519
1,7256420299169946	2,2631322572843944
1,0064212899020581	3,267619351280496
-0,49431409830255046	2,3043139672105637
0,24568714254208213	3,4975436758668392
0,867598428252202	-3,1035341240708094
2,8400866197113093	0,5149861043485389
0,8747982931069401	-3,265861413830518
1,734881848570392	-3,216643562551882
0,5618281795476606	3,387330609244306
1,9856839371035448	1,6505972824611337
0,561638272439442	1,2145633196889232
1,6693419069943214	-2,9838005133803893
0,627376464493469	0,3911661786100509
0,3392434486042508	0,7431142922917213
-0,12700352135271098	2,3727722031987026
1,1512103035272996	-2,989302971275965
0,8474372838449367	3,1256501665995318
1,3369105194693045	2,6386202235450464
-0,41836101652519186	2,1991928718841542
2,484756006170122	1,1190829547176961
1,6673039502332527	1,6689637639280768
2,23926275066345	-2,0539514362730524
0,472807543083845	0,7678033088657887
2,000312854655874	-3,2484251177326495
1,1950458852273593	0,8474022102666458
0,12462624344615014	-2,281189179360965
2,8176788689976755	0,38085921479167983
0,2469993282780918	-2,5627702053423946
1,4044999315196973	-3,07035943745354
1,4072485086717796	3,184689814780616
0,36537642089101	3,01851755183851
-0,010461158538679016	2,7041193858526116
-0,13192817882655827	2,4778239265552466
2,420143945036121	-2,48906682118137
-0,059286126422807395	2,3126437583404815
2,467782723693553	0,49987285835771844
-0,15082517575833165	2,451026866415027
2,861800313063786	0,32000598365330946
1,2062842449121352	2,9432699860153804
0,9359343888903383	-3,3338564156279826
1,6350167483633113	2,182435712691003
2,325485112685236	-2,850685143394644
1,2470730747268137	1,597545937272118
2,043042448378769	2,6880117206111356
2,61988442121525	0,5982379980019709
0,6940483671348208	-3,0943170207531168
0,9236862670389938	1,146827746470676
-0,029002166287997788	2,407083343582074
-0,07756368094352006	-2,4512098557407533
2,1686987570239538	0,9580638282822591
0,365971992806004	3,389978312745929
0,14642003767563594	3,290954272314634
1,8853788401643856	1,0974350659779941
1,0890744044900373	0,7619452514073906
-0,5009000536982786	2,1370842280561
0,6244502229009377	0,549253837083153
1,8407050728863137	-3,4058874144019557
2,2614610417958803	1,4251458690550862
0,42075134932747726	3,5178359284267486
-0,21437944409361331	-2,452734302357827
2,658965934365824	1,0210569977307105
1,8907178273635692	1,2450760498512672
0,06490419436824779	-2,8447006552108762
1,130803209462991	3,154637049525661
2,578521895328592	1,067774499022832
1,3353083545700886	-2,9428138021055714
0,2512895961013556	-2,6731206661625944
2,739839755873745	0,8267877293969992
-0,29411114170540253	2,5758663684255265
-0,016158678144454153	2,657737102806389
-0,1384842607842569	-2,4994613706816295
1,3034806440154505	1,3011748916249017
1,2771927155430445	1,3526163220487097
0,2047223969092949	3,0895825474365073
1,8670402950545335	-2,083234076608221
1,9070073922735196	-2,1534447415597255
-0,6265277779914753	2,179805945878696
-0,16519669451867114	-2,4130404692615484
0,6497889627818869	0,3812768060269882
0,3235109348957256	-3,075036868951525
1,4358564452096712	2,6195484466080208
1,1155152690230579	3,3852222192706964
1,4600843485899926	2,938372392582979
2,6733677634889275	0,33370101860556156
0,9703593865786324	1,055263003584417
0,9279951049512541	-3,0293458225448084
1,7988497106741341	2,8268314329372712
0,6275157919087491	0,44966473656333594
1,5507585972287128	1,5098807434009287
0,9307877208170134	2,998695806724978
1,6888863691847091	2,387075839106716
1,538835568276828	1,7490621325320672
-0,16593412971649624	3,3203328418266755
1,622780716030424	1,1230893262635637
0,8190447331492916	3,2176815587667016
-0,3587938948834348	-2,4033811183551843
2,8406262905613016	0,3633364122445077
1,6651521713338826	2,5300613032119195
-0,09514215341414001	3,080066259920845
2,6323293492026623	0,9370149000602339
1,9782261681373607	-2,9320907018668203
-0,16708426863745518	-3,0147254282476936
1,7808865860587524	-3,0733662009680884
1,8463467716764705	-2,5335952116255953
2,604083898708554	0,6400911889342347
0,9231437121949946	1,0222716083164878
1,512414104652442	-2,945846955242744
3,148162098739996	0,6432554320578061
-0,2226068684964061	2,2344130748665796
-0,1275024828771797	3,280692672814035
0,055117546872148315	2,5714578791698792
1,5365367977603843	-2,752000576624901
1,6833817919162057	2,8221729842139034
1,4370780250250976	1,5343911773874226
0,43199449295881465	0,8330638109706937
0,817691216905026	1,076367888719211
1,7655412397218595	2,181918982427245
2,987674517770667	0,4689457343457998
1,9197670637623052	1,5347167800757675
0,09156444777990502	3,059603877233535
0,858505968004004	1,4698401097912224
1,798333879139868	2,421628028135975
2,156945761926288	1,1008045978889458
1,0065758907950957	1,000329061279329
1,0610338822752614	0,7212068771270668
1,033960735304967	1,3207949186778336
2,2395433114717163	1,4210389008587416
2,882191046333226	0,39647848815332665
0,6851193590481621	2,9415327585173094
0,35856483652438315	3,02349682581401
0,9162699301166936	1,1733282478363365
2,1125616263764524	-2,617070242821147
-0,19566915876415347	-2,3108701986413496
1,9417059312337024	1,0696307804779475
0,9058062251226636	1,2997299256053614
0,0716710714744101	2,687139986055935
2,6481908221383685	0,9423168532427817
2,069534151685569	-2,2333725474538753
1,4639234968624104	1,4593247789867014
1,748350918125575	-2,9735306393611345
-0,4109686680169873	-2,4169282982833025
1,508769938648233	3,095721968152462
2,2771926938428693	1,3605800523672102
2,1029844837902534	-2,589806736171488
0,7757198531068881	-2,97540816968137
1,1747726971046495	3,169744793401599
0,036710694143758715	-2,900032618514217
1,6656398407993291	-2,6274855808997852
2,8077813871447588	0,4470840113366723
0,7929234202193338	-3,052124303677921
0,22076337598161838	2,8357129197985405
1,5739081437269946	-2,957235777830384
0,9615962436898323	-3,1386070667354478
2,9768859782206087	1,0528940119210106
-0,20249908633159874	2,124203633146339
1,3768778952394072	-3,35078090295932
2,34907541420008	1,5788990096423883
1,1357684758767106	1,3601173533424529
0,6564704414741764	1,1024987800990622
1,250737777217378	3,0391856346829855
2,5520552105584784	0,6436419796096879
0,5515007150301185	0,8759960106755138
2,04482366870156	-2,456664287527789
1,7707491920196339	1,7572637298415754
0,7964628454031344	-3,4713521900560185
0,14861778332086095	2,8761902945334774
1,4418603800278718	2,126698731689563
0,7897860876611407	2,9153150619160524
0,33307933075648344	-3,322044869754527
0,0554160497201015	-2,3614438538365157
2,8365047690993603	0,9387986049837526
0,22366236844581683	3,35398773596884
0,5144594802818763	1,1033353005801412
2,1754575035984223	1,0052488830800992
2,913989096058807	0,5690081286696267
2,0651571759835115	2,4061171531234438
1,2095361923521866	1,1860223347767156
0,6383533666321166	-2,864461832309554
1,2782351134225212	-3,4644883602107726
1,9545830422686818	-2,939753068109271
0,05944170791508896	-3,1914688800966546
2,2424331094224197	-2,4627356882621116
1,8191609689853314	2,2350432771625246
1,00049515817016	-3,331885561300513
0,3532823886967687	2,9657908215536737
0,5723009875767309	-2,867241908906291
0,7520400381458989	3,278679543386537
2,2922417156531245	-2,288595193516675
0,9992553467650478	1,1684890888337685
-0,12721557456086707	2,6362799360519977
2,344261057971277	1,0734408087768488
0,29431865563140425	3,462542332023994
0,852501675857215	3,2432645644523843
0,41131211211866203	0,6459775899175965
1,721728024647557	-2,9829002585200914
1,1692741516516594	2,838673570806181
2,5910107052321347	0,5777713801011959
0,5012082202103737	-3,089457009473901
0,8678479827371004	-3,43659257511852
1,2565450922402484	-3,1933260658415117
0,3527844298486056	-3,179827227920142
1,1342083333637416	3,078784271777315
1,6742122256124148	-2,8674064780467745
-0,5923723133848544	2,3704685445605937
-0,662663867626843	2,478919266363551
-0,6676730427759732	2,738588281970854
2,1093735608179407	1,0978939625191009
1,6043893292191842	1,4296452293725548
1,3167838005221892	2,4904967872340174
2,843431139148424	0,498682471505207
2,4529806633506968	1,5684558503938573
1,2985981934359723	-3,4938594861780077
1,8540379074862323	-2,194744815684999
0,4900213361674022	3,464455346705299
-0,11154814510021749	2,6267633109184705
0,13954423404899674	3,276704801483106
0,5894821174852387	-3,481856899031803
1,4267640898614766	2,671338581618297
-0,530741090295501	2,1279184678471084
2,95572176031967	0,2944467412865455
0,7360938958493831	0,9169944149857543
1,8259185541524363	1,6194662748410646
0,699548116828551	3,250639722699361
-0,7182959150542081	2,459578453615753
0,5858845214521508	-3,390682272840258
1,5466282969244871	2,95314656279215
0,2331916781703829	-2,846924275469316
1,3947674271329353	-2,833530187010885
2,8294058178529533	0,8561389530925233
2,2197760710851497	-2,397012256312789
0,8378544982362448	1,0359869011085958
1,4516723915502885	2,3482589547670067
1,6312900567727873	-3,389063395614431
0,33608863893282703	0,5725227783604364
1,667642398946826	-2,839277581069495
0,5455394268599395	2,9128182165471928
1,667779391346266	-2,563218242002595
0,8333834831704171	3,5985168747805343
-0,36390332394741187	2,6458209409194655
0,5620011674613264	3,5006827156546896
0,975767952496694	2,825763880358791
0,6645547549536465	-2,838078472758524
1,8936427403973277	-2,7989944555963464
1,4060462393737987	-3,57550450212156
1,4329233913356243	1,0228683592684225
0,9525772872357939	0,6109790254008605
0,056174091001332305	3,3457006323827674
1,8678265028059133	-2,99787957037311
1,1213373358782963	1,520105892156335
1,829756501884482	2,6923637740906106
0,2208738753002839	-2,482244389394289
2,1715692606665717	1,1811008513084649
0,3962038254750094	3,5753424590748932
2,310965506254311	0,9525664933379631
0,9116664814565354	0,9262697907932519
-0,1836237925052846	2,602530237154937
0,6665387095790257	-2,988105298306305
1,9465325401336424	-2,845449380516497
2,0176438462051975	-2,6143640011195703
0,5174176902972611	3,0752183717395045
1,338424876312832	1,3334038470543579
1,1343837213776873	-3,105864176874962
2,209829380389987	-3,0476372058084857
0,2777548030885062	-2,7395870945042384
1,507872817539847	1,5637413385231156
0,48105635487875975	2,995935452558182
2,3775619011346034	1,6531810149315505
0,527935969375231	3,3619778994798883
0,1727923185194573	-2,319956134570034
0,6412998226767208	0,3847310466700674
0,578451840761925	0,5929837286297241
0,5931016607019368	0,8055132835161796
1,7650524382335147	2,249989010221798
2,7304495347990017	0,3510447487708677
2,737378158622878	0,7352676081512994
0,09034668386522493	3,2451182084670362
0,8259549980001335	0,6410580587540837
1,161015777559069	1,4651948052327421
2,3963818608732446	0,7609432391054509
-0,4951103196924522	2,2134857891699613
0,8822485017287302	0,7306350129128378
1,1449608358793097	3,465505021422052
0,9403356630627495	0,9389215393273643
0,31624374755067564	0,7125032182096911
0,5295594635078854	-3,051567322422187
1,4363759548177857	1,4791639755466153
-0,21209640113473227	2,131608876726372
1,081395932901685	1,5974700115716163
0,10509512799282761	-2,243242358235417
2,928060018826297	1,1387913133386252
2,6757362258182473	1,055794154490647
2,5250469319395057	0,8525571767512627
-0,7038685675092682	2,167063245814839
1,084010348966007	1,3981652556318171
1,7092298965297912	-2,5059344904981216
0,7520044798118191	0,5163656546566617
0,5857346477685952	0,6525247947010564
1,3775347101027808	2,867545887331967
1,3663065143740871	1,4210382392368452
1,1807787202479076	3,043179635829084
-0,3143851502327477	-2,4858253543415896
2,462098375040147	0,9567731189225088
0,048686137324623124	3,2433323416891504
-0,2917874704773784	-2,65367371733292
2,598435357733231	0,6057428978329056
2,613050605135271	0,4773294944445574
1,574222991247824	1,3706772905535887
0,3194511558776821	2,8660079316609077
1,5052212103444873	-2,9985514874605523
1,423154694560671	1,089034813792515
0,32619232169791745	-2,3987890057312624
1,2530657431549816	0,9269689425363841
-0,1570918195875648	-2,4357018676384508
1,6183107920956337	2,1040543005492762
3,060110966743922	0,8215848770824004
0,8638004790608881	3,474767725575106
2,3613063119264863	1,5982267008303077
-0,37981165773785275	-2,435920038018604
2,658358119924832	0,6852906180972482
0,3019643183709423	-2,4963633433092447
1,7367005749024844	2,1743592827320724
2,8614845911589697	0,2938625615203199
0,3358362233384734	3,0337184708509293
2,468400698706179	0,9626646180839328
1,5909313641503684	1,735030477619315
2,685691564656862	0,29743421545115706
-0,791281528006522	2,405784691478041
1,4793942887232836	-3,216562718336485
-0,2377295677750526	3,241125903671584
2,8404924652979933	0,8581714155397768
-0,4428750633934031	2,940688316172639
0,46572832821830445	0,44781134574868176
2,835040706170088	0,4084015221405136
2,8380765644311987	1,30082771708816
1,8229878587303763	2,636458290447313
-0,14457886490552785	3,2510694375777804
0,958395407159642	0,7342863170670473
1,2656183895042972	-3,064454266489199
1,7122610643782865	2,1728648719834336
0,21653693261724938	-2,8877728533131033
0,3229098236840142	-2,763732589179833
1,1573338916145175	1,4939596402180815
1,8679053193940098	-3,299384802938422
2,105999979716205	1,0429804896384876
2,06485664096871	1,424344945527641
-0,13414662397041632	-2,6203755547974157
1,7423466850073255	-3,389588740459879
0,6337731791512468	-3,4398309370750466
0,8142291046189771	0,4127371550553287
0,3773028610753759	0,49830319514860894
-0,3133014973459164	2,5760938147996786
2,3265568356545456	-2,7725070508649847
2,1392241793958364	1,2843891253524868
0,29640115785272836	-2,944064875046279
1,9516282476293618	-2,8541412599785825
0,8002902325526854	-3,5475112125899613
2,312329112153726	0,8348266698564897
1,450059292381237	2,3586787660707293
0,9295328377377271	-3,41563538808414
1,4200273365250284	2,7608240877652994
-0,6160079435224008	2,1668467510765757
1,3081518430734271	1,16358016779038
0,30467074881179146	2,8247309938314484
-0,3674268214922958	-2,5940635665878213
1,9472821750013354	1,7681243848071841
1,557669636831193	2,43538506914866
1,5405801405230641	1,5238949371154844
0,1135971387874034	2,953930197016736
-0,2839804235667158	2,307153562316262
-0,10184385018476816	2,7698950283643446
1,1062143387569026	0,8639462745391154
-0,008003221024622587	-3,0028665434492248
2,452280821609181	1,289578017745347
1,9334072609773052	1,565457124866634
0,4197482262862944	-2,669919872711049
1,2870206884481497	1,0794855768564555
0,8848281608950447	0,3908544455412402
2,5298993776796186	0,4484573735798385
2,10352096916559	1,2497974520089001
1,1657949369278418	3,057995215400606
1,990499831344307	1,2393312322928236
0,8015113590441071	0,46135631701595914
2,985920834319524	0,5287766164449539
2,234091745212935	-2,679658639724262
2,25373581684179	-2,3933101231620264
0,1013595676037975	2,829046161275314
-0,5048279768032289	2,866524763259542
1,6346997277295285	-3,1393350143274232
0,13465683595449718	3,3504967565671393
2,652807931064576	0,9204434895752727
2,0440865618619917	2,16746611222277
1,4491362417249607	-3,042994729511163
0,1366973386940149	-2,766278679976192
0,6953575318747013	3,5361342217736147
1,1436802239851447	-3,62231117337433
0,07136599836219015	3,0194186412368604
0,5414442538051479	2,875167141712491
2,4501190357199203	0,5794211531810695
2,792490854421443	0,7391792567539694
-0,09946956680456909	-3,105017927143357
1,5889214761724144	1,153597657370639
2,337056488127522	0,8415019127060036
0,8050858874644283	3,3741677762950695
-0,2088223384586232	2,3741142191613096
0,09736588679728164	-2,911340236453076
1,414190719875102	3,134668117510075
0,550191294394085	3,569110468678998
1,2787910401608271	2,9900542061822137
1,133238423592471	1,0917403247762032
0,11033805953866516	2,6533139084093085
1,8843392524551237	-3,383532575340899
1,9766237595322151	2,5931044254304387
1,1091447184667769	-3,2645565686713995
0,7881660809273592	-3,10173189651698
2,516384333024347	1,1045589442225747
1,1267480657156812	-3,3262920796835864
-0,12773476786417648	-2,2998503586097616
1,4558460448811126	-3,106108052089016
-0,016852647327394887	-2,873760486028024
2,4848400676937223	0,39530970850171754
1,8325775107969242	-3,1968813129000444
0,9066006725299718	3,2757957638008834
0,5846239241619777	0,6263168941422945
0,5559592974000155	3,3523674037847337
0,9910671737734893	0,5910728035842212
0,017351253096430153	2,687120989461821
0,6605050215202413	3,1061747439680363
2,205666412603555	1,0425734581494557
1,6579147329823187	2,4119915610452107
0,413031223565238	-3,035338638469243
1,417303507507723	1,6155159323193606
0,3397563374377687	3,526232583421471
0,835818407534131	0,9322048563386304
1,0660795347495262	-2,905005527179059
2,118867391627918	1,5041885642261115
1,0002532226341065	1,3111513856136483
0,993657408608447	-2,9947959046285098
-0,29638445899788535	2,3746143624354237
2,3589978700908105	1,1999331353824372
2,68621241688847	0,28238272695243627
2,3898217123368726	-2,1177367902774384
2,104136358850986	1,4170261481468525
0,5850274747500372	1,0365249127779546
0,2579558929037894	-2,3309432350796166
1,3505758988449807	-3,3348241177408484
2,2279160070343167	-2,282561272656007
1,5489931353700823	-2,7045442605312284
1,69449644290353	1,4918192780866333
0,6370060111440569	3,279471040566193
2,495096694071955	1,5964961184343478
1,827162144440565	2,666305105770463
0,48684712390947293	3,3150934276645296
1,317522604309325	1,639808814391776
2,376975430818648	1,2432519046439603
1,741227371556549	2,635050285720001
1,2573279719017023	1,1270580208461691
1,469051315588348	-2,864115081683284
0,6806358584867347	-3,2647300873070577
0,7296238861686594	-3,255288037378742
1,3214620262525738	1,6335785763873323
2,6030218413412527	0,9154120762962857
2,032994310414816	-2,9506764610149423
1,6098404399855415	1,097079556730728
-0,06631027820256552	2,4251890976850374
0,3735229802328964	3,2812392868752798
-0,35895367899845243	2,9311623119875225
-0,8300160515472068	2,1543073011370972
2,1067314976752387	-2,2068160368817145
2,900846128008965	0,6494831127983296
0,520035468159552	0,9554346824969141
1,6394146681710227	1,0751021119007107
0,8030961798784184	3,0581424830376776
-0,31796946507456436	-2,615901788122505
1,6026115692100777	2,750639182246447
-0,06023756235720712	-2,7229237437670797
0,9708018525512065	3,134391028163048
1,008323016222457	-3,2678608474966078
1,782120834439816	-2,6366343317513863
2,7277102023474895	0,3874500664660146
0,22584275756371952	-2,4149617893788413
1,5118127760024493	2,582376171388666
0,026761245138780643	2,798824897319561
1,0849342587144595	-3,589537847918058
0,9882976715350897	3,4632833189006416
1,5263848347256448	1,6741102333749567
0,298412725276207	-2,843687857884804
1,4684721805869105	-2,819526211180481
1,5907990024323304	2,7369087752262606
0,5720242036050279	-3,1610296208808233
1,6374305749951255	1,3401336491468951
1,517044811438613	2,6925471263582184
1,0558091788437525	-2,9703761912226003
0,1986488021356777	3,186147080960188
2,1112490730990188	-2,933835299958048
2,3326308518357712	-2,489153234677003
0,19162982752937574	3,5307593140966542
-0,3290499336145529	2,4982990555519193
0,28923348664661086	-2,8678496354312655
1,5479402494258192	3,136718729714005
0,8501571811308264	0,48777456211779974
2,3042098440158267	-2,7870645893273993
1,1464852527612397	2,801619080945229
0,41094339973615585	3,1818611662760587
1,9168276574567098	2,1026162692231263
2,728820460561187	0,6217006922267969
-0,10841149304000997	3,005478543805377
0,9141687832753387	-3,4925051804633847
2,2025009830016122	-2,285107515503108
2,2073991168426366	1,6416617033054577
1,198494696221616	1,5059523859771233
-0,16361232698074635	2,8131298828084565
0,2624639433284347	-3,2892563624853226
0,38970664141929673	2,829413541943066
0,5910936714357096	3,3157347019214067
1,1400231253494568	3,045530554297402
1,2940443262378851	-3,0894215826447793
0,527825289708115	0,7088117252263918
1,3638165788584122	2,8264378823829643
-0,07240961715615768	2,971703110085537
-0,14608349545892219	2,8999617585427506
1,2458546169256968	-2,903337886107394
0,8817513738728376	-2,9718279338412494
0,29882685691526967	-3,331438747944257
2,12435227396694	-3,1539372376276424
-0,4109876084970383	2,3228503078490714
1,0269412001076699	3,2179358019770463
1,8684525513195498	1,5208258999155855
0,7256197198115517	1,2592273350851775
2,0887179231381916	1,1420576478715687
-0,3189972692300481	2,262736927748075
1,5034924174145363	1,758659370652163
-0,28034181676006975	2,942797093216438
1,8451220886459825	-2,9279183082004727
1,0669960694238632	3,0297941660030534
1,2714761997160002	-3,115148173450441
2,0707679114386384	1,3343482520540013
1,8475147017917566	-2,5491067526613707
0,7405978451349509	0,8140205931033085
-0,2655018975996746	-2,268386919734571
0,6024186690181822	-3,040144754567282
0,21139687658400974	3,5115541596413538
0,8539866540325559	0,7808097675345458
1,133625980009676	2,976920894955956
1,756105380148866	1,2736910007744644
0,8034368386456405	3,4015327908805926
1,5288119462747298	1,508114539967249
0,5346541350985385	0,6578051238418787
-0,26969819731481715	2,229692234823226
2,1629013938751163	1,2100490849955388
1,975226883146617	1,4970166523978545
0,890244060207457	0,9011066511852323
0,938519960332642	2,8471894872560837
0,711709732769825	-3,3733511676719896
3,14931283107619	0,7590871677609208
2,0192534837985203	1,153497783130288
1,767045226643768	-2,429751317312028
1,8813257819471705	2,612913279071749
-0,659693302406144	2,6261739707309215
2,4723871876346437	1,3250102256791514
0,5387085124612523	0,6129817220232687
1,31586361412236	-3,5946249547977556
2,239448466029422	1,702957715775538
0,7845615379570425	-3,573726807057464
-0,27164634121691633	-2,4598287291911785
-0,25034886529775546	-2,699350021377626
1,0559698244854765	0,8782152650135464
1,0708113484191135	3,4755357990560585
-0,7761727838533665	2,39040204173714
2,7039029205082734	0,9403771227880152
1,1459025602490853	1,0143501966057349
0,5787866825456345	0,43709610819215605
1,83708644332734	2,747625017477179
1,232975121736915	1,0609732088448125
0,6438582019995666	3,0929571527439808
0,6653743479397339	-3,4037786445258194
0,16949725428291473	-2,704804743859832
-0,01666180062931133	-2,368516437870897
1,9533413941048599	2,4498029498983014
1,4698173907797851	2,1309204796856496
1,4849642492847137	1,0848857601888424
2,9061809417067015	1,2323195060301435
1,5409015001172293	1,3022443306037634
1,963525868527545	-2,986894025681784
1,528798101365366	2,8754758118528225
0,05682737498928481	2,5602700503790214
2,2877104414159946	-2,4125922340141788
1,9427539793777053	-2,1757350223312573
3,1888015573769604	0,620003927763916
1,9639552402753675	-3,2513990055713435
0,47848433264951673	1,025652586241685
0,630492290856613	3,4374234275952436
1,0183794495080314	0,7963750712167628
-0,40626410893151266	2,5315064575532547
1,0087458230888002	0,5884275576958028
2,038019482170919	-2,283307012454925
0,055715318517375656	-2,283627307907193
2,9621021634124207	0,7429877209917489
1,024433572432538	3,314707389025685
1,821638082122053	-2,14546886925357
-0,10584085594065107	2,80833569072967
1,5775574700681463	-3,1305968386209013
3,0555346969567467	0,7576705708761111
1,8320286904879248	-2,422995995525005
2,189041228484412	-2,5299678322755916
2,0706687729112376	-2,5218140242751117
1,926383130703096	1,5937674640216721
0,8237017448545854	-3,5849327234575075
0,6067988803348086	-2,9995709563140904
1,6903597163067938	2,858229875315965
2,0341180338658527	2,481375345214276
1,7096406637897106	-2,524473021423339
2,227382423513037	1,600034993238289
0,8774966811889436	0,6395836791324978
0,17257632431637993	2,6850492618271065
1,2223635964855593	-3,5106150554395796
0,6483513514180084	3,373109293147846
1,0931771698158508	-2,922799600614969
2,2617193609735375	1,1310019133821188
1,703394993373651	-3,0776740385054753
1,6694583574278543	-3,3733254380584095
1,296365159228358	-3,016414590970487
0,027339636396474853	-2,4358510152633395
0,7791967583548649	2,998608908249904
0,7079524985468039	3,192333057805485
0,4697792391650864	3,560047495682096
1,4592832163769718	2,928755128441716
-0,41061966950925366	2,8528893698796214
1,431245480331228	2,8006815870002173
2,798004723586716	0,6894032008174018
-0,06240953009912653	-2,893145503674866
1,5075344355959701	1,208901131079048
1,0048755710762953	3,151389343658375
1,2175818265721292	0,9214538060665816
2,0609906201427832	-2,210550648173694
1,1765258216518846	1,701082753319923
0,08362454136335384	-2,3635591269691685
2,0858158801384685	2,569543038736814
0,8373341627457547	1,0956595889474223
0,7122572713405055	0,9268729335142587
0,9777948686576797	1,3241279983871528
-0,36181596203900024	-2,6409440962136292
2,5131129109069947	0,7813173013902045
2,0854045139139803	1,7685379057784467
2,523109983954514	1,3406089577392102
0,8297298388587796	1,428139655577804
0,2959841460019488	-2,84852872430027
2,295049229823502	-2,4846543972754773
2,0573035373325212	-3,184701585954806
1,8389475105123254	1,1483787902425768
0,17375128993106792	2,756209055548083
0,8706862706884302	1,2417305024844862
0,17924669454415326	3,1906042264047434
1,894768936785653	2,6735853486318737
1,0987440040225636	1,246841676103181
0,5404194515997683	3,037010554499712
1,743235739884546	-2,55743572632038
1,596053127690856	-3,4591002411067313
0,23633447013892056	3,293872412446386
-0,029658284994600437	3,4187875148835696
2,0378714305849295	-2,141646641787658
2,0253321025015523	1,096146625918423
1,3695536957573498	-3,128376581578295
1,1385794623662278	2,7247576141746284
3,1190984256351086	0,42623878559515727
1,9310128058717062	-3,287231714081371
-0,250373848409688	2,170454645243115
2,341280868951028	-2,2542454605931277
0,4895681913300407	-2,707088187213904
1,748404732106951	2,558622587691464
2,186420403360958	1,37831630675185
1,8282681052640284	-2,7395778728654965
0,13330645530040042	2,7020087704535616
1,4954723804702663	2,805449870687003
0,3899993142148118	-3,092775304380191
1,0147799278321563	-3,2645789701268884
1,5085046682635994	1,1854686437340445
0,9201903749103741	1,471050189624548
0,22185540251939528	-2,493276125319123
1,8916977779873108	2,5531334443224587
0,09615979766027616	2,8412113477893817
1,8424395079391718	2,936454797243643
1,6353685899516934	-3,486809887351356
0,42130658481910677	3,283269900930762
2,5865115800691214	1,0533323858324608
1,949495210069784	2,4985635400345187
-0,37010063267315885	2,871377317160061
2,4626262490696176	-2,1667615150141653
1,248772525834679	-3,455070582979504
-0,3654256021927127	2,65575864779981
2,0566965429796857	1,262135012421004
2,0393726610772447	2,211047174105721
1,1070654456881432	-3,3151299827851006
1,0677107540282034	-3,3215956361790333
1,1383889077806892	0,9763772623642697
0,5680932984344216	-3,2829174021304723
2,267049732226052	-2,318742731212918
0,47867053453494735	-2,6809763526389885
-0,3151252542667935	2,305890338461813
1,8287739539920713	1,35758189642543
2,2494473659915344	1,237161689756339
2,6242694008766305	1,1154395185018147
3,0152645756433034	0,4624936116659545
1,1029120627207534	0,8971432119684358
-0,377869165894378	2,3334412872010817
2,080071869734535	1,037658157682351
-0,5095618295554425	2,645595863125928
-0,12853704708008307	3,2000268297264407
0,9722184206031119	1,4635842481570027
1,6905120517144245	1,0742841866535675
0,36130249674924797	-3,1965764753943313
2,1412832204019683	2,2752350051433483
2,160797600415797	1,4497181837173518
0,07449000909770342	3,0898283909201485
-0,5878706033375212	2,5878732415081784
2,5530260269720677	0,7682663008513817
-0,14552051168655344	-2,8412667589184055
-0,45455267130143095	2,5858010990778872
2,03318267985548	-2,9013701375133514
0,46729760097240614	0,5984714992210962
-0,36962779195215334	3,0747785553165645
2,032781269658566	-3,2655271449365744
1,471559797193539	2,554864120601479
0,0037346604188450705	3,3301836726887766
1,7652298825462542	2,778318250917467
0,4438091636917417	-2,6598263626018346
0,31486916013196264	-2,751447886356643
-0,4554948913688286	2,402630721422296
2,297161324888871	-2,737780995978512
1,6303946384337737	-3,2299003250401475
1,9080161330377712	2,7419046451268585
0,5293889585777548	2,9904999827855026
0,7442991153375516	-3,193473284113459
1,8211069414024692	-2,280158984991888
0,913620278228345	0,7901097061129128
1,5543436916741424	1,4502899375982206
1,630099031303795	-3,0161587714631564
0,78757960929397	-3,1158513555843683
0,9828330958215212	1,3261003614564935
1,1229796570818533	1,079135921340331
0,22303459122332947	-2,9571063596579457
0,7454778998755298	-3,074132140508216
0,8820893592472518	-3,114351458725998
-0,21223317187555635	2,277174775709043
1,3758494942482737	2,5955945555547166
2,3747132248475458	0,8427586845997759
2,3428342915832854	-2,613387064912168
0,5419705351665167	0,3784406078339295
0,014262611754506382	-2,2601506109637772
1,3590339841215346	2,7935989696007555
0,23357059803657954	-2,681724641382989
-0,11878019895610759	2,2100937741120865
1,6015553749896354	1,247177114850627
3,107914155387909	0,6963564287069621
1,1971203374345547	1,0639067937129103
2,4695414183775686	0,8694041426867987
0,32503394599524704	-2,8971354808244656
1,0285587601288082	3,047861247382335
1,6356512711623346	-2,6131050858995777
1,863648292584291	-2,4700744325295965
1,822011511281226	-2,1915843577871774
1,3667851326415335	2,926614017165994
1,4333784091978683	2,263584059714697
2,526861140903759	0,6440823422230849
-0,29571333021748314	3,2013110398330378
2,0872489505212553	-2,1756703942772
1,4019883594790667	1,0338008757437658
-0,21441463934869454	-2,7676628742620966
-0,6274854593347312	2,618935767132987
0,675392409841088	-3,2624653331272127
1,0655107728647697	0,8537867083582101
0,9424906361182116	-2,9404128777005285
0,4882195354477898	2,994966154387834
1,91679131404287	1,7858062678653377
1,756441317404883	1,5610673733792861
2,054183582405443	-2,23459873449273
1,3106469326263763	3,0768951763029793
0,49198911410131807	-2,8487583237804355
1,9429220351983836	-2,9818995126317014
1,0270338805204717	0,6390088002577944
0,6564075762082935	1,347276402656034
1,8477115928109935	-2,1263879419718665
-0,06332323970627352	2,812121717283054
-0,15527761248863392	2,6734639584981084
0,294482754053203	-3,327852404937718
-0,1417121176086409	2,4873713650326335
1,6552029667299197	1,1061262773241805
0,5954964639068554	1,1657251883993527
1,7425963265991	1,796396422973492
0,09293418910050977	-2,468222963455978
0,5431367240183953	-3,242567340574829
1,539857428187167	-2,87708141312175
1,6586574345931069	3,128407635637214
1,347138190353554	1,468072881944309
1,3745941711887504	1,415064559332078
0,6711319996437399	3,169373389855196
0,30094709163213107	0,4233899800828893
1,3245344281427522	-3,609259406737121
1,9227140981215818	2,5938486191407435
-0,484637550710592	2,24960234715139
0,9477637050170734	2,8994879175328863
2,7858749717429436	0,8934855596696755
2,776263765032901	0,2808660625881979
0,6311369891534815	1,2826009867672896
2,149227200369982	-2,983098827836777
-0,17355513819468105	2,779041657852487
-0,024555144879205737	2,5128126159335067
0,05314534175127483	2,7845342658558065
1,7901845616698115	1,1233787471875623
0,9776787398260007	-2,8990874548088277
2,1097619844262363	2,1416505800114405
2,511525885649659	0,5479881848240881
1,8384993745144027	-2,4653596000609017
1,93828953334407	-2,8224148739749246
-0,016735489408864934	-3,068033038779526
2,3188412252392636	-2,0914025816057435
2,396338637592187	0,8700953881339484
1,9756027471778927	-3,0616093972727296
2,325349198194395	1,2896119439473672
1,1229891948768034	-3,2698796233792837
2,8562721696056674	0,8142464972901347
0,014767313025556339	2,7560533200229838
1,7301226685552973	1,258696373946692
1,5545369810653151	-2,717691969358825
1,7861442767794056	-2,3897334118348637
0,42839521180532913	3,040217940202881
2,3453943172354816	0,8825580720451114
2,3112831960342817	1,4163275548297765
1,933795136742618	-3,2634710325232588
0,23061110888607406	-3,069411246501772
0,1730088883000498	3,0327852703067384
0,5014548307413228	3,4609762407584235
0,7003180200524393	0,8544145029056169
2,7400661261964907	0,5274760371403253
1,5860312860802226	3,046112772230092
0,0025232546987696836	3,2523085598783297
1,8809665099216055	-2,9313216728910914
-0,06890159768568216	2,361508532456758
2,6267965918521687	1,081732076196015
0,8980484729959157	2,8787018357010377
1,356782284461918	2,817376883318932
0,8602213579884059	1,1554047950783923
0,7081412637413067	0,9815814141498387
0,8332895086927443	3,1343252940666533
1,899664700125768	-3,180037102481202
2,528328686992402	1,2417547423243427
-0,2624546061612947	-2,852635591236051
2,819649974676118	0,601040952683689
2,920850472731058	0,9515541665131217
2,1163144526367694	2,4898610739245006
0,9528409238727815	0,7194767174469636
2,716202734858478	0,3340921719104248
0,5254797952602448	0,3734982199789477
-0,3039134539934957	2,785766433866178
-0,15163358026676843	3,3392356691911917
0,7855369232984128	2,8696872095024064
0,36604259605141515	2,9977413883803297
0,3480137267276119	-3,122436615541812
2,1594192848819906	-2,6084461759572406
0,176572782444402	3,384981123944959
2,042790712498613	-2,8609465229259086
0,16386090656137797	-2,45006460426261
0,7561898247453469	2,909176897078622
0,05844151640148043	2,9050393351958004
2,628775437556241	1,1752851339949295
2,0103805034190905	-2,74627050115585
2,377109172547229	-2,250857528898149
0,5433979522356034	0,9138973613826522
0,0026890216845127934	3,4025895839799745
0,2782276875333569	-2,9046451691829582
1,5859534314947394	2,3199161533053267
0,8082034290975492	3,4921286281820936
3,0499032225872025	1,0124838460626857
1,1066911346362192	3,2327502784046227
2,018913344490653	-3,058182178823723
-0,24841775301147884	3,0281631598653544
2,2803229175903357	1,4629617370229175
1,6985813834400296	2,4029994709171687
2,4282033552489195	0,7259846137744351
1,2939838036168365	3,126679409958206
2,724513682187337	1,045379004216985
0,2246769547554821	-2,6939379155230085
1,7151836936716085	-2,6413668066064844
2,5614301172917218	1,07855224036033
2,7029971455276094	0,4633210079511098
2,9397511264790968	0,5228445186908125
2,5323759579417064	0,9355141672946617
0,5249489903177462	-3,4374490115632645
1,4697351060827342	1,2541495376150356
-0,42068536984545335	2,2689905067692977
-0,7494290114352962	2,202357997042956
2,044099351016901	1,6651598966642123
0,38032530215950544	-3,2712136149158466
-0,4993350108990977	2,1316113056786925
1,426600257334138	-3,2635061831166263
0,37434950763611474	-2,9730539112110863
1,2929075607395457	-3,6202744609125252
0,8071421669752298	0,5686697067187811
1,474231046554388	-2,9262748135240617
1,888709594261041	2,9597109322059127
0,7611848142025008	0,6307190462191681
2,682940879986355	1,4365046906678196
-0,07986748887418937	2,87649612410509
2,835044235532513	0,5515652231905331
1,9795850857403954	-3,2019462374976504
1,295012699832447	1,3916164545262029
0,9073423642256906	0,6942544885943516
0,9033312666191022	0,9482929213981017
0,04754798134957727	2,759602645897404
1,3779809926828115	3,0681573510706466
0,3483005734131791	-3,269686300784479
2,0202212803623008	-2,1563754320785287
1,2675731826990781	2,947354672161182
0,5090939680822533	3,208063882651002
2,599365553210458	1,0747953542104893
-0,15060604749946005	2,2802623730618214
1,3164939375094238	3,426950874840367
1,8242454284376297	-2,4121508280331736
1,1945861244268747	2,9096693563719365
1,6460199857730877	1,3010479861224642
-0,16219369897520475	3,0469343774830433
0,9298644023121003	-3,3842232305879194
0,2255220992354735	-2,374995986972051
-0,40433329792598016	2,7220384638608786
0,45398218604801244	0,5493508873019091
2,050006233233552	1,131956790648558
1,849702378304532	-2,8345119834248074
1,6544259604441427	1,3955722038153389
1,865027155801987	-3,1321011384973705
-0,6421674682511902	2,4504356439532153
2,285590201161086	-2,3280559575973667
1,1142367160121716	1,117750129772281
1,5842132815642778	1,3194954540254065
0,23222849482384877	2,8328459635860765
-0,13487157553963858	-2,612371364592341
1,8400816023007005	1,7054027686863074
2,1652410505813906	1,3100189373862972
0,5420627867521179	3,3058105072492934
-0,2288266488698022	2,510581059454669
2,2093704703620762	1,0174073399119261
0,43764620957181055	0,6362239789308781
1,268786725533324	1,6994462706145494
0,6249938236301278	1,1596332877955986
0,0998986244640826	-2,5815475180952814
0,3367501762952224	-2,857496814715284
2,845585182113341	0,40462500928345896
2,3252204407715498	-2,9024945257428465
1,8406653481200825	-2,730328174669865
0,9102464399763119	1,1394872072035378
2,685562502153864	0,7899401183036556
0,5337978440176425	-2,9101045794473492
2,357526120332573	0,8697218365483256
2,368873632317544	1,2624975920519947
1,3589716470904638	2,504387120958891
1,3527779855361255	-3,3374357683822478
2,609870163238967	0,3863370623688708
2,5635730797750473	1,3714282350635454
2,5536108955387613	1,442608708221972
0,8131471204939038	0,4788505535488753
-0,2799651389293175	2,7243042062373166
2,6226333350268334	1,3767619746005764
1,644116582255398	2,453886650888814
1,9809465788234697	2,2724628784529357
0,7976060011399673	-3,322272024262843
1,5887369148124035	1,7825532946412095
-0,39291488128004737	2,752927269888242
1,8651148997311735	2,3077689005255273
-0,35207078039233775	2,647775313758475
1,8974280382016264	1,4085359092189176
1,4642074594164427	2,2772481076901956
0,4042807216397255	0,8812384667904013
0,43765647419935083	-3,1272118479330455
1,627625653289083	1,3850506271251417
2,1743605866229583	-2,649182945614336
0,3562778590011766	-2,8532962084126576
0,384211788742157	-2,5893202124381323
1,3153104285695205	1,5181171007083638
1,54616611828773	1,0618527371445663
1,9733363399445025	1,2275764521532881
-0,09066197263503284	3,1410716344449128
0,559683006344243	3,440289012896814
0,556389699046077	0,46231810262879464
0,5912207582540019	-2,7562553231614153
0,7136952950848956	0,9567534314118031
1,7695293540778705	-2,3890474245078916
1,6161418161494088	-3,0659025635377937
0,8978485580101736	0,7188863969035507
1,0542279040833922	-2,952434237421614
1,0024026651556037	1,3908289606556028
2,693996077379546	0,9819696511767407
2,4416701956588573	0,5901830874284226
0,602403593832786	-2,9707725792141892
1,19997947305109	3,407166579688309
1,2998734092304607	2,548222883819168
0,857940156864049	1,5015182270474368
0,8917522580336001	0,9057240417156407
0,8515556019267433	-2,943196158978439
2,192279989566502	-2,707844117085178
0,14794922819661904	2,997581726580969
-0,3719615600341477	-2,311850347814147
0,8309235768050951	-2,9932854473056056
0,9039766069868852	0,4597689460696047
1,7664802857610242	1,3437859326522472
-0,6198257512517493	2,27228249377401
0,38783046311491287	-2,7810222282544825
2,0612395047051786	2,5867558726249515
0,30805167299861114	3,4276748169676923
1,6816959251385617	-2,9880026346694875
0,3405719002295102	2,8747580136063764
0,5840837801500267	0,8492794447559542
2,468780449843117	-2,352124079858488
0,0214375591894036	-2,4967380235705674
0,6898719549760339	0,497599776660302
1,756109841286319	2,9070564336141023
-0,20527835295137198	-2,590063507423108
1,9119825383199127	2,370228419656369
0,5721111032433972	2,9731563927626854
0,8665371783933741	-3,080448171120589
1,223982978527252	1,1278703813453574
1,5390648275819934	1,2962983261257968
0,7750117669767989	0,45474799867565485
0,35881949458369433	3,2639722827713493
-0,28220965852438207	-2,705127478185169
1,1086595175527367	-3,43336519971013
-0,1917144037935391	2,537220955099891
1,5710421988512433	2,518097418304848
0,9675110357723409	1,4321445616170616
2,87220663687289	0,9325421767246191
2,0274911272729117	2,307276407869347
1,968178141120958	2,396700745510529
1,939341113653729	2,711081289583344
2,0309715058302187	1,7329869346209796
0,974401384646904	1,4868433690828449
0,4152438443951708	-2,9702167596433733
2,531775174745217	0,6971554775487276
1,4751428702877196	2,2599466386410803
0,4046846881877889	-3,2058241456030347
2,6610367988591115	0,5416669626257631
0,8194152476081895	3,111578322676251
1,415380070274376	-3,576905369113808
2,8253373051163058	0,7086294106079023
2,6156267485900258	1,059860982753594
1,2330227643546863	1,1096540364585066
3,119852165817389	0,6114942010135529
1,1211305168185066	-3,4058340198338604
1,5831805604765607	2,2542659515680845
2,0622008181389337	-2,441207800601587
0,7064115068835146	-2,863249474263232
2,9395048444310845	1,1753060747893411
2,6738860707428636	0,9588157439956646
3,0152938885195173	0,7262823923381004
1,1005296345840128	1,5418176971394801
1,8370828874436917	-2,2492692779794266
1,0928002265072034	-3,2313325126422456
0,24827450208607083	-2,321315918470209
-0,1828888577243909	2,3761820713362205
1,642289850284664	2,749598597968887
-0,2859065181699265	3,002548614979396
2,2414346604419633	-2,7313941625426423
0,8337720744282483	-3,4306577119255053
1,0898062821607906	2,8928698407919105
0,42520258455952575	0,7275342855574278
1,9590561867690448	-3,0920341345573696
1,8450947875826715	-2,6398569278512443
0,4709417647507116	-3,1603187015288654
1,2131567455873427	-3,423310014106818
1,6634607532290637	-2,6414633898482407
2,2889335864589895	1,0377975690704502
0,23757966111269052	3,2411409899502304
2,482730341046776	0,5150425899813114
1,1947189553855102	3,396474665043524
2,3082558602524736	-2,308023059410026
1,7743780386731873	-2,3354608936699397
0,3884037394157196	0,8936527522207501
-0,530820201161728	2,4965198324961335
1,6829364798125193	-2,825113338259452
-0,39629842131873794	2,4466938986918514
-0,24693512694831876	3,056103817133139
1,9005800401225117	2,6289975722856926
0,9066269023242524	3,394965306214779
0,480380642679039	-3,428588894049035
2,7180048462087694	0,5925703470690329
1,998288773985844	1,2143886152655003
2,5244115051200087	-2,0558918073274133
1,8092247515179325	2,610841789489246
1,9230689965876495	-2,9460463941897257
0,029815905173569468	3,2992990735849483
-0,2924043647397422	2,340575531616922
1,5166429185780388	-3,375538636674439
1,9369157512655686	1,1956998775861334
2,479514913592818	1,3244228158485092
-0,7821333998032454	2,1308874046337984
0,4844469096896351	-2,708230417760873
2,9692175143176485	0,6010177972662001
1,4680062718492595	-2,9604885625802133
1,7044820665717464	-3,3700997950150007
2,0855487619939805	1,105745853217639
2,152763636239022	1,7520260605113087
1,4098664031630943	1,3090634871348856
1,8584016339738683	1,629339826132416
2,2696204158820015	1,604184289858496
1,4516397637645921	-3,1716199843811053
-0,378420000475713	2,1722907394499487
2,2983169056988215	-2,419208710902753
2,980070925348044	0,4382471213086587
2,1474201742767765	-2,4652419436581825
-0,24299999177277765	-2,8124962513645118
0,35361195692299485	-2,5800642387490074
2,4966957230082265	-2,3327049735506056
1,0858731203604648	3,4147995929706587
2,117912312833125	-3,081697754882022
0,8784038763173736	0,8553715776033949
2,6091682135366607	1,218311043576083
1,7922925471010105	2,934622535464636
0,9540749054767961	1,514323920876243
1,0874104777147808	0,8623779446784792
0,10764882588110036	3,4122658732803512
1,1005156263337277	1,3214668982886748
-0,014611838191507243	-2,956978358973042
2,039176378890926	2,503307973436398
2,2296677694710976	1,582394918669744
0,83653737852257	2,9130461845504017
2,2748193758136237	1,0483571205401372
