X	Y
3,99842213621254	2,647786647867447
-1,800613975725708	6,7015851762361995
5,937657016023633	3,0242543016017565
5,139360421003675	2,6557456675597546
3,4065773416274467	3,0363105830501063
-3,0907302349127486	-1,6708158981623078
-2,350106736979922	-1,7845042109078268
4,254885850646327	2,52644849762513
-1,9837193188432087	-3,2765577771663805
5,483613678740898	2,8706670414083484
-0,9901775538809959	-2,1058756717218836
-2,0960244447746597	-1,0442221896407284
4,734906644746011	2,6610119048780043
3,7985949625966824	2,699975879151152
5,105899404262971	4,512336712562674
-1,1747431867627804	-1,058536641525848
-2,1202482152025857	-3,479364375535963
-2,283010848871839	-3,2524149225442565
-1,6112483436474492	-1,6784092375404476
-1,9802308127052186	-3,1040592884818543
3,846225448741465	4,39912306592068
4,236648784191164	4,420107334432163
-1,8660982986491201	-3,353089856025732
4,745094663728769	4,4925638559267025
4,406961015786651	4,328353814851266
1,0595399528722678	7,835428945864481
-3,0258499465486404	-1,5827818117088779
5,621702627248067	4,106407004675415
-2,115072097690185	-1,5891593020936794
5,386031339809037	4,181470509378603
-2,0122780957210256	6,775679204188895
3,319757545430531	3,907637561057843
-3,1662874855511904	-3,0759172890818154
-1,85550987057957	7,070517977373513
5,523749665283247	4,3537060788557715
1,3986658541898407	6,9219004826551185
4,534395859757178	4,40241361734538
-0,9650292236922353	-1,221581628177392
-2,3682004214777446	-2,975766045857015
0,14476108491545836	8,45558867287807
2,8979481891207186	3,442904252532095
1,164405242457854	7,337548670281643
-1,550003034137616	7,803718144960191
1,3949287229061424	7,404253833599346
6,0819477328446485	3,1047379900318957
6,046645145449282	3,4628286777781376
4,56186869695176	2,717877132097926
1,476758732167682	7,066477879936338
0,35954039942472915	8,28069378636633
-1,861996436266952	7,128101616716405
-1,828794633665921	-1,0678709724568656
0,00961276679777634	8,467803692423258
1,009028693238644	7,863138316852306
-2,8202202220766073	-1,4007851953219193
-2,477628998244366	-2,3870406916324614
-1,6894394813139426	7,043568805794562
-1,6512725218723276	7,5767633904007665
3,7417644938963353	4,201927964082253
-2,268442090553939	-2,0430984289773244
4,903886288878202	4,385496001293163
-0,7960504617712402	-1,2747749724082797
-1,216787145273106	-2,160616973913173
4,004707627112176	2,683515081127287
0,4289333921510483	-2,4614121496315273
5,684628660742573	2,7433177682215955
-1,5723163356542822	7,552608361824374
-2,196676773840921	-2,0136163182271325
-2,0803912853371016	-3,3731432410588305
-0,05931153289551411	8,411963107265281
3,067387446238186	3,4337912740168393
-2,5029212477568237	-1,141330738551941
-1,6783721434897263	-1,7458254866297187
-1,4972620550241245	7,492691633710439
-1,8690004161497216	7,218419456631989
-0,2619179406461747	-2,428194707083532
-1,6585383164965763	7,46504147781633
2,991524997452637	3,781091322570118
-1,3715986160668165	-1,8724147923158578
-1,095107766087315	8,217231701202069
-2,004406821979539	-3,4918879757763053
-1,5543631184215219	7,726868379249868
-2,025852528094601	7,316218088688613
-1,824978937446348	6,767303534507271
4,878330538327368	4,306984616791885
-1,355857181711714	-3,2957284868680796
-2,9337524603186544	-3,4491532931803524
5,455584264868366	4,285983196244359
0,16302410524530203	8,200769010836023
-0,04588648579704388	8,369178220737876
-1,936100341818934	6,801725874908573
-2,0116456622933967	7,486801600093995
3,1121304627417197	3,9650541405786695
5,103598376163697	2,622166346719257
-3,21867867846838	-2,0691740004546757
-0,591217324940793	-1,6134867986599069
-2,560617889395317	-3,891595499051028
-1,8225996540499212	6,940039222993292
-2,8073677676366975	-3,575969094248891
1,251064196772933	7,6262495870862415
0,101923655514226	-3,093712586795675
-1,9092651639078724	7,249639483512541
1,3110756163714472	7,507535878697654
5,879203601372461	4,067441698997065
-3,230661324763997	-2,465972828664073
5,833593200932744	3,788488446311729
-0,6056234553927107	-2,793238336333047
-0,9877624268707855	8,259889569805674
1,4141310336386212	6,928786966814075
-1,135421011494923	-1,910747744387724
-1,4947405002503016	7,98217113733505
6,08903739518088	3,5007402867609683
3,698397796802303	2,7757104403396764
5,973840534922907	3,209364914274423
3,1552799262833866	3,0729145026898923
0,3687051462315494	-2,22306001061586
-2,9599033858910726	-3,5773534994907767
3,2225980914764767	3,2716944427390886
3,3826989112317856	2,866857350581331
-1,910708004335738	-1,697423703322158
2,968025591946534	3,3289948276762007
-2,985582656401629	-1,5606730376901927
5,533578138551775	2,7761476373975302
-0,2408532214621275	-2,3839949276305887
3,4068097480786776	2,9383526038199257
6,054720734240609	3,3908185226835315
5,221136477648182	4,409711006016711
5,735906151159602	3,089207631457154
-1,6715195282647701	7,851859825525874
-1,9022949224281958	7,086794630936046
-0,04348362310136045	-3,5419508826293935
6,035647121093948	3,4028533310459874
-3,21430948813859	-3,332862025382068
-2,1372460033194636	-1,078133695628987
6,05009849034083	3,7787863377049424
1,2679004325398955	7,181619767063232
-3,278377411523456	-2,2987947423719324
-2,596468503226534	-3,965885016793699
-0,40087731589971165	-3,039472726482601
1,0936392956163419	7,580135369422299
3,7963704539539953	4,447354666514922
0,9161628581034591	7,829828133485931
3,576183615198584	2,677406066865717
-0,6184899092875915	-1,5933055189641665
-1,90045599719088	7,152090351386059
3,559194122266531	4,277953843117534
-1,290103598314199	-4,141617313816377
5,038861452643028	2,638031166357393
5,602671378236199	2,6656476326306597
6,159592528785296	3,424811951496296
-2,196747875522467	-3,997671317921442
0,10986734698729989	8,431157876598306
-1,0496043867970823	-4,1842790374794525
-2,819849802636872	-3,6269065396974867
6,0141453388565065	3,4449957530075475
1,346823237759643	7,279894494922751
-1,3062720800031444	7,895753639448775
-3,0072269772057822	-1,5372640734275815
5,560553344897143	2,698178706778319
0,7260770060806434	7,95968957428229
-1,372615915416086	7,770296384930216
5,91347319894968	3,218553704840146
-0,445901799359556	-1,743509769385312
2,8737356710791127	3,5631750318876603
3,448913363523668	4,043173349628358
0,625087398377016	8,0470871942937
5,966301309053396	3,4334215980187532
-2,74639080276794	-3,695478059588178
-1,4267762470893572	7,923493024702726
-0,47735053587526005	8,260079820451024
5,732289345504341	2,884781922791779
4,508106376885654	2,757567953030325
6,0218892630862255	3,522560423199965
-2,2617760509281823	-0,823214342620336
-0,4980342262545323	-2,602465421816344
0,22123504194030907	8,28803539326547
-1,034551115391271	-3,4201699405447092
3,822596101751361	4,453057536532787
-1,15715517025769	-3,2736249662234407
4,70884859906267	4,3980092387457645
-1,7480799887407241	6,8310937908295495
5,755866273247374	3,865492409157162
0,24640312580832724	-3,193040720949695
3,0432270203057525	4,100787955759291
-2,0232633638413877	-1,729882939215989
-1,7303093460083336	7,520153228480744
0,3622491916017332	-2,8825451275453955
5,336108933697487	2,8430665524275334
-2,932400002302521	-1,5309396992140658
5,536168725395424	2,877069076030323
3,9457252995456393	2,7702222462740664
-0,362460152006427	-2,743196138261081
0,3275303543683259	-2,720767294636356
-2,3438181111758216	-2,1577611724729073
-2,3486118438375607	-3,0121458307130373
5,820638271100368	3,4034019390077614
-1,5696134385849962	-3,3702745444686815
1,3777623758542266	7,9202952261917146
-1,4380493319222827	-1,7820486421162214
-1,8907876991035677	7,234012832523221
4,5552797500903	4,401498684560976
3,0000659601534903	3,4292222746958854
-0,10756123849169108	-3,3438497084259518
3,049767934798159	3,7607584625820083
-1,4880357338904968	-3,4087043412365805
-0,07717938029280424	-3,5191609687504193
5,892820617467942	3,375638982901891
6,176301414735897	3,6488495927932796
5,9306015271201575	3,4073845923635413
3,1676359341746148	3,9062191105384785
-0,7755558107479108	8,194587606855837
-0,433692934862671	-1,5899809329699495
0,8927426147715436	8,155772466314785
-2,4804165798945816	-3,808067128252725
-0,7072636332123637	-1,6813864631825615
-1,6127279164418895	-0,7481031169477965
4,642819398932712	4,570044263246698
5,034017944795659	2,6073062623861536
5,485809135074619	3,033887146377235
-1,4707120636686135	7,700469190760144
-0,72512423622732	8,039618800962568
-1,8413355075136146	7,133174383515017
5,443259529291826	4,333681562472165
4,368644027538182	4,434855056827714
2,9309171455806107	3,1831306426031802
0,9919783867806853	7,990349134090485
-0,912481373943841	-3,273459641314695
-2,894588366481777	-3,61982773725009
-0,9195362671963255	8,232581831632238
-0,9384565939387064	-1,1367277609905142
-0,23940824769122396	8,353022243098783
-0,23146719554212544	8,417303587365785
-0,6934753984712472	8,19606745554001
3,229094930922215	3,0231451964644385
3,8066497727469413	4,282609407274433
0,38210845666989757	-2,6123170505045077
3,047263091978981	3,9436426003781144
6,009686449501166	3,778877592938718
-2,310939648089472	-4,112477977969037
2,968922517906373	3,2093199536009833
-1,686601568178141	7,392267442381668
0,6878245730648445	8,106196514495508
3,4382718809953037	2,761644636862978
0,4294430543224428	8,305309877000422
-2,482488626396235	-2,343718361016635
-0,7955339067769969	-2,7656896829704327
-1,5996080797349586	7,746146256368278
-0,5263352533726742	-3,868208701313128
5,9239334758160895	3,307974642133882
1,2599449283798192	7,216115314894302
5,865280940851706	3,9634456202771275
3,8987910741330873	2,5731164578599293
6,072201989021869	3,679379934652789
3,714589596602898	2,69976107375348
1,3401323519789605	7,238082441188148
4,4568972540304745	2,5933240962758544
3,2637175035261716	3,145801960720456
0,3218546064506915	8,21829578086696
3,1412535619331967	4,1889101971246365
-1,3242704579731874	-4,075284721765985
5,013915382486637	4,223171426913111
-1,8372178887412085	6,886787345577413
-2,222133179965075	-3,8564503745984444
0,9014749153064749	7,901726632280593
-1,214175913339949	-1,7315645972447196
-1,3836193056280945	-3,4237623510579946
0,532624951006933	8,040986643995884
3,611245676590387	4,241050217749684
5,133347678766237	2,736289692968696
4,505905496539413	2,6891910807084427
5,303317904967683	4,327317536936392
-2,2971775028118717	-4,055502345628544
0,5384475387594794	8,394275278165308
-0,1848189941624807	-3,665980022499462
-2,027049752314135	-0,910732018017602
1,2496960557686412	7,245034036696354
4,150309931871764	2,5665333982200984
0,04314420115975037	8,420354524850392
0,2562203320032982	8,369464146088607
-2,427706942146263	-1,0073798117856347
-3,2672443126704085	-2,410506222870585
4,584734515359477	2,6109472094483555
-2,915775140314471	-1,4356737846905139
-3,2646188616879	-2,19726879826031
3,0199261075793826	3,5466908581609604
3,862478358713052	4,35705625837251
-3,0152745394111644	-1,4082964713402215
4,803934926316758	4,4313047717368885
0,16882545874492183	-2,994673846491425
-2,5724034541307184	-3,82464263797084
-1,2910644622369545	7,9635576668387404
-1,7709739682007655	7,7835631733451445
-2,485174984059652	-2,552255416630069
-1,4282964180998161	-1,8003076107473905
5,071493572280979	2,6417534083965153
4,786240880800063	4,4916378842620786
6,07311420253999	3,4314615185106248
5,460396378890679	2,943394894543541
-0,7144187174071748	-4,135482662873585
-3,2481273852444827	-2,5335090955276476
3,041330451502362	3,577566700200554
-0,43275287307700433	8,366645413155844
-3,146058030735947	-2,1532269355123974
-1,943530253285832	-1,659018515944784
5,921052991201588	3,816984299623816
0,013295982234665216	-3,351090702942611
-2,618871817809552	-1,240629634525712
-2,6554564361107476	-3,9800150569400725
-1,7567100044549095	7,377271035550306
-1,2953927195754833	-0,9938457074710445
-3,1846699922688977	-3,205977938966637
4,587480551924037	2,624178678785298
-2,645809860328589	-2,6682544943032354
0,14727646671683597	8,332593805348637
4,465399704750944	4,460864000962783
1,2663018101029553	7,068000418945779
5,883073366978761	2,7290816379028966
-1,3409757262629136	-1,8200363617042683
-0,7481378152666286	-1,2852611316194262
-2,397190161461444	-2,274761081167797
-1,4417254646590478	7,935326088397707
3,45051231209923	2,8897665830996146
-2,3715966412854574	-2,0671144811900155
-0,9313029710533428	8,404280188571652
1,2360112369376302	7,072625912163681
-2,03861480400979	-3,4499721825006877
4,460519372693767	4,412840927205055
-0,9046398978076081	-3,242949765837685
0,9693573580762709	7,853757244835776
0,5667942168420415	8,17963730243085
-1,8465077683620317	-1,8371283112573076
4,798978519373634	4,329170445434875
1,330622730743561	7,791268606612405
-0,1610604129837403	8,347749791167297
3,485877847441426	4,21676007406719
4,226917719874371	4,269480636399251
3,519091232739208	2,930215588325072
4,169903558477296	4,58630334640746
-2,006431357111137	-0,9805276293158367
-0,38343668429091293	-2,3483735849762244
1,3667885707434368	7,004068826964819
-1,1957433201714354	8,013308048587069
-2,1350671877742764	-1,7737190190515726
-0,5455224832214818	8,344723345386189
-1,5064462740652285	-1,019861362841468
-2,0781175080844383	-3,4779177440884412
1,3004463986079529	7,277091562522679
4,280691540928693	4,276291702915582
5,013270945394125	4,202346830823654
-2,3353370891226986	-3,9021294836262648
-2,3239788454899224	-1,1445890139000152
-3,1613718172744396	-2,430671433902647
3,5477944557448615	4,279934816633375
2,9183581428581737	3,5658898605064175
2,7927848156957804	3,6804822437220004
5,937375181491013	3,3374748907931613
0,334885665224653	8,263658131310356
5,014830582602589	2,516419408323594
-1,99102589137258	-1,8029939057043374
-1,3882152679731057	-1,7438409864921878
0,5330367705382134	8,186943909423587
-1,9692437778924918	6,826367462823376
1,4523679714956685	7,2088009361764405
-1,283257900487424	-2,1308232712242607
-0,010845939271968363	8,311669390075052
0,2893175110300623	-3,083360005787788
-3,2883895255987667	-2,399147438637835
-2,003434274629708	7,240699407271428
3,116074456370298	3,687327804390518
5,7213010028048	4,148240158891204
4,19789753709421	2,5638048110389624
-0,6464817069760396	-1,35469531344116
-1,0750754919623322	8,004836824347427
4,46725291300492	2,4669261116889953
1,4657384784485847	7,05478703864954
2,998460841590137	3,45806016063476
-0,52642533826906	-2,328666182933666
4,106337005862759	2,6441541678614953
5,872310821965813	3,249069512621202
-3,139566081225786	-1,7735818809153892
3,115961795397424	2,9435036761074214
2,9935818047271896	3,593230712337665
-1,7978532839340116	7,532362047584541
3,544888961000234	2,7538905788150965
-1,556509527607586	7,5031815013361705
-2,583406709714417	-2,411875697345325
1,1505207345638286	7,563365168812645
-0,22267396552031377	8,410706877386682
6,226503726165545	3,4736469566665735
1,4485323718465855	6,781562683882789
6,068733109798879	3,1751242878614
-1,880186214255542	6,846247231697471
5,3380827446079016	2,7268191416221796
-0,2849910186265854	-3,5695674796726604
-2,217113480247394	-1,8994688954863725
-1,37314579006292	-1,8502473248714257
-1,2128182873645976	7,915698365248684
-1,1476533002684224	8,065112936655613
3,5328508767275904	2,7677239029764475
-0,981435081190434	-2,266141039874326
4,282903107883023	2,687592930416145
3,3862712687751975	4,026149889924461
0,39520308346015554	8,257041006134482
1,384034597090251	6,911654557958633
3,0677055826079984	3,1304950445872
4,933855645518598	4,646377535910992
1,1010371775391905	7,715733513532216
-1,5489644023075873	-1,6143901075733567
-1,7167952446805912	-1,4488787614324194
6,004364581608523	3,4221043350660327
-1,0937601933867378	-2,1370842498925597
5,65354912093827	2,862983408199941
0,41356344439354764	-2,8659745597843016
0,13401098428944969	-3,3851104673760863
4,016362920377539	4,488870485446882
3,1027295144513047	3,765054496442966
-1,1152660421552778	-2,1285047367801098
-0,6892416968257747	-1,3939939494065618
4,204061455969138	4,432496569708277
5,073220568649648	2,621392374018553
3,97617223748735	4,3646384885721075
-0,5127608368227246	-2,0779089495719107
-1,6576167630979348	-1,037382171332725
-1,0581283842449039	-2,1627657337696773
-2,3322883659594718	-2,600072945224885
5,340734335528071	4,247889063937889
4,002476097638714	4,378457298765966
5,263355753822451	2,6757958196215594
-1,1791152677539598	-3,3605221473874263
3,1038416193405696	4,10584359514318
-1,2181803377922988	-2,2059827035866655
5,417966457235417	2,7584278544541894
-1,874839157334877	7,379762988312614
-2,8294398229462976	-1,3589878017620491
-1,1423076771234348	-1,9232020019184517
1,0523124597751083	7,773952656293852
0,6731135567340902	8,079836882311962
-0,9430970506111971	8,202581549058122
5,818808228117285	3,988105489177549
5,915396133758594	3,3999697323245437
0,08025047453540823	-3,2204178482881565
3,537170375740919	4,436176874131229
-1,698687207937179	7,548996044730895
-2,4312052298670297	-1,929517652989094
3,288675524769649	4,0803018393914705
1,33123167728903	7,455517198063292
1,1825778591246205	7,485458216657102
-1,9945326214729537	-3,414464280707323
-1,2209649730685532	-2,0840995330265346
-0,2520915953592884	8,179347086772092
-1,6232409397739234	-3,4785619082740706
-0,9917621349622642	8,114526324771873
-1,0548914261300077	8,113726625890683
1,0387595087849013	7,3829097118873435
1,2455524646590066	7,759106592055834
-0,08321537053354344	-3,3641635286945277
4,155848899254233	2,71296888356399
-1,4205199388669705	7,852104161839023
3,6002010732441163	2,816941555587914
5,725072998819719	3,037869312716422
4,835587037033592	4,511785910604934
-2,945277723722136	-3,6713445758028582
-2,571807161379539	-0,9090275625132784
-0,4577578257106165	-2,490040113318108
-0,8875297077019813	-4,069317628497424
5,79277279737685	2,863443865600145
-3,3017213746543845	-2,600449171259283
-1,9765439453635831	-1,8275015155381151
1,2459798396495747	7,645574974392073
-2,039018564567243	-1,82597790445016
5,55314238614403	4,378601024193651
5,813447755430306	3,204950393871822
-1,7437541218013575	7,535298016944207
3,351765977823911	4,1982057984166
3,2826258777336212	2,736512576431104
-1,1870552392433154	-1,7920333250677616
5,767438185688119	3,951698493741045
0,863142925238515	7,850933657028325
-2,173554959526718	-3,352224472529025
-2,6102708268101353	-1,1764003889584582
-0,6162339519524425	-1,563028977153086
-1,434244860075117	7,914933537809414
-0,9567601062924295	-1,252770223150238
-2,9724835277318244	-1,454096584826443
-1,220739158441081	-2,0816792851408676
-1,829565105049093	7,170542372864288
-3,0693273881815477	-3,0877842243143987
-2,377102550334783	-2,657732263364945
3,3144127256036375	4,0218561652806315
5,490459193682613	4,222883897697583
-2,8208111768395083	-3,676696859666529
4,752403369564355	4,3834670086089815
-2,018213641784388	-4,1890698243862206
3,452060414044677	3,004944290059442
4,136705071292077	4,577180262936532
4,092788300961897	2,5656710324507443
-1,6103123564937711	-3,3636271994727336
-1,6690147078042141	7,644827327997447
-2,0470319511457005	-1,7145633517679089
5,368082367763078	2,8800477609218333
3,051158421910916	3,5516826311264302
-0,6477821611537589	-1,7053402066227878
1,365109971124646	7,247975655163373
-1,4238337477875278	-3,3994909489170904
-0,3113410789036226	-3,8813891872126876
-1,8364448857394644	7,154618367020202
6,112455828689291	3,8200530352801323
0,19974199771510015	8,410857628978537
1,3953996761893184	7,596914105788195
-3,21894771120865	-3,4473379606373937
-1,6818066097951447	6,889956836054495
-0,4741018613083925	-3,6387637081564876
4,508103731798441	4,541309969234353
-1,8452599864197508	7,233149093317555
4,594974141903281	2,665668914588544
-0,6780836836739603	8,151957404457207
-2,115465220847649	-3,3115510469118137
-0,9867402285050496	-1,3308058952058825
0,692289644277664	7,879820059349587
-1,0828708849820414	-1,181725097792993
-0,43332548175833896	-2,393711675157901
-3,069709879610058	-3,2182041045435783
2,9875917462828854	3,5875495058110216
4,248863577909369	4,438145848563426
-1,4263399730318689	-0,9293280470195515
-0,34938902041647474	8,295760331426099
-0,10609358204763475	-3,4682885279403126
-1,472043742442418	-1,8354703278594744
5,823345378200303	3,8684663162770097
-0,7069286206975477	-4,157529421185243
3,1503400512594455	3,1058636106474617
-0,289598866489178	-2,351942886490742
-2,179024115294044	-4,321145790829514
5,067227580278061	4,4223539092278745
-1,8749058525067996	7,156334003856546
6,031627432493467	3,1273085873553046
0,10084370290245037	8,387579747592964
-2,161860893521273	-3,3346576931955187
0,6665647195800208	8,064210036255744
5,2280758041920405	4,300795479497337
0,21485279972254778	8,353200349529137
-1,219973302385959	-1,7583459497675196
-1,9497997121029984	-1,0165668738063771
-1,3957241137764176	7,780544911873049
5,260454823018701	4,104407330132775
5,814824560807082	3,320610688613421
5,99665309682355	3,890683772924165
-1,19775941793925	8,297876153182223
-0,8444727269685077	-3,2973791710378144
-1,2209187011047393	-1,7558915043945154
0,9421048771281861	7,864723727501881
2,9079806081126294	3,805320486112059
3,2576987030472964	2,9955559676648194
-0,5187102120175233	-2,0672840879892806
3,374060212092819	4,131832383911145
-0,7903077748849885	8,345784615921547
5,574061131561182	4,216653419927647
-1,2474886388091047	8,037148941370255
3,5880253171020637	4,312901324943618
-2,3147239348027435	-3,0828667142523196
-1,9674539559881776	-3,275867135136271
6,073959560966959	3,6771493896528713
5,161812920576426	4,3513436709002065
0,15032572228545865	8,469943569979112
-2,094084028688769	-0,9554072096671025
-1,458419827331091	-1,7316789457334907
-1,3393288501256195	8,024439220508631
-0,6404336394532903	8,354305400733441
3,5363678152169475	4,184365298661649
5,5885708009004755	2,81297535458068
6,208861635148607	3,72125160192841
4,128201880312991	2,699719948039449
1,3566583394881526	7,3285569658628535
0,2080474959726717	8,261469575625448
4,2164243792302765	4,576609611472215
-1,8447578236285134	-3,393133234675895
-2,983763846976095	-3,4419271295807956
-1,3828393431664088	8,009616026673333
-1,4360557683238393	-0,9514437687906894
5,3016264340006956	4,1626465896063864
-2,587048982686529	-2,6115816681384088
-0,21333549353827674	-3,6905507145262386
-0,415158573752783	-2,2548363602888544
-1,442610482498114	7,83354234915792
-1,9697774815599658	-0,9469026682060404
1,3660507609994301	7,057124597504436
0,26709537532825217	8,287162281300638
0,9115740931616807	7,908066535321423
-1,509377799642994	7,801009609885822
-2,1024806989489777	-2,015385427195335
5,875446935354579	3,065959132676765
4,488582498005656	2,8209669344789052
5,617299730343497	2,8175414697227072
-1,456797789868776	-1,605179858241632
-2,0305862422183907	-1,7957843477357627
-1,2315115443028815	-1,9432728322683248
5,544835767523458	4,239899023042197
2,930426549921037	3,4791979960753623
-0,9916506297574149	-3,3852282724891696
2,942384659212954	3,6006876138557895
3,714199796851616	4,389877780665216
-1,4230302584092251	-0,9770300633464699
-1,1920210830333013	-2,211178565210731
-0,6283264593893088	-4,063800391737949
-2,4022434664505425	-2,68874078817191
3,8325699551832244	4,1994483793903745
-2,443761487933942	-1,976127001143592
4,197190862174988	4,396313908798012
5,229843972667879	2,7039706561959047
0,32548947403575923	-2,659502976470991
5,880216322901739	3,9527864906790096
0,8122573824964427	8,03787463733686
-0,8653224069960993	8,36001074105932
1,0164136794540737	7,465915588705539
-0,683866481559726	-1,88004223852385
3,2557321328223	4,014713396392242
1,2648469453285507	7,55663538267327
-1,306721145289684	8,219975622262389
0,8302504937600603	7,989450086783158
-0,253442490042603	8,486900289988917
3,0481034984763316	3,9856866210571855
3,648689932038291	4,321966211821476
3,03260835213751	3,4253350021273596
-0,40031167245173394	-1,7145443028187923
-1,7612105473021578	-1,7698554421258899
-1,9493949898812666	7,122194311758453
-2,5442064714903676	-1,1830494688261683
5,887372667183255	3,915522086348257
5,558798849711523	2,8230361121305942
4,8612859529293955	4,543164950917641
1,1820391876540555	7,322176846311445
6,087873576304876	3,6464612936048053
3,104443501103252	3,2868021492698327
2,997159717458767	3,2055228390426893
-1,3918913258877372	7,910687751818438
1,3150001615990108	7,145614166804619
3,6724054152718315	2,725197956812095
-1,1702334589835037	8,132064803211996
-3,1450266628047214	-1,6403632197345475
3,847690803469936	4,232152654939464
2,975994883020232	3,9709999336426467
-1,4528683822579773	-1,779384739937504
5,581958159861319	3,0484199540800705
-0,6726744896905865	8,46981262195945
6,064372482871277	3,5497517397940963
-1,8614914670560934	7,191121159580309
0,26602260051476834	8,320858011606449
-1,007945547353893	8,136397073933729
-0,43470132937715	-2,2615523782949247
2,928368487661768	3,991187856550436
-1,0444988857965463	-2,05424268677059
-2,504737077955644	-2,256819140917208
4,659107048660001	2,6365148846675184
-3,3180797642028352	-2,1583078035517276
-0,7916843869814615	-3,2053831722057513
-3,184130963196049	-2,325121938947184
5,902727152326863	3,9860523848085796
-1,6690551955032626	-1,5556335835470854
3,110430184534765	3,562595778604579
-0,6400090336219693	-3,9109823937251953
3,0065770865462116	3,2359384404280496
5,711239127928192	2,962168086373989
-1,3184751394762753	7,908314278195682
-1,9088373597516122	-1,6735548748938276
0,6511477756622353	8,052230977991753
-0,4713648933515957	-1,9853379042872679
5,049420486426424	2,5867954608935064
-3,0967618423628083	-1,999146617276773
5,815029272251076	3,221970306743696
6,0499708268651355	3,245974962905203
5,421208971437971	4,2437901203072865
6,07800487271539	3,1544083996936916
-1,4033726620363784	7,88720192514442
-1,6215615267223626	-4,185913804778842
3,1871651104014305	2,975903190115139
5,087249548938674	2,542777039545813
6,165293499282245	3,2856999273646186
-1,1949191548667137	-3,4794600358685486
1,3554454010822654	7,356660084474621
-0,6878032609291755	8,48199876147845
-0,7192975853000495	-2,8910451059504703
4,107117185131379	4,4458567086848495
3,901024674244919	2,6887796558381925
-0,5064489398194741	8,402800131088181
1,440316597798377	6,815540406514779
5,255806167494877	2,7347513275119546
-1,161025875273489	8,13060322155947
1,1693320129879203	7,72283401041561
3,1133212042370664	4,024819795854218
5,824623886136892	3,0478084109458496
2,898335739654814	3,845867902617425
5,936876254934955	3,584776225376864
-1,853619267552392	-1,693120372124258
3,270631734705141	4,207273600751204
-0,5579207226648863	8,356384044660134
-2,6509101839130107	-2,710202626025914
-1,7740395723344473	-3,543706147578701
5,977135161151078	3,1797040024598053
3,738872547994786	4,426401070381438
0,08514819089445241	8,393321621451376
-1,3521364904859952	8,035856116706153
2,8951797798241974	3,388435780259442
-1,2274576724154536	-2,4773018950855983
3,8775135968291883	2,616865470676151
-2,9467066703527154	-3,3037556093003344
-0,09687287589040908	8,472515979909556
0,21596389276483935	8,39449098202602
3,7266934748324854	4,243281874454692
-0,4586865489706915	-2,6847323354001644
5,58204840935664	4,120088667203039
1,4128968121865615	7,127471632250535
-1,826709691990351	-3,4832998911140525
3,0505231298992017	3,56362876848803
1,3831841792625454	7,2668756869975395
1,4038197784699145	7,100007911092289
-1,7741982195381978	7,554034731942063
-2,5411064475884357	-2,1727789769785133
-3,2676242263064665	-1,9855659377552777
4,819517982236199	4,495204570220971
-1,5833927991849968	-1,6999787886976971
1,0842509977106451	7,462653320971828
5,1177047859087645	4,473490337253678
-2,035614064368054	-1,6682603561224072
4,990194746921623	4,621844947496096
1,2057804575126436	7,420600768281208
-1,9085752479655942	6,964730094918279
-0,6647898729582458	-3,011767098924423
-1,1351598489794417	-4,265801581175623
-2,2704649090834215	-2,995956421333539
3,3798138982646986	4,1085852164111
-2,2400344016290177	-4,117438266043786
-1,2670324658956984	8,101178399538684
4,914021440245402	2,726135369272128
-1,6579739127544775	7,7162411834786635
5,860739334645249	3,2325737289558476
5,219732986167158	4,448678412721251
-1,2115792197320527	8,141902778092668
-1,840935569775588	6,872301502119062
-1,7825155354538886	-3,4533345290374555
-1,8735236284203614	7,237609471379175
-3,19165947100016	-3,379677493969289
-2,406103335307373	-2,957343061418047
5,613576511968817	4,284850282306623
4,59384622377069	2,6011827466870217
3,055836453072991	3,8391429639205867
5,981516726819441	3,7488753070586878
2,8116774151857697	3,9559646514219198
-1,1483781754182696	-2,12124217065057
0,7747751894902392	8,260274714575722
5,265650138301091	4,418666454341292
-0,077859408923445	-3,491506131962832
-0,4532350620559904	8,312486578286803
-0,7936079495539419	8,385403187385506
-1,2388801314007134	-2,061498732783261
-1,3870948607486964	-3,610982205067482
4,918601136752149	4,440564453871057
-1,1997697620070706	-3,4005260997809614
4,3635853175646435	4,467644344611189
3,1788197651388215	4,1781871538494615
-2,502406502953068	-1,6480958803015184
5,67424365615776	2,7818889423242674
3,023787440583159	3,38104082847993
4,5069594070154615	4,453118806192474
4,967858014854189	4,3256533565144215
1,1357468017596801	7,586129123902035
-2,2139837376390594	-1,9219674601782581
-3,3910360153380075	-2,3626482054664684
-0,8405914369147096	8,291992103468889
1,22930325413444	7,375502330501613
2,860970069375387	3,7646218870275265
3,1023862315739548	3,041649904964366
-0,40218688072023223	-2,734016836594332
3,9879122597710053	2,665559069217177
-3,325485955030852	-2,6893896018740064
-0,6457649056675178	-3,0372267505618886
6,0335164215824815	3,81563113070078
0,8112312880305745	7,833436819481187
-0,9737692330450726	-3,3049178586647523
3,8163292590058586	2,812479435932282
-1,427311329315483	-1,6584940423975043
3,3642834482805073	4,280600440760856
5,74276866165093	4,011065054527424
5,8149082625688315	4,270305456286683
2,839303629321993	3,715021310192846
-2,03189711814705	7,14663720383447
-1,7861748383719056	7,075385965213548
-1,300712886593139	-0,8356728628381485
-2,492680255003226	-3,8224564151479625
3,064499531025374	3,739371939556651
4,970472466957254	4,49002047057155
-1,1229776830512535	-3,4449050775323773
5,725052300321121	2,8681935195274932
3,0749002491559523	3,3249532648979567
-2,0880392313400353	-3,358959078615046
4,544637680462563	4,522767823370901
0,5743362359635152	8,29337017864711
5,122710487744872	2,932510225158362
-1,9939600153342298	-4,08079881473532
-3,1098467221945247	-1,8997511592107013
-2,1433279450013543	-4,16640761316963
-0,5806001423528069	-2,97769070497834
-0,34505808920887626	8,410008030530578
4,006097762824414	4,3009531596442
3,266798469416422	3,0211237146942023
-1,3736968964818912	7,892927047627712
-1,508905535782324	-3,9274865672390558
3,8432434031040783	4,581242229751084
-0,6583485679255181	-4,083254127112334
-1,9403140770183658	-0,9315706890153295
-1,1881095346382322	8,074032634100892
-2,070492085049223	-3,355033581341238
-1,9081950739718352	-0,8254204115886479
5,867683940510328	3,897106751165245
4,962815005988313	4,258478821870765
4,489500857816954	2,5481041944002114
-2,2468969401067778	-3,047778344684861
-1,5807420501059406	-0,909988245634179
-2,9936364693339197	-3,2102870961441576
-3,2134243510828675	-2,3578670344382955
-0,9281545725072323	-4,013431046126368
-1,5607957364557397	7,636398450797522
0,2763680818747567	-3,3082358996765127
1,253592246858323	7,544945424798629
3,61687109806136	2,755078570870373
-0,06305932797757063	-3,6194142015662303
-1,344955010640557	-1,934312062675768
-0,7772897064988451	-4,070323022146903
-1,0853381391303887	-2,3970522051900476
-1,1199427142708824	8,297013242363228
1,421042396833742	6,963553308809693
-0,31217731856540765	8,338582538985225
-2,629410671145301	-2,466410913873307
-1,3806486152921527	-3,4115826421501207
-2,493517964185371	-2,4950889049666762
4,5487227020340555	2,4948988800451612
-1,7231007746680809	-1,5724104362104558
-2,4194319032896976	-2,1698514517231904
-1,8730705493769317	6,9038582962605854
-1,2845074984588138	-2,276825015551448
-2,0902388621237837	-1,7184142093538048
-2,6743020884550504	-2,342652984552116
3,898836639884247	2,764487773313739
-1,7008942493746675	-3,4490868456484938
0,9906986033180727	7,824987066200385
5,995606922838359	3,5458624606106803
-3,2243183350450564	-1,9065087629739303
-0,872570108175309	8,132494846464583
-1,7278446727368222	7,1687889759753105
1,386844062787341	7,058385212922724
4,858618445516309	2,508524016703511
-1,087642382120661	8,098902307034107
-1,8307561947478213	6,8099488987642465
-2,217674263773198	-0,9838080954887363
5,47022418375128	2,879530934477298
4,585156604468328	4,431365761508193
-1,6688552970267645	6,943483518616113
0,030489553787770518	-3,1982062743853605
4,319413513653828	4,439069678161014
-0,8018124486410969	8,361082259760433
3,4746466552161204	2,931817364291464
5,978541595393594	3,963948053414519
-1,815395018459431	7,008443803817702
-2,5302448878455928	-2,3160725506008117
5,5742364315671	4,265541369574761
-1,7111543610774267	7,797616659723743
-1,2585104241226	-1,035128283919682
0,4426625889768493	8,19220890657022
6,103698299379985	3,6536153665000506
-3,1715490280266962	-2,2092730584607434
-0,9127972336170072	-1,2281028056009446
0,013571271196012397	8,3721835677501
4,67864876910083	4,386366654268839
2,8894723167716547	3,512296191388268
0,3520827242498896	8,51163421388354
1,3736280518278963	6,854453777840629
-2,5702458047554435	-2,7243881997666293
5,917982575996603	3,4759784862296996
4,764736716834269	4,613200253843498
3,1920458786774324	4,112960874582704
-3,175549944183232	-3,1852313233362954
1,4407544791471665	6,885061413463785
0,0843327504619904	8,400520264278988
-1,3863273988944789	-1,6864328614544262
-1,809490489631319	7,223637346542336
-1,8763339370237253	-4,253348745284531
-1,4299643662853077	-2,062209055492782
-0,5348816521692994	-2,9136487998206877
3,724757790237199	4,538585112954804
3,093899542402494	3,971611781239457
-2,217141257266008	-4,017771428636313
0,31221725091807195	8,2796458244147
4,675028298395424	2,6082273443850825
3,169820455758823	2,8920871232764336
2,9705432600701838	3,541604808675329
4,14957767009332	4,395196855418182
-2,572315797670115	-3,8006829238401334
1,4161220701109305	7,688142861468543
-1,8661185338323714	7,049540999759893
-1,3821271874030168	-1,7933398706650054
-2,3456658316831613	-1,9009213104328202
4,841786629367286	4,431725729274381
6,0433233649215	3,4169809214049547
3,0700144120484167	3,0029591840001055
0,5823543245246303	8,19586541638311
3,720557600080364	4,275797688380268
3,0657923141726853	3,378171954072784
-0,17234422438596675	-3,553150319536373
-0,5171783206495386	-2,689847109598891
3,2617119297698984	3,7737366655975575
3,903613896674254	4,48635254791689
4,9850665952673445	4,51952009118983
-0,6552406775338409	8,260722620203147
-1,6413334354390337	-3,4095114677488754
5,99864208042119	3,332602572082388
-0,36677491871900303	8,367212170173303
-1,8827676676065128	7,246601652466456
1,3063646554047192	7,406079666209486
-1,8714405049419325	-1,7489641470377753
3,111372228501538	4,012944889334873
-0,49686630557493716	-3,6214957723124517
3,943327817200964	4,318493379590905
-2,563912524197289	-2,66199743430907
5,555569225060355	2,829255157613486
-2,0964847777441316	-1,941917394199046
-1,777890738003126	-3,737417930308836
0,7555468432217343	7,912267947115863
5,286201487377837	2,7168366807296924
-1,6975288998441531	7,253009275233432
4,386441087393738	4,406020780024416
4,530541712237504	4,608980420149213
3,1048621280484063	3,1023270118215613
5,149075843444035	4,368717653034262
1,4402570313721923	6,962055853516227
1,4422059005354801	7,094591548344912
1,4073618775990393	7,447380343178084
0,3179064433359886	8,281594842520539
-2,046025847646791	-3,019359001021943
1,2426572438491643	7,4035662510682325
-1,436898085155014	7,968895600778863
-1,8883100307518363	7,39883488586662
5,318691322026816	4,194381018974036
-0,11843217872450595	-3,710880501481917
-1,8500625544305556	-4,266641056729355
-2,467864862058079	-2,585138659023229
-0,5428040261662712	-2,756850236108061
4,643603100184186	2,556940438268614
0,5696668264404708	8,159882007520626
4,433514185312519	4,369784758565015
-2,6057218678455314	-2,246530572325619
6,078843905204921	3,581954479963711
4,617993562680246	2,5951255135789513
-0,6306527794084043	-1,5182339999102625
-0,9881804729762862	-1,1097285732630948
-2,431838452934147	-1,2350004088241318
-0,5108008332472531	-2,765279535444946
-2,4974823582047674	-1,058094342938396
-1,8240998789530707	-1,800431231349163
3,9921354559413444	2,8919409533894225
-2,231399075934941	-2,532574331793284
1,1350113149540404	7,382084659369516
-1,3907899182778765	-1,8976153776581965
-3,195228356703571	-2,5672905938998514
2,895407890704064	3,4475116348594694
2,8590660826716587	3,3840964173175205
-1,0433911423094102	-1,2674817463700767
-0,7379953580893287	8,37158183492144
5,867778967401544	4,176291598434412
-0,005602217847883062	8,266499417129877
-0,1909730952100075	-3,8006737300322366
3,4878562595590417	2,919270834715138
-0,4096778946351869	-2,3659069013648852
-1,6860108180952014	7,341158464283319
-0,6674939747325839	8,342741590192439
-1,59915102823745	-3,3609217213542526
-0,5600050903567129	8,370376475809358
0,6634793803730388	8,250345059403518
3,2501952337925086	4,106558520841186
5,86855448470359	2,9927848320320587
-2,2853580760720194	-3,064229303109988
-2,2238457347634997	-3,0046419279502765
1,2251334830882779	7,480119803703214
3,2925056963616672	4,144970940124831
-1,2670535273972792	-1,7492927900606658
-0,784046974683573	8,33473395358033
3,5353091831305585	2,8242403612620244
-0,49200965038564437	-1,4634386969383777
-1,3369689830320155	-3,3730795608123323
3,137961295397163	3,4875920001825778
-1,0342102347987079	-2,412542784563601
-1,6433387846478236	7,661424114009763
-2,192974380455211	-3,2603391586048205
-1,8284423306263582	-3,557174721053088
3,577880686912194	4,272412825586295
-3,260431223495999	-2,552176344090154
-2,2438359795706275	-3,1656396416868886
-1,2852869457240945	8,195060487373581
-3,036476557308866	-1,5353599574386967
-2,4270633144824476	-0,9455266929172521
3,407257020066457	4,031948834138147
-0,5870600795918981	-3,207373062239724
-1,4433186957944601	-4,448804673137505
-1,4802411631462495	-0,9602811504647735
-1,0960668179548883	-2,0021985265825037
-3,0468577511270647	-3,476820551996803
4,199564290399721	4,48369978505317
5,26882016153226	4,307713818735717
-0,27206110394726113	-2,22061044919219
5,965211037953409	3,235066882187821
-0,49763057291039203	-2,861426762708898
6,0007174991300865	3,2552911542398584
4,94525275002473	2,6590500728007016
-1,5345802212813084	-4,1565114415136915
3,664950958188733	4,196266819294423
4,16054762835923	4,250667767460336
1,2947795870386023	7,151888555289717
-1,1373634047221397	-3,568554313896401
0,3751765463152106	-2,527480874806667
3,5242341718299692	4,247965590685539
6,111429118339593	3,4235484403193643
6,038660722573919	3,09918506350932
-3,2162851007133426	-2,069178461106586
-0,5394268202568151	-2,5131891034586653
3,8413689910645386	4,482002152997958
0,9531824243070683	7,7168169599506555
5,134436658526445	4,457700704453022
-1,2944499765208373	-4,039631903479429
1,139059936431988	7,736401114274241
-1,551584391668145	7,737050265891577
0,7256056360936042	8,131109764728528
-2,898580065473655	-1,7507571630283572
3,2545905656818714	2,8667351318892025
-1,4393921329848685	7,954133437987396
-1,4030696599057582	8,135444315916617
0,5138527033773951	8,1507422220556
-2,5511852444514913	-2,579542668991301
-1,1410458941284154	-3,3117789991019926
3,1460858723191896	2,889086384582261
-2,604355098411189	-1,3232358643955076
-1,459502184525523	-3,3921392210117753
5,382625748461183	2,7146522133605213
-0,2392263909361616	-3,8193679575887556
4,535860299835536	4,534446978404316
-0,4224329274236409	8,488371167179649
-0,9921088214219642	-3,3159757770891236
3,972009923719159	2,618956578800692
4,568079504120921	4,5135613368885235
-1,7656681535819259	7,435709272980838
-2,6185748384184326	-1,3213017197105037
-1,4511743021476864	-1,6818330828350798
-1,148536642881636	8,268238738558786
3,3616671628927177	4,267987884739423
0,14520795021035693	-2,892073838987568
5,828345451168193	3,0251561285688595
4,003659146699123	2,516472392563351
2,78524231059537	3,3999025236108573
-0,9899829481148548	8,243486087706287
-2,2894046727727386	-3,06953719813451
3,834227487294003	2,8269123187347316
3,363399312226739	2,901923878334454
-1,5986822445237043	7,570496087393895
-1,1397821746780987	-2,226126707540501
0,9851763757736334	7,735892947242538
1,3849131590164732	6,988886776844538
0,07096070342170391	8,397731650122884
-3,1822297642920097	-3,189083721895236
-2,753960927474835	-3,754921924739315
5,5645998535648395	4,481595295790979
5,955190667662621	3,7698810143036914
5,714003099854785	3,938623601796127
-1,0110089305644765	-1,1463114529463938
3,177486613056204	4,1716784632933965
-1,5509634041871097	-3,312506687417411
-1,7087330489375465	7,488236316607107
4,296584006313662	2,8062383902358476
3,6723648040824126	2,768513985113804
5,937891768349941	3,1307639908807157
0,11876567824084705	-3,1348294061269333
-1,9717690194215038	7,235452196453172
5,113270619487007	2,7621060925715515
5,470538165288026	4,260829002072771
-1,0033669540904777	8,303560379364225
0,8781144562682854	8,083117562594989
4,392006899673261	4,517993068023018
5,8478746593869175	4,149451381631936
1,0757163063373325	7,920911049510031
1,2514929093514127	7,5997068937099375
3,461675909623958	2,8124258047860273
-3,092992349794984	-2,8172811714322052
-1,6698265669771375	-3,4897062579969367
5,741520415725375	4,076272781903761
-1,5791005649156218	-3,4831892679844687
-1,8124583877721256	7,2283895099126685
-1,8540947122460347	-3,3247746274316468
1,3684993086588226	7,038253920449753
-1,333088570313838	7,912474240865091
4,846958082979839	2,575768288692882
1,3293867036963216	6,900145457070956
-2,348155314649097	-1,9324994031175784
4,885455668713027	2,70393155219675
5,167110653108008	4,563663498906338
-1,370223005100596	7,798995988095561
-2,6802877657411943	-1,178047058906836
3,9756030290801787	2,5732771537626773
5,740691107171196	2,8547840938979334
6,130184009823289	3,5957451132798353
-2,413785748672273	-3,121142175338332
5,479860760853374	4,127164571889033
-2,161840514112523	-4,078601819839991
0,013909765843324262	-3,202602064688628
0,16445974298422272	-3,0148978272189897
-0,9175558052807476	-3,1346481912756596
-1,2672333182966344	7,534531019533647
5,165157003785154	4,55909844306851
-3,1857770551787983	-3,2170716086907034
-1,3190458046640927	-1,1684476723204336
-2,800243321119157	-1,1706159993521315
6,074827997661673	4,005927889582066
-0,9804182094577586	-1,1279972871043946
1,0691706984540812	7,978171742975714
-1,3507561474923886	-1,8403542426381285
3,2325930619907215	3,363059400866016
-1,2657432573513019	-3,4408392270157675
-0,04304910763108405	8,467214730109003
3,079773946807259	3,3008184349674963
5,326094790882972	2,7232464742921376
5,974066486611377	3,8485685104609084
-0,37277642439097347	-2,3299222874309358
-1,6928192461678178	7,168197555180707
-2,626165356957274	-3,7431610267146795
-2,354366527251245	-1,2610359918850382
-2,927010813726935	-3,661913657160948
-2,268020723974183	-1,8457926504027329
6,065240524921696	3,369511187384596
6,135235130401946	3,20950561843011
-0,8437556190594265	-3,1109192470001292
-2,9209975712041314	-1,4821033730874775
4,983586268814014	2,6861128456077936
1,235002970894033	7,468286623856397
3,8062948425632426	2,7165653728415706
4,06601795055255	2,520205942270453
5,624760075126582	2,7626248687449504
5,983680208715975	3,5886755796295557
0,6723371506545981	8,052545645038983
-1,6603059633736654	7,75095522312906
4,864818041971906	4,428779856237336
-2,7732414658068443	-3,680719348824331
-0,3164075708592413	8,271047319191197
3,2100164619729936	3,8035221697361177
-1,7368636316783927	7,504102978110735
0,9777708088013346	7,926269028188307
-1,8638708761377263	-1,7708096941624616
3,76722079457008	4,602406358704858
5,586395675788947	4,115297034253261
5,838703041889504	3,358959522605613
-0,45029686032916394	-2,449263112438481
-1,651135259336605	7,6224026428894955
6,043448811613288	3,300711930897275
1,5047685372960562	7,444225553671314
5,935867273841706	3,1820907479440597
5,758946368586059	3,7925422356036034
-0,46071716917724115	-2,5373033688502873
-2,551340775631335	-2,15302537800566
-2,4005561807021607	-2,1842844304401003
-0,3286165150659972	-2,7423434605208725
1,0968682569451462	7,339521901130506
3,106015945254539	3,841658263038723
-1,0725913085884873	8,104308758471559
-1,5172044913745493	-3,54438301356946
5,382056422364801	4,387948059632329
-0,3777785424587443	-4,159132140092064
-1,4612948703516604	7,537663124490736
-1,445755106325502	7,789832959350507
-1,86350398492655	-3,359084496626619
-2,182433641928874	-3,2806969153082193
-2,2229065354991855	-1,7867613286402542
3,0926105750520767	3,8394607701936208
3,4541603182034635	2,81850016156362
4,754407251990561	2,7695126977295916
4,056871167684422	4,557099905290833
0,752710687028161	8,119702962386016
-2,429805193735244	-2,9388332751598543
-0,4046761162577002	8,351633167386145
-0,41979059587480294	-2,6164055254799634
-2,0014891013585814	-3,45629412296974
-3,198246788093994	-3,4386918533221555
5,669110748269677	2,9386539796168156
4,025266108297213	4,377504637557999
3,038937513199988	4,008995938525071
-2,542413394991682	-2,299647876954968
5,845357874254027	4,054112986847594
-0,22776781444335015	8,253547327492228
-3,113291482097001	-2,950883766172205
0,470184258526942	8,22937856446683
2,8987609180140668	3,16631560227587
-3,129085419395447	-3,329302776438886
6,135425436084109	3,037739470736038
-1,2626396111423475	-4,1006412566182115
-1,3006168930795956	8,09432692501706
0,9413450157173979	7,761658360726443
-0,27417884303669005	8,39648832796023
3,9745448093299203	2,6660538488814955
-2,929221057160551	-1,221384593473724
-2,469292004232176	-1,911737907136096
-2,971747857457907	-1,6293538388022648
5,832986208076903	2,941419183557332
1,4086739642799606	7,2048601820356195
5,969147442882297	3,6253682661412903
5,190937356544245	4,278188696189111
3,0487734066042416	4,055262988143449
-1,449853173104047	-1,7900075211029935
-2,3688141905275524	-4,038835576826425
5,548132767505778	2,826224719810587
-2,386842126711552	-2,9750469976703138
-0,39540619053905424	-2,111276846314444
-2,5507368740139684	-2,269897858432647
-2,2589069444889383	-3,9886823979860093
-1,3034183877014858	-1,6283366464649165
2,7142690723465455	3,4559147456588035
3,017755872116914	3,985250955904498
2,944739606221832	3,7809871087018303
4,614501718572385	4,607326641433682
5,89615723977375	3,968880372629295
-0,6460281689213588	-3,3136039141244478
0,04644625991795803	8,427718010162419
-1,0464580767230518	-4,097103333590545
2,883120581408662	3,399172416980341
3,9014594203142163	4,229049156992158
-0,7792618828130621	-3,15816680934559
-1,623278479317245	7,640419998035412
4,602525310277319	4,561681545257066
-1,3882089444826577	-3,376613873425165
5,075629100718763	2,7984977012007057
5,57919945310666	2,9113787125064867
4,083966903560269	4,527003080693934
2,963395417671313	3,032527656099968
-2,424862594456938	-2,6340861877966293
-1,709168331313752	7,38380539378782
2,9900524383375364	3,5113547531900213
1,1437115462384235	7,712692422279514
-2,8151820852304072	-3,2210832234892406
5,935317333009979	3,7556936005100834
5,911893517508479	4,135882103591996
-0,34200379454601854	8,52629724341438
-2,9308513585631486	-1,383986221054751
-0,7750923813727862	8,24008159710845
3,383600865923799	4,12855227284115
-1,2959742385904884	-1,0741843782635505
6,029390871434643	3,647819234854837
4,700603731523292	2,5298461575008484
-1,7898642666090674	7,239080410361419
4,521867699209092	4,455596339849343
-1,7166355882431035	-1,0348656680499102
-1,6309571646455254	7,5904194165856484
-1,430866531941717	-0,9516675963060093
-2,3601574571458377	-2,9675493174108762
-1,7066573309826225	6,783048241753656
-1,8480138623705762	-1,7083883271050562
-2,7433282739884848	-3,6815049071378185
-0,8321558669721743	-1,2803485196031361
-1,9683409378437937	-0,9169162758783658
-0,7928868872520712	-3,101171403560792
-1,1748635234461513	-2,3379227289094198
-2,41268713179213	-2,4201643845515575
-1,496098957314317	7,481257987131474
6,082913564748395	3,835141154487827
-2,4406686417542054	-2,172919891416923
-1,318355471730517	-1,9711427241896944
5,557110888824216	4,318023916513654
1,4519533012589378	7,0011344718044555
-1,1472733174834353	-3,4502793784908525
-1,2554528566092502	-3,456728240309547
2,9651653270166856	3,2444200140560433
0,6095852689755373	8,092668516508626
5,9417770670795615	3,9341111222979364
-3,2186801276435184	-2,4946403364305474
3,4224018097244135	4,067455691790623
1,206229179442301	7,46473614754041
4,009396328688637	4,341945024448279
1,284274287495922	7,356235719732979
-2,993517719655831	-1,669332686393568
1,1067456785297356	7,80955907293443
4,846065421132094	2,655748145296892
3,65605079198899	2,773694913941484
-1,1173597217453344	-1,301649890849662
-2,381940966059794	-1,0570758611096858
-0,8699538205811599	-3,3247532910260906
-0,22099860990654172	8,375775411829647
-1,1073724977484674	-4,140586388877662
-1,7913609773971637	-3,3598192579596065
0,12267714111303119	-2,8893954976944602
3,8504722504697	2,589289673387234
4,817762400958658	4,270545781197412
-2,330619133845505	-1,1370552065913861
-1,1015202763513336	-1,003888935189399
-2,5389029214434835	-2,809550861797766
3,53161449299071	4,333958218720582
3,4623391511701773	3,990327224443115
-3,342633464295565	-2,247633836241357
-1,0472550419180733	8,358437975223135
3,3970483257097674	4,111259858270746
4,751673968824794	4,343419823168213
-1,1517515075672418	8,330986678683312
-2,3982992373758076	-1,7149469626301974
0,11397374498021351	8,460172456114808
-0,651482611523796	-1,4346768935907814
0,7169703052253809	8,081385554280779
0,20953877712296975	-3,183968039974357
3,1785387762596735	3,8836018913183823
-1,6331624114610954	-1,5702562002007343
6,27688452491907	3,5921784034840334
5,019075352537102	2,614573633521969
-2,015187299377629	-1,703621799337022
6,104941760273932	3,4304997471713548
5,125048525690152	4,349438431598169
4,353301211481553	4,345956039190078
-1,461481063812247	-3,348198667209073
0,23246916034327808	8,374442043678807
1,3022768580426052	7,197563040445626
-1,6256537041520565	7,414823449453557
5,218423957232039	4,296646267092692
5,465001688035141	4,188060426057902
-0,633079215662713	-2,87632566351743
-2,272873029482901	-2,957255351935177
-1,0694765377264286	-2,129358089299212
5,454886245861906	4,402405629481832
0,7950585801736587	8,124196763005514
-0,3353296563138428	-2,317314153029848
3,543504332856499	4,3070487801876
0,9882579048869664	8,01310181265867
1,2124159143830366	7,372996136321901
3,0291884571143344	3,6560125899803677
4,989970592700154	2,601717641861146
0,3020569833123279	8,184324107457858
-1,4027163313549322	-1,6573679112424844
-0,6256680754048467	-3,0222006149791403
-0,9913589589187015	8,277938540509382
0,7711247458211202	7,996781258815101
-1,1002314087055156	8,1382339575476
3,2936620339513256	2,949819721488714
4,533853523350178	2,7583660234019556
0,6245603943825606	8,163464675944132
0,23974309835268826	-2,5178791827093696
-1,8988275432054635	7,124231744802453
-2,517773745434452	-1,097611821246236
-1,833919332791044	7,435719452729766
1,4180428343359985	6,948881007496941
5,325822239948457	2,8248959736609938
-1,2393455206652573	-3,4684122158257167
-2,054188391751861	-0,9545213839068147
0,4528438551149173	8,170727467872789
1,1861084642740856	7,563316452716219
0,5487843826498614	8,091344042216706
1,047408088646524	7,896095632733074
-0,5641586144355781	8,194982021737006
4,160295372786199	2,60296882603532
2,981878956159708	3,634283502329385
-3,205598446492528	-3,0585295773984957
-3,138319536776998	-3,148674534309988
-1,508680703669429	7,608137396036326
-1,1279384756236093	-1,1511701115295976
-2,0776989165434427	-1,5635300189827448
-0,10850953544612807	-3,4947169291678613
-1,4149047877710317	7,6981265408029795
1,3249912873718586	7,313493814583596
-1,1692687833758684	-2,277462452370022
5,732895139862226	2,89820680939203
-1,6065478688750938	7,741174725010474
-0,8710441666350837	8,270362881923663
-0,1821192244124319	-2,237723995110964
-0,863121491353331	-3,1438294849837454
5,21468832911655	2,801251778505992
-0,6480823594768982	8,242811589696029
5,091668160529489	4,499762337032942
2,9012054401943344	3,59014461762458
5,191433635764137	4,451120010352939
-3,249013320227221	-2,9668596912745695
3,0128538621331975	3,4214257134063604
-1,2897795155654723	7,92486402345199
-0,5230905678922828	-2,9148144393859896
0,19321147705037967	-3,0561376213090243
-2,948528882494299	-1,9226766418762984
-1,1509325558487853	8,106304577766371
-0,36290787922943313	-2,562745282408215
3,613074630399286	4,257445360942695
4,318301747148153	2,5740171602096074
6,034514777132316	3,491716577980765
3,297417588658264	3,8835069232082695
-1,7279137874218933	7,535387812536199
5,4552654396469	4,3313299180628455
4,80862168719095	2,6007890276647534
5,463494483465402	4,475852478683715
3,0256831345739412	3,7083648832446716
-2,561350082968031	-1,1650603013870666
1,3552949256188251	7,003696468062027
1,1067809463728568	7,80349229955588
3,0363765272642427	3,898213590469536
-0,58596828546929	-1,4588622115459744
5,434689255615272	4,240655056359619
-3,2657950845164874	-2,7191996468503
-1,9432361852221374	-1,561933265556537
4,710372814933834	2,483771476432028
-1,0746919869443388	-0,9174911328628266
-0,6422616633970162	-3,95927316281207
-0,3948327346169888	8,56174519034698
4,214809742649847	2,5447890768003187
-1,921828955169583	7,173863667229709
0,13469607267410155	8,462871789027954
-1,938194886498351	-4,118204174478946
-0,5774809278554789	8,493668614712368
-1,027828225186354	-2,363610160302428
6,220489718273001	3,6499144044818586
-2,5234295962021944	-3,938563309251849
-0,7956012654198079	-3,2602953972764714
-0,22992601487822018	8,586998745971572
-1,333696626841475	-2,08220359490966
-0,49968930381690435	-2,095062818094856
-0,9479551761779106	-1,384564453052495
-1,8907205184934897	-0,9726130680583176
-1,887023968367284	-1,5385568707471997
-0,8205642123196482	8,139808495882534
5,9035599197814275	4,212036818759338
3,8997577885647248	2,7438308612700077
5,467390867857258	4,149466199328683
4,228327675617352	2,6854344813510354
-0,4209258457869338	-2,5632944093936367
1,5685028844071627	6,818145466969847
-1,7222567289383854	-4,132807764617752
5,91397882557525	3,749885429251069
-2,386315645580521	-2,1061924955510034
-2,4128071457392912	-3,1167702063693907
5,929440652429927	3,0671842356719403
1,196735610378165	7,819765638290025
-0,9856055059507549	-2,1581633133196942
3,2030470352501563	3,110160202217512
-0,4136191833571139	-3,7893390342036435
-2,169597026762318	-4,132765977518931
5,818357888787076	4,037244735894707
0,01253578103186992	8,519862976842171
5,691944594167623	4,100485799461783
-0,324637258323629	-2,3354832658727016
1,1528947070840323	7,50018456955109
-1,9796108998475264	-3,1436916123946963
2,891083466301926	3,5372226871649373
-2,5058800510558896	-2,316560697388254
3,884607923743892	2,7283105817850477
-0,9284956738990066	8,133381155847623
3,7420272348746906	4,431904699661913
5,116214071298428	2,6067405373013433
4,794833800772955	4,491085637052139
-0,46904918641201043	8,218811304658061
-1,9338054852608082	7,069345336557111
0,7649593389931799	8,083299298771973
-0,8791589326901341	8,341081152827753
-2,424550787859494	-2,111013779074491
-0,9392674184925446	8,348980186169204
1,30908453664712	7,161990600054924
5,230204027997417	4,308974071930182
4,404622007415228	2,535614529895927
-0,4660976750801617	8,307112106105318
3,823330738425274	2,7021858121547506
0,9259226504353206	8,002321390516364
-0,5915230042392321	-1,87712779795919
-0,9676954971569327	-1,1872535436627993
3,0287154429028282	3,4401902826276896
4,4975631963356815	4,407845671385451
-2,1975764840113503	-3,0605267321339547
-2,439670344014514	-1,2890497486852315
-1,3002397219656314	-1,1686245362216139
2,967352244698569	3,5887354392363293
0,1875533447669459	8,373879574463942
3,341614869076787	3,2042786198782576
4,33965518078534	4,496344357845412
6,092418370933821	3,4577241214890218
0,712585311577027	8,282475829655663
-0,5297486179526194	-1,875153289910488
1,4079681383210945	7,2307784238723745
0,02096073057105219	-3,5385190500515886
3,563019942451264	2,661562463538923
3,0176084117634048	3,6039459877274913
5,556177905522308	4,219190061206508
-1,127022867866302	-3,4247274327891546
5,941105618129468	3,772643453706479
-0,43619828650991277	-2,8512014940472246
3,5845111689361575	2,813107312744446
0,02233596550766398	8,21216657568775
3,3362299645931044	3,9636259933283613
3,409248507582327	2,882742066003295
3,3201007796327353	2,748256486985135
5,478852833713011	2,915211108425133
3,6087058854434644	4,203922314103563
3,3375399376867465	2,864136556760859
-1,2084945067838366	-3,321393121241009
3,9478318779068706	4,49672322526157
-0,09447611052073812	8,27378631537901
5,259482147709411	4,315184640362702
3,3805285063562445	2,954697228679871
-1,2386765037682728	8,051451829124073
3,0363436591928687	3,505524648987781
3,4871392848599143	2,8645227465719603
3,113906567378196	3,871148839615167
0,9886072710495344	7,880574087290418
0,4849612036699348	8,253148412393944
-1,5669594008401522	-3,57806528440758
3,010822025866406	3,6911053144206862
4,968658487859237	2,586281776127769
-2,3990131537125796	-3,947856020717244
-1,5796604164046186	7,980815467679642
-0,9573803750696324	-4,109170772534827
-2,2819947864893653	-3,066749660633884
-1,9697006213039439	7,288360088439395
-3,1555894209312396	-2,343787904184949
-3,063740975276974	-3,458264709817297
5,718086694998955	3,9835821438418564
-0,8406996806246747	8,115663003264617
-0,5738078217855596	-2,998057389255916
-1,793318488634594	7,064962904863157
5,964471405714988	3,8079404054689134
-3,152839379026945	-1,900877255153481
-1,2671216746985248	-1,6774017637325316
1,1686952711811665	7,554901775317968
0,5759248260953931	8,196073274050754
-0,5089783660073783	-2,132568328226417
5,852498811167114	3,8807609866194688
-3,012548369089551	-3,6841563864647853
-1,3623835599026353	-3,5262132696869917
4,043880930812266	4,462669411014334
1,438788351248033	7,1856414222793985
4,971887163863952	2,5111220268635392
-2,599121545115043	-2,563913927354652
-1,4886251404348134	-0,879381132828166
5,89108515304209	3,5874369853100085
0,20391840820886942	-2,5109888999380705
-1,2946019644278783	-1,8819498658808327
-1,5402079700193816	-0,96706678980338
-1,7874535843152928	7,131691527353609
3,784149069831934	4,347637265716761
-1,9945268549598028	-1,5732008879104316
-2,531875093225408	-2,495238234513992
-0,33916834298952603	-1,7470734008379663
0,24021709919914702	-2,559042107242766
3,084745777113409	3,2894678871708534
-1,2478488314073934	8,117053351673144
-0,5536323626144184	-2,9760069021694693
5,855801906191193	3,30577192641115
3,8475840352006423	2,6469430154647187
0,07040098450178434	-3,3447932418323596
-3,2612948591574504	-2,067430462918695
4,890065544100066	2,807147406848155
-2,1018412953519245	-1,6729337814386258
0,8066722652530598	7,990566611752161
-0,508969168214892	-1,4487885412037373
-1,62468205812589	-1,6801584069521696
-0,09098334019226198	8,333827345937637
3,618619319757892	4,536280753539179
4,155330508084836	4,463159932520652
5,25365646863491	4,271194718121031
4,738456042054082	4,417549830661913
-1,0104605827679112	-4,1187096418669515
-1,9935763145533216	-4,160663108419891
3,202760520558722	3,897655063675023
6,041478426173759	3,839527348198534
-0,7712480736937436	-2,9020349114110604
5,063076603030875	2,690643017263789
-0,05361805101987496	8,388031446246462
3,789791752586999	2,7667136749976597
4,832781177890292	4,375237116462254
-1,8549527492783233	6,894962302453162
5,877574665759462	3,6963831511059806
-3,201676425465851	-2,1941966542807383
-1,611994441810078	7,309056587782388
4,102468055874511	4,274651315258559
5,513708270579785	4,191217819527625
-2,7288944517388245	-3,5772842324677416
-3,1087679263184342	-1,757018769745585
-2,4555175636048907	-2,5123297510659386
-0,7015936759124412	-1,243710061923041
-0,4782285099181398	-2,795890245679733
-1,1316766171232966	8,209614453158062
3,397378902390364	3,0336041025068656
-1,0281082827357557	-1,1360880354293994
-2,38469788249669	-4,043868211560813
-0,9138285911141453	-1,2384225900009835
-1,0750655811666312	-4,051385747271576
1,2803050593487673	7,083416803265102
0,3943735074307493	-2,6192503528663544
5,530678270173634	4,205915996470639
6,041831004429899	3,7231668051207314
-1,667295204021463	7,637659228519175
-0,9508143176313582	8,214001880491546
4,543970104149794	2,6127458342272525
-0,0713052700814063	-3,6107151932602273
-0,3355488473744974	-2,2631772591151367
-2,334451900138712	-2,7724072775834956
3,9710957785465144	2,794390299818262
-0,14648584002687778	8,497523145129627
3,0711750955171064	4,078666354431388
2,9982698504959497	3,662238993980573
-1,82770691174941	7,534113022808138
5,958482064979233	3,4486246515685677
5,800423372563003	3,973846673839691
6,383435385122125	3,4821352903910365
5,998272571418154	4,1041767393947906
-1,1962791594487006	7,953417389612557
-2,7378421635934167	-2,2273874269449845
-1,3422827821954897	8,094872488010656
1,403940553012159	7,589306790279422
1,4575860226694055	6,951927526905284
-2,394861415460868	-2,107001525978976
4,68467781695405	2,458551057118852
0,034047687611421074	-3,3645719612886458
-1,2100239522217406	-2,335442730170845
6,117207283302459	3,914160760322644
-2,323569492443538	-2,109358485595762
-1,3021403109979808	-1,831848527972193
-1,4940610860955506	7,617678323399955
-1,1076612172350055	-3,2781811072334914
3,125068962707008	3,183838265516963
4,72292300978807	4,461651388648983
-0,6304381721131554	8,305931807636561
-1,09094577269506	8,042307893481052
-2,857142010239205	-1,3155072015829576
-2,476819738403991	-2,066956565971465
-1,6594858445105731	-3,5093153903401584
0,43076598840849345	8,319457736875352
4,954983656113156	4,307238745618947
3,28268142605657	4,345876400985717
-0,6531800829496553	-4,078719317095543
3,36093888782666	3,0922407142472172
4,873661105425677	2,763017816005483
3,1522993056563964	3,1127851146937866
4,636801886525332	4,628322083023624
4,088536977242017	4,292327343585571
-1,1357832286968335	-2,4103174289366396
6,067722122519596	3,755499812263015
1,4637972329207845	6,609105574786852
0,5030192227381642	8,279649159658414
0,3988766503323451	8,276316130648175
-2,2597938455427315	-2,0642873420621055
-1,588348039000947	-1,721859705897208
-3,2942942739916026	-2,0909012710836095
-1,5597500500477504	7,650856133430031
1,1154111069738906	7,8983108096339105
5,404448786060767	4,372235181028451
-1,0067783670021986	-2,3279061937696963
5,7827140644591974	3,0164735054764056
4,2035594357268735	2,5521016407854393
-1,2186978389819303	7,989234016055878
-1,1555957199308575	-1,9634996536252898
-0,8146213915617153	-4,1545949372946716
3,291933867019951	4,071661859788116
-3,0096472243901307	-3,1410076958970476
1,50028664738259	7,270289587187793
-1,8425325042337013	7,227498338483202
-1,6548337710631413	-1,5952190390282623
-0,5710123827706453	-4,0115020066193985
-2,610298943543585	-1,3160618416663759
2,7792849622448994	3,3337657736663364
-1,6559957157602727	7,343206692778554
-0,3064846860325179	-3,6746858486751655
-2,5059717169307016	-1,1794449732129524
2,907269976645818	3,3996746166854486
-3,084341775642233	-3,0586963455399387
-1,24874935069792	-2,405285742070376
-2,376236566966466	-1,8137079685755146
-1,865792778028042	6,694080314772431
3,736829012424263	4,41333781074601
-1,8484311754241225	7,209766763271379
-1,5720517517218024	-4,208562615735821
-0,1287408106512169	8,502552503772995
-1,8091042713115433	-0,9029526879751166
-2,562187896162566	-3,9518319566095528
-0,6182141482910355	-1,31343032638187
0,8960587909200921	8,066031093210402
6,251751320362454	3,2784970015633306
-0,42433295014687183	8,294493167067206
2,894510034336209	3,418679895627672
3,431734196267918	2,8339261913799465
0,537044690665097	8,278608974336272
4,964866507357813	4,458150811117755
5,768198140336553	3,8422911583438273
5,5811566960262216	4,105142538140042
4,302776555109747	2,7114166204668066
-1,697882286615572	7,413732949247596
2,9892121313777396	4,039544660733998
0,7405472629965762	8,060007737414159
5,5428624810364235	2,841461768494451
0,1420443220756561	8,385196480416122
3,436605280804216	4,267301324718855
-0,634771228607517	-1,6365183476888303
-0,8144073557118194	-4,03303249160261
-1,5707790885007866	-1,78393272390048
-1,1607208745437054	8,37382783009598
4,940624041877012	4,486565893362453
0,3131417310813025	-2,601526321019025
-2,4576100253144317	-2,921196486129361
3,780674799963415	4,304093982720048
5,4651184510006106	2,906333956458927
-1,5135990220686975	7,679237365578602
4,912207025399819	2,8200933115151043
-2,3688889854664916	-2,8893720344964837
1,3042466622851234	7,065273296888473
5,132302989178963	4,4652729083533975
3,8227692754633713	4,151377055363014
-1,729092513364411	-1,7957951253184543
-1,5001994180445934	-3,803819816951432
-2,2005064663700953	-3,3127873666232546
0,6409218131078829	8,170586578273385
3,1619530170555903	3,7314825482242475
1,1675153235043132	7,497809632059216
-0,6636999366586608	8,336936789757399
1,4111826344419949	7,476291287324271
-2,6360285499454097	-1,169403786092144
5,842332254709778	2,919514678635889
4,875010017782133	4,447854031266337
6,0148738551447956	3,392493302762623
-2,482637181255178	-1,2123125491677424
-1,079096449479519	8,121414043233072
-1,1637897056389095	-2,1767297211167924
5,573988976483686	2,975014116027425
-3,355671365523609	-2,2327782805330636
0,2563028111645482	-2,866572473296605
-2,2900471070314845	-3,1363375550402424
-0,9920611032313144	-2,2171946398487354
5,336083955814141	2,6725209431188413
3,041107868529084	3,418051787419387
1,3171022086647404	7,031194377665534
5,357408411534782	2,7345269390140534
-3,0021105663909005	-1,6429220723607791
-1,8635396305497838	7,173317412270868
2,8788966962970983	3,6854448780551152
-1,7797906805054384	-3,424416663102945
-1,5182335534196993	-1,7470465940033217
-1,4182702086579475	8,005503946289766
1,1971263210135474	7,746872076715011
-0,4393661950521148	-2,6925935111608275
-1,667096289832547	-1,0597981857077416
0,28036129135486076	8,262811186200723
-2,3499328070090826	-3,015293777961851
-1,3685488401292192	-1,910996138601908
-1,7939793799186217	-1,7441303739160265
-3,316732180876289	-2,1245868724028183
3,287217720679592	4,055419420875547
5,304731287215015	2,485788496299423
3,0980387823817734	3,0066960490136427
-1,055811043884956	-2,116638001007954
-3,1507421457905	-2,2018175649552756
3,0297202940657986	4,044133050261971
-1,2460751841097275	8,230830575757176
-0,5560097624765291	8,462828111249134
-2,2591292888578165	-3,015508536689268
-1,4074185123966778	-1,0020719466898775
3,353302668702736	3,073146706019587
-0,9788656506306398	-1,240883931869303
-0,1114278799251105	-3,527730194645385
-1,8831013503547802	-4,116876512105554
-1,5192019491229323	7,790138607424514
0,8018039252974258	8,200081863211025
2,867557509922389	3,271934183313048
-1,822739437806461	7,097719762370726
1,281782021965063	7,743832133222888
-1,8304160251095611	-1,7732488451053645
-1,452680545731655	7,6891967318392
-3,2595563983770877	-2,9869139236571254
-3,186468364867757	-1,6093634208720884
-1,4644332283725092	7,491813221160614
-2,8627340632960707	-1,1092263119123107
1,3223795021973217	7,481927776785705
-1,1838256656803705	-2,609172851841464
5,785166667330455	2,960016191483491
6,008876675071194	3,248730234664533
-2,6198259464724827	-2,7628683249120947
5,744805529691959	3,042231197050233
0,12356681381736606	8,269969183972188
1,4319626556332006	7,247222093712012
4,560491190122929	4,3853429079002355
3,995113086622971	4,419881748779294
3,0212766048523605	3,380066691370262
3,1130520154600707	3,3204549163262493
5,254566566512818	2,7402637117401274
-2,509210583647131	-2,8412807262358664
4,805669519864893	2,490287690682215
0,15339032538260183	8,351890424691563
1,5123261664505496	7,1096953419160425
-0,2494310322357639	8,286584249865085
0,23535110502537793	8,349025909628395
3,0198560280405933	3,86067568546989
-2,3785733864561447	-3,1713862632066983
4,75546667031455	4,532553549521821
5,902749936820667	3,116455219721864
5,890721448027604	4,014531623244264
5,828294495791145	4,041387809929113
-2,291260215556431	-2,8425007715382096
0,20356715032914807	8,251942477950697
-0,047428626897981246	8,289091794424403
-1,1533301869307329	-0,8583565861281681
-0,3041109774338857	-2,3796874572424223
-1,0870223688201728	8,179761406922026
5,973312180693836	3,188694020588626
5,812491031143031	2,9480654802509707
1,0833716874471009	7,728344061845166
-1,6791671282412093	-3,399656797386531
-2,0192461440171785	-3,132321075318444
5,274911516537866	2,6784901861275277
4,157917242459349	2,746019504566226
5,2638908409526	4,418268639947751
1,0326626335487434	7,842507281176211
4,805989130145681	2,7204587959532174
-0,4612818701157848	8,241333116959549
-2,464315635434134	-1,1059500078852367
1,3022580239336883	7,5227628728317715
-1,1457853629679402	8,181278190998238
5,904297664900607	3,260420301854448
3,2049080895168207	4,092783127616183
-1,534574297587934	7,688306105314191
-1,4976495698813084	7,884664109945464
-1,8617774784290735	6,7436763807195526
-1,467870742011202	7,706992120877012
4,543209363565349	4,5438715125134905
-3,019185850197969	-2,2232022557930193
-1,044068562060485	8,21980146056603
-0,7400724551833445	8,4970889383925
-0,02817307021039195	-3,2662435660035576
-2,544390368967309	-2,457065355121852
-0,45061215435730073	-1,8100650274945846
-0,7371945161066747	8,410491365822413
4,1918968445371245	4,490786090829686
-2,301950598956978	-2,1953065687120463
5,0428703323084605	2,7096541449027427
-3,3553407344736925	-2,8145152260954984
-0,5338347778167409	-3,923017573959438
4,206009175952496	2,5324714841367126
0,14481747049694538	-3,0884040445395327
-1,5447290081881528	7,930830024436483
3,443151939188086	4,050202929688639
3,0487222010846624	3,769313896511719
0,6503162549151154	8,391794531312021
4,439013606940635	4,464199744952323
-0,17254102641438424	8,46726452351119
3,34747469660348	2,7434329838769456
-1,5001806592417883	-0,9455162710562379
-0,9525950671241133	8,13220154876077
-1,5335561198091034	-3,543109703564504
-3,4057243157372024	-2,2641477198720166
-2,584623706363419	-1,146918336800364
1,105663945170063	7,728439908453564
-1,2854342363539644	-1,9411079245731049
0,2499234937360454	8,171903704718327
5,759735675691692	4,1105577920983105
-1,0481663230339737	-1,9299358509430837
3,017886817600081	3,8750141225282277
-2,5617479846172406	-2,346666475446591
-2,6083350895373325	-1,1754635472315722
-1,3533658866684009	-1,9486537597624978
-1,187396264841654	7,976642399045679
-1,3129995079712797	-3,5683495336589903
5,9418413720536964	3,845563417685717
3,465352175468074	4,139951145337969
5,146797103319558	2,8252989970256714
1,254322745704399	7,378321795126851
-1,3272075667071088	7,952544298669514
5,988959318337553	3,7960647103857568
4,352499354089303	4,528407339413586
-2,0064749322678157	-0,8953206098767401
0,12243809053873711	8,056367155115847
-3,2113019928914754	-2,202757892622677
-2,4324060020167964	-2,0111253261916064
6,069141062117584	3,2979270359852264
-0,3299989524129241	-2,529646500141924
-0,024460453607570765	-3,685575688829317
5,548112785551549	2,827711983396431
-0,38339400402079793	-2,007195061586333
-1,429376258235561	-3,560949850354967
4,652047161591638	4,323529568316469
5,576758474515486	3,9827834807241076
3,200462003433892	3,2771379017369915
3,4185413063309804	4,3052138172853445
5,398380638932692	2,8965945469622154
-0,2604614171568719	8,354860063208776
-0,9831777969857083	-1,220800014609852
3,4615329023483348	2,916038798762073
0,9128092519015842	7,848953449429316
4,014244081717612	2,852160874986034
0,17698066192911333	8,180142188383526
-0,8261071188171609	8,286770663835293
-2,0610122711178347	-1,1855119625957122
-2,267558356015094	-3,080655580551842
-2,55445380101914	-3,802972401296283
-2,41028138873249	-2,4103513474908476
-0,3358075533964262	8,356398530896103
5,59703800475373	2,876134610259562
-1,999710648400823	6,934288502589794
0,5654817190239654	8,157435408663696
-1,3868653398119053	-1,743225103548625
-1,7851268169833292	-0,940936669810525
0,0925940625214764	8,298118280529522
-1,306839266954554	-2,0498826478070207
1,2884099488024567	7,2551080214322665
-2,327500788694396	-0,9322779577933029
1,097800455186772	7,8409120840579565
-1,4588863966566117	-3,308203262087858
5,88946152454424	3,7682765481528184
-0,17019338669896023	-3,627880241122243
4,872370011232919	2,5843063371816735
-0,5213893660425888	-2,0601179090215833
-3,2364880260437023	-2,2607812265890037
2,8714535989779533	3,6230856773649642
1,4070129321879956	6,977556328230471
0,8465572188254498	7,9409042885585235
-1,3392343110797418	-2,3064668308198444
0,660124456516497	8,219338464552614
5,976853823213132	3,013851325524064
-2,196163692680061	-0,9828594907486126
1,2236549652948623	7,445272326980631
0,44326635151790317	8,227392645020371
0,3892946082122646	-2,6890436711974894
4,390816956095098	2,5977739059653526
6,045777338925893	3,8821188862856957
0,8002893152714423	7,938708056502193
5,879898138200161	3,4910860136597206
3,599263337287571	3,01935600497342
-2,710216655847005	-1,3503910292681733
-0,4569954928597788	-2,8412417231461133
-0,43693620837266933	-2,2164046317024773
5,568494780762688	2,8169703108394772
-3,225908033753922	-2,7113075842630088
-0,5248413588439098	-1,497607427983361
-0,5541064061052683	-4,022625922560458
-1,176995333069755	-2,1617914914267997
5,965860511717681	3,495810417634568
-1,6473660148082998	-4,147038754497782
-2,180427885065403	-3,3609237187792003
-0,6857555353392228	-4,104553156382279
4,223561955955679	4,362021099648337
5,817509978200209	3,032514604502148
1,484296047720852	7,367158605995348
3,8879475680375775	2,751147534002719
3,202161168793716	4,077978419613023
5,578492832698149	4,083326108006139
-1,862559807442875	-1,7730272753889236
4,073445256346235	2,7780254757298577
5,878706931260937	3,6647498315089604
5,9767929164750235	4,155504829183862
0,04802011113507021	-3,312392220228521
-2,9528225860830988	-3,367402866907098
3,3020914880548027	2,9504874097059486
5,744996949489404	4,242362725475613
-3,0236462806489457	-1,814996279455929
0,5940004783817084	8,269114336323446
-1,7947543674622406	-3,5824955176207354
-1,2416255735019006	-1,9439066524328767
4,091174446326237	4,481235450897219
-0,371246353660291	-2,4550215178662844
3,3521073115623334	3,984887301052539
5,92856011099772	3,288655580212378
-0,28493325857618096	8,280086465141355
-1,2663760878949173	7,9399467314130705
-2,4636575192140073	-2,4198102638420136
-1,2087449304779811	7,949647757905401
-1,398558634610981	-1,7901166974082336
-0,8071825644870666	8,289659594224286
5,585748366299317	2,9775075532278548
4,495968211932054	4,554900121015413
-1,662233215699624	-1,6723190348005466
-3,0927323120277093	-1,6050546377164503
-1,0352245841499572	8,156048081105801
-0,7461675191540665	-3,255670860768287
5,956538798945549	4,005773790519946
-1,489980694417631	7,456065780568894
5,906315055006912	2,9417226280749866
2,931051824407309	3,5414965674795953
5,835501246425175	3,1223048482363436
6,072877716341872	3,7169809568058314
4,223127141762189	4,295060690764231
-3,217470259236535	-3,1549626514853255
5,972510276382831	3,847268687972141
4,083553837036547	2,755993201000821
1,498399555475933	7,435284791712611
3,270382518699742	4,240309370831735
-1,3545389560964551	-1,728226044668073
1,1962510199634133	7,652946307520104
-2,5058982567653176	-2,611962948474856
3,209735513583488	3,887122694031327
-0,4815974416618778	-2,73395382789482
-2,370734632369775	-2,044631655755893
3,5736454952002177	2,844191059343949
-1,0737932123898748	-2,005320785675311
-2,1199028984902437	-1,0256815816235882
-0,750467563819317	-3,2091993888527366
-1,7935793186272038	7,066639751669915
3,6271217811818603	4,2730275954502455
3,1254582347498996	3,235158522109259
6,01850346092638	3,2697481134324877
-2,3792727486650165	-2,599294090835725
-2,299260834193344	-2,755028796477664
1,326577880328045	6,849388423949361
-0,5147409580379352	8,251849329359777
3,6794513688586563	2,9014965793244154
-1,9615746739256243	7,0452106274138995
3,1581503535028292	4,0322032907229515
3,577995322929028	2,6454609448851047
-1,9020237333494063	6,705063747298696
3,0297502659625346	3,2655589467594823
5,646920357297329	4,196530074591132
-0,17228120256685697	-3,4277639067182437
1,160268600756113	7,478332458482911
4,762075024788634	4,5750910821950255
-1,3609332428841958	-1,8713941756881176
1,2325832614906167	7,532294439708217
-0,07054393820483673	-3,571587437748062
-1,6396252494048644	7,00342098948324
6,076020685909258	3,7136959190927206
4,566880331665257	4,443272115955137
-1,566876454280276	7,5578593635727245
6,122951659283766	3,4063165448105805
-0,9510385465571274	-4,1009098645351605
3,9689382144709717	2,710526225030055
-0,7520639671928634	-3,0819621329304887
-2,0580988103351805	6,924800015547524
-1,317590560557923	-1,0333098086957566
-0,5906538941161759	-1,6469221481436214
-0,41532161851799554	-1,8823104600764249
-0,8344469287277356	-4,213553750351998
-1,6677420305144002	-1,7324267051160218
-0,7407566785223516	-3,9974365305461927
-0,48151772061586295	-1,6585962723038707
2,817495437229484	3,709478618974147
-1,2264716537648754	-2,5184401662816667
-1,3132418081381108	-2,1431880512411805
-1,9199911420045284	7,190124289868259
-2,372466044863552	-2,0289708495464223
6,028626133729039	3,9174679493799185
-3,171815044722808	-1,94595233943086
-0,603892457281473	8,195451545210085
-0,7072169074037288	-3,0039376659595063
6,085635641176014	3,619071132400199
-1,0803130961328984	-4,093442100185912
-2,474673378403515	-1,2107158873151223
-2,245175631147468	-3,195896889495841
3,6010450076729232	4,347941677841884
0,30994070571117716	-3,0559407384608432
-2,605768115422678	-2,6139866359998214
4,671988881915098	2,696444478123175
-1,7817968393174448	7,190382578123575
1,187929621615194	7,4670902398083685
0,4114782182348976	8,265801307760462
-1,4033796636482985	-3,4123872035094793
3,3192718370766423	4,098955559951817
-0,9780955225614683	-3,505628538269467
-0,4549591904129253	-1,7231066533449964
-1,8687662775502456	7,25370971048098
-1,8692183770030026	-3,4909658617661865
0,2855515655315001	8,42559113959774
5,95541767179874	3,132755252825717
-0,5592490620643578	-2,4614291425553065
0,04628044981684587	8,018347793416718
5,564390608690271	2,7246865559361564
-1,78622828754979	7,325108246261143
-1,0808769119747896	-2,0760677371245895
-1,8170799876079191	7,443833889275329
-2,17148855372927	-1,093806656151545
-2,1784500674123044	-1,8139787024962704
-0,9992795338618508	8,29881317620042
4,590873494924107	2,5261594992845757
-0,7253853717569984	-4,036425095901532
-2,5528761887354054	-2,6214450261213265
-1,46287781478379	-1,8413822446599188
3,403585292158588	4,217992203768656
0,98954003781878	8,085010277282947
-2,3068904824639125	-3,091098464259841
5,201849120421122	2,6242177975524843
-1,2753432981695054	-2,1394395881327695
-0,5919373201387725	-2,5887662595737417
5,5853586921132745	2,8513381778767615
-1,9443137787711195	6,897085280181528
3,0795302960771727	2,9591056088239194
2,970678704815133	3,6317289993175295
-2,109921686633397	-1,1553065530362092
-2,4079051429950495	-2,3335695060954498
-0,509946163924107	8,649875032579594
4,829326550288806	2,551820069492582
1,3322131726697384	7,0421595442873866
4,108857256282934	2,4778915618927395
3,0550791395802808	3,9406676641464236
-0,6289047956998102	8,265843259459489
5,626936864789337	4,078590323394085
-0,6521589431121184	8,329082723914004
-1,7985356641902885	7,059752607883887
-3,449502144164178	-2,949356540706533
5,41681502885872	4,386531042929106
-1,2723035103882567	-1,796053312766002
-1,7796008606274374	-3,5647994958196874
3,656941720127482	2,773388396774918
3,5690660763116893	2,872419551719959
0,5619637075339453	8,065505849309018
4,040407305480511	2,7745538140407433
-0,2825756490141908	8,380861520348
1,27155564530577	7,0398394160518585
3,084849586848367	3,378946588710838
-0,8128955956698809	8,061451224692908
-2,2633738830977435	-0,891248339525881
-2,778809533551467	-1,2165178269902575
3,8800704554118877	4,338727382247922
3,2460853300342074	4,0715796257323404
-2,3814723859027596	-1,9674380900989177
3,9495103647452603	4,39854918399967
3,093547370441823	4,037539238147673
-1,9491764527011561	6,855077240387917
3,460969065876644	2,9276590289690034
-2,6891329984703303	-3,655691906086044
-1,60453126508461	-3,313387532136681
-1,263102045438405	8,111228501478381
-1,2696433588780331	8,043381568602204
3,169565221569873	3,0186908165669086
-0,7278098099958881	8,157374711967524
4,503722540730904	2,6200353647304473
-1,3167257175670417	-2,039798289673441
-3,219073666208627	-2,304092460941165
3,0220686065180105	3,2747416890882977
-1,2156218457922683	-4,319415362872018
-2,5701743737482765	-3,853322974016389
4,778781558437428	4,350247783495169
4,906019785890025	2,5342287156880783
-2,2439095618133473	-1,0388550307290925
3,247487161339257	4,0889483392402415
-2,073772776089673	-3,318918257533485
-2,3653115625860073	-2,1793021031562065
-1,0570323792541847	-1,8486350728797953
5,291636260589682	4,400192826459025
-1,4397113227643723	7,579048655482197
2,922772309209112	3,5668190018078834
-2,3897223891214967	-2,071414516245512
4,221614211604111	4,4244011367265434
-1,8218078647070703	-4,091016525251362
-1,829630561545377	-4,145516941911304
4,858178582770444	4,469466982187647
3,9709875281861375	4,392273665064312
5,123696884642576	4,373245634020628
-0,446918859119132	-1,8664611342577728
4,846247413017608	4,449724312505055
-0,10611565598300765	8,444733546242503
2,666744258003977	3,8203702848355743
3,1035352176056525	4,073241640927444
5,7322309215991325	2,9400881023878607
-1,858905694766832	7,117261518864882
-0,8253385281610006	-3,0302396881141744
0,24862637832628304	8,46873843339237
4,0794360851979565	2,6272429300582845
0,25663235385586325	-2,3844392664392253
-1,4659795474569532	7,934698812421501
-1,248659426421746	-2,264692964586752
-1,0985209326645728	-3,380561312706902
-2,4338306204942093	-2,314601574098174
-2,751193913414798	-3,4921091194805274
-1,8697079300753845	-1,6394959175115922
-1,742472724218294	7,243973703097156
-1,0350874034226056	-0,9450761307511337
-0,637857494670816	-1,9043672953117807
-2,3379324950502562	-2,093479671133388
3,849998497644121	4,389550364394542
-1,8661584894504284	7,254234953352884
-1,946817854127947	6,846329649408776
3,9068149830235406	4,375918078328038
-1,7873715130892371	7,441883583791356
6,205945902128183	3,3629136880483217
5,512212945285396	4,469915593045425
-1,2430526931274282	7,984635786418961
-3,02272535994327	-3,3999479588019073
1,1203713018142858	7,737427674173492
0,9454902392810385	7,906364294728642
-1,1558682071017876	-2,1720829033187377
-3,0186702214056083	-1,851696182962739
-0,439433831521459	-2,585747692365452
0,03147933417386828	8,348508764176737
4,8508751271135555	2,6917945705214006
5,489896813208432	4,303995271133772
-2,052348826474367	-3,3396549330902134
-1,7812077332068819	-0,9848528669199255
4,203610925110859	2,652934453004169
-1,9253398427752337	7,250382076908263
-2,4524554611708167	-1,9757018067177459
4,283352805935433	4,437947105300672
-1,5999308565706865	-1,6780269614136492
-2,199260707012071	-2,9926359457032463
-1,4670178803724847	-3,2287733571217063
0,7594459479659779	7,850758188287918
-0,9587396309703756	-3,3389943422232116
-2,3410088080142124	-2,240177589987155
-1,537565220049455	-4,174337437971373
5,712582776607057	3,92629247384206
0,627063156073824	8,219133943019655
5,216735556756445	4,243226890030527
4,937953356564555	4,683890095565497
0,0045626452625034675	8,371133937463341
6,16167687895995	3,23335561298664
5,945766801559085	3,8995869448547587
-1,7524657211952113	-0,8955830574015398
3,912870287075738	2,5897643058838655
-2,1274449647374363	-0,9702114489251308
0,9954141455349401	8,170756712266929
5,582635576476815	4,410916491488312
3,521631909394387	2,789560366161284
4,61563366522227	4,452240575898644
-1,234952880876843	-2,3642506239268237
-2,7473887714904492	-1,3020811470675429
-0,7919969764863972	-1,3807126059502879
-0,665381566259692	-1,826889028297889
3,4025298156806043	2,6356640476624515
-1,3221918924406384	-1,8055781176943313
3,6783219052855434	2,7236848846262616
5,455935742791913	4,35414902438652
-0,9854184186073849	-2,016459942695589
3,4869088187462927	2,9505477612360567
-0,8906776004190035	-1,4128738500969924
3,128269982215499	3,839285898546156
-0,863326763276471	-1,0965003879148785
-0,5671199592034457	-2,7590415357162694
-3,354398036266962	-2,6002834475087964
2,9397144843826206	3,1350493957248298
5,806067815967961	3,6818210812417913
-0,4644588212074175	8,396337017428255
5,787071357315157	3,9007676961216182
0,42608396266993376	-3,0591835981370012
-0,8211893160012631	-1,2533084139009087
5,788181122008886	3,7601671425265173
5,179665656051143	4,43686765168135
3,392989207015731	4,227939456404536
-2,3403731485764103	-2,135413103251649
3,4303289481962573	3,963404986140796
5,768763421176871	3,0937486274616974
4,056455875476185	4,456380126817615
-1,0516390946754326	-2,2119405768692246
4,545735284335169	4,573717822520074
3,22566593465268	3,010513476354091
5,989254390093824	3,0962591066293355
4,415787715069718	4,420271324277817
-1,3300773958198893	7,738559812185219
5,1448762367284715	2,669688551894147
-2,190352218511368	-3,1798885945057607
-1,953224128360702	-1,0768271712426472
-1,7992898577699874	7,317387996603861
-1,954154014069712	-1,7711371908658489
1,3025234686677183	7,144251445832348
-1,7795373992487051	-1,8106820209897583
-0,8374075761202117	-3,151764717793171
-0,5330402039349553	-2,6566180416953604
5,82717427897094	4,012102593165584
1,4520381212552285	6,751096157978342
-1,2282266223733929	-3,444903621904622
1,1708408727416055	7,689145150432166
-1,8945443344496387	-3,479923280995136
5,819257361217538	3,930705699788009
5,994502862511965	3,7429883434520685
-1,537298838188785	-1,1245797903046912
-3,306046916356955	-2,5517042592551173
-1,0056069655463915	-4,095523296547449
-1,2170427218685171	-1,9427235518506718
-1,762116695454348	-4,082685642029985
-1,544673968013015	-1,680857585577673
-1,1381448920196449	-2,441849667532694
-1,6331554985243915	-4,197071776779852
-1,9004636039207015	6,672508203020902
-0,9961802896570855	-3,2081047474638495
-1,2105767882354461	-1,920487878934442
-2,2650190261550964	-3,0387336102168163
4,376737892534609	2,51751164747931
-2,3214075984270552	-4,026909013397047
5,726866873389936	4,197453669703735
-3,38415612129023	-2,711576647928603
-1,7785429259225753	-4,232224816655696
1,2032877880767943	7,781901353796633
-0,8236520804995809	8,273940083972368
-1,58741792155987	7,73396571058951
-1,43688275389289	-1,120503102320694
-1,4418389416743558	-1,7270000486993766
-0,7491760722768992	-3,047091911884099
5,34545122394506	4,41306103877991
4,690042655119222	4,4484455796965685
-0,25715024094866	8,396800165086029
6,210877110588979	3,7662482028943534
5,838439919436737	3,1478798556857397
-1,1291482361271328	-1,2073096348787964
-1,3469717741631977	-4,214665387910593
-0,09559708240866083	8,364803797826953
-1,7166920661941227	6,843590332874028
0,08771651677333231	8,521638568399673
-0,6903339047357451	-1,4989075602018616
5,519121446349132	4,320030199312908
4,993264435769193	2,6162358573407407
4,500065604861875	2,5179557012313376
-0,525739562720984	-1,8218682102533774
-0,4243688979579181	-2,519887942280715
-1,557400140933182	-3,455869498651311
-0,7287011605089012	-1,4596433005773448
5,659613326648593	4,23104261225779
-2,0975830623729026	-1,796497580950925
-1,1336489272532932	8,217766156548818
-2,78911651117039	-1,5272647495089966
5,400461795166166	2,5808220680061353
-1,6546036103653567	-1,5723339036565622
-0,4350298627801167	8,424734709180894
-1,5664159053450535	-3,427786374057638
-0,9168355806011269	8,151062467861449
5,898868287471513	3,367877924935576
-2,480526851024372	-2,7672227077685005
-0,9633125596495968	8,448990753200684
-2,269662930873687	-2,309344541053722
-1,6461485478501228	-1,0498386823326076
5,945449796350748	3,52176273998702
-1,3968964672491286	7,623221965049335
-1,4797351168815316	-1,8656266390815825
5,707830795936434	4,00998251951452
-2,7315042905826132	-1,420970014021463
0,12452111432064888	8,453192083959326
4,992162034363571	4,409332920479779
-0,9516765220587219	-2,4441022813130413
-1,8900185069731799	7,173388121590179
-3,341741691695372	-2,584496729972033
-2,5909053189136904	-2,618753435414653
4,743586579032259	2,4010100619633015
0,6624365413965072	8,264344859340529
-0,6336076438195269	-3,039671257593823
-1,5086707803295212	-4,18331847994065
-0,5033200833765301	-3,8520340497913934
6,1638341422459	3,2990593522111977
-0,28706955444359816	-1,9624105807867398
1,1606192792832069	7,474012050452918
5,958335370232902	3,466543965684781
-1,8107644909409368	-3,288708013837047
1,0170145599762614	7,792919240673662
5,984256508360234	3,4733688088057675
-1,3366741356692757	-4,120761364127539
0,9432520332480794	7,711440906956706
3,0377527601446563	3,1924013967694145
-0,794549690863589	-1,246001565843035
4,0861966796963545	2,5846075385171274
1,2245787304744156	7,848931463408689
1,211956181386446	7,598445663872101
-1,1611823820346916	-1,9510385835107487
3,0509271364350536	2,9682155241966885
-2,5497248571470434	-1,3277629142338276
5,5963409046910915	2,774870078644882
5,093164381033212	2,6313470083170323
1,3627104900132772	7,677147171324947
6,045009051438652	3,1647968195244545
0,12423199696938447	8,380354602300866
-2,7622321412020074	-1,2134003888781093
0,8983091081962054	7,7830111841151055
4,492595117739044	4,5220076385394155
-1,1820531939416328	-3,332685774101944
5,987613093756659	3,8302215431911173
-1,9547430955451723	7,129061710392824
6,185656849349771	3,4392488739928435
-1,6899095202187753	-3,5257669327211865
-1,8016270382472523	-0,9111543594747229
5,96153644013916	3,339659433560965
-2,4020750331587326	-1,1048896772287382
1,0510255046148662	7,943312714119374
6,056792719034884	3,393301262370144
4,16863695438524	4,375013241847788
6,096318385444066	3,166059464249723
-1,5963559281290896	-4,154266096266144
3,1509436528732846	4,234827907843311
5,342874417729302	4,178660380913741
3,0722900522462284	3,9329048077522337
-3,0923651597008153	-3,403444406814306
3,8698075681574964	2,841442806509906
-1,2566619884967807	-1,807076497988199
-2,370817332866496	-2,2353068419018003
-0,593230283454231	8,412433365561524
3,672367324539679	4,280410105606162
5,875813780578122	3,9827660318225804
-1,2142786421505445	-0,8189072928837695
3,540966143321886	2,953279943684908
-0,9297739461143566	-1,1745369574339144
3,1076290742776127	3,392537843412984
1,5851495214393596	7,183454144104826
-2,293231577886907	-0,964683496629102
-1,064316551717283	-1,0236058487406912
-2,934120654540671	-1,7687934162553716
4,361010012076001	4,623324192564738
1,487675110448835	7,468933026413709
-1,7137712949743755	7,302681637118804
4,93251952439505	4,374881309809678
3,456956224755783	2,9554506586012876
1,1527705458873407	7,881691656953257
-1,6314519095174327	-1,6909174763625465
5,244111161607874	2,733582651060209
5,206589669817522	2,651254311314938
-1,3796064672802024	-1,7136808680278017
-2,1261499485272917	-4,0513566714995095
4,443407257255969	4,4221847893139445
-1,042175261243896	-2,2988271969512946
5,304917318729394	2,668839189998862
4,737001385806121	2,544927330407543
5,075094740747828	2,8422405274227436
4,4322056790684	2,6770422673784315
-1,0299940087236221	-2,290944502045145
-1,2593101499436659	-3,56020807954004
-1,9377946124603427	6,75832232633048
-2,3718410649646047	-2,6173379524468703
-0,6631388104375944	8,299542967882338
-3,011865293268709	-3,409726546590789
-0,43290510450826036	-3,798628746640419
-2,088012780818475	-0,9894441352740715
-1,044550328067075	-2,283111422153335
-2,1232394415328004	-1,9913254077590183
3,247010220449087	2,938888507320895
0,9067180567232236	7,809752545194182
3,0080229970234917	3,3124806723170375
-3,1317062485588276	-3,225819118779165
-1,046683525969201	-3,4040355561986084
2,9656658343049216	3,920186899646961
3,8757029506844596	4,42847459734446
-1,6725787003236885	7,154896143624669
5,898422480272446	3,870121951829066
2,90622342775454	3,2617540910521923
3,3466845321929837	4,319748159592674
-2,2857677452753333	-2,100162145046108
0,8032941038698354	8,07050133263855
5,859980052608896	3,8241208555229274
-2,4728215721027125	-2,0810402854704653
4,949661217892467	2,682557609167247
-1,9029048108418052	-1,627575717075595
1,4881420579232871	6,703810916786274
-0,4182322821829405	-2,891157942554999
-2,1513258609084738	-4,20567806535095
5,74258515076499	3,003684429842794
-1,6448465338483602	7,282973086373393
4,265803270734312	4,415222556110673
1,184420352103933	7,854383996195799
-1,8213591296474836	7,345854128514192
-0,1586964207814754	8,393721007812676
3,953783643643958	4,420690457068588
-1,273713475694659	8,069100428977123
-0,38781691582190314	-2,011972831416892
-1,946778312702824	7,540825352597352
-3,262404162085784	-2,6470022527847044
5,46583681006544	4,335753618674002
1,1886404086764968	6,933634094819386
1,2374599665735715	7,504923931414775
-2,3833181332891407	-2,04671829294479
5,172048074553721	4,408292394372881
-1,7229279695004283	-1,8125178000371915
1,0869735819635071	7,785897715943351
-3,1473958640479864	-2,1094292250118514
-0,9799820856259751	-2,3086185003767214
1,511264646406273	6,790558723478608
5,770441196622832	3,1374861904876243
-2,069223526554809	-1,6538285982529284
-1,48281965472854	-3,46734261733842
0,06218502841716589	-2,8520345790110917
3,415480451677253	4,294580102927452
0,7656653131160698	8,079713167265162
2,9051482072330277	3,6303156169828976
-1,1983021301664616	-1,89902669186818
4,13471639657946	2,540529708414713
6,021045413082506	3,80398845827441
5,5121067362303116	4,129517805105623
-3,3098895442993195	-2,9939218841392865
3,3740385032562346	4,285216933807201
-1,5737850886334055	-0,9889391878134597
-2,824423130169806	-3,577126253817811
1,4511623704613668	7,140812516299082
0,6118863459777073	7,819336910170846
5,653904116264495	2,772005863451947
-0,6660341237274353	-3,014596493858223
-0,6571306350108668	-2,963029663002474
3,6029428562866865	4,105629315037254
3,2837600321622644	2,840302632928926
5,4763896312005444	2,7972494526350613
1,482165564272801	7,022301603215947
0,4315534724298131	-2,801588684170883
3,3608285441428025	4,250318557724177
-0,5359220217848479	-1,782675326049267
4,5867802448732595	4,494340487811204
4,5587151324665625	2,7741907531042127
4,38736976812639	2,7396675889120723
-0,9354444369915377	-3,274608772003146
5,799852368072379	3,725101073394699
0,11839546232867215	8,539954085925135
-0,19746791710297645	8,483186740208579
5,49303034389073	4,204614639182324
-1,33655479927401	-3,309988075696479
0,29959766723374315	8,235631988325087
0,888637246938137	8,03525616843071
-1,011164592553733	8,088553952037532
2,816862396504474	3,4117765903850565
3,036886270886743	3,6914730952423063
-1,4842293778675013	-1,9049568650291688
6,018340874980616	3,1769111512311374
2,8964804020556865	4,155424517123864
5,321900651138493	4,2642006733393245
-0,3038459179401859	8,430592425195403
-1,170315681205401	-2,005150384509447
-0,30546582827411783	-3,8050408644022533
-1,4688366237114416	8,029811141648448
0,34135888057285635	8,337028639927432
-0,5199903320260194	8,299101986954522
5,545557682710113	2,8347443332809745
5,6017583222904355	4,246544179538235
-1,1863389536414717	-1,0572555557668493
2,955847019191554	3,3974080867529834
5,596997021161493	4,210340965356147
-1,3878023018992864	7,835673244899232
-1,931439852204746	-0,9592676562290583
-2,869604489167009	-3,239126939893365
0,6790004413713675	8,150217731046773
-2,514111179384983	-2,4396911534717503
0,42670814242160926	-2,6846505931335995
6,078190405383492	3,7376238841596328
-1,6516825051860609	7,208261160876247
0,4487221710642534	8,210186143158346
-2,8800480688533745	-1,3344869311738843
3,860566233320501	2,6441252446474257
3,710968637169221	4,326082053650572
1,3587935838990914	7,359514195081057
3,9571507550858387	2,74325431172943
-0,5484612244669165	-2,7041371923324453
3,608615040557032	4,293857939422447
-1,065986632309913	-2,2150598857212667
-1,5807259228759656	7,908575206566158
2,9510754534782193	3,276202285189057
-1,230296569949928	7,977357524354436
-2,0178171880642006	-1,112619304467995
-3,17201740319907	-3,134595321701791
1,0454304865190882	8,00187491069569
-1,7334986820222476	7,506999019655265
3,993359923305246	4,28309054001188
5,202789927206043	4,482603985562212
-1,9179365568577609	-1,6332729772677086
-0,07467417133308588	8,420321898001033
0,9496264283927554	7,912473786381833
5,479173645277591	4,088696386011821
-0,18059083472260617	-3,9238292245229105
-1,3099833256277822	8,030305092565762
-0,6458564680097096	-1,2963610703685422
1,4472725143427496	6,896004464059824
0,8123008667628402	7,9660674968998855
-2,751749319651543	-3,4743333267657466
-0,2429788868013567	-1,7829430768389125
3,0584267154288285	3,501247678205625
-2,3167810726260263	-3,865440787222914
1,215074857025502	7,532923732800102
-0,267841773116573	-3,763910401944467
-2,8294796202203285	-3,396433747686667
3,391708302255685	4,193336538225364
-2,6709585468405477	-1,2532128475710567
3,23927166447229	4,1943923228742035
-1,476480768581487	-0,974068135884584
-1,8408412201568227	6,8569728432178625
3,4198106306180063	2,897588036377643
-0,815034766532851	-3,3162136920758942
4,4047191088542785	4,255998416112174
3,1159661126711398	3,016709211311075
5,178780212175926	2,5920473485862066
4,376241316421404	2,610215910863473
-1,408025497144058	8,010922271442114
5,383984456400602	2,7447655913105713
6,028735226771598	3,694816091773013
-1,6979209432604947	7,41670474874629
-1,8078457834516877	7,510341120960312
3,918499733597849	4,2644623199991685
0,2806813381174724	-2,5313243762426265
-1,8075128717716824	6,898786170263551
-2,1554566928897234	-3,218107965221814
0,7973345632667885	8,210763483522669
-1,2206405147406234	-3,4453591166645907
-0,8789976926968568	8,20742149103902
-0,7181685871692974	-1,2150006129722177
5,457883230440021	2,7034371452146093
-1,692043009555199	-1,5618609360218674
-2,3273722008685875	-4,236740659482447
-1,015919869070649	-2,1851074168907503
0,2781825999138048	8,327201015474536
1,1346042679583335	7,957499184206062
-1,524407769851251	-1,041143894113569
-1,317892010466268	-1,9103373479153707
-1,0450815418193127	8,243330891381419
-0,7706590943348116	-3,139511217170117
0,8698494665491974	7,9046708298617645
4,590207409237853	2,7208116715290105
-0,7433141787671779	8,449833575874694
-1,3422428778569824	7,922022456671854
5,620576550132768	2,8930116802658015
-1,8455261918387607	-4,199365521742974
-0,5067157557855366	-3,087161137930276
-3,333423592420827	-2,1801003415894167
-3,2272042115751733	-2,664720572676707
1,324565766108257	6,885226823757309
4,972222229551239	2,5724809261519095
5,368188869235372	2,914694463837383
3,0750922337070765	3,1625371841008447
1,3326298799319793	7,689000964417248
3,9133216038982486	4,340177846964259
-0,42173481297440674	8,403630766230286
3,2013525009011143	4,188386480611132
3,0988308730413214	3,048210230177888
-0,3027357668931223	-3,735315744837447
5,9421991615908905	3,2653857468805474
3,0985279687568665	3,887132940862701
-0,2923958598601484	8,470348584732244
0,10776508894733317	-3,081083135753853
6,161343516458177	3,7934173537898235
-1,263168443156838	-3,370903147893612
1,3382972696630389	7,537128640833994
3,491305962170511	2,833022373868962
-0,013679064790501183	8,524913984965407
-0,6116296164989192	-2,8422178058584806
4,465119483420994	2,689155088899499
-0,6624037216963885	-1,4323370888925862
-1,6682554719337175	7,6510459995914095
-1,8800031010235458	-3,4100503603785937
-2,0543521815567507	-3,3971676238616464
6,0336944883011725	3,726520844147113
2,847855560170335	3,319856673292541
6,138242779428957	3,402805964012657
-3,321950372191771	-2,437713776050156
0,2927965770471376	8,412716061127208
5,371039019593231	4,470907243527061
4,910632587776675	2,610625128221449
-1,4305767290470945	8,03048839793248
1,350184478606461	7,053171376415132
4,1780525090102465	2,8786622879515344
-1,3339579858281836	-3,274799274814971
-1,4609250204138133	7,798408673734638
5,958111168641758	3,627801488226574
-0,014607084990814478	8,515574122093208
-0,5707478705125784	8,470597659749465
-2,4950059661481134	-2,379988393554848
5,611511020005075	4,325355710466183
-3,302587173595712	-3,009587487758057
3,007778789862125	3,683767302798925
-0,28400437337876605	-2,05524744901755
-3,2024809060769455	-2,1783160457068416
-2,330346132630231	-1,1139442988959019
0,6635045820605481	8,047288853797571
0,09194732834660685	8,286518244500611
3,8149229925440693	2,542847690457722
4,779625336594728	2,826955925339128
-3,4884948449026245	-2,898333590359838
-0,45399974186054753	8,468758052194682
-0,8562142111350216	8,153004773478054
4,518071820767631	2,7882661757121614
-3,369010651674091	-2,5883233894670568
-2,425819513203032	-2,962498593118993
4,822568276692989	4,348260414515563
-2,6722788028934428	-1,4569733425982219
0,6307743413808203	8,012299213975046
-3,299451738896882	-2,5107600268405306
4,631620290377778	4,5977342504176475
-2,221273235244314	-3,959583137373186
-0,7991851925109228	-3,1061745934658207
3,914340293085518	2,6737071782188155
-1,554816329974001	7,927891296747317
-2,292821358533379	-3,0243714665944315
3,255327247620847	4,235964528777207
0,5233786340652142	8,377399693270805
0,09885850415995678	8,315786373253427
-1,1546472432828123	-2,11119402375368
-2,413494486936366	-1,2189881301869192
3,973839685469065	4,45421315653685
-1,6669556525587346	7,497184506049082
-0,4868897188271177	8,599688469043043
-1,7488469515939644	6,876091581485327
4,456338837652146	2,62409919277233
-0,8126377808229588	-3,809222407500741
5,315223812662268	4,3578963983116505
-0,07780969395170384	8,393311943674972
0,30575122840346636	8,355551979799166
-1,3287665161264974	-1,7937440686446546
4,777848546576729	2,7927928053776543
-1,1475190432305549	-2,4279858522270565
-0,16428384467750679	-3,461584405639065
-1,8869795357854788	7,149019238417332
-3,286446926313593	-3,1962344974744763
1,3188470759223128	7,000279731108736
5,968813814375258	3,240494843638648
4,634273080675894	2,7162381819319705
6,202286713297969	3,8058729186923257
3,246869625932721	3,9983659657262494
3,2538634499460906	3,0387534923877486
-2,4551980870522696	-2,618620696640321
-1,3072026340560217	-1,7058444116480893
4,231459084673901	2,7235357130417635
-1,1128750484887573	-2,259621030714381
3,657074511717121	4,111550913889649
6,047153128054793	3,570390135142022
0,20281783426016725	8,324394493222146
-1,058783392903261	-3,3409496739212887
-3,4276681735284873	-2,7226129769424268
-0,12211001166675173	-3,3032555447245793
-0,0763928716589759	-3,378118267311978
-3,147143134944952	-2,053885109665733
5,1876905372193685	2,7746212332356834
-1,74284419877586	-3,3099086232091057
2,9239428090355406	3,646556175552317
-2,639805993602679	-1,2683417851504963
-0,6753489940714562	-1,3541118297985175
5,521433986659138	4,247293681846011
-1,1781689569671383	8,024668154956954
5,733433673168172	2,8881954435603334
-1,3451626599116988	7,78344520933212
3,7624883533761615	4,270762922605569
0,9617139913425419	8,048685459424648
-0,024962055354073337	8,307828415051398
3,8834723308371197	2,832786343179154
-1,2139885788530957	-1,067700563858934
5,62108340671916	2,98859394009501
3,3451250818376725	4,196995382755681
3,009258428905525	3,0941216726575265
1,2418186170002397	7,434968054152087
1,433805614475036	6,939818831856185
0,8860861058064753	8,166367191166566
-1,388497698958712	-1,755980352917358
2,9245998943422777	3,6075863608176957
-0,5331827864576009	-1,725294500564598
-2,1931445958152778	-1,829788433213324
1,3480130417329483	7,6157866279675615
1,0295332313269827	7,813535303149455
-1,5570352222077226	-1,812467260732815
-1,6436425565643817	7,505976956741798
3,3047719294342834	4,038882748507297
3,6658668970486823	2,715366046271594
-1,0142668444628868	8,334055765659684
-1,7535759730402698	-4,2021129935234125
1,1522811454570394	7,565794556510429
-0,723300450361983	-3,1248112480285557
-2,5564682752567727	-1,394798514920112
-1,6682546703614143	7,770974051470438
3,7722138031454056	2,814272325459538
-1,993016979756173	-1,720563631114057
3,491255867250522	4,41974109061923
5,5779311075943125	4,204645752434379
-1,7796823632922045	-1,7448075268835983
-1,0533275843863226	8,223555199347302
-2,956463373215327	-3,721751697031273
-1,280951439352406	-3,360090238441261
-1,6963421050185503	7,326286773757221
4,326137290740674	2,5877564452206037
4,830834151791385	2,665402487767725
1,514995744525692	7,298512471748808
2,9916449769523767	3,102604205724942
6,17776192934387	4,078223606050773
-1,7931300701602086	-3,3035887069490153
1,4320736582724112	6,785690306712035
5,565808521159184	2,8748509406585896
4,447689696519512	2,5812897552721794
-1,3477605862524389	8,011664007603013
3,0409696941837865	3,573863146120784
-1,6307197409818484	7,274711832638408
3,8013770703566463	2,614140304418838
-1,9969458633423036	-3,2598610363528158
0,9821667426197613	8,062067165010744
-0,9017992690401189	8,381168018532973
0,26434473584741996	8,337129440751989
-0,8505007433700118	8,35805813431455
3,5140561694415817	2,9171416394290683
3,586983492150123	4,505495286543758
-1,1197421833779542	-3,4013964444231752
-2,3700129530024467	-2,018395088933381
-1,4685367783366032	-4,246596140158175
0,7785314826485925	7,857926754101345
-1,1617913077014315	-3,3436870764790716
3,8172150068043846	2,6433462368148604
4,980602291992977	2,500262742852362
-1,1207843762132497	-2,020756941964608
0,047230111491811444	-3,1820549627783645
5,867280533789828	3,1477592027703207
-1,8659980598528465	7,4490005102509365
-1,523826715930804	-4,3128750177451245
5,760954065875251	3,8957798175449874
0,6808915477230468	8,118896175279994
-1,149453221557974	-2,053821523366702
-3,2251818657614297	-2,2079951515168736
0,27210911334661625	8,24581785731116
4,601755494494162	2,6632415342505036
1,0572806526199179	7,939243460753369
6,20198227214264	3,3301060654919343
5,204074474662482	2,5734529070999077
3,450691935047433	2,8886437361996222
3,187236880199526	3,955703349032648
-1,914263869364719	-1,7361010929845144
4,795643339030343	4,5175792285563805
-2,100968695735877	-1,7573061738861429
-1,5351464366848093	7,921666039305139
1,1321812840931156	7,678382735365652
-1,4103200146004329	-1,7160945090831277
4,251344432382972	4,379136915448316
3,38362120588227	4,242571294467657
2,9272737998950715	3,5120815740041005
-0,13843887405299718	8,493739606975872
5,683739766495231	2,8690044436141666
1,3586934485089435	7,061134342387476
1,1855455553891616	7,24099386737681
4,165145773872679	4,728056239898432
5,433563397345194	4,248820515891199
0,25769910202288415	8,197381777752378
-0,47927477734307833	8,641488527505569
-2,2936152766061935	-0,8268482419203225
5,162045632604219	2,5273600872667688
-2,402778003810706	-3,158767246019696
-2,0479196327579348	-4,266468890846767
3,748180951216846	2,622579685635411
5,84035016080945	4,0401799774314195
3,1309746713566993	3,7681097560664156
3,108275648505923	3,731945557234651
1,4803603708062738	7,0645121913428905
0,4090322146573967	8,071354996429054
-1,7454252996427138	7,7914044144037575
1,4433624518341863	6,9272168427841265
0,5601884846687255	7,97088743136516
-1,1817340053504608	-3,365331630891373
4,716787712464558	4,629931648774132
1,3416518090391678	7,345962459300922
-0,496110506294582	8,447625135890002
4,841692439797291	2,529555541367989
-2,86730220551772	-3,4039912910349432
3,744840912060389	4,26134950616381
-0,4634940853355809	8,148084150401258
4,097548759159107	4,502281320281794
-0,4324191255867691	-2,0979386807766236
-1,5831989236735473	7,036279344859133
5,704321084588608	2,9186588558922146
-3,185345314049303	-3,2361678913145893
3,284572832467113	4,261303974636267
-1,5646046115938863	7,211754786360697
5,910038055736505	3,6693298417281426
-1,3359985491278366	-3,4284930752717626
3,5604684958098147	2,820585436752685
0,09447757256708833	8,361586257841585
-0,5244006174383682	-2,636040884562408
5,574254313380751	2,9832643747457146
-2,3302067765229046	-2,4130807063734516
0,8965286022655643	7,971310652555599
5,091153167120819	4,2269067787493615
4,762854143198836	2,764242131122523
3,055253951193377	3,7169271786318427
4,501622368059492	4,360664595762189
-1,70862782212909	7,4210622583131105
5,065424916145802	4,211015682029681
3,9467723200421925	2,8121858624731146
0,43623058075968335	8,351986646867802
-1,4727412236517727	7,790832634139818
-0,7475600900145835	-1,4325012658905967
-1,3914996746669996	-1,9694428320310302
-1,9227877934119568	-3,1920662473619776
-1,1409039840928232	8,035857968013433
3,066591960377739	3,4785566645862445
5,021418848096554	4,309509362441082
5,607698783202355	2,9177440326649906
0,2968144553394141	-2,595113014584172
3,1918461912302267	4,11371186055368
3,509476320117111	2,824245797065993
-1,2453833153833704	-3,3505355361537243
-1,4922989329150784	7,827367927083477
-1,4760731917885577	-3,449320170707579
6,007137581858429	3,7135077595782318
-1,5691594952656573	-1,5609614998973254
2,987007904137499	3,2584684906520294
-1,9328956888573234	-4,138222285456633
4,647326966380299	2,8131092558266833
0,20051656667342277	-2,9543422425985555
-1,047098596397185	-2,3551831379040578
-1,046341672713798	-2,1154911848399602
4,1514525520681085	2,836912597353439
-2,8950975534894194	-1,4770596348679703
-1,2653437963457264	-1,9577582531210571
-0,0823066908177705	8,326912827615459
-2,683657785793118	-3,6643726583090204
-2,5595383140455117	-2,534250687432118
3,6785314306511334	2,9827088882978186
1,4470265384749186	6,8812430172942065
-1,1824183565572026	-0,9442459863053383
-1,0820551027381484	-2,0643856655623334
-0,9511302890299169	-4,025941324697992
4,429118440864777	4,515307398903298
-1,0826677635738748	-2,1309752767342296
-1,8166139644241235	7,010902759510142
3,2601803409371533	4,316776464887422
-1,270296553306543	-2,007876664952181
4,199907387259842	2,623017650599246
-3,1570138961301115	-2,844943491130102
-1,557183328221312	7,925635391145797
-0,6051661984169349	8,358053496639013
5,9909244082102315	3,2281579411879453
-2,1075762940281475	-4,039277884806485
0,2646035042641708	-2,8378009002753233
-2,4148047093390175	-1,9501594653451138
-1,0667802911735322	-2,0623471837495426
-2,8530973888880355	-1,417866272193439
-0,8628371625149875	8,322355011824094
-2,6632507896892537	-3,8023885447283634
4,47678988190062	4,653099209348985
4,411725928288683	4,486681354061024
3,2464891567550493	2,9062029979408015
3,8413178611250656	4,222084066961945
-2,0155208796109485	-3,2323651859548814
-2,7557253861912274	-1,4589338184738891
-1,5525745578750358	7,677435647343375
-0,6079564977186991	-1,2374976270395714
5,201209315710877	2,469550884310838
1,4585085061116647	6,953196818210693
-0,44330067311119287	8,358134612819901
0,11813171680147827	8,388831728842284
-0,7902163003246294	8,401320665560997
6,013666757532634	3,4828658137163973
4,504998612609215	4,493508992884583
4,991615814785679	4,397107630329181
-1,1995969638415722	8,313973353317825
5,3597486177985045	2,8817132395824743
-1,5359597672166594	-3,424126847018372
3,065638517088628	4,002423887184094
-1,8429792180858193	7,108302230935866
3,7274933594032533	4,520168581913161
3,735200739862385	4,401653790427213
-2,7647181468460893	-1,2427846248089967
2,8401004602323985	3,4761881196421047
-2,4762709319371248	-2,7888026657815477
-0,676841467694363	-2,938967005339027
5,5863215910607185	2,773117377622734
-2,2114788749458265	-2,852897275014274
-2,0797909187785257	6,888951751798347
-0,39536920248314233	-3,9419984682875153
-1,2885919798408918	8,182857304509007
1,3951954405150866	6,856557941234266
-0,4637837927967865	-2,768084924497502
5,579676415129116	4,180862180685972
-1,941390974418432	-3,426596846182301
3,7863681719757523	4,550699454621806
3,203800355932219	3,658606087894116
-1,040101821923264	-2,142271176006484
-0,6189300594777878	-2,695713947237389
-1,255519146008294	-3,3170421571962474
0,7757049960616419	8,006243962531245
4,928329063789202	2,44924802364455
-2,2778912955529895	-2,1663843097953563
-2,5396572016981174	-2,299401008783974
3,1239339447484076	3,5260221764096578
-3,0285639638930464	-1,5729927556355998
-0,9354430625143304	-3,4355170595626148
-3,0131199947081218	-3,567114155731412
0,26038013023458845	8,433210818951727
-2,373392154215788	-2,8142579256645996
-1,1078197421018692	-1,1286034080684848
5,96598049383906	3,074253896163132
-0,7435197275710393	-3,1193257290681053
-2,3825290621721393	-4,03509579252832
5,014386100435013	4,542091526407111
3,167489820026826	3,935429748713123
-1,770064888489577	-0,9255128769542307
-0,3226212647635296	-2,576155291028667
3,1577409222397073	3,4921124742896223
-0,43752492713609836	-2,3509224873555596
4,186109414317109	4,4897912764949055
0,19801984879908396	8,225162676708987
3,115092948812155	3,996396724538281
0,8160127648074866	8,345026264825865
4,284880590149845	4,543343684138942
-1,277640439687045	7,924721715930082
-1,895160132683165	-1,7410671485840032
5,371249380708422	4,465596643946088
-2,10047034048082	-1,6534894292594176
4,342840302644943	4,435977900308199
-3,1095713334088106	-1,7852131025652807
4,2375859884053675	4,4777687960259405
-2,4426865491605114	-3,9457126750876697
4,26319347627583	2,517145972529093
-1,4714841106670395	-1,7708429892226323
-1,167895202858603	-4,034406767685213
-2,233624271343401	-3,0214853784825686
-1,764743672590826	-4,26751221103674
5,428615529139204	2,7875672808902263
-1,545830762837685	-4,372880023104248
3,032266321447165	3,9858891096139075
4,9069105817239755	2,5825304464155625
5,355449712810305	4,1551207563026615
0,07252202851608075	8,312007986527462
3,115223164804542	3,4763107157986175
5,309290634396874	2,692986322642329
3,092536056336759	3,98407716594782
-0,7950861083286929	-3,999769431847756
5,703960113009078	4,098145368544198
3,1187660336706164	3,9014456633512733
-2,3065698687186678	-2,993242403517389
-1,7236798007518241	-1,8885876987263226
-1,930621745180627	6,940687552927076
-1,9640266565578675	7,164085075797
0,9519930325438912	7,972098939769928
-1,2801349043509267	-1,800930516358895
5,24533666891334	2,686417593098499
-1,2189431641488524	-3,2693200918235057
-0,4992764522621691	-2,6860334316255843
5,9296041674322675	3,5278510930626212
-0,5638166488848149	-1,5089551685710718
2,8662330690498017	3,4760063951802893
1,202709782292618	7,021098282473301
3,1485667906121	2,9791439253513703
-0,5860036930249868	-1,567795512482942
-2,5079784163347396	-2,179638375587399
-0,051464243264534304	8,219228349338966
5,947915204853337	3,4156989729535905
-1,963986761647055	7,118753490014548
3,1633532405110545	3,9887154598912686
-1,9666149247179687	6,600098296781894
5,8804438320864385	3,948911948842344
-1,8646773889271457	7,144444022261507
3,008754531842361	3,2207595921484065
0,8303512636832477	8,05522268055932
3,2686055466506483	2,956442664332997
3,549841446139856	2,898762742192126
0,47848876787216466	8,305775165416211
-2,5799477553941017	-2,206108417128923
-2,2906515681523585	-1,931563289356954
1,3274394276463124	7,405307339140972
5,106419853799393	2,605809798218554
3,0087952955041226	3,2942777317520977
0,3063656686960914	8,317852721373912
5,840753308596691	3,911380667479428
-1,2448293240159538	-2,100648432701025
1,2239564280581399	7,064015296442481
1,5153209626799158	6,732678948583895
5,939620024087235	3,58313940799206
-2,398861384387051	-4,017903640629625
5,5239251438623915	4,224535571900941
-0,8653341145536546	8,289965272834312
3,0215308440074002	3,80038532483133
5,9912490192859424	3,4694263366668316
-1,4321529236850976	-1,005039287693021
4,776652817078947	2,756128569335683
2,9265405847713235	3,6977726965093063
2,994062501012867	3,2218219132145793
3,306005119757412	2,941965783909939
4,293233585096077	2,7216729916192883
-1,228847147067535	-1,7926247748212085
3,059869696286705	3,2610112225036856
1,61305543175726	6,724992879246291
5,05316226079669	4,30329075127867
3,2662601626818644	3,0360171808083827
3,853610142721083	2,941179917308352
5,940172661916927	3,841038951196797
0,4612486129111102	-2,8844048151740154
-1,0341256264741197	-2,2242051045348843
-2,5856026287105	-1,4668125268516201
-1,0799675745975599	-4,248329909577932
-0,019586020830299117	8,36059199641564
-1,130369296850261	-4,078254851449523
-0,22268650754380667	8,338105858073941
5,989575693753604	3,6772744605326686
3,073483400792758	3,3424655556214597
6,074162451272635	3,8177889805849805
1,5052764704388997	6,843509106032136
-3,332859933223439	-2,5756498276716333
-1,4634830824368585	-1,7527788203898038
-1,2054266143498638	8,19541393514993
5,235322499538778	2,7463071603442755
5,5614212196533295	4,420753904984689
3,218895901994626	3,2390966748730516
2,934942543413052	3,6458016141967144
5,971809141456284	3,7170490076267217
1,3787330946420553	7,538466149787837
4,404027694542175	4,450281799101724
0,059914969972513	-3,251137086003049
3,2217927596217315	3,9314406168701455
3,2927233295794074	3,043580915542828
0,2060793816018205	8,350826880226958
4,1784220404125865	2,7429986685430308
5,961852154004539	3,4473441428810103
3,1211754778540097	3,1767034871865656
3,013828836398014	3,1234590976340884
3,0293011123061033	3,839891514789458
5,789083910498727	4,045800658784512
-1,2071657015638113	-1,9096353828684225
-0,5928669803768027	8,322251247412769
-1,973745238573677	-1,920224011268136
-1,9046253368127366	7,121219137715602
-2,2364132369955563	-2,1221576416471555
-2,608965980103625	-2,587216108671774
-0,7328076742492529	8,306829271897035
-1,9351894798226825	-0,8722642724068281
0,2219267876574611	-2,7597274432930803
-1,2882355920851178	-0,8895529297905462
4,121904860565919	2,759993805648941
-0,5718465571194851	-2,8261173373035
0,8810890416238963	8,127624680705942
-1,045184235270911	8,122582344591448
0,502962388402332	8,315799103829109
-2,549758947788784	-3,848590358217669
-2,0092477717167716	-3,397085658404604
5,527235904432796	2,5922657641274593
1,4748267627937552	6,499216829259253
-0,34489825251014916	-2,1547318110797753
-1,858086374827928	6,979470657888235
5,735893885143198	2,9847027667646233
-0,554796857839033	-3,3811766332625295
-1,6452081849722664	7,53925827804098
4,701759750636842	4,600314136729481
-0,7829231767770979	-3,986156536291732
3,349066291369046	2,881157535227444
3,6452321515755273	2,8503418348645746
-3,0878154205381207	-3,2058343311773942
-1,5849941607671043	-1,741764171561445
-1,7170823285012242	-1,6947369481750023
0,494508517592517	-2,8794285621313622
4,019012409758263	4,38285017818046
6,069773056118925	3,352270697639864
-1,3242721310222012	8,009509749019248
-0,33090433946493303	8,578578316273589
6,101035756977724	3,541045895726632
5,811401511458726	3,0804189234807624
-0,5939400302569444	-4,079260501561315
-0,5667990423778954	8,327322752912469
-1,549038695659825	-3,4424263970242883
5,838908158055201	3,87049026975226
3,7214174725469658	2,7320386426730714
-1,5989414136723665	7,626896214939618
3,8983396046516585	4,288830753580453
3,8732848768221837	4,446590423804336
5,562068082384769	3,0462643672539365
-0,5877625713904995	8,281561159577596
3,654982138241688	2,904461957884915
4,652190108493784	4,5348473430862395
-0,5703848307429602	-2,6993221845402804
-0,18458638534811755	-3,4707058940871853
1,2220905735452852	7,433955065923105
-0,7919106587334716	-3,194403690155457
-2,2799826885972245	-4,234370502030819
-2,5602163507170035	-2,454099577318483
-0,3193058373039763	8,433001672720206
-2,59223089631443	-2,711130502850854
-0,6223804643790758	-2,5720710831077565
-2,385101605954318	-2,7306247913181485
-2,8925132483854217	-3,310497489665607
-2,1610560482648147	-3,1499960322388203
-0,6641481647757119	-1,1270069727221848
0,45107464918882867	8,239986228637397
3,188616932695004	3,0522396146212896
-0,16783628751582635	8,430959772624838
-1,683137522855865	-3,7056193292837056
3,142502050522585	4,0551372669579555
1,534776091423693	7,105569859038607
5,943846299562355	3,3414393477805455
-3,0491306627956503	-3,113891266548564
5,2612277279201844	4,276635964257933
1,3960205190976454	7,334147480694081
2,909832813727534	3,295039885855707
-1,2177791637446476	-2,1644366818944962
-1,950147310091424	-1,7102829023506412
1,2225743326609018	7,685361001885969
-1,1620049562606372	-1,2301254898218272
5,754370548103558	3,2217448460725446
-1,714110081359565	7,331322835801759
1,2267626686228792	7,604664301511452
-1,2188079185814686	-3,524951287025068
-2,435110165967216	-2,8892489782626574
-1,2273666924051225	-1,8940717185954479
-3,1410535035237244	-2,98475308483185
-1,2063256240437723	-1,014743625144366
5,648324640350202	4,3447568146205615
-0,9289333727506806	-1,0176907270267492
-2,359968745396027	-1,9449923275252208
5,975600816489273	3,686083349519638
5,542948713892839	2,7411018010601893
-1,1840371864001158	-2,2646691400166374
3,2814318813594427	4,0593898121152465
-2,1590106993632348	-1,9605047133670326
-2,568740060376427	-1,105160606375054
-0,7929330100111129	8,313133154534333
0,5740981142351718	-2,4379065938610918
1,4434678381700303	7,037161988517175
3,1076846386572465	3,501428852480548
-3,2034295850541694	-3,3850657254461725
-1,0020196495760638	8,108026668229831
-1,8063233310642843	-4,324857115097895
5,444788125147766	2,739447261258421
4,559126301010421	2,6399488940250233
-1,2959604608633544	-2,2218890572140517
5,121757312920621	4,266890545050353
-1,8188617375289184	7,007061947222861
5,943563550518201	3,0288712647753724
-2,9477026770875256	-1,9066283858769684
-1,7789270377652233	6,938381233669669
-2,593678145932408	-2,483663261829786
-1,796634386790425	-3,3776243827406165
-0,35654255947246305	8,387396414279694
3,7062471751312906	2,6590682085138155
-0,6475196763633639	8,404799215708843
1,3648302490345083	6,760174745992602
-1,036317589501711	-1,1558708940008258
-0,07315401733325055	-3,50525882479591
-1,3080353960684494	-1,995660907038125
-1,8631081036099286	6,874292255465766
5,625068168950207	2,782547544780457
-1,3642473297959643	7,847614070713929
-2,280036662818806	-2,2998350366959266
1,3299949653921896	7,254722954585082
2,9624601826141594	3,979974273709797
6,078922519635732	3,3705969539624574
-1,4531519670640745	8,131831165847998
0,44230935884681166	8,1443394268065
-0,2948794525292186	8,261239410720282
-0,12766643596513955	8,398007306535511
-1,4196614928583757	-1,7969734874051926
-0,8796196371279484	-3,366700099474725
0,7822762093240516	8,09193455176419
4,400355984716503	2,5931411883737407
-0,9744262286884593	-3,326847315084321
4,189128008253357	4,5132054552147345
-1,7031140119987735	7,7332123848158885
6,035627432726996	3,6939658629437133
3,367149179621519	2,828925000915807
-1,0136578196027668	-2,3531524121062994
-2,075855205851437	-1,8508013654694568
-0,863274737971746	-3,2073503799595593
4,226997683475306	4,585565314060118
4,202457414868318	2,6531826842468575
-1,534727127477444	-0,9634577263278103
-1,8331346863837468	6,837668797562357
5,169518280323464	4,626588257770306
-0,4760579711332067	-1,7723762387452826
-2,0644497137603746	-1,876836463429405
-2,7975550671229783	-3,5072858509668583
3,116569037129607	3,2653248024243684
-1,7622482479544657	-4,2078017623107
0,299931609810032	-3,2142662133057716
3,0795250686109394	3,847083575409647
-2,490131753259806	-2,2258068422136055
-2,655846048680255	-2,813344651439882
-1,9459299145585203	6,947179513397094
-1,9258950082394533	6,523935385398965
-0,681239136498108	8,317504983346028
0,42536895305315636	8,358689323976408
6,028289441425782	3,798666807002838
0,6863248814234443	8,08946334878666
4,731444942852101	2,617464057876048
-1,8039717801508544	-1,2308452360899444
-2,494818852704866	-2,2399084301450918
-2,010975763490021	-1,883243331814997
0,0861840606637303	8,41295435049405
-1,5124212308850316	7,9433117901846995
3,194046029654168	3,2122765774633733
-1,1662513888289618	-2,0043878992828486
3,564110025495074	2,736752090924273
-1,3572792964564124	-1,0673572100533781
-2,5301404649820336	-2,2523865789407345
6,113075712258941	3,5913504985565607
-1,711165217590576	-1,6350055027432098
5,994814816312907	3,9063454865371887
3,197803234046596	3,187544430880708
2,8762313802401476	3,5827125939979814
4,255647541728527	2,5598883890930604
3,966501825868491	4,575706949698111
-2,073307533075363	-4,092410874587393
-2,6270671419593015	-1,693800145704625
0,5092894226266851	8,23753796789708
-1,1778230837102477	-2,2285998501206894
-0,35784877712038665	8,035053397050506
-1,3303134294937353	-4,212763266793029
5,548979405596902	4,287600181875515
-2,1511036672980763	-1,9968524061368909
-1,21897656868436	-1,6536853022636078
-1,420729282946769	-4,195003167933551
3,100734462784068	3,340330139316696
5,889765728292348	3,3621525196857225
-1,1631048034457148	-4,370735115332012
5,844232980492647	2,958103808324336
-1,9393220210922806	-3,423304488085329
-0,7002138665934649	8,32710020018895
3,5146710051331786	2,736111119626489
-0,44523594424008783	8,35905191584819
3,0725589646829956	3,042303533457862
0,5979345469918786	8,137828726124203
-0,5610591938350971	-3,156863167341223
5,649089308250746	2,9898107551940747
-1,795646112317837	7,307941220172171
5,797689183249645	3,8786774818788414
-1,931001187942745	7,378129573118008
5,107813018655513	4,434361523742838
4,099582497519349	4,390751077522184
-0,5627328103726448	8,428661096568373
3,2182095147786933	3,2527697003835057
1,597504653449592	6,948619887866043
3,508362258778968	4,112382064662187
5,943196758453389	3,081879205694379
0,08678690719025106	8,429954840586655
-0,6411674994892851	-1,4063639929228642
3,250647075376513	4,107625086967929
1,326956242725308	7,411328858896428
5,800433491567907	3,3454422969932236
-0,9837793138908567	8,16201126316217
3,0022044006893562	3,4657819184410754
1,4015227391800351	7,291956446530864
3,1693559394652486	2,9568024622672815
0,7172410291209534	8,092004998027726
-1,6059733789834154	-4,203225473154766
-2,832910186318471	-2,725548377517721
-1,3978730176807899	-4,251557864955265
3,856898656545885	2,71109216296227
1,4129687483256883	7,240027465304552
6,021786192636841	3,7892760941308268
-1,6539039444777137	7,407726907025683
-2,716653801447157	-2,2577443729915796
6,015785426722385	3,6322421240813902
5,875052398729912	3,581789488181464
-3,0821657862191394	-1,6536448395406893
-3,1395487598151854	-3,212820425979112
-2,289592522476417	-1,9709968296975504
1,1289429338620633	7,556591460196616
1,049556979384173	7,694240632478444
-1,9263363014631834	6,774026442636325
-0,655038182279011	-2,168715617798974
-3,415750403262088	-2,9192986528960088
-1,218573933520924	7,910043042121315
-2,4521675459464403	-2,5704742709725528
2,9298648607428914	3,338274443048409
-1,0599445215733008	-2,262471511427833
-0,7366078336314971	8,374927967510137
-3,037613385982238	-3,082275766864616
-3,232595056049809	-1,9453682115220103
-1,043760979850688	-2,2732489519564303
-2,4638345036353018	-2,2502839525082057
4,04433138136903	2,6598650419209906
1,2683354964203588	7,436029751589519
-0,4137042759123204	-2,0593858442587383
-2,9186258365162754	-1,7759589891127785
-0,9611120650929277	-4,0176802078630995
-1,3269263231284594	-0,8871000083779828
0,4133926604267525	8,204834386280577
-1,956794180270013	7,04063627829283
1,4446705841423328	7,548911966720125
-2,9826289285127103	-3,286840442743569
-0,9765389208001283	8,43433130456252
2,885756392313619	3,4558462101949434
4,779893390663289	2,562177827117157
-1,1317600523095137	8,117736676577575
-1,4977522673709838	-3,377936843334809
-1,4058014121788782	-1,0481632164757506
-0,0163489717656366	8,194660877209184
-1,5288248225541456	8,03684128678648
-0,4636320019660276	8,25417982866037
-0,3508720103402092	-3,673299971565358
5,941580264066115	3,7468069264987993
3,508682986642431	3,997693985224118
0,33220528714787445	-2,4037150352092658
5,682255782223605	3,152185730094751
-1,7446430073635948	-1,8853756069256844
0,2412027310388415	8,28295251939572
-2,0512937505145326	-3,2334184076915804
3,85083991024059	4,600292792565844
-1,3485438239185723	-4,050693629369964
1,4790905864643846	6,6566147765056
-1,2629959474759977	-1,813867067675339
-2,3879724470648744	-3,946131508634428
6,227417241799272	3,515195169613308
0,6014796356754959	8,29473507816493
-2,5829041895866425	-2,445966851837385
5,934880644766422	3,3107804509879113
4,548853265410842	2,5216690797322174
4,68565704276013	4,446600029410696
3,509733238315948	2,829874026897011
0,747028701753782	8,038152763418498
3,8423442990386674	4,4518376848111805
-2,213780292191288	-1,044673520612236
-1,8231128073505842	-1,782375878580936
-0,07795360330553841	8,48590980899591
3,260111779152954	4,163633452051845
3,109016944395905	3,227665655964153
5,389800359242384	2,756466080402954
-2,686407523412859	-2,4436200126558907
-1,6061987989582764	-3,5242010685852794
0,49353478914717475	8,203527807945104
4,166507571761051	4,260078546200425
6,0009749152728435	3,1686766816298957
5,8970693267585705	3,0236654256280717
4,336675628637107	2,6585619677459498
-3,0245571774365363	-2,290557329084523
0,6813608639080668	8,02791882762395
4,602932076365901	4,523020328482775
0,09601397895281127	8,433729329632175
-1,9235785148441056	-1,6245953483890134
2,977692805667097	3,3520587835476627
0,6331967381425162	8,274378610717008
4,841994451503706	2,6557964761734647
-0,8018795236901044	-3,0166250872510094
5,378220989166868	4,310958951135295
2,9761261923995024	3,4583459995531474
0,05816613874291976	-3,504299722507771
-0,39039200042688194	-1,8514670839111105
-0,5869697460689982	-2,4641056013128857
-2,8834255677723704	-1,658530128954556
5,893396583593598	3,5897383939098093
0,3840602243071243	8,454546780271563
-1,716719494900014	7,401243797310263
-1,7349476966853676	-3,3196505501444786
5,684516618788264	4,135041414652136
-1,2299834936599225	-3,539050965085189
-2,4440357044074514	-2,5920972404078846
-0,3982151995868375	-3,8719529169621216
3,2748611774929657	3,9293085281697633
5,926643787078879	3,141221579778816
3,0791410075393824	3,7165711450794463
3,533487816881862	2,8838057865715756
5,787936264821573	3,0840609308536506
0,3278540344061618	8,327545802580138
3,1151547194898326	3,9595846460344095
-0,33204510756970995	8,518347254111793
-1,315425941259361	8,118496259667623
3,8640390600336514	4,320193784234653
1,2318339187361897	7,2954249354462
-3,2879699189516605	-1,875513576088133
3,1408170126190695	3,544943542271234
1,5061030480167354	6,812706849787456
-2,105244198753998	-1,9570779326200138
4,053366670703358	2,965187525433214
-0,16717932806070435	-3,5099486396923156
5,460811877119882	2,827449941985338
-0,5442956577625939	-2,1879358543966623
-2,4012332574436708	-3,943577598745401
5,1794895751459515	2,562059725286087
4,166230210009594	2,6193378042543456
-1,5364109328653823	7,730421075165099
5,787897502274871	4,017580441521275
-0,580758036257877	8,27570951829109
3,3174041301283888	4,445123387319381
-3,2449978309386722	-2,4860341470643266
-2,987049752398336	-1,6331403271826188
-0,8771962634803699	8,257949347569586
-0,6103943939274821	-1,3431539783644433
-2,2894248142926408	-3,1334403386830934
3,0561710681405176	3,3746006927853505
-1,4632156944431522	7,623672787144887
-0,9865494218102437	-1,0641107586217358
-1,7773627638198675	7,578885591226153
-2,4493421703525344	-2,296720855204379
-2,5118686092192144	-2,7696327480038327
-1,6364099863367165	7,706051437261419
6,116181246724074	3,6297984653024207
3,150724635624977	3,921788036611135
0,6209683881377227	8,105651462475333
-1,340385871848836	-3,4370413084915765
3,329229899675471	4,292049873768076
5,158049604661859	2,683412590227929
3,039166320316914	4,0794865974755155
3,282005157845827	4,021055798422875
-2,1081576883690785	-1,1303895016709629
-1,6655035900542685	-4,213309244766221
-1,3516233137176072	-4,16768625514746
5,3405317929494975	2,73422716743344
-2,1398178813997872	-1,8482672490841785
-1,1478526514186709	-2,1458936968746634
0,9777498129820335	7,947153906445973
-1,8245314090857427	-4,172273038915927
-2,446499753759472	-3,97203430920775
-2,469348762074617	-2,135787607949111
5,904066755040965	3,6501924423365195
4,797970787052972	4,447688063336581
-1,5955729042865676	-1,8096821190424117
5,92186667925032	3,008365163970463
0,8464907618730122	8,00759076069864
-2,4460343687228887	-2,2104169401994627
-0,682411618768713	-1,5421299156895356
-0,44612035580959275	-2,0574815763808227
0,637628220666476	8,169900462612905
-0,7816694082593	-3,0110881449564846
1,3431562761993132	7,436923877225545
-1,6064175519769095	7,325305099820554
5,92199023638841	3,1908200312222315
1,2382162896325817	7,290556057995009
0,8402612800605698	8,16101211072744
5,816496499245677	3,010845776780384
2,9416853925873716	3,6900269739163343
1,3900238179496887	6,881569578770087
3,7576475828271354	2,5594254669941234
3,202583950161787	3,012550639398599
5,4749687577265655	2,7152620247317274
3,9770107746559744	2,681634308520647
-1,8032960856829643	-4,204088827928926
4,7780687936407125	2,6919563021562207
3,830155600702329	4,415079671106989
-2,232862219691934	-1,6951426168733859
3,591046613831721	4,165384540964686
5,489883494889673	2,8053229953460135
-1,1455123453554832	-1,1056319013671954
4,692314743034571	4,4880798270098925
-1,1081948498658052	-1,3245956737652593
-1,6338113682476971	-0,8608696706780581
5,8050738939347735	3,8884294415861405
-1,4300130138094038	-4,194295021301289
-1,2718715158313798	-1,159047402310155
-1,1420874470589535	8,346528642129575
4,970104038026855	4,2066113437076815
3,0816034753530146	3,334843542728093
1,2063070432376215	7,430938636208018
-0,8452273975131186	-1,2557469863602915
-1,7286774891425871	-1,8746511810725925
-0,4670040904360394	8,418148652230643
0,5336684002819003	8,030892080372814
6,098279488900485	3,7863277970825315
-1,6961586969228415	7,490783250124871
-1,444463580173939	7,827028224566209
-3,263562769440531	-2,7425316181127783
-1,5181835414052627	7,687234449730173
-1,902126140736513	7,010020532890519
0,2350073993418087	-2,7667770783876473
0,14247637540969904	8,409144347815195
5,285311261474106	4,334068896475506
3,3583574842945008	3,0828896492864106
5,784884544750364	2,9284564354238274
5,263396875981344	2,820807989589576
-1,012611478991714	-3,095167531426802
-1,6587592430029316	7,647645147561299
1,14983080146846	7,662121050526702
-2,794339960014109	-3,861945701030181
-1,708270898045228	7,055162801641572
-1,1585177629920582	8,039527233941522
-2,22792730111402	-3,2252050712449307
-0,7078577638707071	-3,1185623713739297
-1,589333101830635	-3,398369156831209
-3,0745068867455374	-2,013256761964344
-1,2011111400105203	8,178141466147045
-0,019292507677778625	8,303151892680365
-2,4610265176326176	-2,8626942556022494
1,434054709291603	7,17053402095879
3,592469251093539	4,29588787636186
1,3462920342364662	7,498817435295125
1,473191616883989	7,073398065098319
-1,5757122378468615	-1,6415459340739669
1,2914241667148154	7,634997700984555
3,4842681728249794	2,837170395415117
0,9588030866712902	7,9928639697474155
-2,2488302751994222	-3,2826876328383774
1,0268902935129227	7,851491629438667
0,3560636579330858	8,353775451980516
1,3271431214578642	7,425245630133027
-0,5226503161774463	-2,822250585696258
0,03354959736512553	8,438285286699076
0,8648611336164884	7,941247428194446
-1,2758647785989234	-2,1452021669630006
-0,9740830417787485	-3,315589555148476
-1,8303485232452665	-4,01771773997405
-1,8355895885036073	-1,8051559756313518
-0,6482421054829838	-1,6605553928171206
-1,876023898418478	-1,6052942708450773
-1,631720173076936	7,53123673940798
-1,6211282486600505	6,876387118148526
-1,1953467575013983	-3,485054000333494
4,37859905403149	4,456725871905084
3,762520391199609	2,9357998914233683
0,8700652853466808	8,033383996200058
5,290182257293578	2,7061919063342437
-1,8553766991526643	6,640371406422558
0,8965435602412144	7,901293492701367
4,3190369836470595	2,52739990209332
-0,14645510119970895	8,429806337564862
-3,1985952568151204	-3,0355788770795895
-1,463049060693773	7,98206652008941
5,305853264472605	2,84551453080617
-2,0853458476471367	-3,2349239437684263
5,755354178371285	4,0775130945063385
5,964871484264737	3,7949163484502018
0,1529572427509469	-2,9945488871150436
5,534246803308477	2,941294842713103
-3,170664887406777	-3,1546293555905427
5,712969222305299	2,810845245983839
5,628045447706375	4,177883920477675
3,8451863221395963	2,8531947167679075
-0,7050316823017269	8,289575878978368
4,63736049712647	4,431856326307692
3,158947504018495	3,94320567497235
0,7535043458874617	8,060967449617108
3,244105741256804	3,0239765620106125
3,11296595104141	3,8190968871097506
-2,5909529983305526	-2,8039116058673383
5,330656759442714	4,321777927634125
5,872445297140452	3,9652197526589466
4,010659046934597	4,4433612647726735
0,8276525507216701	7,852377784263311
3,309695644635757	3,0214652750205793
5,742128287073526	3,9867949338554136
-1,461166997323166	8,223453827562803
5,1487821169152665	2,7042916698305173
3,164182215745407	3,094912659356969
0,8078572433437867	8,141945811193654
3,9449369683487756	2,703845722109647
-1,688507632427185	-1,0079912502920867
5,830152779696392	3,029418772522446
-1,362858897113868	-3,5037420406760207
4,008445837403801	4,351079501414499
-1,1158080784488364	-3,549012156833932
5,043383992874442	2,5469729222704047
-1,4877527518695384	7,725778801824144
5,2227246183640315	2,7011051745951833
5,853798545655401	3,0649392298876017
4,189223904095045	4,453280232455894
-2,7569747865424743	-3,7587352675967414
-0,6030099791694408	8,295718998287946
-2,9238477504069826	-3,2874268017121744
3,2122654881503525	3,8279877594019385
5,9484394544750385	3,398693677701772
2,9534931141793113	3,593781731963394
0,5567772340225501	8,173800714964612
-3,2064144030693758	-2,579974347964891
-0,3700664946401388	8,286104123666494
-0,15974269268733599	8,373989642377257
5,204378312214831	2,822685112619218
3,8643249894081437	2,7031383711204686
-1,7682440880205577	-3,4201189656288093
3,2465477300178307	4,124554598727666
-1,8258508358008105	-1,6866606167132934
0,30320108766476817	-2,572368317851386
1,2122017340019464	7,349038137356012
-0,7563567242927273	8,205220379355927
-1,257398433870314	-2,0964469290630925
1,3953477038887676	6,913210779869342
-0,36482647265361245	8,618225605341395
-1,8904092072388452	-0,9129387116235947
-1,1793552640182423	-1,6758844665962136
-1,2965559949845513	-1,9772324083446922
5,049950556854595	2,765582121956753
-0,14594549441326365	8,366122904577912
-3,110619239461718	-3,317822583593324
3,1607535514302794	3,6343277763408843
5,99912917768609	3,208932632129137
6,1074719781394196	3,532258052276446
-1,5549581459173794	7,692416459160853
-0,8771530749794385	-1,9668194396083964
-2,4814424346471133	-2,95717776126588
-1,268759085399368	8,146482971625232
-0,35368432751949563	-2,1005349321137015
-0,5294381596728064	-2,8599632267033215
-1,3940904369713356	-1,8365968551141427
5,081505968665261	4,368285360016458
-2,45804839400351	-2,934212999460959
-0,30060739133633474	-3,774072660889032
0,9216727178577893	7,938553083433938
4,145014983612228	2,6433227217891875
3,0974870667806638	3,8465585187619955
-1,7224395886909754	6,881085354938293
5,74681543692322	4,206507402859433
-0,5648173239358951	-3,0793984079997165
-1,3417115997213809	-4,170331213088603
-0,3452919866376898	-3,925678393827194
5,547112401299437	4,1038478891388745
3,193757777881065	3,9076735218938383
-2,915435887800216	-3,5689294662158066
-2,94732907307369	-1,3360893065522272
-2,3520078709275913	-1,8006414859280058
5,861008514740281	3,908383297942948
5,6408560412363675	2,8071216483799044
-0,07083265866516789	8,536284335898326
-2,1864411817417353	-1,8678307742050404
0,31891682312710934	-2,4565747364236685
3,3654403508990436	2,9936757635366718
-1,1406005247834015	-2,27406376940789
-2,2849281357030975	-4,042156444301998
-2,114121590047623	-3,267897025177529
3,1613591576438864	4,192097004616681
-3,556798124430217	-2,6991023214660466
-1,7408216840695019	7,117355900501532
3,8273971884388933	2,523582041884871
-2,277499439294803	-4,122589953734167
-2,1899562827659187	-1,9259627924757141
3,7394277229591157	4,28573626820135
-2,070265561101564	-0,810183250279545
-1,600730034896458	-1,8490268547957385
-0,5317916827189779	-4,13566425053087
5,703963482047498	3,9497129091518377
-1,6875158760284532	-1,4882346209134654
-1,092373660890712	-3,1980086427551777
1,3884897651536985	6,700133339824967
0,32809331832154554	-2,391802534713557
-1,030705125881439	-4,302762309887024
-0,9989030847345324	8,220315257916461
4,748665883239456	2,64691736855775
4,722072939571176	4,4635239519638805
4,589962503181869	2,7247182315493945
-0,2563549212308298	-2,6648498875726747
-1,9400503059815137	-3,9760398170194233
-2,9365112758655685	-1,8962655249589937
1,2774906610218477	7,556173374245169
3,188593275602173	2,828445830305311
0,922753672603482	7,972688235089279
0,7255446507458275	8,126998567432205
0,5782552560385474	8,161018266026979
6,072591409450076	3,5240401486831865
0,10236406244652008	-3,3355105510568026
6,001241447461677	3,2471102032883215
3,280588153828092	3,695801086582736
3,121413519886902	4,047880032377333
-0,7625816927994686	-3,970519373882218
-2,3960143609018854	-2,472116769976228
-1,300044908977391	-3,4780898487990535
0,058931574625218586	-3,3983214879120056
-0,6926827461678593	-1,6581645458343743
5,628698919841281	3,100690308602791
-2,8116638170161856	-3,4150465652066853
-0,3840380421419569	-2,1734229401572898
-1,2682197458965003	-2,055767043610668
5,336965998264964	2,84135273242782
-2,2607318367799145	-3,214044203207915
5,280847473640966	4,4147552077318535
-3,1153036649619565	-1,9183594182904038
-1,8335006526144155	-1,7456165637498262
-0,12382761514422642	8,331076506123901
-1,5925937633252742	-3,4713362299585855
4,353039318121647	4,602449922727784
4,401262582478928	4,6156743461736465
5,735020195669232	4,148961398055455
3,8417550127367868	2,814514498886556
0,46332838378867536	8,202707062812562
-3,31104150237264	-2,64381872484955
5,433320491272111	4,272536417884116
-0,28036034613568206	8,506583713212745
-2,3657801263369476	-3,1077574949882565
3,3308361080465314	3,941310695540437
4,961665436591433	4,3854183590155635
1,3380462803208968	7,641452558206508
5,340528073692266	2,762121825189306
5,55067744171008	2,9196054623207495
-2,497325045264123	-2,7203566723347814
3,0199934110957987	3,2675022452332736
1,2434808007101112	7,788298987937188
3,0995706054834917	3,6883743363392054
-3,270283828684491	-2,782908769212663
-0,8931408994864598	-2,1649262494245662
-1,4586910457496636	8,082318320066067
-0,3444645896273988	-2,8614346193012143
3,303415494079018	4,022570149564734
-0,45001359957773396	8,558229178653303
-2,2768289709433516	-1,0182907784726183
-3,0983076665192955	-1,7206535297881693
-1,1376420829801939	-2,0193826089940736
3,8885433090931762	4,277752878233269
-0,14899513597934788	8,352917882812417
1,449633362636292	7,6408299626547365
-0,6021968097530348	-2,964635720918558
-1,8071538091815076	7,343658805691285
2,894781127985165	3,8375079484051975
5,958591669472175	3,840114487138279
-1,2172994346300865	-2,000117196386208
3,407546474854615	4,087109818265954
-0,9494169028482426	8,219670494588524
5,7315261503810655	4,0844825612854905
-1,4858899745050584	-4,254494634336304
5,26334296426846	2,861683413744408
0,10347692748255355	-3,48103601809798
-3,26415714383365	-2,2515675872147685
1,5187889884016434	7,080744829714716
-2,2368104560106485	-3,0744376747707935
-1,6068268932816487	-3,479801919444421
-1,9575002737159761	7,661497223235229
-1,711548498343394	-3,2082826472883856
-1,9999742193153462	7,045496804734897
-1,1319960148234443	-1,054687882762466
-2,040801408565196	-1,6324816782870881
-0,7046863630843216	8,409813839852319
-2,5683717364968426	-2,8706214548667464
0,1492309766973362	8,34341686426391
5,9467715557866025	3,490265886891725
3,130610789578701	3,114145737894302
2,781072975627981	3,711927759158753
4,603477857472839	2,623080958924498
6,066511681499374	3,4846479057117423
1,408591379533799	6,8148292385251645
-1,2569080083815454	8,092838658164917
-1,7269565131922828	-3,5237737682383528
-1,4457613462914654	7,680709402675808
-2,2086711397498986	-3,1454573281298663
-0,5078560404448336	-2,7484320100183495
-2,320047911032738	-2,939857614395594
-1,9898930277809894	6,836417378959269
-0,6119416016901575	8,543188052711217
5,392667809442131	4,124951651368656
1,2030232680776458	7,032686435232791
0,34496925691091795	-2,7083803916128906
1,0358658287761757	7,879461406465519
5,1454979652662285	4,412643153022742
3,1442127515935256	3,7949500296483647
6,009596922245057	3,506066563611764
4,247101391364438	4,4722008311616595
-0,07633280576984616	8,457360971781393
-1,8408097511378911	7,459486841506444
-0,4043559462238049	-1,9174559223088714
-1,6878252547989112	-4,021626625009794
3,9031370560080063	2,9084644565529225
4,661276147998741	2,518355312292912
1,5466447407795245	6,715419399582592
3,140603094168817	3,913006324509433
2,9622246241708865	4,0479355795141325
3,401599147453859	4,1184450887364195
0,4311828780771201	8,082172445688505
0,2947364173276067	8,47465207909634
-0,10276708436032767	-3,3795767689241885
5,962892982231873	3,814076539532591
4,188349599630355	2,6472580102799896
-1,1854868069431728	-2,296571762157397
0,8449109081861785	7,907540108530565
-0,9829864526813074	-1,0584368373748818
-1,9980704491341057	6,7622189768009475
1,3514787471742855	7,047303616001795
-2,1029750690889886	-2,0812906488964007
0,12228822769084235	-3,1126541083283072
-1,8538519192834728	-1,7670199951286025
-1,4975009406114992	-1,8384652170439826
2,919146765247824	3,6759243633496963
0,3323840187269056	-2,9082284538815273
4,596117463435679	2,6450764239461733
0,9634863696242975	8,20001914118435
1,2493889206847677	7,8459208540582495
1,3920931938128867	7,332427558104567
-1,1167113086821958	8,016862989809308
4,447398634363161	4,419321955356681
-1,6925385471595187	-3,258901948247148
2,8073398216005225	3,5424072353952143
-3,3386350500926447	-3,264852216871205
3,4533197366762316	2,824748017422741
-1,0323484804591874	-3,331619873332468
5,867720907984975	3,232055021354149
-2,2509848215299173	-1,0441029158246518
3,1933131448439855	2,8698489976928547
3,085025833450791	3,624242093719555
-1,0542256106618373	-1,1549734663339315
-2,0918502142230797	-3,416975682112471
-0,6496276805496085	-3,1267743922993225
-2,411416500000113	-2,123570148032643
3,272946001208501	2,962213382156956
-0,593909327522103	-2,5482263844553485
3,009339136007125	3,8626068329431487
-0,430988116488088	-1,671619890186082
1,1659637415747928	7,357702844325129
4,056935529241281	2,797509184482216
1,1136400335502628	8,074275988567408
-0,3709589458090785	-3,851256935706589
3,594774045443584	2,887218880803081
-1,294721752584646	-1,8591533019516757
1,0946805378964612	7,5760213082468795
-0,46916327919201173	-3,7725968506195935
-1,6613887266991416	6,900968050581288
5,926810267086433	3,03087388083188
5,843558668540362	2,969388307170645
-1,2826050074729074	-1,1103824931477748
5,838309159257221	3,1721736651752566
-0,6060897955390486	8,396085312517162
-1,4070142937218597	-1,166712454261896
0,7631048111164105	8,033618612199554
-0,4222269023700863	8,310751774318856
-2,3129286587110696	-4,0737836738932005
3,1603251129320746	3,1140790834982783
5,001946097144437	2,6582709475778703
0,994551424100115	7,918132943408563
-2,16948946171552	-3,145167400155022
-2,2555678330542657	-1,0945100459173365
5,959715614561832	3,516446339996378
-3,2276966853657125	-2,082837774698118
-1,2640461443462203	-3,516451799937773
-3,0447349354156295	-3,2322410591471185
4,384970963336174	4,50351389505366
-2,7017066926818334	-3,7282679043308473
6,0069284159040555	3,442037231330573
-1,687139229750449	7,664466762163386
-2,8397088331468012	-3,5688010358998903
-1,022435165625465	-2,0442490551246313
4,269943374074833	4,442207285845718
-0,8954369825214535	8,410321080242369
5,6674425987431825	3,887050846036441
-1,566377497945162	7,524548625413119
3,0613976189927348	3,9930073420363232
-1,1814569567768156	8,0678331021668
-2,0978365870449	-0,9007238469746568
-2,5257340973270477	-2,457977343564114
0,2986125131642886	8,138310500896386
-1,7052883021412162	-0,8583088876687632
0,8248943799276474	8,01985656944327
5,223002782606303	4,33548978021134
1,3854135577743205	7,482282124238363
-1,5872816944362258	-1,4726109667430514
-1,5213571170464486	-4,195309072204531
1,426727650792838	7,053197821076068
-0,46882000810128965	-1,984356183698552
-1,6932791870180426	7,535603475475553
-0,9225249852680784	8,370215937539571
-0,5966418861434479	-2,8410964244905608
1,3285407200305257	6,904445809973688
-1,2214307054495457	8,045953501489905
-3,232213698125613	-1,7951761048247565
-2,675177119856456	-3,6282507815171363
3,019666537608627	3,4754468502033085
-0,4114110584813022	-2,448570260218041
-1,1764550718970268	7,961274427921337
-0,7563122832703457	-2,9353138219535206
3,712319833035908	4,2381657884744115
4,054268150842403	4,47916989286433
0,03493574627031548	8,275185530243682
0,36626979831599327	-2,7272054531762016
0,5515606010814084	8,253556328773712
-0,9539885035244571	8,482870801132083
1,4058963110046425	7,248976726463093
-0,16342132840034546	8,27923423399201
3,7963897149961916	4,3931830855927325
-1,7041823944780896	-1,6139079628247268
4,168049472971864	4,29114173190679
-3,3001995916454305	-2,5565261212023858
-1,128525819992463	-2,382761469436809
0,3936376175898114	8,129750861277945
3,941156311911988	4,327166880738152
-2,5397108799373695	-2,912058763033969
-2,893840748687441	-1,1879580428362995
-1,5433766673964884	-4,175701809155126
-1,8412396319359567	7,206024633734637
-1,6846608951168707	7,447460750200888
5,999082811482379	3,455542222685191
5,574821150439427	2,9909501736433954
-1,869529079115188	7,197771716691618
-2,4060010109052845	-2,0505467578348457
-3,0883503855397008	-2,1334292820293843
3,4097388539290643	4,00615512084598
3,1312627084539977	3,4388490917300927
5,88446942289143	3,335815312566281
4,609818461378912	4,430523504588862
1,4669238068865895	7,179275120140345
-0,7370190217963988	-3,030600046498444
3,336670047066908	2,978898820386177
5,9771132618825025	3,717778491292957
5,830636711845792	3,0380815134943955
1,450702348921139	6,922595535210785
3,3826830804179693	2,9050769107022014
-1,86150349924671	-4,255172033220894
0,39191764120659744	8,258574176955927
-3,2143357796348857	-2,421040014619307
-0,6578785576111885	8,364914868828414
-0,9925060838098547	-3,1472339151152404
4,961378657576014	4,364563354176499
-2,5455624093901257	-1,3602128169214316
0,4995668689962647	8,229551971618884
3,1565181627083936	3,1458933546397625
4,579075020609418	2,6481892521999253
5,986478274402515	3,6616870299974256
5,093571812376573	4,438146384225535
-1,3987930290191504	-1,1109023983375124
1,4311424515919295	7,2693888068848125
3,9214474496610707	4,631950926485866
-2,569237498226151	-2,8309175987661277
3,7531912066481263	4,163514640189109
4,334443659356038	2,561607549835897
4,0576131568480704	4,39193810295442
1,184205935443334	7,8897233520812495
-1,2272309591610902	-2,056215659932466
-0,5361756108970208	-2,555925600031316
-1,6817644400201321	-0,9816767251112848
3,056591029221256	3,2926283480085083
-1,4077778228351518	-3,476789664701429
-1,8350232694189452	7,136063054007249
-1,3410752152264185	-3,2654687861974114
3,102755958069132	3,588818832574028
3,824313431011011	2,7829495570116993
0,014935314938496536	8,542154550591833
0,6499824231542949	8,126371837431698
-1,4920428842627405	7,575237144302332
1,3478085214714284	7,2369033805396485
-2,2715250193936734	-2,2367220091663587
4,794952934909298	2,5407347035567334
-0,5048143128994762	-2,071854814772075
-1,7964065634498103	7,506180724130642
0,09817509479635977	-3,3383374847341516
-0,6973903282452194	8,294325078001693
5,802788488168773	2,9127930267313165
0,7674518382055293	7,935500472334583
3,7105284259775564	4,422189632656988
1,3498194621836486	7,185659379087467
-3,1773034597956	-1,9647754774184973
-0,22674216535835656	-2,299198331993139
5,424210548022407	4,116767883844767
3,1157947959899004	3,8411129017502357
3,020836541071257	4,0469941596732
-1,52011080004165	7,879263462132432
-0,5411599461728268	8,252778846973793
-1,5157995990481974	-0,9749054436508069
4,969449311015969	4,5005964779704755
-2,7255235731366376	-3,511617483991346
-1,9179293671342248	6,7343198356633325
0,4392943937121647	8,150301239077706
5,800230829698404	4,1297697672200435
1,1091891433612386	7,893440842810127
-2,1696410947558036	-1,828259068847821
-0,06072410959487762	-3,5216115013800984
3,337203346942542	4,229852323556488
-1,880456421400517	7,019876575713887
-2,266501140569061	-2,257518047655422
-0,6756981109843522	-1,34240448080611
5,86885273141112	4,223991490424038
3,015629290043549	3,3720187952257716
5,028009219295633	2,6357583127804216
1,3195704884923884	7,213181287489715
1,4625344115041232	7,267988254284212
3,139487647498121	3,1429286130485137
-1,8520909217647872	-3,4185394775053926
0,3481525541732676	8,419126639001638
-0,925017891203341	-1,3585077732527084
4,553733899312449	2,451905156320893
3,4910815283367995	2,8373332144563204
-1,5785211185389774	7,8149315856376
-1,7893060306119462	-3,288595114134563
-0,37036884952342897	-2,3360563831706602
-2,128089134189448	-0,9411162192551046
-0,7769819944414537	-1,448807281543023
3,804715894877883	4,357968747044564
-2,2513418958586806	-0,9784167985817069
3,7021995161486974	2,8831086534256825
1,282526228656925	6,8536323630250235
-1,2770980343767167	-1,9146890765314661
3,5963945713064964	4,339239188635624
-0,15279840774905312	8,34679006908263
-1,9793112264893544	-4,188313826015719
-3,0319490674080445	-1,8663411795799125
-2,9916847773954527	-1,6521890611978018
6,030775458644517	3,7648493755562167
-1,356230821443731	-1,64203853880016
-2,413280891648024	-2,5876213513251223
-2,8156968015179453	-1,4884331471049888
-2,4215858427921924	-2,823830632285089
0,4917189741044612	-2,2771285269444665
2,9366341200799857	3,7454689279699696
1,2554837840091426	7,349071754591141
3,0410314916247376	3,3893092117970833
-2,5713942359824964	-2,5124610039975743
2,8841189582178797	3,6847046267081818
-1,9402164181811252	-4,01244693075264
0,7022232261314537	8,018830116397757
-1,984525426952414	-1,5967150928939962
-2,058034010014303	-1,9278589187332313
-1,732175029926062	-1,7532316127623329
-3,2690837433149595	-2,1380441727887476
-2,1475582511772244	-3,2609185981945865
0,6927671958102787	7,945119549992278
5,3870228411072025	2,694018698489425
-1,19333189315424	-2,327155445629769
-1,9063723185957924	6,93194918205602
-1,9168429309663368	6,67101518514942
-1,7311311036886243	7,426806346650835
5,984814099834676	3,2982303460333453
-2,355516350393656	-2,9827789208550737
-2,5640604249478964	-2,617399220227375
-2,301401147016525	-2,0779519939072486
5,762359307264099	2,8176924076029373
-0,9463032368489215	-1,11554904255294
-2,123123469055427	-1,7878063951044538
0,5926365696901668	-2,938224048798741
-1,3615779284012683	-2,006043297946956
-2,2885688228896104	-1,976800299420702
-1,0671707075750079	-4,263515929090175
1,3263582978372301	7,420668232307739
5,825554203189943	3,04095841701418
6,20160779569167	3,4212643041827064
6,028531623278048	3,6663895104178184
1,2140470388316644	7,9225285557732334
-0,22156314557898216	8,202227196881157
-1,7987497805726083	-3,1058728174658192
-0,5993185562875503	8,279752803019564
-0,5684788716760372	8,38397194625694
0,13323972890302804	-3,4526032869065877
3,007542097405191	3,5386316418593875
-1,1026896639405295	8,435286276386147
0,2106885729987238	8,379048005885576
0,8422285172923551	8,074785730127745
-0,37176187516173376	-1,9375500076234173
-2,4031696300882515	-1,1837412015498288
4,330661609377016	4,32143605466208
-3,1904063390660014	-2,1949202263354475
-2,0249914632395467	-1,8935608279790572
5,6618438234161435	4,162676692695091
-1,6061040696663278	-1,7353524407246632
-0,47811397965983904	-3,0415813629492505
-0,8694102609572474	8,21529757996674
-1,1732338637775834	-2,2368427794259413
-0,43869884833827466	8,310439305364902
4,980195027302071	2,5013658280156483
1,107102742701717	7,787150413814393
4,116002939529124	2,653171465418887
-0,26592230579951337	8,306653059419975
4,039177552113243	4,635298689947013
5,506058946540499	2,870957056678706
4,4218973081181145	4,51492747327563
-1,3653069931305613	-1,8946684723211442
-2,3749018576602885	-3,0036489711600813
1,3471554248886741	7,755643549521692
0,4607110304935631	8,066841210587501
-0,432039791106966	-2,882646338499507
5,391391215978187	2,817600318591494
-1,1751520385139154	-2,2138783327412477
0,46748603886872675	8,023594814522538
-1,903600397502777	7,1691918064867375
4,699329990544217	4,263780768391425
6,157694334347054	3,685558613441416
-1,1847592314535367	-2,1522528252160575
4,9744828493748505	4,378027368798424
-2,228364375996819	-3,184061619063629
4,5015660082276385	2,708817773155145
5,323197231456167	2,7388033394732183
1,2460046963863178	6,888632206622833
3,2705000856671296	3,13395606461253
-0,35518181043186703	8,31413777218131
-0,30695934709716677	-3,9670708717084393
-1,616988089545115	7,322969652210581
1,0734599192744299	7,834856116899044
-0,21572015627502816	-2,4250510345808003
3,580450568562782	4,292888263062504
-1,3190126944772416	8,110745485355585
4,912730001525122	4,436171029937242
2,9834872420656673	3,4278222446418782
-0,8833168567953944	-4,019119953829309
5,0558496427982424	2,625378466838393
-0,10937464002247993	8,334839550339384
3,4735561065417278	2,8554672535108265
1,2726911888551484	6,871412881745668
5,379775136869574	2,825357876059949
-0,5409488854559463	-2,4182925660515444
-1,5375956299023221	-1,6667462052989568
3,561791461637637	2,6964882198471454
-1,8584587985639172	6,6662807263370665
4,979814550163275	2,7821928760466608
-1,462906114368126	-4,378143363017678
-2,2691665288121494	-3,0498326556137476
-0,03444853993107472	8,12592541755599
-0,5556257806304108	-3,838019364132985
5,622408925302203	3,0598046093079336
0,3571361864274969	-2,588332047950168
-2,7437189328781866	-3,858176128059762
5,69130598454117	2,7153020102720222
-0,4702237151098865	-4,001374352415963
3,480563464170902	2,600016483839921
-1,0811714796175569	8,012997556722983
5,866512110303666	4,047170050019439
-1,0495238604705963	-3,283591419351307
-3,140510194397346	-2,511151208657413
-1,0810411287257358	7,869977169635473
-0,09386890198773293	8,56358994443024
3,0492781664514457	3,984526732418833
-1,5306513116501792	-1,7024610261510316
0,09109246214261457	-3,1141600180369755
0,38723648595085836	-2,535846656515425
-2,1547985537241283	-4,074733159361093
4,324841574833225	4,284483271679951
-1,5690194965579858	7,844843496525278
4,351980722468808	4,493126066782045
0,4370772980554931	8,369932305467392
-1,196688934964654	-2,2357770223474973
-1,2174014454643003	-3,550202984768587
-3,0805090386548146	-2,971904394639127
-3,2969676485846557	-2,4422106536477797
-1,9911614390822319	7,304972735760268
5,429260081368414	2,7969361524844483
-1,307778267539624	-1,1760377535069608
5,814713440897238	4,130933860690406
0,38448795969686955	8,269365078108986
0,7749643038895164	8,191090087248982
-1,9344925480800017	-3,4436115354111174
3,036002190210758	3,9265811601547425
5,929808831683221	3,973597480951675
0,04343522521684878	8,369366080885394
0,2895348617516962	-2,912350702569807
-1,7056317986780294	-3,4205198721104675
3,205995281854431	4,119336141804534
5,648530026273093	4,188287514507786
0,6555853206004006	8,275698194087669
-1,290273448436385	-4,206337611995206
5,535646253193528	2,8618314689383793
3,0758572684151897	3,4339252955187383
1,124165694247708	7,725566691843633
3,0388049812868845	3,6325906221311803
-1,2332600817396622	-1,9236379955006655
-1,3505973649957137	-2,18981051307036
5,83073095789173	3,120906444224966
-1,601852934383796	-1,567121115011169
-0,5722512044066664	8,450576325408926
-1,590563996094363	7,868471828787345
5,26585940348472	4,119211347582867
0,018527346926743293	-2,1172441043074754
5,740292302181908	3,4065178483285057
-2,3323726843885533	-2,0103400148723014
0,9795403128682834	8,10367831539855
6,109677781195526	3,355258672218929
-1,0128494678350943	-2,196127593433398
4,231573284357606	4,5648272052555035
0,9344573384451795	8,088373901331247
-3,143177719811617	-2,587676366691549
-0,5424206323662717	-2,84002941263806
-1,109305893420018	-4,264239745016858
6,121443436344151	3,665911345206874
5,757159675811187	3,178697339071464
3,013961262104071	3,2529567461463618
-0,5819401382264143	8,321336515704488
3,866031940325901	2,841040063889095
3,3936283345528953	4,277069896114659
1,426765561171992	7,558366569579453
3,9933832145324275	4,476663107347538
3,0106535051973764	3,299007016139268
3,531348368539886	2,8536557850291744
2,9983837874839923	3,5561194540127374
-0,4217958535493256	-2,2378157476422897
0,24691067038143555	8,254165651025918
4,790392450665063	4,416002848753278
5,000548969126993	4,445190448174518
-0,37758932831922687	8,438715027699693
-1,099316936546066	-3,40517616960244
1,31760593154474	6,937171168566264
0,2165857755911435	8,275880115535802
-1,4584060788839148	7,761802328755447
0,1859716842057414	8,391235216392232
-0,11537408070274816	8,489699385497218
-0,2532729480187985	-2,2775368512619143
-1,68173039495933	7,27797451014887
-1,1904499857495998	-1,946144041713697
-1,4523305234156871	-4,18423109186471
-1,4034050096173327	7,918844713675296
0,16421413961359144	-3,270829051264623
-1,6344153670072878	7,775655138991195
-3,0418677950747712	-1,8132893631427018
-1,774919114186455	6,835401585413322
5,94430519534823	3,8555175806034376
1,2563733668283619	7,581682390849791
1,1361254114890733	8,004347276894842
5,527932558831135	2,9439370056755516
3,389179109776057	3,007130355395856
5,7594548324740344	2,969584321764591
-1,2551300936617518	-4,213808837298101
3,7205112728965073	4,359267505667114
5,062256863194489	2,6132824385705264
4,937340166992094	2,6376258442455605
-0,3299262911838956	-2,936836897799218
5,403436735631874	2,8309812666861456
3,4420880442828334	4,138383218474585
-3,3630756756686124	-2,932226899043834
-2,8827802363025308	-3,568940318945787
-2,868045992494706	-3,6711228210700986
5,284775178903316	2,6051714755682793
2,8930539510174658	3,561575279122481
3,9004985510910903	4,542253792137805
2,963448399689698	3,88797677209349
-1,2189969373256213	-1,8712651203009034
-0,572488203364357	-2,8964673729193615
1,5126493838648933	6,765719966383353
0,26660228440995226	-2,5229935657784233
5,7336818141566415	3,02334110816461
-1,0266228888150408	-2,1566117092917
-0,6229447749424981	8,345267890902944
1,4001311057423438	7,52787722255723
-0,8192992797292814	-1,1480951913377935
-1,6719604022308605	7,678369371562987
2,9362979655569337	3,4191086555122854
1,4895168024495282	6,976262084167757
0,30489937566555003	-3,0127571873733756
2,7812047898500527	3,6759705864574648
-1,0398870471253505	8,169371347155769
5,6241825970549675	4,096279937385645
3,6274977651395908	2,7085505609439773
-0,26729122223300883	8,401178321839117
3,8181839026282542	2,645751947326332
5,1085404037917055	2,7683668710997855
-1,4117105621901658	8,120693558304943
1,3795279150481172	7,568744337051736
3,10270770706031	3,1448396127814933
6,109363820221805	3,3622417979010644
-0,19266148454994808	8,437043434572498
-2,967268135028638	-1,6150131865113075
-0,06517921526451964	-3,5211776705831945
2,838669125859778	3,5244750825740656
5,144587878858287	4,469198587698284
-2,9076620325281333	-3,516153144796189
-1,8330290086167007	-1,7299373462821206
-1,5100803148300244	-3,4972148988784264
3,6019886942057147	2,7829599854601703
3,7746763857334287	4,457628183845225
-0,5866535124519601	-3,135027143921213
-1,7643954831391393	7,2050170469353265
6,1621700174837475	3,453796642274995
-2,0964850876792167	-1,7121226538797187
1,446159077392742	7,050494323518278
3,4817705288011145	4,4059286290145785
3,0037818173434254	3,9180069876306693
-0,10783538793406347	8,29926834434076
-0,9076283391823248	-1,0421773669441614
-1,8536865391443091	7,290390702091175
3,9109939801379228	2,775703497744974
5,444309684432619	4,1328810643356775
-1,7453796956808127	7,400512639662805
0,951317113980013	7,956169760325578
-1,911519069055153	-3,431390124930922
5,089085717224794	2,751753677243661
-1,805721888220587	-1,005807958253032
-0,5822003161368021	-1,5712072440988605
-1,001557881781769	8,260987180448303
1,2083503093833912	7,60787428268449
5,656318351088061	2,7976483612402756
3,832857026117106	4,260440930561476
6,233808017825833	3,572595165772567
5,363031995135488	4,45362058942671
-0,628942426333746	-3,1884873116262797
-1,1611772552600006	7,947824517421809
-1,6034336942760474	-3,4029672765022614
-2,759236923178306	-1,5463816660309133
-1,910362922466335	7,031367591928385
4,2426696931393515	4,546413378828142
3,028773945377912	3,290600326243735
1,2995794110780212	7,8607668427632085
0,9145366136514808	7,697081466769315
0,3085460052760205	-3,201090046536378
-0,40141893489678737	-2,3089840416635368
-2,1777293824170445	-1,8609728236314516
-0,8179214151481636	-1,159362979183779
-0,9784799334526738	8,065428257042779
-0,693541428035845	-3,9119791553518333
-1,4347939911764223	-3,388381380994577
-1,206684575588716	-0,9599180104835718
-1,9927571058383844	-0,913224738061108
-0,34060801570449156	8,437357916005586
-1,0275339646986168	-2,0257407840114814
-3,1443717121712904	-1,8677876273717877
-1,9825730802223356	-3,438327773453566
-1,873097489531633	7,0598118557798015
5,254674571409966	2,707210897758978
-2,4984752645957053	-2,5100466604653566
4,606252159698997	2,67186482506944
-1,1933773914851455	-2,432721352592761
3,5070608963040995	2,918141414156384
-1,8849117476061532	6,82185748972402
1,1829432209015223	7,691959282363515
-1,4248522429331802	7,901006342574441
-1,6415369726802176	7,6371772810486425
0,33073753311879617	8,306411258257262
-2,1559130639250736	-1,8390530618433447
1,4051772878029247	7,064731872901295
5,080144186690603	4,3395782654727855
5,125552684411799	4,165463555660669
5,771189710102544	2,981113720334839
-2,7249833823657803	-4,030762712299248
-0,08568000929885972	8,38170416284388
-0,7466256043826464	8,315085905527445
4,744484563367594	4,5397466835974205
-2,5178179958743017	-2,387266778239676
0,3268024390270037	-2,4337673956877626
4,390527058620261	4,4189060972270475
3,1566611288971234	3,5741596223876035
-0,63766925814039	8,351987274236956
-0,39683042932303825	-2,7571228941162778
-1,5784977408988805	7,778326773328135
5,683312929432521	2,9829706159708325
-1,7576632116612103	-4,124305887154148
-2,172353172098307	-1,8832629725367007
4,090117703206024	4,547320189597684
3,0004640746747047	3,871361399189921
5,237797981195844	2,5286213205537305
-1,2684806716032515	8,13835463760325
5,982303732555606	3,4136736025642618
-2,297442536884981	-3,3540527445297035
-2,0837499307272416	-3,998832802100319
-0,6309807426558914	-1,7762411802937277
1,038055957112877	7,592178160749954
5,3953684117828224	4,106297966479954
4,689857133685146	2,58112070411623
-0,4358539356605493	-3,9473978589044236
-0,5134154393073451	-2,828566252953057
-1,4233335750947866	-1,9420754725199538
5,664050435525132	2,958565411627113
5,875207446596383	3,8367680971780693
-2,295998919840311	-1,0783882386357602
-2,4747161614838955	-2,2713186656566893
-1,4049969395116846	-1,648089943027307
-0,9768641168673664	8,32514880901428
-1,9729752841023416	-1,0259799992082002
-0,17109139400912884	8,419087299037779
-1,2433530747040376	7,828124179822595
3,029842310402792	3,1750014606869144
3,6991272637969677	2,7288369456653037
3,755678286855405	4,338775445942832
3,3163240823867732	2,7719370158496663
0,7444368314360694	8,123988248301204
-1,6193555844346836	7,906698206107891
3,028713648438857	3,8963955203224434
5,882535300728996	4,111227403778001
-2,069151849576415	-3,2709381920451106
3,837147743859595	2,736950206183728
5,582951035591332	4,097101578590905
5,185691253763009	2,683257896443423
6,091541181126916	3,308756311399838
-1,7696102342634639	-1,669007263407321
-0,6372635978711897	-2,946427963772754
-0,8323213320057813	-4,088271744831925
-1,2890749120401088	-3,4782044988690854
3,165230858485435	3,3175728249430962
3,356594120840512	2,7427707134202612
2,8797859254316713	3,5789088542005474
5,002920450722504	2,694438948425467
6,099775720087697	3,4804366305315293
4,214475598906183	2,597630403929018
-2,2756217235146234	-4,047320291069234
3,3841156746491734	3,0832376253530103
0,7395087010611141	8,246930813545724
3,5581839970901363	2,796257354521757
5,982460442733364	3,471301003693798
-1,862898642721394	6,9676588483930155
-1,997934087928238	-3,3145294779557672
-2,0886878049763986	-1,819472174949491
-2,4352326960364885	-1,9492671774652537
0,3480638520572863	-2,8825446324001103
-0,4919518113157708	-2,0156714920962706
1,0988954382283904	8,032781012252983
-0,714562861095059	-4,0740863815092085
-1,8884067650959722	6,717163667372746
5,5677390294764155	4,106392336899598
-1,7368991123857342	6,937765578161103
3,1485401192048306	3,0232160759715114
0,9454126695244689	7,80739493185192
-0,44136003536895685	8,415231657718689
-1,93473065305597	6,756936482245975
-2,5383668713350445	-2,600934584695237
-2,3375736625737393	-1,7795320964074852
3,3197189233162736	2,92153589333238
-0,9607658789679008	-3,3948619638380713
5,054969291112724	4,469542913825972
-0,4612506649706183	-2,2662395387886507
4,880596082363422	4,5005519885311704
4,975767335247296	4,421303709482657
-2,027013801098925	-4,1718861402585
-2,077255845280838	-4,132382436397707
6,235332454364512	3,7535054649835566
5,598267323813946	4,34489195103388
4,450327500348053	4,532857779211061
0,30547446558276914	8,41891811092707
0,8113103095015584	8,25970877467217
3,0492506423337797	3,104944935338842
-1,8162728241665242	6,892346943365663
4,383130985472967	2,755829887932065
-1,7387624538336839	-1,7502892427833756
0,4037681959039463	8,298403531928141
2,988041251408251	3,884100763449705
5,611834209300695	4,133994654605667
-2,044521767806903	-0,8693835021123453
5,8458993027890624	3,092190175499511
3,261372894920519	4,009875570965458
5,986195991588697	3,628020257042194
1,4574478450427464	7,017689253320579
3,5018238384868416	4,132750714063154
-0,417038643177287	-2,35552275914238
1,315841369959242	7,447291854608127
-2,501401650278836	-4,0120486838080005
-0,3888166435441207	-3,7885722180111125
4,979813327073164	4,462604904133809
0,3276181087715099	8,541038485228073
1,514740398354011	6,8370135999972295
-1,270236139316519	8,206205048930714
3,3328457724042213	2,9082880350098566
-1,2935418978266942	7,775914721646631
-3,0570163461918325	-1,6793876469475855
-0,47855116978537765	8,503782111886443
-1,4501819265798743	7,515014573983506
6,032630278130215	3,853712976196311
-1,1532408390146165	8,236936329643083
-0,23977863785072695	-2,260668645502292
-1,0756610158738305	-2,277153804172836
-0,5069937390747783	-3,088498937197137
-0,5995635332549134	-3,888988592283906
-1,8669098124678192	-3,4564421449615996
-2,319916520002074	-1,867123706868965
3,29047840968813	3,0398525718129408
-2,409952767061183	-2,1075099372972277
1,4750060647619816	6,985538609232974
-0,3595237478964155	-2,4595538722032546
-2,9549945073568327	-1,882338279618156
3,1104412068452927	3,3756860102675565
-1,379751414501432	8,311947471850749
4,035834288694535	4,295007975007835
-0,34077746022608324	8,40391579231661
-0,42022608164649267	-2,14401946578214
5,758429948239316	2,9581480571682413
-1,1236355179154414	8,17201316185949
5,8685865679358304	3,7353265229097268
-1,4037034240411739	7,903488115033031
3,7043525880425308	4,4778460171306556
5,217812432185513	4,419524355945539
-2,1538334925836016	-0,9439317587767833
-1,7096882773791446	-1,0361256991957
-1,270687305149587	-4,277462145415987
1,46327594968044	7,287962349661059
-0,4487129576618303	-3,9313910139486548
1,3291141336895682	6,744285291238551
-2,2420135672112202	-1,6194469402783613
0,5142352782371914	8,143447402829842
-2,2997319589729757	-2,0209444010245523
-0,9657783290391555	-3,9519044376867125
-1,1392098449579149	8,09449774307371
-1,3604541242463333	7,815149822107578
-2,281971420100658	-1,9818166277215397
0,0252705440251339	8,346125578506204
0,20160951915271186	-3,0299557729416238
5,733239879802743	3,014083834654408
-2,1894012170237938	-2,12390709527137
-0,6736744775357552	-1,6779860372162856
-0,4965117339577534	-2,152583687841243
-2,4482880955934996	-2,8191867612153483
2,8362507935128303	3,4438732786254262
1,0125747222727375	7,630687370898271
-0,8529767865736972	8,161548644463354
6,105646640548364	3,672670552724221
3,539328476478017	2,677371313124624
1,224712341494086	7,306103053230883
0,1196095111495632	-3,4345316700196067
5,908527300282075	2,9703878139749538
3,4194392100206468	4,520323375041199
-0,45791972344438325	-1,9459918894700965
1,0526802534191884	7,631590435580127
5,4989932502263965	2,8025262158769015
-1,3722379393316328	-1,7332023957413538
0,23946727253532518	8,384465786011253
-1,4246826409759625	-1,790047468040987
5,943340343053827	3,6360137272784536
-2,885248359150729	-3,6794326713852743
6,032347042443809	3,7482115416518598
-0,6683115112423993	8,281851300147904
-0,5435545409147771	-2,3484342885114846
0,5065526260640039	8,056258498767818
3,197694825897432	2,927952775026265
5,653279045920306	2,7547127085995613
-1,3775601059435039	-3,3768659346971934
-0,6607742504732051	-1,3837913185014836
-1,5023123898530077	-4,189440739313334
1,2533883673437647	7,515443035574933
-1,5431045309793878	-3,3716440154327003
5,973723459975821	3,3168356019764476
4,525153925283815	4,537947884889743
4,550107075431258	4,415265698810579
0,6094845471153452	8,224182220520206
3,1695328069474638	3,9119966884874
4,7832280629354145	4,610506351497648
-1,7276346875461916	-1,5027214517773237
-1,0410097061581647	-1,241598443396366
-0,9671038238161127	-1,2875453816820228
-2,979458135281856	-3,6355241069655415
-1,1249888471667284	-2,3192813962599192
0,4017640725577324	8,12547677888535
-1,3411075221974809	-0,9235032118254316
3,0107438686481838	3,2952761695102732
1,1436868221422491	7,40267422427518
4,090217560710493	2,725528825413912
-1,3268946484817528	8,072309996722955
3,608116121372287	2,7649206311287347
3,002494897173883	3,0812495354435976
5,295610006708195	4,410892745739388
-0,6852710161340213	8,23331974275775
-3,1762298142323173	-2,9420065360937917
5,141932136216323	2,6287790636358275
-2,0540819409977233	-3,904778370256016
0,27660436667398547	-2,7130238964290014
0,4224155704733623	-2,724021746533383
-1,7251991761584458	7,381492592084362
-3,350663039622459	-2,7410438310510234
3,197639486701304	4,012395590228044
5,535404589037376	4,135946280591687
1,2806419930783344	7,795578716101293
3,64947365268576	4,308671313543594
0,6883273854477976	8,049979832688939
-0,6592436462207223	-1,6088107444760227
-2,8776738638527517	-3,2028507978585212
4,049531999267144	2,6392744832719783
-1,585167765253991	7,7039273947229665
3,108890088448571	3,7462405602230806
-2,392150280575687	-1,9913927969283949
3,9780309661128976	2,7395544307358497
-1,0184652417209845	-2,4308354449596696
1,063476978010633	7,457124074255763
-0,07684514430097766	-3,5979076184743506
-1,3291755465810273	-1,9544649632005562
-2,3862590983185865	-2,7237818857064977
0,3893610172751043	8,060945976804971
-1,841782620063613	7,220667569225341
3,2466470620057213	4,251019984085188
5,49973077782771	2,7833709792528247
-3,177568089017945	-3,2338900310252034
5,849926043661998	3,970291072154607
3,006277476820837	3,705601920301472
5,97976926845461	2,982040281284274
4,82998268269273	2,50997682960391
3,450512988378419	4,265146280311091
2,854602363109558	3,255688417097067
2,959613880357163	3,629271889634642
4,3126599057744475	2,6275726801916566
3,1354713767166342	3,1778138935987634
5,025774111867759	4,251616804187621
-1,378712389231074	-1,7140932627874579
5,704900223846962	2,8417378974316208
6,071774062023245	3,637873750205402
0,880452317028714	8,006475972455595
-1,5958246548591437	-4,276533271058756
-1,8139995200712042	-1,036871832020082
5,950043226863272	3,7423583032927876
-1,7824727116880832	-4,358033953390657
-0,41584984026835436	8,418747258634172
-0,6121398048267335	-2,796394033072546
0,3343416294973228	8,163261287445168
-0,17431730452555672	8,293990694172123
4,2012296185035405	2,8338665654673205
-0,654446568310983	-3,1160595934801867
-1,981458582698341	-1,7178561027364059
-0,5227370230104831	-2,7445229685127126
3,5103586282443997	4,176441292399375
-1,7778086866773957	6,970930367103189
4,162460971801479	2,568945752561964
-2,408309639027313	-2,8551342526936363
5,232012141009951	4,353727641417692
5,324126864566624	2,760949116976392
-2,271571051810655	-1,9182353531648175
5,462865452291744	2,866188891383734
-0,5981145938176784	-2,643642123363391
0,9671043459479762	7,876551468695704
0,12421791211216271	-3,3625787932178732
4,581397156887017	2,5114776086401838
5,644641811689626	4,177657227845481
1,2698227585591892	7,204940786389698
-1,7224507954665529	7,737790042104863
-2,325409912132189	-1,0241986581591336
-0,603513348953449	-1,8436582164199777
3,6817785948437765	4,358891576966352
-2,2205253390607917	-3,3856154671746395
3,0667012624972756	4,233788766926451
1,3517819895598358	7,22698341841663
-1,9966924839312548	-1,0107206198831273
1,2874632597619249	7,577535530077711
3,7782380528381694	2,9278172145326566
3,8493554590676284	4,303408066102402
-1,9163345212224994	-1,6507180356541566
-0,8866958292806781	-1,2683456471320014
-2,4626932354802564	-1,330536445869654
-1,032970915514107	-2,301070743636326
-2,317111014082413	-1,7187188549493324
5,981386355932367	3,330247277190502
-0,7424151732403742	-4,11295962388208
-0,444504262159676	-2,4240457885230593
0,925066673939591	7,765850684509038
-0,6885444837381952	-1,4097258970690025
1,4551559890217314	6,73756757851413
0,7488040943892069	8,14302601959527
5,770681724238008	3,0669232657669387
-0,9222524621290433	-4,15958245495177
6,060861331405258	3,1764363839010192
5,899943400018824	3,6051687359011737
-2,277921378092806	-2,035941826486796
5,611411107335418	4,411727404537058
0,8994501971004334	7,824041818997097
3,059848681553294	3,625145099283023
-1,277764094623877	8,082892260394384
-0,67689227963843	-2,9807854736876163
-0,1492656206475841	8,623100467130172
1,4701784957911375	7,13005466259848
-1,6682688519757913	-1,6939934753021477
-0,5087876821981527	8,287761235404961
-2,286991482522966	-1,8638509807857109
-1,4393439582543188	7,692519678056933
-0,3756411774289321	8,411406184926383
-2,0445331489824765	-1,7322458713635824
1,5062180945202757	7,082326503926578
1,3110831892240316	6,821408192915837
5,534502418585859	3,754323089049641
-1,7981480341134795	7,456563332629532
4,1775445064809515	2,5510846720405738
-1,9945006963533525	-1,9305380593069492
3,047927864844627	2,9717251555379876
5,593527233554791	4,384504798348235
-2,0693291557004416	-3,232075060182192
-1,9951299436164671	6,821513469564761
-1,4580486131133554	-3,332546519280611
-3,104299174602247	-2,929343823583307
-1,6328268543991673	-4,159926565831901
-1,7775686093936691	7,62948019020008
-2,278323519291291	-3,1147937499492677
-1,1046460316254398	8,193630923992405
-1,1950653207790478	-2,331514516331879
4,344822954278055	2,715446090347568
-1,8902403098660765	7,067571947033342
3,0576614078269886	2,914274508572608
-1,0801301402019543	8,059347406953815
4,222111436414389	4,546020831888612
-2,2258296059347726	-1,8315427293070008
2,8854962407376092	3,6284936779147707
-2,102408524251948	-3,4713642456631484
1,335193282828481	7,405581839440645
3,284723534805114	4,184304254043136
0,48570721597193645	8,249104221088743
-0,4493219338632215	-3,7326499113064155
5,935583883098654	2,918796261047068
0,4495802902184085	-2,4232234529098093
-0,48637641975789947	-2,5118900127968264
1,3684773797309784	6,892659664646607
-0,25475765800177075	-1,9436310595337893
5,751367528837752	3,8847873135600817
3,523696777137051	4,290060248729265
0,5602455398124313	7,99331488439236
0,5638842250117114	7,977777986981184
4,175755436209638	2,5701185405578095
3,3368976942032766	4,18538042119903
1,2682251937265587	7,532082206281139
3,6864638681651867	2,8030637003005148
-2,6022309711566214	-3,8103832984006862
3,4706266010710465	2,9098131139168966
-2,5600977056036713	-2,9758262027117715
5,830188924062126	2,930135397363834
-3,210546307379467	-2,9236389696659737
-2,1106301700196792	-1,6922662856302806
5,825585557399498	2,9303499700155102
-1,4382705332510923	-1,9437551612994284
5,262668942004862	4,311982041719622
4,976877697506937	4,334465081525535
3,4299458424918052	4,085870365433284
-2,051630986265975	-1,8949360142561644
3,69890940600438	2,6483927595463546
-3,260882903932269	-2,6417710961789616
3,0273269242352905	3,4030215328683417
4,771635081142316	4,334551945927905
-1,695821879980758	-3,4014633653791297
3,5280812567090307	4,359231198269404
4,916701696131703	4,529774943673132
-1,7106742131965205	7,555792705649861
-1,365042251495322	7,98294059634857
5,677749409985696	4,156702101113016
-2,8959529739671215	-3,448229276637978
-1,1640685084694529	-4,180683147018279
-1,697269448263249	6,958312591915814
4,912868425052495	2,7540704744249647
4,729020265937999	4,386813307824777
3,3537369348543358	2,9628298177455257
5,025723433443322	4,490276464149554
5,945869971127381	3,9868252252034884
-1,9731817602107662	-1,68918421574338
-1,3578847307266826	-1,8442221540218
5,320067562904506	4,449391371857356
4,720807452267295	2,4970856834612385
-0,027861111064929833	8,456422104051832
-0,2814017778693394	8,457410134079568
-0,526997643639894	-1,4781177564782575
6,091546284814266	3,349420079319463
5,783063932201191	3,277075733529766
4,289694716493661	4,371318119321534
1,2610951236526942	7,347200063512161
3,452324172914996	2,8135532387620996
-0,381469714604298	-3,6250129173884416
-0,65776885363022	-3,125642171491884
-2,5866383037466365	-1,10055897916093
0,43364385692422536	-2,5257004330077932
5,536427854524922	4,275783627260339
-1,5559439579436483	-4,237793412664728
-1,9296614244327905	6,829974142736978
4,959942535701392	2,5071162598000716
4,971814892653207	2,787871560888827
3,481405288413749	4,264490640307082
5,873054395670793	3,859981203907125
3,5611060620200257	4,3053142440184216
1,3410359291531093	6,883345078378833
-0,660600971373271	-3,8474441187139146
5,4778675416505695	2,802662587938107
-1,80668127207324	-0,9979871194285237
4,96097418538208	4,491631348357643
-1,8638868821504224	-0,9490439765111183
5,423127305389548	2,8582256567035684
-0,26276373559239286	-1,8851926677764415
1,1698325300441614	7,512053615126711
-1,8519555313070828	6,9142151866931645
3,6490420531839343	2,918656344976197
3,954136520118511	2,4242791037227684
-1,2607845739057373	8,279185395377326
-0,1606941381873157	-3,59664812817517
2,8364054536773113	3,426018974935974
-2,156058915046947	-2,980131814289138
3,1249065346373217	3,4829127456768396
-1,2172907776682436	-1,1123909081764445
3,4772481706526372	4,110363235215221
-1,841480577528395	-1,3266080894473498
-3,202640101630079	-2,9892603281885304
-2,24577117064705	-4,18274076441503
5,777768923977632	4,0657058748602415
-2,4694618864843614	-1,3212092947795273
4,1832558007282445	2,6211585128802204
-2,939704469843597	-3,4756539085728964
-2,604175903780985	-2,0098638985394643
3,7143320638658017	2,753051283206294
-0,4372482702832521	-2,467545591667639
-0,6721347503420048	-3,3783315293995066
-0,3066573861887556	8,615771699180529
0,2544765462839671	-3,09108916154495
3,9027404669228716	2,5842705161943833
-0,29892083258574753	-3,7221560318096936
5,37755829293808	4,42628296419522
-1,442567027155832	7,832759774483158
5,4195726134836	4,218082574806826
4,422112923306226	4,54742692471631
-1,8795678337430968	6,850593926635429
-1,3327171794296948	-4,25698583392281
-1,7558285366821742	6,863955269704099
1,2466681882005275	7,489373864051303
0,2602161964512351	8,258367125206432
-1,0651845208495443	-3,5002265128910826
4,977383019706118	4,391481629294838
-1,710646545397846	-1,7304480904238377
-1,4182045091310627	-1,8012881114539339
3,753561138262614	2,839752516978606
-1,0679174328659369	7,995940987037552
5,981978190515932	3,1683799855787167
-1,6329542004191446	-1,7720094003810358
4,433934845401469	2,5475702097698614
0,9704550968963244	7,919397937648441
-2,468227254779933	-3,855530201840417
0,4763200809586978	8,3170091385308
0,15355722636404123	-3,4385687322976697
1,315841259911333	6,709887104124274
5,700737848472278	2,865960953599711
-3,043176204949193	-2,425449057250633
4,771782239391739	2,6423710136598704
5,520683582452526	4,132142884572711
-0,12053265760752996	8,313899232957999
-3,17602740421262	-2,111760640194669
-2,368820253648792	-1,727605248701526
-2,146538728917399	-3,997798254832125
-0,5106832257245594	8,493100677328734
-2,117047083404836	-0,8887464918637458
-2,1061340734628033	-4,123108074546569
5,091943186711382	4,475793894569293
-1,4998712708637896	-1,7842150578736642
4,387495521987172	4,636567513965927
-1,2704885897466442	-1,2175212464085625
-1,9010621075814562	6,765175738887796
6,179131962660155	3,345922290587522
-0,39148327772754365	-2,9681347871316994
-1,190669975227045	-2,213427735963748
1,0692546239821907	7,645620669343516
3,4699831285921765	2,8191701127521727
3,628694938176355	2,7255876764025
-2,184488998991031	-2,02937826836815
5,364756720864049	2,7737207112793434
6,021394919750704	3,85213912778996
3,0547803842223784	3,3890474915028985
-3,3389875049149698	-2,0307269360735845
-1,0561222179944272	8,175391350327146
-1,7950935451612202	6,911740905856199
5,614393037156098	4,2169591901347365
-1,6088006827535635	-1,52698004360777
5,927621697427328	3,3713752267366592
3,664494140727106	2,7633560861699027
3,512310527108366	2,9101779890299864
4,244297081653964	4,476425865219729
1,0703301552929607	7,855543518904666
0,8788155480735087	7,907089143624139
3,219120893676205	2,8920231466587905
-1,3619795309561025	7,555382316805293
-0,5433297803259831	-2,9698543102949793
-0,6841441381945439	-1,4046824181344655
-0,9384244505745368	8,427308422726096
-1,6255835776337475	7,386015685530385
3,6999658833710596	4,310123037215403
-0,5073046484586552	-1,3870879537244651
5,520373103820132	2,8153578195948006
-1,7958779484763743	7,540922502586298
-2,861080153961109	-3,5542106755835623
-1,2155964174898535	-2,294278974999218
5,614024172231451	2,978947874889838
0,8260238633713792	7,993352438875552
-1,0268892456441083	-3,3762836499922573
5,138127237199042	2,448734485541159
4,108129497983266	2,600728818187944
-0,7767309060777947	-1,0339695877473902
0,44353045347820574	8,125269373963981
5,939389095811024	3,044295691910842
2,9685522146404226	3,758731567349019
0,4847933686354088	8,064833120331407
3,039654016908078	3,326233560320351
3,2691480146688585	3,1098728417269825
-3,073846416136453	-2,371475599729661
5,502439839648479	4,093947466594235
5,77426745166421	2,989316754674077
-1,405181092416323	-1,89311143265096
-0,5492760403105912	-3,0139292548683194
-1,7147759622232885	7,139460399086654
4,908438411302667	2,60080722053769
3,848694242671379	4,464784765684451
4,6174538082784755	2,561796450900489
-0,21738400068286823	-2,5128072451263064
4,0603681233843965	4,361342947344265
6,109237016999087	3,4919726547247993
3,327757981484054	3,8821315895306867
5,81909591045566	3,0811103625646705
-1,9123925613285793	7,334829608860455
-3,2366968637331626	-3,1303172770590835
5,441541812609962	2,802742792327054
5,018941144795328	4,37343376464382
3,9307126935040952	2,542333096930969
-3,2797098833277802	-2,32851764753893
-1,7597492937221428	7,23987761907991
2,959759297671306	3,59260219584635
0,026695301940710847	8,495355457593561
0,33992414570850826	-2,8211920648897406
-0,6599757799170292	8,400076357644853
-2,6551176949209774	-3,7808319895544287
2,9756712650959436	4,000390773573298
2,7737207937248414	3,2513482374368654
3,3259164591839325	2,7452421591019585
3,2936395140361516	2,753300833415591
1,4433917855595577	7,161127894635557
5,542193248676051	2,7473734526696623
-1,092784553846711	-3,414346251123984
3,138464330940913	3,279081353226041
-1,8704204969183418	-3,46677125689411
-0,8051868496338869	-1,1447460369268503
-1,5839771790411745	7,580883677746091
1,22163157096535	7,619043693066713
-1,7609505152749771	-1,682540195682591
-0,8128903026541977	-1,3984363378725022
3,5810102554777608	4,258536606971047
5,508374059214694	4,146840798210765
6,034995823747737	3,8515699114089825
2,8728060844024874	3,5284778541460673
3,461833965958893	2,7736594377211516
5,86047400031749	3,351501119293085
-1,3915948838324796	7,963662747300857
-2,559202877338967	-2,311189771983581
-1,2333299690039947	-1,6151394229443818
6,043653843365782	3,580206639980312
3,839517784220963	2,5805942574428617
-3,035126314105465	-3,2238294160165006
3,013403757176806	3,1865735257980066
-0,42542118529560335	-1,8002492046475647
0,5378974661045097	8,284910534667903
-0,5652226075178528	-2,0007518664723007
-1,2952348838808847	-1,8543038256922404
6,026249778319843	3,273310055050989
-0,7264226604134053	-1,3655934101471765
-1,7521260063921924	-1,714138965327792
-2,2566748327018944	-3,3848770373179136
5,445223676658303	2,6190378815849504
-1,7376736768905412	7,459094709700114
-2,9582654560416324	-2,835271238486148
4,859376360904928	4,312877835075226
-2,9708781688543544	-1,5757391864523402
-1,5534003901434978	-1,7490184761203353
-2,2029329777133753	-4,004428374247087
-0,6319932271091887	8,28099294144252
-1,2142615046143685	-1,8878135746416358
-2,852969861742361	-3,767225816668148
4,786152337075783	2,809181835912839
-1,6963868244024465	-1,8318083569467907
-1,101947804768158	8,171131525087805
4,580350799601811	2,6941989098778967
-1,3686494624315135	-1,9286987808618452
5,856717487344288	3,1505199977478027
-0,4733258293193743	-2,297881946470877
-1,4270629739491119	8,214986859483437
1,433363406274692	7,173614470228178
-0,30519725148216126	-3,7240608595457525
3,0338593055282654	3,743778009741522
-2,6037426375665147	-3,7673071042365267
1,2794365135076604	7,18554866876274
3,7884004606852053	2,801013297443057
-0,10716812625321222	8,414543878519936
4,716902207478108	2,7224816429645173
0,39031578307863724	-2,845291810348396
-2,5821917309268203	-2,261850337232474
4,579505893558663	4,3225137263138365
3,2314592460727187	2,8619888562744604
-2,725746574536192	-1,2586584096984343
-2,0332957947650785	-3,2663911520453768
6,1561316023574815	3,3282156941703454
-1,8345437355951206	7,21089143041128
5,206306986566823	2,618957501123805
-3,3947164554885427	-2,213834900141992
-1,694982920399662	-1,5990209697254958
5,001396576845624	4,523137942168491
-2,930196894469023	-1,4646996429548578
-3,013032538185234	-3,0165878566105064
-1,0853220129839412	7,986086725254676
-2,492106698448299	-3,0356878105866647
0,15963725112865979	8,528740587603087
3,44830318492528	2,894084575919907
-2,4136676171745295	-2,1474532794908754
-1,0792164696607847	8,040969129225788
0,9441542078994365	7,790065639063634
-1,680555291240022	7,334654488603739
5,851140335769641	4,048356165909395
5,912397408420902	2,8681153467325275
-0,11685029447996964	-3,6111957217658217
3,0545753618484954	4,021853118346602
5,969972327094597	3,711959622679969
4,562070865145026	4,379851823040314
-0,9266907818139482	-3,1712532171032537
5,41875671714936	4,228354371727085
5,454282970915612	2,9694569096215098
1,0592307600814743	7,938128754308973
-2,3772691481996495	-2,38917849786497
-3,2517647508997913	-2,895708342436589
4,906324875661455	4,5135341365285075
0,22010405185041004	-3,288323333345361
-2,384187202598021	-2,192017294315945
0,2647412924846564	8,454535759264688
3,2890885868876243	4,087443267812758
-1,0765177538486927	-3,3360610050256168
-1,111096000617719	-1,9039955539286617
-2,7159286907556157	-3,7703643259115003
5,0538642528253845	4,563199824016551
-1,7240710816320532	7,5084047914870515
-1,6260530772681472	7,568505758532196
0,6587013700394392	8,0921051489558
-0,5201203177117755	-2,66682077304667
-2,1437899726551666	-1,8297996953916826
-2,4012347968384162	-3,8506089442294975
-3,3759276823155933	-2,276183478351439
-1,7205392682276925	7,074767404578312
3,0009144403427737	3,0702877067409986
-2,518315212798646	-2,79827196054181
3,1273632376599423	2,969881362282952
-1,5099735937191603	7,6038218179593855
6,175920067233978	3,6398863488131497
1,0882197040276889	7,756449922046954
-3,1139764803025907	-1,5452461917930849
4,0588399948193565	4,443435177727062
-0,7137782823305457	-4,002581148268873
5,7175049425568645	4,109062098039969
0,7164920979372231	8,24844891679292
1,3865794364160864	7,1481494479014325
1,132678507102849	7,407972936711263
4,219097783802571	4,5171254579182225
-0,3838494168310598	-1,9149582192787535
-1,038320938012409	-2,471691412484782
0,18528734802893554	8,303224511087146
-0,6023519807395137	-1,6963361264229695
3,01597585220955	3,812218527092676
-1,5460522800162837	-1,7796923139615917
-1,564748348415783	-1,6539673437730624
3,773975736421808	4,436265645564319
-0,6443307703284338	-1,7278321018467238
5,446421063243674	2,9553835007424065
-2,5264939913723117	-2,865047681493416
-1,6238249086125207	7,3253656648819
-1,7234956898085763	7,658224144553573
-1,1044188117491327	-2,0456766933677923
-0,5389967095043386	-2,828295539129055
3,3677928842829217	2,7821964470064753
3,167760309823545	3,242442821651883
3,030487292700462	3,323516789026743
5,961462922170628	3,8123507117888087
-0,3830531538932042	8,395106721109258
-2,8718869921380694	-3,364996297832474
1,4643025175711668	6,871405370884925
5,2451146305840055	4,479139144331811
-1,3016765577587934	-3,567049768729482
0,124274092673896	8,536731294860406
-1,8301673804113787	-0,9766993886149979
0,2647733049171783	-2,4073622680003552
3,5803717205582526	4,33027491754871
-2,3852652607977065	-2,1565801911687283
-3,0977885498125604	-1,8957294270169962
-0,6978744627133016	8,309459047174444
-3,392109646595764	-2,5572732704536802
5,020012259794127	2,590361425687332
0,7793011284954279	8,081404055284697
5,9583825811939235	3,9911726741935727
-1,5383062637789935	-4,003369421317178
4,538031268159075	4,520195949795332
5,926107821778102	3,3422368520138055
-1,5846084053535223	7,533103076136608
3,9554600535155946	2,6374409174780737
-1,1928877370304485	-1,9500938728800685
-2,5261188652280664	-2,2611051074512356
5,906113051758967	3,246958766623854
-2,5850601310827943	-2,4177646658952208
-2,383709586091555	-1,9263060210257097
6,127246040003664	3,507658805710337
1,374835833653921	7,313986980572573
5,4531987314916766	4,236446690743527
-1,3735159451334047	-3,3790973614064916
-0,7169886282287671	8,347722435030555
-0,05489932419138999	-3,5568702887509556
-1,5985347499263811	7,532462423811578
3,1583663522225685	3,156026884483061
3,0895729842559687	3,121016099156428
4,793564894812732	4,616557995311104
-3,1935393898316606	-2,1418211582507354
-0,6260916237291589	-3,041690030901038
1,2966108355661383	7,386601561142296
-0,46047311748091785	8,316896243613263
4,7404728662245175	2,7077190150150168
-0,356852256694296	-2,011081174553494
2,978438980696775	3,6661815869280434
-1,2279832185025392	-2,135148679775046
3,407399416898321	2,865762469808767
-1,4222311868941249	7,714684666963593
-3,041315912099766	-2,3136702805004328
0,09702835713339675	8,3501844692214
-1,1233127195956407	-2,3148400649256007
-1,8089246714846798	-3,3208116193956085
6,070463417666917	3,820920572675111
0,23268013590308567	-3,329578368845216
1,2652927713830184	7,745340029266892
-0,7375259298211962	-3,1620672000431855
-0,5667691404613358	-1,3848979509272132
3,768066842979635	2,686428126417994
1,0191165622961047	7,601176490167241
3,068676322358174	3,4915232986064217
-2,1252804592915173	-3,0197146854259644
-1,9341328061040117	-4,03328234051521
-1,1436347602052077	-2,3732888275766983
-1,584199383912978	7,876917782779691
-0,33228010718994283	-2,345173260801121
0,695999090151921	8,246066929838992
5,117006318952856	2,507033150586479
-1,6091590578526704	-1,7887162426176397
-2,5380018441923884	-2,4126189603450237
-1,9132979897283628	-1,7318135470983342
-1,9429146888287603	7,0522168124624285
5,5199184773633	4,207504113803013
3,6340487134655	4,120415934807364
0,9540740492514321	7,93935857693152
4,083767048696843	2,6605439568481355
5,980195121705552	3,1438428117954604
-1,8427836412076108	7,510096268967328
6,0852569356336375	3,437079754399223
-1,2949194569268063	-3,399810147216508
4,502591572246093	2,482490426339689
-1,3038054366963479	-4,09338780162367
4,690551613031568	4,419468218803259
-1,1527383173818988	8,012968790906651
0,6426799532574073	8,37080305252321
0,08782678447877201	8,397085182083421
-1,0877356306388777	-0,9450451219734937
6,139832657114274	3,3513930955360287
0,17653803203970653	8,316380726753923
-3,0408293437527645	-1,942447155070713
-2,207709128301738	-3,3431803732422725
3,16760862441715	3,9237871157975484
-1,5585332683056194	-1,0728774084272334
-2,378047312102547	-2,9656521579452817
-1,9530845051597647	7,0160319890206
0,6580406349643879	8,332710028876576
-2,026231089881352	-1,1612108847292095
1,1767091479400664	7,689805095410442
-2,2454278359552458	-1,2471614721299078
-0,7730785516687719	8,453325486484156
-1,605826823413342	-1,5537944667239867
6,006976913186698	3,825722799146046
0,15776876393995032	-2,3362794783218677
1,3906147529209116	6,819828594199564
-2,0055689957930785	-1,7894016153834469
4,635772430827428	4,295296889171666
0,4075854259326217	8,255460312848044
-1,2073503807841588	-2,0755022787015
-1,7502420077638046	-3,3910868940290513
2,8934081002699594	3,4566531905240923
-1,8308328972478065	7,514980051973998
1,0983227888665332	7,69468398205675
5,555568619847016	2,8717086061913033
4,58537968172548	2,647622920455536
-0,8776000529902452	-1,3219324568952537
4,455801692386086	4,441468949768947
-2,5036344733880096	-2,0377274416765516
5,183590011437854	4,623619328582569
5,7282316095852615	3,1618614078556404
0,08400832483743809	8,145190257868224
-1,5920493670673614	-3,513347501654734
-3,2527085843648056	-3,0367787363211964
-0,5519214939045538	-3,053835616474883
4,551201114825913	2,5966651083314076
5,491630298205656	4,154365903644674
5,026589873383245	2,550648464738463
2,980924007436056	3,5315936716762466
-3,009632867842693	-3,3995767420072585
6,061092449797221	3,5694913968907387
-0,13561270904621248	-3,7667249683426185
4,48152967180582	4,27060529527173
3,0283317317579863	3,186288255801046
-2,234448467408896	-1,925397576160958
-0,22888491963251267	-3,7318089064812794
1,0184239920932243	7,709221997152239
-2,422231322728473	-2,6571294118435005
-1,3582954439074653	7,96438168811187
-3,1614311434503595	-3,32249832747921
-1,1002141789825677	-1,0416857687114298
-3,315930636473108	-2,1421490719470717
-0,0981295535352864	-3,272927170714678
6,016520615702555	3,6539362591769335
-2,072386993104004	-3,3216295410263887
-0,2376096196671753	-2,2001303972742976
-2,515098256110827	-2,8343894550568445
3,1996675748926435	2,970411613476066
-1,088714700937075	-3,4521109846391576
3,715882834324193	4,489526728176662
3,110709169433416	3,5964376582096538
0,48893695169899365	8,502728539122147
2,983120819077353	3,609614038179164
2,9181693818568406	3,2478410561435553
1,1886947960484475	7,792580122640935
-1,4621919954171896	7,887826736079696
5,6347131247460425	2,9461808013444237
-1,3178488166376803	-3,558047154135971
-2,240420861937098	-2,7946631854478237
1,1309390198971652	7,674252209757065
4,2647661578894605	4,266135662003672
1,4942597408975846	6,734164886311557
3,0218133171537085	3,6095786750360617
3,25965638054946	4,030380652663848
3,115631517809991	3,9897647559365335
5,620841127329743	4,2256208708978455
-1,508316055576791	7,71803461327681
-2,44016746479686	-2,9940521651127505
5,713523627624952	2,762355288527566
3,771452984767048	4,341583518453323
-2,3894953802541083	-2,9338203528518703
3,1598401650648276	3,0986521544553707
-1,725437286005995	7,648271523893905
5,5930990008718915	2,785037680311637
-2,012999654797054	-1,6877503561157186
-1,358025484295686	-1,6395497541454542
4,080071212696313	4,199033002077291
-2,2827893617083235	-1,8165494466712166
3,7277508303898803	4,168503105534161
5,981466493138345	3,401390658615731
5,8541984642701355	4,036852334113928
3,3407409031238644	3,016775384207906
4,036266221469439	4,455412234244763
3,11988161464323	3,1548498009233525
5,360487498654383	4,259363184020656
3,6656708799072404	2,749440117743818
-1,2804119237392046	8,209858628783424
3,9335105168554514	2,6207569164123523
0,2983178389407337	-2,484055162522088
-0,48249155004284483	-2,487166602693784
-1,7830745209139278	-4,161015665673746
0,6715743941808431	8,254657575005837
1,5561070003570423	6,8107454168710175
5,367716909002315	4,389172334302936
0,6428049898579775	8,171216572668618
5,64156442777114	4,125316015373655
6,152593006152646	3,7009741206919085
-3,288764876970142	-3,0573266362334457
0,8535439590601668	8,059039112655201
-2,112759986424636	-3,3264718814884957
-2,3974824590831387	-1,1671819908822352
1,4740303864102593	6,5719321210497
3,5190252886580087	4,28951052358848
3,518435595727998	4,351921585131636
5,648544068604937	4,192203625357379
4,408938353275179	2,5931745470604928
1,337816655365599	7,046166524266567
-1,9956336094549894	-1,6266343306078688
-1,22920731880758	-4,184284882286994
4,973530240481421	2,764313847530216
-0,5672685385038627	-2,9672239938030303
1,1966722249580766	7,098783121628792
5,832954262705236	3,238603471285546
-2,5337758793511957	-3,6028972035998086
1,241608884202217	7,555789597607657
-2,1907168492988136	-1,7241477650246604
4,774681216819866	4,578636804776135
3,087130966259566	3,2644426720796487
-2,5230029146608413	-3,0990204279907427
-0,5382683846775034	-2,838655429206076
3,728413551562193	2,7117428970134574
-1,029726048914072	8,081188172750906
-1,0202792814953416	-1,4892971572237501
-1,8411567150774875	7,111531170465467
5,775646071805581	4,16249434745527
-0,40519471328033796	-1,8635661355561022
-0,5389252568953911	-2,48947336550506
3,073493567169349	3,0677827473784163
5,568161641230226	4,145844804011495
5,4903703942399815	2,8562048981153136
-1,7482368942573732	7,344266994468281
5,243042423608446	2,804211953808349
-0,3887447624717614	8,2070093564915
-2,5105121688402603	-2,2566054561614592
-1,8306400068472664	7,114726324536729
-0,7075540315907676	8,164217207802
0,1987919000473226	-3,00527629205563
-1,8065839112213515	7,701271460537548
4,256988297062567	4,438722166347101
-1,686578005575786	7,538125136816548
-1,9584541516890281	-4,281714034385118
0,18749967105692122	8,290763269761142
-0,47490103028891717	-1,4835586800253393
-1,301657180455881	-1,8749106538918563
-1,3270785695932967	-3,508001723449249
-1,4011856818946415	-1,821203091103294
-1,0384278740462893	-2,3819171936554544
1,3223807224376125	6,770967919202411
-1,0566900176798089	8,23054006517285
1,3421711256169533	7,327031288691293
3,1460026857013847	4,008654941932342
5,395777818589113	4,204847739692919
5,8266516506090795	3,8529280596846736
5,073566888327814	4,429402878825163
-1,2386710002722372	-3,37857519968278
5,9426023924048845	3,5164616579104613
-3,21118967476445	-2,360625264241056
-3,146681530651745	-2,157742128116973
3,257957459429023	3,9899297560404445
1,11753294025056	7,69094458882949
4,805412699481365	4,473459041628078
5,922021442785826	2,760711706204575
1,3927346194347376	7,154770458713378
3,1257463740748688	3,7270642474548445
-0,33330387441882947	-2,150604807107873
1,2791372339045863	7,072500896930698
-2,571737962811924	-2,666205038039478
-0,9424992094095506	-3,1961084647251785
5,690489576483692	3,0096335911169056
-1,6530643170368562	7,7309953839203605
6,180049911645158	3,273536710066353
5,816352305793362	3,0827923944227047
1,3769745989734243	7,174413659238095
4,936730410279651	2,6770249870578695
1,3730908719893982	6,903183079935489
6,153910058031918	3,709392369319255
-1,2588857866514354	7,998406795927071
-2,3681915232396826	-1,9168434877142988
-3,19539516002167	-2,79244938602961
4,910481170841601	4,383425355234816
-0,7458374101105154	-3,1432723533534226
5,186120999922269	4,379876678940497
-0,7512760018482374	8,317469749425536
4,750404655395522	4,335458656280406
5,339651809918201	4,3073782858344805
-1,0516860658212708	-4,2334866271947025
-0,8834113570863849	8,259115183179112
-0,6566261826183362	-1,4512596104907962
-0,969637093389069	-1,0668007420898031
-1,8607600880793713	-1,7921509460417089
5,870764167809276	4,027595043986094
-2,6520317764695065	-2,509639040106046
5,284104232611942	2,9071428935367862
3,8256573785158956	2,8350294181737015
-3,3594166045280947	-2,8893366907329163
3,7039574021227013	4,349957500959741
0,5820252257004013	8,033207636089752
5,011229509446205	4,338820607909135
5,531721830776693	4,161350477384985
5,906406964501743	3,2754972565673293
-1,9792168419502003	-1,7116209609129254
-0,9876272847189888	-4,128751463490532
-0,3246421392562953	8,51705937780117
-0,986732137550428	8,34067676719318
-2,274409134632609	-1,9845409382675923
5,705446605186808	4,227853797948054
1,3472026059316762	7,5211415634825975
-0,8553131857183687	-3,2964157175684887
-2,0489974990135553	-3,3683865930047143
5,759939033523042	3,256008627547673
2,94394024111657	3,6504884134746485
-2,488366723798833	-2,3851283467883126
-1,8072028544234586	7,525410936108878
3,622669724277435	4,256637985817114
2,8307325382943107	3,2393779523412496
6,022115050245999	3,605012276112499
1,353435489072805	6,894248530705388
3,22346043180498	4,2089433986667135
3,012488894229577	3,3629650939119218
-2,238676329984262	-2,34900144087634
2,9022913928550897	3,403976085097919
-1,1351462955631058	-2,115610695907172
-2,4997996486152965	-2,9585307824780323
-1,6706112594708764	7,53091105292608
2,8703498442271176	3,4539103129116437
-2,4652981776384295	-3,9924148065757983
3,816851772093183	4,465045830339218
-1,2124271769772386	-2,1296197077193186
0,8863406519502084	8,124425771803939
3,324354390673469	2,9798901749885762
5,0169248498830505	4,489033835734393
0,5532468694870997	8,202108762140663
0,8282315910500051	7,901739895045537
-0,12625981904502015	-3,5586613089983694
-1,2859237382763544	-1,776677409788448
0,22399690679434847	8,265941272526787
5,784267936669021	3,1640995806613166
-1,2696584631823717	7,874827593337596
-0,8242008253800097	8,182551969303944
3,590756038342838	2,7209274544482325
4,642306172666726	2,661052098759056
-0,9158170312061186	8,429386567697481
6,024742483316679	3,2551775841245134
-1,7471609942707553	6,677273797077805
6,061730964990892	3,928816464051557
-0,6633511490928014	8,492125412969889
-0,48703138458251916	-3,8101259289754603
5,280125790763154	2,866635343231505
3,0153347584629864	3,8520137335118534
-0,49770479692485603	-2,7243148236208596
-0,46334850396947774	8,305583836870758
1,2747008417214603	7,418480332196863
3,6868748078045313	4,379453983795792
-0,584718811093393	-2,584510386716512
-1,1357359476551385	-1,035585813419642
3,5858925196843234	2,823213989152895
2,884089291808824	3,5846608055874265
-1,8428903629435758	-3,4231209007610452
5,263702331024787	4,5478907797320165
-1,4144166981782686	-3,4983194315401485
5,963783927866467	3,430624925776706
-1,909862485228355	6,811029029297743
-2,2407146932386093	-1,9291232330696573
-0,35619049993739016	-2,6410362997661094
-0,5278996197914001	-1,6450020204846594
1,2044197590867292	7,4592357472199495
2,976173206754584	3,115248012575158
-1,931403144788113	6,712866425274282
-2,9851295342135016	-1,4683069690613078
3,6657780634502943	2,6720417237265357
0,3120349714782831	8,3057750792389
-2,897516305478593	-1,8012269608717608
-1,547338892851609	-1,7295302920872069
3,063670406628736	3,3275441549684377
-2,0172406345400997	6,872315975331214
4,2780113170818534	2,59059775828916
-2,166761691903265	-3,188591117193237
-2,1891529014059206	-1,738759426783052
-1,4447261864428778	-3,2804989955463286
5,582538108757914	3,9159079851841825
-2,0893722423859917	-4,255331518567717
-1,466879044034747	7,809993659526589
-0,9602332493487539	8,267574977527895
-0,9287682350081702	8,272576265173715
-0,3785408770183254	-2,463462799228832
-2,0821051079551816	-3,1371250488825027
-0,8842901445942082	-3,2537673608547113
5,110257649895651	4,1677772078176725
-1,416114224531427	7,9333238432678455
-1,1016439139496945	8,021467585400746
-1,6904317568098435	7,656806892196351
-2,1124711266152136	-3,2164730526992216
3,1613663505434735	4,112607105610728
-1,7246322471506415	-3,359773561776431
-0,07813203000897334	8,393638985947423
-2,417520752467456	-2,885139419541583
-0,8518447636592198	-3,4502639696865853
-0,06688026057181029	8,441664629151239
4,4733955529241385	4,4541893825544765
3,04736928966524	3,139706806334482
-3,362600216881013	-2,4470170774311923
-1,1938868556033688	8,477104237713144
1,2989296063190963	7,69107358580784
-2,7236415665195675	-1,101997857242301
-1,3956827095528321	7,778332842488206
-1,4193545327786146	-1,5120448768321957
3,71880203162623	4,467483902590783
-1,9806161361759869	-3,2200478767212606
-1,4721433289473111	7,969907759499323
-0,7275349227762198	-1,3926790408834004
-1,4641949881303953	7,691007640455606
4,195159074531392	2,591476031819404
3,1250433637711756	3,0997782346938227
3,0873050480273907	3,693947964751977
-0,8515612741116133	8,302831836328355
-1,9760395984905847	-1,6311261425198027
-0,48025873218735127	-2,0309842490706043
0,7188947548774446	8,095559082624188
3,1917848220210474	3,1808549069453136
-1,4372477320230168	-1,675080939723375
-1,8892559081426612	7,2617675614240635
1,2874891843477057	7,126031991695408
-2,2846784063742995	-4,041057629522575
-0,8109650150211893	8,357570047624272
5,19486180675037	2,6517067984485285
3,5708773555364974	4,191705096319732
-1,8890837364824582	-1,7004777414923726
0,9056109058588724	7,960910578469504
3,4626262709358384	4,227030859673979
5,251849141732153	4,258922763748021
-1,8210081624875047	-1,6831354428072274
3,3992477264474728	2,93834023905986
-2,05733575086436	-4,2091779397679865
-1,552765048539663	-1,6741425539381496
-1,095324381936814	-3,469229747220147
3,6016562934989382	2,654727288144145
5,541027417136645	4,160336339443723
-1,3996710601548883	-3,251067904635768
-0,9271092827342426	8,25000983155453
-1,427659694534059	-1,1366793600242202
1,1177112018615931	7,460687397082093
-0,2554526943319353	-3,760257928465725
2,834350307697938	3,732184127684369
-2,9687635355150874	-2,9235283696724217
3,1630588357586857	3,0964343836999286
5,106267632715011	4,311069090930744
0,16272063567671308	8,447057070761117
1,2432941222525802	7,138945388504639
-1,5586029206152576	-3,4655157172159536
-1,4160463959541094	7,907415858789943
-1,5988339118270725	-1,619214599556539
3,7788723999472014	4,336162132217961
4,904499824424312	2,5449897877185848
0,699405162394561	8,13575851772696
-1,4754492940278416	-1,680328660204995
-0,0722009699915086	8,521212927657748
1,094844025188547	7,529802353085111
5,2833198978535085	2,7597547910396942
5,95935583726766	3,6986894949503735
-1,0149941786967516	-2,259400071616357
-0,9628185140328596	-2,4837712929688327
-0,0024046207006002684	8,392116021578625
-0,5326068436033826	8,418053302005319
-3,154829807806566	-2,5938605811357913
-1,140043002377654	8,208163478684554
1,3768144681792387	6,754947567439554
-1,8539564324051567	-4,104071147894908
-3,0526000736063024	-1,7826977394461965
3,0133964550840595	3,3326858802902986
-2,164365902715155	-1,8175127606961012
-2,446460002207728	-2,19509522915572
-1,8278299229186967	7,491151196074972
2,9000369690479104	3,3411162043581193
-2,56346077087497	-2,655743402101783
-1,864857279422707	-1,8494354025137762
-1,0942507414087226	-2,302003849731295
-0,9585403413895666	8,059489756092857
6,050504729572592	3,3276636032202807
-2,308197567078599	-4,1020762323851505
2,9647408741257752	3,5127918589196776
-0,3633280118635249	-2,159987039098311
3,7579511913846613	4,36292652478336
-2,939805699981159	-1,546394527953008
5,237924813682028	4,211812520912151
0,6701135165553266	8,03943052255087
1,503470575261906	6,977560142439127
3,691649977984741	4,206062049942255
-1,1190481022141672	-2,081018739286991
0,08408019813220607	8,410610460670078
0,3353104292571414	-2,7793732054615887
2,8807426791517945	3,4976254137988407
3,075637374432663	3,965768981305961
-1,3397757564923578	7,92571780536836
3,488814880196709	4,318623385417464
0,3054360693414887	8,432118493996665
-0,446626515341957	8,181117935880291
5,887021678334918	3,9964808476122955
-2,16108794940305	-3,1249073410943855
2,8488806706016065	3,770828159507148
0,3785746513089965	8,206176676326253
5,917800762257897	3,772781159715406
3,608684620378702	4,242337519844154
0,7812897311417848	8,005297468600086
-2,854000898963851	-3,6861491388101406
-1,7458944567948738	-4,398101054818406
3,6793543085717566	2,7596357829188207
-1,2914798091247506	-0,978450905601115
-1,9514972118395078	6,809240119227433
5,781664262568069	3,018456184606764
-1,2946004270593594	-4,2201622141242385
-3,2079092474805337	-2,1593010577826144
0,07562187204205739	-3,5049220543704567
5,8435293518316715	3,5777123842628997
-0,3509896359649731	-1,660137853151367
-2,383941942553804	-1,2052328892165467
-2,9928399226985016	-1,7962973793821995
3,195404031494363	4,213479544377387
4,846334617352531	4,481109701178102
-2,5243486533682136	-2,558915798093393
-1,0935412773351851	-3,4286607308459667
-2,974953913408456	-3,4526122162772683
5,208788063582956	2,6861864504176998
0,004718817261615993	8,424130099454331
-0,8769542313264005	-3,254402980424774
-2,4599669947249083	-2,4993535259689437
-3,017617869164508	-1,8273658988396555
6,086386617997216	3,5992844732050306
-0,3579150324357476	-1,894352773873207
-0,06173170596495395	8,346128510284514
-2,3335055221620427	-1,8872903629286828
-1,6224413738564718	-1,7441744867162385
3,4199210461493372	2,9082892972454926
0,791376817108751	8,01831636884216
3,3787725609104937	3,131799499992789
-0,6320008182661992	-3,9187777360676668
3,106907794377073	3,729048831232056
-1,7236169071904042	-3,371764120496681
-3,197448437678184	-2,7331863313266
1,091089080936036	7,975288571851718
-2,4422618923235966	-1,1062506434088295
-1,9148080821174256	7,101314209815099
-1,7115832969375286	-4,225208840523475
1,4409776110417933	7,271093644508558
-0,6560100343162955	-2,952978872045286
-2,2490237957192116	-3,0415867850825173
-1,7948646250834146	-1,789543321627464
5,325992059211329	2,733470807423786
-1,5881550482175997	7,618316156808698
-0,3546455687726402	-2,25021273466032
3,4932985425757295	2,810715804963836
5,668378664700763	4,039264128703808
-1,8799440469181468	-1,7999869544959521
-1,8548583131509457	7,10404773258172
4,567841978700809	4,544735328893505
-0,836613808261122	8,073864005540042
5,844126021003268	4,088120090342973
1,3081725071770214	7,459810370705111
5,470796474199672	4,243717672189383
-1,3344167815173216	-4,299521991060019
-0,38298234892194793	-3,669468552251268
-0,7516575486138608	8,379582525670255
3,535516447357815	2,892960139155914
6,21145409971968	3,6961158725402306
6,094727256962656	3,6621017292931577
5,815587399416637	2,9980603487322557
-2,4758918669030408	-2,111116096903134
-1,4938382479507353	-1,7090432159182707
1,093868551296671	7,7286823665351845
5,744814978466223	3,883658835427644
0,3083313140120414	-2,5634161307146495
-1,3758104630673331	8,092878688567916
0,20013642605655768	-3,1380429802428806
1,4353921280351556	6,976446809291663
2,9564205846977387	3,5307427806032914
3,959168165347953	4,566077211834147
-2,0729512330875233	-1,8189948643176592
4,492769727865781	2,6245545521624667
-1,6966146730739688	7,7001113861441075
-0,3036897912619341	-2,7288922838896967
-3,1629347676285784	-3,039826518353421
4,154973626556426	4,3612327110956635
-0,6215708660766472	-1,6302502381880561
1,1944570874826999	7,64542123587482
4,731647195699972	2,7006143458389067
-0,34951607104522764	-2,5078577150540307
-2,6649725994291362	-3,7383653230570233
-1,5565306588943142	-4,278948045281192
-1,762689055191119	7,723628928080535
5,903019969365115	2,9957899402737795
-0,6630649002357138	-3,0700224807833187
6,1891921312254325	3,6098320075582984
-1,2793383888634398	-3,3765655184725683
2,9198263268041442	3,1479002632108966
2,86514833996433	3,7153489042452166
-3,2594863973213855	-2,4666025751907372
3,5293323977410767	2,8013499735235556
1,4681976596635162	7,271378991690874
-1,0027910575290004	-3,4101219584281957
4,439213526971834	4,399210945559578
-1,9651410942837917	7,275094139294533
0,6683524692196265	8,041270015348843
1,1523708786073448	7,7215939469013675
0,9682112661633024	7,7430664197905905
-2,4799645653570197	-2,859935515970073
5,338493211032577	2,6957830376655405
1,3384912318940543	6,904580662499937
0,8863785533582971	7,839847349451067
6,172488925583584	3,5330994563375655
6,0444213784441585	3,4536847697888273
3,402427189452217	4,2921786587875275
-2,2921090397728485	-4,027204646479779
1,5895097936960239	7,159684509773871
-1,6723374863077787	7,546674909467192
4,8709864971948225	4,519910610948018
3,1698248838994374	3,774769379017613
-0,7259756914033815	-3,904616888489368
3,2542862493644704	3,940888079830649
0,3610403696044313	-3,040416700826297
6,02204507173694	3,725756387839005
-2,242413714280858	-2,8188659944599577
1,5802847616567575	7,018214215497463
4,680264311278329	4,406474690446409
2,9990435434374394	3,1721779389328932
3,795604644218214	4,212920673815708
-1,4694055296792956	-4,1561050652433105
-2,272656153671376	-1,0320641906824581
5,890121126364445	4,348180800286592
3,0926427017533826	3,682779281975071
-0,37444584840424655	-1,6113166068529057
0,7052941233692871	8,292557775993167
5,222866117173775	4,530922433934431
4,251680504041145	2,592549747725906
0,3616625614968264	8,331938769435205
5,089490226148697	4,323649006922807
2,9413708281158453	3,07727117708487
-3,025716998014934	-2,3162307925911274
-1,1617184120563606	-2,0077491099477087
-1,7424795149297343	7,050323270116933
5,325410830138953	4,284871542750124
-1,6850155753498508	7,4657492731097355
5,709835542318927	4,307893196528966
4,88916129700581	2,672342253067935
-1,4436162551958185	7,863750087280862
4,496485331284934	4,51753247446198
0,22828040890782453	8,508556556269777
-1,2604854324013108	-1,9454673154362148
-1,35389190458688	-4,274898380606955
4,172086921123349	4,312760318700748
1,264205470119682	7,289119622740905
-0,3704874443686665	8,324652773416153
-1,0614299419821598	8,077151439147682
-0,6952552520061633	-1,254833906743462
-2,332973733780549	-1,1225817829777285
-0,7498671239178228	8,181444803358108
3,49817720779377	4,1415875076331226
-0,22359318130822292	8,258898484575257
-0,5628409355853912	-2,416269359470719
3,0707087964592086	3,8196090395654503
-0,4687936623663216	-2,0175404122215115
5,569537600960529	4,229720506642611
4,01274872300418	4,284614589966788
-2,423055197726897	-2,443752872912651
-2,4048305426908545	-2,0619281327311825
-1,2427971904425463	-2,0459423493769346
6,088834203202881	3,231429276554114
-0,13471004366175748	8,387597321183883
4,820391609201747	4,4278564573360155
-1,5818736453258344	7,706527356165999
5,116037758005732	2,7206706644299254
5,986019075572375	3,8800329153607906
5,972515130123605	3,7207748985963702
5,935229889334725	3,560195001708161
2,9564660393006097	3,522665010976968
6,130703447518877	3,8886279340423795
5,160895530533449	4,32036625129782
2,9241351412817767	3,9896051252651707
0,0870572179532233	8,434230491960415
3,150528440590927	3,20596957185744
-1,4448637854457171	-1,6640718489034194
-2,031457252765908	-3,1026959680880566
-1,4278901025527622	7,918424574703683
-3,2843876402380223	-1,8247836238299118
0,7930434564564541	8,025710804056793
-0,9337554208702353	-4,014692636562996
-0,33045568946739046	-2,0170992553972003
5,322597633793642	4,323339006081589
5,2519167575547945	4,1487762272500195
3,6816383678254936	2,6666371935943216
-1,0337362834051773	-1,2039554659358107
5,299115787112869	4,242234611023569
4,280924349979347	2,515727827012684
-3,255756270279189	-2,315429369418024
-1,5174748132590279	-3,510088100901875
-0,2612374124940975	-2,1405373405279304
-1,8713465047312918	7,416974395990878
-3,1492232626821997	-1,885743474253922
3,5472726140700215	2,965768238098547
6,018627735645212	3,4692547403214613
-1,5251366181119148	7,657895913693685
-1,8707241629487712	7,074728637943522
-1,5497970954777334	7,277707887759378
-1,3855473432282177	-3,445379933325402
0,6816925171426234	8,059139699773588
-1,8797039217263354	-4,122723103141806
-2,06756350396919	-1,9396576699887234
-2,543383550530664	-3,6372051384535338
-1,9014648769926836	7,4352312674689935
0,86055204071808	7,979098661259696
5,46587550429502	2,601098871631594
3,01291887984393	3,561902162572359
1,2801485100902064	7,720221632093085
-0,9145967797951469	-4,113583134498921
-2,1040883846946072	-1,5615015194309572
-1,5436494489623716	7,584654184342799
-2,3979583677345073	-2,0145315534840758
3,202105153309599	3,218422290736372
-0,5943740341944141	-1,4529475477408273
-1,1943686123912087	-2,2726658509726962
4,811616138900089	2,646975105390781
2,8914144656251497	3,7280859495610774
3,246054424571099	3,202408695722034
4,753171464605728	2,7514486672191496
-0,6063418945881516	-2,7235999048620134
-0,39060361166804114	-2,5659236405206403
-1,7897316661748284	7,453818073330064
3,0983277268527707	3,0980868944997226
3,6447302681553047	2,6574066117433466
-2,3025997173715442	-3,033413670683337
-1,6064799185504974	-1,7498899894896853
3,0031283668401922	3,7806505873244043
-0,39138759391220557	-2,2932433002938706
-1,6569226538331525	7,671104873838964
-0,8049515125815813	8,226290154597061
-1,7040159879324173	-3,623062820514699
-1,0595665290527654	8,143960957242772
-0,7155452081311402	-3,193006722128301
0,6348850542021912	8,136119497956592
-1,9893278360806947	-4,02149952608816
3,407871373482581	2,8793086983140213
6,005695372485986	3,9863634006032296
3,128894306839147	3,757564630793994
4,0739932682735445	4,589050968075622
5,9209362812218576	3,910916306407599
0,30454413670260017	8,275333048497927
-2,0346441936590867	-3,451721788513441
-2,2971097806798833	-1,7945706318111103
3,8198350833665105	4,273084341447479
-1,2804808940394352	-2,5345204902009937
3,51117565029938	2,8475001252523855
5,0738088447208325	2,664000555616407
-1,9198540909007327	6,752318370877309
6,034243112742505	3,2915422685724316
-0,6127932808040786	-3,1794893454029154
1,0387178672271276	7,787383834104034
-1,3440800820145147	-1,7920872466911815
5,508375263130159	2,5865652407402058
-0,748082083367061	-1,1736483765019792
-1,1984159757065813	7,948899967195323
2,9940329011151054	3,2084740408834493
5,08171304657435	4,441834288445584
5,802018938622844	3,9738841762874904
-2,162083919043633	-1,7409380408539477
3,9877681306123063	2,7574044681396668
5,6387091320069445	3,9520940593005904
-1,6155346083295248	-1,7550518557601569
3,4298808061734802	4,230106865667708
-1,0324793245686679	-4,1652092797029905
5,673881478931228	3,9163770049634072
3,1961350879159482	3,360297831896258
3,066528668726227	3,8300271996081996
-0,5866320132324703	-1,6949788610034395
5,521852680266958	3,0497882178795517
-1,8774754462784862	-1,6832501131554727
-2,8861172556950745	-3,654106489444138
-0,7438922219014265	8,18009921641202
2,7466605270048525	3,511440740673532
3,48059551573215	4,2001548605804
3,93338564821185	2,825482188008899
-0,9966833688144611	-4,22978878992069
5,534209300031094	2,8907468364709947
-1,08999682368857	-2,0335380790877946
3,073528945091496	3,8936712897223487
3,1779297902820867	4,093663978043757
-2,1178016523239034	-0,8879852505698083
-2,9364041479587772	-3,5187424846653057
5,199482718235419	2,7328009477860093
-0,6478572725561811	8,251812764042564
0,5653578103283428	8,270552293449192
4,519104296093092	2,6187291582883256
1,1512727463594077	7,668259694607109
-1,8131188577709767	7,359672797719426
-1,872170722854458	6,987871707208261
-1,9167325872306233	7,319792025922649
-0,12075824280493322	8,476384580058296
3,6334217116073093	4,155864631053985
-2,8927327578090196	-3,76407769369514
4,741093659517769	2,6640508537171086
4,960080897679339	4,34381072660294
3,213257079794995	3,0730274998299874
1,4192439891139401	7,033707688749776
-1,451444554082927	-4,087310331552988
4,205634248501547	2,690145304469917
-0,9656929678156152	-3,5475327120903453
-1,1665240170676796	-1,8875525803697355
-1,2940688043917148	-1,8374535845070272
-1,7416217299152548	7,483246270321423
3,679682278954478	4,350373760181309
5,898031662458748	3,445170571739986
-0,17585994336038602	8,371276766600863
0,7046641958005433	8,137875308622853
-0,7367068883224185	-3,95453615115179
-1,2304439624409036	-1,778840146265384
-0,16856577918070692	-2,413330533973416
-1,255385241393963	-2,203133594066457
-0,11672657223142963	8,405660195131013
4,599276908158648	2,4817114143295917
6,098514564815049	3,8003663728053585
-0,7847228394994274	8,200345980188018
3,3585434419563978	3,1292865346343084
-3,1819558608551946	-1,800171313078918
5,85738788377849	2,9986162663189537
1,1145049985808244	7,66945451651153
-1,2709660866648733	-1,9112343918126722
4,356737843302387	2,6674605559599947
-1,2750421480981664	7,812239839140182
6,0793288288381895	3,829090583615186
-0,4760671597250048	-1,7934175199820683
5,432604868167243	4,192654011919515
-0,6521495756310269	8,575913659793565
5,093691217086799	4,45316690461521
5,300604354923022	2,793665405767278
-1,629459905223586	-3,4580514267348805
4,902965250409516	4,449084745130612
4,075300081267796	2,7425792452217634
-0,4681828705007376	8,363480902530938
-1,6527348665190607	-0,9202506687636673
-1,009015530920693	8,150133600876678
-2,31629521683966	-1,0510411707408542
1,4886571928993841	7,108010384308521
0,6722978195066693	8,316443579421918
5,727171681582716	4,1020476803795525
-0,3738650022593307	8,436944728290142
0,8876974856725883	8,032811519981923
6,211059466393534	3,8486565626019114
-2,2443322724653196	-1,165571636706476
0,8622525460561179	8,027191354111872
3,1433507349839216	3,209322629302532
-1,6151280517532876	7,2777555529486655
1,626090047319861	7,315830587685738
-2,5174315086262613	-2,6628993971984674
-2,6355424472246316	-3,868430490813794
4,413606891420491	2,7436816539476014
0,029860510590482725	8,33839643213477
2,9528884412870298	4,000954443091678
4,414730300192092	4,503895702568882
-1,4386562466003416	-3,335602241976146
-1,6115028961932059	7,423719398296582
-2,0986244500812137	-3,1825409119514134
3,97021537470997	4,281950427307938
4,306616787793444	4,441117854930027
3,369996502734261	3,78563096302807
0,604863835197941	8,243888672032993
5,45584909080729	2,6914663523556728
4,303250576359878	2,669113343383586
4,8219265601840835	4,549524260890721
5,422574164597848	4,158016592212735
3,3334962456681225	2,8623184553112964
0,05723979274804014	-3,2712255967287347
4,609621138914097	4,5262951222796035
6,139618449766551	3,600030709574849
3,082855184594335	3,8281968972341316
2,8727437568984335	3,57552906650966
4,995726379716031	2,761237003354087
1,3611915147438167	6,9244156606759555
5,805477828308958	3,177782368945326
-0,6360869890888312	-3,999030693761152
0,9957381218911878	7,6845139682295445
5,646319753208458	4,242208520116025
-2,0242653859517565	-1,8791551745473467
-1,470261037162291	-3,397409659127839
0,27182917426241776	8,206846896435225
5,7393633971995435	3,180876429360043
-1,7000513311372751	-1,62421792675475
-2,011713699714859	-1,6599017465139865
-1,5032856226313034	7,50329706050926
2,9576886804450977	3,333541690316544
3,0462880766745384	3,3311259626821887
3,2242229851883755	3,35476687330101
2,995676324519377	3,45165615876712
-0,15553680872244122	8,460267413643276
5,905409379388997	3,5851478009377895
3,1970954881148024	2,97254375249549
-2,328027512705175	-2,9505205705382176
-0,08765024582803904	8,237551959405357
-0,5197357844922262	8,360190983928383
-1,0000924205403665	8,167002109050122
-0,3044333340205833	8,354754517416277
-0,38474497379847095	-2,135748312629904
-0,30496693401089137	-2,3434648395583615
6,0699801229374035	3,296845643034592
4,5245986226411485	4,468994280285625
-0,6301765395900512	-2,977418945510125
-1,371139591407344	-3,4895990226641818
-2,91658266974549	-3,446799552555387
-3,1415763563702153	-3,2101971341794786
-2,4664705946389565	-3,056729077975637
-1,1683940655209804	-4,232119179579366
6,034892650184442	3,372071382650547
6,044691914784503	3,6187684584212447
-1,7079733125877512	-0,9159521600422185
3,1071880704619312	3,9349822545608633
1,2070942260521669	7,205765247957221
-0,9702895662469598	8,222935750893607
-3,1652915177960255	-2,9233832078271575
1,2216907414463039	7,544503611835833
-1,22565564886504	-1,0792133698964737
1,3526435760730002	7,328783343326904
3,362491801096049	4,241099299384329
-0,7639656336413262	-1,2479063203923313
3,7614707246350956	2,8035891601979395
1,1273479712804049	7,599947405822515
6,093103015037298	3,8176828988938953
1,0415214129351769	7,870378660774482
-3,0337959478099323	-3,471282461732986
3,7727730386414637	2,5341439176006033
5,783773259934094	3,053665737926797
-1,116585920599146	-1,1235180443216777
5,1246019053780545	2,5023035821077566
3,0089169096400843	3,276095241159567
-2,7910329200627073	-3,6538491176944197
-2,4176110465965266	-2,789701162278476
3,9962713502836062	4,428667886281177
2,9966018727858152	3,7522355961703293
1,5989995871018194	7,1207785869752955
-1,9627485837366052	-4,106144343261243
-0,9072235862518233	8,232776265816257
4,131413251938032	2,717448948230786
3,96416195246298	4,3514038690427
5,967925573358876	3,0399978238476857
4,714006295512645	4,62169310048118
-1,6816369469319203	-3,5256284516255407
-1,3029765673904767	-0,8337197496159807
-2,3654221588213384	-2,2968605404618483
-1,3943213147025961	7,8236941994158
3,752684718177332	4,188806942496003
-2,185555717201412	-1,5945199017636749
6,0501039580108085	3,189417441002931
-0,36276096691197446	-2,5513676960281604
-1,4422054983538566	-1,0138417399246071
3,518502405330902	2,8952977766174115
-1,82978316250294	-1,577196959340391
-1,8896551051132708	7,410193751671974
-1,9386812888405078	6,919741967510341
-1,0397362846402909	-2,130518101259801
3,4273264620414676	4,408155810876091
-1,2859007216301133	8,00470555377241
3,5076580753897257	4,076674001557162
0,2937444586373973	8,113525367284778
3,2805816539509367	2,974425532785685
3,838692335547103	2,7108029165218386
4,730453861715458	4,355260989816713
4,697479049695502	4,612488424587601
-3,11192171124752	-1,7011085461226436
5,52267318495717	2,9708212937982683
-2,267116743683474	-1,0255725397430082
1,0019758740724718	7,82648797634861
4,378857261271414	2,676040386515438
-1,6512929948533355	7,370891194147695
5,5466966727455045	4,230789864140855
4,988309698049362	2,6301946719154436
-1,6653488738892595	7,336333507859949
-1,6924290700647189	7,287238588742365
-1,5858895278047735	7,685163477405193
-0,22163805312091606	8,428290302570955
4,410182015858763	2,622197781527422
6,065320924406046	3,301827385852132
-2,37307871345957	-2,7602867105517013
4,925546149011042	2,7158730620042717
6,000423233212054	3,4283651449939017
4,620782548267205	4,611637696139296
5,628284213823418	4,122266553056972
-0,29194531788313605	8,343669395896574
-0,898274360299781	-1,359374776316253
4,54277969330761	2,594078503052552
2,9522694072138664	3,352432723980947
-2,091159528319929	-1,0163358738883714
3,4576922199226665	4,213155536967961
5,428242035824961	2,863553787227662
-1,0203019486573024	-4,092996355134079
-1,6831887713558231	-1,0448246203892557
-1,2461835085218416	7,967885849399037
4,734527607319343	2,719997067040104
-0,31583663721615907	8,309961059556462
-1,8148815348387266	6,952208566403074
-3,129518619074723	-1,6641316396226622
-0,5546534232765765	-2,9738158681724944
1,2197634140597178	7,456490014161825
5,9819506305028725	3,655926837520162
0,3926464921119379	-2,680096836117872
-2,2472185551571306	-3,09483436535533
0,19755475614480922	-2,7458270226298236
3,094779128679083	3,736065730703164
4,922404398804828	4,4851085951051965
-2,3492861408144914	-4,205748409430622
4,276343985249055	4,658350715020054
-1,1614325310724487	-3,357622759693004
3,1792916733511376	3,7653407933686776
4,069567292132117	4,595863812013153
-1,0680704521971696	-1,2382456526290964
2,901484335821821	3,355644211083224
-1,3166181538167048	-1,9316756617023514
-2,9219959337515307	-3,277411367269292
-2,023572985078014	-1,905454939322521
-2,3254820415495403	-0,8469382875488822
6,107822839454331	3,628322962399505
3,4243524777053445	2,748877013623008
4,678788793460919	2,559313369609417
3,78484425237127	4,315770255809136
1,497044643174429	7,049802378079045
-1,73631429126238	-3,6451256978386226
-1,3018568837498514	-1,7376720947570123
-1,3808200368813501	-1,872880778767561
-1,0680834381230104	-2,2612268387558023
3,7041779246185227	3,0416961914315106
0,07558726047622266	-3,1949167643757255
-0,6058437352000389	8,40771684072574
-1,8144947246124523	7,040842718477745
-1,0467195635758868	-1,1119041677846493
3,1244010710799675	3,8299317780283095
4,634609816362935	4,545640882317093
3,876043068599588	2,8521579848159093
0,8414282767606269	8,033772060429033
-0,518865828738287	-2,5284416619470322
1,2873276860958218	7,607785364311624
6,027975422763589	3,636349941512445
-1,348547966450336	-1,792058228239077
-2,0287645895100477	-1,8011847864819621
3,1137527239928726	2,971080823216239
3,257846655812598	3,1318860739350796
3,1257203114999843	4,024452105861962
3,8472905658622167	4,542731274348999
-1,1971785916416398	-2,3753949756666364
3,527594006963064	4,207529974989377
1,465229155452247	7,159009094847452
3,3841159270645513	2,997626146248592
5,568049451140258	4,281355487443714
4,418114069459931	4,452663950046896
1,2571571092695129	7,50111067520772
3,7497926689836647	2,6550223127884625
5,129525510807161	4,263951804835601
-2,0585922705351645	-3,307207369533575
4,1838650619155535	4,356825366224541
-1,9557928963522553	6,988505486701439
4,828781583282657	4,461655725331892
4,976380342239484	4,481366369527732
3,358295629899607	4,31767536371611
3,3306205675949556	4,001278824807227
-1,0637094744366855	8,169456983665269
0,769425163388219	8,150356087192524
-0,8156720373628992	-1,1875170987496237
1,4253609573630854	7,0711971901342885
-1,893146198033277	6,737863571861671
-0,058254389604725176	-2,241730506897012
-0,48488208768261476	-1,7126195235779085
3,1669675154372126	3,9180507529554474
5,86671529951847	3,741870576295724
0,0578677504498063	8,304991111658305
4,599906413254622	4,394741605424381
2,9035566100332257	3,543365016258281
-1,0194729566747456	-4,258170644408236
5,5601373515862065	2,779222290983963
5,413424351288613	2,7214630114371583
-2,5871071437584634	-2,98483170683824
4,349099631493243	4,398940767353367
5,191432878391692	2,7320917279580694
4,6375140553639715	2,691869256873081
6,035487575117602	3,094350079572314
1,2828370345073923	7,732162218070944
-2,6601273231244846	-2,3491387252017844
-0,0646624846381787	8,324485312911913
-1,6447429995753757	7,562830246999367
-2,4148956744501735	-2,1265154374012702
-0,7016350785305066	-1,6042769951657818
-1,308253543975219	7,823080603908186
-1,8805321259727839	6,970792646469511
2,7595054912508084	3,3021741025944498
-2,478872916217008	-1,164266566109175
-0,6322655102527421	-3,984614588561625
5,874766733075345	3,185442484785854
0,2015166306756076	8,322120744732167
-2,072416376195562	-1,802669989603257
-1,2520388089867833	-2,072569344873178
-2,187224208047879	-1,778320605862929
-1,8197840317393585	6,891374447610778
0,1357903218725085	-3,15277519141326
-1,4800196637746563	-3,520454221812467
5,179479383688452	2,6883396659521432
6,023977422915395	3,5498693331765057
3,3127434381942122	4,258002298312164
-0,9716492372168439	8,102411198612788
-1,525254767467896	-4,185574581260117
-2,4919036675248742	-2,856049645028804
-1,3357772355807418	-4,094183782555821
6,046634413739904	3,233678337941781
-1,7318346245627934	7,164511830540383
-0,6214835516260089	8,273516663448104
3,869160223206748	4,138016449610435
3,1470011768356145	3,7760549509532098
-0,45056034355059627	-1,7774253375857656
-1,6842343640859707	-4,149331495332206
-1,6363373836278594	7,7185074660104265
-0,833640528972101	-3,432922028803384
1,3042336098245004	6,923161840301166
4,8921337075534925	2,7440387535352597
5,327080476405181	2,769448985282148
1,2016744543031195	7,339455115425459
5,5770479149017	2,9803471587980432
4,39619052447806	4,434385198140579
1,0960074786361977	7,700474629155081
4,0972705531266564	2,5847341940148656
-2,7501791173946586	-1,6793258866703789
5,954762109775632	3,1778786434539295
5,472726786786181	2,873759267359924
1,369178415333988	6,758603961958861
2,8965407912015055	3,558480249331281
5,9331312986930165	3,561901331056103
-0,8409036927600673	8,139451579000827
-2,4569908438431742	-2,031071245732507
-0,2287086430477929	8,420106279368698
1,0821409526072423	7,894170315251436
4,101401801002771	4,276824245596477
5,814954644078098	3,9651229202849727
1,6018647716048169	6,878958798217515
-2,506863885414525	-3,8959624705618485
-2,1392732801957557	-1,920890770907921
-1,6870953585803723	-1,0623347161720502
-1,548095624017207	7,840009936211315
-0,97809434258264	-2,3968480113755364
-2,16305944837092	-1,807160754750179
-2,6918039214742437	-3,779709123518737
1,4061666359215517	6,821789527587336
3,7662371414757567	2,9161034996279906
5,654021802969277	4,136115903937881
5,598041138975854	3,0050943584331904
-1,4056778552601932	-1,0137669231531299
-1,6604607399514424	-1,5818658199793745
-0,6885939084414563	-3,9808617926413907
-1,8384830508748466	-1,7785256381495005
-0,5740907299942498	8,336180164469175
5,694654706587709	2,9734102997362992
2,8633389538789786	3,383859936653904
4,538596158705685	2,466297655513613
1,6110623188944042	7,280920396514855
-0,5216411000724503	-2,3093853843124514
4,536575021481901	4,485823599337311
3,301802107607685	4,1123998045202175
-2,4039432836190238	-2,6262244156896086
5,942680661408982	3,30529936624364
3,7623543403217328	2,7025852468114495
-0,35670622180796063	-2,9721402656211042
1,2422118380521614	7,367049069206929
-3,3975656345506233	-2,9201096683556877
0,6852771814383056	8,13734611715633
1,2054867829792735	7,30943740914769
6,033225777141439	3,3165381615740297
5,002241268170534	4,58299239343346
2,898893079558393	3,355023582328294
-1,681239416108117	-4,264425532542934
0,11630423866793022	8,441824526104762
-1,9211145028663852	7,047960383556959
-0,7010425341283195	8,364905405644771
-1,1660674787196545	-2,408601037230159
1,385990262423595	7,390117601269298
2,9170456692355433	3,7187836999077057
-0,09091439667905421	-3,614237226512258
-1,0687656541126258	-4,183387932959225
-0,6794374532997918	-3,381529067468013
3,48416406745191	2,7305777088742182
3,7962111564126975	4,254756285805808
5,628271718455519	4,175232162328387
-1,728413312524693	6,988966057622484
0,1514524890757798	-2,7997816877134216
3,792366503808948	2,9225483620930497
-3,113206472187407	-1,7647271553605801
4,48264358623941	4,350308728150816
0,24361429458270129	8,486813274051478
3,301778475306934	2,9356202440223225
-1,1588626393635209	-2,1565401211551936
-1,2551980555392692	-1,101567059832846
4,321829562843144	2,608430237072022
-2,570487618419157	-1,1857360099600676
-2,4684648263542233	-2,2903473678025223
5,283209605604474	4,457187156115754
3,219755596281466	3,1046922903883254
5,930538201754235	3,8252598333615717
-2,1820897974030107	-1,8569983138856876
5,826058170269648	3,1106091404404745
-1,2881658949512071	-2,019102194171554
-2,035744519211161	-1,2599367950907783
3,7747706245023727	4,19432631931987
-1,1728016992210257	8,12775640755787
4,322415557804895	4,591592590250441
3,9913517239081586	2,608308038197258
-1,1772641072067884	-3,420040744569617
3,5975814947030456	4,06594190620799
-0,5387533996088567	-1,6862278318216672
-2,244430783745413	-2,9669194987286587
-0,18808839338406846	-2,0463275258726026
4,957554369886247	2,650425180582865
-2,0108241965616136	6,814368819351686
4,397335296648895	2,6696718165041604
3,0500635283484745	3,1193491594318097
-0,5684472166376936	8,254010619104987
-2,5023630413963946	-2,7699563837678123
3,6334707233695918	2,788022864756293
-2,007621817493119	7,010926631502562
3,133129799833124	3,5198945849532945
1,1371180822770501	6,7859613731639294
-3,3018281087293646	-2,413306017370795
4,231472016364676	4,5494607353968535
4,20236399301579	4,478352250571364
0,9355017542025017	8,034668872689474
3,2134137116329873	2,9777133933411815
-2,557307139244106	-4,067224457651527
3,96328170588448	2,766800260509555
-1,3906856118975224	-4,022965921653901
6,016609936689368	3,5077778119456857
3,102404356615473	3,8713921944539167
-1,7949705390090211	-4,195712505862186
1,3811243963699154	7,456630887502502
-1,4399798685298988	-1,794816398294818
3,2753463147184303	4,215349441862168
4,912909473587775	2,6973453347367893
3,5891549862957297	4,342695284549206
3,391516198778188	4,185038660804016
5,968247844841764	3,181311650215156
-1,5174611221514722	7,723289001884775
-2,1989517150070794	-1,706921114070708
3,2325330801982735	2,8564295378003393
3,381384835911379	4,2615600993928915
-2,052096862545515	-1,9298651197726484
3,332953953973692	3,001450000390131
3,985484221483435	2,579407527029555
1,4527697349303634	7,3619810002409505
-1,0358889757321132	-3,2936826619687487
-1,3980940115885172	7,993545104129979
-0,9675435493297461	-1,1607137661923628
5,912794546103837	3,981576770656308
-1,1303770173188354	-1,8750999203959728
-1,3706983800481396	-3,446522266753366
4,840044309025147	4,424032735052362
3,6988439809584452	2,798778322018483
-1,1853602831762309	7,902508273160985
-1,0851138089977315	-2,2416732760986258
-2,3414580613231326	-1,884541621068037
-3,2742813391766497	-3,2040593458027518
-1,6895393945029955	-1,7447780145346288
-0,7919007263814791	8,222035944183848
-1,9915186930500144	6,653375028910093
6,066477823443085	3,3587620502657143
1,4644488922511827	7,06427106302075
3,639325079225533	4,426485458697362
-2,1321950073931513	-1,055888740026325
4,299268809931375	2,6018475018520624
1,2443444099478311	7,430682009694286
-2,4581120266814835	-2,8439305566546107
2,8913785401931853	3,5230551838004707
3,926441608494394	2,8524768629476345
-1,349935412512894	-3,5063996167333835
-1,141658100896736	-2,063213774487467
-0,15681689099996943	-2,4159944460089906
-1,0270784658322745	-2,422550333944752
4,219031109029559	4,37471247557653
-1,2673674804861068	-4,246059900714933
-0,8544692004929806	-3,021663197621029
3,8529972941190866	4,418504814044716
-2,7890945866822774	-1,5618253318853852
6,107281092220983	3,549171850840911
-0,8763842278561231	-4,1886467628845505
-0,46298997881604487	8,446608133471582
0,1356216353543419	8,288910328602244
-1,357349192167501	8,0167636591939
-0,1086520652418082	8,295778563619734
0,15269939961943868	8,291591295339131
1,2967286706515133	6,807566708776718
4,69651556925063	4,479613889547252
1,2366331359335567	7,61694974220979
4,422136135394589	2,5637848199626485
3,725392217171237	4,381136778924944
1,4626710162532752	6,8824334319712275
3,0984657445282435	3,6968989335063425
3,199849099152879	4,018019790511866
1,476321062353374	7,099999986246153
0,41733780215791594	-2,361120287334115
-1,3130186634971655	-0,9401916221794953
-0,9876593069342676	-1,3265670105245282
-0,7322418439348705	8,316483743631473
-2,6567982415332265	-2,313411265295743
-1,8240370134649933	-3,447230886054598
3,1132113630062666	3,4564691384977113
-1,5058468329908075	7,805290105096114
-1,1799891561937441	-1,1150482718616428
3,100840770948766	3,7612518887242343
-0,872535666837153	-3,36222622124543
-0,9566164819904724	-0,9689904700386276
-2,290329988436424	-2,8905106092255504
3,745277663829695	4,284193283039221
-0,6191392450848203	-2,973745132957423
-2,437501555615061	-2,8586396282113395
-0,4817582203292039	-1,8519737826634997
-0,7410264691659803	-3,090222069706723
-1,600605137420381	7,695896224404155
4,762580386085379	2,6002984460908447
6,329715037400861	3,869062206857218
4,5050467859992605	2,6561720208694743
3,0769051809445034	3,0448103225739263
5,328014420594965	2,551657329038809
-1,6219317694169297	7,394557442420846
6,040041274640986	3,8026999755815174
3,006162988903119	3,3950841618572176
-1,6152099316199169	-4,073505496163276
0,43240452163047216	-2,4886117814729865
4,323201716653671	4,481201552693563
1,4397287590317198	6,971843927451682
2,9097953159685863	3,3293763086818537
-0,8270421921772269	8,316992343958715
-1,2784027162316516	-1,5964195850407608
-0,8723616789396015	8,472731480966761
-2,05784919291825	-4,099010668419422
5,799775088202145	4,17000058820854
-1,3110691729894044	8,027791605363506
4,74227513680935	4,468012881612129
2,9443150716190862	3,910951314703039
-0,12027896548624967	8,276316247188877
3,0630538152849214	3,12916863387724
3,1566715328019193	3,119221979120483
-2,575202981991474	-1,2030597939331114
4,891476630986275	4,41858516042311
1,3520876326571902	7,372361834838869
4,569551145615997	4,313747738217251
1,3687110689235285	6,916736412372785
0,901678704540855	8,065683476905555
6,036278448673684	3,449708383355498
-1,75429683595537	-1,7542606686304683
2,887427148168893	3,7516977038386963
0,583401838489619	8,141767738425933
-0,27878398617150824	8,303269103073326
-1,4841190855154949	-1,6384408496790241
3,4935331255242588	4,374708839419865
3,2926547436495106	2,939344755542637
-1,5288423369256536	-3,560674846027096
6,091018140667592	3,4486351065054137
3,9689190296448023	2,8392484589461793
3,6101063373026845	2,9613164005760573
-2,3166104319142002	-1,9248052248501986
6,249045461936541	3,497321628954649
-0,3598192030681605	8,518028246357824
5,131369113869496	2,900613127338291
-1,3015211255992367	8,224752268766816
-2,203521452139767	-1,8549973526638968
-2,2350633008332648	-1,756045733633806
-2,960749450456257	-1,551645736334654
5,602185682939271	2,9230409903645835
1,291031707314863	7,376104157003383
3,1747378114545843	3,1626384062090622
1,0203728317587704	7,7485881089480655
3,8637910010820145	4,348114589674228
-0,2093252517349072	8,32524495540684
-1,09043937195722	-2,391916352710554
-0,8054538473395603	-1,3753886004139588
3,8516471506869374	4,469681876275491
-2,3335534438929457	-1,8707132232766301
-1,6304984870359036	-1,6746693113055193
5,494226217224636	2,8698074651618617
-0,9239590673240105	8,273769143756141
-1,597198193807955	-1,5278419237140612
-0,7070411822952505	8,356324689051366
-0,07000314403882824	-3,38886014858445
0,8577426802400656	8,118529984426118
-1,2547456013449114	7,805892750455575
-1,0578008751861627	8,394953151875626
6,01113636004443	3,383282239299865
5,20107784026003	2,858060837255411
5,599475988087397	4,188160775085502
4,074145038111347	4,499836678337391
-2,026465552253065	6,954173265229814
3,761668581539862	2,763787823869165
3,3373572519373065	4,156031579926085
-0,4744441176933363	-2,3789122403082046
4,225282645103404	4,5570945919943595
0,9560835596823818	7,851989097640526
-2,316139265309559	-1,9642544420564696
-0,9727572045045132	8,120605432390885
3,611346210724733	4,211383430366114
5,772311241686497	3,1637098032745516
1,0799178780398675	7,836336621077386
-1,197285829632847	-0,9279867786922857
-2,1528459972176934	-1,949290538920253
4,20378371436481	2,7252285545269395
5,925179752532641	3,7291119255444647
-1,81363401886874	7,21459722274133
-0,635496045299198	-1,8915412990581704
-2,0452077255181083	-4,22841758039547
4,853074353880011	2,576965634747829
1,3594358657850663	7,363339875701761
-0,34578007772479946	8,294975153747988
4,0310915721746	4,345486320649558
-0,45973564366868314	8,647734357809757
-1,4634599379249322	-3,2986039712508948
5,222056182011201	4,357566506219376
1,152413717178861	7,70499882112547
-3,4219545645133267	-2,1893260361251032
3,3899828035770403	4,256457970692533
-2,162271367316947	-0,9831240136490063
-1,2015472460070733	-0,969206423468221
-3,0019917804316085	-3,6032976567567943
3,975893046809673	2,58859539567096
-1,8278277349566576	7,426035012135376
5,7720865411043825	4,267559987477575
5,270305428422838	2,5346060795669096
-3,216930120548584	-2,2836541288638568
0,924112751181132	7,848351101499379
-0,33358287695192024	-1,8686786390785257
-2,4494203744220826	-2,7631896962926694
0,24794229090882797	8,438583733295998
1,0989039544177954	7,223952522188311
-1,2107269029065673	-1,930980113746518
5,938955478267787	3,0030006245666225
4,060717749284772	4,474519097845251
1,4077353420571153	6,719554916304024
0,20142068970440352	8,219917017083501
-1,8174780916814486	6,889672032542829
-0,6231702684095235	-2,8728047029465866
2,921344226498473	3,9119276213855763
1,3104428700097566	7,659741296198265
5,729955131866517	4,085709369732378
-2,348597119737364	-2,0120301681719197
3,003463537946222	3,613470331365533
1,2701330309671908	7,277544026502063
1,249546509178145	7,838310338017562
-2,0365966739969465	7,052845314485346
-1,5400034754493215	7,702332232686056
6,08097002060283	3,8129052573255464
-1,8186930232445049	-3,477099240508336
-1,5361964551583676	-3,618706796170242
-1,1515610037135682	8,214927461030642
-0,5939632803278345	-3,950463871227144
-2,2383001731618326	-2,712214057430543
2,7381836421842913	3,4297677919356877
3,626009329900328	4,225362066608033
5,37445526977478	4,486689998119761
-1,9769706093068848	6,762727892533661
-0,41262086290074895	8,375708101712313
-1,119718720800359	8,29538798643204
-1,5292556128441723	-4,1242474110225515
-0,6348286869444041	-1,775707793643634
5,23916008803409	2,701362026167649
0,1721197761735629	-3,0533680404320753
-2,2143541038380725	-1,5765480611249019
0,07148057524160056	-3,203130226652482
-1,8247051444003086	7,397385473122978
6,079400454528732	3,2763867945367924
-3,205165918189689	-1,9721056977340878
-2,608529156282353	-3,8755271576561423
-2,308458893227389	-2,67345923579669
3,405945999170013	2,8866225494633286
1,3650087894037053	6,760652029012959
-2,362798951351473	-2,7678923865456526
0,3641105391392494	-2,62549944663329
0,9527117871967854	7,991614467514417
-3,0655955990427106	-1,75834766680663
-1,88093421901345	6,888510734929673
0,7801301389893447	8,122139688460258
3,690748749655003	2,7903998103144314
-1,2092392387038693	-2,0316339580980136
-0,5751815173379766	-1,8306616410434002
-0,721510760371866	8,478816810252978
-1,242945745505956	8,321822541646299
4,1886614497965295	4,5620418296992
-0,004820164687686368	8,391610730439176
-1,3534774132466136	7,949389756118649
-1,3357638730910877	-4,151219257821719
-0,8956140014859695	8,183906844377985
3,544533182629889	4,2604063114284205
4,083273742252307	2,6257762493581795
-1,9148615289086004	7,454299548569419
-1,7760877597427758	-1,0275332603977145
0,2207191019563488	8,264793372026531
-0,37383921100870265	8,265950027820619
0,1102782708586108	8,394608966013788
4,92825727644141	2,6477386442859876
-0,9594431901418655	-3,2446675311911886
2,9735090497843295	3,1007041188725193
1,0750232832469122	7,462920983995996
-0,4750543250979039	8,424972829184862
5,687994106365989	4,1019578375411205
5,921192591700541	3,1725549702969817
-0,6462196056935283	-3,9036788657771027
1,4497041145191734	7,15577205345901
-1,7030145850948435	7,241372629348651
-1,28234666939066	-4,223660788700238
-0,6215119619482588	8,352931801828097
1,3801089408395701	6,865461930936383
1,1857100481093479	7,2778064037566
5,864109273300789	3,4440588404039194
3,2033347105755476	3,73319596817602
-1,2684328917852434	-3,347621293482152
2,8452279960766385	3,4203242404826333
5,788933688500109	3,217843751593532
-3,2055583002393426	-2,812379238715499
-1,9085236359878561	-0,8433800172476782
-0,486983416220255	8,34110398401486
-0,9083017320118719	-1,1048538333254394
3,321848254510264	3,0711660990893437
0,8211303536065688	8,148740994876709
-0,7448216544704223	-3,2710222142309764
-1,9723921679636065	-3,059261540612745
6,023322639163739	3,7036698556947165
5,737616300034036	3,026639207526011
-0,5469579028719056	8,440143260498427
3,0172942038994135	2,9133051504332688
3,764728076234247	4,492042208014695
-1,493295354164857	-0,9421146652943884
-0,39961112682095945	-1,978359001036297
-1,2937323828108203	8,145637932572674
-1,8206172764676454	7,116523643991699
3,1153761625166685	4,088133208746051
3,1488735192748862	3,8919149026757873
4,523085513271967	4,49493685900013
2,9526119310838315	3,771376755185879
5,247434256603671	4,503830191633188
5,8139746308943545	3,0483382765783573
-0,7780606536381252	-4,147023071192437
-0,059900671058056076	-3,3790656235532937
3,5032916422763956	4,3048484584077045
-0,013721761383426095	8,349386797712965
5,895809754184673	4,061710446156643
5,638721348130385	2,775552157452083
5,830178693433833	2,992758671819285
0,16238959760609384	8,334096276935105
-0,35818719558199663	-2,261835587178231
-1,6579779879674559	7,793349039066001
0,7421529380977991	7,896558487284608
-2,0791272624600925	-3,2295834214995836
-0,8655061451007561	-1,3001108010368734
1,358448889803704	6,8114898910806065
1,4627040253594332	7,174323927911643
4,117411970243382	2,400833338448587
-1,0433892273955658	-3,3559380518886623
3,9739140567506923	2,5717164694462937
-2,0459723102144842	-3,1910800788030604
1,3667846065250058	7,405151039941236
1,0848500904427048	7,692022502971868
-3,1204772766177227	-2,0586485351356143
1,3781381212209718	6,6920403285259
4,298465556077766	2,6857507467335147
-1,4495567809879948	7,912904303058532
-2,5191048239493687	-3,8383940072564284
3,0463943191479146	4,003238116951223
0,0007468257548887136	8,436161412186095
5,970010843876013	3,860802989842248
3,72439077802801	2,6444567056280297
-1,078294251252014	-2,214562313270081
-2,2671026816829407	-2,954053455754889
5,313092774395638	4,238414523135586
0,004739452932299326	8,350629464047703
1,2760985111001528	7,444959516978983
5,168077480841885	2,7521081339156983
-2,7653151836731737	-3,881169747597709
-0,9556082007884827	-3,1244668467378194
-1,7935481185796114	7,424240535477658
3,3768525998078305	2,8297963707842437
3,7435224833948637	2,6792370193412642
5,821465049903859	3,973781694600882
-2,114901433288661	-1,0888876630137545
0,10684076117070584	-3,5873052334587126
5,998131458848324	3,397136989295612
-1,3036670107904227	8,017309399370053
-0,5916761226677769	8,386026455092562
-2,2227512013927786	-1,1451816649258586
3,188367792106583	4,000026588598773
-0,5132660117578551	8,19483507171115
5,683821893940133	4,28188017112366
-1,4604584869935213	-3,617544935481705
-0,5091300605674973	-2,7767511726331935
6,033581085944234	3,5882236430539365
-1,605649665538977	7,6124629830215484
-1,587971039467798	7,264987235268796
3,3136401818737555	2,8050297858050497
-0,4341068918782489	-2,6119039044115944
3,4522439292346148	2,8650749083518514
-2,50840164305676	-2,13909014094487
1,2212025548265812	7,82129370835783
3,5150005206836323	2,726689277367929
3,5993070122517756	4,263724623142894
-1,18211939575529	-2,2466324861672846
-0,7132139105422713	-3,207340471927577
5,986678517908339	3,355878733581763
4,0679326936905085	4,424126047071951
3,0364657907034394	3,4085827361162786
-1,0518030157666196	-2,1581712136247773
-0,7122756139950485	8,384365658268859
1,1476594514706164	7,6588255056447885
5,9379569194813975	3,192899147885432
4,307249461867574	2,6568377503064626
4,095863946256809	2,7916625363219545
-1,1573265731950575	-2,1922683530298683
-1,3508267073139337	-1,0959423126379817
3,5974200547788557	4,337199277614076
3,4536652623253348	2,7471099568556925
0,0484003302955216	-3,1965359891279554
-1,623269723820435	7,676807893430161
-0,6271103765074959	-1,5851126426193471
0,7938202668710415	7,835129216520956
-2,5286494892811793	-2,1716654063069654
0,803508453049949	7,8069817043573755
3,5948208966438226	4,173031225968935
-1,4860353150058472	-3,620764367152859
-1,8453595818418234	-0,9947907302570189
-2,5006624907728305	-2,6901441362193235
-2,1265334968533103	-4,114260438497539
0,26109357828686974	-2,843909483699004
0,4505927995664022	8,354722719567956
-1,934836147331247	-3,360863617316219
-3,180016924380875	-1,9186703016938595
4,531239122605947	2,5459936765465256
4,475367777084428	2,583624181920813
-1,874876594135324	-1,5229027622696876
1,205078428735049	7,630646169848569
-0,598057718573316	8,404512216954082
0,2724603740209651	8,428704299997786
4,8250812550983735	4,385571071923807
6,304242423972967	3,621014045959456
-2,2671199279083836	-4,182745027686341
-1,203952991597221	8,139000297817676
3,6406841014783407	4,194694384109125
-1,43962733188359	-1,641902846577724
6,156986954210027	3,563294140492801
-1,7582244946642753	-1,069804356050296
-3,1392279689250038	-2,6618060496961977
-1,1612648578891662	-2,119391125797039
-2,628329473674813	-2,4929429242786987
2,879276177664944	3,2983122896110957
-0,20884104424894412	-3,678491512137146
5,567720164275187	2,883411850018248
4,970213572767485	4,50862337139006
0,3695906738787811	8,190379262142917
-2,9456831967077735	-1,6849680722884934
5,024798232498854	4,64387951806907
5,715766747517931	4,1382322881753595
-2,644880927584716	-2,508351891733415
3,6469558982906936	2,8169728254495126
6,159120275084157	3,17793654833134
-2,9614667924290288	-1,4580935565785325
5,127401386127539	2,661912873926033
3,6492691246854676	4,404245660706463
-2,10037196699549	-4,095665438005077
-2,3638917847639145	-1,1498782584847058
4,405603764274249	2,6892472240090735
4,809772237105285	4,403469112950548
-1,7390080064628441	-1,6796511623565886
5,93017999730772	3,1593989341587796
4,098299279811578	2,5727608114980303
-2,1387223411050025	-3,2130339374960477
-2,276269319597967	-1,8397250837879784
3,053786236986561	3,9209951268375747
-1,317201019329586	-1,9392362449028613
5,712355735294355	2,798169949961847
-0,4645586520871381	-1,624095157054636
-1,1873107080439635	-3,3173994890948753
-0,26929919922481615	-3,8276871696501944
5,506592123918246	2,927814751131863
0,8679081469634737	7,866958567862325
-1,2525235603208333	-2,142679948604738
-0,77929891478697	8,3423094106364
-2,3408385422405837	-2,6923315609756617
-1,5305066736574922	7,777123192328991
3,1640717713113684	3,9188991858855498
-2,1426530267400308	-1,7120489511658783
-2,691541793994194	-1,3101423839418493
4,51212222757557	2,734231318478033
3,314872228808757	4,148859682128411
5,578529392053998	4,052734799427045
-0,356195673581293	-1,9956317900086675
-0,3527962098817109	8,41616583306139
-0,6279528152054665	-1,3986038504654066
0,47670981331914863	8,043865397785869
-2,3068548307810275	-3,0446495943457075
-1,8916389307347121	-0,9809976733479209
-0,062003529969707843	8,22283707230438
1,3771470579707539	6,850188777918884
6,054312884621414	3,295040308224899
4,157590370202565	2,506810534454745
-2,386198275022938	-1,151185438466922
2,941612793446149	3,1134548616088282
0,9309726992139324	8,1579673011673
-2,822280684741515	-3,673687950371842
4,9195484589274585	2,6529309284553104
1,4414306313735168	7,200718046028135
6,058264939205016	3,8236612915016748
5,418464387279319	2,9143882140781305
6,078732582295276	3,8511103671055085
5,69895206434799	4,207817691656896
5,266274787634408	4,259705427818698
-0,8221692591099183	-1,3777969054726418
3,4510729513530087	2,8366827242091213
-0,5169109241327554	-2,3134235224488857
-2,311679697556761	-1,85192600512786
4,824640142217394	2,5610628170979832
6,0128597959933945	3,4525651489715403
4,454112116932098	2,7348738256024645
6,1449044744746795	3,6615333755055164
1,6926714601947364	7,15239711117284
3,28696739874579	3,0012102663229396
4,770712306433194	2,7686250719158325
-0,22684223833055728	-2,4486292200233577
-1,1620322838400592	-2,1048611366228767
0,7095809530848597	8,081428706516956
-3,239130381988001	-2,967578489059331
0,7590250584795262	7,899885196787619
4,375093641853183	2,6522328898361183
3,2674727093905522	4,012983657606278
-1,3446929044870017	-2,0305183530589543
-2,604704153863424	-2,7433732378369267
3,379017307734023	2,7666386461750245
-2,683227062865832	-2,711104789632241
-2,7998598119931	-3,54971165765555
4,558012780507119	4,49850149307859
-1,2531843175911428	-2,032385007620843
4,8866546528866195	2,648416830660784
3,5373240593082564	2,8336904508686054
-0,7335020695620935	8,399660622839603
0,2713713896701282	-3,2949875369758854
4,216240093301019	4,476666878815887
4,99522058883655	2,578372068594819
-2,3570872441156525	-3,984752549041305
-1,9896163182480235	7,293861894061146
6,165545080721268	3,73485265260617
-1,3351727350236076	-3,4360119048758575
-0,5336218070338961	-1,5477097729859768
-1,757710796457127	7,383378980493886
-2,4082551709152025	-2,6296498680502474
-1,2603300198284155	8,021970933093462
1,144750101049239	7,592799338592686
-1,3234187279833314	8,016147120805956
-2,2965149414830366	-2,166024233663347
4,8906128825999495	4,4661226008553205
-1,4585152607665317	7,949061254925534
0,6975054115247801	8,050926008276386
-2,5574605976057256	-2,830287847164098
5,941355882116589	4,008849625062779
-2,2941623944769534	-4,220271172326134
-0,9664374421257216	8,200973135778458
-2,7056466850783494	-1,1699726991224806
6,064595237613841	3,3085600621882114
-0,3514051697616043	-3,6788846059998868
-0,28617849479371915	-3,586912695679593
-2,791918558521329	-3,772792615359664
3,6114053970382107	4,34071370176583
-1,601639578008969	-1,7636574213983907
-1,583609410899934	7,7279202410088965
3,084132383154351	3,941204594905897
-0,48396760013632867	-2,4964412206339044
3,003992871052514	3,323152611585527
-1,2284068007970887	8,110871017312922
4,909817363083566	2,4734582917415504
0,6734653247297647	8,23014348549852
-0,8140520012353301	-2,8950342708449495
3,0762743700932376	3,3985043936119
-2,9751621357192697	-1,4667887657342358
-2,824032285747257	-1,4361232177895265
-0,07153108869593633	8,334463688501444
6,030000516631141	3,157860928030965
-1,615926971435047	-3,1686755760365912
1,2282560085918692	7,219163942229386
-1,1553890983026833	-3,3070042540925173
-1,539301427212022	-3,4922605618594895
-1,182190640322398	-2,1801012968406326
3,1471807463110815	3,57836910413922
-2,453646921345673	-1,2574276346704432
-1,202248820881914	-2,0312582058476805
-0,7881549953624106	-1,4559786188873658
-3,058961632849969	-2,0016229562217345
-1,9163152343497658	6,7907474925980384
2,963246745703798	3,3611353741312913
4,279388848719353	2,730601328920569
-1,6375303370827523	-4,024365848134973
0,367764206966827	8,306322141263287
4,233277847764468	2,6663433544256723
0,16655384874176726	8,358669843191251
-2,317397190120138	-1,9928565061882368
4,178459379343563	2,678215222835788
-1,3210027107958144	7,940189900029566
4,307196923189259	4,423451094495166
3,2554799510715062	4,108640762624731
-1,7952299754011103	7,17174841994184
3,047178021200035	3,336566030144429
0,1398608106305892	-3,4836671116286535
-1,8356707929171767	6,686019140375911
-2,5495848220596367	-2,7593454099265347
5,946272151063744	3,6176040336070874
3,8674613846348147	2,6093602507412585
-1,0503519742884566	-2,0498502293174496
0,0051407915205253785	8,544136241695453
3,5385393788476343	2,8208381710172485
-2,044850635613575	-0,9846951162772895
-1,451154687661686	-1,6910738000652947
3,054749622242075	3,239941417120804
-0,7823547990629862	8,345265425048979
1,0659089495577616	7,8059355541678235
6,115996146941818	3,332532528651613
-1,5430779924945228	7,9576758088618265
-0,33275406525236395	-2,351247392144465
-1,9278643575263186	-3,2904132291707415
-3,3843909108124874	-2,1958116108963193
0,2657624959566783	8,476614306947269
5,544779211810724	4,203636989067872
1,3434594201387937	6,982061278574887
-2,9421380021442034	-3,467627220358429
3,532575081022375	2,983497650149637
5,815260343632256	3,1557930369687663
-1,8028781814116688	7,22210040416643
-2,4159525782606237	-1,9638020184914164
-0,06166403719918684	8,426502209270692
4,1830366549097615	4,323528429462072
-2,3722240596096444	-4,032942784846904
0,29971214536754487	8,421595676835395
0,5471116579019297	8,122605552750812
0,3804480955871139	8,177381765538946
3,4026176233431054	2,7475936363545763
-1,4517821084629816	-1,015506835582697
0,22953813311836002	8,483945848213006
3,835206256407546	4,371831890382864
-2,6314290932046136	-2,5671578489060694
-0,8407970213407007	-4,074803358492323
-2,3550104856445095	-2,4578803579706032
-2,2776653927865897	-3,8819411505582333
-2,3555914459124727	-2,805814499555173
-0,5449176121400079	-2,586275615183228
3,5785990937704675	4,075929254679275
-0,29207734968767807	-2,1952764866220718
2,8750868814591275	3,3736813387798925
5,3597857544822665	2,6953325821536387
5,298272233546791	4,37644431718303
3,8327188612350453	2,779540995528106
-2,7797938694503745	-1,33892230906285
-1,992245187291703	-4,085173722994055
-3,0236993516105715	-1,473424539864603
3,7638975788421747	4,186661619185357
-1,1220033317914162	-3,1612606221063655
-1,7992897007695527	-1,6756601725442613
5,943489903364094	3,702405357177966
4,788695184549878	2,6231364682578744
-0,8527792546066671	-1,3714954310467917
0,9329822837370576	7,9369627086753685
4,686525125724769	4,392388268558808
5,584917062264773	4,158191348071589
-1,2284020756003162	-1,9869144339018139
5,892819424236027	3,821759199806563
0,67757198753975	7,919266209702085
4,705200209884541	4,309424196967715
0,7231164992791651	8,111989082092
-0,016940507250170683	8,371689560509935
-2,622647793227664	-2,6424872114459124
-2,240356445021009	-3,217680856360122
3,5714895075673745	2,53626766069194
-1,6450848128048112	-1,7809557543388355
-2,2005333295203924	-1,8925934549044152
-2,0073763179629265	-3,518436436254055
-2,2740417938865907	-3,0114796216640496
-0,7312038086026944	8,371365383905816
5,546008839391682	2,774340987965602
-3,0968815735374386	-2,1103234095005843
3,8896803807743803	4,42241929785174
-2,0844354133049947	-1,7692790569380032
2,8412644823496196	3,8411377864522454
4,449334588083431	4,447792025057677
-1,617887628948513	-1,7906868774829445
-2,396830674021939	-3,0051567045115677
-1,0546288278552958	-3,2605700717719226
5,960750752451361	3,981630938953542
-1,7741341882253736	-4,1720596414644335
3,046035002622457	3,875979013100556
-1,7035731167136259	-0,8303490790514032
1,423626508524473	7,157671866525278
2,9326262751965846	3,6915306446987275
5,454750219764103	4,282961031248281
-2,3558891654195335	-2,9519272875617286
3,5187204138010526	3,072248637180197
-2,4285115474086525	-1,1776558664820054
-0,42453292571057805	8,374422610524437
6,007580611766336	3,5476331007003297
0,042427863240864505	8,381222366933974
-2,429902069368379	-2,912498752176706
-1,088891507478955	-2,017936705333445
5,575293679549144	3,015731025029879
-2,5666496010666116	-2,9183313142774145
-2,507331887122305	-3,9233819406310886
-1,813133579317302	7,907283527367356
4,354492525780364	2,639044291993569
2,980619117509252	3,3583759712835164
-1,9787371367618287	-3,370214094010893
-3,222941911054377	-3,0457085323547965
-1,1159165354913105	8,084628911310462
1,149218703879014	7,3785549791768075
-1,1463583807579059	-1,986064148816333
-1,846807256602612	-4,065255794143883
1,179472142299958	7,530953056380946
-1,0707269150485015	-2,3743733383155985
-2,287651802362672	-1,7061001299087337
-1,572021933813398	-1,571321218876716
-1,9698075761223817	-1,785594997384306
5,9690542520622145	3,697558129151499
3,1396943083735165	3,3196339327893667
-1,767022484900151	7,282431411582844
-0,3071392569292377	-2,4970171077021037
-2,855972265024995	-1,6889881507671616
2,8791741766025822	3,556562337648991
3,507594807742858	2,790958562892969
5,961639006936504	3,621498381636154
4,471769225657633	2,6534566529942705
-0,9221230934490404	-3,281278518188887
3,456330490151176	4,323181409114655
-0,4852090525659425	-1,7686647441232783
1,298667940970703	6,936191656163019
5,123670621099927	4,320543507906619
3,3306042556557687	2,650625209149708
3,146846468367358	3,888279562708681
-0,8689578948843402	8,362551588371694
-2,7529001982978114	-1,315890093502151
0,47346758696026947	8,263217530367557
3,351658459885962	2,9243601248288247
0,8770732663801915	8,060150751564063
3,801724189491102	2,785990377291507
-0,10678883514199987	8,410027290211728
5,964223364895869	3,441857046800648
3,6379632408452003	2,797965951939849
-1,6158919271281134	-3,576806023839654
4,533481257399294	4,456692619972126
-3,0517794205165942	-3,501236379753899
3,0757674991062975	3,654038511390489
6,002687495244754	3,678648827272942
-2,2031691530511233	-4,042784974579342
5,887961665585054	4,007069402663434
0,873943755268132	7,938443757419691
-0,8627492709521494	8,140024812214646
-1,9278733862205089	7,162407757184517
5,17854667303649	2,593020486374115
-2,415407864784017	-2,7871021713485944
-2,9360872358853536	-1,5100282257498663
4,561776752719658	2,5069570883188472
-1,3638962558608732	-2,015572956252495
3,1420481855558178	4,066323493034176
3,0115222362255016	2,9100666569212694
-2,4886832870079547	-2,326606784963746
3,2855907872140477	4,178197208228571
-1,0734939016118143	-1,8991942671940027
-0,4764031772464745	8,120267643403789
-1,663151439175241	-1,0741845829426129
-0,7509308843155081	8,394053044947697
1,1151223296707737	7,787693624068272
3,925522839606243	2,7066229920168157
-0,5876700869542775	8,471798383800232
0,6708232186488182	8,088463823868778
5,735600624879199	4,091425615527867
-0,30485391938652007	8,441413598407484
4,609376231925641	2,5337845164419055
5,662320930587662	2,9304000130812073
-0,3468747463930333	-1,7147785300533085
-0,4282661036160147	8,194527776719525
4,918153144402748	4,499680124372895
0,9083183801608128	7,818976069431975
5,800289540825617	4,1161187127443695
0,1372680399915212	8,347213340655156
-2,505215978302661	-1,1925930238181364
-2,4903414630635665	-2,198831120362011
5,221835206607956	4,341576186218759
2,8284379177913563	3,5737933414175322
5,257960884176458	4,366259139666541
-2,927860316691278	-1,5659719017394236
0,0972642172774249	8,286708825051134
-1,6637041566512412	-3,5204572549307205
4,643189240524171	2,714722517423997
-2,0289651768908112	-1,7496132640508586
-2,7503678554676276	-1,3985384150662072
5,80830655552394	3,118454653789043
5,88325426847886	3,8874519997847132
3,3613092243693217	4,219526675274809
0,1501947337247238	8,251064776024304
5,816171339669882	4,0742172747974745
-1,4507140281194633	-4,157381124774932
5,544722383120251	2,844284212700145
-1,7132014423917137	7,704867599169313
-2,163225944998249	-1,049966146651035
-0,9499454177640114	-0,946751779010617
0,28651816185145584	-2,6487418755941405
-1,8586300977517498	7,309326313893851
5,023851948270541	4,319399124431226
4,22322883626777	2,702704760533388
-0,8256222911758828	8,21393697853836
-1,5381821902989354	-1,0706390919098252
-0,5671726686961074	-2,852413902312401
0,3301007510550219	8,326954967194881
5,508140840450197	2,8974534497018034
-0,9377587851199327	-3,4490191852843717
6,103468983163382	3,727350026039572
-0,8291665943692214	-3,939638751958233
-1,7043206745478339	7,1837449541173335
1,270590208217341	7,501088774482064
5,640111090440072	4,441009393900982
4,921583154542573	2,59376482049425
3,2672095476626426	2,802704662099752
3,3885582956329463	4,08527940016663
-1,1487624413286153	-2,2465298676208163
3,7132297225472266	2,770848057173119
-3,013288482193508	-2,199071032741341
5,78652386907426	4,104789858718902
-0,1229032244285936	8,511438174699432
-1,9080066553163002	7,635604260411873
2,9371817260597677	4,0168622617373515
1,3327814764524915	7,747658946104673
-0,963414709581802	8,302055386093235
5,2943082001393185	2,8245474913213773
-0,5983975131104138	-1,735202221218679
2,8881716523747554	3,916514879645686
5,774801364327212	4,0411570199068985
0,19806507944550278	-2,979143628852518
6,012513963777855	3,163383827162932
-1,7841230947205386	7,507229269992228
3,202672500858073	4,0721637708590865
-0,41884848121396123	-2,211901292636525
4,9159398537474965	4,434051374008742
-2,118380458988814	-1,011330019285867
3,520321356674951	4,303714629727196
-1,7445693019891673	7,068701516706657
3,8461166678068563	2,83703714641806
1,2863427294600631	7,586242114355896
0,9301468116347225	7,9861783097859576
0,9831853192419819	8,018852907145694
-2,848512826233331	-1,2974779628658084
-2,4338374507723333	-2,3456785229179817
5,076288203787266	4,561212238828045
-1,221623317447959	-2,0946454253810285
5,447759341779326	4,251343518399686
-0,528472625923682	-1,636773623178755
-0,2136510874356419	8,338339046235603
-3,1957562502773262	-1,9920646333467367
-2,0463067953071024	-3,1724912852145364
5,445602496859344	2,7351557726507756
5,5090306977784005	4,24112693866214
5,730732760363072	2,9631340669130695
4,834332105208965	4,544960452190282
3,825393285431395	2,6964568236979236
-2,561809868489702	-2,6632716248493393
3,434671504646208	4,104095023252679
0,23063518906506042	-2,7172297337866613
-0,926670720349913	8,268723302357637
3,9163639492869358	4,494478362742943
5,6730101288961325	4,059675959703982
4,233787780219478	4,517312954440252
-2,0372155183400342	-3,5633778795651945
3,299997666206276	4,250566247468032
-2,32017487333544	-3,2594837021351557
-3,107771831936635	-2,865870175195269
0,5143811656626002	8,187497843672887
-1,1990337216526576	-3,1878990697457175
-3,270202560694261	-2,482468806674725
-0,9212314510847956	8,342406554665907
5,94977643481895	3,1183784363886646
-2,540467969511425	-2,6243235733653534
3,668518643751484	4,247512943384088
3,740544010534149	2,7668950068482214
5,227547662245049	4,317882530400753
-2,8315927928338	-3,751389633932718
1,5006791135471846	6,735445426736816
-2,514575809213012	-3,227093237873543
3,572514784834087	2,6302169081642663
-1,7255670613141825	7,1809768876794635
-0,5596408116350338	-1,6211956414362931
-1,1160240250338922	8,092938333375617
5,35188436947262	4,131146105842899
1,331156190726924	7,032511020907091
2,805295796070192	3,7706795447462427
-0,99960696671097	-1,1997137880631699
-1,2788465970919098	-2,2163815689315203
4,711589174772083	4,555915247260711
-2,2420682132198406	-4,099063830820327
-0,43499742999937663	-2,9532611699723947
6,007997192509659	3,911283312652799
3,039447940433685	3,3797509188880683
-1,4603435617048017	-0,8708422412215742
-2,154518426186831	-3,0144554188856043
3,6257779665047454	2,697033366570963
-0,8475721001923923	-1,3379163336309745
3,83358129686473	4,279010402121403
-1,277375340820543	8,048198907806944
4,101141628944426	4,378607257173779
-0,44438358938204625	-1,595400610496998
-2,827614538745407	-1,422437647099129
-2,222611393889559	-1,8349113958688748
4,215763265327621	4,363988455144717
5,120307272107086	4,293150695181785
-1,5399619312614476	-1,5735046278343012
5,734427104836036	4,060732120643194
-3,2972986595886535	-2,4955727434308157
-0,5067982135196134	-1,5636627133219265
0,3277953134167384	-2,806912189459335
2,917306823231418	3,4889166108850187
6,113131488731851	3,459185325580846
-1,4554643690990356	7,900261283305953
5,32452342581229	4,494786579002331
3,3991944266347254	2,7775969716728586
-1,993946072101344	-1,0612797529308102
-2,311413837632685	-1,061929367151634
1,3228938261843695	7,198849190502156
-1,417552122825977	-3,371824809112357
-1,3118180321456805	-3,4540716534332745
-0,8806992089228011	-4,12810716712767
5,637414102608475	4,094955455253043
4,901711038639741	4,467189266530039
4,260031320514036	2,6688067265582207
3,423805914692161	2,827393504168488
-1,9044549803453332	-1,7055131830640657
3,001340532791498	3,7012716781934563
-1,16738912753465	-1,9672759529203019
3,142860141764604	2,9628729002540757
3,6860057826479498	4,511476263692711
5,00301936613919	4,425175096054597
-0,4047843960780828	-2,2729508447381814
3,194630991004321	4,105691637433954
1,4392924733116446	6,826766092758633
1,4638745422227397	6,814276333611644
5,356082950831347	2,5956128607207583
6,147321450817033	3,3394412867846923
-3,2734366992037893	-2,5497248731807787
-0,07694347602278517	-3,2457202897816466
5,1812608309434305	4,377020341945003
0,8917467978860127	8,039704823466266
-1,136755206464502	-1,992504065931842
0,7909342326598106	7,97394462234006
-0,2906087938325428	-2,888586413103946
-2,0943926225339955	-4,203808551788647
-1,464386882096607	7,98031937828297
-1,9821323474495471	-0,8560462175269592
-1,688088944519664	7,71897714804346
0,8791563363693042	7,91202826591033
-0,3665439437306084	-2,073368022276108
5,791277089950663	4,244942307328482
-0,9099634714378642	8,099371657864921
4,315144316005886	4,319553074194838
3,4126989211129577	3,996015123284315
0,9267494328417671	7,82147272888224
-1,5096456346472358	7,414365439476579
-2,244867358513458	-1,0766530846176907
-0,8963851071825033	-1,1725580333275867
4,893827159362973	2,6613828190173243
1,4093450646994057	7,3673515997338
3,1583403627199518	2,978170864525395
-1,567867943058427	7,879303640155082
4,670812875571527	4,299700879056432
-2,216470297481486	-4,0483254067932455
-0,05204876556667776	8,354083092028583
-2,352037990860341	-2,0197603080125544
-2,6966793514111562	-3,878880223422903
6,052030013034841	3,28426942038674
-2,4175385141665244	-2,4144038948882622
-2,4200581029996298	-2,9648762837957108
3,314649458072945	2,98294268743991
1,1664517633993738	6,972933632918867
-1,950155678945262	6,796634403705606
4,5623720973273025	2,7396194096343867
-1,817412766904791	-1,6622944314189043
-0,8241495048455945	8,278770126867963
3,403546637495979	4,271018934732083
5,29265297643502	4,326460580670364
-2,5200961524541685	-2,088342896288549
-0,7294582470330976	8,207323758037035
-0,9529402323040217	8,167233618772038
-0,4885983625181335	8,134603794585987
5,031836539701275	4,383977527488925
-2,470327039467231	-3,0013428473654677
5,176402444636624	2,970157068930151
-1,1569891292584598	8,371110704016381
-1,6561730053518202	-3,2742626759631253
4,791725976396209	2,6860530063880637
3,563065915433395	2,7204712004064864
-1,8783903583078563	6,704277825220812
3,678626636176922	2,8463053812333707
-2,4511917205907223	-2,2576447816944714
4,28346020713765	2,593262792118093
3,2898061451090417	3,1114678051660976
5,428063107191638	4,211558309581257
-3,217679016858386	-2,663058022099036
-1,792196667256746	-3,564146960868129
4,562579167381442	4,357060882574892
-0,7658931285689343	-3,3333788915523397
3,0110970326100865	3,7066969779617502
3,3668320389311925	4,022712436568402
3,5197669213522085	2,7197694447399114
-0,6461364934031347	-2,2290272457939473
3,2280908403461197	3,0100286495020487
1,5622064925680763	7,0017307738143355
3,9950440847546775	4,279428065368842
1,2355887950508349	7,540460396834308
-3,2222598810894443	-2,9372538942180757
3,051627276620404	3,7575293730336807
5,377872173209659	4,342749640063797
0,8130381972537224	8,277084443977639
-1,27062097684577	-2,026953559408226
4,070016366053154	4,625646554973565
-1,1260638603018263	-1,1049724900009665
3,0431881935824876	3,313286884807505
3,6569882725881904	4,244178127049318
3,2198285386022434	3,055247073525754
-1,4961540452552586	8,001046155316498
-2,333826245628269	-2,079598953804658
-2,72273159773869	-1,554649452962859
4,579126047031706	4,433958198030452
-1,4758539851302	7,877554037826421
-3,099742890952373	-3,5054513556969176
-0,5784893596096328	-3,0074247073963942
-1,0715736175611128	-1,198099936793712
4,019421179779872	2,6366683239516266
-0,38180534327880333	-1,6449050305154183
3,100430123650216	3,6589309143931636
1,482877140231882	7,346239249839852
3,258632853922286	4,08085661733814
-2,53557338384888	-1,1538738744554038
5,718021961862616	4,11100683058724
3,861279393504608	4,34415917730183
-2,2798545404802106	-3,2072664794649497
0,7824147128881562	8,069259127262287
1,2947253339404547	7,532637897132238
6,019758770811412	3,1383746500554843
-0,4198881541566486	-2,2123885428490335
6,00110617516166	4,096385123105016
0,9874805152941284	8,029895281791282
-1,5174152072738658	7,915079621369888
3,1647276136878517	3,958639212960157
-3,4072369199706705	-2,3182148888967533
-1,1716734815777963	-4,151204974576709
-1,3571405438050002	-1,0908211699700583
5,558712388217031	2,8469198681167702
-0,05478014313123314	-3,4229361449462643
-1,411919257086476	-1,647553268573094
-1,225023375673865	-2,176464331344268
-1,5645482968422326	-1,7092364940272353
3,6615535219191737	4,4846016082677425
-2,4618267808525562	-2,726263341686151
-2,006978269282156	-1,5373823228948384
1,2163513999187177	7,110575374017733
3,153045712784096	3,8981002745407887
-0,4166463380012627	8,498502856876884
-0,04784952039588841	-3,5287346531901536
-1,8328866714842293	7,534416218612599
3,910158135536817	2,629941674689973
1,3808116892253797	7,2857332905007315
-2,3562136508776654	-1,893830907214427
-0,33253224405768567	-3,7422921705641157
-1,8797541263923907	-3,3179886469453335
5,798785899465783	4,057297493531215
-2,459161046412165	-1,1169481351520276
-0,1666184397654662	-3,6037646706587716
-1,5130521444386227	7,539576471429113
6,07987606791915	3,419077664706787
-0,5159546784599913	-1,6484301574373978
3,385840762408771	4,233362737640468
5,400577377488739	2,8967616105028
-2,5997529797319334	-2,771250435517721
-2,444173699116149	-2,858828582183598
4,849459357477608	4,321724692201327
-2,6001266681265833	-2,923303009193709
6,006054498414953	3,9184743175978904
5,812720699404408	3,7595244045273
0,051649215772906376	8,288119405120478
1,4225070695181203	7,115258733070643
-1,832765421548057	7,365008694073749
5,468742982949317	4,391808161774759
0,3905476366591638	8,330074854465929
4,393408667385225	2,7170189733142878
-3,1071269015537677	-3,0388236078582813
-1,449713655195346	-3,399752550173898
-2,3091009935290305	-3,20335199757905
-1,849836897104752	6,756845105603928
-1,5579347270083699	-1,7301656266647807
0,9797322150982983	7,851375206577488
-2,3439930535429236	-2,116038271216084
1,2383507434481045	7,4114832808665225
-1,5261462394539203	7,819152814301083
-1,9989027528916052	-3,1965304137849646
-1,1326454019668062	8,240699078377238
2,9622531893413035	3,496266126326638
5,440771425641225	2,609967212152875
2,968623350706082	3,444265399746622
-3,2353266129330454	-2,9852044189372773
-1,7237025049551988	-4,131519086633282
-0,5394215144330923	-2,8489867706153933
-2,517736854786205	-1,0861379665691135
4,353552994471172	2,6093494672666795
-2,280455406926577	-2,4264291934258697
-0,7142284070581495	-2,9408031606911424
5,673690192067189	2,889993753977266
-1,863679921202944	-3,462330223193485
3,8474255898354075	4,319409653510421
3,7244819354827983	4,231558161112183
6,226460398744717	3,4920020102793776
5,928407746354793	4,164545549220239
-1,0215401908134623	8,204187270620647
-1,7197624278311672	6,909122671833778
5,901760232466331	3,723434588020867
-2,646079278224457	-2,6774409332952898
4,561104502318841	2,5012332273604865
5,793217724491231	3,974946611757435
4,789126610869597	4,5119616167480485
-1,558858211736258	7,603368948580912
2,9814768798191813	3,862069595954522
1,3510365345900859	6,707525964810949
4,6854110440297685	2,7968988642998474
6,052767196542719	3,3292240041679917
-0,32188565765665855	8,585887113791534
4,333621373095497	4,516175424761882
4,132212917255381	4,586279522160538
6,0257454895861295	3,278272359484973
-2,3900303704678514	-2,1186684376086746
-1,0465929613238703	-2,3584006537683897
-2,4524973196883244	-2,3685063660951764
4,672507157182454	4,415399938382924
0,14264120942291192	8,068949343160696
-1,9004215099988133	7,317632319775517
1,413853311357987	7,229902468312431
-3,3003250582021644	-2,422355720802022
-1,6701826715863228	7,362031981555086
-1,9800113203441136	-3,474717083700217
6,047211282212208	3,7959685502501594
-1,6121627723550884	7,11660714966563
1,2882642490380403	7,098867501004873
-1,820586986554788	6,9793242902337145
-2,128619097877435	-1,991726247594106
4,759902369266321	2,625615732534335
0,5110109155650404	8,115641825336132
-0,4256938338136451	-1,984259287743484
2,818362533708571	3,3704831370785517
-0,7233123565028503	-3,06324594855875
-1,0716432229935031	-3,471542226865071
3,4097125123239964	2,8687720895298803
5,62058550299278	2,874989279523257
3,965602277935238	2,6704505712164757
5,779775655505838	4,161115094339413
-0,6125807685546478	-3,0464051482370573
-2,9535790079374067	-3,3140773045575953
-0,3722803923858959	8,43080087780789
-2,537847522183298	-2,675059245502307
-2,4553990320984305	-1,9494801302148304
-0,6596514956615784	-3,980204911596571
3,934586828350491	4,576734747265746
4,002166872434445	2,7908296721801933
0,19851051176178963	8,350746943438859
0,41566638727181937	-2,5148468790663205
4,757529013317845	2,5831305496293036
-1,1564224134607688	-2,0890070394049287
5,254549880722228	2,6981126823169794
2,971326674258753	3,4010989083509573
-1,7646700371722324	7,20303177490244
0,4317256953464029	8,241781748928858
5,637016681823325	4,290865754390785
5,501943462909956	4,279118725288272
0,04621425218693209	8,533192618405476
-1,8647201802377684	7,26889061537767
-2,1693834156101355	-3,1138783912761383
-1,1409238298313304	-2,1205368995181377
6,0351638557315255	3,54784795867687
5,5326145966424605	4,208338124036498
-0,8960581997682084	8,090005682782042
5,854885005775983	4,119239033080883
6,130482468188834	3,89412918295418
-1,1317120875971276	-2,2982742227969566
-1,1180486170064468	-2,2938930719498876
-1,9860248266587104	-1,8658535851908349
0,23264214727471977	8,423607800457209
1,3003880535689367	6,939772898387966
-1,7656840626561146	-3,543148073492633
-3,1039968237555717	-3,328827944776571
-1,6270713246567616	-3,527592398979154
4,167859643260267	2,623730349535058
1,4349212491285357	6,938083034202327
-1,8257976608177289	6,758302342160542
5,952637660991268	3,7934862373615053
-0,9252973308249131	8,489274757143214
0,24686241403258158	8,30505625045753
3,0422539384603895	3,872844481676383
-1,9506115237185524	-1,005929219791452
-2,5085605302363945	-2,688744193167519
-0,18968164523219522	8,308860667555507
2,856248766938789	3,2929435685443766
5,873230124894532	4,14589371619448
-1,4372275779221662	-1,673874608439521
3,1093251945402676	3,8660318992523752
4,49807226026321	2,789159837749793
-2,3486544739388555	-2,2766198727387246
-1,8669109669275565	-3,307304761753799
-1,6361220443356734	-3,476303430505385
3,8891400790418866	4,3229077389821615
2,884449446575575	3,771339652868043
-2,256523224499085	-1,915713413267057
-0,835509758249717	-1,0850198996916127
-0,4268159564228885	8,310332333540059
3,1032842141614765	3,321023243272288
-0,5055032282262173	8,333072886785288
-1,2042978368629251	-1,1845464623913997
-1,6373858557682686	-1,692505167442829
1,1736860566939047	7,694854940916868
4,624551420721946	2,510441200971836
-1,5740728159655377	-0,881202438677263
-0,22878772578877005	-1,9549018827119613
5,907441107379265	3,881873748099137
4,766858298220891	2,6191747145910096
-0,4997732949460062	8,311138192278664
-1,1245630664276935	7,961163378710224
-0,6726214356409815	-2,928533523391916
4,853200477225658	4,581562077311494
-1,8664257342947843	-3,375637099250425
5,451852016559538	4,415944160265515
-1,469224404982327	7,707254579730478
3,9334943025099505	4,349083885293437
-1,832963454406603	7,616075093916681
-0,8343117487009384	-1,2470831813732268
6,041413390475337	3,865047607668185
0,9278824313086027	7,760178136248381
2,983804770605162	3,45792201343699
3,162867655902218	3,2969339489449303
4,441340619603034	2,6220072826972207
-2,5819938955905783	-2,8754553168562067
2,9742852628151373	4,035288851346372
-1,367170887103713	-1,8395732640058537
3,745948902452642	4,472471432567831
2,989158905500281	3,2121418023499526
-3,1136372599609228	-2,5435467132308807
-2,140010378146869	-0,9651899998551214
5,057526166608284	2,677104442818436
0,279005967847447	8,23750546945897
0,16278022776372847	-3,1860545108767826
-1,6588900532776343	-1,7459738985196864
3,9838221471537834	2,6577308721651303
6,117983636333995	3,3951460226668235
-2,446404572134105	-2,559773560022576
0,6014589709142618	8,312397693360918
-1,493737531414191	-0,7731496991203612
1,2604922041704412	7,236239516388954
-1,6779874193572586	-1,7331657236299085
-0,8794423023248735	-1,161412378587999
2,9989954294903742	3,6782676977228768
-1,5897540606479874	-1,9550634584213213
-1,9269354470731113	6,7212076268852465
5,338234260156503	2,690742526718629
3,5156343871317652	2,777309133359838
-3,098640809843364	-3,1691547653075114
1,4601125731570077	7,210622297123754
3,004615074470959	3,690789508797619
5,690361150829766	4,099942557406288
5,7617799179555735	4,031016092150878
0,09368387928325772	-2,826243359479669
3,074258936083793	3,0724327337742077
3,229547315034299	2,904339851648557
0,42854807844354603	-2,9278811944554826
-2,0028498935162795	-1,6465313383246731
3,717124485115615	2,7609558808152856
-0,3173067564484827	8,39326261466208
-2,3821577581361346	-2,3964093252360454
-0,6250857667318483	8,240449737813448
5,606851179702329	4,192679485605778
-1,596006292612674	8,032307201309692
3,2614919960353195	2,8684673277133648
0,39201741457964134	8,260430973877732
-1,134435895462437	-2,05176791085453
4,508067683170172	2,4151384378108074
-2,4361364525893676	-2,8613659473219553
-3,2901539721623116	-2,848889806171384
-1,6275426833330044	7,479954501149147
2,95908872971705	3,340584225134902
-1,2966808638932499	7,863531403138715
-2,184024910105716	-3,3512033239670043
1,033762332340644	8,071613618554213
3,260453256382351	4,076087722317338
-1,5671765241101931	-1,6075592618267194
6,1864558665781795	3,3393823386897625
-1,1508785345190182	-2,319960271917777
-2,4069724560261214	-2,341495588843952
5,185970896974139	4,150325700313701
6,233672419067967	3,2753192395338937
-2,4702619339242133	-1,9928254122077114
-3,0561096820234903	-2,9827094912604277
1,0648174804176624	8,051940799475403
-0,8214321513821691	8,26579022895831
-2,5413179925090317	-3,9380641607721274
-0,6804911811602217	8,121024197005438
-2,2757001394903518	-4,0198406572630905
-2,282700873141601	-3,880970234020485
-2,1376494442936735	-3,3990345799281694
0,792469254456226	8,306691415672633
4,638990733042929	2,574879164568804
4,449219191507109	2,5101489954393577
6,123952856813708	3,651929954027143
3,169692009585321	2,88450823957019
-1,909040576521005	6,836566971447133
0,8929937214253356	7,9600000354817535
0,5425562740166727	8,19871854460347
5,975026715285042	2,855725736645505
4,009483958302747	4,344883299439724
2,912482697977141	3,5665803670697547
-1,0277323162351704	8,087284236935188
5,524291959065224	4,213015599322865
6,054129009939869	3,1353665133285276
4,122210876223486	2,6398526661875024
-0,3413191913546858	-2,0364624043786814
-1,2743240618458282	-4,044194879841969
1,7012172829082657	6,8310220642648005
-1,2670930805502119	-4,181215515851326
1,13744990854632	7,816446777804791
4,6424339307274405	2,605158621682563
-3,06663028482821	-1,7785377778376081
-1,2694957964499458	8,081278009805356
-1,2258818131040534	-2,2306506720674806
-1,9330398383719376	-3,3229035586538433
6,214606046887058	3,509455236447231
-2,052016605605937	-1,9037245275601775
-1,9237247948756862	-1,775446541217994
-0,7584461881499736	8,282220039096607
0,731671547011968	8,079578538914184
-0,3050486915201769	-1,7582090228039873
-2,591849975550218	-2,06653552415439
3,0790424138987422	3,199903446445742
-0,5324882966704307	-2,5749157540409118
0,546018444083094	8,172453580591561
5,100854978888718	2,594127768211465
-1,0822514696383383	-4,2946444805689
6,135022907969352	3,7287411198862324
0,8780089821898238	8,008138259926811
-1,718029305690459	7,34235843090035
-2,4484268718566735	-2,036813651463393
5,816225882073691	3,03032050942325
-1,9562805351911503	6,771501175403106
1,019276982649022	7,9210106284146296
0,4275667441378457	-2,82088838228381
-1,8015814123143312	6,878545972285937
-1,7897434907140377	7,433890798369756
1,0898415307893823	7,008916568567374
-1,912721441750361	-4,219183335460391
3,9096582237413213	2,7165412929909163
-2,992093281183	-3,612393038817851
4,621328924100264	4,561154703631007
-1,5298459351753197	7,581671996456324
5,050814812153359	2,598152661552164
3,6476214492872066	2,7100129724167554
0,07274503591524806	8,344496199013724
-0,8731141682421287	-1,2711798241606984
0,3796700246478658	8,264871441979292
3,024114155571338	3,4361077993888016
0,060594078884266045	8,28082133433222
5,94223252032073	3,286159801338511
-1,444637165414783	-3,9954175498313593
4,118450431878067	4,288915230979621
-0,37810475970518453	8,442662688920143
5,036095302753689	2,5998358257741905
-0,5351750555249437	-1,612589277983949
-2,155983786854357	-1,8185116078271608
5,6162616295197	3,055952236825997
-2,731911474604864	-1,2596062985138705
0,12601416288947143	8,355610725259844
-1,9126903099902146	-1,8504980288814175
-1,857052479514833	-4,151180069946138
0,28861161835347715	8,35853387026803
5,667347951638149	3,071667244328223
-1,3709534245218482	7,862315532856163
6,160050131518526	3,899022700253751
-1,591699627106314	7,394914619733816
-0,862329014139419	8,037180885763618
3,7911331270551996	4,34159330823776
-2,538606013709474	-1,1231481978040974
4,124042257091999	4,360178793656756
1,0853427371635702	7,475998555063058
5,824348292855198	3,920226326587244
-0,43993682539916223	-2,573287174672496
-0,9586014926777349	-4,2360213272573715
3,569967583839331	2,8312964680118817
-0,636932665437935	8,373305265147557
-1,1649944257556417	-2,1715489728940374
-1,0893630846451137	-1,9300986811945657
4,538200893796131	2,6087664005802926
3,0319294694980785	3,480042773496834
-3,3197060689038844	-3,027359029990069
1,1131701342399873	7,907620656513663
1,0531018839598612	7,363493469343233
-1,557020411899751	-1,625769287490962
2,815796828138867	3,9493180973968065
5,2227229122446035	2,8413518366261163
-1,2838130558519179	-1,859540079462723
-1,670999886348643	7,147118798267485
-2,422362934999243	-2,5870325683761304
0,2967571287357966	-2,766726202092217
5,9510447547867935	3,8944768869423068
-2,525601829953688	-3,9615497351190516
-1,7671048545075767	-3,368198450659111
4,563520212809074	2,6104436539703975
3,2049098178667985	3,962315104944156
0,6937376527875502	8,14795077471869
-1,2844823356369297	-4,028073900357048
1,2855474961182103	7,411990296427037
3,198291360295161	3,1567915811047453
3,9153669813585434	2,6679720799869378
5,875339520074154	3,2341381294838416
-2,5023473179350555	-4,009019678659046
-1,463159668933024	-1,8358570109240946
-0,808595958282155	-3,2172938163862606
-2,4066106257929367	-1,9952160066150295
-1,5853801068095121	7,28712679668616
-2,8510170107349877	-1,3439391311885696
0,4761479315881907	-2,761651059238263
0,5260692696803768	-2,7111592634913313
0,12640285294818532	-3,502718202666458
-2,6830512848903245	-2,7750510588430144
5,493935011499259	4,237439018404909
5,602558188667886	2,892625057913066
-0,5643719388441168	-3,00021664128041
-0,4494824545410516	-2,0619188218295186
3,068959481888451	3,761908704064406
-1,1831618453459194	-2,4620044396784304
6,046646079531188	3,5866880490536
-0,36589478938484876	-2,215147306837343
5,699568392869853	2,9754111630874345
-1,2469339955834136	8,190521575388631
-1,5355408748200603	7,721106605478214
3,2948114758800786	2,9895366862339774
-0,019114010601860354	8,490740149328763
3,0265821977099554	3,707117642030157
-2,711942209614606	-3,6903144037757594
-2,090063471104276	-1,8694322837080666
-1,19305089869174	-0,9363589571463247
-0,7594690752024639	8,269569139746732
-2,118747614197774	-3,1934100819813795
-1,2609671653934287	-2,1949585527691986
3,8774646107118	2,6920251431508677
3,3328733981151384	2,915675976748668
1,4333352204519183	6,88307346527751
-2,17488527541703	-1,0675554038704862
-2,662463853784317	-1,317502375248578
5,403674351042889	2,844632600725616
3,1456381158053706	3,058585594645735
4,199057995661588	4,318566638530958
-3,3194450921571375	-2,35152197045043
-2,4593143566751	-2,4388347692574395
3,6376516827396643	2,5478435159528994
-2,5161669627688323	-4,12710611832426
0,35859359194785834	8,176458012492718
6,041520981552581	3,203566059089746
-0,5244728689506934	-3,9649717887349762
-2,055287317206874	-1,9214106609618165
-0,9155825718159665	8,195128586072983
3,231131046307814	4,092242946635443
-1,775219349318783	7,022282748801951
-0,4525209979471938	-1,9732894080111043
3,7911151598993067	4,289108753699725
-1,3361659840957882	-0,8994214890602632
3,9604774511089644	2,5963354845558793
6,011247650346091	3,37085651147845
-1,207223512106939	7,934442743173985
-1,6872253942291446	6,7342831837164585
0,9398573696695287	8,046787156774608
2,8840530518024803	3,263069156656689
-0,40702047924853524	-1,819007105100721
2,953600675216525	3,1771421525601378
3,0144991981102707	3,5701974400478003
1,3656196071749482	6,851865524563392
3,6156943014566876	4,381666002756477
4,35326246307314	2,6379989185102524
-1,0103787900455838	-2,1939024036408816
-2,534086035479457	-2,4746128489624297
-1,2552307953076631	7,923542617860504
5,27783174137543	4,487017278817222
-1,8604370146411364	-4,250409300545874
-0,4454273410998797	-2,192829524331238
0,14240796759168628	-3,019082339816272
3,6900621112114935	2,773426565278388
-0,7302694924163435	8,220379800076472
-1,6247092859707153	7,79357995068465
-0,7087772825295608	8,602935323821521
4,235273310847945	2,6964562894399218
-0,808426988958029	8,32826354082838
3,022652518367188	3,1059032393718127
-2,333708745732556	-4,000098604742175
-0,8080639975056451	-1,283941852430959
-1,738194261555967	-1,816560123182968
-2,236663966918938	-3,9814539762122814
2,950446586621208	3,9127142171721148
-2,425555422470714	-3,9858890442247583
4,9480901723283	2,582841218993206
5,019696063230084	2,524210420240964
-1,4240427246674863	-1,6382068119014197
5,298193886613873	4,25963172194005
3,3493502295634636	4,051101952592513
-1,7078590683720383	-3,4729428752509075
4,271504125316472	2,5011062656226297
-3,322428880120837	-2,052726196885672
-2,380024379283645	-2,225985816335243
5,92303912392429	3,968085551083413
4,741896990144419	2,574560962933895
-0,2487890656131018	8,41407844953376
5,786997969290803	4,214743118730622
-1,9742955747492108	6,86939081242944
-0,36418046167891494	8,453637624760908
5,993161949793182	3,457301570390885
-2,761943650319845	-1,5484889584984898
1,3659681351371695	6,963326478122943
-1,4022884692184931	-2,0061666607856212
0,5046224151306588	8,293324866649378
5,0359365851373	2,6367676662165525
2,9254811380743737	3,7593334032856816
5,793480735677399	4,064910511163884
6,171030384358781	3,5628762182725597
-2,5067359988278355	-1,168742250844874
-3,069840558322826	-3,124430402851148
5,35392535313063	2,838799570879839
4,025904304125912	2,6809693977737323
3,7132496997236584	2,789331515961162
2,9612964131812323	3,474732226766859
0,8081440591312583	8,186378222470687
3,733209683575965	2,5254180429376563
-0,5314674991144454	8,281543878843047
-1,3406710322264996	8,066951394199966
0,26791152343449537	8,354810182325686
-1,6519789237483815	-3,5462925541923616
3,0255956878973285	3,1723268347229525
-1,3292930670309042	7,853009537625247
5,591635120518028	4,274235016199949
0,9036411776370534	7,958304628395997
4,856099695447287	2,7352471382168484
3,9709963099891654	2,6297272689822253
3,5789786902041274	2,956335346688497
5,925232054909586	4,092813358441854
-1,3450111171583699	-3,3184152256381694
5,279718536466438	2,788219939367106
-3,1338058398766258	-1,882209039550846
4,029578441996617	2,5228906259054984
5,756427863777191	4,12321391806367
-3,19538817182361	-1,8946028353454745
-1,3866605857799985	-1,8641390272571838
-0,7540262091713325	-2,926302777851755
-0,4595453335783264	-3,9047858849397503
-1,2640513051178692	8,149162615660343
3,183842007717879	3,081711681798365
-1,8845089442002372	-3,3517831442292314
-2,2606853143364196	-1,91348513737309
-1,1449664351546056	8,22927646536758
4,868930635763255	4,389005142275057
-1,634316714471646	-4,081693540947231
1,2123939116876679	7,08963902036161
-0,28730869595511055	-3,799312606023516
-1,0718480878631031	8,124049043183282
2,984843797568547	3,8888721327674385
6,028977216476364	3,5438648801669146
6,089773174126945	3,928770126170235
3,4975863437479946	4,3348630530951935
-1,4202831950230923	7,777782798330273
1,466650595288109	7,172314242872345
1,4534902898682924	7,066359017569662
-1,9780622358759132	-1,87371322646467
-1,3696461426368163	7,877441965655422
4,277505990369943	2,7593786100437185
3,7972478633039604	2,768888735057382
0,26482654373599357	-2,7322944493068797
-1,2360666842849755	-1,1265411445985507
-3,3030184971172467	-1,8739794708808335
-1,3161889768463215	7,913769199994212
-2,4468136986888496	-2,2795392003852064
-1,4625493597129942	7,877515530699063
5,883187481572894	3,212342776244389
-1,414040663073333	-1,6425067838447225
-2,4929681357615694	-2,8878503060834966
-1,6734932141198064	-3,561449137681924
-0,58257323006624	8,403444373623746
1,3965798983563222	6,943192625341147
-1,0472848232718883	8,215116402243327
-1,4984008996402953	-1,6746768851099023
3,108630189215546	2,9683731026655575
-2,549261493480703	-3,1130286681603137
3,2478828562101807	4,10259545039698
-1,6377303203237379	-1,7018369351162945
3,9134005977797175	4,385296455820378
0,21125289457377622	8,52117177137233
-2,1218333218299428	-0,9413526876917724
4,725069315604642	2,8278891868372824
-2,917112575018221	-1,4406131656529513
-0,09941152441276829	8,478858784240124
-1,6108242598397253	7,574218967794199
-0,529336495661421	-1,568991940092014
5,802965849343489	2,93124466578971
-1,6673394532148222	7,2239114034434335
-1,2741643977743469	-4,189248900478174
3,0701226827710406	3,2970966959371344
-1,860709434986522	-4,064969577617813
5,9711652619901265	3,39615421620596
-0,328048874377389	8,474981922229562
-1,8366670441624624	-3,449837585916395
4,976509722721436	2,8057633047177943
5,76118768298623	3,5902702105215214
0,3590905990485066	8,343628856192733
-1,5352181136285756	-0,9664106752514845
-1,9034327787896215	7,12511058644262
3,0854122532318273	3,6035882647906257
5,909816411213485	3,906388248640785
-0,21535178537347877	-1,9180980592787342
4,63431607958373	4,374864877359792
5,494110496416454	2,931900177377439
-1,6540439165723886	6,8366070916775685
1,3985780595944837	7,599719015484268
0,09088704252210306	8,326406919738478
-0,63336655313471	-3,191357462158324
6,154826838468134	3,4952053949769866
3,3314301854415507	4,103083154914549
-0,9684475494142912	-1,196609690078353
-0,4733548946922087	8,35835132009407
-2,223952154836782	-3,17064208875454
-2,447458233052128	-2,2563885647873487
3,0727758284625324	3,846381795612989
5,175328651597212	4,455490038330741
-1,1987865676061227	-2,221198252227932
3,7101713897510646	4,32757000138942
-1,06723676115298	-1,0310873628860393
6,182287611003695	3,5750623813169065
3,6141561165863223	4,3156250465973915
-2,6976083616104525	-3,701823938533129
-2,066997010968999	-3,329923353777687
-1,324880725358131	7,864466415012434
-0,6211750702258209	8,261029288308006
5,942847794909613	3,400825249951946
-0,37875862200512145	8,470180843362416
-1,6754659797285016	-4,002299272587293
5,423840272997278	4,178249394849607
-2,3234465541531404	-1,7847322006400241
-0,40546481265097184	8,352128386412142
1,253695734736084	6,5542996128444795
-1,2442412067490627	-3,3714040310322133
5,992013582965739	3,2386301191145743
-0,630519889264173	8,320742108278033
-1,3245072717736779	7,790111957556379
-1,8047268791837885	7,386245707149382
-0,005850818228496202	8,282086080362413
-2,27473700681767	-4,0474308067290465
-2,297995006602875	-2,426187091151746
4,492176148866047	2,6673930776892654
-0,17542111410079994	8,491660646963894
4,541112028084388	4,500928230282565
-1,2742730223448242	8,221129014667687
6,094443592477955	3,2055525209127445
5,949979430913135	3,8405627714485404
-2,9839514408876857	-2,1595686833470404
-1,2360437479622357	8,012968695367022
5,200459206684052	2,913292649825414
-1,7005827187517086	-3,4965936153945174
6,0028121414365945	3,4710533208971994
-1,04969179859191	8,269528349943604
-0,3804674891067681	-2,209688196483603
-2,3113603535133636	-2,0307260546674355
4,240514029420274	4,3821478869791886
-0,9324098045142285	-1,30067971801304
-2,0105283228817417	-3,352062673743334
5,800979796528026	3,996195437358435
-1,1517086075645073	-3,4200738578232572
5,798241953357879	2,8937404465187355
-1,6513191190210652	7,601379445134649
2,9980247724199867	3,6468516554092814
3,2394309647693333	3,093136492203775
6,256295164379027	3,6297279150564434
-0,722895378194286	-1,2723676681800677
5,457542009189386	4,371539401672514
-1,0564887280732322	8,06709678447012
-3,3724879328588298	-2,802586508387745
-0,5879724440486455	8,461874258184805
-1,5193151798450213	-1,6971124996400073
-0,09574052616300288	-3,74146885726521
6,17358886611379	3,3743642235027766
0,7565169061156599	8,05202941291496
0,6981192985656394	8,133985830821246
-1,569913396586496	7,70810284910327
-0,6952007483897822	-3,207459778043234
-1,2868102430505068	-1,9126010144876762
5,94735376181335	3,6351043226574693
-1,5902094377186586	-1,8643319045676363
0,9605811966692364	8,002843242542289
-0,4617054885792494	8,331743512641914
5,66937963567166	2,8972968831957133
6,063377533729849	3,2163672568553454
-2,6243152014403024	-3,8131623589993575
-1,1142714641993687	8,047089297189842
-2,0102609116822325	-1,0325079309951177
2,9195590217955343	3,7660062319663985
1,457935294890088	6,837163116572678
-0,3607561562726892	8,36799672084576
5,160720299106253	2,9356146486287846
5,576371201845509	4,162515792463644
-0,38497705248237013	-3,018936829740034
-1,7474748023987543	-0,8984003197654462
-1,7882147723576298	7,282428808995687
-2,431009104122684	-2,9709522031680273
-2,546989339164905	-2,508063018481655
3,3403233577556377	4,223245603493589
-1,8423336897446174	7,235757809308907
-2,169634882158361	-1,068196932260805
3,318457199330344	4,119793550143414
4,4775034148948185	4,502068361182736
-2,913287910368971	-1,2843462746021155
-1,5855996810998094	7,187633312167529
3,901333404743852	4,354347257478855
-1,4950707649173505	-1,9131742772782139
-2,4531181294106217	-2,1583606054904116
4,20869735526901	4,469572883999498
5,48678852457237	2,8618629694644673
1,5934645222170591	7,279708455691196
-3,280113141846054	-2,7747136249514353
-2,2565615594912662	-1,0884626816514036
3,1352290400203064	3,981246050730834
-0,3821981884802821	-2,3010788511184694
-2,0446051334572934	-0,8080186707957797
-2,3721566966844634	-2,3272539387249824
-1,5552032891030323	-1,889500173342985
-2,3229407424756525	-1,9660055106699221
-1,9735000807388654	-0,9171666265447307
5,8241315207436	3,122868613580556
3,893488538882307	2,5078285638479656
5,301017000787205	4,360678319655062
1,2089954306620505	6,768621780480294
5,543185752388313	2,919299380139658
-1,7365063325317704	7,561174350618099
4,897837267504076	2,7395460482505296
-2,5128342865015227	-2,441022403353364
-2,093712593305634	-1,7016777730325385
0,9559734833354467	7,888740523051067
1,2413092523055722	7,874964744452342
-2,600876361212808	-3,8453915876496856
-2,576761838743948	-2,9063872032811244
1,0140045523487622	7,817573673721895
-1,6507407681761321	-1,5944121564880578
1,039001972433714	7,815207489848222
1,2790371237633575	7,369036642399785
4,09222509905695	2,383174083099139
5,859667019765413	3,905901412841335
-1,8648311578025953	6,962601596128944
1,36702016994815	7,614667169257822
-0,34829289960329435	-2,2978818914810355
-1,7228174231071354	-3,395269581064997
5,939143344199037	3,1548541122113747
-1,4937115819692282	7,442291622483699
4,8217481148373995	2,6549656872980787
-1,9007434610170293	-1,132117917855521
-1,8313917674736055	-0,8667310210760293
-1,1739673301237066	8,0165800960166
4,988727354362002	2,63522201921896
-3,247756598296604	-2,1091687002442385
-2,116561683724613	-4,105339656209906
-1,2903324600705215	-0,9118685244867941
3,0175518477181242	3,8090026064419478
4,566612911560096	2,656500388937309
0,20689318917328992	-3,01669653301086
-2,8831862422374845	-1,4516454185207568
6,205376500444547	3,534138297851773
4,338014465920832	2,55402373098142
-1,9723347724833276	-1,8725112838520328
-2,178326397494129	-1,8489555372589637
3,592811203325928	4,469566505796662
-2,6422702922935155	-3,581586033456701
-1,5406835298812196	7,452957265846766
-1,7429401202122525	-1,75124178284354
-2,532554535222329	-2,9347683556903132
0,5363276812696778	8,089672807622968
-1,3896821153476167	-1,7162807734344954
5,145197505531372	4,368726795245181
-0,3945645642448803	-3,656692241263576
5,563657757677138	2,754952785733958
-1,0916562208818648	-4,095980238235045
5,958668267859641	3,1874857572364172
-1,9190711189940717	-4,087119391181635
-2,4134342837838627	-2,0874600043256133
-3,168483487778656	-3,2500092393034143
0,2070165827607271	-3,342280939853195
5,850157403781541	4,0515096994453055
5,904521385061837	3,689052105056731
-1,4607926016276178	-0,8007288522054825
-0,38624899304218996	-1,8193479355381517
-2,301949413283708	-2,0429618783686716
4,621783148511328	2,743640800029943
-1,5852947895372531	-3,4243987213436426
1,4242083262881005	6,974320123013573
-0,11673179406286005	8,414347049646485
-2,363015635847191	-3,230796622244462
5,411605341978067	4,184108551649928
-0,15720677841866082	-3,7517285207562745
3,5352716813414213	4,004076631341449
-1,166525633655331	-1,9423835336233632
-1,2185671052215619	8,081257009243108
3,108053742741778	3,420976065147383
-1,7341731729276606	-0,9647496079038624
-0,6473575371678852	8,414141261410006
-1,1047174317215869	8,116519364897446
-1,8172893579400544	7,26879981980967
-2,384520075036426	-2,746217893832414
4,554735726965089	4,399073306255946
-1,6811063085771274	7,375572643162816
0,3123305282418629	8,231587196189516
4,213324069145591	4,5052498082445895
-2,475062922323157	-2,720162509526623
4,9355764983229555	4,332234258924869
5,485702514517881	4,259444655207356
-1,357383386614719	-1,6051439640215548
3,157269436188492	3,821621530958594
-1,4758512334748584	-1,743380869587304
1,2787132448972027	7,312095041477188
-1,7952684734232238	7,240150806480869
-2,33335988523152	-2,664107040042919
-1,1164107703589479	-3,42059592473548
-0,3667202092998789	-3,7958936562304784
-2,1627195862649398	-1,8963397415291938
-1,067049968986176	-1,9643887956952744
3,0391774478264137	4,215292582405648
1,3320943921669761	7,0160805697166015
1,1506934051098536	7,9568562914712455
0,9787047344806927	7,957880959259491
2,8072818886547903	3,5551568926616195
5,865479975912259	3,9009356183235604
-2,076622602266941	-1,0780441890386716
-1,1694938148349538	-3,4038533736114327
-0,9144104981087294	-3,933980111794896
2,9704860961591755	3,285087904737246
-3,076727775393047	-1,9761531757519135
4,3366917086018	2,3686155343533026
-3,132293823220575	-2,5447493065351017
5,84946392384875	3,143101089276185
1,6068680608434842	6,979559642431618
3,2668618038308166	3,1159391228070037
4,656924003241723	2,513469035382297
3,081846336182659	3,729545683375499
-2,6462360360865755	-2,4132353972654803
-3,2043410234825482	-2,4452485281483964
-1,359518896346562	-3,575874752128935
1,3839844122261158	7,740986997594451
3,2448108899609722	4,011578118088285
-0,779577612278058	-2,8294198945855142
3,1260740714273156	3,88031320098588
-0,4990481521399268	-1,6464907578067267
3,149685955901022	4,073267381873692
3,9551068248656542	4,270334986221591
3,0243379495985154	3,5573750618965514
3,115159325021464	3,249073889439263
-2,2884742715974395	-1,755949776084161
-2,007798221872579	-0,8800519393399131
-2,945299178093876	-1,8152702828984433
-2,2919997471993687	-3,1430812677561963
2,927309253737254	4,056700495939959
3,653606385220842	2,8530090143170943
-1,3631799283203154	7,648678914417083
6,127724597990638	3,338712466161715
-0,6363411428194367	-1,3944870321283636
3,109243155433677	3,9708278399764287
4,748478540407697	4,432470143521778
-1,6919037479824748	7,388115458731202
-1,1081889494170452	-1,0461519476432322
-1,1310978760483723	-2,091711014664727
5,07440035626314	4,562940630169935
5,361394929770596	2,580496883213774
-1,775255569887126	7,597954244653778
0,3801906070722154	-3,0030734284358176
-1,3511127689100284	-3,5417249170292937
-2,4269099653780595	-2,0646137909946383
-1,5482546831866564	-0,9650845617625139
4,8184814464743875	4,427962522269132
5,598235736343611	4,277157202983391
0,767223098949277	7,973367748414255
-1,9654146613635133	-1,5402178325114009
1,3623875457054242	7,123232632029449
-0,3210083859131081	-1,9286892616732583
-2,531266602862676	-1,1197583059792429
-2,6346654646679317	-2,601314006978799
6,050736496454144	3,363041524032046
6,220804485993661	3,7155427100514804
-1,5256602249740225	7,744851425753712
-0,7518937353603391	-3,1539305512013622
3,8376639363763467	2,7504556424698654
-1,917228026789038	7,242927177992392
5,004593054797276	4,466125124348038
5,7788418906644	4,056652267140389
-3,116974057653124	-2,019043530630192
4,147078782848492	4,320908484213779
3,434131593340275	4,263406075754454
3,062424562160734	3,836612369310041
1,2352937785173845	7,594801049344101
3,8268689286844673	4,4124776525247285
-1,3172928128162185	-1,908075830189523
-1,8943424360167609	7,110040286703107
-1,6048034638046946	7,39517022276649
-0,8987283483876612	8,20622762407816
3,1266185491700025	3,178591422081886
-1,1882946935840584	7,970082899466179
4,846457621291287	4,465841441770266
1,5738968597747438	7,365397985334268
-0,6165572583043786	-3,1283135328378324
0,29531537516086925	8,190382381496345
-0,8333475987668003	-3,4451149439436852
-3,26152970100921	-3,1379935206668823
-0,7447138013139237	8,402436541254277
5,869613446318002	3,164730233911099
3,057710884653702	3,81307605705365
-0,1512787108288638	-3,559187880430362
-0,679333064134079	8,293755799705012
6,024708400214103	3,4456928603537555
-1,6939403124106884	7,370309458959269
-2,843178024731042	-3,5222282769896007
5,139619001719097	2,84141121036429
-0,424835356558698	-2,10165087291079
3,0504224964972293	3,129700946392352
-0,7785216427235264	8,27425356968519
3,015345043374681	3,690617056374725
-1,2795491855473962	8,064847785298998
1,2195297224870307	7,9380017391493425
-1,1499893926472278	-4,275631016356465
5,7608776127129815	2,905972256050723
3,248842142841423	4,110429035785595
3,952188190947921	4,298724794164543
-1,5876759473089526	7,5696909205582985
-2,040538931368868	-3,92509041074164
0,7611299649725016	8,359569379925603
3,0072596435409746	3,2025775971645025
3,421840346346694	2,6041648944081346
-1,649471441805057	7,393924971306932
-1,6739296877144259	7,200436117383949
5,9145547300039105	3,3161414197013577
-1,8653403813119793	-1,9470227044545185
4,309226162710433	4,402062669181884
-1,226513341298268	-1,9659328697330305
4,371675490917817	2,6131082945004227
3,0038704134614056	3,431766455811914
4,979660849907127	2,535923314637726
3,3916963115803833	2,9591272934171258
-0,7422972204319243	8,168169731123548
4,145110298059873	2,4905633158322087
-0,30126794023736214	8,553688796920428
2,933834977906405	3,707138919851249
-1,7700642431808395	-3,192538943458245
2,9907093387963464	3,3297713014582238
4,180054060751159	4,273997678549008
6,2087908943913686	3,726977481099379
-0,5721857688407812	-4,092127716600837
-0,1887728770805026	-3,4853014067811463
4,081569534043814	4,55312413375252
5,535206609397294	4,141587001807272
6,06012956561305	3,7170185822211828
1,379414918357224	7,2763103841222385
-0,5053725273069978	8,461050255960796
-0,7691957139470547	-1,4095669172747156
5,985485618531307	3,1722854510471783
-0,6975913338088348	-3,028470190326401
-1,6595136554505188	-1,7571925602957736
-1,2770082380723415	8,335019475167499
0,12073485812425505	8,282458575820028
2,9327561028269806	3,8222755192502773
5,362515623341278	2,951185018007317
-1,9742692920807987	6,989682667879826
0,3099887016278604	8,319843225660184
1,4084811093687757	6,873154211414621
3,3420330484962113	4,093446630469991
-1,9016753916982532	6,820712048547257
1,4439059735607318	6,86550324998477
3,3856674434577294	4,134467126633132
-2,209960605797168	7,056888230038439
3,276032711960692	3,959209878974729
3,885027515298559	2,7432486372839024
4,502440539444813	2,5479842100437167
5,694270638846738	2,6930671563854784
-2,4361367842360737	-2,342281326192502
5,478527449865569	4,230717408013974
5,118394032985876	4,3715717947459325
-2,6328225755584724	-2,501189006790069
-1,7440376103044395	6,987688029483059
-1,84046796198077	7,3831220114157725
-2,508770316272484	-3,7283525108563818
4,447581189647293	2,841230625131706
5,898556659010622	4,015596059483303
-1,2450007270437247	-2,2859466298078104
-0,745263424868567	-4,1349689642083955
5,228880793622295	4,29021626515187
3,323972524345351	4,286162792735995
5,682805656293978	4,1860667244115035
-0,4471343539252455	-2,86137995071909
4,7633804585450354	2,7304040364238134
0,4994029612849423	8,356200698714394
-1,9932501621211025	-3,4124857099230494
-0,8987398170556138	8,128556552955626
3,3953747325725727	4,084131077673663
-2,7164020927417156	-1,3442499047425402
-0,5887539260448282	8,309922309120786
-1,7609069272186613	7,4709165455318285
5,89824392067669	4,056222670422719
-1,5348496782520333	-3,5375599154051924
-0,8828021398160795	-3,3520860741878677
-1,187006937200362	-2,115611623080484
-0,640162667931666	8,485273970261337
3,1302490083312735	4,0556722638309175
3,6436752077812056	4,40925300011669
-0,3801272810899585	-2,987929087394508
-1,19572244114617	-1,9484788460935951
-1,2487651347199775	8,153187668608853
-2,587656965614654	-3,6792059069888285
3,4547669596107893	4,2155680365853385
-0,6033268912131293	-3,058280086909512
1,1651667030113804	7,486915646364031
-2,0646694933823837	-4,029473208981369
-0,9631708302629263	8,118268456475091
5,767153374510994	4,053181269567582
-0,8821740096302421	8,293585446616571
3,0497559541501307	3,610000607960002
0,6217682863947444	8,262527570128237
0,21395610609259452	-3,096319538619374
5,289450358408961	2,7704769690806237
-1,8544308161452399	-0,6556658235279926
5,819060841415826	3,976190328251501
-1,1526873750117295	-2,3639220845803797
-1,6044153758903095	-1,7102108794574016
-1,1672442017530498	8,12356180899933
-1,5908532611442712	-3,4839005986402896
-1,5777295559568496	7,656230857349394
-0,5864867361649706	-1,963223143713697
-1,8522217816492155	-3,955015915215337
1,3649499811864487	7,052851521628796
5,512352455474211	3,0381818245879146
-1,8098379208758733	-3,456785834371896
5,86232016393586	3,7866196787393402
5,862264082216642	3,1764523182994937
0,5355802768396751	8,436096729689075
5,823547655846522	3,8743173304674867
-0,6437395517033092	-3,0706822339352278
4,756160168333142	2,653196916234348
6,071620263237282	3,1656313234802567
0,25735271164217227	8,397312136966761
4,152489134569568	4,426721092888941
4,319203308514141	4,489808771683062
-2,6063338530959577	-1,2404778032974781
-1,6643412713608579	7,561065000667184
6,024311818658181	3,44578329329331
4,899559300582389	4,28454833191863
-2,4602097375492282	-1,125567071280909
3,0450269311088314	3,7706142882967915
-1,6158527810939742	-0,9958341494438019
4,565765142015698	4,715975844710002
-1,7524298744211197	-3,575054680250604
-1,1853379560169517	-1,0797660213905729
3,007867368689108	3,0749647838189595
5,755613952875698	3,0518971413164127
5,8578246048858835	3,4155236533432363
-1,1550869052187154	7,959880114741146
4,850899309264812	2,5312540067667175
1,1923588703610413	6,8940683680226265
1,4520973166029982	6,824263632005763
2,9423026266236976	3,5906366789140582
4,043086864129918	4,578898622279061
-2,5277911599370153	-2,5416401494107683
-2,551780975217144	-2,907814009209784
3,012770025245174	3,7798793824324353
-0,25086370644290606	8,430698445279322
-0,6533628939899536	-4,084822834688756
3,976540476967646	2,838777861853257
4,2237287747262275	4,726596701695226
0,8667668065096992	7,995538409597149
0,4099183988061996	8,143759630873829
-0,4944497677613311	-2,7776837189620673
-0,32178940123409344	8,438466628037514
-1,2897686419416352	-4,239722709072102
-2,5542904035756173	-1,1524464566625894
-1,6030619124388472	-1,6516650453624304
-2,238145554966491	-3,1541484438143814
-1,735686800149778	7,0315584492103955
2,9686094912215024	3,3694692532274884
-0,9496506078109545	-3,162104776300956
-1,4993314068817727	-1,926671989347
-2,1536732316625313	-1,774507348496312
1,5046916506889425	6,8111993980970515
3,031398053032939	3,6826277682640356
-2,4158266735353813	-2,8478397682542385
4,653081927952069	4,417320521424397
5,205947720267934	4,195971071313947
-1,1358069193630587	-1,267622842369889
0,9259583030045102	7,78346133091184
-1,9156215733381077	-3,3913422267903073
-2,303760906739099	-1,9525763501428428
3,543975421979101	3,0493742346475976
6,009208056924512	3,1457784851407613
-1,3850549809785133	7,71665755113335
3,7751714972974635	2,8040124136371345
5,632524410908648	2,901325492563107
1,6038740672946676	7,149095783909264
2,841660194934121	3,5812432943468275
4,52740867443955	2,5181381810212944
-2,0388582491939755	-3,367214818298988
5,4437183898521075	4,501303459300907
-2,3259685033891193	-1,0434400779589574
4,965210004599533	2,7210691785945773
-3,178967973889602	-2,6871896990970146
5,96998465098578	3,416526248604813
6,074633990344826	3,5360039014931868
5,726950052249977	4,214114814332354
-0,4650476416466969	-3,8045102063901224
4,61500139749481	4,501771432005334
3,093508200631339	3,2710776311373975
5,901140888513651	4,097402887834378
-1,1895946847261052	8,12478472098121
-2,9439757853540414	-1,6438884178958317
-2,367439655607542	-3,1117094538776717
-1,5655298547245475	-1,6467084105174132
1,4030910709939561	7,6507459831626035
-1,1787946975185954	-2,147097217185618
3,4186953939227314	4,072719118797249
0,7309683548753093	8,125336848069658
-1,5014641232619657	7,52575618851766
-0,0599204919319386	8,38809261684399
1,5358622143083263	7,036082293436386
3,2408354552254584	2,8044108236741296
3,222280198053692	2,929710854691539
-2,0193495881762487	-1,5011305874070158
3,1475148569771676	3,3977521273167404
-3,0999719352962622	-1,6804596593019205
-2,030057709451785	-3,4891291618169085
-1,3484291365885053	-1,9699202401080451
5,472107334816087	4,147546978100444
1,11514623979782	7,616363863268488
-2,658082881063227	-2,604482903356029
4,577173688169993	2,67494181384959
-1,7773765691653787	7,234818998187813
-1,762609575699685	7,467276899872254
3,110348176225779	3,3701159206094498
-1,6139271492449743	7,7031368652478385
5,287998628174888	2,938305980862372
6,051241861524589	3,2240133105161473
-1,345464943888752	7,930807076778843
-2,581976484099392	-2,3036027870789564
0,4136495408636722	8,236921214218787
4,670517649161223	4,467375847584448
3,5767152896424568	2,7095362894994746
3,2709086459074332	3,1213784274794727
-1,4105594402885238	-1,9540847762179747
5,267835553166351	2,669431683601692
-1,127570500393572	-3,4011806929198323
-1,987783665745482	-4,183082702725834
-0,305948277533582	8,312766032545921
5,85987266344433	3,032960994538057
2,9462086089457573	3,385030342770582
1,4442048778722678	6,932873772697394
-1,848854510624267	7,607044066097367
3,513559571516441	4,257906281399652
-2,35764026521628	-2,569635362718899
-0,8924878885124773	8,34659524267511
-2,7859645002838755	-3,722593209513918
1,0883347340813792	7,720638846719879
-0,47562365472239104	8,336993465814194
-0,5978758683100455	8,290311990505632
1,2633446851203791	7,655251114790121
-1,8449535445194174	7,169314207197729
-1,6436562017501368	7,4839650760679435
-0,21864634543395867	8,429981112698737
-0,5423477602888216	8,314145685428377
-0,8736109786967206	-4,1218337303106765
5,430054775189682	2,786214603869806
-2,945991967941964	-1,6357119924696937
4,701474462011666	2,7356478828127724
4,466759810048855	2,643350227928123
-0,41062331451589446	8,587420828983118
4,432397297417617	2,4931969071388957
-1,2805909265291362	8,037198688877671
-0,825685011820296	-1,2974218469728178
5,998793315203063	3,900183657011054
-0,6937694386322664	8,335413482278458
-0,8889764794098078	-3,3633544640162887
1,419053899300217	7,54359425352539
-0,8842698983230403	-3,292978852758844
-0,8627422807052596	8,324549092660257
0,07391098520934403	-3,4695554850842107
-1,5645624113554528	-1,8246114375036577
0,276621780618586	-2,7493538467006555
0,02345476706218097	-3,4681286145056855
3,1704742501288496	3,064880312479546
3,0009904946835517	3,5129767666413394
-0,5955013691251663	-2,347194240201499
-1,4382296442940032	7,816980681755722
-1,39824053598984	-4,092483659915337
4,237846167291626	2,6927831075340265
5,164703596172738	4,394097691550443
3,3191924518355815	2,9681548461730918
5,600341148697911	2,892709485809146
-0,6970800230398306	-3,3265964317417094
0,10525137608157753	8,340470150347276
-3,296112968789094	-2,838946853605235
-1,2316600055612412	-1,9628062518992353
3,2675075339370707	4,090486840471551
4,5594237185746875	2,5369391964117987
2,9927737471770914	3,196062504016949
-2,744826965252966	-1,5245158823671154
-0,5381552771963636	-2,787762686293528
6,083996992822143	3,7197287037844773
-1,7737656391245573	7,763701370001506
-2,4902849534780906	-4,052493889742625
-1,5342873983882224	-1,8917526141265424
3,753294676067992	4,218169452112502
-2,4973345962508366	-2,207548903089561
5,878901967199642	3,135707962698722
-1,0171365252292452	-2,485014573361026
4,802782237687573	2,6100937112188864
4,581627353572238	2,4798613836748986
6,05478246690746	3,570060743461513
-1,0382303139505618	8,04726031756878
-1,0801948581552705	8,288063415928702
1,0250733371554226	7,950783521599134
-1,0432693770952568	8,20183222052415
-1,6680995102800367	7,620562170464053
5,349959726179319	4,324042921226225
-1,6783915590158984	-0,8350976151336096
-0,7559175327927555	8,244829912811799
3,8467758008048634	4,385308026662597
5,517508113713774	2,9689337784417202
4,582894959471916	2,6619596683152436
-1,0554700624091	-1,3595054932699557
-1,184601665882556	8,140120683606117
-2,897406570943627	-3,4553081059771937
-0,4450630112271572	-2,7871179847573173
-1,8029295606859368	7,030267354925327
4,923294829875131	4,255287853436849
-1,3274156221769098	-2,1158838332083296
-0,9183088025422174	-3,3451021541024533
5,769187625776975	3,7277128163737405
-1,6161374451494634	7,722794849054659
5,93508760490738	3,6009733876188967
4,250928552437275	4,408523627497621
-1,9928389415176677	-0,8747218795517593
6,0141458186545815	3,8228475175962404
4,0904209696706815	4,51736062880897
2,971358081567563	3,7773589114212247
2,7845448061526965	3,61989348464543
3,298767444018189	3,1521433180028273
4,219197451699827	4,599984838150292
3,129825497993552	3,341185048849413
6,165029562720535	3,7422004627159535
-2,14184598103224	6,994495311455357
1,4054070895253852	7,079944579092633
5,376817868924143	2,7670852845439473
5,10943997693617	4,562162650547187
0,31249519013950366	8,352830814024141
-1,322875453408304	-1,0607337413438418
-0,5747145622105365	-2,2973239539964494
-0,338354841281876	-1,7668413370409892
0,4475914094290201	-2,750517843489212
3,587478282833839	2,8952407228321873
4,592950103206542	2,5449525106274757
-1,373449201273981	-1,7380187194376355
3,2489050868483487	2,994773176120326
3,9647062159038997	2,82645536540393
-1,2332841993740202	8,1410136979802
-1,8269720413294464	-1,7490894368860592
-2,4233973836388447	-2,2284875611846484
-0,599281508409929	-1,3813384114138874
5,6803675992277665	4,039315145052634
3,8118751768579373	4,322406739280517
-3,306765321584488	-2,4512960959735532
5,9401735070284785	3,963076523533581
0,8395660456725946	7,9795237655223445
-3,1185560267036463	-1,9734213903717581
5,738639233241147	3,9381123164095877
5,032845289708478	2,637954781375454
3,043340163529092	3,8989616173218975
-3,0207532432221926	-3,4446501344229237
-0,83828984558371	-3,174393171050253
-1,5435118080036154	-1,5605356053833892
-0,06846414468484296	8,423187646452595
5,7389180688694985	4,344517534095266
4,751082874591484	4,327503304301055
3,1774631609491557	3,881838684069359
-1,803413291398977	7,235894621565107
-3,11877142550807	-1,9330250309966224
-2,666108402782697	-3,6903857612208615
-1,6089890911565317	-0,7795854798867634
2,98230326554536	3,31420361629898
6,182831639098863	3,4572353904892377
-0,5104601700724816	-2,262423069568711
3,1404482634827113	3,9945936674585147
1,1236361022164978	8,016013829024972
3,596372752353491	2,8023861865699717
-2,201213544449928	-2,0028011871075293
-0,8761647970198291	-4,064741535221214
-3,0882960834573288	-3,0102736278265154
1,371506890449954	7,2156556560702505
2,985231941840646	3,841740448653604
3,5252719018406222	2,7956220029791847
-1,8797292150062477	-1,6514475206548793
3,5598381247141457	4,366893812387099
3,3858580427071447	4,200947130641799
0,006789007520768386	8,280145135447889
-0,19660678788695815	8,486785272165973
1,399184847412261	7,611931392577784
-1,5458456029919647	-1,7130808886980797
3,9425913723333	4,436536610973715
-1,6370499925478827	-1,7424274988956592
-0,2119484275209623	8,42674488582225
5,593174995820773	2,970154786664101
4,941038245387705	4,404097528428294
3,179060854679196	4,062227778710849
5,0452368292912135	2,6892087003994645
1,3607104496200297	7,162358958760195
4,086989180205334	2,564884481070921
-1,2581542085037827	-2,044204252668623
5,0299280043361225	2,60189084652814
-0,02754039061747271	8,37468898284435
-0,7308890637657972	8,432137717323092
5,4591506238705385	4,183116576857969
1,310311257693437	7,309862804928693
5,860271036571325	3,0593968805495284
-3,110858452565367	-2,851513138656098
0,8417728316036732	8,153816046396841
-0,6951331656596633	8,221859942855628
3,3213936629438208	4,113148324977206
3,3098165246838196	2,9688586514649655
3,4273144390525014	4,096591239867536
1,3462535523070975	7,0929413610264636
-0,9593988873232033	-2,3402655672604613
4,127427396899435	2,4983891008301953
5,797273011547352	4,2949078612527085
1,3326657758975524	7,5344414850043915
0,5534167962249857	8,120352363758204
-1,5916721639883573	-1,5280803069830533
-2,8076297738532334	-1,514156140741619
-1,0897274124710516	-1,9808776758511724
-2,2310991356801084	-3,260824088702932
-0,6952800179491792	-3,183262701886791
-1,2958848627562407	-0,8791057651012311
5,7083809759462785	3,0021712674419767
-1,3911662797263813	7,790364205222225
4,609105692582521	2,530578728190938
-1,5712091194757036	7,725820996637583
1,4178289864992557	7,318306483576963
4,56806767527969	4,433022154102331
-0,827933550586379	-3,1990547375089506
-2,4049866212297144	-3,177548660256683
-0,5284069128893729	8,432501417464415
0,010359772525007	8,449109956784513
0,1197736300566774	-3,1402345394558857
-1,9403475572759241	-0,9256097954090765
-2,3517617246572775	-3,004200627898046
0,3757584142733663	8,18976828731362
4,730527706918172	4,371396674490946
-2,170344898852908	-1,8525248454172314
-0,39985222907796736	-3,7137941833365318
0,04077799742471533	-3,367658014516759
-1,3165812847873735	-2,104264699010887
0,7153149079817601	8,00995364374476
-1,0087088921250358	8,177283670080318
-0,6056373374727478	8,363055061922367
-0,5802549102502366	-1,9228231012154675
-3,0736579231056167	-3,203079248418889
-1,8250682759808847	6,843365993856912
0,3414989059288158	8,260912483139599
4,428208177817413	4,380595860676556
-0,667851237100984	8,279835585271435
4,834878613282992	2,7153831992253337
-1,101927397306142	-2,163327673265518
-0,9996219716809561	-1,2726786657977096
-0,9622591608523928	8,322339958281127
3,2614946347814446	3,941358087194095
-0,6800297916145045	-3,118622978246853
-1,7407294639768145	-4,180709762005982
3,307396309758536	2,961054558864155
-0,3570094697236533	8,44399112157675
-1,6985227658076785	-3,286100254439424
-1,7127767222579755	7,618102983939576
0,29505950024886585	-2,848118608291358
-2,1352265080843953	-1,1313879902521908
-1,7805063762237203	-1,6581572556045403
-1,3787055760907514	7,893522887283691
-1,8493469948236363	6,99788751978328
5,779604717964871	4,105911851379595
5,382344123274811	2,642370744789237
6,092155512815453	3,9049077007555795
-0,603986967086882	-1,6791432087696117
-1,2738992977049435	-0,8730482105613222
5,033563464503547	2,7494922283925307
5,384986468473547	4,387227412265834
-2,8329853784901067	-1,4123443891053276
4,294518926246039	4,396915304914637
-2,1163463616539686	-3,422718040033809
-3,1527517042175734	-2,6912212536239446
3,296525094352263	2,7679196605597567
-0,7964705620607893	8,310770779725026
1,202357675753979	7,584494891690774
-1,279409681170468	8,09285522847843
-1,119933302553433	-2,300183615457762
-0,055809089573771065	-3,8043370126480665
-1,4383921498666683	-4,089515678107465
4,372043752326033	2,5503058458342567
-2,496344815903839	-2,2300320621990974
-0,7872035550253014	8,130952967237228
-2,288857300819518	-1,0107431937365008
0,4077386722563999	8,35600245096735
0,24356184189851504	-2,508619761604869
4,378975788494605	2,7495601157983725
0,6447049111481042	8,218349498089946
-1,4087744969406732	7,730856547654902
5,87642934298899	3,1935575476115314
3,0960475284303692	4,018442560408433
-2,126218016587325	-0,980342287332119
-1,4361901255442413	7,930122618731376
4,570031942911402	4,343309085318161
-1,95570608149974	-0,964796174031715
5,781564775830433	3,0994464169998315
3,021933978574901	3,346128860820382
-2,3265798427805278	-2,921513578514247
2,9462530868147705	3,7082291328476424
-2,372536735899734	-2,126414772003943
-0,4639903308223794	-2,4849598458150615
5,526753642316239	2,8892662968743874
5,9600973836217435	4,060071328595769
-1,3185995565352202	-1,795206609842054
-0,2673774997964497	8,375858895924495
-1,2841151950884475	7,786685416906736
1,3676990633621382	7,367654550436929
2,705383039764686	3,610276788328401
3,46770654552533	2,9010825758633034
3,8418798187596166	4,205395662228523
0,12212395773426366	-2,8466478521609386
6,052785733959664	3,5714491484599864
-2,6205739064187865	-3,525325284250835
-1,4384723711613723	8,04272098967479
4,779937627592793	2,804146429574578
5,923426707140611	3,7585652279241613
-1,6075958592931094	-1,8234162066998008
0,3803107457303647	-2,4199133409720286
-1,1428742112347008	-2,2910122957274845
5,850975420774029	4,118630228603857
-1,1233424102689504	-2,0018019977551176
-3,268714739947484	-2,1893813013226464
4,960003285216871	2,696322356992086
-0,34211545207798955	8,29733731811023
3,5570579541679783	4,121612839909741
2,972086391000935	3,3386302461518
-1,4857017716793435	-4,069112524441979
2,9739186036857577	3,4277620920081056
-2,087542426302747	-1,033850396989117
-1,1667695242126075	-2,4400233192970266
3,013019433244167	3,098008314782349
5,093433940198941	2,8629900491494498
3,0000107791810375	3,6530270532229494
-0,40713068958029086	-2,5000255508229206
-1,603411860898278	-3,4922952912435834
-1,6544616020626555	7,502480054748482
0,015938107634412002	8,438770544170007
-2,797335102136811	-1,6678965311445244
0,5213163828234172	8,09144050779696
-0,938626987030974	8,025426158515415
-2,197924140086582	-2,977344504933626
-0,31266482393802497	-1,9230382134145472
3,776895222990699	2,73377601860449
-2,4825840463857576	-2,929303754629331
5,912862823668853	3,8474470309638136
-0,11095434226639639	8,346434721799438
-0,7206087142358637	-1,39363231652553
4,7415362424157195	2,6064300498723694
0,043785243001584595	-3,3335566218340307
-0,7156985275218388	-1,61733719134063
-2,351468653365621	-1,9895024516974884
3,0673031350570397	3,216088039929124
4,268367048707776	4,440247056811264
0,8287833602142638	7,660485828939917
3,519465761358475	4,199834011742077
4,564874891278331	2,737940160379107
-2,8725089591240214	-1,704998199108938
-1,2423863282099723	-1,8252491526178658
-2,1167801838450817	-3,296347205480791
3,600584262228926	2,7206782604383966
-2,2056122546396772	-1,7866608333270455
-1,2527386117935146	-2,014450555139548
4,249966644254536	4,278082139569867
-1,1540541123450063	-1,3301711886952328
4,532977030745562	2,6528484486601918
3,3157979734810463	4,134136672664605
-0,41270840152450194	-1,838264233953661
-1,0992945139331547	-3,271444899652211
-0,3277350887608183	8,448573357706108
5,975855473843273	3,958089305122378
4,585630324431951	2,541216771599002
3,2396152778909793	4,046822054108414
1,1117321916241139	7,6898133676162965
-0,9208168363968694	-3,4047806281968365
-0,9870559942665108	-4,1224142488905535
-2,3898271347117177	-0,9780536376177802
-1,94291220286055	6,749794375945386
4,77174419470636	4,574890231910105
5,461280588767392	4,29982309913131
-1,979883705676399	-1,507705756704857
0,962665282437825	7,85159078447259
-1,9628326610723648	-4,034543077581125
2,948438681400518	3,492825550441737
-1,775390556391649	7,57176111352441
3,8366719366797613	4,377755570398226
3,4359238958126133	4,291123848548583
1,1753377110870473	7,789384109201981
5,974949545779966	3,38461829757069
5,350002178080136	4,467366282104141
1,123367350858373	7,679542954030062
1,4102581623030572	7,1851808678860145
-2,1599985368938084	-3,2005839740703608
-1,5722545327150943	7,785644119462085
6,131070095978454	3,458240630770379
5,439493266298838	2,7193696857375147
0,2939655889067001	-3,0117178549533974
-1,2505631143768863	8,245559764892594
-0,30356285930882	-2,4884093469356876
1,5111685374986925	7,297764430976487
5,582003473565768	4,263246783257111
5,980244012430332	3,8922099313520317
4,502234934668174	2,6360562677606962
4,607036674357181	4,3803398671687095
-1,6513670998445797	-1,6459218329969594
-0,7827286977665362	-4,15008867642925
1,221321126460848	7,273417484995485
0,6468787000139514	8,19137759841692
-1,5893592252558515	7,578721707216441
3,624785342207783	4,3355349675423245
4,7042763681220485	4,432473475483416
4,965929864955431	2,62468746232756
-1,9033541530407274	-1,7620277461222644
-1,0599465968294004	8,427603722444806
-3,087653257488973	-3,4472429748528133
-3,2309408859623154	-2,57446322507059
-3,2450275573971155	-2,4410606544655997
5,78389697780705	3,0244679041600984
-1,1660303888113233	-4,133125317247492
4,9277037250432425	4,572532521743941
4,80269873814215	2,700913412065429
-1,064263933131817	-1,9102222449011497
5,801463885954572	3,015953656556701
-3,2404699936450383	-2,6257870965842476
0,38080726535842846	-2,737733972910907
-3,1825609607020726	-2,567467133644782
4,22556456501272	4,658183590654505
-2,214514161889117	-1,866260737656202
-1,799557594196287	7,495624824397847
-2,6906809682735426	-1,0047225322251296
1,1128621858275676	7,2372892276407015
-1,5603540510417178	-1,6798661136300244
5,780808634949778	3,893837400272975
-1,656891824690448	-4,158507979663179
4,665381081926974	4,395211753150805
3,678708836668972	4,318933256989714
-0,4691897365187869	-2,6105061450873555
-3,076065439795685	-3,1872740163848814
-1,5008537660786037	-4,232727340206603
-1,4244123032334368	7,850813359749106
2,8926368316140953	3,519846122282292
3,16516840523207	3,286227249532199
1,0388115938996263	7,50723999757791
1,45653481543697	6,816693608854048
-1,0745803823546332	8,240795659225313
4,810951185444185	2,7123051233168467
5,4196638164456425	4,437476336855777
-2,153558600507277	-1,887110330996822
6,157115501250666	3,5169903526972046
-0,7405827015965138	-1,078455352644419
-2,1271884786567705	-3,379745029464792
5,8444112735154246	3,308256986550255
-0,09824976403028673	8,27794218497476
-0,07615966035906113	8,509359877864494
-1,3855925034871235	-4,279897552572965
-1,5457924762587028	-3,3711198872345465
2,865362123091738	3,5373506856394115
-2,95687392124961	-3,289226497901632
-1,186563130735097	-0,9645463814809931
1,1353774357131747	7,684857476988562
1,3244335081792666	6,78122716082422
0,7112252314875854	7,965066663443581
6,143611959805083	3,1641005480917865
-2,0415316195244615	-3,2839726562049663
-2,252189614757574	-3,493319580904933
5,865343880223566	3,2587101560855785
4,372010827792104	4,3345803432064445
5,781470346211102	3,327110830048702
1,4651157808679816	7,09642731953848
-1,6468102318952298	-1,5579366181020098
-0,35145281957714425	-2,4416180372847722
-1,2482582309052326	-0,9724148678995781
-1,2439831586912438	-3,4374364556292836
-1,1730349315787922	7,938826164907265
-3,415082053035616	-2,552679379768093
5,5998686564682885	4,109919089828417
0,22555116295890687	8,358312442496583
-0,7583825353359657	-4,088901734785845
4,670569082951006	4,48337541616342
5,9119023170941585	3,296456364328616
0,6921427416124805	8,083896574819832
-1,9089138508918833	-3,3074385298317814
4,4396232888289315	2,588598667008994
-1,5542334522439891	7,993193525411801
-0,40404976175685836	-2,112369544816284
-1,704500167217739	7,3675361478989565
4,602069536932278	4,393977612709012
-3,3343132454077615	-2,495572988083147
-1,302978687799302	-4,217803585829278
-0,7158008309668423	-1,0858763422110007
-0,23465247105200027	8,367781468939196
4,839666214365437	4,302170417705488
0,5159295310280614	-2,5476287168775844
-0,7879358325119887	8,632567575408721
-1,883195854351879	7,517423134003987
-0,617490193082028	8,446565466900891
-1,5747010578290097	-4,244911339536346
0,27241341385603235	-2,6542046305275155
5,009060980318514	2,691420334067186
-1,990539854389775	-4,078599710227217
3,2955558851853555	2,9396672665980703
-0,31110005183405787	8,38999685658349
5,720544553242061	4,069621060640529
0,40115935975135975	8,414086933481984
5,678403643387991	2,7862326591778963
5,938715281450753	3,765591259670584
-2,2141614764679347	-3,020712436935482
6,074140322232111	3,478018682172292
-2,7980896345568382	-1,453553855306278
5,561268983420457	4,032563557614894
-0,4830962093211677	-2,8387100793108724
4,019514246229062	2,6978076367513424
6,01199868602881	3,2212363496714893
-1,5930342269501911	-0,8107723773445632
-1,591964899752571	7,653822733035612
-2,5593597549401306	-2,493637894232547
5,48115352842071	2,8860488249969576
1,1793603807265436	7,71300920017072
-0,8388507625056695	-1,2803678404587056
5,606638872085478	4,217657444102039
-0,5040843103111048	-2,7709719143627334
-0,4975166975643528	-1,9755165622570978
4,155447421441418	2,6675625838732664
1,056637250071676	7,690502648556028
5,978370103416806	3,8846376033708587
4,9372936396739835	4,236298683750421
0,11715907436885131	-3,367765755544735
0,26256059175693713	8,371264031927453
5,28257407185896	4,2782686060024036
-2,9123131441342665	-3,2383107476136814
1,3710795522176196	6,751149864711268
6,101952007397904	3,358372751799984
-1,038670609246925	-2,235769365703298
-2,784346260143505	-1,6426584403391542
5,357033764411527	2,8543931717833413
4,191671552785298	4,618569352598412
5,458722344019545	2,7715271995484647
5,3820271861801965	4,291125418254107
-2,3016626054207263	-1,1191882820227133
-0,9021613149893475	-4,213085426032298
-0,33874958878163697	-3,665927998069918
5,191215474857217	2,74603953739006
-2,878215734129764	-1,6998826764319563
-1,8010078331549835	-0,8964972153471755
5,616727320376538	4,345740127359651
5,590089423154092	2,738889291419452
-0,670144920912838	-1,6031736143974404
-2,5296028832779776	-2,880527316525679
3,4055693248973693	2,8329678075821474
5,6589636717156875	4,161768381527606
-2,793535525656802	-3,7414143794525594
2,9857401542437962	3,593238751937394
0,4961886180027988	8,348971356429775
-1,6014604388208251	7,607872195320438
-1,3735134588309361	-3,376191643722819
5,8243914004438215	3,172549935107394
5,787177344877556	2,7841586155321254
4,34544481003351	2,7311765378014576
4,653530138358095	4,247183615951127
4,071348140860443	2,532963782759732
-2,791252702336825	-1,4393107935416027
-0,7627576492346095	-4,208405789590501
-1,1477589672995303	-1,8354365482910278
3,019055132376072	3,317688025277564
-2,391784164261184	-1,0932485755930332
0,5567572231813323	7,9999410324258005
6,056176483517633	3,7920720872823366
1,4992883422777064	7,285588431171409
-2,8114814354871127	-1,4563489337694295
-1,8662748021633153	7,239318327230582
0,5701135628969264	8,158917191861619
1,308926279913074	7,473160911744133
-1,3637847432643868	-4,288818274556948
-0,9124666458181074	-3,2825539646951247
-1,6458450616701572	7,7816808107331505
3,6419183017471455	2,7491760366255265
4,625131196399229	2,6883243492622912
5,692820848406187	4,217092173905404
1,411086658419656	6,96039071166801
3,0589103837510505	3,1095456427151085
0,8350131326388492	7,888186255073563
-3,0795723058535494	-1,342727216735727
-2,829696431880446	-1,2492493184790499
3,1825439408441376	3,9300707112001265
-1,7940886334432198	-0,7321009763374391
5,777654365455758	3,0465787745432813
4,193953209043747	2,665621460785759
5,735276929573219	4,390742828785576
-2,5254517269440946	-2,3440662038450446
3,824586084398456	4,272680593097732
5,115870565232184	2,629438791255767
-1,5098589569059344	-1,5425410673494084
3,242600956508949	2,8050360038100814
-2,375578379494699	-2,37540669447903
-1,9821915055395336	7,0092938747657625
0,2436921280827602	8,125587232720585
-1,213899916207045	-0,998272274440396
-1,291817895679655	8,296199981125529
2,9832230346682933	3,5503187670244984
-1,9178942538125932	-1,7371436408191108
4,312766217718526	4,5891397832600695
3,1734010110393327	3,824538226961365
0,7276330165358207	8,155812166745791
-0,5463528268889342	-2,4701085766933195
-0,3887685536226938	8,325160877637655
3,7061331420194468	4,456217377698184
4,1191289900335	2,536268242274478
0,4320623502632608	8,275314632605593
-2,288260380409984	-2,063915992121152
3,3551004200577235	2,9187150185480317
-2,429663471215015	-2,030035625572282
-0,19743105330684	8,333734532870324
3,5775358387311824	2,693550635895371
5,9668096848875205	3,7490433426803795
-1,5707104060847703	7,247511407590261
3,101739771199262	3,9116320747169446
-0,6335778067398792	8,27537420800528
5,8016807481074455	4,019548078440403
-1,1576074662590192	-2,0685537768311906
-0,04169124985573336	8,189452880736336
-2,357445115182549	-3,1519329432114622
-1,122014528001607	-3,329511571034256
5,697295664307678	3,0456625790682863
-1,0426906664443027	8,029544819786949
4,234073201839772	4,39871150663351
-0,6613359402815383	-3,0965475669578972
-3,5031196900501627	-2,451413471365077
2,962626235466244	3,909466745369369
3,8168797725609998	2,739537651049183
-1,7758389458936241	7,209826443122788
5,986928015785987	3,7835415427462866
4,255929093226409	2,655124515052715
4,360622970720964	2,6694004275688643
-1,445414575783689	7,991368273055645
3,4398260471534314	4,202219656653247
-2,522990034589427	-1,8749144615183533
-1,1836656702168062	-1,1946079613163112
-0,2392222637229715	-3,8050786449894956
-0,30749390741906835	-3,7607801683890862
3,808147054143725	2,6848095632636446
-1,4969218738641026	-1,0546186797597163
5,251023790250818	4,302746150814164
-1,7431600108964451	6,79504224204618
3,250865935858596	2,9130065280365205
1,3800676068304347	7,179788730477317
-1,6723819045313584	-0,8879808972306547
1,2484551097580943	7,584206401291239
2,921146808487099	3,9806844736120794
5,204858072442263	4,43265447407219
-1,8720587913897224	-1,734872036176097
3,1927613369762553	2,982215362442817
4,933325150952712	2,507288328493936
-0,8091704164625824	8,193608635548815
5,3152569904295115	2,7304925872528347
1,1321549978038712	7,753891342843919
-2,249760123495692	-0,992598944596863
3,0613080320620734	3,917636895366463
3,6686020818888587	2,6130926837019683
5,1690268996753455	2,6232855076571955
2,9910700340822194	3,147780016212399
-1,9608876758074423	6,871049886284476
-1,6355923379337245	7,194900800030483
-2,105611284073659	-1,8424811049317529
-2,831678634416905	-1,2160318207836582
4,230755729769913	2,6630888654565794
1,3282931562744118	7,058079964749732
-0,5655106539365993	-2,475326106676207
1,3228015297694995	6,827017013566211
-2,0930517406673386	-1,8869919569551006
4,164967617116883	2,5533321666316495
-2,1067688330814542	-0,7439413310648284
-1,8563316333727489	7,4939472507895655
5,7127190212448005	4,062622809267491
-0,3420845185983769	8,267371302897281
0,3287239490333327	8,247521448145381
-1,266543166906214	-2,1479942164213237
5,5224595238016025	4,332030886456734
0,18879465385251853	8,412582502939026
-3,0940368081108374	-1,8949196616918478
-1,8360101372295892	-1,0339858669482374
4,00848156134646	2,7691166445012487
0,9317521780760982	7,78551127272595
2,9926101151108644	3,6415076179269876
4,01172704621462	2,7711157842658394
5,5743519348396955	4,10581721139973
4,6424533304903175	4,455592087216848
-1,911048629727552	-3,0690771575661553
-1,7137660721905028	7,238491182817959
4,066385371080927	2,655595764890499
-2,7406837728201534	-2,4112371753693753
-1,3287439789669846	7,853595679010576
-2,467099541822227	-2,8258268364102017
2,888989429945261	3,370756533968267
1,3514036375293146	7,170712644181723
-1,7891814323977364	-0,7918036044143006
-0,9705609590591207	-3,162277423243942
-0,8211026150403962	-2,3376298654916887
-1,0655276824201896	-2,294449024171713
3,957910177264199	4,452360681318108
-1,1210188532429668	8,034572233636064
-0,10531581890020093	8,373249992521531
5,8255615965816965	4,058085464186987
0,13958017504850817	-3,33385607239527
0,23902818164841494	8,376852367662355
-1,4366094569750556	8,08112880516972
0,24116595917758232	-2,7590590031385682
-1,8805082517690783	-3,435093343074654
5,822683491678043	3,2452092625989817
-1,2417289332613035	7,9895526739204925
-2,4493461560664107	-3,878183928885716
-1,5571667260246653	-1,808145840225616
5,019234390448107	4,500703052498992
-2,646284650106582	-1,3809379008979792
0,5595476670490516	8,098343304988031
-1,7695681631434617	7,331036538653586
3,2544236306775245	4,156767832227817
-0,47606161151399995	-3,7819735020658873
5,745938507728136	3,005199031126444
3,608057816438259	4,128525139258154
-0,6704351549137739	-3,1574620673883507
3,0229823738031163	3,0992869266538183
-1,9157847535010406	-1,7807344329230341
5,049026681154409	4,276069420794013
-2,5490066192922924	-2,4421296941985315
-1,394562645888259	7,994565377079909
-2,4720483883180893	-2,8606092174552376
3,1324680182958944	3,2610622247174184
3,599580461580597	2,7219097091628504
4,558758864011467	2,603202413757484
-0,5550483795560934	-1,8313448669734962
1,2453855339787685	7,33668028063036
-2,430240603588506	-2,4003084938395256
-2,128163277716704	-2,206438156520002
-2,057134344282165	7,1125305817950135
-1,2212206784196167	-2,1949673192298853
3,9149221857083787	4,432489561706352
1,1974405530400145	7,2670287674699985
6,020453924259381	3,4315437553155217
-2,586292951463101	-2,0012959873938816
4,259369600454126	2,6720194722673165
-3,2843019447162867	-2,9272130819425928
5,886940466550698	4,118411855632527
-0,1302663875307326	8,496760572856452
3,698565596734717	4,450212594245035
-1,4946918356051868	7,917455772367642
-0,7935200291586734	-1,4717983064954956
3,084131574534645	3,411061298706333
-2,9236138307941744	-3,557883753201574
-2,006003477107188	7,031808601855582
-1,8268827866277686	-1,6619543099015164
0,7775808852795685	7,996446086031122
-1,849084954256321	7,0368765593943285
-3,2492687452276283	-2,901032426604906
-0,3785714904637767	-2,29394965217592
0,9475622150867462	7,839430076930553
-1,8309277666951667	-1,7253606677973548
0,6004255712613027	8,057726115654136
-1,0163471228016725	8,1906065758852
5,847348799825614	3,80577250447756
-0,3543129725740841	-3,739921599022083
5,951594173242439	3,5575289657146643
1,030309074507195	7,811424749482596
4,73198535354202	2,559458791911125
-0,057095497614470414	-3,4213384165276435
5,98592061021401	3,402228497198063
-1,3189311326926734	-1,0211954309379112
-0,5920943897283473	8,387678446387914
3,2109080224728697	3,3328575772279305
-2,65984753390983	-1,3373006577758693
3,0916711690407395	4,085592037538662
0,4451604633772446	8,099580079688572
-2,350386146850883	-3,225912162083235
-0,4575202749998004	-1,6306500928647971
-1,3208360671930224	-3,5475356230039297
6,026166902044138	2,901448346011366
-1,8912429965514528	-4,1797506216908005
-1,6122921285546539	7,455336813910046
4,266148193606424	4,412744073738599
4,391137447463826	4,355588912266147
1,2494261581912527	7,847214529044906
-1,931683103591466	6,944125910438479
3,619908080370785	4,272425528322608
3,274708725701086	3,2057142554613827
-0,6908478662667874	-3,9239046319393402
-3,2222041790189224	-2,8861508275703702
4,000991471687739	2,6785141160480226
3,1115497059470494	3,1765239653500457
1,1864305598009321	7,602679240979162
-1,7034361319381057	-4,062685787964714
1,1309872523961126	7,748316910062948
-2,255606067381688	-3,1380604119995343
-1,0199018086873632	-4,043940722525896
3,7989584912108234	2,638062341859194
5,724903751985568	3,2540308618869878
3,362930393503244	4,23594378315394
-2,097914379323882	-1,7660942427335913
-0,9272184027560553	-3,270812170121847
-1,822169798388234	7,207786596230919
6,210443811017697	3,7470713914896705
5,92872936162176	3,13504336727934
3,333989092054613	2,616822181233453
5,316029363136301	4,407596081670232
1,3898033339349527	7,28304905233726
-0,9884441796012613	-3,375887362882115
-1,3200052575600247	-1,0133210327729065
0,24798268248520539	-3,1666762281652696
1,1523636624573506	7,6184779305197505
1,4770939020868206	6,818779921029334
0,7180672821469359	8,187815446476016
0,1154564467072135	8,298432744935848
-2,029568250928058	-1,721783813221261
-0,8819834130535233	-1,4431284903823616
0,5077457806301178	8,10475157665479
-1,5241989836085776	7,926639168974462
-1,0658965598380545	-2,4853412302081614
1,198415165321284	7,6658679307834685
-1,3614301693763287	7,720060392456827
6,005648328475512	3,1866924960105436
0,03565574459888632	8,450330500849399
3,587824634551688	4,213241000372151
4,274268907312234	2,4972161165302618
-0,5283326400748636	8,132669707838257
-0,7084014215813887	-1,372510460628669
1,1178758914242435	8,005572170723438
0,6691347758394478	8,283325770454093
2,954543997791321	3,612417906776967
-2,0256777148415113	6,994280398816796
-2,6021994930020518	-2,9722600526218925
-2,5688071175607536	-2,6604010680970327
-0,1773629955659197	8,52227474378631
-0,811756255449526	8,151657878097014
6,226818296254583	3,6997592666474475
-1,0784405534434924	8,181700866292779
-0,3067599698661083	-2,343228064502073
-1,537434068266781	-1,6702166278726822
-0,26382239619321735	-3,7691238009332855
-3,06649728243708	-3,028365038370849
-1,543216251560766	7,609226315584533
-2,970063743009319	-1,6544611274257628
0,6193938772200189	8,15383109429351
5,4483672128752545	2,9901639829748663
-0,4603959976385843	8,20321597722674
4,460533059852353	4,39419962694355
-2,113805962060076	-4,040091938174336
-2,6449268750420742	-2,1017736285456907
-0,6118911417984345	-3,2001728768604205
-0,17190290109083373	-3,8354514353938693
-2,351932780208621	-1,8025187457231122
3,203929049236134	3,864589855723235
3,7890951889204363	2,666428373986817
-3,201961879878004	-2,982096942339097
-2,2086075879457883	-1,9503704613246613
4,187489479345451	2,605173737353307
-2,769379302374432	-1,3570994048763683
-1,727873366010138	-3,532802328365525
3,3387036498904825	3,875995648018061
-1,2912024892495018	-2,0071627743590716
-0,9287764134999595	8,392512452620721
-0,48222234508938744	-1,8001059575978333
5,559644407227954	2,897444494745606
4,900543552254132	4,424398928704163
-1,5954781927747221	-3,259000745303107
5,809166286166668	4,142906128434972
3,258336452263271	3,1902647917607494
3,703420369715415	4,322836339043619
-2,510203795118805	-1,2428606801905975
-1,177689891303439	8,08360595527657
-1,6890865388295957	-3,3387414204822363
-1,0683408517888602	-3,2650812478902207
2,9739238423961085	3,613428484314577
1,0737023029936987	7,964452337522889
-1,8009950537043495	-1,5168943448571026
-1,2894188534077102	-3,4340711885402087
-3,171943245140956	-3,1261700194550124
-3,2042766930685174	-2,6380667303166674
-0,9086463983920589	8,205564598437622
-1,6274090140531208	7,177666922529311
3,566252982764174	4,294371623291518
-2,1199979126976016	-2,0181210348937624
-2,52166647591774	-2,551599441211827
4,544904680160162	2,7265682973997163
4,955529090773521	4,454813161957904
-2,2451828777632974	-2,043881747084876
-0,8043320661837966	8,217294378770294
4,335084527228591	4,520514202600602
3,033623050339597	3,643269824948458
-0,24851030389963522	8,474841378847538
-0,18569813523347145	-2,7495340730501345
5,550301564758571	2,865223204059206
4,75160073002345	2,680248583547348
-2,1140953535639166	-0,9700872582245528
-1,1101006021403492	-2,3292453994336593
4,509861943841536	4,466220650384068
-1,6571747307952427	7,539461328464687
1,310467841405482	7,525897061751395
4,615575093693912	4,59820382863737
-1,4856796684413078	7,857190236819071
-0,4014071445623226	-1,9703694873565143
-2,390104083537399	-3,044826772144724
3,5258799768244766	2,844030010985496
-1,028748563964196	-2,104302550121784
1,0616734010921065	8,156417378968541
1,4246983678136647	7,1802981438349756
-2,65558416411731	-3,8139451932065764
-1,1716360262618388	-3,249827179076825
-1,9126446350094588	-1,7559398642295667
-0,9481947355527658	-2,2513996617618868
-0,36451719462426846	-3,782618342699408
3,89700590757782	4,3357095809740125
1,157082464387104	7,482668989594317
1,0756094246532342	7,634638644002693
3,8128246434468975	2,572375699502108
-0,32153715011812567	-2,1723510931741807
6,133866798624193	3,626408557162592
-1,0586497400017165	-1,9946537736887708
-1,8819084754867688	-1,0408445283403975
1,3539905005449562	7,03726624976871
3,4345711314290366	4,2368361853202074
-1,2891420739219694	-1,8768470983938643
-0,4830122116717027	8,355524302021117
0,14500867045642385	8,58547235299032
3,25551056231881	3,0888582547700887
5,9421672483872605	2,986653649306326
-2,4359586250248966	-2,4359450858133367
-1,514861986520307	-1,7858370235970047
1,4227219541335208	7,20665205858853
-2,4842310539779144	-1,089938885624094
-0,9841882459122104	8,080017039815894
-3,403444104645065	-3,1475298644063536
3,596931003160506	4,128608576441648
-0,00929532856057369	-3,5341018313720878
-0,48958215957798035	-1,6007799407180645
3,0626196247544466	4,020858514266158
3,1351639455943157	3,3173171294618307
3,7296720344610073	4,524174095579639
-0,2147833925929987	8,545751220183185
-0,11970367721524897	8,512765299742291
-0,8964193561184652	8,413144616073367
3,09658659666443	3,768189250387956
5,929072502760635	3,667602966637423
-0,5924181369652581	8,266067348168566
0,34018462068153243	8,461014500846018
-2,3806812653819587	-3,3737452367811986
1,2265495835843387	7,567857676162525
3,217041798086747	4,077117806918506
5,830876351088538	3,3564903108860418
5,410227636457095	4,039587065907519
-2,8780073341496335	-1,6136562897803908
3,2209796018409627	2,8716792503943913
-1,2944355679332524	-1,9152786329136866
-0,6167888522852971	8,180183485492748
-0,4712868165118935	-1,805438274407742
5,937133446866649	4,156488816559685
-2,2618519144811384	-1,9012535385781557
1,0492218324960239	7,481411901267524
-0,23419547284076647	-3,5755959539094224
6,06182046609754	3,4981366535015987
5,8669444312649475	2,9326068878404197
-0,8635774668519884	-1,242596601028961
-2,3358843190927416	-2,178675062866974
-1,8461581468197592	-4,10865101848143
5,150420741119133	2,5440757765316837
-0,5793013231960438	8,346159500865479
-2,5578536179619586	-2,281836322267131
-0,5051575289707666	-2,6145705316587544
-0,8980814927319015	-4,142053586929031
3,823545114321296	4,324743498083999
-0,9723058220733791	-4,000894158110313
4,249083470441161	2,5639486320238944
3,498515364819572	4,222902910075408
-0,06935612704693997	8,337340373882478
3,0113417442614923	3,0308365097523176
-2,328969985738498	-2,944404919284227
3,390397587915002	2,8748212791860253
3,4965694498709916	4,379178848923711
-3,3293998127711286	-1,7781507830079057
3,463780680871624	2,8148697069089756
-1,9076838668162623	-0,8484503268421892
4,624874129332968	4,429558883035736
-0,4955201238755276	-2,671525576495229
-2,416933010328259	-2,4510053234447176
-1,502764546644265	-0,9118585201036387
4,523973014635277	2,5253453451950154
-0,5098839051579758	-3,962930723973286
-0,6966378918273267	-1,4366049536223353
-1,1329169579638863	-2,0911798154208725
-1,91591477563831	-3,2595722814796884
6,003132643407174	2,9668495189870905
-1,1404436953085413	-4,30143547016703
1,0719824272180523	7,5425891263766704
-2,4806280595814303	-3,7283235639357026
3,1081063125716875	4,23797008185637
-0,723564352318715	-3,0243279727151524
-2,822699717209991	-3,744491420731003
3,1470966830809806	3,0748291213516414
-1,3311479205137133	-1,8642523768710308
-1,858319540574868	-1,7051914783025732
3,234446455844763	3,678359155163016
5,32240695573389	4,403704014429566
2,99736527211724	3,652045519309789
-0,6899198287786994	-1,7014772659403088
3,084120471353347	3,0137412716536978
-1,8364041931138286	-1,0124692286510013
-1,324161902522498	-1,8229421417582037
3,35028994159705	3,09128704477577
-1,6326326155259805	7,557072179245769
-0,03127044886695596	8,352674992169597
4,234727703371881	4,546116564442787
-1,748765221019176	7,259402502688724
-1,25236811115558	-2,4210346495819914
-0,62401864678657	-2,0137521343173876
5,565974305020259	2,8201614648876046
5,986365671379378	3,800236809321331
-1,1079829116939195	-2,0477079903339948
-1,7095838686757256	6,69571806015802
5,868448252373744	3,850005707562967
0,6188323944119544	8,082146032516555
3,765207920459284	4,298535324029324
-1,206711913564586	8,059230211483396
-1,537100304302614	-1,8817237312564659
4,143289670695555	2,6679654946861984
-1,4844390857967487	-3,353340352299023
-0,5822092142021498	-2,323282496069053
4,080856613630647	2,6009372660243146
-2,350690284364277	-3,0943099114055963
4,5511684375252885	2,5713193554637854
-1,8148079038223477	-1,5764335080186258
5,876398830722368	3,0058573624227316
-1,267338281512951	8,019635287017596
0,09762357723809872	8,385255239161285
-0,5567252792291555	-4,108184366058337
-0,9212387822195939	8,125844953754648
-3,0686138842698023	-3,0461883857449754
-2,1172230444943088	-1,7506089560931688
-1,2715007240431964	-1,9288798349078897
5,22035334830412	2,5229604588745933
-1,9614848030123382	7,196648888691459
0,6557481270656217	8,166569994908492
-2,283047519291701	-4,100751124957525
-3,0644703062659193	-1,8345811975482973
-1,3684089116730622	8,000969162338295
-1,5336243330243093	-3,3746204842871217
-2,3392511526860167	-1,1312484184711085
1,2880136002276772	7,380865631248857
-3,1753492361714963	-2,8174319873801643
-2,7768730609676293	-3,5437940202616334
-1,353619264691242	7,9258021792305495
3,0206992624596225	3,1682352908122136
4,64357349242498	2,7665306928889737
3,0519327115333024	3,220081740749196
4,0871726324346564	2,670227811344222
-1,751537471373959	7,338733598585143
-0,9594892307536425	8,21891906260835
-2,298213622900951	-3,182608860178134
3,4361392416376564	3,088975213788798
5,833013862615868	3,127918266962609
-1,4621006365902691	-3,381212424284049
4,6868612134765915	4,551719339301554
-0,7306715573895175	-4,040905030580192
-2,936111309807494	-1,6071565324570183
5,830297994357802	3,904778273722318
-3,323119899409878	-2,5417596401658784
-2,699289545673623	-1,562503677520159
3,334840031955534	4,2347994631645065
-2,374710898568467	-2,2166479287097194
4,86764795334005	4,403419973420595
-2,2689687180737304	-4,089855438011606
5,2148010511463765	4,314528414842575
-2,3948339224726514	-2,1110557381847497
3,0897925520384826	3,1647796115932754
0,0915565332904994	8,134207563118135
-1,8032714751048904	-0,908631963267964
0,7669832517748717	7,980742678022737
1,3092506487178188	7,075014123800119
-0,7783343880618264	-4,042452352705698
6,027294920329746	3,199966381893294
5,9410862470168935	3,340637081099374
-0,7091100811833861	8,58800094284843
-0,7619091018269192	8,352945627414789
-3,140904058905413	-2,276518465797563
1,0427781654964476	7,716714858466593
-3,226823432846522	-2,3068017031683845
-1,6884248925723413	-1,0262921168060963
1,3878165545191075	7,163225163015943
-1,7307463032748736	-3,400118461056096
5,6856450907708656	2,982405537743059
3,1454212996400908	3,034598140667023
-2,115224567178519	-1,0890848406594476
0,2322841316626404	8,261344612624745
3,258741699669006	4,254963039668823
5,604275923411212	4,295656445408615
2,970340085226586	3,495469861523884
4,370048619351047	4,452064208244953
1,1926254769074973	7,2861094968267945
-0,3685288823119198	8,448671379454204
-0,47474633200061045	8,45273356589825
5,775837729566742	2,921374814151938
-2,442503407314666	-3,2615928735465243
5,804812077428352	3,7012543517018703
-1,8785702783689429	7,122385194200494
-2,0770221694071953	-3,160112287422175
-0,695123799095908	8,305193937942033
3,080297059102912	3,7530424983300725
-2,5470626324625414	-3,959720522767557
-1,263429231720531	7,801689424400084
-1,0700753206454134	-3,512814358410542
-0,3168643321776572	-2,1011650839527776
-3,0313507474007495	-1,8133789603341801
-1,1487012737161284	-2,1166345650231233
4,7674516314359465	4,441512360048774
5,846819644420565	3,1175199028142426
-2,2277801545662648	-3,776957952216117
-3,083917826739235	-3,269805211791181
0,3865560605922016	8,12978536004695
-0,6959850386594668	8,091244313053775
-2,004330609172725	-3,49883419850538
-1,626995688310871	7,645555872341138
3,12051682203059	3,048540131133631
-1,212464836985969	-2,1967738496853944
4,255339285044509	4,404597755978005
5,4125753275525055	2,9666107327751616
3,7385418839982396	2,785278010113924
5,154569236498736	2,7989564652356043
-1,1433995859455997	-2,092008879273063
5,346922850752914	4,25832505697563
3,8183876984307563	4,428904735691482
-1,5025907142068786	-3,4355217486394976
5,921328238254686	4,119333313833289
-3,2805845953516526	-2,0601433316120255
-0,7375078936892863	8,308052012589776
-0,19311293110485722	8,433385530305342
1,0431370632930665	7,867726178894098
-1,075818353071928	-2,295656103636492
3,3714034045930585	2,9915783357907344
3,181365832720528	4,152507690504247
-0,3595206414701009	-3,8419230781266576
-2,0039001779567256	-1,8016806348886028
0,1243353879300465	8,166260132436888
-1,6357425438635902	-1,5979551119552857
-1,1513224940786606	8,208826887825074
-1,8030732592623606	-0,904996283987431
4,235371232851917	2,557761525533086
-0,11911519362353003	8,396907432684735
-0,2217720205496907	-2,499489670997945
4,2331257030212175	2,5683447720599744
3,1351817107940967	4,121398916504424
6,138552746854624	3,633920943958089
-2,468334521339675	-2,290424924706923
3,41638398998402	4,11749806606526
-0,17948297802159086	8,377889658519646
0,22899804613774766	-2,916248212505003
5,811374290267448	3,1440023960520485
-0,926220430534032	8,301920534871552
-1,0113627551476159	-1,0804039705804824
5,154899134880799	2,794575709194433
0,9831430883537984	7,732901478296006
-0,01882389850329247	-3,4876327514523564
2,9267908397466806	3,7112408417873013
-1,0631282778302462	8,032208556442287
-2,687213652437535	-3,758916215110593
-0,31311006812115094	-2,361185732470926
5,171380831540389	4,333155141344805
0,3988921526011595	8,244877438482531
4,259191993582756	4,449334012914893
4,086752659356222	4,467712510773445
5,916988316291434	3,886395286074468
5,023159589029623	2,71738804993528
5,7801574882073545	4,02799808821732
3,0422568415209437	3,277587574252551
-0,5511038378131088	-2,910684863508305
5,778619591524864	3,130823369491033
-2,737172908452216	-1,334031070671877
0,6925897772757943	8,19136492042714
-0,8408456276477262	-3,273597552279915
0,4477640007733874	8,231755006331802
4,238874055974428	2,554016501592629
4,846582671546002	2,7577225322149865
0,025359868752194648	8,285431196177983
5,880311978442418	3,613552734337476
5,942055045655611	3,7918295532546966
-1,7821401589910801	6,9189745922824075
-0,38032903143397645	-1,861216114175956
-1,1231656290254488	-3,5048819529558215
-1,8225346767782569	7,205045076457285
1,2439648119045543	7,2372844391739815
-1,1560964889397396	-2,3020407451037985
3,5579074281310223	4,225169707449369
-1,4035733422092098	-0,9554789187497938
-1,1721815253741807	-1,906076329024065
-1,8916029991293901	7,171510743733006
-2,1192039981312005	-1,1968942893194394
-1,1631981529597075	-2,3560818040999028
-1,4766723344955626	7,714806694498346
3,5066155380301853	3,043135043890848
3,25389029210028	2,8348955284853847
3,149980857159886	2,8357047558525985
-1,9699822604171402	-1,9145028465763558
6,055291947269409	3,838715339746016
2,968777070178966	3,626376603625929
5,1367012715141165	2,6047223526331136
-0,6641670329360582	-2,9926820518479778
3,479106251541876	4,272588090280993
-0,7012830250130851	-1,5644838123119054
0,4671652491676531	8,186547141437917
-1,5715607101529414	-1,640265266034498
-1,8855351632689494	7,574044077040693
3,8602476094200995	4,2912770814783014
3,0211838336072043	3,5472964658297754
0,5372128134867643	8,275608473420943
5,9223400917494216	4,0725090191530615
1,2988241251319779	7,11759363265038
-2,227405590957147	-3,1673562101645603
-1,640674611324087	7,721403544790135
6,176147258821203	3,3214435911125975
5,747416931894383	3,0575343226733085
3,7363591856910388	2,739649235553786
-2,44155275848245	-2,7409694531431126
-1,3855468806615596	-1,8542074524644119
-3,1203185071376134	-2,1010817694608197
1,4081510431160253	7,159637671609147
-1,1837382862591501	-1,8191793727363361
-0,5506825012858618	-2,887244697259759
6,091279848213993	4,051981844755278
4,458536876819687	2,3558840155494574
-2,9245972824083166	-1,7293403105667644
1,3574539865428126	7,188350591541762
-1,204373493283963	8,119330899097994
3,853931069999556	4,244421033514363
-1,416003762361072	-1,8377118025922876
3,713563801759428	2,604126406883274
-0,04533220616077238	8,439382546949929
3,357998788742141	2,9884658696465345
4,145995860731089	2,5830086211186782
-2,032387481750702	-1,7477352008585036
5,973336828465824	3,4690133206443474
-1,8967844558158076	6,9182972853202
-2,4322460984589345	-2,5467317621722594
2,949284742466463	3,1374932792088517
6,095899800265735	3,621166075674858
-1,6791426343024922	-0,806930638385543
4,179664439488158	2,597009217278155
3,009739078191733	3,5707946213618653
0,8932332283737883	7,8452177041713735
-0,3988068518262655	-3,8113793970550454
5,030151332254766	4,455875057159116
-0,4178574437911027	-1,8654367263277598
4,760537002040942	4,505323933164836
-0,6814687698034356	8,561260218276892
0,23490915350869912	-3,113170797151028
-1,3584537083263	8,215557559473474
5,651784607331649	2,954761781644845
4,398119288131273	4,5231481745013316
-3,265215839126726	-3,13600720906362
-0,3870870541484579	-2,5134804366451733
5,936186758357127	4,15837361011887
5,700867155447522	3,0519856159933307
-1,8417818638685934	7,0208136709919655
-0,7840879671736762	8,286543568218676
-1,046692732812346	-2,197556838608648
-2,990193884050166	-3,544327897830907
-1,2824428763316358	-2,0032327042251663
-2,2778718785026135	-1,909257457429649
-2,5329419366264476	-1,2937171383754404
6,0604350004282175	3,7081678095754804
-1,1916368267618274	-2,045382243590585
4,791645441188183	2,5468004881216384
4,126998412923883	4,50669301866709
-1,3250794148159108	-2,218427047359768
5,359688663789693	2,550236082892643
5,283751238227488	2,7988786464113407
5,626548466454764	4,076366867249857
0,0915246130853638	8,221172180503086
-0,38188986677216374	-1,9525517807463446
2,9785007019543337	3,2233510231209257
5,925133946330634	3,898743448490275
0,89009912516732	7,872839308254799
-2,3916378188836633	-2,933733050526034
-0,43223245251093734	-2,184390086644099
4,363345418372677	4,586638799618606
2,9632742990264203	3,7940952798369847
-3,1751457919259054	-3,1869417909418694
-0,4272852171739807	-3,981509745100533
4,746238709434455	4,419102717877815
-0,7089188921730928	-1,4364861622585388
5,812452387273078	3,0126181542678783
-0,6185363705327451	-3,944207836245531
-1,8060949761961418	-1,4905151717000726
-3,1180320317101784	-1,9792992009634305
6,0804532344305295	3,370400371493717
-1,7010077291135683	-1,6380343016069576
-1,8230748497492313	7,503496055272258
0,6615162938207299	8,259782294571295
-2,3138761082068804	-1,9229143244912408
3,0614740689446944	3,5346680207930423
-0,6131178329331943	-2,5399924436356036
6,261080042834109	3,655305708129522
4,238455535519026	2,5839524482815914
-1,1908167931836036	-1,659565334267648
6,102866452181057	3,5145374423497655
-1,110011034589057	-4,302389249586997
2,9680189138258033	3,2400197904146397
-1,0845481350023782	-4,247284869356061
-1,246779400951272	7,977954487673683
4,691184756468949	2,648367161902715
-0,3495404981334136	8,32382028601137
-2,5907089807281323	-2,5789192307731272
-1,2907916056259252	8,19726981491231
3,1136264909339024	3,1739484571209924
5,296385391429171	4,366899043789809
0,3777953629058519	-3,0191646485404338
4,87973847772971	2,569733335075366
3,6537005895950925	4,232477610635361
3,233055879169574	3,082279945817451
-3,3377183050356036	-2,1182922800509694
3,3346988145068215	2,8914426440365677
2,9520503501298583	3,679370648090129
3,095405698776987	3,9100002662693862
3,6528763888616593	4,267860482113493
0,7431497549189251	8,142970397402117
-2,7289845517191083	-3,7701076946427055
-3,3273399418833494	-2,616799853526674
1,5350598814774865	6,963252057388016
-2,4583680508487946	-2,330102547087897
5,519762711819899	4,178504631940446
6,069707167162078	3,542728904915669
-2,829068830794788	-1,5076071056642322
-0,0901449455098218	8,268900291986437
-1,0728217078448274	-1,170287151207503
0,4906386996536092	8,410091558898845
-0,7437675378166976	-1,3777870540379193
0,42306988657040845	8,421630426825528
-1,1701881719914624	-2,1611020434899455
-3,1655708366116757	-3,024795495176765
3,067111725508635	3,1989877746014415
3,57386855051814	2,7310455503417814
-3,2241433311661636	-2,3395472391081373
1,3738474733062744	6,804667773447496
3,1557877030156303	4,189632417316521
3,3938363936213407	4,194384930774719
-2,387960483438686	-1,9194451712530902
0,9766670372432917	8,079986941255614
-2,550302928620227	-2,4798134851969023
-1,0904701898699758	7,978394047545989
5,270131572733594	4,2296764425607485
4,217870318769701	2,679240253535316
3,394773981902513	3,9390810814644266
-0,5129087047222622	-2,9699567839337275
-0,5680289451560951	8,344302321598036
2,908940173278195	3,0833544257804313
5,8267153070055056	2,9924091514339586
-2,928615725065958	-1,5532468289001824
5,476425178821962	2,734794914700492
-1,271409538539339	-1,7100041848164564
1,259575061423738	7,43466682541513
4,679082416804701	4,4941201260087595
1,4096454866216321	6,93590847309186
-2,1500556057595723	-3,2770745063411972
-0,5649441140877929	-1,7502129704050073
-1,4017345982974716	-1,8405872217418953
4,533183059464852	4,36379600746699
5,860001703675811	3,823692694405543
-1,435256109213344	-1,0223347387654522
-0,4032025813187523	-2,6023522345401293
4,786046191148765	2,703647981946324
0,6954898233931053	8,084258504613304
-1,4808900026084129	-1,7607542813289647
1,3083041127513957	7,209810316359114
3,1748530657049545	3,139436498182485
-3,148714641529102	-1,489221156825594
5,78076826574142	3,79897597927223
-3,1373429816023553	-1,5331050889708857
0,2513186360996109	-2,9116040881777345
3,0801811213937835	3,8092624451912798
6,0732364223420845	3,5224656069196523
3,3817361925908287	2,7407259020460297
-1,5668295741075988	7,740170380536417
-2,5454702249014374	-1,2493036381632465
0,24337802506154121	8,306318817423538
3,236729326717322	4,267651662184348
5,9984178261520125	3,7729681073999854
-2,5123707517945904	-2,7642425016401013
3,6062805514870098	4,320323533037012
5,543094025098536	2,7166592274730434
5,35497625520206	4,3086765437872145
5,8662209778426915	3,9587309696049227
-3,096140171109166	-1,5136519881133799
5,881668104610875	4,096376668085888
-0,4900599280857554	-2,5487023341092048
0,6227225796848496	8,139199642928562
0,8594135805539724	7,818369686776126
-0,733825852033169	8,249430959646029
-0,0316906846932723	8,353096427783132
-1,9545640901554875	6,719018191518965
-1,66732640934149	-1,5448180599868109
5,9836733556180235	3,1682588343820117
5,121843150554799	2,8237993254896714
5,994901793002506	4,079516560794378
5,748559096193783	4,166538551465746
1,1230826113395236	7,626795180590577
-3,2175287208562278	-2,8849934034689078
-2,8869590566210284	-1,4784549960602638
6,049415712254387	3,0328894769544106
-3,117390530627298	-3,2778791560206977
6,045502304464805	3,400501106939803
-0,3552786270105477	-1,7422804339595679
-1,548031822759569	7,572880676223974
3,2720869303800573	2,8987345428612867
4,356805121411494	2,638993987754635
-0,8487670388411671	-3,821282280039305
-1,8514951130205484	-1,7035565536143253
-1,3425731010604738	-1,7114586178899005
5,836177540294456	3,8178072484486503
-1,804742205223865	7,361784712764626
4,163601236532114	2,596230610014361
5,320128637169675	4,240335238279846
0,24806746253012124	8,30236031479785
-0,96895337525883	-4,207822915723655
-0,1758389229841374	8,356237299454538
-0,7426974557338621	-3,0785261253707255
4,938637813814084	4,4628105197344725
4,647023734278646	2,516293043970837
-0,45367089527618254	-2,14212823696616
-1,9017645405021155	6,862952149116196
-0,30451976649791446	-3,865003967208236
1,2869262049200512	7,0361503287553155
-0,5488581283488323	-1,570701336660974
-1,0226568598528072	-2,230518821916167
3,1547381931365437	3,224340756277165
-1,9210587407371127	7,3126298420463485
5,912457770512333	3,035852863642968
-2,688176093095125	-1,2787691411093411
6,066738968225635	3,2652775668560383
-0,726691912494192	-1,629457264929901
1,26235447033507	7,348163128970847
5,903975903065687	3,0123029667879893
-2,396801531807707	-0,9913871159946632
-0,7170403021803704	8,383652255116184
1,4476163513587605	6,902456157035196
-2,421859033927012	-2,3639720728540237
1,4499576717637428	7,659935303328885
5,800532233258119	3,906100408309904
-1,7408824941863077	-1,8826155382302279
5,969668638032112	3,8639624207326597
0,2628956971383525	8,12821265703814
-1,9500867554610433	-3,336752276880268
-1,835309342342889	7,2976035454523895
1,3211607121490676	7,240535776096716
-1,2816248726293575	-3,538618279849391
6,02426961259323	3,3311436399058714
3,0021412616031053	3,530147438672508
3,093377441234699	3,864502539650893
3,3292747718255242	4,255843056136841
0,34892072053377676	8,423317679866292
5,935144237499861	3,2312796995227226
-0,15459854133994416	8,478640823107963
-1,0990166001177695	-1,9717128826469419
3,13588918555321	3,051376874620889
5,004265672515138	4,4287813050332865
-1,8395150975957155	7,022433631050531
-2,4308763231537673	-3,978930342027549
-2,282746892830197	-2,1357948042616015
-0,9676256297504128	-2,040859687474042
-0,4954381454453478	-2,968494998582691
-1,1886332111153726	7,858649385705059
-2,4769900601024357	-2,9791195924931335
-1,7749847694480128	7,388910446887465
-1,2771144013271096	-3,43919221722882
5,757136144272335	4,038651613285978
1,2258212487049982	7,682042827931986
-3,124368154742316	-1,7928894630304548
-1,8424136024351057	7,655962318080931
4,636842555211122	4,462189156439445
-0,8297237584457875	8,430824411704258
-2,270657501952653	-3,3929170859055677
-2,6128637393494456	-2,370726366621814
-1,4653655405530004	7,86450741883209
1,4329168529513463	7,305160417932184
-2,032988176522286	6,682606013069489
-2,7174158590344497	-1,6377410948268016
-0,7781247319112108	8,232661713912037
-1,1299574658802278	-3,4793462216524884
-2,670992201279137	-1,2227775000272303
2,891949375013497	3,6453698572346545
-1,6191249865311241	-1,6819466690125298
3,573397481652321	2,6066862771437664
5,896907784492086	3,91201349335682
-0,35911632835535334	-3,8805034995210033
-3,152463239276123	-2,633984483027118
-1,0661250645816276	-4,188254237926706
3,125445515837037	2,9267091713765403
3,885081056815773	4,351170181080715
-0,28352046181381296	-3,92551993630239
0,051211951674855705	-3,508772171647005
-2,951274028120275	-2,5870882906051467
-2,3299846137875675	-2,051625021217476
-1,8906012882989733	-1,5764623316544277
-1,989257961088319	-3,3668991301355176
0,9014103548627768	8,13616940398929
-3,309883813788826	-2,4475025077421253
-2,564630220537275	-3,9903675763158164
-1,9645926566203291	7,422407575977008
-2,2565370424321074	-0,8885132178490824
5,289889608685348	2,695956260513469
-0,46432285082698255	-2,1483941247484712
0,5197440942674006	8,195799782545947
0,5281058740984412	8,318465625906187
0,28484366320511434	8,362801422651328
-1,3582431544806675	8,082752779996571
-0,9043935046161389	-4,0820480082460815
-1,1642998609873232	-2,4719202065312347
-1,0451218663463047	-2,209958730433071
-0,2854548022213217	-1,8958441436535587
4,31180008555578	2,6040097530962023
4,985437307053529	2,5065509522022147
1,4345720830229127	7,019599290043878
-1,039051670544299	-2,544186866324295
-1,922773226639037	6,657307707803819
-2,8452607529924254	-3,5486443291018706
5,017385147973268	4,470574672598518
-0,45186107865884717	8,276471669797361
6,081762146167635	4,012738501221545
0,61973004466226	8,281437179034947
2,922736257090734	3,6217456316752608
0,909455592580426	7,958091398275037
3,3686141719268017	4,318048910346719
4,471335282737451	4,606114444340768
-0,9529286588028979	-1,413736938762777
-2,1172950898338687	-1,953989102739466
3,50078731731327	2,8414470043314486
-2,723296320863113	-3,406247768394266
-0,45306111007749117	8,423960732727934
2,9951820124875574	3,526641634525891
-3,332074391011448	-2,3953570848207826
0,39269888051810864	8,014233315697531
-1,1925172089341982	-1,0691077900676935
-0,8115890223377316	8,326655029902662
3,7694512730746723	2,855957249028891
-0,6001786398811293	-2,9996805148775216
-1,0993358918464982	-2,2761205259269053
3,2355530923660463	3,336567132641831
-0,5072663090084577	-2,7574586429036323
-3,241092151190345	-2,0024649339228375
-1,6443035994408497	7,655236005902616
5,253528984200714	2,909512165545871
4,996276678239779	2,5884092071297724
5,933066188961429	4,04759470762722
2,912019437167362	3,4802469314934026
2,879350248784056	3,3179023734148854
-1,7860722268509723	7,1623981257404195
6,019311594058639	3,3344394129526047
-1,7401155969084654	7,4480477739459525
2,9440981099427472	3,2808935077996724
3,171010469816056	2,9572344493294396
2,9926050334291245	3,441567225385497
-3,4168236339891394	-2,3618923117902715
-1,6419712402284299	7,727292389988487
-1,3029677036287184	-1,0693770860899452
-1,531173616551795	7,916357878021039
5,786796401213115	2,9954077672164634
-1,152852718731432	8,281414392924772
-2,523266200726805	-2,621864162539088
-1,3277957818725583	-1,754663621162936
-2,015480982784223	6,935597452661162
-1,4140442340866355	7,920982744909383
-0,24653590695368138	8,44577570378649
0,6022468164198592	8,147176452312632
3,2666227898353783	3,869027923134086
-0,773432113222528	-1,507416884482017
3,176542191241527	4,060816404492237
0,9935181779115267	7,85944219693922
-0,5675378996784343	8,500447936118976
-1,1228387039485719	-4,007112728977667
-2,6681631265601684	-2,3970224692044653
5,503756698007596	2,655425194881181
4,37586467319184	2,6675531595531865
1,1707835821874195	7,7952542777754354
-0,5613583513788638	-2,92293032014339
1,3219525715922518	7,353935179796735
-1,5443861715568852	-1,9673101243001798
4,559545071298499	2,5222807648105183
5,316766461394635	4,227901007585238
5,679158124422981	2,8320663532246133
4,30080908778646	4,432598394754259
-1,0876867952507117	8,186137477878317
-2,1912973463146734	-3,2740023173787858
3,307862542851135	3,10254199189144
-0,9489627676568195	-1,9556812894756113
0,15465583290635904	8,292882974345227
5,961089191659684	3,232399325855588
3,5722814619784438	2,9157242850441163
-1,8644462235209802	7,1476395693754124
-2,709923643992669	-2,515913115121522
-1,4175344147715259	-3,528859783134644
5,519238946773836	2,742842817481062
1,102262156733769	7,955865401896122
-0,9289790037801633	8,304574416470485
-1,8282435082999888	-3,5761184550644667
1,3176822516731133	7,220349797752585
-1,7292277772289972	7,558993239197534
-2,112240606914513	-4,065325835737156
4,28010055281729	4,502529585772523
0,035657363288909505	8,412938737373523
6,0329693648300795	3,272002885923736
5,843915746872974	3,607902263334314
-1,5441701353126183	7,6170719951806
1,3229433118016887	7,085991258330736
-1,8805810420478613	7,328361572332352
2,9850682819764423	3,571430795829424
0,5059277940811617	8,393489527632951
0,740549118453684	8,157874626332893
4,747749459992461	4,329029833269976
0,4528668918527341	-2,3184452247412026
1,0899204760232284	7,921843181630168
3,6191029291064307	4,203317636977976
-1,4926690354447538	-0,8238011147488287
-2,238418413951031	-1,8066000253936954
5,772880077153289	3,760655301057937
2,938307040885401	3,359269813734938
1,2875607713228108	7,407103613578447
5,182884769160047	2,73956722819506
5,268896884416398	4,368936258768825
5,308544951372833	2,6590299649341462
-1,704803601568835	7,423080279282519
-1,9464175848034888	-3,375033981896787
5,782273220964745	3,1956498714807933
0,449652757540679	8,373173289794096
1,1557967335762969	7,840827865107178
0,39999927946750047	8,336393253549312
-2,3015098802950456	-1,8822758124131185
1,0327911880335887	7,770802079602683
4,3379918573426055	2,6364181857625297
5,9434803930291285	3,2833781667791655
-0,45812864964087585	-2,7077011596703935
-0,308362063176153	-3,837487208370791
3,8537710910670824	2,864542068955388
4,435707521116487	4,327359497249096
-0,09717207189797678	8,515889144743916
4,270741646102094	2,5309151631671924
1,3155855527618334	7,633644936413448
-1,1226492479851304	-1,8601630716155686
5,70248741870629	4,284359939265286
-0,9286430538279191	8,28198527536349
5,286471887867775	4,440152789271577
5,033152013153495	2,5306164712322756
-0,5518103291191099	-2,9922564190810013
1,1427161482735961	7,270007711429135
-1,013825011465829	-1,4546934451399978
