2992
25908
71942
27718
80644
77802
10987
93214
51291
37187
2715
21908
72411
96951
70828
83181
7394
56302
76213
46606
16946
99413
85852
90993
6207
45490
36476
80413
99580
36984
78586
74606
77055
53585
32731
68354
4982
14888
52520
17596
74682
36981
15749
3577
89548
99361
52844
50193
95413
22102
23476
12195
45133
7027
60979
78265
68569
87345
63621
22144
99913
14018
63811
99017
26905
43411
61264
38716
50883
41722
92433
40889
1034
73554
39886
89489
89489
42744
2929
5017
19887
97048
81926
60346
10448
16730
15299
51048
17795
91351
34726
91203
61609
38597
73400
88947
34550
81290
81129
37060
25241
7381
62761
14494
64582
6477
17753
52245
65811
93492
73285
89925
4444
27760
93786
87870
20588
4919
4883
95546
92012
26999
50883
30983
97780
17785
67618
77081
65921
45169
57891
79975
92693
10053
15871
18493
75256
83663
24686
82037
35539
39024
11989
68363
53548
44876
32213
32489
63674
52637
73488
11199
64199
10401
94644
22685
57058
60991
60457
92864
3751
27618
3511
39707
86505
86749
49746
72088
49010
46080
63485
6532
84515
44334
46380
78646
90001
4664
35892
45810
33800
96908
58001
15250
43058
61091
53669
29967
92660
59802
97769
79774
39319
77241
33153
80746
15891
57089
55845
17706
59716
81084
53594
9027
2729
15290
63884
74491
20885
98060
93665
40681
14265
56421
50467
93132
32015
79210
93365
34064
12189
46570
4182
71258
6436
1527
70239
94105
8795
32379
1161
59746
8289
36188
42542
86426
3394
90786
5804
47419
55881
34101
60876
56683
67252
49027
73843
38994
63160
78336
6415
46921
29902
30340
51431
11171
30363
30438
54160
97013
88641
51809
58815
93578
30394
67210
24444
25272
73784
50433
92917
22636
57881
87751
6300
48428
81569
77772
22805
11115
64590
52387
95282
67042
68069
19311
76275
7306
9999
26193
91151
50674
56821
16844
4722
78386
40637
20270
23525
40230
48637
40299
31753
66469
93380
67236
26040
84284
3369
73474
81240
84650
9135
34548
17352
11259
56242
51351
86309
46952
45431
93594
83296
24956
16917
31192
82646
93019
89405
10562
73601
11415
65732
59714
31606
91646
3101
57013
24767
97901
98359
63634
41236
97361
4141
5228
69442
85651
81506
89729
37805
56252
48135
26996
66026
97831
36044
27342
2157
22173
77964
90311
306
21483
50563
28710
93795
77834
34418
49894
35748
78989
97941
43851
92404
88578
3238
39512
45272
12628
54909
71497
91351
27558
51253
70146
38052
86449
30021
74621
75232
41230
42150
90486
6360
77691
3134
8106
60871
2326
25882
75242
88657
97622
74859
40155
64189
34690
77669
22652
94899
42699
2737
16091
1537
33208
43902
63329
46197
36249
66221
69469
74875
47100
81863
44728
67894
87738
19639
46131
77158
92356
44886
24343
26531
81957
68819
60673
88628
88197
78921
84409
58130
42284
13323
74686
33980
96422
72437
5933
41812
13697
72160
11040
67862
62110
9465
97959
77233
67561
88282
6742
43287
22091
97312
68182
70518
81340
31141
16199
66658
72527
62679
37171
82125
77171
47261
97409
84783
30733
36033
15722
30944
56920
49142
11454
28832
13495
67703
18865
4979
63465
35799
95057
41649
5016
20835
10268
7306
62275
8323
98806
98345
15040
51092
66836
57165
39758
33210
31834
13901
1691
89610
43680
48153
96538
45767
80118
87649
47433
96896
92129
73400
82700
1260
47179
41068
5271
36391
26289
63036
43604
48855
77931
54786
70661
26993
47895
4964
54108
98815
42068
93170
54671
32840
74946
92159
75831
27980
84841
29517
55661
85809
58822
74237
69401
31298
49259
89689
57739
21882
58078
94888
1027
25084
60858
5330
85429
9552
82551
1112
4839
94877
58732
21897
89577
43124
99531
12939
72639
71165
56757
80787
72242
55346
28953
85903
39377
11271
92390
90169
57723
9851
29756
37869
13913
81578
94978
23031
32243
43866
9684
44200
95843
7837
82868
18595
9415
87891
11223
94808
48928
80260
53659
34416
37562
59518
48745
85410
9303
1446
96315
23307
97586
35359
1231
37894
73984
76211
36495
5549
65846
34316
54322
73115
36058
21737
177
32303
35647
77268
68854
25834
26004
37541
22758
57849
39232
34457
51463
17804
64298
58110
14431
16909
24134
37027
87147
59172
19789
35013
19170
11913
50394
2543
33847
76824
68213
92722
19068
12492
73759
96844
85035
78838
90504
86387
39847
97126
41781
81339
59767
88585
14233
99229
36941
24633
95255
41685
60407
51803
88295
21889
65309
45851
48766
81515
92899
31499
66945
96586
55234
65907
27053
90699
53548
90668
54081
45793
40911
31026
96059
94148
52742
45372
36310
53509
78007
42331
8725
67194
96792
10347
13895
81051
33414
28166
75142
62952
77151
36305
77326
34936
55081
3960
39458
41648
38510
88175
31372
66218
3221
37336
47835
42800
96148
72192
69567
90119
81263
8303
88462
22812
6400
62802
97624
14612
35742
51498
54779
98528
76411
88661
26257
99040
95738
47697
66729
24225
73092
8938
13517
83917
61460
21474
16574
69557
92933
26375
22196
96933
73039
10446
77417
1997
92783
76543
69860
30416
38941
96244
56046
60315
98105
36141
21981
84230
46611
28362
11879
7802
76661
71982
19416
34939
93807
15409
81596
47182
57436
59000
64705
13887
49465
83004
87308
85841
34983
88494
99512
33469
57367
68807
9529
65203
87819
68670
69811
81943
97214
51061
70620
1013
44701
74689
78072
58175
30154
79223
20697
16457
36340
49589
3226
10203
12177
14047
629
34812
73623
77959
80357
85490
98342
98230
17289
88597
93779
10374
46599
97032
72194
390
65200
76869
36179
22018
77510
55675
58618
20365
13546
94917
72324
86719
44102
91671
40132
9366
62785
72294
22081
40722
18393
26346
39920
73076
66679
65958
61882
86149
99730
69991
96189
83242
62497
12015
73688
64837
15950
82015
65687
39270
65603
15492
91350
2243
92618
45128
74457
82211
36639
65284
6057
68466
94118
10668
96509
63400
12241
15221
72547
15762
37353
27092
44168
2223
20895
77100
42287
70830
15239
15046
47629
2004
83701
94186
17489
76548
13617
41864
17756
53139
88357
95865
46228
34241
33679
35051
83659
57673
47103
92599
13266
64359
715
64585
52880
65416
27591
24815
50063
48026
69300
85005
88782
69850
9791
84134
78724
41209
92234
55545
20331
13567
76090
77767
15031
92416
313
43347
85841
54242
77133
34645
30366
83723
5554
67389
23891
44952
90263
62145
68346
77225
71790
67916
30073
90856
41127
82956
89663
41593
45978
34183
61131
86199
13201
571
43922
32957
73969
99396
55233
51448
75459
95768
53865
90690
11882
36968
39201
7653
77033
87011
20733
59692
73770
16150
74563
34331
50842
9869
35058
55418
11325
14704
5680
34779
59523
17804
88135
95990
52650
9746
64577
1041
52586
19347
81931
8718
37048
19727
37363
18098
62510
29989
11104
24956
39793
622
40607
68238
32743
11570
40425
75237
51807
16346
80829
2208
89965
2987
48036
82896
82587
84775
42758
9514
56006
65424
22805
77327
22312
75105
32275
12333
85898
7480
1790
54086
18171
91355
78403
74394
71156
32726
86590
86432
51995
24034
56425
83044
42507
33378
73421
79470
21060
94425
47279
74915
33834
16579
64433
81952
83992
5704
63658
9192
4568
39112
76291
50137
17673
19696
29462
55858
54213
918
72072
52096
54669
90982
30982
93663
65591
79319
33358
86400
72826
22436
31465
61445
44516
21389
29357
43913
38142
64171
78587
94070
95920
28675
38689
42800
2397
5005
13350
97767
44398
5966
43655
31920
93272
4976
75526
33481
52203
25109
33863
50106
96545
36559
18175
42817
96018
76797
90675
55164
73502
40601
99297
52498
48781
89846
61261
62016
85672
28713
81046
54784
7017
24472
61312
23418
78791
72616
79901
26237
32154
45911
7503
40179
85965
49554
19279
33973
5410
35648
93461
99046
53343
54577
98590
35660
83380
76226
97737
15525
26425
92147
96457
72478
14921
64278
35730
19984
27014
4200
29460
79292
18251
67759
24572
44574
59755
15781
65943
67550
52668
53148
40522
7337
55719
62866
21321
95774
48129
50322
19498
5504
66368
25927
99246
33175
23636
78561
57363
5471
53611
55792
29380
18483
34625
39446
23594
7725
74377
6833
2536
65636
39041
66781
94812
32388
26189
26382
50394
55358
37192
81870
64965
15823
95637
3815
94282
96322
56232
12756
28165
28537
85863
19502
4588
76658
4755
78897
54318
85853
10580
72789
15754
48291
70452
9431
20675
17660
65203
12859
7524
66673
4163
29886
12490
52095
14825
35981
1095
49049
92034
74892
51492
19636
57207
87685
9971
63400
37350
70732
2455
8269
5863
41905
88786
58442
95932
16932
79924
45512
28761
77580
91426
16964
42917
8444
42209
97029
52384
72214
17920
68575
85972
57930
26900
65829
37409
66301
63060
5388
96968
84311
58781
59103
86278
40168
77397
8345
7480
50111
41258
38887
33557
85433
13932
61355
650
56899
50792
20049
475
58884
73946
16272
98079
99556
36283
5219
30461
93238
13982
4936
23372
58748
28806
53049
60890
64604
76070
47697
55644
42754
95644
64561
92659
95181
6033
57401
83977
45267
10198
35695
15336
85641
55011
23463
47951
94733
89029
10908
74520
1534
23187
31256
18692
9221
60167
82663
96487
67504
60068
83903
3022
95516
79261
2655
79126
55812
82296
11095
44294
69543
3129
58027
75425
70565
24422
3285
27525
21116
6375
55256
31901
20653
51150
22145
1968
63033
75393
62475
62060
94501
98629
34259
23993
60844
17473
8593
54037
56921
34350
42269
19921
47872
27444
87618
13331
99764
20113
46616
78423
7222
76727
80260
27814
55074
64046
93742
36657
92978
22949
90565
40520
49879
40382
9295
14649
5034
71283
2381
51500
8790
11183
9024
42372
18449
32882
10906
99944
17723
92667
55314
12655
40577
21971
97566
94277
82648
52765
83382
94422
92758
68207
65604
87463
70875
28646
33241
42334
5982
25901
98440
19033
14745
33277
2271
51009
57975
48941
69451
74910
92674
19166
30831
81556
5086
7156
59517
97563
90778
70250
2828
73477
9314
16957
95558
50162
21918
95278
19948
75064
94566
19365
52806
86896
71465
3573
95035
7382
51216
19412
11568
10610
69906
54509
70695
55353
84705
33332
43659
43321
31654
58120
23090
98695
81621
2656
90195
76810
69325
13100
78831
98102
18336
86428
47818
26950
56189
73251
2870
95125
68903
49413
83832
15421
87613
45316
29290
59184
6724
81324
52265
75584
33902
33885
13073
86538
23767
80500
80603
66585
95061
68670
34572
2909
99154
40114
45479
42154
66767
52728
51444
54914
31238
78829
81030
41681
24134
14253
89616
99600
17662
69051
79802
87663
12763
48624
78249
39054
98173
3619
54424
74576
37610
80025
74864
89564
61936
86000
66412
33084
57865
17143
34469
84935
25691
47601
62660
69606
38186
88972
46846
53061
62160
92437
77286
42067
50128
39758
53647
31484
44072
95570
61765
92804
64580
98354
6293
58864
28201
96940
61658
52058
85474
6546
52008
16750
80023
75095
34746
11533
11632
38332
94781
88802
92698
49236
42740
94205
77932
85426
56439
21974
84077
4034
31445
81098
38434
60870
18152
25969
53786
14220
47991
17631
70951
96861
49380
76354
26631
11513
61480
63785
55008
41943
17656
44108
53300
32186
48676
56917
95638
66301
4277
71966
30626
26413
88042
59819
17241
73663
20585
95631
83994
97872
33181
76045
41217
65561
82699
52260
89605
7364
97685
17407
84581
30512
48937
2302
20104
22467
48148
9717
24777
49586
46378
22427
89314
14085
90280
15239
96606
87981
81268
80303
62009
66640
91485
47910
32947
16331
24824
53517
56721
73802
84418
55607
55924
19430
81037
88909
12303
68915
20923
97173
25050
33720
58984
56954
8165
36323
6477
62074
57649
73224
29011
27016
94024
64021
9806
11230
1005
98282
9719
56410
57224
39394
61882
14452
18869
65320
15864
4118
60733
32635
57934
26691
88664
7476
64601
46640
33766
93751
13239
45548
60159
16577
43419
50699
23870
39089
33825
71066
12903
64078
17198
15751
86178
50804
463
83175
66658
22581
54018
56521
75683
83756
31069
23647
50704
18488
91666
40088
26525
84235
53822
7063
63446
53178
56099
68087
67836
29285
85545
20290
85242
58748
33798
58351
73438
13593
1339
30029
12446
3379
53793
64840
87088
92139
93211
34455
52733
15208
89939
63494
63015
6727
70385
46920
36819
24935
16631
76416
46143
26365
46606
23610
76452
45900
15577
58442
58413
62269
51116
57924
5060
2787
93931
62351
42371
75420
41196
44366
92356
42921
80969
59194
64396
50921
64970
97403
93707
14103
84587
89993
48741
48333
46925
71644
7141
32825
82852
63588
82418
18701
63449
27665
78669
56602
43375
76849
44762
354
35363
90089
99750
83417
56156
46156
61622
89336
40002
81674
45989
84175
3601
92338
20343
55455
33720
95844
76216
77420
62333
88844
95655
42326
33516
35465
53861
46228
79129
90471
30125
885
43043
86177
83556
24353
34139
92804
97328
34270
11722
53170
54604
76446
65947
10339
73167
34446
10950
48453
56050
27431
74880
21626
42419
8921
79742
57109
53370
65303
30270
69278
26411
48818
5729
28375
15717
77153
86425
8755
35055
44895
27007
22539
50032
59356
34282
69198
38280
81094
97697
95531
18049
29483
98467
26665
67686
84653
73795
63741
14685
41631
39693
1082
12821
67419
44910
63343
2601
13203
944
33286
8426
97821
51847
20396
31715
71784
11413
45473
34282
1143
6988
93532
59773
39697
70717
68772
75817
17556
86679
23777
9653
44741
97788
2391
32102
70041
53131
50784
51432
50641
95567
70507
95640
44795
13453
80371
69640
27750
71855
86882
74596
22782
98966
37600
38176
64397
89209
31346
70722
4160
26345
18298
10405
13117
11766
91983
88808
27399
62729
61849
35754
22328
78649
74034
83724
47605
45605
55981
2358
33132
31353
17350
71420
87362
82918
96195
15938
31408
51855
96444
57720
50051
66524
19992
41965
16697
10320
16081
49008
8083
84579
46423
96751
81032
58535
5119
93070
22740
92014
82985
38429
9179
77114
92189
43938
54926
18046
88559
66449
50335
75807
60287
45200
22439
52112
80731
85945
628
86826
51924
68706
16285
56221
56982
1251
46648
74623
84138
46431
75249
79868
29715
43372
38919
80478
69826
90672
94127
74304
50332
60268
29262
45775
65041
52137
65054
45536
11934
42085
95958
45866
69898
80490
7518
64050
81712
41740
87271
70246
29550
7601
90190
61673
8641
39432
39041
34387
78378
52842
12909
32795
60279
11526
70488
72777
12559
65720
61752
78362
30156
44860
17146
58975
87209
20459
38338
72927
3254
36058
12210
8899
67705
73359
27024
35766
97105
83140
64285
75621
37775
79909
91954
41861
1703
62659
71080
88101
21910
3118
25341
99764
57809
44311
12139
18285
80098
52005
92346
77938
42425
56713
27703
37662
13694
31040
20796
51154
52957
57006
8128
13772
18553
4997
61435
61555
9820
33431
32152
23075
49492
29405
87923
156
40226
98905
31961
82714
73980
62196
41473
63347
23055
71230
26198
15372
49589
40130
84263
46082
86334
4678
91753
23289
97492
63575
86924
14074
80797
62272
58911
55148
89184
83001
99240
54362
47075
49441
48772
35689
51221
72403
53238
85270
28304
36340
87580
39845
60447
1705
43314
12499
27634
28513
12293
7640
81491
36054
62089
83671
21836
10869
10777
92881
89232
71759
27110
72980
71276
1043
15363
83645
42139
96714
77722
21442
34022
94029
5277
13278
90253
99876
10095
49901
52276
4880
39756
44410
34590
89209
61658
73597
11090
86053
97470
18017
99834
94660
95570
38332
79105
68310
9002
46742
42194
43035
64430
14670
778
57496
96290
65441
37442
51156
69651
55874
38296
21985
80925
68678
69302
76151
38637
57782
76338
86549
99570
44543
88565
85542
13344
92980
99578
25205
7503
60630
3705
94849
33726
55013
49451
9089
95823
37288
42381
4981
24307
59996
2664
46974
82732
78104
55254
88579
13317
15313
71646
79672
2191
37940
44025
87155
45898
73998
77036
65035
22048
69915
73775
2392
88041
920
21718
75795
68000
20888
97982
31112
75493
3724
21593
76285
76762
45752
40454
70676
23445
95598
45047
24980
70652
91874
76092
64283
38592
35160
66473
18428
45538
37700
77933
71746
48396
39748
31943
32828
24796
93744
33238
79097
69320
61205
66281
7681
73452
60757
38897
14733
62122
47158
80464
36768
79812
17222
86330
18192
69871
2502
95135
39876
49000
39571
84894
74174
73952
80157
61556
58464
32585
7502
7238
43244
17966
80529
76740
18073
48750
66007
46605
2123
57800
63554
1579
14167
84824
63573
51168
84681
55778
10064
60276
85887
32074
86155
82391
46341
22720
44700
6904
52755
9598
65712
59267
60955
12041
53304
6158
51109
87575
28262
53935
56033
76841
87575
44237
28701
12570
7411
60369
84692
62901
65028
16103
33280
78584
18046
23444
98339
57587
35384
72776
16628
14055
35368
46437
15131
10669
77601
15236
93375
95752
74606
35508
84042
42016
2131
5784
75869
53506
31628
18591
7956
3108
92540
60903
77498
88054
61218
13051
85383
49686
84104
95383
79368
25282
79807
9590
67697
70348
17993
38119
99369
9199
99675
49766
70492
28733
29585
1991
31537
67604
65552
13511
24604
91685
39996
78758
96296
24045
98489
16933
71616
59923
20727
6046
16569
80749
97459
11871
58003
66033
98948
21478
93090
98223
50663
69759
69223
81590
18821
32957
10960
39260
74208
56195
93867
95698
32199
36062
77054
75360
51737
48229
42226
28643
5586
46126
86088
52416
76337
33105
115
8367
71671
88471
62039
60505
28371
9240
84234
99047
3569
64616
86043
50324
152
87152
67400
98100
8215
85814
96553
96839
55936
64104
30790
73495
98401
30128
72996
49241
56705
50191
31729
8042
93444
98844
20233
10002
70761
7868
41073
76742
5954
83911
7717
23979
66269
96148
149
44984
94439
95975
55528
92127
19356
13219
19093
29483
68112
8131
54754
66306
45709
95783
65568
10146
89624
30044
89737
90559
44756
10881
26422
48784
58695
94135
29207
68322
47251
36703
96988
41957
48732
33538
88418
46048
44623
40665
61732
10172
30443
87392
86105
14209
49546
77133
77400
30300
91652
37345
88574
27689
45416
59077
2748
89076
66034
48073
89824
50284
56062
62310
69407
71409
34497
27185
97600
24948
75418
40799
35157
4233
32444
56494
35874
63881
728
49520
90130
8945
36283
89151
73131
15848
90972
26785
1898
75329
62089
83943
60191
51390
50767
76964
51594
9178
24395
21685
77328
97526
97157
96511
59396
72142
60663
17289
84262
21167
48494
76968
4304
73017
86654
23369
42048
7933
69471
60339
99917
67195
25736
91926
88118
85886
80016
5069
85851
750
91587
72466
46372
51586
38732
47507
56754
1445
28373
15360
14828
77850
92949
10913
61923
28226
56639
43591
27978
97170
94975
6772
1579
70385
17700
95778
34595
94457
56835
61814
84405
29785
31943
14711
82539
72467
13579
64323
10338
57387
55535
48829
53540
75076
68331
46081
85561
25209
22501
22104
23725
65956
75226
74701
53551
88286
76503
78292
49967
58499
29116
55049
50555
59426
74686
60065
10597
21856
64589
10056
99886
91872
99275
99639
52730
40182
86176
93931
35793
24843
21345
62271
87089
80527
66546
56492
77988
53775
3947
33568
54350
6378
94260
41418
8521
48115
58379
56458
88492
84134
82827
66180
61116
90912
36763
18402
50963
44005
62297
51835
86397
85841
80235
25987
39
13310
51775
52065
44036
86649
58392
89508
68578
89524
14262
91926
27886
7423
5550
31525
68372
33002
71003
38935
58690
25475
51177
36493
11499
97470
58168
42196
26374
10986
42124
57901
88285
7884
14409
38600
50530
55911
69275
85201
93553
35376
1013
33971
24340
90559
3549
87773
70659
75411
74445
11226
99701
35939
65170
28300
61281
23118
86355
38186
40406
45319
87711
65754
51322
9408
40935
76322
87798
93487
33188
68851
62143
34969
42890
26165
26792
21505
1590
44010
60593
50367
61150
74404
33315
93043
81888
47915
28508
35879
62242
95250
41590
21862
40369
73120
29900
15280
2266
72008
49319
91689
45020
5845
55349
41986
40704
34199
42003
96409
62571
6692
77555
62624
72561
90355
24048
15197
30767
63304
44749
74399
4071
23910
3022
56625
18458
6117
26147
7902
71072
34368
39906
65168
54364
46009
32728
88654
65266
23163
41594
4689
53898
21396
34343
83239
51129
90445
12481
21314
11769
65156
19073
47331
62710
35778
69614
78735
3607
12995
23240
79840
1067
18702
81434
8188
97198
63308
85393
16374
73111
64730
51629
11482
73695
66332
63678
45656
46230
76663
14517
12763
65027
7889
23265
5825
62195
72251
39987
24830
81537
5665
98788
45750
2752
98236
14510
42258
91034
42843
97893
39339
68462
71727
17037
84793
95404
31653
81089
60450
35276
75375
1453
93985
29958
20103
23144
93157
14464
47982
79056
16464
29826
43125
29790
32553
65761
58209
41355
68732
78213
21425
85110
84960
62933
71445
16778
64882
91833
6618
5236
64476
65141
44743
78626
5864
65421
57049
91918
70937
60135
45574
74955
32828
38517
71910
61373
4511
6120
2225
43950
16970
94224
32633
21462
41805
14875
10784
47773
96163
16272
19196
26821
91922
31034
55085
686
66609
70544
94182
95696
65467
66019
93812
78659
98888
48155
52800
53587
71750
89410
57109
73704
15351
82759
16452
1940
69255
34451
35771
88051
45003
77121
30495
4503
6606
14924
89730
91057
36898
7436
45980
87325
6718
92063
24442
71187
34003
99927
75061
30486
67573
18125
85651
64055
8309
63378
75882
90250
3583
75871
19008
34097
94755
27382
46471
33344
43349
22670
63241
40715
64952
45207
55159
85988
65154
80010
52086
2639
54393
69078
30176
54308
8750
67482
76099
22864
32614
50591
43235
49347
84702
69905
13335
46442
21993
10737
10155
57519
87708
67449
1550
96033
45314
25328
67297
32789
30587
49844
5352
18662
35637
33674
92560
90732
57104
54788
55301
62674
53426
25198
58291
85351
18311
50092
36305
76355
45763
23745
36241
68128
90758
65531
55611
93630
64716
12219
10054
55807
657
94927
38150
64207
5548
82725
77076
32545
41197
58750
64892
4415
5804
82916
89294
51225
33882
24446
43187
42936
84841
94604
377
90763
68128
40649
20884
61350
73466
8811
21399
82362
93873
87667
17307
16363
30548
64217
43355
68719
1682
88770
80632
90970
88659
26671
63589
74896
17642
4351
4273
94103
67270
83813
2229
22292
92724
75530
381
34813
36352
7922
99113
56653
65535
33383
82078
47910
76479
41496
64632
70477
72181
72235
45403
60844
66622
37638
7315
85700
80207
1840
75672
47722
14626
2139
2121
27170
63105
97984
80028
38738
74260
78842
94402
48066
67257
83632
45731
11114
24156
55196
3487
81606
75052
69964
10088
79650
39592
6411
65875
52150
73152
74530
56389
48899
72589
94177
68312
76884
62735
6922
358
47189
12089
71621
52120
55059
36353
37099
50383
57897
4980
32859
58673
9690
14626
24653
31839
91315
84030
11338
70346
16436
22092
6052
21696
32660
88635
92278
61540
29161
88009
35032
24606
30177
3870
27375
74288
25176
90301
25830
86536
97552
17612
55852
74363
66827
11253
40877
71188
98476
83553
81478
61057
38670
37416
32969
67512
9949
68512
85533
30110
22790
38246
58877
72853
61715
32927
45028
97956
88746
72060
27885
26571
44806
47371
10133
98758
71995
17954
67315
61424
66557
52888
51323
2128
47355
41886
85974
38427
58994
28619
85085
33489
26588
40646
55556
36228
66684
55019
88555
45789
21849
84906
42777
77307
98086
44554
25887
12498
20108
34223
29240
40588
3235
50813
2964
77598
69353
86518
77624
63440
25265
7033
50739
28951
13847
76145
90293
364
6701
64103
53960
2370
63715
61116
46879
20140
60817
66335
56737
96522
97015
83147
3956
69246
14915
402
39265
68684
69535
31833
85351
68477
12452
87255
57505
49515
19933
5410
33439
54472
93223
11474
27225
13908
61345
98455
47738
85523
40080
3651
10444
74939
41351
23467
57474
19036
83348
53049
24320
64954
29156
13798
75919
86382
55780
15651
74160
56309
52065
77594
35638
3881
41449
23455
34598
77787
63988
95620
64040
25716
61921
54747
40028
74688
24992
43486
55240
8487
25710
3234
17522
27278
9154
52672
99114
75099
82873
51127
19815
37713
81627
10458
61492
72486
66935
64313
83435
65461
4815
38711
68808
78782
16787
10506
72010
39317
34924
28190
16700
48512
76086
18704
82352
56129
77504
14682
40818
88716
48447
82716
82194
45917
32385
31203
71284
79167
49322
34513
12226
51897
38294
144
951
68407
82266
96295
47067
48846
51765
52595
17731
89554
68453
57208
14783
47137
22865
49250
67358
82144
61005
92706
35128
93868
8113
94660
54275
20035
3877
42134
55865
73987
76495
82874
59319
79547
18076
48441
89743
23087
94607
675
36765
95212
24708
60141
21945
500
92642
3010
26322
59134
92663
72950
90635
89595
7517
27850
56857
42774
90746
97418
80138
73370
92122
8630
77707
15250
1838
64853
88036
31987
51804
43779
28912
7978
9013
97763
99340
26882
52711
52766
35748
18606
27056
8845
22121
13645
31080
78866
46659
66110
66075
239
66842
83380
57669
97068
88967
43796
53184
4389
52729
96669
35222
55985
22762
7993
20714
63408
10205
14833
92691
51242
97151
69130
47660
15439
48439
2946
7490
31282
89327
54236
24640
68807
20732
48071
91384
13048
14568
72950
59811
39924
87790
79048
78708
56461
69123
20848
45568
96851
90242
14499
86963
84156
13329
58342
88907
63826
93263
39926
70179
56285
76211
50101
72157
75290
60375
58802
87755
66945
23545
14161
33215
86602
62318
49710
27164
76378
85776
21941
61598
27197
60980
41929
84597
95206
53205
90417
94042
40082
92896
24888
86751
78675
20653
31435
12065
30963
93348
61155
86721
53186
8463
84788
76268
32531
85673
63373
37242
41820
83427
3829
66725
28019
4047
66642
33282
65564
44738
86450
78881
48076
8903
30811
25722
59833
54044
41891
12636
77654
84116
35762
45674
36937
76025
35879
58677
49155
81019
8063
2788
97459
92679
56309
92040
77846
73703
20757
74331
11547
86855
68203
63130
28417
4275
52619
71604
65034
70070
1874
13633
10935
58577
2931
88330
85853
71190
29077
94974
28441
64583
89349
71824
45581
9135
12404
46262
79062
44619
88085
42697
26220
59058
15482
42278
39579
25504
5303
62131
51251
56397
7274
15226
68320
10414
17233
11454
57
6489
60831
91754
5593
81496
84780
53880
66068
11002
40470
46833
36523
29170
50093
47650
88696
23333
17722
74285
37772
87879
60311
67344
42115
42373
63875
78216
86000
3788
18072
60323
848
26233
50697
82405
29904
92870
45061
1446
61323
32097
65046
61242
20619
69982
1578
13351
47720
64365
5306
2606
13012
57323
64134
17287
74363
27600
63718
28424
98453
33606
49761
18831
3123
95361
89162
50536
97846
6377
85346
11482
61425
39400
63361
86178
58792
15409
97866
434
27347
92088
35360
90306
95187
48261
606
61426
64403
86815
79035
12633
74349
8665
72113
39599
29877
12734
16184
86654
46994
15907
62753
71371
1671
61516
78764
71643
98502
26157
96354
80426
23848
73191
92511
94437
71465
56397
3127
71169
4357
3568
50562
54142
63325
63259
36377
70906
20431
94722
74498
84987
58056
31245
99646
40518
27893
32291
30105
88580
67339
85668
89059
14967
45601
37376
81337
49917
50130
4303
12496
73221
68827
57946
6580
4988
8314
49677
59293
43093
6904
5253
61338
17035
31558
45760
68657
41255
73715
97322
65086
50370
59545
20956
61680
49026
82719
59675
92719
89771
40127
98582
53927
22127
63382
58747
62576
77355
75766
54542
99385
48708
87898
39047
32741
96595
45519
43868
37440
58718
74296
45671
14802
26861
57418
92749
68538
65371
30988
30505
14933
84936
10616
99377
71059
13672
77369
55700
96259
96846
63005
11913
85447
55017
60370
67231
62239
57141
63655
60648
4566
39221
59294
94230
88401
33615
17636
89222
11560
85848
30387
36672
25055
19499
40401
515
94181
24234
92798
14579
69129
55317
41529
86434
4783
87928
86033
72812
57520
25278
75091
14178
65963
66279
13807
50822
38270
38676
96070
66512
83160
15210
70366
7802
43709
95490
89457
5457
72684
95717
43543
49674
88739
31800
76928
99893
12816
45715
73888
82492
60697
45090
59347
84108
24711
88181
16770
30467
78106
59298
68746
97080
26603
39737
75370
93770
34260
78489
78084
16683
4616
79583
81868
65609
23604
34110
32701
73427
45754
10096
85288
54410
84799
74545
48771
71211
54899
77948
80117
48649
79354
28709
30106
58905
37160
25150
36470
62978
52907
65363
94171
25113
30613
26202
5740
19686
72136
62048
88434
29794
88915
2085
39475
28247
88995
34640
510
91967
6898
11237
84848
73708
51649
15920
48331
50047
41112
42671
98202
64712
21877
16962
40889
55073
31350
56221
40997
74410
18182
80637
30464
5663
798
85331
70405
55675
19612
66843
83267
45541
42081
98857
91781
49840
23993
13278
29693
49168
54822
65856
33555
78428
20642
87163
83896
240
99160
14280
57537
66535
42933
81957
98826
90320
83865
16346
47530
45610
65564
90560
65669
30149
58206
4283
93922
65573
94905
26849
99618
26919
16979
60484
67884
71075
27055
2741
71329
34501
60356
55502
6292
46895
27218
53047
15572
46846
18955
48902
62245
20021
22835
84361
30977
57478
17168
61169
81313
91294
83707
73962
70512
79969
42387
34529
95247
32199
8447
76791
29708
25345
67412
62741
91509
21836
27541
95621
26141
85495
45490
87500
60064
32548
2362
57125
47283
27957
6728
28532
92817
93253
78588
56941
90873
16449
26067
60136
86710
66189
62777
96973
29646
60726
22067
44009
53846
54843
4492
53122
74732
2806
5513
49165
30760
2857
45574
8827
9535
37715
13398
49536
29657
39111
48654
57940
71782
65838
95125
96292
20805
75824
6149
43633
43263
45989
96939
58312
53482
53470
72250
37028
10899
93223
24303
73677
31829
26686
15990
13165
531
50283
97173
96997
71298
57574
64705
72260
56877
16393
7113
55315
56334
56650
28781
42493
60217
46752
79691
16165
58761
39117
7000
1422
67622
46590
77621
69052
66216
11358
60434
97223
99253
96384
91345
50872
48951
93175
42370
29789
60979
86770
18074
74891
24055
40842
32806
20001
29665
67237
22574
68117
87880
26261
36966
36931
13554
89995
71514
52159
81520
86010
36352
2395
43635
37087
91510
54685
71902
97541
68916
48948
47923
97283
63417
7194
15410
46035
24835
75776
58107
30226
47169
20376
47278
81482
24222
62803
48124
24175
92480
84188
30186
53507
28326
34626
68190
90989
81539
83452
66148
29337
72485
81121
53726
79045
3799
26844
58877
74071
63019
31643
87740
78276
74586
19424
26368
74798
50558
55013
46881
19089
22485
47292
28751
8362
43279
22356
50030
37692
83042
44967
74676
49594
38526
44940
6798
29397
94172
79067
15101
38944
40271
4258
34245
49852
4232
96340
21497
9209
17708
55745
72225
50173
73763
5171
28823
53102
46340
68929
36621
62679
20643
65347
6062
87114
32149
417
76463
74275
46084
17344
35378
34804
2936
12768
29561
97466
8585
12835
79665
95054
74382
67074
29606
77046
37817
28269
26753
15927
28378
54666
37145
81958
63965
18729
47450
66739
77370
91462
47707
79721
97124
94611
95649
74492
405
77434
23016
57424
79086
39682
33081
30114
40700
33638
40875
83150
92402
25654
1809
81121
37746
92364
83270
77168
97364
18409
37189
93681
93634
5308
99244
47328
599
63946
46089
72617
40308
8518
6559
56788
61304
23473
87078
5876
16650
60899
49154
96342
15881
20547
10238
36650
46741
11169
30168
91167
66132
7988
84524
36482
93148
83188
6765
95119
85522
42861
30468
462
78337
76861
6974
17626
62162
90917
56914
75980
31872
71974
39412
67074
35739
23490
66541
37031
64683
55425
70702
44645
3746
5076
55244
57406
16185
32736
58845
89471
68750
54457
92698
66241
8278
10534
52337
26854
43763
54884
35101
66668
49046
56633
96583
15426
90090
98065
81163
33410
23339
40084
84802
61915
14605
619
57914
60895
69087
39792
91011
52247
7121
80055
75786
303
30097
14510
95981
78135
22817
11589
52260
52773
25867
79221
40006
46482
8008
96144
65091
16189
31761
74527
62798
16378
67680
75825
99224
30894
72238
1686
803
24862
91963
17792
5930
28057
92056
54772
58917
10008
86636
78058
93861
24514
66008
7282
28663
11149
28782
82692
3759
87983
25551
84107
36321
47387
71915
78138
88220
94715
44077
45085
30424
21180
46585
67664
35275
36512
49999
18081
46481
95925
19435
78648
28068
59353
65965
20010
8871
44868
3182
88061
31982
13886
81831
47755
44569
28768
99073
38928
35588
10708
45375
67287
27970
1978
87222
54444
77315
39017
19191
29861
34830
19303
82348
34205
45494
44664
69905
54239
59245
71908
16551
56110
44540
97474
12953
1665
33019
52136
47091
88219
67664
59293
59276
67082
51356
342
11665
10648
50486
10954
39396
23654
16206
37549
8249
4643
45948
3152
33635
67259
85247
11613
65156
75713
30805
3289
60271
97493
30378
57090
28928
52888
34264
48223
97480
43938
3793
91236
16473
33899
57602
84507
67666
38981
30491
90645
40651
20997
53977
67149
33257
47002
16744
95406
93207
58042
86136
61296
62343
79198
69525
11739
82088
48885
67618
14039
9702
31552
38561
46717
18988
56407
61833
97000
44001
71971
65060
44426
29462
53698
60046
11258
74881
48447
72169
71235
52884
81690
49672
11792
12954
87352
95651
33572
76331
35383
68076
43546
81914
1448
75973
45675
95643
72286
67876
74340
90225
13109
71277
49351
32875
2808
89833
6259
9371
13274
74520
12509
79661
95044
877
25524
5833
60372
12121
29717
82129
55120
58362
96946
41734
94176
60794
69942
71579
76719
21397
77998
61014
86684
21581
42824
83267
60577
66622
78988
26930
50982
19231
93432
86166
5382
19913
91230
84258
95583
51935
6656
38027
84107
20569
45913
61213
96991
80237
44215
87422
81019
55528
93181
30400
32744
71505
78785
20702
49554
32432
22536
21434
49041
46193
80906
77342
96274
79398
31495
80329
34385
32355
61984
4289
4317
45558
18268
60913
87882
38336
5568
77034
71535
72428
98943
59910
61599
21688
91714
6830
78516
2455
3719
14832
27311
30650
64215
55493
45483
48728
44420
61728
16040
24177
10893
88690
8708
54329
47333
21446
94120
7080
15897
11494
84880
80133
53501
20757
78864
40158
52956
96698
20984
99459
76250
38920
83692
60537
11064
30786
38452
44056
37395
46464
91266
76975
90430
15997
90128
59180
67844
48365
34710
5638
9286
32278
99185
50499
98620
41798
23136
25542
27170
34175
74496
63666
88036
33341
12558
29393
27963
3565
97401
9389
82844
3657
39888
85207
59541
62444
35533
99044
46687
23528
80437
34129
31492
43860
94992
44643
35176
74093
94361
46257
4776
3143
28871
42830
59045
64386
5276
84754
26534
25804
510
79630
74743
76910
62904
67517
4146
35958
70118
16416
92649
17568
84834
13983
1449
44845
81065
21845
24497
94432
3822
53082
59208
42584
55429
89400
40993
93738
27270
11395
45792
18757
1699
44342
52462
38323
26641
19865
83827
26053
67290
65010
40345
78931
56975
19511
26092
3834
2659
63607
49591
67809
41381
74849
87385
71405
10399
39667
7895
8561
64293
79256
51410
90713
5558
31416
60331
58993
87921
11296
7496
53753
56199
21141
41133
34582
90663
83481
40278
93184
31220
64551
92205
89926
2211
88332
26643
36509
31650
49051
49086
55921
31972
57429
15970
9958
32775
5759
55719
80524
49838
94388
84569
14872
51779
35029
50467
24287
39387
27938
82041
18339
65790
44048
99922
74701
24209
50873
42319
36534
50878
853
13848
83476
83004
46653
43327
86975
26185
19047
64102
49476
67542
41941
45428
90602
89357
41799
9725
5045
99411
83451
67271
45343
23366
23207
31414
89640
73992
52602
72747
45013
64677
89776
63737
12440
14804
75939
45357
27872
24061
55154
34176
17336
96355
62354
66538
54617
97658
30491
90421
91300
6951
54851
11499
28486
63572
83368
31037
82258
63323
53892
61521
59147
98491
19366
25598
95284
74864
61920
56881
56143
448
92416
35579
64088
15147
89378
52848
85919
10240
9043
2322
15990
51590
17240
43002
68063
16424
60700
2424
73717
20820
39055
48005
82926
61038
33900
89396
64779
88949
98040
11461
74165
44447
89158
684
14583
62779
73958
56946
13666
33932
32739
7293
73659
2652
53224
79272
79848
12723
69311
78727
27481
34429
91406
91720
7311
71747
13157
77789
98201
84410
61172
87597
52322
93536
81201
10860
71259
12407
47201
90201
42774
16082
58810
50835
13595
98957
50929
36375
13517
9777
63292
24951
60956
97092
45343
60269
39457
86501
75430
82248
69421
13683
49863
70202
10558
77618
95095
40282
97717
25981
55864
67759
1999
8480
63301
43744
86903
53563
61406
91788
68874
41259
38800
93422
70376
31275
54101
43447
19064
83553
56735
35578
81746
41316
52423
32282
47889
54105
70645
6266
47058
76237
66979
1053
53559
43647
14915
72301
70169
7655
19028
15343
52825
16394
14984
66243
48137
59412
86392
1592
89836
62657
34218
20258
33466
16723
93030
99895
47279
21178
35192
32217
85545
78662
75418
42835
37441
37470
58366
68737
72091
92940
35854
57129
12038
4587
73865
32933
81234
4278
29832
13864
17425
62833
37391
64133
92859
67961
72402
22391
62375
21211
54405
75308
35881
7994
4176
90611
23744
37575
79345
42366
45806
35534
33486
79620
73089
3872
34886
10018
87056
39300
56384
28432
22491
28917
67242
65733
84399
44181
67069
74848
62107
82277
57026
28418
93711
48792
37616
92788
19052
26525
19778
17100
15667
55852
89212
89648
65386
76427
7761
60791
20772
7405
1809
72506
21580
66930
4121
81692
79926
76975
70818
66682
57107
79870
60132
82536
59542
82293
72497
45763
66419
40036
73210
65630
78772
38926
31182
47996
8943
66131
14336
63979
38013
20255
45334
92917
46892
98110
88400
61590
93017
83753
65724
23968
15338
33706
96903
6258
99194
21713
67731
68533
29758
55224
38978
31171
87509
50064
34097
33829
17808
17005
39821
60292
90481
72912
89516
40391
12324
20158
10131
18983
74298
43627
58302
36596
74126
62351
92919
75360
74475
70975
57754
16961
57347
10857
14251
40579
55933
90826
75849
7199
18958
69428
39514
52945
4590
51114
84040
59776
47386
10034
11684
53501
84109
80457
70258
29363
66429
63384
40790
96382
24710
32192
68228
62985
85859
36489
42687
11848
85562
92594
12530
42613
20227
22937
4254
8963
18983
27025
80589
36380
25556
35888
67942
37510
19900
88080
16451
76729
47396
23127
78921
68109
42780
32351
57592
52163
22275
69416
18925
52107
62342
68356
1426
17769
19184
20878
66054
38603
63520
85911
48057
41323
92072
69410
19905
17369
30601
2274
16373
4103
19981
32866
24119
7045
99563
66234
47923
60182
41822
1349
25534
90430
6818
16495
61582
69146
38846
86292
72522
51581
60880
3670
54554
40252
25229
53194
86765
17931
78245
80577
31842
47566
58651
85099
73484
93
38694
67543
17150
97336
75807
11037
77235
25436
36268
61234
80718
90826
22866
66544
53689
98765
82812
30857
84545
98240
61503
2701
72539
41699
44585
65433
80550
21474
50800
34487
30223
19203
38116
12072
79951
8775
20011
93072
54763
11347
27598
35290
46028
84261
78948
62180
17100
33730
90067
64003
18466
68647
30357
88244
15153
27445
89489
69132
14293
51963
99006
7816
3120
95781
36684
82567
33927
46788
80270
82251
2866
29314
25571
30001
99711
45157
94003
77906
43330
83219
59944
73126
47195
69700
49875
20593
79484
45318
35374
15033
81738
68377
54902
42387
34847
60911
11844
96967
93235
2505
31289
70905
37552
8194
81181
48006
611
68619
64899
55035
90567
50773
89783
50526
63887
90096
89419
19388
4121
91887
53296
97830
34863
33599
60720
5376
37980
41252
95022
19816
29416
16080
29172
6569
89297
88758
48110
35766
35178
73141
58618
13848
49318
14410
37646
17603
98633
43033
7353
39429
43833
2309
35759
49338
28558
84383
31239
40512
77435
57249
85506
52642
68903
26387
37486
31998
38583
79546
86535
87126
21330
37013
69219
45404
93147
39066
78193
39331
19017
41013
34559
19530
58671
86077
34834
20388
58388
15045
66322
61763
94549
45740
97462
72603
98272
32487
70378
96374
77341
11132
15563
43439
40668
71958
99697
80310
48617
93463
52177
86577
13526
72715
19482
4113
63753
1017
29526
76923
45226
12991
47691
71917
26039
88084
48048
68133
29377
88321
8392
91563
80222
90349
55779
60916
73712
39287
40009
99822
48551
34427
14007
50177
67225
87566
56013
51994
46672
67473
17067
20738
4068
70365
62250
74540
10627
59146
45963
25129
40679
94932
32216
41783
13185
13501
51571
78794
69677
50935
1060
81132
59637
46619
80587
99210
39437
66280
89395
71521
57830
16412
8759
24023
48802
77804
57127
88462
27792
45054
21120
51010
50654
19235
82828
7915
23334
37136
1029
58134
92998
88704
47949
32182
97500
80731
20464
1316
48043
73445
46108
63527
21635
48897
4068
48600
34252
66515
11897
11025
99448
86102
96265
33473
70143
74358
68789
20650
20791
19240
96611
51797
25127
91329
99355
37615
11804
15587
96195
45277
13171
84600
96648
32335
97454
54994
27480
40837
23519
47689
30251
26226
48657
56581
27705
16245
73688
48872
43658
1728
24087
83996
86200
40571
73393
97328
95970
98477
31404
58003
97417
74579
5898
41706
45671
37154
39588
52843
28080
32216
15584
32129
60540
41398
57996
10631
42627
53143
45655
33638
65410
1539
9443
48273
56031
94393
31618
25211
51659
51766
37789
82387
92675
63434
40267
60486
78634
39004
65104
62782
5955
49318
64088
2905
15264
65821
23099
96455
32272
9166
61435
66748
88065
20262
3084
11272
34016
54586
69691
35919
9168
32807
37809
38921
51148
33065
31170
47975
43030
94046
66264
23156
93451
87705
92263
8377
60751
6255
5955
77145
46210
50609
28948
23075
31278
71850
35598
89035
79011
8183
87411
85522
50151
80737
83953
62947
47658
8888
96119
61610
34251
2107
89529
65594
18833
49643
78834
82734
71989
99299
58677
11307
38765
78664
72082
55219
2775
52308
14901
68075
53950
32751
63829
72254
32608
73992
44682
75904
3440
54817
69773
60136
86985
70772
34843
72566
23293
1241
94605
5239
14253
14238
53487
48054
33438
71260
35197
63790
40900
85969
20257
68502
14695
11556
61099
65172
89659
16437
17224
90207
85256
25399
87870
39612
10093
5807
5850
36159
92570
20879
32335
87535
83175
11733
30411
58223
17302
95833
93799
27921
55949
62156
63157
72351
78603
40817
20621
324
38121
94162
9468
16013
42579
57034
33021
19740
24847
69392
44900
81011
27097
21724
960
12996
18655
33525
46871
12173
50374
25803
6016
33280
11177
16624
96783
32718
44939
56402
2086
88300
78273
90123
81094
32282
57782
95164
8757
7317
28069
46352
33058
80741
38462
54528
33329
47652
70680
57445
60814
51398
78722
49381
11108
73949
30547
94237
31533
71638
94717
67466
43113
37452
11102
18478
65023
99836
64670
25078
24870
29163
74075
49418
17541
91882
54319
81158
87497
86834
28105
69204
44636
49512
19456
26642
41060
45756
1595
79829
70366
99298
20906
99086
71611
91986
57016
72439
56906
3406
62888
69105
80582
4346
3014
35508
51876
56641
97497
91669
66228
82253
46362
99690
68923
66043
52296
86576
59667
78721
67505
60179
63684
31646
14567
33991
93214
85412
53562
65674
59377
67729
32928
35148
72371
82443
64957
73810
39795
23908
92282
63724
76518
28174
37900
40522
39236
3085
34912
96592
56450
34936
87796
12810
59205
93245
75485
77132
13953
26048
7615
47795
98695
20236
44075
54180
3984
95123
75523
13592
27781
41371
96208
47038
76068
41005
18618
68161
19759
29624
41459
16659
27029
33206
38123
44708
56297
70906
90400
48145
31822
87711
12620
23793
40695
62119
4891
52483
51527
69881
77353
6198
2223
98865
61556
86456
88677
70811
97790
45604
96005
41446
89168
40183
49195
59082
27324
16407
78897
12467
75765
88791
75423
53820
63038
45164
88846
70373
21240
13041
44716
53239
46168
90886
65792
51575
41424
26656
52506
10057
66654
66423
60441
10489
43115
18005
32686
36044
34010
38001
74613
68092
44537
68800
46296
29737
35100
29067
11756
90906
73634
67637
2885
74487
17401
72372
22910
12386
56308
80303
73183
35036
76615
25769
76771
98708
24953
89295
22396
67415
15485
33677
18026
76478
65957
48681
15635
48247
14780
49301
34319
60398
81959
58893
47407
51704
78442
41442
47900
60741
76033
80918
83848
46457
13485
41818
1909
14934
36701
97915
79369
68775
31711
95742
48892
28817
33192
83293
40007
82727
58610
65988
8006
97178
17143
98432
97667
97519
17582
51279
71274
54472
92219
58762
40755
25794
29040
81024
7000
95645
56006
75147
52769
72590
13554
79110
7510
55348
89346
68131
53281
43698
10917
8605
92203
95120
40699
36429
42585
88091
13122
95928
51187
62666
36911
59962
33957
32169
78073
15559
93244
63670
1680
62853
34083
29183
76433
14155
41164
89332
31879
25963
25291
10290
90912
96122
65336
91558
23757
73569
52239
8544
57749
91617
7008
6780
93791
12010
65458
22264
22939
11567
62577
81506
87298
41916
45497
50372
53303
52330
21723
70695
44367
13069
35956
34245
85296
384
57424
47417
73767
22896
45949
82407
68395
64914
56907
79625
85383
47272
27748
35396
41420
35560
7923
83547
30764
894
39391
10405
67859
80985
3827
45228
61623
37012
74551
5098
25762
93387
21186
42223
70517
3517
42643
66417
15677
5570
1434
11866
34246
65307
92086
54983
38486
11036
44488
64524
43383
91854
48733
8952
88591
49230
10645
56734
77685
17413
28244
63485
12247
52280
91226
81295
15964
97268
5467
68893
15938
93903
28142
21171
42309
77176
65033
78954
59548
54815
38803
83666
41692
37186
51998
16869
75760
86496
18886
68383
52141
9184
20955
20857
243
27515
93392
67063
66441
26154
92847
37767
64091
98811
45791
89747
26161
43873
492
90754
91773
9153
16916
29427
86151
83616
70450
1200
40342
28363
3649
16721
70057
94460
56640
12289
51066
22116
11655
80367
1275
27325
97246
5870
34266
84586
42680
9700
96694
38844
80986
54026
21426
3135
56039
81437
46118
92447
96289
91387
16759
58251
99167
77875
78000
18539
91922
33789
98727
5289
69809
57713
58890
63571
78271
20360
84023
60529
31458
35531
2884
78080
54951
80337
79120
96955
40017
6931
72696
42813
49428
33051
48434
68157
29125
15243
2985
35557
50451
799
48475
97102
90390
22713
73545
29977
40659
3917
49066
65578
11014
34937
60421
19109
65139
2339
82076
56075
60636
7037
36524
22044
95983
23561
78142
44351
74847
42989
82987
53568
33723
92871
10206
58048
17239
81647
47440
25193
4149
74711
88590
32614
46789
56288
61289
5769
32597
35864
30656
70104
42702
53189
37033
94574
46854
24860
96568
64105
58819
20988
6637
84869
64409
37788
45136
66114
28154
662
4108
63098
21042
91696
85107
79651
91418
96663
39169
67415
7912
62482
50512
6445
30457
3113
88675
94985
92974
78942
68697
43155
32139
33066
27946
17033
24494
42048
13478
17720
96487
21422
83554
25791
17836
33187
89305
94096
16501
4217
30284
40364
77308
27409
52089
71163
12276
56865
80925
18848
57244
27569
80474
61795
12642
81323
70737
100
62114
12957
45626
43353
82775
86075
87081
31131
22523
3265
48614
43786
45753
90876
26051
6355
47676
95266
93148
46576
56877
22223
18217
22844
96800
36319
99403
69080
85305
9194
44300
88458
26068
22128
27967
35441
45182
81904
46003
65484
38982
60481
32405
67954
78332
95365
39324
59385
83456
88976
45385
95710
14979
49327
28467
84752
73058
57926
9322
51774
25585
52980
4883
80185
36229
88775
63518
42013
73360
14045
38557
41173
40937
80852
93959
50985
17497
64905
10453
76
21757
67239
23348
78681
44380
32923
24198
58643
67606
2514
22391
21671
29515
96540
64452
28639
11479
4380
49734
61952
22029
33597
4887
66155
5278
29921
43175
52712
72610
69955
36199
65095
40183
1907
51396
14140
12495
72919
43395
51809
19285
7062
56206
81413
89897
57194
1474
71418
24178
65397
26688
90681
33255
71559
59404
84065
80060
30933
65007
35805
83988
28493
75379
44014
45965
10496
10578
41516
24325
83910
35059
76017
44311
16360
34366
44584
82414
59132
4905
64481
64743
48819
28706
89541
61732
12964
54704
88119
90621
96066
26326
21743
46268
18444
49405
57906
53268
85641
56184
30116
84032
81281
30542
8785
7758
40561
40460
34245
91547
39830
23775
76968
70856
78673
51008
5279
73494
29744
73717
73342
85804
67233
46986
78753
94734
72640
5612
98558
79668
10947
87616
2010
37667
75626
99213
46689
86546
10617
23260
25581
86120
13703
21248
88389
88161
35044
43416
66285
69526
17228
96726
88751
97143
133
3945
98244
39964
90499
80564
46584
28003
608
33224
81146
92863
45232
45296
36180
99685
42288
58201
59332
51390
53979
89316
35710
19352
96952
35696
31471
32970
21469
74398
16615
7933
35605
54454
79962
7853
5159
15181
91769
79506
40674
1350
89288
67876
35820
59443
69428
18959
78803
22456
48730
12675
35795
59004
33076
20876
16262
57071
82064
37278
49045
98059
42566
23342
69608
6511
23684
44931
27542
5109
93358
43878
97644
35035
64120
34766
37944
28131
50878
16031
4439
47305
55192
34365
51164
15488
69764
8384
35994
32806
77525
61118
31794
79182
61396
81335
93796
91760
50586
30029
40682
64989
20901
92567
88720
44620
54409
66417
91003
1014
76774
83776
21555
95364
13721
15808
5488
30505
24023
31738
43293
21231
67790
98896
60540
48049
1360
90960
37777
20992
68623
22354
74412
90849
2482
84338
16384
22179
46939
77633
15993
51729
18417
22021
76644
16933
54514
52175
86169
72825
31906
39025
82950
48728
4361
12912
86372
70846
46647
14286
81500
80555
30008
50815
75950
69528
83659
64139
55233
65102
14131
48774
83926
12271
18774
81677
35177
51538
81927
68788
65119
55901
40458
72322
31931
37409
10357
26962
8159
46091
93600
60429
25222
93498
95972
14686
73924
97711
943
67659
19697
76823
51120
66358
81684
68093
35988
64208
4968
165
36771
8453
48401
15628
67354
17568
11344
19223
90173
27125
8458
53714
45380
41837
30735
21369
76587
45359
77039
17700
77570
8518
4463
43684
59512
64475
58307
1971
41118
85810
45444
15764
75318
21863
60120
97948
63112
61007
39388
134
66434
23324
47773
50435
57305
77148
6093
81770
3720
90489
8961
92036
86453
68798
25625
92570
33464
45677
80734
58783
52994
45048
79065
76835
15425
17698
94357
35392
76596
93261
64480
25921
38331
30439
92959
80175
61927
63445
8387
8932
31085
88374
92973
56351
30067
54207
70900
59151
69441
98708
30178
79689
68912
53101
72603
86601
76666
47754
67379
85229
36702
41918
44734
40832
41607
65854
39603
42303
76039
465
2571
15
11107
45101
3246
30313
5964
89774
90020
64767
1361
5281
84482
76630
66664
48570
59592
10891
67819
8971
68597
58390
8953
41779
58404
43720
94877
20508
28576
71467
22039
69516
49715
9796
80430
20729
31608
53159
99070
85122
36221
40251
54747
82477
65916
88234
64760
16993
53337
72563
58675
40709
64015
51192
82362
37918
75063
72610
94597
61647
26171
92443
2129
7540
52690
57440
6297
54964
34624
66266
14072
71807
10068
73321
63262
69171
37752
73626
95220
47556
98136
82185
3900
92231
1330
14273
93688
72789
86332
40591
32385
99213
50119
3496
20067
8386
68443
97409
92725
996
1327
98940
63126
86802
21420
42180
51156
94028
33580
8514
77302
98858
39287
1853
46198
97341
49447
14231
44371
53647
86419
36711
4935
32494
66628
11437
88729
15239
42807
400
27420
42731
64462
41377
61540
22200
98416
29464
68694
25961
38141
16554
71248
1562
26018
66882
14099
88969
50402
55331
1013
26654
69854
43441
56539
14756
92846
30048
74180
97434
14215
96167
54983
76186
65672
20969
86868
36709
10116
16742
88277
47260
9368
49680
29740
72245
49194
18078
88517
41422
20675
9470
34077
40279
12970
89263
22559
14388
34941
93902
97381
21683
98827
32475
59937
42006
54059
37941
74885
17335
85323
21714
37605
14065
90699
82249
61091
29730
43501
16096
50858
55694
8614
62650
221
96570
53850
32982
56520
11821
73695
29194
17156
99990
99794
84723
93584
45894
68347
52029
29971
54237
56660
6793
66564
8447
95024
3643
64054
29155
24217
77660
30135
46585
39351
99089
55297
73347
16337
38071
29125
20271
59339
60078
57699
48304
5720
20475
50078
10345
98814
62182
45599
69623
46519
60538
73060
43193
62659
40123
52716
75114
88646
48096
15541
20608
91362
61893
30843
16408
13130
20442
20791
91981
19980
65542
45070
37150
92601
10828
52362
55862
83794
49703
87057
74085
11124
80436
54730
3660
82636
49656
49756
11054
12872
92644
51316
18626
23610
53680
27576
85042
31957
56543
94786
61530
59558
48107
60453
83697
25738
6012
79755
21861
298
89025
18441
15577
68084
49946
70583
42307
57623
31558
13051
22911
55339
48360
66787
16483
1762
28901
75146
41998
27795
19934
33530
56642
79177
77236
3034
6850
59506
29406
48276
64489
47141
60336
11196
32572
65884
78759
42900
48623
28263
54000
13872
89917
90267
46868
70015
29395
24008
32820
30299
12999
63762
1249
1220
76568
26739
8905
46104
21242
56739
62670
90379
56587
673
87032
81742
94676
5786
99409
1549
17813
59161
11123
36962
76348
89438
61973
5591
13309
59453
99901
68119
55920
50577
21894
58476
13952
16711
68490
81103
92169
38137
78052
66808
13878
72555
72806
70662
42270
73978
79145
20200
98373
26802
85193
65748
74273
77291
27914
69472
67717
48120
48830
32114
95848
33370
3345
69496
99044
74836
33864
21824
5985
11637
30130
26052
32399
42863
14215
86330
61421
32603
54102
83095
90065
35051
91135
68134
45862
96290
70144
1165
37708
73665
81261
87085
10378
79097
29620
6361
54694
71028
11354
12697
82808
64849
2360
72559
28132
13558
29522
89425
26685
24032
11061
69557
32163
87703
31005
48274
64979
59898
12696
1367
97580
25842
45931
16524
92779
90379
73638
90258
16341
72364
14746
46249
33232
74715
52546
87622
67885
15678
51208
96732
75434
54414
57048
31050
46427
74426
10074
77586
7040
73252
13315
52505
4708
97921
71530
63628
24341
97777
46409
13762
30117
54687
62251
60814
96646
15551
88318
49888
92897
15410
97024
13128
52123
10313
55284
56176
63867
31062
40516
375
46394
24047
9545
72051
53741
47336
23290
24412
33134
42462
44753
1931
55737
30011
48802
94819
94703
22542
32135
34811
32347
80627
33773
65029
92593
25193
57033
13396
59224
85791
84536
91587
36850
59594
46730
32835
45203
71137
26459
42599
15017
63537
6636
88449
83792
91822
75067
47916
88787
47228
40649
63962
38648
11423
14785
32661
90573
66270
92642
45141
43273
71996
97079
32878
44976
91359
25295
34621
94281
58574
52619
94252
32065
154
87913
51239
45604
11788
70771
69327
85186
48182
28777
62187
70780
23620
49198
90518
88335
74517
26080
88119
37871
27595
49322
65221
42029
19738
79203
13287
63119
53360
11678
68873
20878
58178
18233
79436
7641
83267
97008
89801
68663
26972
35280
12951
37045
9980
50722
69048
34458
64192
11432
60327
50427
88154
97787
99871
62661
59498
41964
42939
77249
86061
93029
32683
38222
76705
82183
38697
99443
56841
65659
47660
11408
66117
9679
33068
25807
39118
32745
80602
73128
12094
20655
4334
95191
61355
98979
65676
72820
5822
57014
74259
81465
82220
64803
65833
46394
70784
66785
19150
80046
71728
92478
63655
2712
4496
19552
41141
1797
31766
84174
56928
91173
11933
47316
42977
70375
85003
54367
53334
11095
1426
10992
97618
58245
46501
54984
49289
44311
24919
44157
81369
97715
36537
37801
38818
71803
12699
66420
28402
70000
77758
39181
1246
76513
10812
18429
42183
75972
70573
64357
33552
47625
98629
44570
34926
24321
35068
59650
1344
36260
14202
86844
13244
40660
81469
22404
88302
92597
74300
61930
37654
92876
64887
30872
29340
56302
10414
33453
19969
79954
92226
1197
74221
21417
21386
18348
19067
92131
52019
42076
63196
67595
57611
94187
55503
38389
27160
92326
31300
56758
70119
820
94907
13106
12201
10984
80061
1035
89618
43067
84232
24951
75282
69656
30236
91876
99050
28771
53297
23803
42484
32948
57289
36016
19444
26945
33042
52275
82588
39850
12307
26185
88712
19784
82873
76907
7810
78439
58746
6048
20411
9928
96065
59793
6068
30618
56370
12324
4394
21836
97061
45107
47140
26352
29425
36803
81732
83168
31212
2570
20114
91659
60975
3579
30011
64052
54574
65903
23072
10819
18377
68502
40460
40702
99408
69656
48356
64072
53805
89234
99409
36993
80934
92071
44184
93447
61723
34066
24615
64842
78544
27482
93886
39507
68358
93666
85854
38888
23062
86127
13336
2136
38356
62506
66524
84003
857
54484
24085
83738
11054
31054
82050
38701
39786
52458
8039
17713
28751
63090
66005
42582
82493
4338
61029
84359
74200
43780
58038
30121
42555
79359
30523
20213
61633
43535
4681
15516
4483
44842
96296
11459
78970
95427
10038
44633
95407
17323
52354
88441
69173
93525
46040
1871
88252
18483
80665
38756
51728
48242
74820
15106
49553
33547
20188
3804
90679
43704
24789
51392
64002
75734
67746
40277
89784
23681
25388
11560
11470
31780
60593
66701
70208
99934
84524
22647
66680
19535
61984
60253
69847
88765
44855
99783
51061
90630
49556
26510
56382
16016
14019
13194
424
61967
27585
82401
66364
84959
27639
81929
21522
11127
70870
37436
90733
79822
81290
34004
27286
12781
36951
52768
83077
49401
17357
9712
32667
66745
18558
97348
59550
49537
11449
31166
78199
52033
27156
17492
85264
43473
97740
59450
48945
65672
7983
90656
45705
37415
52470
22401
50782
9881
16905
43030
71260
18664
54854
98201
15004
45942
53593
78438
65179
70126
68739
14747
79449
93721
54215
38387
45921
69036
17736
83933
76612
58221
84494
92050
5703
63490
37417
53658
81501
13317
35170
41869
27898
14761
44505
51448
58523
85209
78687
67880
90942
31559
79729
19198
46661
9971
15838
42760
22752
53378
51752
83655
96425
55808
29792
42328
40632
20423
98170
87875
87504
79083
68239
3266
93349
41613
12985
18186
29727
90079
31045
41390
11839
71254
91712
36674
20582
43631
31277
35275
77166
86118
3836
40320
55520
4283
40515
67705
29523
88833
61345
3590
83348
79603
8732
33366
56438
94893
77449
34604
66551
36827
25522
65595
19780
26478
69500
12402
60306
30909
7651
6233
32026
60148
71393
56725
86603
42376
38504
81569
97401
3044
18171
63492
5452
36649
10403
18658
64945
97483
86432
66227
27167
15686
96543
61565
65630
72444
60093
69830
57169
69749
34848
45550
78634
33898
95002
65995
38838
24914
50995
10417
68698
40452
49446
22024
46405
74297
44087
47319
9700
49973
18504
38378
53735
20339
33104
18545
63184
72199
98938
37328
44528
87216
19640
29597
3838
29412
79403
87634
36368
14058
29426
78519
61280
24554
47389
26663
90009
54722
22766
26113
88712
11221
84560
71904
88238
18508
66618
91741
75503
57179
246
5461
40993
58777
12461
60217
4725
54844
57029
30550
71360
85155
71715
52785
34528
75257
86210
64570
21361
61420
71938
85665
34507
19801
50918
97212
43667
40312
78528
6030
98158
18705
2496
61470
26953
26366
30181
56179
43034
86840
31462
77790
84606
56007
42946
87588
74168
79818
31843
51709
34389
31228
95227
5364
79506
59612
28411
38693
44243
1942
22127
39948
12562
46514
32473
20878
35879
60526
61856
79302
83242
19772
89498
95387
82070
50334
67250
36762
63345
17900
26662
89812
32600
3504
33800
22276
13088
91848
4788
76531
34844
39135
77825
10201
94725
93285
60359
54485
23555
30096
67757
23394
35033
69833
92180
50673
12215
12896
16920
32198
77698
3540
26890
45180
49639
81499
53029
25311
52398
37326
95195
6632
61773
33127
10482
22146
28284
55229
49592
41972
29843
72778
61238
22274
52349
40119
26505
27633
48734
43394
21224
8354
88572
66441
78272
50233
68750
8943
78510
72998
40051
19453
77832
92598
86732
1446
4354
99774
99701
18261
18233
46874
33715
34698
58799
81306
36663
30612
73405
17199
40915
89688
30294
91655
19353
24827
60857
43814
45436
82829
44231
18629
75245
30208
3611
64727
90852
38546
50499
31625
16072
21308
96015
56590
94935
96359
74715
22055
42065
79688
78719
84857
33896
85221
21208
30598
33236
74208
95375
60651
39568
58052
220
92137
37998
22980
50783
6961
39255
45356
35528
53955
68444
92586
53561
88499
39227
93187
64258
64919
41104
98082
47352
91038
72000
85578
12966
96684
42659
1554
32629
22476
6918
11097
14452
93706
93050
63868
39999
56557
84633
88470
98321
67656
59202
68526
51290
30997
98663
29738
55103
3986
23102
33004
29511
74065
66019
57556
15229
94959
747
19504
59052
92288
73531
32564
45774
37628
3991
53920
40279
62475
5960
67808
1885
50538
31588
33228
91454
48143
88567
66789
73758
60672
3221
88491
55199
57992
53645
87843
67352
71512
1973
54393
36586
89144
85738
34583
19760
56843
34608
77755
24333
42333
9737
19149
4488
1164
6466
16102
81037
55560
3509
94882
48963
64736
7653
74583
59578
66807
1976
2997
70270
96088
38614
69473
3516
87326
70956
85527
7495
1736
68284
1770
45732
56513
83482
34030
8433
74526
48842
67118
44389
99966
12757
92603
52891
15669
58592
53065
88346
60109
83452
69286
12336
74197
48643
2957
35950
57988
93634
48438
7631
20043
54061
94317
53384
38816
81741
61695
41335
98014
80927
69006
78384
70818
37529
40922
56954
56867
89631
72621
29565
68361
44404
88160
18707
10651
68282
16270
35590
57348
95969
92620
87749
62122
77330
56839
89466
75784
24598
14586
69096
29702
64776
57728
11992
45924
30029
25396
10352
56172
23607
43657
81515
96627
98861
37430
58019
67135
12283
25166
67722
97552
85221
38143
68536
87707
17644
39091
35376
59501
64260
56701
71390
1684
25330
58284
26176
672
68346
91749
38908
38015
44760
59570
44684
2258
61339
55561
2643
39748
69631
34131
2343
7338
76536
73646
57896
58378
15751
17159
38640
46878
59218
63030
226
45675
57744
9728
65429
18592
90406
83462
79174
46329
93628
45966
55159
29303
16077
2794
25406
91765
98423
20254
85607
69493
59132
95797
82411
9171
20843
66999
71771
95927
37507
58665
29316
3998
24918
70265
58602
6427
88782
67080
150
73053
2814
14147
27768
85392
25963
30549
91817
58238
52227
92935
87096
58217
96385
5122
12332
79494
37045
90056
93424
33461
14287
82818
12900
74635
81068
4417
15152
80076
67706
31167
37170
52683
95227
29650
54051
43426
78773
13844
61355
45853
16722
49052
65632
71553
33319
43270
76992
6506
87012
88398
15925
11078
36914
90206
47300
46860
71255
82339
28185
64163
31233
56375
61779
56823
81790
23696
72903
64892
67384
12425
9368
29415
88119
42554
20387
81152
56690
47262
65419
72425
65270
34499
69315
62179
15873
9981
99906
48021
19260
31047
75439
75572
7332
29062
28131
18428
54835
28012
23709
93674
86436
6827
31054
12135
59516
5133
81721
58399
22143
5130
66188
22611
36704
25859
95276
76085
21978
29080
85758
39479
82508
78324
95534
40895
38181
93982
72172
54751
72966
76532
51680
2938
10581
18024
76730
89336
46190
35067
26412
32551
15356
8810
3078
63777
95640
1936
29946
31590
44683
2705
52292
92722
73444
8764
6696
77442
28297
7032
19293
76435
76071
22345
79757
99261
31471
13028
14111
41453
57220
3741
48875
23863
90923
44789
90173
50415
40677
99505
27116
47696
6257
30464
8360
43003
85706
47684
50973
22977
57857
16891
30643
67978
17555
99021
93802
99411
89050
4942
59839
48735
12846
50974
43122
79660
91933
87761
72964
14301
76118
282
36571
21248
59021
3840
81671
40196
58428
54030
78895
15051
24224
36994
27213
96654
6282
44059
4036
30019
84397
59552
26888
68797
75075
12586
34883
36441
47717
11052
30704
57874
47860
52736
52380
18471
10290
59056
95923
74469
54983
32790
95795
51998
71182
1607
64723
46004
86575
90752
41090
32154
47366
43667
67053
16194
43546
76859
75283
39381
72524
81960
8680
53851
71288
67954
89937
10859
16334
97831
38215
45844
79658
94551
91140
96635
11705
34730
18888
85336
55066
54248
18477
40906
70796
48336
37477
37685
64965
44660
6464
46067
34973
73141
64211
94941
80707
48937
34670
69574
42296
43510
6960
71878
74695
27840
36209
65933
30443
30835
37251
98757
88547
75431
6006
67872
78454
65921
22461
60534
58287
7463
40212
24661
28692
32663
17271
44236
34982
38431
43369
39867
69956
61024
42385
34010
75810
4836
88156
65941
88372
21110
3600
87868
3165
70102
94825
26044
32149
4809
88
77131
68477
90489
80571
65338
46383
64670
63432
57812
67740
74797
22881
59124
8687
90145
58778
42538
82206
36284
19130
49815
60910
77549
7004
51330
32048
22216
2344
24571
83445
74820
58785
16475
43823
34856
15820
98496
35765
96096
62260
43633
58765
14343
15296
21000
12774
77064
32318
79692
70540
36163
92869
42764
71527
87947
60711
75860
4771
1610
63498
41059
21958
4725
64567
96030
15432
20079
10298
12761
23424
87302
81305
82429
9794
7149
60643
8798
62951
28246
67587
27403
46538
84994
62143
5137
52968
54584
40703
25104
87811
81382
85733
58965
4507
85500
64100
68148
2866
56154
30421
1182
56731
24205
91421
30026
85404
53548
74258
57907
69866
89250
12763
82993
54844
37377
39272
95945
70780
53428
50585
97803
83454
46489
55457
21251
29138
60682
46144
93752
85675
41752
47743
93195
86232
51366
77275
12988
62998
28236
68089
51193
18989
30383
81237
71594
66084
26826
20490
68127
94188
43289
59530
88949
44924
5706
26421
82022
2643
5559
81639
69180
3503
35626
44553
76433
10940
6809
4579
23459
92157
58606
69424
12076
3332
76560
55821
54218
30162
36542
52128
99906
71122
63662
36225
27047
72745
22967
86302
15830
70199
3236
23460
28573
43264
71012
47058
75013
69056
783
75624
75558
18203
61442
35176
18000
12101
15473
15934
17603
78307
54914
32287
75811
18226
9870
64559
18040
68626
81902
20878
33761
48832
32081
46509
56219
27080
85350
69300
6172
69628
54918
72683
51491
47738
88559
80443
45093
27878
88932
75230
1990
57101
46212
35112
89833
27369
80096
66358
3059
34273
86684
27816
89458
76393
98868
97755
25110
1782
17580
78903
56678
84056
8700
82041
64433
27568
2579
92630
17782
19424
28263
22269
807
52162
86675
24126
87849
60492
58990
89537
28927
25074
95179
93976
67022
35733
41902
19682
84290
31816
10275
67953
71682
16364
53251
61353
49040
42363
38093
68320
77559
11193
8587
37088
49595
82784
3193
36332
53395
93573
4637
60225
13997
13515
87183
36408
74878
84776
73987
12861
78692
21271
73419
77037
1336
51851
17493
97480
73554
703
76548
13585
2638
60189
81631
1575
26768
55013
17711
14118
6325
10246
5005
6049
34227
98154
95436
87129
15592
69911
49310
86099
64959
66601
93467
32515
42768
43595
91630
6924
90795
32028
72534
71449
65810
65283
27214
20969
85006
46232
4508
53540
93252
18797
98890
23340
1700
22365
9167
31052
94863
79759
64501
44929
65823
84825
1040
78718
21631
2127
51266
97258
11133
87795
28496
2769
20559
13561
77145
67143
56681
88888
53030
2661
98890
83050
95349
45720
73764
8327
65162
8495
87063
23621
48691
25996
86271
2799
52579
19494
46570
25059
29923
67436
19805
12121
35485
31878
28833
44455
52801
29106
77873
49632
85847
70189
91561
5546
69812
80429
35961
58029
34347
42826
35873
71545
52572
75730
88583
69574
94314
5152
44889
2036
57627
40247
16427
72850
88785
74100
48535
80341
84384
70434
30038
90639
1687
25579
44357
41040
33038
40933
49702
23630
5455
50233
44690
26769
50703
86177
90427
11688
27380
69475
9466
22614
35410
75437
38760
7252
5917
14146
47030
5854
40791
59472
52985
99104
57131
4476
19956
55044
87717
23888
15375
41266
82518
77385
19515
79523
62618
68304
26936
40949
19872
85965
13142
97149
8617
68125
87840
40492
65912
87185
2547
73011
2140
35435
59130
83657
53204
81098
25640
34642
98450
83375
39301
13828
16997
65182
26459
60446
29569
32975
47100
30808
89146
40764
5284
19442
82947
73939
93240
88539
71688
91029
52393
63497
65324
78596
51660
42545
80476
91972
89301
3264
70195
91657
47428
81504
6673
4935
68043
29839
40029
72218
82242
37183
95095
37234
41078
1215
69992
69375
76905
75649
6676
55271
10793
5373
57115
34189
35623
73933
43223
6258
97902
2113
92872
45233
1891
53454
29203
26939
51533
48508
36417
1842
52769
87949
79498
35962
37092
56484
35122
9033
3153
20372
89213
38707
61977
50808
34631
14106
80298
31843
10161
77657
9330
3515
89787
54539
77427
78313
7342
16253
55048
21498
23138
5851
42537
67266
25799
69301
7864
79664
19886
77488
10803
10792
33790
1095
88940
51017
73915
87485
85280
12246
54830
73462
11410
90831
10563
33896
92904
51180
70702
37941
2794
73434
60300
35053
88922
24041
2520
30974
69724
24882
44931
18644
86891
88895
91967
52600
6264
97554
78264
49670
47726
2273
45343
95915
45321
1879
78772
9863
95827
27011
8167
69353
19418
87128
2830
44812
70604
7126
68658
76303
79412
54399
22165
88606
85934
21039
34773
18541
3476
4276
1896
61061
96968
86712
84263
66901
95296
88244
67558
38925
29970
28556
62177
3117
31677
55811
79046
4455
31954
12848
13089
72056
51570
79239
85432
55481
54268
64057
76683
22065
24247
21183
7738
75196
48044
16081
25133
28481
46304
12372
91142
11609
81402
91495
42345
66961
61920
96454
47844
87716
72179
75658
43243
75510
1002
29543
66752
7151
25179
11888
47749
1097
42581
2800
89072
32337
19080
84305
11072
13354
14897
1229
40991
86530
73327
96876
13501
35133
51227
62212
45450
61357
75795
43745
46843
95072
82406
80652
3502
14477
34073
37447
86908
77141
24926
96077
42292
59319
98840
56111
4615
41885
36225
35692
63284
34481
53688
31947
45666
72773
20873
99603
81014
44290
62249
93576
48682
39427
53888
27139
44987
71286
24626
54543
63638
94388
86490
1087
76914
21214
58623
15463
32068
48342
52260
35319
53512
68815
58669
31042
72438
93039
66702
37923
82120
33609
28831
8826
42332
77513
19436
37966
49612
79812
38769
67734
46897
54860
9002
55128
56955
57080
68680
12750
37856
1664
66042
35315
48618
47395
57361
54899
74950
1127
5741
66822
8224
16960
55860
25505
82076
94360
68225
82450
89423
97656
1095
68084
74981
87212
90477
58118
39322
58213
39654
47882
26787
54698
89980
95262
29865
42336
18671
61078
99796
86346
9092
9888
56812
10856
23643
85387
20220
19146
15396
88180
66055
22287
67617
68391
29082
2791
13080
20407
43864
93569
26765
48582
55570
2505
83187
80967
77015
67792
64930
86252
2505
32419
16018
26434
2959
30402
36595
29265
63048
30827
66287
50982
71136
49056
51615
60441
28773
7336
35190
7418
80152
74961
11874
24288
23277
81129
53443
67541
21764
34784
86889
9620
26324
23715
49814
69356
48444
95610
2821
20305
55267
40986
64793
13909
47154
48486
17876
44971
88836
45648
73526
40345
45594
22574
40808
36521
68857
23016
41755
75571
87317
47251
67416
70367
37804
80285
93475
33575
55884
280
16057
41239
49777
82648
84027
9331
75870
36873
29312
61279
26532
56764
40012
49715
29805
42591
81699
61872
22853
80553
33363
58683
65112
88091
57984
8340
6550
41832
17087
22282
40978
77414
7537
41496
95515
97779
84724
58918
12494
30474
90034
92918
49717
9609
50011
85757
93764
73588
67475
42049
71952
68045
10455
33035
81886
25373
12736
76584
48190
17692
28054
70595
10554
51393
40595
67046
86105
33592
29412
22437
54106
14938
85634
78422
94038
22127
42860
67733
33486
93989
48729
38275
46565
71269
36920
31066
21468
15275
61951
13417
87606
65604
94706
7530
83541
12085
9814
41816
74609
92737
65242
92020
99570
93419
84694
48201
44541
11216
24544
3505
167
30836
90729
57445
65986
31382
64117
95884
41982
3580
52263
44763
53667
36319
94461
40157
29182
26593
89584
709
56130
53917
66526
77552
86944
29713
26628
66029
88562
50643
37372
93250
58924
65926
60820
40480
90869
41593
97792
47540
78000
1953
73106
47245
83197
13997
40993
14574
44663
10196
64637
28390
39129
83816
86322
19736
89262
79847
67198
26083
52413
12105
67140
16376
54429
7532
54747
3926
99613
11802
71039
58878
4028
31538
56779
59849
56731
66666
88758
13212
22161
22752
28232
45425
12392
15287
80661
69943
82535
76067
31881
80296
57634
48644
22102
37771
97177
16332
71839
28818
20954
18507
20389
15900
84398
97809
57927
28107
61726
54375
41142
38679
66934
50651
27551
92256
62377
49652
55406
94999
95343
8148
3132
63843
24572
47956
66322
15494
49046
70793
26970
17948
8563
1373
39788
28378
31181
94934
28593
21267
94245
60558
50967
29049
65070
19631
31527
22428
33435
83800
13562
62157
40804
61321
59714
69009
27977
20669
81804
42919
83759
89571
55354
44945
62804
28282
17793
64918
30957
84412
93798
68446
80551
37130
82050
21582
4357
61413
14064
43277
64271
17007
60962
52482
13553
6821
63538
26355
85850
23511
82425
77405
5947
91239
83016
29950
28609
28311
92150
62820
79664
75472
16539
38979
72230
45249
59615
21599
41512
52881
79616
14888
72137
59685
78496
34078
66215
66888
52563
76044
8050
35205
20534
9661
71241
24586
71610
55315
33631
76898
87257
53469
47643
47130
6409
58494
88312
64237
994
94001
63436
68877
70396
92185
20676
37527
28411
64993
8890
9215
14728
23534
98010
10074
17274
26499
82322
71112
23160
10524
77717
80981
78619
99244
59382
32006
43781
24589
47110
12217
50289
85001
63533
46667
7484
99482
16913
56897
39789
861
89088
1707
3369
80338
55803
22479
34134
62934
27997
71556
25414
61728
81210
80521
7582
51433
11534
1777
43499
59717
17579
90248
40727
63108
50629
71266
93721
69920
45477
39611
33591
83448
39585
34957
36156
7957
99909
90414
94792
32977
39946
88362
87374
35427
56659
537
29862
16343
40156
32205
57487
65399
94523
90997
4887
44061
65051
56982
86909
5541
42317
63969
53384
43230
78500
8369
77632
72954
8850
23673
89864
60349
37898
15500
40920
59324
22513
21049
48503
20210
8821
17501
17625
61967
13385
14487
49474
56332
67537
24897
59842
53595
81144
24074
79389
50947
79888
25880
65355
89386
98647
60296
10332
83886
8429
2434
21272
60613
67098
41855
31862
21352
43944
59010
74812
65618
1941
37750
88210
67621
64125
95852
45258
81352
85607
60939
10690
40871
2083
83342
28486
52386
18666
84463
54383
86218
45941
34329
2840
56619
41768
58577
91933
10023
39115
88429
96240
60572
33768
57138
22206
5751
36537
58489
56015
54174
53970
92782
80802
98492
94300
21668
4280
72567
49130
93871
41871
52915
73492
2266
51307
27835
80167
79680
75826
12645
56686
8674
11467
36601
3886
28433
66476
80133
51095
86931
75004
18594
56176
94156
96208
66504
44183
72364
88252
79145
53155
57978
80150
98613
74953
65920
85845
85797
22693
66054
2693
93928
90554
4656
84413
59309
77101
6281
22939
79507
35561
45827
83534
93724
40963
63173
4150
7104
38788
24445
93553
96496
67594
85429
11410
96959
98198
2359
14427
97170
56995
83301
79194
80499
36497
35043
35876
60930
74242
77255
15530
99018
16252
82210
89023
84338
68728
98001
15755
55248
49313
13374
49049
73612
64424
24438
84863
83704
32060
60990
84209
93316
44282
66005
32905
60177
79560
21589
94890
38211
20732
15427
80054
31522
95822
64529
58778
94652
17490
81953
16389
45625
37120
10661
66505
85229
13447
35516
23228
97423
91869
97938
42380
621
54646
30446
68026
99615
80121
33812
13322
92791
41697
30915
15118
93859
99454
1783
73656
93676
85712
60676
96395
72009
76527
49912
71576
93561
36278
31303
27615
61427
37914
41381
7951
76613
83763
31888
4023
63134
2523
95784
30986
45124
26399
59525
9853
84710
20278
69199
94450
91659
61815
76388
43318
83483
51322
64775
87398
8024
77766
46122
14286
56795
5519
65256
79709
18128
76164
42300
6505
94804
71695
69248
96170
66112
88525
1327
33248
15458
72717
29334
46140
30378
82632
30545
45847
50687
38965
10059
96290
2271
97640
66298
38592
447
6101
95042
78007
44330
60161
86982
12156
32706
42959
5622
26846
88983
11061
56248
4386
97444
68326
29449
28145
91266
18734
76134
38907
38996
30208
40950
14303
51056
22117
34864
88707
99242
38273
6821
15390
69137
56926
94852
79103
67309
9858
30599
92385
81208
76707
16624
10399
12710
9868
11069
7240
40695
49766
56934
50137
50470
8232
87275
97967
1837
83469
12655
93213
61747
33851
17378
44199
91333
81676
91266
30151
96715
77990
14544
76881
38564
55696
62838
5731
12152
71298
12229
72351
51022
61872
85970
8056
63888
85765
7731
18375
89626
31401
47574
65443
45042
90845
53968
63212
91396
31266
38569
34811
66859
21015
60869
54815
20809
15140
53976
10017
65966
49814
26785
4689
56681
88365
27412
61046
93374
78507
38630
72367
56216
41684
82981
66922
94284
62897
42906
66865
81428
4324
33452
38206
15026
66829
8282
99945
63082
95410
57656
42594
35808
40607
20584
29399
83031
26330
26600
99287
48820
90673
87504
29848
9117
82120
60834
36002
41644
5755
59710
53803
72265
29727
34438
10140
32473
55076
6597
6110
91520
7670
39695
40680
54712
61763
99940
74543
69761
50396
7017
1119
53920
50928
32444
34168
73501
46889
43151
37845
3650
14
51633
94144
42337
24179
40000
380
2054
33546
94688
17890
49780
34092
27987
84564
76919
65319
11684
61643
78182
37393
91050
53428
51748
14511
11785
45732
76234
55439
5827
46328
76659
7874
439
93925
81685
29760
8217
23950
89377
62850
87189
32199
18727
5822
80694
71699
36243
57610
18816
58747
88659
59282
62986
73699
99210
71262
96263
66750
67645
75663
48533
68303
73647
1892
44462
10742
80405
29829
24296
49340
40339
63108
10326
91768
83728
55612
67755
70881
19200
42238
91474
78559
19087
5088
91607
49628
13728
30578
89853
81861
34253
77940
51572
44848
10006
86715
89646
23623
65508
38410
43337
73784
17224
37142
47040
85802
53355
20231
68256
82248
6819
97503
28093
40093
73749
50780
34955
44428
43937
88600
18606
4887
18813
16010
36941
98074
361
81655
6151
81289
5258
9226
39550
12872
60007
63140
49911
53849
15489
52213
78254
79755
9831
87254
20295
29722
47190
68659
24628
61202
277
95352
10671
28277
93234
91196
61065
64795
64251
8502
36816
24997
63007
85844
11636
2196
7913
49740
7051
91921
6178
2971
59846
63351
62477
91990
19856
85340
40991
36520
83770
64706
61143
48534
30562
77565
32404
80339
8494
91328
84530
40688
10960
64258
95886
77148
47111
60880
49652
12745
11251
42717
99487
4125
10555
14595
67712
23792
18080
77365
45678
17295
29298
24548
90450
21042
21511
8585
1388
96542
6660
54137
82186
46053
82128
49515
5342
57648
28961
29035
24025
54449
92875
33008
7738
60163
83342
95797
74876
25400
80596
22745
76154
29245
43583
29978
76440
33901
64346
74381
27907
54784
64491
98659
55763
9104
82397
56910
88765
28936
2884
72051
29608
65063
33504
43433
61023
85753
38963
99985
20088
19868
10548
34896
44182
67315
72682
48539
79486
64039
91044
16693
52571
72572
70529
18775
17346
39991
67273
6836
35841
79319
51789
94878
50010
50748
1456
17405
80547
17619
76528
87396
44045
39917
73085
41560
57364
68607
77590
75191
67720
20280
58013
66104
34093
82665
96219
2452
26105
10421
68809
43248
58522
23352
23725
99403
23491
27903
32369
25921
70115
90322
97662
31395
29447
1633
12947
83593
1226
27003
61619
20607
6542
98784
88263
39325
46213
39797
72306
50339
37338
24567
44552
73431
33240
32781
73666
51889
24588
40898
34892
53357
34807
34038
33315
64189
87915
83597
64794
69093
2482
2877
33389
67377
75858
5190
95835
47969
82763
23708
52710
60856
32468
45791
70580
13716
59071
28686
99212
5909
34581
36113
7905
65383
28520
55736
21195
32289
9270
12569
70844
27434
60980
86916
26945
23210
77492
9965
66254
72760
82274
54529
94325
43980
98034
99938
86817
97135
50018
74571
82386
11144
62102
44371
50285
85637
18159
97725
96412
19676
28077
67304
60505
93418
65627
18193
84863
24518
13177
86510
32804
51257
58
85582
19489
10170
68375
7114
61056
29871
40322
56677
30780
20012
73801
14673
24245
30823
5558
88478
38992
72100
91922
74092
12270
16372
80852
49488
97651
71294
39692
37202
18139
79235
97238
48199
13097
57031
48772
70740
62360
34091
88293
8529
95923
85339
92447
88566
47822
85219
55106
30999
11226
25382
75690
4370
61863
49664
77620
52935
63897
59279
99173
28357
1747
2671
36566
15624
11988
68649
43964
51670
14284
25039
22654
27815
20729
72871
1764
86864
55961
32267
46065
21086
89687
42051
48733
55201
40365
59930
24617
7603
81817
19239
22351
16726
89877
99985
30510
19756
41075
8282
31140
69898
63518
32677
24615
98731
47368
49114
92593
94132
29803
32581
75835
74471
19876
48050
43940
70366
44027
63800
69932
7144
77376
88269
97944
78757
47356
28939
13208
53853
26756
47223
57540
29021
25295
8344
45486
32967
85245
24115
27070
39308
21010
35847
93619
63458
52583
83426
22395
1160
4855
8354
62953
39080
79677
65378
63498
19096
7057
94465
71195
45580
43129
24166
50215
33769
59485
516
87752
67151
1920
64444
80873
95897
77142
19040
4374
353
26762
47133
54203
92776
44115
55225
63446
54893
647
5652
30466
72152
18452
83713
80416
76268
99387
20207
7358
41381
30477
36393
32590
51489
72151
19096
44730
25927
11890
48611
97043
47297
84198
84936
50090
56894
88744
39578
53921
55312
88436
63356
66122
7887
29124
37995
25174
54099
38051
50194
51154
56385
837
89976
30229
24171
21267
31396
58406
21170
43296
84035
24042
36152
72954
24356
2685
15285
14374
45712
61451
61750
5053
43665
94134
39535
28167
66528
70114
36732
43788
62910
57628
5666
78095
34679
77064
5561
48677
77528
54492
21420
90163
27820
27179
4673
89953
35353
67598
89541
65557
45680
19929
32187
41631
80065
51578
99445
31509
32350
21236
63565
86499
4370
30376
68708
6948
70375
93752
93956
32535
91966
49858
98540
67544
94465
34875
59700
34644
22344
98929
86111
6573
83330
10179
38004
47318
13605
99946
30236
91735
83105
90907
48862
85556
69828
26121
45610
2424
62793
41029
2846
3514
562
97979
3487
39198
95219
95049
14033
28140
21124
40456
12482
21361
17421
73856
28443
242
67047
65953
63472
73684
40472
85826
30847
82559
59153
43460
40803
56291
95866
25914
32630
7708
18134
1084
89245
7420
64222
84754
97548
66536
78749
69184
61806
12364
72955
71532
4536
15833
14793
54504
74783
28278
81004
30705
43247
19325
69814
46673
93709
52730
48899
20451
52557
37168
60787
49558
73087
82703
36826
53266
36399
26420
15356
19310
10444
31241
53125
25647
67832
18520
76516
35462
23123
51869
59224
53018
21105
59205
85972
3170
13760
16015
40639
6933
1580
8990
4522
60854
68711
84048
76446
20313
88848
12141
83689
88477
42452
24325
2520
8818
3187
40351
92762
57857
49576
17135
80087
91052
66304
22046
58383
26247
10353
31848
87378
28064
55217
11219
32804
66588
22071
45536
69176
62699
50901
6169
5082
52861
31055
13712
48572
30514
49405
29522
18327
78592
732
5128
47937
70134
33458
34590
19512
87761
58978
15024
28219
54906
46000
94181
62153
59032
39946
61156
71796
11965
85194
31081
75681
25561
14521
2491
9248
38465
46891
35587
8166
25406
4978
82378
31052
86000
51656
11914
35029
18766
2990
70948
73018
17704
29666
73193
19584
14625
16824
27991
40639
31306
82264
26315
21871
81947
98642
84530
41982
89271
49447
77558
3639
63860
82819
94641
29875
43529
24791
4116
8288
8259
38398
14789
26487
63680
37945
34441
96089
41980
19862
16661
8630
97828
66574
24026
51250
36113
42342
20322
27369
93052
63605
94369
39420
11082
30803
43954
44962
59810
52872
93074
63719
28605
71367
19494
31835
2867
291
47757
92642
54738
99424
87749
12542
96197
28812
83336
98108
96284
85418
38138
9923
31714
99250
91173
62160
44675
96260
71676
48098
74946
61393
87647
44932
87722
62058
1148
83136
98416
62858
57864
84223
72892
93445
70630
58083
44915
5353
13657
67866
47983
45582
23551
64303
35350
34544
10591
3709
63425
53450
4767
40427
21061
11896
70350
45265
9795
84152
56083
94245
54776
64440
81951
67877
58432
91665
39135
83590
90939
85044
81355
57252
89424
36733
53892
24894
32171
61078
55196
94300
17013
85168
93016
11792
12109
7535
84586
56067
83097
3487
51471
47811
2658
3511
35853
57642
44542
89262
26636
2467
6294
64998
31080
9652
30913
93443
44698
79108
54137
26234
47289
88219
80227
69813
1183
76538
21685
91962
19500
24483
55697
12821
42596
67114
11049
72535
54594
46378
10101
3050
41289
88329
2693
5864
55073
72430
59100
55537
76966
43162
6910
2844
22466
47689
46978
40976
2726
1062
43603
22985
69441
30844
61320
39147
1192
74228
26245
10545
78702
3078
32409
9080
71215
37916
51225
86226
59398
46285
54320
5840
93011
66466
40205
46426
93548
83257
73241
33908
87259
43706
6432
65289
34580
74947
7940
1035
78503
45458
8940
64767
15915
6858
45619
94218
13942
29242
93047
61687
41157
53751
53602
37500
84809
54734
60626
67706
38462
66936
44100
92046
78926
76448
63243
51177
64906
41333
23626
80967
22750
34718
67870
76440
24471
9610
42107
82748
83517
56750
26780
36837
65035
25925
10739
20311
54993
38119
11759
86902
53368
64259
67035
40228
54960
67866
32361
80224
26030
50661
44161
8906
33062
16899
94599
71930
88347
1478
25347
49580
19439
95296
84197
57886
72467
4792
40126
92952
71584
94688
17216
94890
34867
34279
909
59633
9351
97680
94206
47141
18079
42095
7890
90228
53827
88176
32960
82850
35899
97850
17014
15059
59870
71115
51247
29540
43555
5420
18537
48974
93424
50348
57976
66528
27630
42790
34089
54003
2742
99188
17626
76765
64518
35123
21327
59667
89562
93920
13914
65354
71005
55230
59649
20944
3008
47181
63580
34187
92351
52626
10090
25734
88095
77498
97659
55066
22579
2029
7552
30402
58122
14946
44879
18881
34286
66234
33971
58768
5410
89344
16758
75429
82470
9985
78274
58196
75908
362
73057
85538
35078
29273
30430
72786
1164
58315
35890
47511
36150
23792
90478
41792
39487
11066
93868
53415
80396
51321
51940
68740
16521
8602
64157
58258
64766
26147
9695
63869
60453
13420
39249
5564
81627
94272
66358
49516
34409
58793
18659
3911
45666
44527
88054
57986
73890
1462
57627
90138
31396
76711
10488
92505
86902
54988
28404
92466
73587
35216
39106
32480
4377
97
5192
7165
4368
96711
5195
47075
77103
80403
7296
4366
67945
38031
12543
14676
94350
36703
39248
20899
65510
84075
73442
56450
23613
16471
63004
48978
28792
77975
45679
96418
33229
73319
17362
66853
77784
92586
20065
92580
7653
44286
81071
16441
29549
23073
24742
92340
10366
26392
46667
80446
12449
30272
4930
25377
36516
77244
40983
23351
57145
71255
71327
46072
61924
14304
13680
32179
53716
11757
5764
44291
47261
83580
98014
45631
99339
53326
13884
80457
10806
39768
45297
19325
77419
70894
26602
84759
3433
414
43555
96608
44024
9776
87140
80592
60497
33444
34197
32936
45345
22898
16252
39211
5630
94927
34987
30576
5387
86282
55976
81450
45522
43288
80819
84201
83232
10428
2237
89819
24821
11352
67678
88518
68449
83627
21708
13094
88607
81348
1466
28897
39076
80710
94592
11953
82622
82177
24235
27666
61733
56201
63484
55152
87638
80299
71374
8169
32102
18328
68703
49056
18553
10707
91126
29769
81986
56660
85966
46908
72731
40182
70107
5120
23882
1928
12148
33518
87900
27511
960
22984
55236
8660
38219
66686
12276
62501
47027
35226
87947
9298
38280
80624
893
50997
8246
35664
93606
29516
65026
15175
36205
77681
74723
38030
88800
15858
14221
66825
2898
23836
17317
40442
17260
45038
81367
88677
5085
70842
66416
98126
15983
92262
48538
93124
67749
68296
83283
10556
31865
52560
65765
34447
21017
83960
89652
49970
65874
40058
55897
12199
77729
83849
3091
95376
88329
9758
44310
94630
68661
27903
46810
33925
19996
57156
5485
23081
95133
7638
42385
61734
68411
21964
87218
49574
62046
60598
5307
75908
91091
72562
58779
17669
66421
38356
62098
56107
40252
20216
55001
18179
98493
87921
60988
90125
23738
76916
59186
24367
3479
19448
94242
58262
77760
54747
68822
38309
36935
98911
36698
57084
88085
27126
60324
58587
22043
72906
51293
2460
70026
48060
35545
7924
91675
90703
98274
68938
78781
62495
5320
42569
23605
69
13112
36696
85400
14060
45621
72926
54712
44981
88604
26888
90587
3299
97179
69185
42910
84012
25626
80658
37439
38501
28168
9993
77350
67616
75544
70299
6771
8818
16376
46706
19306
13553
7970
45745
29706
7117
28207
75663
16418
95208
4966
79980
88562
21513
20088
9614
3173
7590
70981
91984
67763
97682
88813
66794
28638
24265
97092
69217
48029
63480
23695
13407
84214
6855
37867
11673
18673
57510
11932
5280
91973
46846
3314
37973
56821
69626
69247
24367
92352
32402
99967
29861
21022
98026
33217
13589
86932
43437
10294
6725
7955
53147
40880
57991
53653
75811
28221
47506
21362
27768
92523
48867
87811
34184
79211
15766
8852
28661
76640
88456
86088
22450
85965
53424
62169
59970
4601
28373
95040
10211
81102
91812
6633
72229
71657
98909
40852
75386
65701
99530
72186
82520
66559
1560
63752
24476
82700
75544
77153
22349
42172
80458
77479
9728
53638
14790
16704
95709
48797
82120
90019
69798
30012
97707
1211
55823
15852
32745
3472
86509
28731
94069
95141
121
21615
84970
36680
64039
82009
31355
94889
34518
30119
71239
58450
53011
23381
40636
87736
45811
37486
56915
60258
66043
56152
13950
65907
7699
38215
47644
47213
79121
79303
45100
6794
28519
2214
43258
49188
70497
11026
78474
670
46438
30924
60086
24300
19045
50543
22929
67838
25577
46343
11623
14709
95398
8460
7919
8220
34457
82635
38767
53129
22016
93014
22229
33720
5421
16436
98656
63316
78117
16283
87232
810
53697
55168
81016
16059
48333
22959
24219
1006
54874
77613
56803
35932
2189
36805
78864
33535
92806
64541
17635
10000
32239
16411
76079
39266
89457
77110
6809
19427
56868
33495
5000
71167
2370
66969
55879
31920
48664
16413
15097
6151
25543
29230
75737
37082
94206
31954
36326
73000
52393
72207
41810
9576
10724
90988
88092
68392
24866
83296
92600
37913
83548
70604
10371
67323
49804
5366
52893
75504
98437
97479
49695
96732
62906
51600
20029
17672
85807
89119
22001
47807
43276
80000
73466
58977
63960
44093
47930
84696
45920
21545
3766
29042
63473
32637
85070
22190
4662
99534
4650
91634
89824
99613
61267
21180
72858
59515
72307
57859
63280
71888
85815
75318
91702
41787
29281
20361
81377
42510
83608
84698
26885
54528
64622
49724
88500
20910
3684
97044
3571
99681
30797
91427
28946
82967
94991
66950
53512
18571
10630
90958
9375
92850
45647
44874
69866
35382
53244
64229
6560
60988
99290
15620
89478
95610
41204
54130
8907
42149
55059
19159
65734
48561
30105
96498
18191
14166
18353
34047
81487
99397
13192
90325
35727
54140
80360
82817
95613
37582
35887
32324
33586
97213
79555
15096
34512
85989
94539
74400
31842
11089
44103
49376
68855
53477
2994
14597
38617
56928
7570
89472
68379
43739
69073
55159
17630
75914
37308
47489
57494
37826
67619
82088
52853
59900
92206
62651
87063
37125
3532
94204
81923
51696
43062
24875
97991
58935
85831
26110
29757
92165
12399
84923
92791
99148
75733
61345
81493
91562
81295
86093
24043
96674
68635
33329
7531
52742
73325
40182
96232
31697
68696
86385
24746
22124
77261
82204
80380
17694
83468
87122
76217
89176
2474
83066
67384
14112
61724
96345
94591
72158
302
12091
72562
91805
44378
2536
20742
30939
24544
70720
21236
33444
95349
30694
21174
70670
13904
50032
42298
81834
31517
57544
82941
93810
98875
62178
53844
10530
2963
34466
93401
5670
20997
11430
8202
60899
49805
7214
69561
23114
7605
51518
98031
49077
61730
14472
62919
83477
25376
96554
2215
40277
30242
23857
25795
83318
89875
59779
77291
28148
70753
3063
45976
48334
96479
25594
12007
11200
46225
59994
78488
47009
13174
59097
143
21892
80215
76508
39122
21173
36627
2819
33932
25040
55186
47635
91873
35123
35101
17842
4743
54191
67442
30440
69923
84346
12659
93507
33870
47660
97265
70913
87503
70312
14942
80486
6888
21052
74971
82462
23625
26234
2793
81022
11569
76353
22998
76057
344
1150
30628
66182
27568
97695
2467
86991
26801
62689
46942
93302
16503
7066
8307
89062
58623
50921
11724
41395
26349
11667
67642
40028
65031
58084
51164
51887
43420
79483
54848
55792
76287
18841
56639
42464
14945
95714
10410
50824
39885
25516
21839
53286
60029
158
64873
66379
51387
12820
29160
65757
86339
38568
49760
15480
76574
21794
69751
61969
74151
5675
78717
43677
71002
28155
56330
14863
28615
59803
89184
98149
92065
70312
25837
80579
68715
49417
9094
31389
40241
30260
90909
41053
95988
37469
45229
16711
88768
86520
45641
85959
71901
22307
10949
54547
8174
29279
69557
52331
13968
28539
73478
7968
85700
12218
21624
43403
83975
30466
12575
73928
55462
76852
61391
43427
99043
19690
44389
9830
26347
18906
48449
25387
52125
17800
28873
89910
28983
21388
1637
78160
3813
16434
91834
12476
20336
85990
24537
42312
54464
28671
98175
90295
11372
40147
92239
83140
4397
13247
37270
25231
87061
88170
79446
57829
26902
19132
9256
27680
59452
63864
6099
38131
63059
17342
6354
24835
5934
68377
59861
97355
11301
71501
12895
32759
75898
27496
16462
80314
73973
98657
66868
43880
46108
17443
64197
79590
33588
6415
23132
33408
85647
58942
14496
17032
43169
96192
67224
81494
95490
24693
68539
48036
88624
57447
36858
96682
89402
80523
16725
30567
92884
80661
85538
81746
99206
22885
81699
51806
30584
87404
84918
89795
77110
17802
91415
89502
16931
65231
59485
92517
82101
42213
95870
82042
50675
14887
51607
45837
70134
73325
6297
30688
93240
1322
39018
71214
44384
96573
76125
95627
87657
15025
67708
81697
97120
43780
26140
10122
94667
59776
96317
88166
57314
58659
34083
39936
56301
56816
95655
68811
74606
38989
5259
25951
99803
58009
76376
2809
92251
39745
8923
49819
10796
5609
74327
40734
72910
5376
77530
9773
60276
77401
76770
84321
29507
75074
12292
60626
87123
68063
15875
32733
55962
61817
86880
80514
50200
9057
74675
26548
72649
29830
77947
98850
64312
7822
73519
77526
15116
41843
71668
11804
8676
32233
90995
70945
55859
34028
84612
89474
86483
37675
68408
60901
32005
72588
89636
43930
62071
4109
62055
18580
78393
609
90133
63355
96769
10832
71336
26813
88351
58129
51389
70605
4158
55757
3739
39940
11538
26618
15808
59068
36722
77244
27936
81805
45304
86812
45115
98827
54179
16148
17437
36486
42995
58697
50874
86272
4742
88952
69702
95326
82008
24201
35595
77729
15350
32171
29676
2834
57002
17080
27940
68735
34426
70940
82136
40737
52173
21977
18302
48455
9031
67940
48344
56017
34757
62948
70243
37764
13631
73214
84500
51140
57636
80517
7926
59829
4510
25703
90674
20510
9249
50579
15549
27978
43270
1096
36536
32824
97340
36691
44875
37315
41952
14078
65030
76373
53257
65664
18325
61452
69346
55102
11068
30528
88366
37211
66853
13504
68474
59088
46609
17092
10436
49127
52078
36180
29587
54080
55062
16357
75788
44921
14791
1121
15006
78197
86068
67151
90258
94425
6219
4910
80546
55871
37823
25998
56041
85926
45396
31769
70288
48758
6706
75396
80985
49806
36526
10349
95972
88930
47718
80031
54847
28295
32462
26967
6910
62129
50604
97851
55243
42597
2942
37704
58367
15368
81548
85434
96269
25617
73164
5894
23189
93028
63267
18828
54959
34220
86311
83253
63628
38802
79499
71307
63548
89253
1227
82098
94867
12492
81392
48321
47115
84635
7860
9669
75392
85087
20213
74261
58198
76464
26501
79920
62137
45507
19728
41568
58526
76376
73470
73000
87662
49793
78
59184
7589
75158
50229
21744
64474
19471
27147
39598
39113
36731
69529
61930
84234
99882
72699
85039
89070
57889
46436
45526
46233
90941
9453
55908
69963
30831
92723
19722
16417
30591
8658
56840
27143
61570
28238
86412
79431
18201
28139
21815
73821
63952
74886
6296
63325
4130
83930
2951
96513
46197
2910
28605
72270
37605
90395
49650
24487
50289
91688
80377
51699
12348
69150
36010
97552
32928
68435
23794
58230
53775
45024
79603
24003
95692
50127
12507
41113
63898
80307
51364
33857
79227
51889
23368
18619
96638
49470
8669
19364
55334
87357
84552
22030
69044
70004
84166
62645
58088
60583
87375
73718
11624
70185
92979
95952
21971
52887
46623
20089
83036
20992
54748
74189
41138
90753
57321
61384
53974
78348
26700
97794
28808
21725
37990
17870
4940
54544
49912
8927
4984
98072
46232
95478
60765
66336
56809
54942
62715
92936
96426
10370
62421
33196
88670
79252
11612
80536
57749
12598
23887
4177
3161
45674
22152
68692
2887
80396
22521
79132
31537
41489
24358
29411
32860
13879
16853
73485
9035
12767
40922
44797
3568
79477
56515
6725
39084
15434
43741
90345
37022
88635
7352
26045
45657
71597
14115
14435
68766
16579
96559
82513
71554
32292
35448
33603
91189
5703
93295
46742
81021
90788
61290
35844
27206
28028
98017
43330
73029
51281
86682
27628
97199
88235
74696
33308
22566
73946
6502
24958
90946
75146
64855
979
32036
85211
71436
34201
74586
20436
1810
73794
41231
66460
67527
24208
98453
8473
80422
99455
89868
54062
94460
1674
56605
1835
45405
83457
41358
24449
61206
22334
47213
13219
84228
59638
30989
53029
94962
73542
6968
66220
70707
70294
99970
8342
5790
72303
20201
32016
9605
12730
42977
16238
39225
34644
79610
22292
90653
92992
47627
25102
52429
49929
84156
2641
25564
61499
37038
49099
38290
20254
51646
41902
36243
30508
44752
500
90317
5560
89183
4087
84646
63480
12500
94872
35148
27701
55334
10354
68302
98068
41576
79906
74271
34986
15761
51281
6631
12223
89647
19497
88674
2796
53650
61327
55588
90309
97035
3785
90415
63392
29967
96408
55746
85721
94737
92835
5136
62504
21499
18099
46435
7184
47161
8043
64826
55810
80900
59084
93739
8291
63579
90493
16817
77919
13925
3153
82462
34401
46032
61666
9161
77269
86324
34917
3995
50886
7750
15903
62474
99115
42543
79448
19821
98730
74256
40707
33643
11425
11708
382
82988
11114
76762
77280
11891
77061
25800
82934
81023
95162
35524
31621
12513
51186
46836
28788
6728
9467
32643
76084
91943
16129
21498
98487
72638
86660
38944
161
84511
98132
58852
16772
8906
95517
43212
26531
93779
63680
55979
16951
77430
88921
59042
46985
60135
12334
89227
95729
37862
85956
27362
74985
85704
83688
45053
32342
60704
430
82278
7803
72938
13792
37249
30298
13336
80583
93135
74901
14005
7180
77843
56645
14790
35085
46486
26604
47821
54203
49186
15231
17863
88
29770
37221
23021
43637
2610
25447
74075
35111
78786
40835
17736
87533
98961
5703
77347
49660
87851
55989
78013
65537
38929
15095
37200
83397
91967
92690
35672
29747
98492
98699
72139
49518
66551
14520
76286
86677
57416
77882
66975
46998
63436
57403
31022
12401
70091
56532
26219
94101
23891
62435
1935
46607
55209
20874
93574
20380
26366
32644
56311
50496
71993
13855
91471
76519
69204
5106
22357
71285
1330
77049
73164
64583
34907
31367
24196
95803
91865
23172
20217
9189
16482
45427
61992
63621
51348
1823
97091
3759
8276
41760
89081
42186
77167
72514
96304
28125
9630
43597
56287
95302
78502
56899
12724
21521
60415
40087
81331
55540
22840
79345
71099
27468
54810
31344
20216
88402
81329
15262
88271
20742
46823
26960
87506
13617
94921
99367
79928
27519
87042
78576
80073
7175
79209
26546
53411
65267
66278
2672
81656
82874
41970
52041
95687
80365
43176
12659
22872
22957
7965
46437
27990
48789
99538
93948
20933
63755
71697
80089
44757
36636
19978
73974
88675
34355
78959
29471
19799
93683
96136
30224
38596
59709
91079
78080
27210
4036
75424
47498
48060
91836
78477
13717
19650
63900
63858
78651
83565
55943
2307
41950
76539
35926
66332
94315
55843
515
40168
18258
78793
10344
6259
31123
3789
51951
63958
84947
44426
66259
15844
3117
44675
7725
91999
14734
76592
29047
33394
26030
43190
66429
33049
76036
24955
10941
9770
64286
58500
10483
28074
77842
72204
29429
15689
54946
82061
38920
74461
94928
26234
32435
49683
7528
88306
12792
58184
86715
7044
97278
32357
47064
75023
8356
73318
30448
28472
5163
93075
40814
72222
35602
56523
97674
98959
68863
24296
7708
79603
28060
51981
64956
48
35897
34943
75711
42165
90073
75021
88818
45449
94649
70063
84801
19590
59805
6183
3095
45826
37050
98557
52046
67418
67567
17948
78093
80112
25113
73308
71083
72121
74813
8349
28670
67020
93987
2451
25014
97987
66408
96663
81562
20237
12842
8174
84513
6772
57163
79014
83855
15041
14731
43754
23166
12214
69923
71493
45716
86529
32273
46292
51081
92118
76179
78068
74487
38119
23589
71753
68562
55272
44559
14224
2643
44038
60188
90054
33220
8244
23138
19262
13761
78973
7371
24545
71523
1866
53356
93124
30358
70901
84055
17112
55947
83820
3505
39375
15484
27939
97285
87132
33417
74588
47006
75293
89208
22278
24593
40578
45598
87933
89621
50993
86169
95913
39482
31198
91218
62370
98541
27428
25683
1809
13673
25764
1951
42885
53575
95114
48872
91710
55141
91321
20843
60562
44822
34662
39253
96647
65071
49101
82715
92520
83913
33547
56653
39239
55007
46201
54627
94927
46287
18308
53257
41286
55387
69259
73394
52703
26183
43999
35037
36012
83426
39830
52557
13843
61436
47178
63531
46718
98775
21951
71749
45058
50512
55563
52841
6290
90397
32100
67015
50789
64385
20994
93602
58403
42446
41259
21512
27824
80062
46958
35649
59509
82930
24820
56565
48988
18420
8642
59164
51668
3239
93133
98978
85612
73173
50636
23335
84005
66919
83540
69371
16023
175
38734
79257
10997
2502
6611
58248
41709
56561
81274
5638
62632
17618
30029
70501
90575
26480
99057
42737
62639
45955
5902
49689
18346
67615
96253
81317
11195
26128
57551
11285
61067
84740
42045
92246
12723
75505
95924
93689
89690
51921
81969
80546
79748
65822
84134
95901
8191
68092
57388
9716
90086
22120
55663
51488
4270
58965
4223
61169
5789
76338
92353
2562
70619
99361
87087
13832
60745
65003
27921
66713
21934
90597
51389
95585
90575
10691
55055
73482
5027
98672
2650
59313
72452
80072
50004
60487
25846
33087
1091
62540
75345
31310
32352
80246
1931
13134
6250
57751
71955
54353
30134
75593
82299
36301
20196
43328
5438
23080
98
24754
22922
11910
11649
55700
93776
48837
29713
79290
10658
28441
42250
83959
88563
19703
92281
13575
57068
478
43217
34890
32966
65292
79462
69523
21729
23439
38223
87928
17406
224
57571
60300
17953
41840
86672
57976
7461
81954
41621
83746
59459
68186
83443
82898
91255
89796
50808
44222
15446
50972
48562
13625
12775
55527
81947
15562
52232
50078
82398
90237
55317
56485
14452
99750
74462
63599
99212
82286
18104
10594
65704
35384
91840
42046
50112
62433
81983
98158
31604
56944
88664
3274
28501
58629
83181
76052
43599
30014
2215
24789
31329
90339
6627
96923
28914
48408
8240
35663
22936
8752
93807
48634
55639
34379
80907
68398
96333
84523
89342
1262
25453
31745
40202
54100
49322
31215
22494
90696
55010
42241
19928
87871
69192
83546
77275
2700
28896
59625
61910
36839
14472
79214
30916
7941
41617
51447
64139
89946
33069
10717
94212
77816
62325
48097
2841
83008
62758
34730
54214
82098
57741
47878
78621
42313
65312
28977
92580
21707
86222
92352
96227
92420
45902
10647
48846
24782
13762
15617
1409
18726
43222
37895
70237
82993
24810
44896
69423
14499
93608
84835
57840
92399
36787
91164
55882
36016
50320
73929
44621
93815
26873
95872
72571
19070
35968
38770
80353
40450
74047
38779
92172
47531
98923
98061
62944
494
22022
13134
47441
1979
15760
38876
26046
5017
2454
4022
90652
84427
60134
15656
4253
28159
46479
1747
82937
43881
74904
81340
30567
47383
83902
88537
1256
63021
81702
20802
14117
46853
57066
65950
35908
159
44398
74444
50817
18396
54407
21486
80534
77715
24314
89008
22458
31307
97931
95173
10778
63076
4990
23924
18347
48847
13926
61555
50838
71823
97835
13855
53444
14408
31668
15622
12338
37685
67025
20987
1101
99938
66290
81430
24995
86119
86757
32275
33813
61774
26198
66980
48571
9971
47335
13964
55874
6833
15651
15239
40162
16679
7186
3753
31448
20354
77012
53271
10662
26080
5677
42888
7126
3117
83435
91029
2305
53323
7305
22366
17134
84076
7661
78847
98316
34440
1723
63293
86457
19233
62040
60066
10914
97666
71489
63463
50453
44019
9216
86142
43796
37512
81726
3013
97474
46917
92644
15426
76276
14391
20401
82627
60117
44331
71927
67942
12630
85556
33026
46496
57085
67294
16253
1993
59459
73439
20305
94371
25484
99987
55705
74398
87070
20763
61908
83347
85341
57278
67047
98485
1104
47896
18811
2598
82989
35419
57543
35745
16931
84381
82242
37919
29014
85934
86956
13441
52641
76386
99166
21753
292
20564
42481
36729
25781
56045
17266
53009
28545
92180
75520
37586
15849
18773
21936
43534
76889
59994
27708
33821
4214
64814
53534
46115
3984
42164
6188
59421
45239
71111
1800
41861
86972
24746
94418
50013
68105
20713
93479
3641
45046
1372
91197
67923
30184
63160
35352
47237
84833
9794
79401
44836
85922
29416
97894
27593
91269
90473
35405
19944
50185
5097
74812
43008
90671
36399
13627
80201
37282
65420
8929
61432
72831
91121
11319
15414
35960
34070
5746
46460
33000
93217
2494
82109
58954
77773
70348
84281
52470
85484
78685
36811
35257
62861
72212
86178
63160
87626
35421
5869
30841
97757
88243
51414
95820
89111
74392
47140
70681
83880
39916
21575
22024
72435
2577
10910
98241
26347
64701
87154
12010
93770
16076
73662
49083
94366
8185
37271
37698
96409
18832
44705
33807
37434
34712
12462
14534
40002
84193
83631
71648
69215
39517
63496
5037
32830
70953
18397
90643
90177
63754
47598
2561
14113
33421
9005
92270
91965
6605
13788
72489
75904
28094
80812
8232
35818
92313
38398
98956
41044
27041
28520
81031
44530
18297
94996
41552
27994
57264
30352
48402
6782
83028
4751
10005
90168
39881
92468
74298
90018
67093
31240
80367
40867
87174
54891
99168
71185
65394
93625
39616
87098
45717
61813
50581
94483
20955
53394
35554
15633
76116
25085
5205
92110
83210
11104
53970
53778
95399
46470
62985
74899
210
37081
60689
9967
99664
11576
90315
55659
64659
4942
31894
2652
20849
58134
54922
8753
23518
56337
32069
34137
35385
39072
1251
6987
23230
29290
63753
88583
95225
42947
8634
65923
83232
22300
80803
10265
31125
49540
25061
66757
18461
80696
60176
96638
37067
31115
73393
59950
90484
9705
85522
36527
7225
45346
97264
88326
94413
7061
73328
99275
58064
45589
92074
34091
97599
92668
6199
92587
18318
15808
67528
58557
70121
13022
94934
95090
64150
20803
53338
59860
42448
16707
29226
12717
49460
67729
72259
49980
89894
61517
53354
35790
99564
27625
1727
57184
72388
14300
56953
62684
71073
78784
81416
20934
76194
59137
18541
29050
37206
79712
30896
98094
28503
71772
62725
26491
47416
65840
680
94654
17235
88932
10448
61072
81927
41647
96239
10095
20201
34077
38387
9430
88796
75453
41491
68700
28266
60680
79891
46732
16230
63227
29028
59807
55674
53382
17720
35802
57323
27820
67984
80062
97743
9054
64614
41769
19981
66145
90093
87243
293
17301
14004
7827
16614
99667
61994
25437
66974
47989
72737
49448
79006
41822
51854
55246
76223
86094
27370
71462
32535
1659
84450
92715
78249
10203
85449
84090
58243
70697
25285
21111
60836
23332
37640
81356
27910
26357
80197
79730
15135
60741
59655
99253
72329
56108
61421
31107
55839
85271
24451
1545
72476
60318
51109
15652
75453
20856
95843
95196
39506
59112
3870
9807
97811
63834
39053
17375
51097
14519
38108
10266
56255
39087
29352
61819
46202
24089
55211
36219
49951
90172
20178
18053
68687
12265
75369
4525
47010
86918
84229
41843
18640
62810
58272
93293
82139
19873
25879
76539
31382
71072
44512
77917
56237
76785
84042
89437
1724
58402
83934
62823
31431
27889
721
36799
69506
30842
6392
84881
49024
33782
8512
66998
77151
39924
6881
71865
68890
18143
47652
53663
9316
49656
82726
66662
39488
78795
93017
61104
72502
90669
36238
61272
81879
16560
50487
48602
46859
37044
83251
98430
12901
63850
72470
48410
47760
78061
61277
23228
22474
5190
23317
13588
77296
22133
70773
42648
41530
69703
14077
20766
25775
89391
14217
10755
73106
36150
90389
53172
37889
9910
3483
33759
10587
50929
64149
49143
68748
17431
30796
83104
88309
72767
20209
1469
73695
26078
17898
54529
83231
35183
13067
48755
83346
12595
35746
86254
84146
88762
33501
19878
87051
7108
21457
25312
18513
37655
82441
69507
33242
1169
87887
94711
14973
47813
54669
47791
95578
8433
78066
12964
19786
34991
95648
7182
11579
33297
72671
49365
26266
41693
18283
74911
54676
82844
13220
17243
94327
92124
9823
13565
82463
83455
43723
28460
55130
43168
38870
9103
58343
33209
10863
43410
6647
34384
16835
2971
67249
4128
73945
10704
12960
80244
14415
66341
10916
5376
86838
98676
10365
53209
6595
39019
80628
23620
43261
82659
91351
21160
5054
86967
17167
84478
26921
13059
73815
45601
80577
26548
55817
91898
27765
54281
94486
99151
89806
17541
1759
57684
18752
82858
51084
13171
70062
47035
82061
99375
80608
95774
41398
24897
31158
93866
65956
78153
54970
81769
29908
38993
57794
62738
60339
93459
49658
29609
10087
73683
53515
70870
32595
31326
42812
22019
78853
45682
37707
97742
83500
60044
34040
70307
32087
10085
19795
63697
56227
27570
301
33540
60083
13614
73249
16427
90076
6893
54549
50140
95182
64601
37105
33406
99521
172
40721
55461
47915
50847
66604
91473
97965
84429
55492
93225
85943
53296
93442
43886
19879
27665
60547
39145
27713
5403
77532
61910
92144
19653
82238
32320
79189
30616
6062
67093
73342
45415
31978
76451
98849
21680
76920
66158
1003
51925
91946
61494
63818
5982
11182
51742
17133
59106
78800
17597
82758
56060
72558
44880
28187
3963
38364
68258
189
69959
73484
95568
17669
46282
92817
1166
94075
51517
76249
78800
53786
27447
2188
37553
62733
4565
24657
56872
62826
94661
2767
40911
89423
49178
33087
480
16522
31894
28455
37863
39497
60955
36304
65289
48307
39127
25369
756
87322
47158
41014
31075
94306
5201
45405
52328
4976
5746
1200
82006
30760
64935
51961
60747
52653
89539
90196
22968
3466
57614
62370
58811
19716
35928
50608
44312
1965
42211
80222
35652
20539
73372
48118
64051
69138
62959
78476
45032
85740
71943
81432
12646
45129
37020
13921
92491
11340
2020
53300
90051
40707
18610
23405
79399
97642
53747
66259
86944
72010
74178
57106
6304
7418
41262
51565
6804
34863
36830
78302
15705
88185
63978
50179
60567
10021
84334
28363
28902
71404
72605
26271
17081
60037
6353
64471
87777
66858
31210
66709
30055
78034
28215
73826
55492
20516
96333
45077
11991
52171
19814
51498
21082
36480
56787
10656
84173
13509
82783
13785
94542
72697
41203
23122
66508
38137
8965
22431
60442
71345
27560
87999
80832
55266
99886
41847
8904
76601
39644
47755
22675
94742
59035
11061
54053
32108
22405
70450
24960
9372
18977
69195
92513
64985
50877
69423
59536
30144
68315
54882
41767
2726
56218
72825
50678
95694
25567
17135
60325
26043
90790
59797
62130
82738
97546
22880
47979
17443
78503
39219
10829
63556
87616
97287
14145
73084
98822
50828
70606
83799
53883
39978
97846
80901
81980
54119
90168
79150
8060
47713
5530
92578
28388
89799
58445
26012
75432
77038
14969
82307
45176
67825
36428
72914
42576
85449
882
45406
46594
88486
77883
93160
41483
90137
73334
80317
99913
68592
33113
1028
59376
94306
32519
6428
20477
74742
77225
48265
74863
68858
22539
794
34379
37244
52092
53225
2392
12031
79403
29126
84066
53382
4395
43111
21476
16748
51775
85438
33810
33142
91045
62655
99097
10506
77544
72287
48421
37545
24168
89900
86428
56055
55412
66231
94452
51807
20547
81407
77589
9361
2455
6158
91259
63851
34829
61951
53248
12572
40091
74493
51780
16040
32059
47675
9512
63016
99460
30429
60156
57816
44521
21631
83316
3995
50596
59793
33557
31619
24945
2965
84682
11770
64574
93619
93634
3820
68084
99431
96303
82730
43186
95651
77922
13046
49587
55529
95785
1437
12817
87211
22834
18531
28809
33455
16878
21751
48155
34888
62595
5927
1095
41605
50635
40034
70135
43315
95509
6327
83167
94402
98244
68382
19251
47750
93766
31643
33176
45080
28179
86239
1154
3942
50503
83485
60074
25507
92756
60744
16626
58854
37130
34897
77951
94191
98929
29635
92632
75803
8554
89777
68290
33622
60319
18050
32839
85109
25402
69733
15930
31102
9745
68914
29845
3738
75169
98941
40896
33613
3998
85929
23788
34584
97248
38481
99043
24869
47796
35259
33355
43828
78769
64842
253
483
82054
19656
22679
72173
45823
80302
92470
71601
17408
50723
59648
42677
93105
62799
78026
11435
42227
7109
99881
30028
82570
7460
96447
82201
72538
64167
86765
32561
45791
12814
78462
29399
52033
76226
43503
34491
50195
92587
9804
95740
57112
75043
3754
8781
49553
40992
22585
75056
92941
36847
16371
87406
87318
57887
74247
58098
59816
36275
69977
11923
73100
41950
37539
36978
96819
8278
32950
45526
43487
19241
13889
94925
72773
89310
25725
32822
66103
34964
3234
55173
27024
90045
45183
93055
59620
45786
32493
80174
14222
48518
82288
98085
1786
39666
99370
95539
98029
35499
4734
62000
21175
21497
9415
18610
94107
60169
1906
6113
5452
16938
61472
46260
79461
99834
99715
51333
87416
42010
77501
67110
10623
88460
98055
50160
95154
33363
36410
29606
220
73222
66656
60066
39191
54492
6400
26199
87307
70570
24592
87429
14822
1455
50146
20845
90523
35166
5482
33024
87850
31940
6226
68345
52215
97719
92098
91949
16254
13959
45744
84073
69141
69538
72194
18723
75734
17923
87386
54972
4213
49087
25831
79132
16050
40259
55995
77606
79840
99267
45866
85310
45670
90611
60159
93367
15116
12009
75142
95696
63002
86969
27182
93087
87711
6194
67869
28168
5838
95479
68469
81976
17382
4044
35268
89159
79925
43845
68018
13553
83178
24312
97960
91358
18432
53867
12322
60722
17039
20893
82250
49127
95871
56968
25496
91688
15889
20042
47379
36405
94916
47775
68511
68412
91173
75344
51265
48410
55119
52067
47540
64924
7122
96850
60496
75422
39154
87332
7933
43927
21590
18062
84859
90962
34354
87424
14767
21762
48965
79169
45953
808
61757
12388
36396
55366
83031
54648
30590
88518
81328
34999
16595
31820
23747
48810
19744
74443
89919
5829
14083
16907
99516
28143
25499
92318
26880
33310
56370
79915
50053
26932
71959
37984
17947
39694
83785
25432
90529
21155
11483
48878
6450
6316
28884
58581
80918
58066
59128
28589
69019
94209
68048
15730
14604
19586
88776
52373
92715
18017
52055
37726
93367
29077
85610
55554
87454
87165
32823
84076
57899
95737
37858
7140
21715
78256
57552
2819
64385
69230
31766
95991
80942
14077
22494
41043
52221
77982
50572
57205
70845
14269
29828
32174
33609
56864
20166
79638
68654
13481
99950
67560
59786
4856
64291
26970
19320
36501
43112
48115
2762
44692
32787
17623
29602
76476
78622
63536
82543
6629
57519
7261
12320
97302
77111
46521
27583
49623
73757
27576
67893
66158
20849
79171
5643
90076
29210
5197
83728
29171
43264
11346
33215
50050
79630
82617
10463
20710
69924
13262
62705
74237
6564
22697
37070
23732
38453
5233
96964
39071
24944
22056
78945
5453
46566
83692
10810
61158
62740
12216
69467
73072
70818
36747
80597
41142
88551
34230
55338
17576
19365
16838
22971
35433
93482
75820
62228
15591
9960
97920
23293
61168
83769
78072
58654
19852
13625
29549
51194
9594
95734
95356
85876
78891
57826
12353
972
81231
37058
78159
17942
38671
66060
51415
80775
45723
54335
90399
53367
82684
2658
18016
47965
32825
83912
66846
64468
37619
82861
16010
23023
83188
3239
30041
56925
88631
51299
45848
1367
9965
39655
26978
91988
96448
35553
32719
68080
86894
79561
57493
84530
40755
52686
11142
91090
71388
12196
79232
32108
94672
97929
59594
10031
58832
28333
91019
21835
87778
99266
80445
63479
22024
97489
59076
37849
16298
9143
37095
83221
46032
10885
182
78314
15638
91830
45580
73969
99641
87160
29345
2482
60602
18222
36409
8038
13959
3563
68286
79565
56831
97968
51373
5374
17605
75166
19360
62035
66654
22735
70725
59297
58393
77483
78881
11771
77935
59252
8670
31825
18358
29841
74965
86698
81961
43717
77747
14116
81824
21495
17076
23270
59613
2119
11307
94195
51343
84707
31064
2852
30737
96461
84565
34674
79949
75484
21505
20138
23795
37683
67677
91510
35502
27460
90478
80835
11425
62668
95793
4189
55690
4938
90196
41495
67156
48950
45928
36414
38107
14697
16409
51984
42444
94880
12785
77803
43111
56294
13082
61549
98920
44368
10356
23550
80397
25822
7677
89783
71950
94612
92464
4089
82452
75928
96182
60933
53149
29206
72438
63202
63630
38544
23137
53427
6631
68309
96884
48112
89584
2053
93749
12990
12156
92022
93929
37744
41784
52908
93862
66649
67280
87779
29169
5681
65658
4745
35718
3918
71060
37643
44940
70175
97873
16911
93903
73715
97006
66115
2623
21981
50812
51293
22573
75516
8799
39440
25579
21904
1864
52530
85128
85301
28393
20300
56483
52075
11673
47681
63729
64017
79395
32501
97156
54647
34827
77726
91484
71593
86857
97792
24748
98209
44611
96424
65414
96956
76271
6541
25582
41605
20512
95772
95222
93737
11439
58702
66186
3405
44303
78128
41136
83805
64005
9347
95680
97153
17604
75743
28609
28265
90338
60390
1035
30407
58620
82999
76326
95525
17280
85962
61396
94115
1807
63593
1708
61852
22404
75032
86897
25967
47965
32336
73992
95904
90545
70132
59900
47884
2395
78854
54541
88801
48575
87994
18853
54959
84196
65035
24274
87314
43179
56491
82755
86603
15819
3615
22740
40376
5654
25512
34237
90237
41911
63016
51562
38537
33294
39969
18144
2542
30595
55548
21676
46314
6467
28738
53348
86588
80576
77184
47319
77510
47854
66227
13260
78854
73306
87939
14062
41286
33566
55878
49886
27794
94544
49815
53588
22689
82935
12566
28154
4199
60464
28519
55255
87600
36012
63186
65986
322
5316
76437
83384
79032
64180
81840
21793
18504
80707
95731
37503
5121
2185
92006
87527
91017
36396
58221
11722
24693
96194
40124
40371
53389
38842
49584
68864
69387
44082
62636
44052
55657
29338
8945
77446
51893
56337
32413
51221
19128
51293
21631
99587
91558
77005
52102
86310
34740
76570
76513
94949
1414
2288
57304
87868
12008
41256
55301
98579
31912
16005
32413
88894
90991
6526
19449
60336
98436
65071
79831
6358
52825
96921
7924
97033
75549
49541
58635
3642
86044
14519
48857
52271
44250
39666
41422
23188
99441
62864
97986
80910
22295
517
40908
44127
95463
91957
88803
75731
13851
65257
28853
68032
23286
95067
70533
98065
51307
72746
80322
14431
25543
83107
79518
58570
77694
92124
69867
13194
53557
9487
98977
15773
77767
80960
89692
91346
85732
6145
83407
31159
29884
54782
95082
31201
56966
27036
15531
10248
23721
85743
82361
36168
51789
11077
29313
35104
33199
39900
91891
18197
95486
79464
60100
62062
51223
98447
9238
5366
359
50526
57362
31321
54759
9252
5371
44505
40512
87394
36858
15735
5011
33350
74944
67693
33178
40285
26741
70506
76802
42946
10743
18233
81340
62454
14854
49049
61427
8389
54219
13489
72095
17655
13393
34640
28246
40814
75009
20133
13687
51871
80439
58218
89505
79261
53630
8559
48767
5967
36364
17052
67638
5657
64890
7913
93102
65658
84610
38007
44816
99362
34272
85826
89669
48230
24616
27250
28757
32302
75340
48844
2777
11015
60793
93093
96774
782
22498
32759
9559
99500
66956
79618
80783
92087
33438
43777
31262
91026
64926
57683
87829
80740
11551
5365
88900
10067
69213
89222
15699
63350
56260
14702
44694
15730
72171
14745
56848
33861
79166
42510
13895
34670
46905
49645
49856
68807
25076
12869
78816
96256
99006
34064
22031
27077
92919
88049
88122
79680
23279
52169
82677
67926
35568
3821
1438
16760
14705
46731
74787
74505
73177
48309
42574
45589
33238
61457
66267
89312
27189
90083
82373
67895
58188
18442
80899
55997
10450
92908
89056
11522
2203
13542
92665
5455
67736
74649
98450
97943
7002
95375
3961
73499
5405
96231
2006
1598
93469
88960
9770
23085
22111
67704
12105
52402
16869
88830
33989
91237
95654
78153
80410
81543
99949
59192
14636
74602
67507
85595
91012
21443
20698
97035
55348
23736
19463
31415
70483
64232
57156
66326
42640
58694
5937
22028
44608
27132
74292
55002
57613
85810
9760
7362
60563
66211
96700
48916
1295
99609
58372
93859
91759
26160
76285
68962
77690
71283
60294
6734
21753
98286
72631
48079
94218
42698
75064
51841
57331
79600
82055
4576
87523
34693
44194
5661
19718
33187
25556
57100
56063
14217
67982
29595
25142
42495
14070
64525
65919
77072
42357
7108
76953
71986
2889
11326
5810
50821
44712
1118
47368
71765
97715
59385
80888
92960
59735
24178
88160
73408
25774
97983
93458
13398
67929
70936
83540
82950
7732
40242
89476
95524
38833
19824
75125
67319
28430
64822
51141
10957
57724
51487
28700
1727
31403
53642
73425
15672
31499
85498
28348
53472
8854
20236
70728
75398
93272
43605
3272
51812
95528
11019
42112
41829
2122
16188
9125
48375
79436
17227
43965
70605
30706
50732
11322
86005
1986
56276
97105
68018
95517
17610
8706
12121
77394
15318
32104
77710
20514
57189
82436
3213
8083
1348
10355
58003
45343
36712
10142
6147
88100
65245
92590
78356
65610
8425
15871
88377
22673
12158
24209
98904
2
97308
19931
17568
42983
73726
57413
77200
5709
3705
15500
21616
70226
40557
88244
85500
57525
17174
92683
4614
58146
76546
87174
52349
16467
8121
8282
77786
86165
40099
38758
29231
61301
43651
73484
74756
52836
30411
21285
21145
11204
54844
61676
74955
87939
65504
31702
92180
37464
35996
97159
1022
24328
45510
38451
50196
83645
92855
54959
43208
78255
89521
97099
29280
54639
40521
53083
17847
19077
88513
90788
28126
56460
77246
92036
86108
81933
44157
60464
44125
15459
16612
61866
91066
95941
919
93026
3941
61624
28341
77797
94224
83908
48984
66472
43421
34005
47388
40564
66536
25092
97710
19707
9262
65030
71986
13503
67356
24630
55895
40886
59612
71337
47520
74230
75221
4420
88812
88346
84011
32350
73148
52883
73598
92100
35975
97366
32469
61613
84817
73533
29486
96848
42834
92499
22712
3778
14118
91501
22089
64816
54324
62077
2710
25231
61277
38714
26874
7799
67110
13949
96000
26219
46619
43922
34754
89027
1878
20482
95072
55763
43481
1785
97611
57627
72318
82515
25244
50152
52082
30729
5412
3635
61353
10526
22968
34923
33206
90658
85763
72865
56016
76027
83273
68867
10578
67664
94828
64605
51412
1110
93883
17902
30504
48286
36173
60186
91686
40764
24210
1441
15139
35621
14519
71478
15542
97084
7649
60296
18062
69582
3371
75522
44428
99691
19341
71843
77163
1180
90807
9947
72934
87805
5812
78669
40298
40630
7501
66221
52359
32991
31944
69556
32857
44160
57977
85665
59037
22700
12179
49434
74090
97371
5578
18989
50715
33831
15384
54571
81241
32819
43041
44652
9179
67949
31915
47274
95137
31353
34981
45143
58055
53854
6368
27738
21763
90960
76728
10887
74469
72544
70371
95536
55729
81306
87097
5574
83612
17423
28959
49746
24636
52253
51207
3874
20475
92796
46459
53516
86155
90322
94864
57778
62423
83123
99717
43714
75322
39828
88939
48495
23213
13981
59796
94145
3062
47356
58315
28122
13185
22040
73978
30641
30387
90933
43038
77427
85255
86189
12578
48178
2059
61375
44425
37215
50576
4285
93708
4857
26164
25088
9249
41738
82931
30000
49082
91417
46105
72579
43818
7452
31040
82718
57260
40204
48653
52174
70951
44364
67518
20540
98052
29217
20741
96999
35319
62353
66811
22858
70192
26426
71180
32428
68615
68472
36695
1037
48445
79556
82092
61884
86524
87516
69280
74435
67893
46352
48549
65835
52052
23610
38769
63157
20044
36437
6724
5505
23659
70493
33867
52009
6939
83059
78510
12584
33402
57668
86824
95960
93429
20501
11685
15656
71671
63673
46569
2637
9841
84489
9969
37901
37321
40163
69702
50179
74797
91168
33330
63324
60507
87614
24528
21407
37231
7138
43573
30996
23891
97583
66061
66575
96046
18681
74667
70556
59726
62719
33089
40406
23967
84060
58930
82059
49722
83156
13243
26110
43590
92972
47090
78729
35300
37832
2793
23858
76983
82653
51003
63117
52482
24909
62358
782
54348
56741
95811
87927
51356
9754
34684
28748
77907
66148
48273
33667
4014
67271
29120
95779
60936
10820
35270
2677
40932
22851
80552
8914
78546
63162
89590
6699
4508
48566
94962
83997
47048
16168
44000
33430
19165
40124
83757
40058
5572
30945
85180
40106
31541
19976
37779
19127
45923
20422
50533
44400
76806
30578
47518
12325
25398
53452
6312
56648
96767
47613
42863
67247
67782
24839
35899
23808
74290
34723
50859
19230
59330
91511
27129
63502
77405
178
84584
15560
22504
48707
87856
97801
93074
67706
96040
79740
51366
91291
71871
76645
58680
67702
93956
25728
83632
79252
34903
30225
85156
29419
24530
63564
63290
36529
80165
61114
41504
56695
70217
30561
60309
39821
77285
91853
64052
23208
42616
38301
70913
20831
52089
55015
31322
72547
20977
76827
80150
87143
36923
42331
27215
18235
82291
54002
39444
37615
20022
96643
84972
62103
44298
61654
39151
22694
78204
29403
78273
13750
22429
95753
44294
36239
27827
56152
30525
66990
45078
12674
61451
22175
90004
90921
82044
35832
38063
38336
70848
59572
19719
71467
40565
8464
59539
11006
96806
13326
55028
84551
27087
48089
66987
11580
87350
40274
66410
80180
91437
73281
43670
2324
11853
85552
33550
28771
60983
17622
27986
37571
9507
14027
80778
13326
13104
74735
70991
64775
72850
98095
86867
71404
65254
84965
79017
59089
75392
68078
62134
49718
92806
31755
56731
45291
290
75539
93390
79946
25253
79743
11978
33056
16213
42536
89547
40824
451
65616
74066
38523
57499
24886
96863
94521
94607
26262
37042
39084
34829
13120
26775
9458
26077
92400
31536
32201
6379
10004
48700
90994
24049
19708
48884
85478
81250
63686
56255
76248
30140
55624
74913
46987
82519
56198
27766
98494
87548
1939
49820
20671
68133
75124
30054
91290
33215
97474
21367
36705
37669
5987
73255
68911
24755
66375
67470
64783
53010
84977
8158
74420
9577
36085
11784
75022
13524
79614
62792
40575
99295
6112
89400
1653
20617
91394
84309
90983
7636
53804
48696
74855
90329
48089
65543
58626
95724
37602
72218
18216
11033
40129
93736
6652
51392
88017
64765
26769
75381
54828
49745
86035
12098
44273
61471
74583
18772
45973
58003
76085
19067
35026
701
4455
1270
27655
70964
84708
41274
51952
97734
65524
83404
79997
22956
72633
91161
89118
76028
33252
17298
93179
67925
99817
16090
33156
18860
24837
60348
21616
76134
42329
27107
97022
49107
63792
94638
13268
80964
34391
90397
52779
99819
96875
48824
19344
68723
33028
25256
71847
29052
13032
2211
35978
96667
33704
37724
25450
84321
43035
29555
33336
57188
34872
74430
90040
49251
69002
49583
28116
96945
74688
71991
72448
41735
68496
10258
5873
20604
55345
60608
91558
16059
6827
61197
88681
33403
97345
28362
98696
73019
57417
53592
13191
15503
56812
80645
83423
4505
46819
97964
64685
1999
32432
49678
99324
18277
71803
67512
44716
56694
80736
24471
95329
71527
18026
13763
61081
39947
56240
11583
40218
28273
2076
57216
83550
45280
60576
23572
30911
24069
49829
92835
32347
41332
83011
13190
957
28782
33779
72128
77933
91034
56085
89426
68360
13101
22042
83560
85812
24606
16020
20455
36650
40058
67771
84957
70937
54852
27881
96656
54332
9725
53221
51479
74567
72268
84405
17136
68615
14092
18780
50319
97125
81266
50473
90062
41241
2351
25211
97723
1722
82283
40141
78989
14670
32544
86290
33585
65027
40469
7230
12094
83823
88874
34855
88357
82265
73530
18853
55781
56059
86582
23168
26077
95760
54142
64537
76518
55830
99151
72458
30089
74727
66965
6174
14479
56965
72911
81326
20567
33482
40622
11791
84777
98020
79913
34361
12696
40636
23377
50527
15399
85479
71269
30035
67910
45525
86652
2192
78011
87720
13737
97676
91664
66682
22099
47595
82023
98434
48053
20518
45846
51546
71309
97459
86857
52852
48093
37607
13555
73523
59819
80821
5736
36023
35080
36012
38724
74542
53346
54201
37717
83871
29263
47664
44442
51790
65302
92552
62536
99176
89244
48192
49305
65712
45135
20595
95129
92702
14628
71837
38127
62208
83027
89897
53162
89640
2303
57227
99955
79356
21587
37979
84155
41614
25148
63993
69425
22811
69884
57009
86403
14000
60489
66981
51163
25164
15898
72236
92547
67378
91332
49894
85954
14037
34064
72850
31569
40487
68335
96655
91121
72303
81575
51110
68792
5423
25126
37429
5089
26140
52512
52828
48546
78783
83194
4761
45919
46021
33462
42408
72607
52165
63128
43621
79299
88452
80424
49631
95861
93144
10563
42004
85371
57854
26309
51376
62898
97718
17146
49342
55381
73765
50035
55587
54094
38410
82168
36918
34198
34165
68144
37373
68061
46007
54827
37684
97349
41695
88942
50918
16551
67050
51965
93248
87175
52999
12510
74528
98664
14246
84058
44705
37718
45078
38349
75266
12844
52319
53029
21132
52661
60186
90156
70121
88067
31894
46588
98580
36857
53757
83175
7698
75122
44087
44122
73026
98095
31722
51414
23017
23837
80928
81509
44016
28512
82982
85392
69415
76955
27418
33017
71802
50865
1358
64997
63760
12862
8513
75133
42318
14019
60202
13126
61854
10811
65713
33919
40556
12678
35125
95704
47391
84904
48216
66233
99185
39396
96664
86527
18021
4539
31703
66980
20663
46099
50056
31570
82528
10744
72197
58186
3539
7134
77229
97595
74670
97868
20167
39750
3715
52183
13611
80426
10121
82398
49742
51436
93798
50132
78866
56919
80062
4402
19732
71428
29103
6510
41703
69310
67123
2268
70327
58050
54708
45480
63185
30722
1262
30173
38588
73427
42805
6439
76705
41889
93337
56346
15735
35427
15141
10495
24154
97017
53945
81255
37944
72440
91538
5974
14256
65202
97320
33655
71030
36962
67117
64099
73933
68677
12694
64367
7470
70763
9341
58752
51670
52188
37936
7265
82068
26523
35324
63711
38174
33695
81603
36411
82493
34899
48247
15562
61390
5891
99223
52128
39667
16834
99678
89649
75957
23143
87632
50760
88234
92568
50118
39056
81328
51256
77075
63383
26106
29934
37403
34030
58473
41149
35569
25054
86109
68419
52182
95318
78142
7299
55268
38277
40630
32434
2633
75417
29626
83574
11980
82425
51279
83590
15097
9068
31276
45726
18300
62374
26896
46867
39475
78048
93364
66543
36607
79174
38992
71758
28458
68426
62395
18213
7468
72974
16698
29800
15318
90369
28896
20912
73010
47585
68560
85959
93712
34436
1901
44038
75868
97976
33994
3806
43693
32677
24354
37485
84558
45025
19002
53275
19386
71890
55183
49343
94888
81261
67620
47093
6676
14248
94838
20149
74508
34863
60933
68674
96133
25117
68106
4305
1603
24463
31461
5402
22726
49741
20177
65636
9256
5754
7619
34847
23815
19047
83061
93797
73385
43068
20991
87072
91915
18844
25874
60250
37687
90896
8944
38205
11080
92918
51844
89307
50362
84478
83650
38691
82484
2934
98030
25402
72210
61955
63585
81097
65781
43794
70381
90186
95860
98250
65203
79567
83459
67823
45659
85105
74821
3905
27746
45956
94996
21820
80817
90311
49463
23972
58147
44362
78416
73857
54203
36715
38944
9386
31751
37139
17236
81918
77721
22625
47384
94383
40179
32591
92811
21147
2969
26663
80373
15736
822
29433
52167
34051
44149
29084
17090
18932
49507
95992
13896
54453
79715
87810
81048
6507
62443
51416
89128
80041
34052
98997
77834
97984
56061
44896
57750
16512
28960
33938
10336
96520
3824
44986
52007
90408
32254
26558
23849
15485
61138
75600
50797
88330
18717
45223
77076
70652
87073
47560
68538
1257
84039
50993
82736
52277
7272
38855
62497
52728
3685
53054
77197
4039
72573
97970
73190
9688
19413
61890
6683
14501
55583
84165
17865
91877
45662
6825
76295
76423
46827
46348
1602
37671
43848
5495
11908
79011
13875
98336
81282
56144
92299
74250
72387
48658
85571
64785
42882
50765
15549
58596
56489
21940
13013
28977
85089
28433
48713
33439
34930
41376
57181
38113
89508
27793
45516
67219
60929
53760
10069
43830
27487
37624
3837
12134
49126
34185
47221
87705
59000
37537
39811
29316
27538
46889
91147
32801
32443
6861
74947
4033
84570
21271
1440
3039
14546
42850
30222
12832
92186
40639
33713
98993
12182
47992
32466
76183
48045
87856
7084
38336
12614
907
57780
85421
13327
16139
94413
46445
45136
53898
80178
45119
46371
30144
79775
49769
17631
26913
39688
81000
83087
68445
42218
33705
37298
19977
41115
66722
90674
97530
61322
97291
61612
58158
31484
91628
61284
35136
89498
22410
38167
91552
87779
44922
64177
44007
22419
10816
83880
94975
76753
37778
87855
50783
65397
67955
67811
76849
83707
73357
19583
41856
23699
14097
12088
87426
60737
75974
93695
32627
62301
86120
81171
20208
2779
2444
87930
25302
88469
34115
22954
3761
40866
64282
21893
58929
60748
81994
53989
24252
5030
22949
19665
16793
48511
61260
70136
79549
67975
78032
94698
51215
20033
78242
71484
22602
65103
74353
71252
81305
91609
23303
74398
99986
701
7282
72923
44526
98386
47419
11881
35088
39832
53346
89102
84285
14694
77814
63600
37525
17221
63603
88778
82199
71682
5990
67599
80292
46093
46495
80731
2296
90847
97467
64584
68406
18199
27264
23494
21201
5574
14541
62474
19825
39512
3418
80785
96153
55872
25003
63013
24625
18597
6470
64193
70884
74807
43222
31291
57718
88222
59215
62186
15980
86259
53897
30478
54846
27009
71878
41320
23936
17295
65523
53231
75534
2839
78430
79016
31465
77439
12228
87872
76529
12394
82044
62004
89205
15577
26018
53545
58820
34166
36853
96759
56126
18679
35424
18882
8665
19400
25809
91819
25551
21192
85577
84183
64425
96612
16300
11522
23231
58266
70088
87383
41193
53791
64391
28616
1122
47745
77669
95446
26342
99647
95690
68315
23891
68785
75564
39677
12477
99074
21126
24159
1695
78636
28275
73755
89266
35324
98065
79977
22366
10443
68960
94589
58170
95028
71658
42568
25718
70912
94952
50024
15526
8035
20658
17247
7968
88982
34393
37193
40864
60044
96971
45991
991
4316
74780
14926
45234
2200
19835
13187
1093
1137
35256
22319
1748
74651
83148
34891
16758
84513
66214
65356
21518
44695
53378
81565
58543
64965
80201
44882
75982
67651
79483
1408
18840
28415
94741
30465
3616
69326
14234
11214
68277
10232
38917
1648
63420
52141
39037
30962
48577
4497
52432
47232
62206
19297
34278
42888
18764
86560
45364
12668
92985
77636
34645
40068
44747
92362
51003
30939
514
46263
39422
22665
44089
44837
75877
97567
41288
62018
50460
17379
72616
49966
38881
15168
95253
83004
62947
15638
63114
98814
84544
94765
79581
67483
75918
57645
8893
66206
92066
4001
73603
92520
77632
81572
40957
86127
1620
24654
65921
65752
74082
39203
31372
91607
70441
23283
81461
52284
1164
88607
35300
23961
4364
95714
32012
90617
64690
54767
76566
82523
8113
29361
55840
31738
40651
72174
81095
70921
44209
82806
3844
99752
20921
67395
99299
14374
20127
72335
25105
14510
11055
44890
58909
32145
60795
80143
1676
26058
76396
5990
55973
23310
35964
50927
26878
59773
91354
75482
50179
9731
9465
50713
64807
23326
52723
78485
16993
5277
55724
92374
88110
73783
66072
59208
44876
31675
4813
31033
6851
20237
14228
56716
73191
82101
11391
20060
4688
37814
8334
22378
82944
74387
23377
6530
18172
34896
92101
99012
44910
53744
25967
98503
48360
45618
87004
80772
27064
74324
13714
59577
83621
66759
46712
89244
45676
39945
7435
82020
43012
1325
49198
56478
88569
91254
87924
43412
8084
89888
8165
84532
62444
52828
99647
10042
84287
61495
26433
58011
4330
80394
44924
87888
77380
84988
24523
50962
11746
40686
25938
50268
21833
43360
68500
25109
64617
65872
19850
65915
60135
17968
54749
7747
84449
58138
21693
46205
77578
45685
94286
51127
34899
6569
46649
77078
92367
1966
3470
27966
37426
96477
64430
72613
65531
37469
2614
77117
28596
73622
11911
52842
25206
66788
88444
12049
73069
69119
51022
42288
47602
39382
49080
59463
5428
46978
68541
41632
47927
57637
58156
15915
68803
66889
60414
24234
34485
57181
68784
60051
94950
22488
11769
44231
93126
16377
40214
19934
61125
72913
1115
59833
79358
98407
64698
71754
10182
96404
51976
6216
54920
44827
74471
20091
96106
41214
23534
9391
19478
87115
25585
22358
60579
98113
53646
22335
6378
40657
37548
91447
88194
65422
89609
71274
73719
79125
86600
81724
58218
83312
28744
24529
67312
78997
19851
61479
87609
16682
9758
64163
19349
86579
55910
48076
63941
33553
37899
8110
4391
35473
35850
39038
51519
28524
20971
6544
66895
7079
58974
71332
80276
11709
65715
82711
34177
22609
71328
75655
87562
25563
48143
11043
95867
94308
35235
44702
67602
15372
99962
32723
26905
31615
29244
79097
4742
598
63261
30732
5281
3596
53816
7685
38805
45800
63567
13286
25226
38956
98666
93450
19247
9638
76591
93213
45663
89062
34008
45881
77424
39943
75646
18371
37145
27065
39841
77345
30739
5871
77633
97990
4475
56956
18377
12886
39365
61032
196
39805
37310
85558
33245
85275
73069
22916
87565
67607
4036
91910
61029
86842
51444
81975
56926
93174
68223
27720
39269
38319
45412
10132
15134
37783
51689
72942
1213
93090
53298
34328
64063
86430
68794
49340
42209
63275
43328
7204
91082
13368
61881
58455
7129
73822
76634
66042
35058
56164
72531
22551
85250
23000
30222
62417
6137
14852
52698
33400
87482
42629
27678
3274
25971
45959
66380
60043
91673
66832
90492
51758
70730
94567
66792
38861
78571
60300
38164
50439
90929
2966
48891
42321
94051
51101
13479
36193
97684
11852
94753
42529
64795
4633
58662
29771
68928
63971
52722
16483
25819
60900
48508
13575
91879
49718
24081
66901
51877
88426
92831
4674
3453
99353
57313
54415
81130
4876
58526
30210
27801
86457
15378
24531
99848
19406
34829
56009
33827
80093
65059
25458
80006
76626
88664
62664
18442
96782
80388
33938
79748
8589
15069
90910
95616
93059
15909
70782
83159
13120
28984
83056
75077
54068
708
38682
32698
4556
71001
88998
25843
92666
18737
40689
30101
13625
61714
19651
48491
8353
37799
57094
33538
48775
11940
86939
36799
93021
68061
72236
22350
28755
3512
96173
88732
43905
3367
94719
40595
14533
63076
4290
40267
96809
70429
50940
7834
79002
41533
44586
65551
10608
65207
91108
79739
76899
87804
44041
64100
81200
24083
17462
22227
47032
13954
32324
33481
95994
29816
74938
53209
65363
50919
3161
74472
88310
44180
409
51158
19977
70783
6424
10858
9139
29390
90484
12528
20305
7025
42660
10441
11621
25396
2538
20460
63933
68899
83611
6972
17934
41180
65352
18077
20452
88559
55927
72996
18677
37063
50172
85650
33451
41072
20439
75627
97695
67315
81913
47259
30603
89239
68997
15066
38818
88707
35037
57350
51530
52696
17144
16742
47055
74217
12691
6673
57229
73784
51688
4372
92287
6442
4954
81027
80830
92474
23646
97293
87111
19008
54223
14383
52733
29671
51550
61895
65016
89183
16656
68333
26553
93328
69107
54960
54380
36064
92838
46663
47181
83924
14137
22877
98618
17281
78796
19333
67292
90336
75616
7704
34399
72228
71950
79455
36570
97906
54864
67439
51736
37294
44954
13965
43724
97972
29879
43842
39620
61273
93895
33899
79236
16010
80433
6531
60598
27563
75815
1349
42743
34600
44689
98780
67564
13292
55649
38832
41955
25960
87194
21663
26000
70046
98701
44319
88585
71405
1589
95082
35243
69874
65297
91129
4703
58856
20335
74591
81984
2726
61654
68307
56514
7719
78196
20521
52804
59573
40743
41926
75661
9680
82780
34510
5679
89943
19473
7348
4652
51887
2059
11163
93670
36258
25140
12441
5217
56042
90884
72656
71481
51669
50021
72403
25111
55797
83255
711
19750
15654
22465
17956
79673
24121
2470
64949
88400
23338
87813
69255
73475
53119
11267
10919
53778
3005
49866
85642
36475
17864
73049
14993
19506
27204
30606
93439
34649
77438
26303
90509
75105
51018
50706
80555
61193
73344
37404
81299
60620
35368
512
6959
8233
32229
55148
25648
40792
38027
48963
75474
76817
31238
89418
11436
68356
7864
92911
92108
44505
89645
93934
37573
48825
81424
73164
9396
11494
17143
13342
43494
34389
81339
92199
24471
27026
2593
26554
7861
13712
90991
66742
10704
83798
90458
52846
83190
90039
59272
44677
31831
38271
36590
84902
1579
54868
28964
44117
59953
99908
64448
66202
5398
74820
41398
8228
34234
18531
73104
36595
32416
36010
68978
44063
91885
47165
71853
96239
87534
53296
6598
56567
32142
48782
84906
84724
95333
42386
62406
82971
62597
45224
85576
96173
79940
1461
77921
16167
94934
96810
23506
63033
81133
40320
20430
71816
63784
80019
59378
86983
3503
79516
44848
50200
92767
12327
82061
16048
24953
12697
93738
27967
21305
81560
4059
22388
7824
33341
95226
19511
4127
29006
62586
88059
53364
61370
34442
25885
41753
14941
2032
2027
60000
3740
42557
67457
22999
4217
15564
43961
57331
84413
72997
68936
12502
80695
85440
4008
42256
21688
26138
76251
90581
32429
98086
38730
13334
99205
99020
8145
85912
32596
30168
30013
90006
70637
25177
6634
54805
38303
58472
24644
41943
31257
59623
36311
77884
83866
9286
3818
56169
60371
36915
96238
31757
6254
66065
63602
76623
89767
47268
71268
55596
17676
33421
83679
91307
82211
83389
31816
27576
85114
62513
39578
48201
13802
90762
51850
50983
39488
58248
73387
42573
27774
77782
10772
5371
88029
12912
32189
65825
14298
30919
21043
65719
14763
51558
29482
98482
49415
2866
16794
33364
71427
62725
2609
89181
11964
71313
42772
34480
77447
1526
54155
7398
81310
19444
48925
12892
5264
28414
68226
95118
83353
43678
58298
46372
84308
21446
1899
53036
62804
68739
94984
25923
55292
84049
73569
61812
67140
98957
46730
27825
12429
24147
63589
88178
9941
72276
28657
74713
48063
5744
46887
7490
51801
26247
30938
19965
93327
23681
29318
16503
25709
42215
8624
37311
13293
89030
74758
74538
37266
68923
49619
70003
51022
39802
72542
2133
27126
19266
76920
47467
28844
59304
3290
31806
81479
16013
59325
95553
42088
25425
96832
89406
60335
70162
11021
45208
70179
4230
65956
13044
54603
43245
93610
4201
20528
2378
29850
67970
75193
95068
73300
35805
48172
21754
20338
97828
30115
88834
65605
36137
99572
7911
70092
33085
71066
70294
79719
76456
86221
81474
37395
74289
68975
67942
11811
74318
7611
76601
6061
39629
2733
97754
86110
82520
3085
67691
66819
81353
69437
97933
95684
26307
98288
34695
32974
39405
50045
18414
21171
45171
11015
8188
68552
63297
22811
18709
18444
29007
5447
41731
62414
76335
96072
60228
39109
60339
30217
11173
52010
33409
27232
50754
56295
74431
33020
73724
86536
24119
66462
26346
59305
31185
72840
40208
70427
20020
2774
3538
88477
21783
49445
94858
3201
3344
932
93535
97627
33968
93515
56485
9637
84599
48434
87304
35791
28993
47840
96899
47173
55175
93464
24470
56362
98057
79301
71778
418
12339
83822
11749
90205
52442
70149
63290
52476
90454
19886
36560
71529
3230
74592
61691
79970
6391
73367
59244
29888
84602
14867
26390
8076
29499
73493
42051
23133
32462
26390
21903
22714
86430
93703
49538
66960
72877
19405
78161
16023
1822
96184
99378
88460
28050
22635
31796
95845
72384
39724
98650
70599
95617
84921
93975
47728
49738
73540
89256
69488
64084
68277
91321
56435
43857
4435
71148
99798
41792
92748
56710
2770
12445
17868
56102
90568
6113
6
22426
85484
58832
65720
82925
97223
62250
17894
36695
17383
93529
1067
45011
49857
23639
62555
57651
17816
68839
69822
97639
82349
62039
34444
46775
37650
19454
12089
30663
83584
86648
44877
80982
92616
6623
4619
96833
74972
37060
70818
27958
82574
39642
79496
30078
26384
17161
56555
84425
9049
57958
30662
88180
66977
81761
19336
89038
96785
65008
30222
87493
33944
28525
97571
72728
6008
38263
39622
85398
5054
95561
86059
57726
55963
12716
3691
37715
68875
25686
20093
64231
72057
10741
16831
93627
68457
66641
83246
38910
37937
65253
83453
16358
31387
35896
13611
5531
11482
21306
62089
50191
67328
50811
97754
96232
59483
24269
95502
75499
21813
11729
66649
82204
63250
71920
95166
27327
95935
5758
70112
24808
43794
68304
63696
70287
44833
34725
29596
66968
41861
48107
42239
18365
77260
88656
12726
32106
1138
76584
75897
21293
96665
77140
58675
90027
73540
60826
95353
38504
3120
27040
32944
72338
50655
48711
91898
22569
85165
77271
87299
19194
26731
67580
6602
68229
87160
7082
96908
5443
42046
34925
452
36727
90393
17789
1280
51999
88709
4429
33068
63255
57313
80211
5310
2836
15497
14419
93199
24555
5773
47139
77724
5683
56288
31223
71067
38662
82449
6465
58002
42117
70426
16474
43437
37997
80065
27669
29109
29159
19059
62743
65154
39847
91418
59885
47536
82701
66535
88474
76060
89133
41511
90419
15628
15962
78148
82563
9660
85476
53155
21152
6236
65479
36109
34503
73429
22769
81396
65622
58033
74378
63714
14990
8614
38709
95540
18026
38435
98765
53889
99513
6175
61726
26822
15635
50930
32831
97811
55130
51125
71549
87633
75856
13978
29449
76869
91739
36552
65052
50483
92306
59713
41231
82374
91771
71209
82443
51071
3661
80551
55741
56272
715
23308
41426
69007
23289
26399
58103
90023
95143
14871
45054
1193
93121
59308
69773
83230
37587
47657
80464
7246
1086
72097
85050
59526
84084
83106
76581
46128
58863
4375
83909
72582
91648
87272
23402
26969
57534
84859
24296
28
31451
99026
37673
28764
62500
49174
81839
97122
24824
82741
51
12773
43895
78992
96643
21837
48202
70618
98958
84436
47825
56179
28511
3535
88903
5769
73880
34191
82553
94703
54091
75430
65675
80283
14970
82901
37595
36678
3968
26383
47881
88968
94147
9559
74653
26358
66629
98330
43110
542
5741
24766
93701
92455
42147
14554
37610
69237
65017
55231
9424
87708
44256
99720
98982
67500
30990
54285
689
5057
47453
59462
8703
71743
51989
58312
32004
57857
2579
89901
52241
78220
55212
58222
69365
35936
87478
73670
67103
13143
89771
5584
46248
91819
29430
87586
91985
82084
45164
77447
21707
35029
75406
10746
68703
78829
77856
18362
65959
2732
56066
13857
17386
37836
10391
12195
91725
49474
63054
66731
13639
29312
97435
24254
54006
61292
34496
12994
82022
93006
84247
13981
5615
794
27320
7604
35297
40998
74039
20319
61354
21393
16872
8802
29400
11355
65077
28358
40481
25541
31102
92461
5490
52583
2094
92890
76955
16206
94109
67324
72922
39299
15595
37004
92035
81488
61168
15873
13752
38920
50329
65339
28142
26810
88058
74106
33856
13625
68531
35280
69770
78590
86462
26035
97239
41956
9984
78946
64433
84099
34684
37936
51423
9666
69291
35914
52821
13671
53972
57111
32119
52902
70216
81443
15596
47744
18769
75983
64136
17485
75699
54980
19926
16773
23841
4329
14339
54149
10215
45099
66666
80537
82776
52509
27647
53179
41390
45337
64801
22958
8158
59202
73770
74022
14433
41630
74262
45970
43567
29330
29634
96818
51234
19887
7338
43949
46253
4873
68216
63450
25558
22506
97668
73969
40902
98630
75680
62839
21585
15860
59053
34389
92349
15048
38636
9400
69845
23213
35044
48299
61435
84120
78080
53859
12075
23275
27526
25410
57572
96235
11722
4036
67621
28841
3854
72543
79327
22941
85416
8901
84357
36719
77513
94670
11579
83739
39269
31055
13169
64692
94358
28071
27397
5732
59410
26207
16858
58461
10074
21596
1598
95633
43660
85357
7979
13772
67058
2
9933
75573
97921
75266
75356
19283
29595
81099
75812
22064
63492
72519
7698
88358
41763
90865
15220
52810
71823
46387
6720
79773
28431
48681
32661
81725
5741
88703
62445
96242
12265
85505
36709
2565
73442
10065
78456
91208
17192
71215
94095
25805
97422
6143
13684
85587
93369
22421
1542
7362
25368
87984
96790
37256
65767
86907
62971
56626
29289
8700
72881
80786
90832
94024
34019
16665
18095
64934
36979
78671
26900
65618
50644
49304
71936
49544
87770
45390
37673
89702
85199
70547
17316
51316
80964
81705
60426
4660
24552
26704
3454
774
96939
973
53087
21149
78125
1875
90832
71349
97921
22961
20996
57992
82311
4362
39522
4368
56996
99216
64553
60765
84739
63798
13969
87340
28447
53992
95042
6599
72691
49782
19143
29878
27695
29505
26042
17235
88669
44961
36615
70987
42386
84821
42650
75976
97042
4516
53619
44142
35587
78404
97325
51709
40701
19252
95850
19122
39172
21735
98881
41112
48505
62147
99703
69227
3157
5415
34951
13693
83345
44197
54804
60956
25969
17235
57629
53688
55048
89258
86936
61445
64730
19530
81067
49761
4641
25646
99138
92104
31723
21591
33519
41856
35932
2095
52721
66806
41769
43374
52394
44650
5409
66846
31911
31039
66133
42353
34533
53075
74969
87915
28005
32213
12375
39940
26080
8389
13323
6794
57515
37823
51921
78996
3126
64425
36410
14187
25649
21842
84823
27935
80218
49694
85457
31885
34540
31761
56132
90330
62003
96975
19464
82863
19235
43276
54105
919
76727
58434
50751
28022
56742
97191
92087
90867
58592
1340
74186
55808
55397
87684
92667
3873
11686
68025
70329
90483
24332
75544
71694
12841
36140
18386
48597
75298
38847
87987
14393
60968
30990
20628
88633
39994
46354
95259
8466
85078
16022
10990
76485
52717
77778
92102
24027
70045
75840
38949
20818
55686
62346
61650
59682
96868
37993
97432
95645
47306
21938
20422
72347
20682
21097
22287
99076
13156
32190
17874
7189
24276
26024
27333
53306
39483
70301
93370
21368
8260
55415
81861
59354
67337
63694
27612
63325
2156
22336
50209
72815
94829
11950
10171
46973
95726
56491
14964
88412
7003
79615
49346
81683
4719
50256
54968
57941
95536
53931
90165
44713
57912
62973
58512
21564
55015
88879
86181
11993
71310
60920
8800
72217
61343
61605
20146
51706
99426
30471
67309
26018
78461
81503
43871
58440
70967
66371
68349
94295
65837
43672
16377
84362
67528
28372
45368
42413
94777
51257
66435
73103
63392
12756
25432
45615
7656
35564
48281
58022
35630
51911
93870
61609
48211
62126
26781
23133
5883
14876
49543
62545
96234
4639
26046
76597
9637
95073
48289
58413
21351
20641
96911
53425
20675
57349
63465
64858
84514
48871
76206
43859
98798
21459
70414
12247
60847
91993
92430
8950
89215
32492
93606
65470
4713
2744
54212
26875
75507
69852
25589
47457
45501
78983
71473
69689
83902
93904
7394
81103
78757
18537
38246
10837
74787
65212
93960
95664
2580
53164
69758
19720
14268
80281
36184
34987
15443
3564
98483
88281
56758
84968
29504
32265
24719
4019
17190
24686
96549
6885
10037
24410
81076
21146
67853
19243
67501
58449
48889
9547
40285
44154
56297
13883
79613
83557
56107
35591
41073
80200
60814
9812
24897
75844
62530
74951
91059
4217
33671
61198
96559
32356
44039
37842
26881
67274
71220
74269
29194
23511
46508
25322
38464
96976
90673
9173
87577
16362
26820
5376
72722
31900
67343
16078
12356
93860
31092
97660
32599
13650
91979
84480
17509
56353
19026
83877
56527
91509
74901
85109
7295
46963
39764
76548
43607
82564
13300
35881
34667
67633
3134
65453
54840
26362
16363
72222
62732
59349
63526
76586
37175
34454
38680
94781
69711
3335
83362
38160
17045
29609
78059
8530
1673
16471
36172
10321
2371
65551
68894
16586
92730
49499
87021
57695
24354
6765
96088
12208
28323
65026
74487
50737
71072
59720
15183
59996
54102
90035
79215
2150
96281
78583
92296
41332
83105
42956
22792
18019
46523
56601
36106
55630
72443
40908
62741
95417
5070
90789
51736
29299
45873
77732
29608
27984
55660
69138
25077
53121
69138
95900
86833
10802
25985
70234
39794
1719
80580
50907
18196
94936
2985
91244
64409
90106
29989
50693
75326
37784
93526
2232
47832
28015
90256
10926
63953
37518
60124
32693
11265
69436
19032
49337
17660
87029
47293
24826
97347
74235
58687
88639
24122
78945
62046
61307
48385
81052
27152
68588
78484
90581
4535
48910
73584
2245
78095
79345
75962
49175
42126
41047
14280
38939
72845
17416
41567
35567
47707
81888
26619
4184
51109
98925
23150
41311
84254
78907
22328
35423
87253
31564
45944
90662
30831
44122
30285
74663
11216
82195
65150
88223
1613
92060
47789
41117
65638
2028
76368
58555
91421
71992
74496
97668
61375
77285
51450
71832
87808
16536
99080
93907
8631
97293
603
84843
15382
47882
39735
69640
11549
81090
62466
43164
91949
95095
71094
70941
76794
67026
52502
87493
77638
58973
82033
50011
86839
62086
89358
27013
74462
26343
11719
31567
87125
47964
23004
75086
6816
63364
57355
45646
15751
20787
75329
81861
9658
59871
48482
28789
80154
79456
32886
50736
98276
81931
1863
49215
77880
68230
74879
76803
12862
1010
23675
11175
50927
67614
37792
22421
34161
65924
40303
69217
82222
25027
20915
83135
34825
19025
95352
59858
48956
27496
82261
53419
46307
92164
3429
70429
51565
89951
8436
33128
91359
67817
23945
12319
69568
90510
94426
66053
75796
2540
66820
30644
59268
96124
10342
57782
19012
75527
9160
51156
20468
28669
23534
11031
83883
67971
84737
59979
57323
7033
41038
39022
60772
12654
76227
25962
77088
19638
19724
89801
14738
61519
49469
77049
9119
81654
14873
13981
77558
7618
70717
81598
46786
44087
6033
82339
84873
33988
58451
37317
52387
3569
67952
19334
35062
91693
43491
75975
60876
17356
7456
24998
23311
33523
18616
6912
51996
6873
81294
26192
50845
32389
6124
83631
24894
22862
82061
69661
30917
52724
10752
15289
65721
84992
41147
30159
56870
27505
85678
15314
26905
83692
27275
65267
68269
96412
76283
52844
83312
55125
24252
78864
19741
13716
8308
18033
8797
54759
27057
65317
59334
79314
69358
76505
45148
90359
91901
50434
72006
33308
53855
45055
57262
94137
47135
4048
10257
97850
96009
39625
72923
73385
81142
33524
21429
25850
23878
89830
4148
34292
12481
69479
67502
53266
5657
74669
33958
57159
97893
51450
43867
85975
46734
76053
57259
55423
69529
52422
83139
83099
22952
27708
71399
92865
78358
24870
24227
63040
25152
70553
15590
670
97909
72273
18160
3890
53193
26006
19417
54421
49775
66121
84046
52391
74797
11001
47448
89741
53899
37067
39786
49974
18435
74922
16547
59752
28532
380
79976
69091
99378
7872
88804
39089
89933
96543
22443
88690
7024
39762
94244
50598
59123
47771
66683
28412
96667
17844
92771
99152
50245
70347
89259
74971
63684
59913
64493
61132
67381
23242
32483
72425
11825
66661
32423
55163
25235
73148
3374
41782
43201
50170
14775
40097
42961
64656
65446
24499
64416
90991
72261
22506
11794
56900
68722
15636
44573
44226
56574
47262
96521
48181
155
65413
82861
11462
36170
45252
32804
2101
1249
81658
54562
83026
85223
81308
16672
84179
7457
10457
92162
30617
85514
51120
57174
86972
46086
25026
46921
45594
3257
72447
38208
69581
1602
26077
96087
74000
12738
69641
60902
11584
44043
85178
57936
4633
98043
89232
30257
48219
5214
55611
67077
28141
61401
13595
91579
1278
4969
84793
45668
87623
86304
84947
57284
84630
63472
918
18197
69635
35262
67315
55465
81407
47436
4642
38024
59010
18909
32940
61210
54695
63940
63272
53568
7349
16992
13621
91147
2837
10866
14007
76891
65709
202
29541
30108
90362
86015
76665
40133
60442
45961
69012
65866
52841
37983
9782
58607
36771
13032
53993
80439
78003
88325
2647
40277
37321
24710
16622
71870
40511
72474
9063
5346
74845
12618
43117
27754
41435
9340
8340
85457
80124
47827
88162
62020
13322
47509
42148
54755
88547
73274
88511
19582
25098
22687
55516
77206
21210
22615
24230
32894
61504
98376
48633
20969
14145
43723
39675
26183
52046
5189
25129
15158
10824
35407
85663
1927
53802
46026
6444
97690
74914
95420
33820
75203
27369
97767
57858
85781
64411
94842
75157
76682
83850
73724
12082
63662
82964
57804
68967
7011
16442
54655
24879
94611
37969
36235
26126
85161
66595
48163
49822
24856
66494
64956
4469
78037
44537
50248
95182
72835
627
74749
9853
79014
23842
76995
99528
30485
85309
2179
59176
68704
44091
47760
143
93259
95539
51485
38453
74535
58726
98746
76022
54208
90140
5598
80011
65072
58409
84318
42895
68275
85075
73154
55148
55046
96350
13139
9869
20783
74629
88555
84589
90619
46439
80411
77577
58419
8358
16289
42964
13620
42551
88220
56852
75350
65769
69251
75933
5760
94032
87835
58918
59620
31318
43635
32560
78538
89308
54837
70623
80843
66214
28806
26355
11624
78832
95777
76554
99383
14718
8953
27416
14193
59567
61666
76782
94200
54200
96372
44100
62439
83676
97560
74669
43546
60395
33724
12871
31607
916
23478
77454
85919
98631
44100
73608
24293
23635
20366
12900
32298
34247
73526
66983
84347
130
99262
39981
25779
98836
36970
78001
65744
66584
46219
49634
47615
746
40999
33249
35158
61969
9547
81233
98435
35312
56018
31306
49782
20182
19367
58046
19480
75144
97834
45190
94944
26136
12502
87848
95696
13728
47812
43439
92286
4547
86816
25251
66791
54241
91342
60554
65075
89355
79321
20624
56023
27610
79356
57694
24875
48725
53054
95733
36072
19635
11954
33442
5106
68739
96660
27213
342
64486
40763
8447
93574
43326
15133
11823
43739
16283
42484
38164
60559
87433
37654
80874
82627
1108
54862
93647
75700
42593
73157
61159
93385
53962
49910
93721
82477
85522
55864
45218
63391
98905
72391
14269
82101
49833
96620
51353
34084
5609
7655
69307
1490
46539
90040
52955
12850
54171
97585
91423
83828
93735
73837
90799
93300
5249
12888
5535
75143
76644
51711
39019
14028
37473
29141
67595
87006
9414
11450
42161
33076
51342
19678
9631
70663
48643
15458
29721
31949
50699
53239
49898
42580
38175
9904
86324
24423
99672
50800
14547
76570
81950
44097
67878
80133
78651
70013
81186
52288
98427
90801
56013
86674
68278
76782
28200
56997
25755
82611
83324
72011
80053
40841
4994
43416
78640
22412
68874
7922
2723
34344
864
76131
81956
43430
45997
74267
34618
54387
39602
60058
59184
83747
38140
86179
56067
19366
32913
59192
34556
90968
18888
39524
37597
67426
29445
79021
39045
33896
47944
74618
77360
43293
47910
22821
59202
31696
92330
75647
12508
20443
29551
66291
65447
3713
29099
44002
84331
63821
38519
8467
19570
88556
466
66876
96495
12066
32029
34657
7165
70447
22099
40312
16122
41951
6034
8312
50314
9366
77417
95635
89019
9012
65831
71852
15958
19831
62511
91023
63513
194
82877
25299
12220
95046
66637
36472
26814
2295
90944
86944
27879
3853
2268
39388
36485
75958
67466
33916
45162
31295
49065
1177
88734
41127
84968
95427
35738
89371
49393
18699
71315
88124
5743
7034
26739
92145
37707
20634
1826
49243
88140
77538
30678
59967
36247
4019
33720
38813
31299
79364
54888
18275
85972
22241
74817
86684
60400
25277
33504
62296
92257
3490
58336
59815
71944
81055
61196
73114
40651
96600
99813
54873
68134
57554
39102
58235
8101
40773
80290
86082
58151
34626
92125
49367
1638
42907
39819
70643
3697
36432
92517
71076
3392
70114
89151
88352
57691
98966
81199
18658
46905
52840
13092
41161
32362
95458
29028
86591
13695
13613
2730
66171
63238
44774
48731
27199
66235
53484
75529
7085
57521
27066
87350
1600
61958
37440
81227
32645
25580
9334
23382
78087
22037
6341
91533
87434
89477
97411
70242
72468
64314
58250
22607
20991
33183
58178
68588
31228
97442
2083
34172
65633
42976
35505
95240
35047
14887
38318
81876
52115
58548
85376
81227
37877
47770
11832
64451
44924
9717
68185
39060
35557
47756
97233
23995
43969
59973
37095
58344
4670
76466
6371
62054
46181
93922
96730
21827
51609
90304
27697
28117
27737
30080
15070
11075
84469
95204
16298
7567
79296
4787
2085
59934
5059
61098
73496
21302
48115
36254
14961
98381
43485
42897
97771
5975
75474
69335
15514
39396
40179
53761
49729
85517
11011
38817
29785
67708
72899
65220
49847
95212
93414
75304
97350
7339
96863
57714
38535
74308
99653
35471
59810
47770
62808
76130
50463
96202
33329
28766
78390
1207
37033
94366
58773
16528
68197
12813
89147
28618
10103
75143
79852
93520
5784
84289
4115
75703
67926
3398
87440
90357
49353
72080
52735
29002
31524
49423
55710
18391
85284
17838
11165
69429
32907
7589
60789
78787
79455
78261
50245
69227
4827
51406
39539
26038
47279
19893
25765
50287
29488
78360
61235
9667
16321
33622
18272
21454
50223
40325
59564
27344
70925
94226
59397
9550
51174
83057
46836
26608
4765
27282
9550
2140
76189
20791
46336
58064
49944
12878
12398
75648
51283
31144
20866
9953
27485
51727
17221
67194
34011
15871
42406
67934
73868
37564
24398
75939
52962
84441
51805
12877
49495
54231
53085
45143
93378
4534
74051
58555
502
23956
92520
66286
64930
4878
70637
72007
16793
62049
78430
33061
42407
34892
45581
72495
16051
75186
95040
77928
42619
26719
53174
45733
4349
66262
51756
47225
55593
74774
21933
68310
52594
19907
71650
39432
62087
30550
84149
19695
90677
3461
89749
76171
84139
4396
80108
9970
56781
92629
51451
46664
21492
54212
32950
70487
75457
85296
39762
55603
26134
85566
85344
36918
75495
9207
33321
39194
98344
43292
57160
79448
23547
42171
38989
71264
55766
54403
74192
32880
26267
95009
98525
22386
29082
80780
89583
73005
72380
52022
74048
14582
91232
80567
91101
72370
45450
98057
8744
8124
11637
56776
97247
60172
26267
21319
91461
41279
4866
25292
21879
79188
37092
29628
21291
62166
13026
62499
31501
54503
74450
60468
61498
11294
25539
81862
16538
76081
60073
95691
80237
24987
65041
94496
73857
52794
270
28594
92743
46403
60936
65160
36993
28786
6408
38435
1437
12604
84077
29773
32919
33678
45776
37910
96858
10900
81616
72063
5665
60388
91818
83261
24501
53597
32876
40968
11309
21674
70567
10519
665
74512
45369
51901
26424
12274
86572
19913
22538
7034
34484
57069
92989
21477
75998
36659
43357
95910
20909
15371
50117
7443
56346
54579
71173
47617
47071
79073
35939
90651
83799
70513
23177
95009
67040
70286
43036
68210
85021
69150
29824
99961
53525
56379
20861
92070
70349
66281
34623
33302
94853
24065
14440
34017
21768
13525
37776
47845
42141
88176
27703
71459
5474
52402
19739
56688
12087
32277
60058
13295
54666
50933
99569
64201
64685
14169
89265
88420
46745
50489
41891
44513
25022
33199
15375
9097
97557
67179
10757
75126
14919
11613
474
75639
32838
74070
40989
55542
55853
57216
38966
94725
72923
22688
30704
47649
23280
3430
43352
93183
34462
52817
9495
78580
33129
3938
25155
3325
84382
76469
41753
1911
64208
75072
65287
73191
9685
5399
75882
22271
19316
80355
90526
78459
65320
62892
92896
44857
60630
29665
35432
30202
81479
74770
38223
45712
75651
37482
35405
15797
19759
62990
16154
23969
27165
76130
26978
33895
6220
25032
75438
86786
77112
1386
59472
60657
72055
22420
60983
48696
33769
81238
62989
72828
16955
13955
90738
7141
27025
94225
58358
32665
37515
27206
7416
91168
48773
96251
54390
18695
29964
48656
3940
46988
28993
69881
34260
7146
33866
90380
55606
90305
76348
62737
20165
51320
77259
86595
91587
18414
19849
21000
73877
13295
64619
29754
33539
34607
26271
61613
45705
35351
68021
17448
45726
54171
8305
90950
54234
25019
29552
26353
82500
69388
49912
81118
18670
32343
83719
29639
20246
63362
8862
26901
4694
96260
69900
42493
54162
78904
82392
74001
43166
98754
17455
81878
11529
32472
51117
93239
31962
49677
41874
1019
66258
64904
8689
10146
90800
11654
68539
73181
12101
85126
8660
52996
19349
25635
14925
96022
99835
41491
85571
96692
56082
25960
59355
46342
31504
9765
52355
12458
10010
7654
6726
86968
39192
77163
73078
58153
35268
63641
6914
87998
22825
40581
25859
40800
34365
32834
85379
63581
28312
90515
4010
17872
69234
78995
82229
38127
75541
6165
34726
2231
77725
40589
98067
4300
94163
7850
50370
53223
397
78561
2869
83641
85169
19808
66190
29228
82347
7929
62808
79100
94874
80179
14474
1414
52339
46979
59242
89711
18910
91260
52355
99786
15865
25559
33673
29148
75931
38349
58575
67382
66292
16155
31560
58418
64479
50713
47173
82490
20613
89721
22758
54166
27678
61627
67383
8406
63006
60604
99694
52341
77290
51217
99276
57541
89764
13272
16529
53271
5990
5118
55352
89228
31246
87104
57465
38366
23800
49395
44700
20895
44388
50868
26534
36894
37968
99177
14327
99423
69995
51810
34601
7338
63800
27459
71105
73372
46094
2197
41631
30379
42870
1479
73171
89318
51065
22297
64487
19517
64204
86478
71338
1193
21423
18969
73976
34685
1472
85273
31382
20299
97418
6769
31999
23530
80522
29846
24518
8786
24791
75108
17267
20271
85741
95617
63999
56580
83055
69946
59509
56004
70704
49450
54442
81619
47367
72816
25808
41106
90296
45833
56446
39110
49460
78123
76314
76019
79860
62242
44892
47571
56672
61388
23916
81421
50949
34270
18
26509
9465
93491
81726
34421
46866
51134
9135
67418
88654
41670
37052
19463
9185
59596
62812
84736
79628
9335
42584
49388
91808
75373
31989
3348
89364
22032
28235
63400
49338
70749
31466
83981
62081
27066
88944
34951
73225
35091
24245
96290
85654
30376
52072
88541
81015
55680
586
36023
26189
17612
53716
31245
51646
61953
7536
33730
21923
31698
68873
5089
20131
44230
53441
72083
94533
97667
62581
55375
90230
32093
41476
21261
23058
6818
56906
72957
43917
63556
48318
41800
77177
78151
81257
47110
82449
2403
46592
65067
17079
89610
36581
93509
63292
33512
40555
69429
85613
91878
63216
29312
40941
78296
44498
84230
58401
50704
89531
42116
20345
86575
2646
25268
53074
57391
29944
980
4281
36964
92404
1700
68914
2425
8321
45981
62926
28208
78706
23585
47811
51003
15581
96826
77698
15329
80229
13962
92756
52486
82314
83641
59879
56555
86258
29451
58217
93864
95897
21766
31223
86277
25827
98684
5692
47807
49890
44533
47036
87101
33435
14529
40320
5874
12648
14726
74720
58800
58759
71562
74898
73455
43813
69559
53254
73941
25484
55453
52861
12336
86819
40426
96076
61485
99196
84086
53047
49782
78223
1106
34254
34797
60361
54426
87077
72184
67209
21535
59709
72932
19900
90610
20243
9301
70229
96455
17242
50652
59691
67065
66929
42855
34925
254
55747
4090
55138
78932
16802
61771
45288
1200
22517
88712
92235
28165
58385
53954
21952
76090
82349
26146
20122
80558
73242
91971
63574
66748
81085
93906
47861
7563
59625
7501
39277
1171
24777
72527
18804
80308
93518
17117
72602
38270
22705
87190
92146
13259
17193
82461
34632
58936
86155
48886
17029
14213
78962
73959
52679
93009
84235
36392
22755
72994
79812
15609
87859
53985
69554
99719
11311
65616
94640
39507
31505
97631
26387
50105
21865
52137
64571
51268
45712
70249
15001
88264
21810
86972
9110
50382
1481
86154
57127
92830
78024
58948
73018
48878
25974
97352
20241
36726
34184
78246
43161
93101
95267
70760
98925
29076
56094
62292
72176
99654
93097
82352
52249
8189
82348
97742
47709
45967
76880
62624
89624
24488
46410
99322
79546
20941
34508
77060
22781
74910
91861
32718
94190
83907
149
66409
36676
56675
54555
22732
76539
42593
63045
47922
78071
58148
54503
63677
96652
14499
59915
78919
93565
84402
92863
35063
6100
96894
74965
62604
2860
30040
92219
16304
65677
97501
88311
39011
65343
842
9314
51709
50742
58558
17038
65954
19429
56686
83540
55961
2422
83494
6316
7420
32629
20439
61630
7995
41021
73809
92096
1036
26728
94486
907
70804
92875
17354
77653
39810
79318
22962
49907
26821
51900
19152
62737
44983
78230
11546
15657
85618
4892
80373
80188
9244
59741
84883
25253
9346
11435
41446
46400
59848
45817
89412
99935
20119
5266
36000
90659
76265
53022
50462
54883
87409
25837
73695
59038
33746
80603
98237
72646
73195
72397
24432
53783
69016
29947
69156
4803
33349
56141
35344
44873
27482
42358
51916
67490
89743
55846
56410
62799
64213
12382
53587
72802
34731
99698
87940
20469
47360
70108
80552
23244
35074
95945
65436
39203
56121
76300
45804
90749
10559
95039
86191
35854
57188
60110
6491
95877
95032
76782
81258
19745
12798
10046
97707
65970
64156
9780
18302
3785
76123
90674
57582
28601
86188
63306
5890
41742
20969
93140
56856
33681
86477
97423
44107
3076
98623
34433
53973
90005
23794
21134
53609
77188
44015
89327
56735
64086
22126
14564
44350
94914
83279
89613
37756
79756
77667
24461
1401
90605
24210
61028
5710
45021
65254
98159
70827
79057
29973
71105
71630
71454
63426
97375
31468
73433
19172
69959
23144
53041
59331
70680
76387
40719
54077
54382
1374
24796
99676
37390
58810
50976
25530
90349
63663
94276
44110
44431
55603
93302
64873
23383
52517
87441
41181
31266
74440
34497
83368
48662
65632
4807
85323
42700
87642
59010
12676
1060
35314
32089
95254
37137
59404
42609
1468
64719
48256
73339
77351
11306
10057
71481
29264
55320
95909
36453
54309
88474
16540
94893
51026
54731
53372
41509
86019
24606
11490
8035
83568
95897
28282
11656
12845
31908
31571
88362
43420
26432
86151
78355
41492
11464
62556
76405
35201
42263
85776
83978
38456
25199
93454
24475
43800
4077
60341
70176
79367
89568
36132
88204
77519
45492
3223
53804
34380
99853
44118
53879
44538
85454
58739
27926
62243
77097
65900
1445
27417
86620
46935
46067
10423
88215
7155
11350
41811
98712
72318
70894
86138
68548
75515
99477
26567
46202
1688
58567
6398
39626
77583
75724
85253
19596
52613
34146
21376
59673
47450
89679
81687
60711
38130
12178
2909
35750
24353
48700
37329
62100
85647
56059
23128
99051
42563
48841
86237
43249
94082
73065
15135
88618
43606
19820
60119
84587
57588
44137
56814
61846
18378
58174
69948
52613
21445
64686
72400
23483
91437
81180
93827
80057
29126
88392
33552
35268
31644
398
31341
61261
57310
56344
34131
4202
36242
42270
37010
21631
36058
18538
1979
62631
92026
16485
14052
59451
54277
50625
72026
28286
96211
88927
99488
56450
66264
5162
51545
12160
74178
77413
35930
3455
92722
16147
72001
54690
62487
20824
83348
80768
12631
22599
86678
43123
35684
87517
19810
10216
44635
81032
83927
11429
48439
2035
19497
25558
36692
41841
48190
75899
57046
7767
95059
90779
91108
81801
5425
89412
60998
3954
2353
10182
15467
71968
29134
80437
11802
39926
84199
58131
34821
49063
55594
48996
27813
8918
76919
90781
89496
44524
60445
51012
67443
24690
36981
49318
72468
7644
20413
87284
33617
73731
88220
4990
84773
60235
66797
43089
62255
72094
1699
83710
40930
82086
88028
56635
23672
24643
34415
7765
70392
86417
39225
50007
92388
49692
41088
85238
75911
5363
34702
57701
13282
52309
62504
35387
6966
347
31741
14449
87295
70990
35820
40383
12401
37682
12861
94319
95283
75098
95068
78967
17944
90827
20161
93504
7806
3541
91964
35137
2743
68636
26439
60236
99610
5744
64289
58096
86709
62610
78384
7885
53343
70392
5414
17582
2726
31222
99237
71187
56303
57506
79911
95457
8715
99478
74322
76766
10258
32789
33849
68897
50365
28250
40067
48680
32595
76808
30905
82620
4891
60731
64100
57603
48070
63923
18203
35097
27168
19775
58520
91049
59820
46451
44733
99430
87304
74523
38244
68286
4897
1207
68074
18870
63204
50423
57494
34727
92632
7988
479
84192
65815
53507
50246
31771
77217
17346
27736
21717
35028
55044
43682
40214
13556
79001
32549
65474
26659
88515
50279
64138
18969
69628
2824
74296
53649
98800
87550
10419
73478
32413
56629
42551
37781
50152
19233
66628
84202
63197
50323
67998
82231
73309
63068
93805
6271
99141
54658
88272
54472
85169
53422
71670
56824
11788
16966
63390
36955
21896
10698
41618
84647
90871
64339
65585
8100
90209
30565
71759
12051
27887
59331
68096
6735
93679
76780
42260
1140
93492
77824
51985
99008
81578
23156
82541
30564
76777
6458
24689
42181
19345
26919
92828
51985
95259
31914
10113
11020
74965
40470
59092
57341
53941
43782
1175
55505
85073
60216
34200
97717
1282
76531
18553
87245
48464
93247
66803
57179
15450
5897
79856
74221
46935
7723
21590
740
70093
6446
10065
30005
94212
77287
88607
8901
63146
37901
80554
8508
79542
19571
25464
21997
156
36877
65907
42910
77431
37620
46606
65522
83875
70147
45614
8579
41545
48505
92991
28574
80333
79798
85260
60087
45536
30888
48381
28967
53827
73332
37606
17918
83116
53587
72269
27694
86493
60519
51350
81991
67695
50905
89734
13276
5385
23305
24631
7115
94845
24101
83163
2950
34947
475
71076
94789
81778
49225
3485
84410
89411
52421
4795
79388
83267
35049
38761
91110
89382
91618
77459
71738
72383
13253
91612
94062
50196
37876
32333
95859
86510
9372
34494
60859
46288
98542
63
73457
73047
59061
80275
33243
36798
82551
3524
58502
75475
65544
94771
12253
77336
47043
2319
8580
81266
85792
30877
43809
14520
37906
40641
99249
6842
68750
43820
76395
44073
22351
45222
73720
12204
65087
90317
34650
33345
12635
86298
13149
29445
18516
60815
50127
56506
30066
94669
95736
58562
72914
51800
49773
5049
30220
6079
3663
10179
22972
73517
58554
44213
30957
94694
93066
37028
1166
5672
26422
98350
1090
44922
32701
62918
43118
68918
71483
62758
1570
17970
94612
37808
54535
96833
10171
77188
83874
48225
89250
99021
43866
49853
12607
32610
82805
28856
29731
41774
56974
70336
1415
58181
2562
3856
52596
21443
25018
83933
62707
53523
27906
22814
53575
44026
67595
91467
37987
58995
84668
26388
98378
32235
83713
88446
3804
52774
71070
72072
20399
58135
33185
48822
19827
19927
98085
86913
79954
46133
47228
17412
16528
83873
55419
70529
90483
74758
45343
97803
34401
95760
58351
55725
38184
60232
81402
51084
16559
53079
62545
50523
21428
66544
63519
59107
87877
39207
67415
93746
40758
86333
15900
23065
84062
81265
72092
78381
66184
8345
32119
85447
6541
31568
94238
14226
263
43087
87405
93701
81174
44932
63730
79854
77464
13786
18181
28205
13551
72668
96883
459
78868
54367
54929
63562
55008
8977
30181
8218
69364
91353
42216
68303
8977
58281
15834
42028
75406
63633
36187
2879
43330
8741
68568
53499
94567
23717
95754
74492
14335
63872
29612
56833
13305
63468
91643
11085
5828
43316
51939
75372
58345
85861
23776
32478
61590
10830
25987
57060
16829
47475
29011
8562
60177
56912
60444
73654
8670
46775
48168
14079
56385
41649
64008
10986
25989
90498
90056
8395
86389
17393
79043
40594
95975
34671
21389
58345
70965
91637
92059
79590
88537
76664
46900
35043
22444
80865
82215
87668
22829
66011
68912
99416
34857
40046
70933
99678
12639
5381
75832
7290
64614
99989
36562
71346
63782
78685
71101
59211
13722
77338
26381
35499
63059
31295
76121
20023
59581
82370
38174
44850
32736
36301
6178
74655
94361
66339
96474
45594
45875
92214
86612
14480
58326
70447
66903
27331
6616
64150
67712
74418
37991
9423
38607
40830
88509
27882
32821
97732
14396
95357
2780
38582
47862
69682
72273
79356
63088
98288
75143
24219
7664
28035
29443
96113
96849
56321
9484
98703
50030
89382
30341
10458
83315
17591
97740
11577
10905
75445
63508
61860
78366
16882
54484
16757
22532
22920
73
77999
9983
57105
70820
96971
33429
3486
2979
49065
5344
38948
62261
63869
20648
11648
9298
47965
87241
52746
32700
43617
40329
71288
31853
52928
27636
71803
84232
35448
58008
14417
65941
83078
76661
63842
14277
21556
80339
36313
89854
65301
8158
48262
25887
26297
51541
32591
25655
46187
48188
25825
60977
25192
84935
77826
34904
46397
37963
10533
24897
53511
58709
43960
34850
56214
23628
33228
43776
4796
77427
15341
81584
98496
56335
93468
76020
68120
86535
17802
39774
31982
766
82299
75446
50503
61677
24188
12906
43772
30496
41876
13934
87962
54150
79665
34735
76289
13205
52615
85476
69918
65154
70132
97
52068
71184
20569
42970
95668
40162
13378
15606
51928
53668
40036
7168
87607
67426
97789
93359
10990
30005
44004
28079
88830
25513
92378
78623
66837
21379
11957
20246
26973
16541
22272
79984
86997
48174
48862
56628
88050
83935
54381
92602
80945
87007
80692
93244
42941
17388
23693
87267
8634
79466
17882
93651
64866
10770
9189
75601
6076
22948
55520
46705
41825
34583
69329
91484
48402
46609
84226
46995
79290
398
64249
32174
35206
52321
83387
14712
85513
6487
61692
75119
92564
75901
5949
25077
40473
53088
1390
79253
88750
98842
30163
77339
97869
22845
3967
82686
14234
51375
24348
51749
83282
30479
3882
41245
7400
69823
25649
95370
30305
87322
28734
27431
70424
42004
59514
1132
88239
83106
60403
82155
96530
38650
76404
69430
41156
73511
44209
50833
70982
75019
66282
52679
23977
76546
2175
38036
44702
59594
5324
45975
17472
71466
96616
36263
15468
50533
16052
79964
10315
47806
19843
77395
148
66198
75417
53671
80578
54220
61390
44389
54504
15726
60417
66846
42838
2274
68348
70711
7366
60515
42832
15954
17140
85147
46148
15070
90204
29428
54408
73879
61387
51163
9996
39463
29658
91457
1381
27597
38267
48065
45075
98755
80377
18447
76690
41182
68113
23874
26922
1131
90560
63
87975
26596
68409
56419
96216
9910
3393
38581
90685
93131
1384
50004
49432
9536
18950
63289
62359
82164
36926
32895
92935
45354
99263
80496
18645
63208
48670
49931
45863
48130
6352
35275
674
92552
25334
47053
23772
17805
82159
46267
7686
2790
96319
72453
59576
17108
21412
16175
38731
86852
65224
11858
74820
42212
58256
94276
84460
73279
73965
43617
11685
1976
56132
31856
48092
5794
62624
20826
36251
66605
50199
53204
95782
3684
88795
85605
10355
39118
3953
14682
60019
5517
73014
63080
53631
33481
3063
38857
37420
13111
50615
25105
77999
34160
13577
97965
40586
88294
27354
73651
9419
48921
2819
66111
92059
76641
93869
11312
56648
61701
51547
78763
64682
14600
47197
30281
2814
25810
39889
80366
49399
20932
71343
51140
21964
9248
62186
1675
71858
48512
68336
57843
68006
56436
43765
74676
17514
4413
36985
55374
184
72264
97865
12512
70436
45161
98804
62274
9520
55419
40473
28722
88410
59959
64296
31811
95838
30211
64114
65088
4731
34384
4642
27463
792
91595
46288
86168
49064
80960
87628
42341
97795
11098
87536
67304
75882
29736
19743
38020
69445
64352
41835
97365
95567
24764
28142
22716
34547
40238
23507
60828
46146
65437
96578
11649
6197
10601
40131
16547
98232
90283
23954
6970
13047
4268
25899
62704
2567
53539
55049
72629
29541
77791
66582
19059
44634
12582
40437
52370
12351
40030
75343
13279
25656
53146
43865
58901
35891
27484
64641
80266
98917
90436
30219
67243
72779
86558
10404
42287
51461
72378
30391
9398
3860
97089
19430
77446
94518
7253
70561
67583
23823
97662
53043
50581
9646
96679
53839
31396
36538
20756
95825
47385
67903
38321
24028
17006
28842
1992
92879
79458
11617
54508
35628
86947
78457
90243
66399
89368
28220
34706
77595
38251
65786
27631
13662
92698
33060
87943
14577
2087
74321
22895
89883
60952
51784
16549
19110
17754
43003
35516
40270
70813
32587
84154
21702
50497
22510
28147
72688
90460
8467
62596
86173
71799
79372
90774
51479
98931
52818
46670
5091
60544
48693
19330
71508
74257
88277
39372
98803
38390
7561
29433
49699
18677
44944
21150
1687
27568
81979
58224
32237
2051
98675
2714
67474
89749
32536
36597
43336
43818
67414
11133
26464
17944
9522
86871
57778
17658
21134
84269
28996
45724
87471
29399
26684
6268
84632
6566
82894
32329
92245
89028
58833
10142
26428
35560
89488
97015
40300
63464
85546
31976
90590
33450
56068
76791
60893
60154
88628
241
45011
24840
1558
30967
53879
28920
9822
44816
81459
73307
62421
34837
70749
98806
39865
44184
27416
14299
6577
43264
53068
95715
68319
67996
94026
86075
87292
41371
20678
5347
13830
29747
56838
34289
44831
11864
24944
52596
94308
47609
94417
91103
60733
16682
587
41062
95219
38090
17026
86331
28003
56818
82299
61803
36376
28433
6253
4690
88696
69143
22341
95609
89637
64160
11261
31851
60859
25115
33515
47505
61522
57712
2667
33916
10767
93607
99944
35835
76260
63729
44583
42999
32211
96461
6220
76728
64076
22948
40330
35127
38152
66849
89614
92239
43980
98960
24845
76791
51225
7504
62957
98757
53131
5504
16559
2110
35901
65467
50120
81846
3503
58954
8432
94774
96782
6472
27560
2858
232
76804
58450
74016
13588
39648
99426
49040
42259
96139
65831
54278
45174
30876
13465
77950
9621
8427
65814
61288
90851
41021
33500
5599
60727
53723
95159
38564
81558
74183
15894
67305
32058
23836
74558
13810
74529
23064
96715
84882
40899
12279
34899
14297
16397
74726
60342
22276
6947
66845
74193
71946
27049
87810
25714
3466
42870
13108
47108
29911
98118
64654
47051
6868
33137
69263
60881
17178
12932
11917
5935
3232
64728
5754
61058
2535
99977
39787
35665
5066
1485
57951
69078
15229
43085
87781
81123
13929
84580
76016
68299
56749
23097
34622
63133
36514
62635
47025
68201
96106
85461
7525
55218
28766
69844
30663
25479
27170
92801
88773
89142
73695
31310
16185
91644
94557
48201
95467
24510
14360
93669
57131
24810
50633
5374
86613
89535
41594
62413
97229
10782
66966
44659
37098
62779
38784
4992
62416
32694
20636
85629
16727
62527
9805
4293
98452
44419
23338
74257
14025
11793
40769
64904
63399
78846
5909
41944
76231
56118
90117
53351
83940
37349
81342
86366
78107
13393
62680
97070
57993
16242
39648
14126
33572
33089
15103
86426
90725
70087
23557
98036
36551
55033
17355
36303
50483
80254
6245
95373
50844
67096
96911
8843
53421
3018
61386
51617
36471
67988
45884
18888
11
12661
91135
71771
6398
1140
12920
69449
36097
96889
99977
89638
20449
17160
56908
17927
11726
16799
23040
91685
44529
97776
42682
71740
45094
36749
15356
87424
8727
51308
98806
72515
62578
17927
96390
41311
2554
45876
30505
29755
14490
28501
9941
40219
15170
36804
82457
97238
75238
94082
35973
50719
88148
85775
7514
95262
17573
43511
34046
64172
3301
69901
35547
79373
12383
86353
43589
85991
12950
6519
84079
696
19505
85646
352
29700
31036
3371
9112
14525
7066
805
48234
5685
92776
9556
40612
65753
1234
29770
11896
37202
24475
67669
74973
63311
32658
191
3121
64806
65238
61657
1091
96015
61123
9411
87034
79407
88258
76502
74677
49754
15315
96024
13457
14965
34810
26692
56029
76734
58557
59799
57403
23734
36750
97947
84014
96779
52642
94364
13765
33357
79421
93942
71071
60852
17854
15947
13764
27401
5199
13211
59067
15095
27045
87497
66179
73621
50154
4391
54839
894
86002
88784
70619
30090
98958
80062
58704
52204
83138
52283
8423
96419
35613
96698
62860
23027
82067
99878
83931
22983
4787
82028
32916
20961
1105
56529
51045
26720
4156
94914
35556
73538
67008
27700
10227
7241
93914
87794
71012
12661
45103
22825
55985
49026
11081
93013
3244
56037
66909
99128
56304
97496
91242
21564
29053
99699
21977
42277
51114
44015
51584
55040
8177
62576
47137
61186
10558
96169
94770
18210
85120
95922
25928
98725
73743
48613
42017
63876
93986
53140
63736
4589
72211
16571
62286
84067
75472
6063
44577
5313
46989
72354
51631
54462
95987
60946
96903
11727
932
68910
42060
6065
51272
72850
35385
32806
59042
13376
22055
35507
55958
63023
35656
14615
69982
67474
57167
72649
36877
71107
11281
63334
93780
97665
77646
47782
28109
68611
59995
76375
31143
82647
20663
89133
77421
12371
91015
57282
36437
76538
57340
29557
31794
2607
98974
90760
78662
702
9801
67511
27236
24026
25912
31586
31672
15032
64846
30027
13448
64120
66113
11149
69699
51333
57554
45642
26571
21100
5409
35415
24474
6323
26136
84906
2288
15449
39367
78220
50172
75774
69546
69189
44546
44398
93676
91139
60033
87822
36880
26205
11538
33984
83181
99247
38890
80943
27927
92430
10157
28751
2660
90296
74474
19920
67844
68334
65416
91436
2825
15510
23824
41226
6534
39246
6494
54141
39061
55483
48319
13775
40843
56770
52039
33487
26601
4793
92287
52168
164
66007
89624
79341
94300
34931
83514
66797
76956
38392
73210
63523
45687
82720
87871
60842
47836
66723
46633
49319
80071
98716
86550
18006
78036
92248
46279
91487
86637
47733
70522
3739
21523
13497
79201
63435
82241
25701
4172
75119
10913
29055
10955
43221
52123
5419
36741
61460
16729
83768
15311
72060
158
84204
97222
96160
9896
67713
8334
3470
79453
86357
68615
31334
63824
65102
14716
65541
58495
68412
87561
18585
6809
58796
36388
53723
74330
51998
36301
94847
32168
13028
97531
26821
80821
68521
43814
99599
62019
45164
38254
11569
8548
55207
17454
47838
40396
33217
64778
35957
65062
60356
4507
63648
48992
84348
91391
37946
93959
5857
60827
43445
66121
38543
60830
51553
92541
3302
53865
10827
6657
61528
76655
29461
12490
33978
15362
55414
84666
48918
93293
85046
77249
28779
21836
1885
62714
85559
4022
43417
89543
48821
20091
66137
47731
15916
21712
56059
61022
45833
16434
98492
21931
99165
10014
801
16343
29269
21986
21294
42020
54966
74120
15159
42568
46757
96788
93540
53223
23427
59183
56391
45476
18815
75365
31489
72279
49973
18594
64370
76693
8535
59121
8722
18411
1756
54047
79056
80701
33392
50296
37872
16891
90337
57689
23039
93864
97400
18352
91768
82740
24226
43580
18962
68144
53911
48677
75743
97643
4
96201
86501
20778
46330
52473
28191
63611
4964
94305
55616
53989
12169
19617
20728
47623
7040
22559
34428
66986
85886
89797
58873
1112
29899
77876
34927
75992
28855
31239
35749
80549
25779
48617
22812
47430
34077
4596
87727
36768
61498
63819
39892
28344
32902
61498
9581
34458
38353
27643
92603
42659
68133
12143
41822
54833
51283
65863
12175
73523
49523
32425
95142
84481
85790
52601
9282
82589
50066
25466
94314
39806
93790
97392
59315
39338
55788
68320
15690
84738
50979
70640
18340
71319
90377
47454
21638
41963
70552
65581
23561
5716
4742
52097
78411
91717
94940
48358
41430
3473
30260
78042
56236
76419
18025
77290
32799
4919
97895
60590
67778
75408
21956
49921
9756
22191
77919
55845
38495
45605
71872
45780
99502
10119
32466
39921
40941
67640
80305
62787
66705
56638
71491
27349
3209
20195
58792
53149
48170
81419
93529
82189
2205
1483
601
5986
96001
3708
72362
96203
68394
7488
65305
40720
75231
22698
7538
74974
43836
47298
39448
62905
56162
38591
37019
47170
11927
54479
2404
72328
59444
72807
37737
15945
65733
21907
14224
640
65331
68905
86402
61372
24053
27116
48039
12761
94233
23990
23794
43495
70779
30483
37161
80092
35853
46153
51800
65055
6217
9074
91549
42297
78447
89192
80763
54991
24638
97537
76934
60187
83431
99949
96828
35068
83091
35898
34855
56030
79556
63764
81944
75493
86733
95142
30374
11159
36427
63171
23947
11586
41462
41454
50979
94899
25057
80952
17922
52534
70850
78559
70143
52692
55247
23221
80906
39831
76213
52355
5903
63094
25624
4708
87155
19182
96039
16105
53043
71525
50424
47256
69831
34738
31941
82294
47543
65081
92592
55415
65829
29584
55682
77919
83076
55388
83873
4394
5727
62240
70302
63186
89412
44842
74062
51284
70534
4809
6084
72753
39727
53011
40955
81951
72064
97668
37237
41755
51866
49742
78511
40271
75636
52627
99469
64862
19143
23509
90299
71949
68164
99236
88316
92519
34250
95891
15967
59810
45647
97498
21534
48994
36438
79736
65909
59571
82745
71447
36790
12171
56293
13672
96474
5213
10698
69094
70283
15809
96320
73330
3695
95667
70617
2795
36307
16473
1319
73575
65606
10202
70515
86408
57496
17127
83419
79638
83637
83630
60225
49464
91662
45210
52663
85834
72772
44446
5056
59129
20947
27516
1771
51296
26138
93570
14493
29355
19169
97965
75081
81364
81019
66930
20587
22654
43181
74311
93624
15303
26982
20004
40178
60285
93360
37577
92209
60
81842
55304
80395
49471
56611
85203
68639
53727
31173
38646
44910
22668
27451
93231
79985
36501
45571
21054
7622
69421
53457
64684
851
58793
4854
57016
68336
94629
37557
25673
25618
96486
50172
40812
50708
1615
30818
988
58530
58540
99824
22971
55283
91389
43922
25629
18150
8779
20286
8979
51098
54381
59912
84423
10271
26213
82575
87814
21657
34225
33963
30024
35727
88388
70171
84352
64959
16781
91578
19266
62946
17132
78422
22851
81845
96233
36054
20014
83460
59856
64080
88921
17555
8990
79746
38159
8617
50934
3038
29323
40833
27482
88227
67056
71427
4413
18122
38836
4957
72624
69995
2143
11904
8039
16800
9989
29889
74305
1491
42354
47957
19468
67774
40349
63411
74602
75133
63653
42346
39449
65225
59914
17828
22586
55784
54305
51230
58253
48142
58492
29406
99460
80126
95942
59673
37244
66948
99399
95825
54243
24835
45094
16210
16949
93342
87756
65348
85396
11670
84859
31776
66554
36483
40572
19103
47985
4434
16136
79336
45884
87232
24969
54501
40852
82031
80920
46502
28634
47082
85859
1972
68444
29818
44602
38155
70397
96478
24940
38912
25694
81979
24727
918
37508
92284
60275
21733
47814
5486
34934
64169
70313
36967
1662
91106
15550
52862
61402
6499
15188
5593
90830
76760
67392
25277
99580
32690
98264
49760
62806
49517
1213
29692
75536
22898
18296
20167
32460
52501
44182
82369
2251
45098
52800
14432
89880
94822
82647
82184
51422
42723
70407
98722
87839
13054
83689
97756
33852
5289
48193
5487
91932
38837
94155
54413
19781
26300
49182
7824
44741
82893
77108
95907
70008
56446
11277
18847
25161
33492
29095
43620
84737
1828
94362
85800
58960
79735
74429
88727
66989
55415
67144
79208
46826
66464
87573
8795
18996
35195
20749
1531
49723
59694
34206
53978
93428
59043
17027
531
14561
8419
178
27247
58638
85084
66201
57524
31848
62138
35837
76065
37291
81118
70940
97833
77893
61335
76795
4603
59484
9948
18590
942
39811
14891
19912
20000
75486
23000
17641
45275
59692
70538
492
41369
83264
44595
82242
74869
21077
75946
63502
79609
22136
38293
14178
16584
17803
11282
19786
27978
40145
78300
24986
58238
40691
84110
26655
29083
8298
72842
8353
24602
61100
21295
31286
59692
88503
83869
88844
41704
83264
82892
41399
49088
59131
65814
97339
76725
12037
60234
1778
57960
84004
52481
92016
11622
47788
63455
54386
56622
5468
86989
56419
99188
66795
24830
75407
72252
66409
62514
44017
20435
14277
98983
3278
17364
13198
81169
86057
76777
9326
30136
54499
11813
64304
46429
249
91786
84475
79833
66528
90865
59058
50242
31857
87480
53519
82715
15450
57848
77310
27265
5898
24555
75948
17895
10974
72039
31388
52112
1446
23589
80903
6670
16031
62216
78833
54865
73009
88798
8847
97494
67156
93316
51264
44277
83689
71743
80160
17495
89823
71481
2638
24890
23854
15554
72221
68123
74463
21918
42828
6065
12341
53897
90546
59319
84418
11543
26918
40747
45201
94914
96944
48377
75302
74524
88352
1107
81571
35695
43199
53886
67873
62004
12724
57137
17080
33647
54688
4670
18445
64825
27326
15920
88907
69504
59871
9380
93682
97114
88908
69244
19999
23361
36302
85928
38846
63081
85245
85313
3877
86126
30671
66829
21189
77010
22083
47179
17099
60173
36258
50364
41852
32015
20799
3025
69883
29204
45828
75302
38308
19409
98408
19241
52293
29245
98772
21034
50507
32374
94844
29374
84061
67904
23293
38266
64746
22300
76767
8865
70588
81430
70331
70943
55335
60321
58951
39660
89408
8074
90857
3644
42138
39939
6123
93215
97369
36078
62156
52652
88316
95440
59266
67171
56361
63617
34088
43939
63394
46075
27463
4332
85061
22094
33498
13234
63971
25097
55882
37409
64263
47553
56976
5994
75514
94180
47020
41483
47445
36922
64759
8053
38645
29995
38325
54272
73488
95641
70057
61853
65087
87764
78460
35209
55511
51466
64993
55108
41583
41931
9593
34718
90633
81391
47662
65145
31482
33619
91327
55698
86063
76642
16018
83676
43278
45841
86968
37959
99313
39670
29771
23821
93957
37417
11221
13374
73375
92635
30162
65997
52825
28328
53533
40401
42072
91824
96171
76071
77067
33414
43083
39728
34338
70274
63805
85562
10920
15828
717
5621
96588
13977
97429
43432
95042
6227
2402
19917
89934
11004
21965
57964
56208
93276
27685
31243
99986
29725
42783
22584
77520
6946
59278
13403
19111
24685
89242
29338
41159
73271
42462
53071
72976
69375
41151
80989
3563
93653
79111
87684
29577
10551
84775
44080
77133
27354
40007
2735
2306
4670
73013
49382
57325
95626
41674
56966
61392
24941
29484
91719
24447
30823
67406
8713
70640
70657
71572
25519
35720
93527
89808
17230
78724
98493
75283
82262
99311
97983
60207
14426
73520
90577
45032
43744
29076
88855
29500
84376
43304
71281
18210
85919
33948
35323
70873
45066
14467
14445
54890
92548
31228
49065
3114
79768
98406
34792
18112
90884
22117
46241
8821
99248
96048
45583
48518
48271
82490
1523
82309
40676
61369
96774
50679
93765
84722
65688
39926
55356
74488
97089
2511
93203
5391
12666
56760
39600
72721
12903
55799
82726
54688
16219
65779
38848
86131
83931
63058
75912
76230
61403
82588
55205
95782
86793
39898
33082
48267
75230
50297
67537
82075
89934
96298
6305
82281
27471
12492
54021
22474
10719
76714
4838
24577
67656
40679
78460
58765
88047
29722
44563
18501
49234
47131
46751
66569
82697
96020
41900
98922
37311
47026
87830
82747
72501
9717
11433
70756
16532
96455
66405
77920
63809
89150
22834
86980
41958
82062
53995
49747
98660
53480
58250
83164
12536
5589
33450
11963
39390
11333
15218
82946
68514
47281
96299
27599
57060
40125
44226
6263
4094
17023
99307
7002
12383
62297
42731
58802
28539
67645
35177
29712
62467
5406
78048
19569
39238
73540
277
66018
837
54336
11015
42546
91281
35783
77658
10720
54184
12339
53765
41922
88694
59505
81966
7872
4563
1687
94702
51475
58698
84316
49550
60990
8330
35656
85396
25826
39156
7907
19181
83202
99031
31711
6599
30081
54923
800
39959
86045
40350
59321
19689
62297
46058
65168
47863
57425
95779
5268
73340
10248
88315
25565
78997
8527
50313
10464
32980
43846
3017
37982
33460
64913
1336
86785
43875
45645
49761
24950
53026
76198
53744
88877
59952
9393
72415
36271
80382
96165
47765
14110
28630
60413
88200
82547
22428
27801
20948
78052
41740
70261
34079
98514
47905
602
3513
25239
30646
41216
38801
37050
75801
26072
12403
40184
47638
99613
58812
80375
19618
57017
58265
60408
71665
78353
78326
94645
44394
9448
83910
71635
2858
21258
23794
97028
54189
89279
68193
53329
673
34625
25937
37073
21099
90033
13415
13638
42819
43596
47489
51440
15004
21867
4398
91177
22453
83895
20177
37688
78110
29230
39232
5028
15415
35592
12599
69581
99685
57825
58804
36690
64616
45854
62356
83773
18482
22246
15413
11228
11282
24155
52654
13091
84684
12640
55592
81213
48507
14402
23479
56823
27622
55331
97364
93978
84891
20065
86632
11606
56241
54617
38875
62816
36384
99876
92469
1147
21560
1744
66068
4349
35605
41564
60066
38780
50691
15128
8495
91905
47417
83334
46458
15631
47071
36211
42706
27825
50134
11669
48821
56743
66495
43430
5758
63142
90409
25415
45671
60852
27279
71550
95109
82409
89279
89288
55067
29478
18745
52861
87296
57655
47033
71629
92704
12960
34080
84301
53493
29978
37200
15415
13932
76116
9386
79373
40880
22940
28777
7688
29365
81024
35031
8716
5562
82420
59734
31524
67300
68871
92023
34225
18641
86799
12034
58616
52900
58766
62040
87647
33560
59082
32977
81408
28679
67248
46016
30364
84284
87994
48837
16597
99457
534
51013
41780
30199
33696
78993
22566
34622
14309
86883
98444
12693
23312
55987
63740
89290
29586
80998
53625
40710
71930
98244
20265
14107
46722
81328
840
14788
66188
87436
27817
99839
76379
17644
87149
98931
44258
80869
88971
7183
68416
6308
27339
12514
5091
21408
37909
78736
30981
61248
77513
54071
91004
79020
96359
78786
75422
70258
2659
3708
69828
65582
85137
78415
52340
37809
5574
51906
2116
46572
28008
98467
22822
35026
72507
51464
32991
88722
19737
38145
68170
42203
48049
31270
64763
80363
13243
22638
37974
31389
30067
45182
75480
7801
43270
24926
14823
97585
5844
9587
68470
59385
72585
12318
49011
83271
92854
16865
53381
10047
61365
99617
99203
90074
22384
83111
60172
2464
2028
80168
66468
82254
86279
26694
1562
20134
29926
87416
63662
97827
44647
92441
85626
81707
90507
56326
96673
80177
76375
50231
90245
3138
45575
84572
10425
4386
13722
83778
14820
3495
72610
95057
49755
17596
36980
25172
42406
52144
92238
93087
44596
83895
29875
57400
2266
48212
21491
92799
12859
40415
87274
67827
63963
3034
26820
91784
82115
91882
9732
70255
595
51003
7829
87058
6221
96504
46180
50125
62691
81271
36241
29765
8127
19165
27026
41866
16702
20504
84800
72156
42651
7854
46808
93888
2435
65594
15797
58147
35717
99713
6843
95967
63811
3910
73504
48569
93827
62733
49748
79768
69796
53208
64989
70235
22253
85470
69688
47049
50972
31256
65563
92927
959
24949
73322
10728
40582
41989
86818
53138
67747
23207
88965
89617
42437
94615
86473
93988
74086
60347
72220
10023
34435
56688
28021
59717
95715
65902
91158
91836
75377
58267
58802
94381
44334
60539
31055
20372
86546
85049
20029
69931
97555
37367
51442
68987
605
6246
85235
29317
17115
29251
98852
27389
13446
18909
98823
83396
78451
54041
13450
11544
15452
48337
34788
89328
41107
46555
80001
55212
85956
29342
81482
41311
23329
66300
37055
90617
95922
14552
17020
47422
51405
30157
12174
40880
81592
35478
35715
72978
46553
93395
23308
80579
8236
32751
55594
62906
38432
28988
61190
76187
78301
18857
77711
92238
96229
17766
44048
7102
18955
88034
44110
7507
3786
25455
30946
38718
54576
24570
18835
90856
17827
3214
58842
61040
22043
58888
18625
90830
4653
55695
60804
27571
76283
36140
88304
59130
59001
72449
78019
69174
59333
20982
79016
43578
91001
54027
79388
70511
97818
34335
89910
88450
53888
75614
66262
762
80695
5027
2578
41684
19796
6495
49444
36397
13937
74354
61748
33193
50093
45277
24655
87439
51856
99525
70941
18389
50303
66976
49108
11177
37104
68268
17742
83537
27563
93047
57378
42776
310
57226
90835
2251
22773
63551
2500
37343
73021
94902
16384
73994
66772
98685
9911
36271
82974
84334
97758
63440
43400
85957
17408
18335
60680
34021
84478
99170
33085
31288
88224
86759
48056
96243
9200
90513
6838
30127
68030
9886
5799
49047
17285
47123
35392
89207
82509
28985
37441
79989
4419
46946
46566
10801
99210
57370
68315
25993
9594
95779
8274
27785
10479
24124
68029
64448
86521
22469
58193
63327
88131
30846
67291
98743
29862
6669
24637
47490
91190
51823
87256
64101
13684
14046
4765
3651
57908
1666
93014
92708
48244
56074
13230
91709
30151
25565
72273
72736
64576
87067
58520
57083
49364
32115
29319
43174
67453
15641
10955
14276
44730
94581
16570
684
67401
79779
42460
70772
26331
34606
629
27206
64010
12435
98598
17700
39641
35017
22635
83005
18583
29516
49080
39262
37584
75119
60586
30082
69883
51313
26302
73110
22638
11126
58286
802
38710
58041
1925
261
71932
67984
92527
74806
33756
88169
29385
7067
91873
68250
34784
32103
4394
28527
42817
9119
30810
19763
51240
26946
48535
5173
67716
24119
20148
50229
3088
4793
29183
98607
32375
19175
61890
29550
19200
42768
68321
89394
2077
12648
57749
37568
66743
8620
64002
79270
95146
88159
8383
12028
92996
7969
75642
85395
35302
24511
80275
185
23892
36716
8021
15945
69905
9337
50678
63566
60526
48523
35362
65575
23492
53114
34557
16437
98213
74749
68592
67108
2868
53634
8134
78268
67032
56166
37288
60633
97535
19212
56325
90881
8765
8256
33958
88438
85102
22658
2098
11995
11841
94646
70130
37989
61782
57079
30703
72094
9336
25719
16260
57341
90561
56979
28820
42432
56236
53057
1876
34829
22395
74034
28148
5205
30195
46930
85400
23599
98777
56584
67522
57040
60743
71041
6544
80427
90715
66057
22822
3296
26398
77293
27966
71664
73697
16404
51601
79528
40475
50236
45166
34752
55006
5275
70212
3542
82574
77529
3969
84681
48250
51129
95767
29203
59952
20545
49830
41416
52980
17233
81943
59908
82594
5930
22252
62293
68456
52863
65458
71246
49464
5607
50904
54526
66367
95855
42097
50792
99736
90974
1200
94976
62941
72354
75148
37606
39934
66755
98500
93842
11149
43908
13804
94118
67738
32073
78262
92346
44067
97488
299
32165
60092
48714
15279
90836
96274
79846
42497
9260
10244
18065
96113
45697
62278
81644
76901
83003
63195
27237
35813
63825
80934
75129
81889
2662
34652
39788
2054
72189
98967
34701
68317
26691
5093
61765
35507
91123
53313
43681
59668
12124
75437
73299
39920
27363
10716
17580
39536
49973
31872
6429
98474
85806
96530
24955
49875
38040
70944
17027
96673
3345
35403
52694
70114
86165
87007
29094
79105
70596
78534
36134
32262
18534
18137
1458
16255
27281
42674
23393
52324
17048
52813
72866
96490
14376
20969
74577
64176
56402
48358
79823
14621
48087
68427
9738
76022
49839
37123
8418
87981
87563
11215
56452
64835
8718
11245
76630
95075
74259
36656
15905
26589
89201
47093
3681
58572
46964
28960
3353
34121
90065
37871
67357
42246
13703
13832
92976
99467
80659
84916
90908
75838
77707
78023
22384
27976
64289
57853
52330
13115
31717
17630
83171
79571
21729
9576
84598
63909
20696
75695
81870
65624
74968
1563
50194
17110
68022
84683
52196
83223
89406
64464
88936
44402
88472
29123
15572
6402
69910
16392
32974
57737
67710
88058
62695
26730
26354
97643
65473
6201
32809
11330
13028
59589
51104
53541
68281
47631
43753
73766
7798
63216
92097
15644
18434
85894
77102
11378
59017
3963
4649
75737
99968
87994
81287
20732
89289
12185
84173
89408
92960
49167
41375
12499
78433
60470
66837
11200
48526
22157
52398
73581
24885
97101
23701
4064
848
4618
67909
1435
38136
32492
84353
32537
56269
17572
9485
22701
62854
31712
43012
44503
1043
1708
17772
91081
43575
25363
83648
39918
80253
27681
24628
57516
51934
13815
55517
49424
96981
88622
17052
91798
97596
40777
89843
35094
93190
99781
79954
96200
72490
36875
28663
78068
35977
80796
38722
36607
33452
56117
39832
98500
40367
62848
88288
36783
37189
11085
82036
31563
70677
51470
81650
68292
56681
26915
27128
53535
7256
70294
19829
50008
76959
97413
63489
95029
35535
96714
79976
42987
27604
72786
37602
70544
90800
29848
85671
93565
82248
29785
67330
87427
52537
85609
47171
31264
33471
53173
76403
6490
6510
59465
3293
83692
75779
35022
18029
52567
7535
81948
95830
50886
41025
97090
49033
41753
60012
35689
66835
31818
19283
75624
94914
92685
31550
22895
55151
59869
83557
73959
20547
61874
48655
59691
31024
94563
34866
66027
48020
55910
979
80888
24203
65263
77217
79178
61702
138
66766
98547
41133
91532
44996
52579
94555
92936
90110
38327
96665
82605
47121
80138
52465
90894
87198
52839
26721
52951
13860
2991
79369
97332
34671
93073
71225
89321
35131
59188
34132
96041
55193
51606
54403
69893
97487
18874
46821
32885
9739
86019
6308
72244
81823
62984
55719
72759
65158
12039
54248
10162
78552
39679
67825
73348
98960
64088
9657
3124
87947
75075
75474
82541
83536
52759
27768
55689
27855
30717
98975
217
59571
37793
32059
66195
40619
65437
45748
23399
89259
68043
10539
99491
7221
89694
27505
90326
81578
70082
6433
5066
57465
81584
32252
22096
78746
57383
37964
35638
57275
95006
36234
19207
36762
22989
3007
8734
59828
60431
38464
89895
58226
15815
21251
62351
58829
45788
63256
3664
6779
60672
42328
34969
73084
92674
64697
98678
57477
45030
69176
70692
73645
43933
68709
38213
90477
62681
99288
61589
21085
68530
82197
4879
94379
54356
48287
5764
23406
23184
67448
18656
69670
10751
53749
84122
35048
62788
44674
71406
38633
49747
70630
51640
43314
53387
30238
39641
18730
18500
80498
2978
34764
63894
55027
92261
87633
95391
88046
32854
71783
1711
99135
65710
36736
69812
93023
16002
64695
66820
41285
83673
12203
89968
57885
35753
12761
29480
26970
81170
28078
9451
43044
61323
19946
29394
71338
20164
22253
22792
29572
10683
19574
50473
37761
41403
4288
42027
20299
71136
34263
92045
87382
20775
57676
39689
23757
74616
71574
34901
45278
17538
7624
20301
64302
84294
46623
67280
45490
79037
41540
23504
77000
85210
79840
81665
87439
68388
87973
40437
41975
38003
28209
30742
38355
25485
45467
55194
33114
39951
15289
77034
66075
55186
32820
29443
54906
40059
48406
82176
72002
23171
93829
72270
51300
20603
67977
27920
37157
82090
14926
41784
91603
21102
4655
39254
95451
67172
13500
15631
97653
45059
97323
81827
39769
97520
7536
74588
75687
51404
41504
9892
84410
79369
26998
19255
3514
89441
65390
65499
55752
29074
42029
55809
51986
69502
50174
85880
93665
83537
57473
77848
70917
33611
60159
67267
68028
34296
25091
59969
28172
91393
26695
84651
4094
92401
23137
16002
83512
36638
25511
25763
40341
20502
7738
20728
60644
54531
82543
43161
21221
71861
74066
75363
49569
37034
37646
90248
17918
14131
95840
21098
81885
50675
62638
72550
27403
1228
29224
53143
84209
74220
81554
47590
53998
83607
7260
12969
77854
73056
66095
77378
90341
63237
17994
9922
90304
2
95393
58315
92091
93028
24246
57868
81347
414
52269
26269
31339
56378
6919
51829
64072
41230
29064
1533
67815
71832
85836
22194
90857
1004
94570
78187
16818
96551
44906
84265
33205
97725
92165
78626
22629
9513
30393
8316
58694
93154
21982
75403
95049
63345
97305
50043
67658
14386
73700
22557
75366
81644
21871
12659
79094
71957
66174
11200
39147
20363
93654
35980
20631
64989
4502
14888
3392
87315
85157
42879
60335
46869
38641
55389
85779
99915
36590
28247
51394
10601
95659
74887
2619
34023
26368
9708
53480
66678
39405
28394
30748
24196
73755
39240
96878
86121
86820
61820
93078
37065
57951
43350
33305
57072
95634
65748
27354
99898
76912
45250
12618
5686
91750
25354
28093
86655
20907
22565
76884
37824
95205
32603
42166
39164
8851
68859
29703
27834
934
80777
9284
36092
6906
39449
65785
74188
15149
58888
26534
31901
58494
48560
88809
9390
91181
53764
30723
37455
7360
57121
556
1676
18392
64022
8894
77763
15350
74395
19963
14803
80359
64648
60937
1787
38159
65399
39246
93104
72533
81876
85866
69072
63452
34199
60084
40792
60778
25135
83109
50458
9974
61609
35571
12774
75387
61154
85362
96445
26409
36604
93635
22972
65415
68494
75108
18892
23297
26744
62940
65186
32243
31225
20540
58353
98558
66969
22099
7692
62044
8074
64332
48537
84480
97123
87688
665
83624
93987
8600
28903
30065
83600
18525
98130
64569
36460
45766
66746
16786
67097
60562
78505
62005
53386
26117
82472
55081
60322
17337
93207
28505
68814
68168
38266
5942
17278
53752
97951
96515
18780
35853
53639
75644
91536
68381
90491
80482
39346
57316
6411
92463
865
89531
22432
53005
8983
69556
91336
10366
73276
54917
44638
8316
15027
30230
5119
60821
45148
3119
42843
12982
14703
43518
28123
2390
42399
51427
4110
81259
52967
75934
52547
16444
97353
17136
98663
87036
79506
55887
75907
55214
32323
46461
88504
17903
32077
70457
67814
58574
33617
28656
65529
36750
63047
47570
49961
98522
36076
42732
2071
17329
54737
73320
84161
57613
68143
60027
72055
58612
83953
11347
24946
79948
68738
57610
45859
36524
51435
57207
87637
5560
90705
36008
63731
76143
94642
26719
40647
62889
42837
35165
31828
17188
72994
94654
37126
46033
83760
2426
64965
32677
59387
51563
12193
58216
86399
77740
4038
22998
41458
79684
91512
89088
18313
65188
82092
12677
32484
23380
86859
3224
75954
4511
32212
89063
72229
76674
60164
27479
16024
2371
41616
50930
50535
1463
12330
73463
49431
924
88149
78684
25853
97223
59735
68622
81355
32158
71941
62697
33507
99228
1365
46858
84090
34825
32556
90060
19621
14560
80009
34967
99092
11794
81533
94650
34016
20253
48550
58005
65061
77388
29263
28164
6940
12338
94265
64877
49766
73519
95162
83167
18597
86512
62536
52473
40688
22200
48255
42492
30381
29782
19838
63470
7760
87393
73886
55065
69137
51071
26479
26729
86997
77401
89779
2778
70483
6012
11324
95498
48637
98459
60420
20276
22591
44824
42936
87996
78961
89135
40674
47970
86365
10662
51642
75436
6703
84122
98062
81128
3371
44989
18351
51577
92574
81382
79631
93942
26322
86448
18493
11311
2393
27157
1626
39026
81157
76755
31141
47911
32250
73343
38335
13033
70105
45604
89171
92301
96088
98618
60127
27900
73796
86582
99305
84600
18491
71087
2414
45858
91089
4435
9898
3261
32065
66979
86605
96186
45770
59902
81598
30888
84777
61049
91196
13845
6632
22950
6536
84541
51461
86670
96628
75153
56878
50106
11469
64177
10475
35545
55463
84857
50187
46441
26342
70713
39323
49418
32795
88255
47566
37922
3749
1137
80211
69876
94915
54149
2934
98271
6550
91335
19401
79293
8727
72241
85631
47616
27547
82914
73162
31667
87832
95836
163
87098
71835
94997
87237
78099
38447
80135
44435
51363
98214
89301
35102
19698
36256
24574
30438
98908
76170
64485
5350
14374
38632
81208
36470
43851
93986
80680
78142
61469
89091
71626
69333
28184
77082
41306
95219
65839
47153
52037
63881
13216
30149
27840
38321
99210
2286
42140
63724
87806
63938
77882
49204
48129
48769
62781
19015
18226
46323
74600
38022
30238
27843
16909
16958
38217
34979
78377
32625
90296
43142
13980
28932
40223
83347
93232
34424
34571
93338
52580
84685
4234
51518
19271
87384
53161
3499
36659
85791
78128
39633
7983
11003
88368
30381
40926
85608
58717
3336
64928
49366
46577
34636
39026
15147
62870
9874
41970
42715
28627
85040
49555
17763
45990
71201
29389
66607
32872
61947
78572
28491
73877
62897
25701
34673
28588
90927
79598
68255
6070
47060
8646
91038
73914
14569
46190
98970
54950
42389
97581
58402
39121
2607
1722
42045
35661
28296
84735
25676
63738
55989
1946
22824
22906
90768
9612
67234
98596
83572
46441
95844
89729
66637
9668
25203
45714
34428
6271
37148
16846
39890
35823
27753
58173
22471
46693
12995
82303
4919
76963
65138
13791
32753
88194
22787
81822
77926
73013
50103
23769
11288
29638
53943
6106
6933
10812
7193
29693
16260
6209
94097
20316
11723
83012
20727
18363
95144
78067
31695
17564
3865
96295
77408
99629
93384
99136
94421
78706
40214
47802
59900
14744
79231
89517
80445
24182
62912
64139
1050
43038
98628
6796
94842
77116
31053
40888
15702
14123
12162
21795
45613
75633
16008
70464
65847
72585
37277
41430
67477
44156
54444
23023
21554
23598
62890
26402
2465
38128
97366
11892
64523
47801
83830
27672
7368
4805
56693
45724
61752
45985
59179
26299
88548
53612
91903
64352
93110
9663
31582
65828
52765
95686
9229
79643
83371
15428
67030
97590
38728
20071
45333
59527
96767
29604
258
64875
75632
1263
23470
30873
73035
44323
58631
73356
57926
72064
64123
81471
65996
83552
96153
76147
53239
39268
30182
50143
641
63009
15649
772
27751
35388
52659
73431
45511
81176
77582
42199
72202
78579
74603
45495
80918
22900
70399
5311
29170
8105
68815
26278
7038
74155
37372
88152
22634
18765
36715
72253
60003
26580
72664
77558
12768
56361
54179
78870
35834
62775
35736
89198
18516
23165
61098
41250
70740
26497
78000
20799
48535
71721
78150
17720
1216
90590
94914
23547
76988
23245
8724
49135
36310
60606
86287
11175
19308
25211
87378
54557
5356
9047
29770
45961
85172
77426
4454
35133
85579
38306
75556
56298
52586
77463
36024
78688
91844
13347
65121
25940
25165
65038
58809
70922
14198
4462
27123
45117
23852
17959
72594
758
19315
75059
25775
45974
92498
45472
32944
72510
1843
92663
74980
60110
27378
31714
88607
78996
40342
64419
54852
9522
65653
5284
25986
84636
11344
41533
15076
23358
70967
96419
63197
30462
68477
52052
42991
83313
61462
78764
67723
18059
94960
46208
31068
52453
78827
1289
67038
24720
74659
75558
28987
62097
56636
93888
34979
49808
11515
81921
95884
46635
69130
61359
37089
99726
24557
74392
53940
51436
4544
35668
51698
94313
20172
96233
80193
21702
36762
5227
10810
12318
1558
80390
15342
68497
49154
43027
71764
29592
52921
20651
90876
67374
36723
31240
32646
16555
71133
35074
59554
34456
33652
60531
2993
82600
63343
99022
43706
14047
15264
75584
42743
39066
29845
68216
43999
27677
96557
26833
27284
53659
60645
50840
28965
41541
29851
2557
59642
61226
46292
28939
25114
75985
64141
56096
7423
31805
9686
78394
57974
23795
42105
96888
54219
23727
18828
6332
67422
70362
52076
46541
7200
25816
85670
3863
15338
90791
45666
86445
66963
9460
25586
81562
80315
71337
50233
60180
53093
80832
57431
12810
81332
43178
8304
96604
55467
6967
90602
58308
30510
24683
78716
5630
91211
46091
81236
3034
44719
74349
63354
30944
67652
85541
73338
17838
35151
40470
15376
67123
43968
21512
1237
73396
23761
41850
18676
57319
75921
68887
75665
85067
33092
84555
40433
38041
74253
50702
65472
25329
33470
24544
53011
39421
83318
99763
99315
30586
49819
16163
45934
79441
96348
87168
79213
19177
23244
1525
71069
75364
56548
56395
70722
39798
87756
83247
70701
57298
29199
28696
30147
22215
9601
67162
31680
32678
97788
11508
60445
92171
94395
4450
17241
43924
8210
95520
51753
1124
26262
84546
67625
17348
3535
27918
34070
23849
85161
98425
84777
68554
77846
74872
24213
5321
43849
32194
6658
73278
59627
39165
9115
20031
97781
27452
77678
19371
23186
94808
65488
31387
64295
7470
95617
48111
6896
74967
73053
60284
31663
98964
47310
79360
57371
55026
32737
67100
19427
42393
48409
22084
14683
41
73928
77842
82157
19869
74230
15368
5881
46158
41000
31668
31892
74831
81174
41147
2777
51131
44820
57862
35485
84469
26853
57747
21995
38675
31884
82793
46338
54677
24109
92504
72090
74370
3702
96541
73965
62286
64690
94228
25479
59642
52630
97005
47868
54021
86941
76297
4412
35516
47290
72303
31380
52527
45378
78584
80414
30622
93972
79987
11775
34124
15148
71197
41817
23285
87306
36065
97340
17945
2534
55782
56048
76916
11943
56613
80242
79358
48460
16096
97289
23409
54222
26655
27708
7664
80023
12320
75746
93180
31685
6664
23313
65241
5837
64062
10449
21381
68177
9069
79884
80545
52278
31958
79409
54798
2627
99159
79961
17537
28391
95881
23273
72314
96450
51580
58691
93403
94568
7591
97571
29636
19024
22557
56021
5537
92760
10632
96704
87822
61149
40981
43072
60165
25562
86732
31327
57057
11502
28743
45793
34175
81485
55235
5083
14549
56098
76737
89224
20803
29080
82934
95863
86392
94824
20445
32393
41046
56790
4237
84347
58547
69720
33157
29447
36949
77467
54739
68788
75961
71560
43345
82579
97890
6726
8552
16522
43119
19908
8500
6288
85076
6140
83728
32842
1179
25653
5403
6870
44864
52107
59973
70678
17075
17386
87311
55120
26255
2293
84069
4595
67010
71851
15330
56534
40286
6512
17492
82840
35680
11996
7591
43956
95324
90476
75489
73477
59576
88643
3346
3982
8868
67863
34182
91739
37607
42473
99191
11517
7066
71814
57477
20549
2109
61587
31259
36804
2192
20890
5661
6484
26980
508
58021
3978
46697
93838
65128
15735
85404
10172
65338
963
88955
67912
90561
67046
22846
76840
21025
107
62935
38162
10334
69359
62615
69710
17407
91679
1009
2702
22312
44497
65864
36533
99537
43856
12234
50553
17475
72591
48855
1532
83347
20902
48626
5867
62808
64295
60986
30991
10631
76887
241
47483
11868
42356
73048
25848
75936
35351
41863
12645
85005
35471
73722
12854
34282
97499
53953
65478
49596
3261
71052
75549
80014
22490
53011
70194
46628
83162
24
31688
32839
79794
18628
14674
58900
34162
40158
50151
48359
68166
26450
72191
59264
35357
38771
14388
45524
71593
25769
11612
49306
96764
49327
66669
43709
13053
4896
88942
71780
24589
53666
77128
65910
95301
50446
42959
38243
13861
29509
1614
96782
20935
82112
88033
68317
4108
45177
79327
82017
15315
41914
19929
74742
99140
11900
54255
24649
49164
51331
1267
91749
83901
63719
13130
27085
47860
82622
157
46492
81115
92505
51529
64883
32159
9363
84558
23046
16636
99167
19162
52670
2203
50190
77305
28022
34669
94666
85869
27178
28228
89069
72544
83460
66256
97735
37769
67656
15661
67035
5924
93457
24467
91380
29075
80643
10560
69231
36212
39234
14896
27417
6141
73744
92995
39567
83553
83515
41277
78546
82887
24053
875
53712
3659
46107
91941
86664
7794
23792
10469
39111
64276
17509
99615
46385
33836
89312
34759
44009
63162
87610
13467
48644
9016
61711
31240
97907
65517
52687
24681
96073
36126
9608
1708
25301
87237
55194
64790
15791
18900
53945
35107
79614
74246
20545
22332
18004
9786
81872
40761
86750
82882
51763
28953
56376
3812
10408
86785
5343
37749
48409
69923
82340
71669
31744
65340
30467
79484
97620
54657
12722
24477
95922
55
631
38480
22544
4372
96424
56031
75856
76479
61889
99194
38359
31910
77093
85117
46912
73671
32919
40117
85200
86250
31946
38661
65993
20366
61368
33842
18091
9456
18121
62035
41889
74335
41532
5449
86804
34314
45258
88328
771
4906
2275
78508
75133
54996
41117
33703
76482
30489
87842
44441
47740
36292
436
15494
24454
46602
50343
2338
21942
67472
57839
13699
46992
26196
6254
85244
94420
39331
93039
83955
49533
50516
98713
52255
46696
99758
42484
62786
75586
96167
568
83404
36617
55165
97369
85711
19575
92655
68947
53031
63044
32497
56863
88144
3797
86039
35213
40656
92313
95466
52322
14248
11972
78218
22028
48897
52508
15514
25527
91
58106
9438
89273
65661
1813
15699
65535
34958
24916
50466
82317
72609
31283
6651
40786
53135
63625
84172
17698
19250
54730
97608
15984
83633
92598
1967
6170
87838
96996
72702
37518
3017
73968
78019
42709
2039
41195
38839
76343
27001
13439
724
71567
4527
15437
78244
70188
79193
47401
87536
50863
42531
17233
17134
6550
16104
60112
71807
34107
31606
92521
10741
9875
55314
47441
10999
81371
73574
95281
24508
37886
65034
61022
81575
24567
25112
17057
50728
75169
9492
73020
43837
24233
61561
50451
25
37386
2922
79710
79487
99292
18029
14070
15910
31907
20734
67360
62462
57916
47516
29976
60141
19539
3825
64651
92336
88290
94539
24531
40292
14217
56096
43873
12522
27546
46926
19919
73847
70408
31
80255
86001
7386
69070
4334
19283
28577
1295
79189
18367
33600
76408
39213
42755
18526
47566
42446
23407
45478
63974
53912
30794
73040
63723
16485
52684
29790
61809
34777
50590
14536
81424
36996
87147
69325
79698
4536
5415
89435
91395
97063
88852
37244
23714
43133
89292
17568
11254
75644
35104
53835
94469
49913
22033
61549
23020
20619
87817
65186
80314
81772
8895
25301
40177
72403
45227
80970
26513
82698
11780
7775
56375
68505
96581
8946
94260
80384
74174
56852
41438
13261
77931
64502
76997
4112
57614
3359
24435
41911
43926
97659
71954
57381
87919
24697
44514
8330
72221
5002
78188
83181
83130
44885
63425
67556
29177
44808
48220
45166
71349
54639
93550
5245
57977
49406
16153
37021
9364
10451
13935
72555
14607
16205
88147
36030
51210
22049
37667
90747
86617
78252
89031
95454
35865
10653
61695
85288
3049
24926
95176
58646
89426
26308
20133
56389
21065
18677
37233
49598
8521
86864
36192
46920
21691
78295
67835
37559
38496
40530
1158
33455
15163
13480
85938
86520
6636
89987
48404
67038
54698
8795
76365
33800
10397
82022
47381
51558
91410
70174
92246
47079
14279
78334
99011
30515
28667
1519
44409
23516
76038
40765
92845
87540
58581
54773
14027
56223
2026
7325
86238
98522
40590
3046
88052
42058
95202
64629
58436
75986
40338
26740
51907
17107
11567
16323
74338
69617
20103
26201
38412
98000
35476
11062
35194
48189
58649
22111
15337
27687
52736
43861
63567
33764
85778
72811
87933
37795
97166
14024
55075
61474
24837
44998
57720
74623
98138
63180
12580
85250
17577
48122
62118
78514
61092
80642
45167
87884
42572
10375
88385
19774
59652
94723
88295
21409
73873
95034
62738
93760
27075
8138
55421
22799
52821
82135
58476
11492
11944
61444
49660
48735
23863
58214
13696
91919
85690
92146
70330
67147
87405
97452
72776
46420
5165
87523
28982
24891
63390
82167
91186
19905
14092
73573
50
52755
27600
72561
94400
49374
10299
52880
51593
59561
94856
49361
8479
9808
14226
60418
8256
42859
95926
1554
29731
32303
26387
2166
80142
13771
85590
45671
21175
96220
57290
36133
87984
70169
47038
37768
61014
62469
1302
73346
68160
15573
45722
41334
44518
79441
2664
37087
56291
23075
31166
21727
66148
25427
23103
35542
78458
61966
45804
59289
69674
74302
63620
9158
51823
25873
92558
78739
95418
38992
47279
6814
24434
68967
52147
19466
81534
51575
44754
66165
60218
82840
3571
27316
20150
54038
38876
82558
90572
46511
57808
91666
35460
47151
16212
72508
52214
37605
75551
7384
82606
46705
78656
69576
77610
44021
92518
65085
19262
75229
86172
39355
228
97305
30156
8588
45935
54724
42059
16036
87042
7035
44749
48260
35324
99613
19875
22113
51750
83191
50049
84602
66600
40833
44470
77061
55581
15318
17358
36885
12174
92755
52339
91152
58517
10373
3752
62296
37787
5915
25722
3384
62406
29360
34681
52689
62114
77408
75639
15228
5989
39379
67735
16368
65535
5570
8800
1509
64427
23422
49655
55862
34092
28894
60745
26012
83674
24531
8369
63341
9917
17687
49817
24793
34636
31580
84910
33959
3478
71992
79521
37907
26272
12860
21690
75415
24085
60029
28593
98982
83608
42370
18248
58355
63250
80114
90566
60786
49265
65719
17443
29167
50599
75928
8439
56151
64787
90505
4213
39527
85863
32446
16850
44801
18086
83403
40181
22227
52761
71370
27862
11716
60396
6452
75891
14564
61973
38804
7651
39056
14095
21188
28041
8374
95040
59116
95148
34511
91913
61117
9405
36905
89338
30592
76447
30082
77873
9445
36797
48137
23123
33448
24614
16899
85468
60236
30022
16897
89161
32707
3568
82892
84021
9245
79179
29125
80836
95033
97582
36651
97906
78113
72932
42894
73310
53350
28421
97035
367
52655
1838
95691
78161
86084
43792
28103
4534
29268
56716
8122
91108
29463
81531
29580
67591
36503
5109
85052
79417
41130
21287
47870
24754
37129
56432
95195
30516
59617
1136
57161
26588
35874
51058
66559
29758
38312
26896
51284
48158
33342
38780
116
45239
29580
62501
59198
56773
58492
45537
30121
43672
40017
18262
1453
18860
20414
68484
89489
37678
50586
36087
85894
51390
65405
19479
37671
62859
52483
91852
56496
99412
25230
88847
47429
17932
15518
27359
22521
66148
26144
65150
55446
22977
2158
63296
52326
15056
89826
49211
88580
51431
61938
62633
93675
62522
39280
62643
35408
24036
5390
38367
13590
14949
20800
58705
55379
25832
6799
63742
95316
14219
10799
84905
4126
90484
63403
2715
69614
76871
6122
31925
56058
67002
1077
6585
91410
41256
6623
84592
76575
9850
63890
68957
74081
78495
28495
59495
76947
632
64958
55931
52286
2565
47248
1248
13860
81875
1750
47995
21989
87741
51949
54230
96630
34405
22866
43561
77781
63225
20319
58258
98146
95809
59827
53009
92956
68917
11563
63628
21688
51531
84228
28881
6555
36741
21355
31487
49864
64941
95477
39278
11515
47144
15798
48344
19735
82632
18868
94287
50676
69784
39137
79468
97828
31878
19914
4181
95857
40974
52557
44093
80273
11080
2153
81396
59299
76720
9886
23077
48677
21547
12510
90253
13698
41262
24626
65545
58716
19489
46038
65345
56467
27544
81729
27862
41224
69127
30752
24863
65435
48383
40617
57098
52292
55179
67850
41803
85622
70122
41180
52391
28677
70933
90292
75693
66312
8407
35892
49514
51295
7152
37770
45581
31202
76376
53091
30383
11171
59126
70423
92383
39387
54036
85025
14429
29167
89304
69187
10441
6370
53396
83493
37979
97997
83595
38160
66334
8265
34727
50482
33883
7653
59775
12109
26878
68353
98138
87883
15418
16999
24112
46603
87471
99343
27530
23441
26441
95390
3526
98320
41789
67628
24760
71834
68730
11538
74509
44827
41006
19354
60980
47747
27672
23873
7777
79683
20800
81018
10697
4940
33615
86565
41056
71669
49318
98329
46126
97061
98547
95258
46175
87533
36654
17230
9154
43483
47754
75570
20371
76030
38996
49709
80860
92497
97999
99098
18346
14017
52533
14767
97143
39920
96712
5
81226
60172
14931
36875
30261
12669
58041
73590
41167
17394
54012
88380
83376
33879
51076
60806
32445
92677
83559
78088
90509
97662
32940
62512
69011
13187
61396
79095
98631
65338
71713
54836
70045
2097
36791
33813
12884
47801
58656
19047
21020
14118
8672
17794
67236
17209
22118
82209
82551
11033
92912
99105
59536
56361
9177
76046
76600
82108
75188
27236
70318
41089
46226
79774
96360
12248
52857
34049
51167
14552
31917
8156
53115
13089
27834
38418
62283
786
9254
92748
72421
60113
61401
64307
58432
55729
29510
44002
38486
99012
84857
271
53940
1905
53098
76148
82657
47265
26467
84270
15663
48443
51525
23057
39972
85436
33544
31199
81240
64639
864
27937
67505
92801
72733
87197
15067
16626
49485
82106
39040
35714
75582
55093
25038
83435
33574
30234
68236
97605
92693
35194
95880
31473
80185
7527
42511
65603
77334
19148
50545
8387
15791
3825
91660
2092
88478
94484
74373
87893
55709
41323
13515
84136
33722
59454
83970
12783
88360
51455
74911
44077
39455
43935
52187
83271
68498
27960
49354
85393
10232
25825
92777
81309
33060
2248
13684
1472
47032
90175
17411
58664
79723
58081
93229
22602
31280
70496
63626
65273
51108
1110
73334
126
66456
35362
96833
2159
8374
72005
4424
83108
63707
30069
77405
28130
6182
41401
84670
90470
99318
29723
62508
41769
17802
40292
79200
83682
28829
83118
46836
56989
65597
63712
85101
74289
69122
57238
71012
26061
80263
63459
26661
89493
48280
35968
99157
74233
68898
45812
70989
75548
46152
76079
64562
64498
9449
22023
41351
25385
55431
21669
76515
90206
54529
47091
68813
46957
8392
87270
3811
49234
71041
93467
70548
13475
94281
93192
17660
73120
72031
24388
13414
28070
64774
2487
64886
97616
73965
19180
25502
64941
98468
95028
88758
13002
18402
75285
27115
17632
52144
70328
62103
82718
17030
80442
32870
63611
5497
36601
28102
75186
2733
50003
6594
22886
44667
85965
94525
89432
51959
96948
6399
42456
34183
55996
98236
31663
21498
39248
26238
60018
6284
65780
40044
68334
46709
98259
47132
5478
15089
91905
75794
6524
46105
12281
30108
46565
65595
5258
98300
32171
49116
74842
22920
19958
4509
79565
20957
68067
26220
90943
52599
26585
21238
89509
74262
81709
91428
47658
33901
63931
96283
23834
81044
96682
96382
52188
89790
36783
2175
59661
73706
49153
17452
90400
43736
97579
57792
86508
36937
82533
92496
19191
5095
84561
20800
47680
6771
9036
16264
74834
5904
29533
73611
31380
5630
59376
82489
53148
40466
82348
13050
17650
16557
62737
61768
82880
6205
44330
18676
69966
83494
25986
4244
12245
86589
51530
89518
22936
15592
2986
45109
4600
83821
94334
18066
92080
54894
30050
9884
99138
2739
14005
86318
10093
28682
11594
46616
43817
9726
68446
90782
51402
42000
44011
79971
48379
70067
83411
60053
9771
63065
64716
48537
9697
20239
63167
57142
96144
95043
79169
18481
21909
14538
94762
46666
9537
81086
24881
42286
92343
80012
9852
70182
48645
25703
59033
75636
89602
55657
69257
65216
50349
65288
8021
86282
1399
49554
8404
13135
8304
64503
7120
95974
88371
65977
3014
81915
89021
94683
2737
32379
54832
63108
39819
5675
27650
28971
34068
1646
7036
58203
21772
84171
25203
93344
34749
98024
89951
92191
44186
48531
52830
97960
21083
31096
93494
46776
75711
30371
2865
85267
35641
45592
29966
43359
2749
88350
5792
10128
3824
89725
95060
24776
60414
48116
54612
75044
50722
77090
68322
82231
61346
19988
47502
6754
82991
40160
76394
90935
73920
50699
73201
5126
18718
29348
42187
16519
63379
61998
83581
53887
42581
15977
80069
85493
64920
80182
68510
5949
5661
82180
85383
67491
56668
82181
88474
19443
1804
66092
78959
79261
12241
22145
5885
91814
57591
37032
90802
34890
37998
12370
36037
45584
51128
98628
59366
75381
28784
86913
97150
66216
92409
50503
51265
54264
1604
35484
53158
4450
23364
43684
68941
99311
10515
27257
54747
50523
46787
59423
68695
36811
92705
77605
94713
63739
35377
83849
18296
38116
37694
28743
2569
5637
24925
65384
80643
8169
40944
25613
81862
92894
69040
29613
6450
70006
22146
87020
23830
34295
65854
31502
87316
82218
1711
22519
44687
66888
99939
15103
98911
56150
34901
12825
88783
69202
95383
53743
37777
4364
96445
25942
7732
29549
44115
52041
2880
26952
3327
2206
66502
3438
67605
38885
24607
59973
87120
98580
51755
20698
29682
62505
32165
43833
88506
13551
67714
69820
92116
15505
16201
73360
17530
41280
14034
30846
80768
93462
11158
13139
85525
80802
13762
35672
68164
16087
50009
89567
34422
73295
32553
1401
25231
7356
15876
91070
36735
20222
46026
95428
30764
86240
11375
17623
65450
24087
93984
37199
36657
35285
88748
55620
9706
75550
87002
48619
25538
25228
11107
57274
55830
32336
22398
74144
97096
2640
90242
90269
92192
99599
19800
5616
29699
31931
41665
80461
278
93593
92960
6441
37500
70197
33600
17054
55278
75920
64542
71634
66729
15576
71412
65109
99099
4791
28565
34528
92570
67976
26668
3727
81113
72678
80111
77994
23074
54705
62679
48748
88975
4901
57510
97901
23384
53719
54254
22746
66735
65557
36202
96505
93461
94950
85286
85420
32889
22677
42175
9027
4067
19178
71219
44118
75785
53266
98784
82998
83449
77278
70695
13167
98870
31907
77999
77644
19943
21117
20574
59433
98352
19443
71921
3475
79135
91
83612
49831
73653
48876
63186
58939
8044
9662
94352
14812
57608
51651
70108
73044
36999
98901
73908
9726
43032
20623
96359
39556
49647
35758
82549
30365
44124
13318
78878
70659
5535
54933
44518
77740
17451
90399
66712
4546
37226
91279
18998
95428
30116
23471
57199
34882
20297
30091
60459
44527
85619
33711
41138
47419
68333
58561
56990
21853
30519
95924
55039
7488
87729
9602
36910
25142
53012
33688
49610
84165
22439
69577
51450
98248
96950
62237
32656
17120
10513
51614
34947
47764
28671
23920
35045
14043
16938
44950
75607
569
43489
97994
82025
89837
95209
62678
5167
62852
94802
80726
80318
54850
1899
78726
45885
18627
35661
18369
68025
60480
93446
12922
66445
41185
63159
93351
73113
62333
91642
66598
28072
31930
46295
95476
19175
52509
42403
67137
19518
53555
31712
63753
43735
544
49626
91970
62000
79439
29913
49583
49078
75823
94049
58938
53810
99492
60559
706
70149
69720
16585
84868
19551
17344
71696
7773
91971
26901
54000
2948
96652
51099
59829
3487
29765
75063
81139
89231
42685
16240
67707
34897
80000
5406
47176
15920
63608
60439
92239
79647
90862
4314
19216
41579
93741
96040
82387
71870
76736
91671
29662
87493
25953
70566
36971
4800
67474
29918
8018
94929
21432
69797
88271
79032
51446
56703
45604
74187
41153
45850
97642
74416
23919
39239
62438
50993
91190
31872
88183
64430
8397
99429
92268
13262
2467
18238
68126
1195
73787
16893
86456
33081
39472
24638
49042
70112
18742
56854
52628
55827
43607
2195
31222
23655
98065
35868
41955
21885
72019
82417
30478
87493
86787
4149
79435
29263
64229
97722
39854
55087
72404
73700
69609
55548
46855
8231
8746
23148
78014
48011
22057
9938
51467
58025
68223
27873
9819
5499
85445
74018
32314
29111
53856
18059
12925
56567
80641
98389
22831
56808
85298
60346
93726
67472
2606
44582
63793
23421
13922
22527
36901
4271
1669
88785
51729
26284
66114
64579
3979
37407
46556
82040
88524
55493
8131
39311
81623
580
38543
74397
36523
57301
26324
62127
67251
31014
96038
66279
21241
2507
45516
46451
2721
45334
82926
28384
85015
33705
41081
62109
62897
72419
31003
86334
47041
72734
36310
87606
56393
18396
59230
93861
79970
89532
23711
48820
91545
69220
45841
50063
6437
12308
91018
7913
90280
11735
38557
52821
55847
2829
50037
4767
27680
5087
99360
27568
16391
5060
99083
80894
84287
70932
50708
94356
6348
48652
99627
94562
45616
74248
20698
85471
37064
41051
49691
66637
16306
60781
13297
16428
24599
16355
5205
97463
92256
23318
65207
87310
28029
50412
91707
90038
79688
49158
45645
82832
21278
1447
29451
27548
58676
96648
83417
55896
55364
70104
53901
79912
55394
15098
3938
90877
41578
93367
8589
27258
55412
18196
3371
39429
36705
78980
38030
7808
28167
72160
99299
97224
81662
88639
9341
21334
95013
49701
95670
53459
60453
19107
18291
6615
97989
31158
41062
19368
57317
54101
71126
75227
19758
3200
35331
94101
1804
22772
42468
59792
96198
27843
60670
79674
69544
38223
53643
15500
80295
87365
11442
32478
44971
54785
35972
89475
68430
80433
62988
36296
84738
31327
87370
72588
43203
82160
75199
73951
44964
55508
16120
21176
33190
40543
42700
47980
80388
22607
36018
63602
92111
82209
48245
55913
15706
82822
23118
71836
75853
2792
46343
21551
83360
39240
51985
66092
21712
67686
28586
69621
22601
43487
60748
98259
60233
60759
57042
52871
46667
41422
88515
5666
89447
67036
82990
12645
135
73387
57967
64927
10574
64782
26083
12349
39234
98132
20697
49176
529
71813
33381
99026
77904
49628
71885
26213
14054
28402
73853
40905
48043
91202
44769
86646
43386
29477
84422
6034
44749
33266
53750
36517
66222
7518
53588
41650
22663
11234
31026
13447
66446
9553
14715
73580
47919
57807
45567
90295
79139
54798
53204
45495
40705
31496
59567
95001
45007
95019
20426
10628
34819
48471
64858
43293
54053
76997
4722
22652
28322
48319
96147
4021
70797
43016
86683
86673
26607
37080
57134
59194
66920
97118
82536
24973
53792
36798
93067
29710
21834
5559
77143
44502
34393
72150
18139
25824
90640
73378
26201
12196
97513
53344
65182
88570
87259
735
51423
46792
39213
7231
77562
18399
11399
97766
71483
15135
1223
35475
13511
52027
81538
10764
33431
8829
48314
85488
20081
80979
33014
88112
20604
50181
45599
78746
13605
31608
18975
27643
14651
55996
2239
24272
49315
43554
36943
86997
52888
72451
36373
99701
70503
24567
23806
121
58052
48508
39047
52212
28876
85359
55500
32871
48629
42090
36347
66421
54251
20335
84126
28586
88877
88768
59035
1609
56572
18206
28998
67885
80710
33932
64127
16010
10224
42259
98462
97626
12950
65344
78596
22519
24074
50756
82808
86398
72299
43554
86590
93791
40905
47942
93135
16768
62837
2467
49681
58386
87526
23795
35066
53073
95306
18519
87835
20942
30633
96328
15579
67228
95641
59350
64179
52005
96447
79087
69151
56587
91874
60637
87244
88245
12132
8184
65173
58851
47608
14696
5908
20444
89875
17670
35919
71867
80452
54965
80869
31404
82993
31512
46861
84437
85574
31726
79812
52448
89772
32479
97700
92883
71597
20189
1800
27150
50134
27394
69741
83441
49409
17929
72918
63497
94390
2626
14918
7469
97708
62159
89948
72959
6204
19718
48302
37669
74059
15002
97248
5988
60032
96865
44639
85709
89486
29591
45898
75495
85223
27838
41634
93279
21965
11566
238
21908
66762
77726
69346
78632
31780
62223
27426
50833
37751
70282
63601
70753
20877
92046
94
99650
75297
66812
53073
67979
43517
64887
9913
9484
40896
7604
74652
56464
6844
42239
90433
2757
74778
83858
83069
76840
79396
93620
48975
8191
37563
23374
53180
69437
13474
27915
55903
64673
94206
53320
41773
11958
98243
67183
26319
39783
59700
39225
38144
19951
27601
24172
46793
90971
78190
92716
54979
42284
16739
53261
90898
22440
99826
16483
10705
3889
26671
55496
84167
95231
65932
79751
32244
69424
60745
12963
8516
95482
77460
28885
99725
25393
6278
87502
50756
76362
63536
5473
66914
88814
99268
95837
96518
21488
28267
89302
53513
90935
47170
96484
94038
43993
76018
16548
24496
84325
16717
77232
86420
26132
55603
66158
22371
31920
2386
10620
77487
76408
83501
7655
22073
54398
86226
9863
21053
76999
8392
1172
55662
73634
93943
15908
88555
61176
34624
63849
68071
14127
97234
41200
98290
4766
63038
65753
98526
67848
37231
38372
89886
16415
83735
73993
45857
65637
88558
69479
53705
43679
75950
57315
77768
38936
40291
60917
97580
71093
98772
19576
46562
20004
77857
33380
18830
7665
60067
9829
1599
23997
45689
27673
80042
16324
41742
86776
76570
60898
59658
30864
8714
78515
39747
46270
52389
92172
41164
14758
3893
79471
12269
75859
30669
90234
74933
19575
90361
55025
91238
70910
68415
91540
60523
20613
3844
10656
96033
59504
69332
94629
5764
78912
49042
4828
26752
82060
78918
82057
52243
83915
3016
27744
96310
98423
22604
68975
45201
1098
29212
93273
30527
45152
21986
29464
41440
6429
62111
84476
37692
54475
99460
4893
7230
4920
30746
73568
89491
23492
47748
50465
38232
74827
2236
8689
1411
32809
72342
88432
21979
31239
84992
97146
13500
95332
3414
79885
79222
42211
81993
17785
34597
29166
66826
87069
29660
54488
69451
28193
12816
4078
10808
42426
72573
93608
2838
62196
2880
1108
4699
42816
77993
6527
20959
33764
85800
89763
20205
39747
26653
6711
16748
25796
32571
71307
47115
54360
77766
4845
87993
18503
39906
9421
18542
29971
35703
3953
16919
86289
82496
61787
29865
99700
34316
21371
64947
21169
65227
89948
4275
19328
92167
33943
6302
39488
71242
68819
46621
66114
848
95187
82093
13305
31764
49614
32130
14984
71012
388
24604
11883
8919
89945
17775
37022
76829
48152
86201
70644
3464
85785
419
65885
59357
38761
83213
36946
49507
59491
16706
11601
5139
92224
79540
26291
36176
73304
45734
56290
88582
74294
14418
13164
69612
67525
6689
13072
74474
44003
64496
10181
19175
73619
10792
98473
61408
2572
7332
92711
19014
91114
99050
53340
10094
88036
23112
22364
45635
41600
39120
72810
20067
45805
65081
2201
16984
47660
47608
76839
342
49396
22943
54878
90892
69983
5492
85538
3107
82366
67499
39496
82201
81285
61960
61592
67493
33622
42380
73871
38317
65784
67433
64315
49133
31221
36018
21872
56657
29962
55860
5966
30048
5621
28437
42471
61441
8336
81927
18058
42446
66291
81715
7029
93096
16501
42379
43786
19769
36809
36966
48322
43236
27302
9226
54533
8409
78688
72401
63974
63355
46491
95451
59563
31015
71666
92397
74623
62648
66064
2752
2811
28224
87862
23320
94519
45143
66233
8224
41886
47284
14246
76923
7961
90387
20451
30329
84356
40222
77961
96510
54835
80693
76512
11382
39262
75925
11525
43037
67060
82863
28148
49378
46633
40193
95465
41402
44755
19909
31582
4921
80797
373
59074
66675
52637
86549
38905
88363
86046
14207
7161
14250
10802
1283
12932
78360
3791
22052
10539
77612
69416
62496
1687
41332
877
1117
35104
88364
56567
13092
36704
43906
80827
44407
48852
69892
86267
3058
34381
55100
95293
8931
46158
13636
87338
5864
90487
99135
98029
87183
42148
48865
19391
77720
80407
79335
89076
73918
49222
9634
22615
42616
60235
68224
35289
49386
25986
12999
65093
58
86881
39530
67216
41224
25268
1367
14536
75289
98211
2455
69109
60502
41489
30226
70633
52690
80936
74860
89222
83316
58669
90969
81361
71739
7843
53673
11601
99412
60980
11768
56504
56401
84473
16848
26839
65644
53556
8124
85113
12446
8872
83735
66784
84593
6014
12172
85419
19392
33973
35959
76399
21932
43586
64300
30594
61002
71931
6632
29751
34379
82522
46256
46492
77124
39628
28047
74877
91931
77823
63631
34006
25971
90123
77324
693
87471
19118
93435
29620
18328
85597
77908
17266
10090
30566
3389
68309
42043
20712
20236
82878
50245
25796
33872
25308
68105
62556
81809
13390
45523
52510
60939
82871
99179
24647
3461
7022
8065
50589
6192
30900
96994
79931
46821
16542
83176
25204
94875
8044
72735
37899
46755
17755
87611
92729
97338
47429
88243
24284
98773
70854
81323
85974
72292
32369
17195
10174
9508
68143
21814
43877
75235
20097
92878
6045
61202
40870
18562
79838
85078
10532
54152
7497
84985
16259
60080
61407
59556
15597
15291
64101
358
81613
89837
54359
59213
56296
41563
48979
89745
63421
83629
87437
11629
7904
19327
30843
98388
107
48584
86215
89838
47844
74133
98372
40874
12946
85829
61252
7252
72229
80421
99424
64999
31975
51180
55702
46179
2940
87452
2561
68256
41215
54996
4254
89931
65542
46890
38793
88504
20354
32242
29449
25804
1764
2204
40646
55407
78157
5214
50495
99000
84599
9963
72164
51409
37164
20663
25061
71930
25752
28149
72205
55344
63240
93429
30398
57554
42396
50553
42031
35686
86779
7047
62231
96892
99651
49861
88559
85887
58316
79947
75776
69169
13907
95327
43724
97665
18588
10257
47402
66846
2649
45550
18794
6162
53657
52187
6412
54340
53468
9133
39101
36768
42442
84546
65781
55901
82949
48970
34739
88624
69155
96072
78786
16870
26693
45534
79733
63239
66234
31016
31081
33368
35360
33260
73446
96629
75676
92228
35210
47332
57948
32047
48936
1476
52962
40661
8056
72553
50335
31772
87190
78323
5371
53238
28029
66729
58759
73014
17806
16858
14768
31113
4228
89810
45245
1891
17278
51402
71199
4905
66023
71327
36447
66130
79939
38616
71516
76341
60886
12002
97300
94566
367
75852
52958
62811
60619
39905
69125
96570
41183
44848
51785
96693
30351
54410
67209
6320
10454
81942
29969
78984
62478
28230
59483
22290
76162
13341
60467
4188
21221
71244
12588
46837
71463
38834
47692
20408
7112
53
14318
2334
76549
89833
7014
68219
34799
49008
8480
52751
17405
71389
11759
91823
32938
38349
49659
15001
87165
70888
86339
32959
70446
22490
58638
51149
67125
70218
75452
20921
84491
58921
1443
25760
55488
86782
51257
56734
86834
65624
44283
68250
5438
2691
48640
56208
67433
20034
74924
78285
56774
93680
38261
40429
65651
79053
6990
4187
51693
50741
73755
74562
21441
14305
36998
48479
51460
50611
16018
78244
22428
39260
45464
86862
16300
69399
7507
21449
37016
27796
64753
63630
82757
30687
38106
71125
11371
15932
31048
81042
33847
86089
60687
88785
48669
53256
47252
628
51947
63546
1893
81537
97786
32473
95182
93121
20158
30131
83210
16745
744
46703
97183
13122
80774
23171
81062
68364
84360
47417
47156
17835
94401
27870
81354
29050
93248
35456
51412
59366
56869
17467
42453
74538
99427
64887
55451
53332
85992
33200
98430
30915
17781
87127
52699
56578
21937
66592
95251
18928
33476
79913
89964
90199
30124
15292
94742
46822
61403
82864
17845
90612
20570
15597
72394
74343
61882
24078
60547
29799
99836
6179
72917
17060
73682
27498
23175
93181
53980
22961
15395
65878
68024
57866
85081
41141
19000
95556
14143
6795
83772
11013
16249
92290
44894
32951
57083
55855
98474
17092
24961
31881
70507
70015
44830
29819
17332
48043
75001
75427
56387
79791
32302
64860
23698
33835
29740
66637
11068
29433
91081
4042
93765
7584
26414
88961
37425
61194
40304
63781
70976
70411
3143
3797
11340
52724
66307
98220
58942
10870
46291
30913
86249
30707
14144
38807
36879
16806
3554
47580
73414
13703
53290
98021
62316
31137
78605
42955
68563
51520
6617
14083
41718
21682
93545
62043
15915
28960
10729
48325
5575
58139
12390
30774
96259
24215
37442
7802
37816
14100
5393
34484
9171
31360
78911
53966
58637
14630
78688
94167
71502
19932
28577
71271
72700
58937
99821
33661
33320
86511
18752
82170
92844
66910
91820
13093
69973
10414
33765
96593
27570
47876
2822
25973
47178
4201
2646
33654
13192
54478
73432
44888
7102
4701
19147
62708
53100
99239
55177
91139
60299
63454
2886
29810
22304
1317
72343
98094
41860
36465
33793
59344
99011
28925
75114
65770
54623
34827
63185
21532
14839
2897
78493
77692
276
3404
27424
88505
49269
57318
14907
17018
79457
38161
75628
61306
14896
86341
10538
85393
71886
66641
24202
99713
85783
31045
11997
23720
65013
95237
59916
99800
80236
80618
66611
1930
79791
40235
69191
96778
11301
73578
72492
92660
11482
1768
26724
77680
82205
72500
73431
30251
39730
79022
60233
82202
55236
23989
38883
9191
74656
82419
10839
91201
99626
33575
38662
3422
90135
58047
25502
56986
11325
81330
69251
18906
2812
30871
29424
64843
64388
41824
37661
10460
97863
91107
19709
34915
73484
53361
86965
46948
40552
29793
85853
24649
2128
94429
19578
96290
93723
23265
34952
8646
93927
59549
2071
19214
30799
45494
28121
83349
20962
41559
40585
8292
51616
28969
657
24692
41370
47601
47595
49440
89662
99080
67352
37671
14171
49775
72131
64777
19968
29739
67571
6369
972
85800
14231
75596
21836
78054
36834
48716
39459
83989
23517
91173
20912
64869
10908
16682
45191
22351
32916
91557
18509
49953
10175
28638
39572
88831
30884
15288
30890
54002
85880
12044
94494
70216
35422
97452
86630
84738
99117
42330
85837
59768
77768
95177
85936
37513
84506
51454
86768
12753
61502
31440
26636
34168
11758
79899
29106
74404
58238
19555
86289
61117
68553
98600
67919
90765
57161
93906
87902
64331
41175
79045
38973
79360
1196
29263
54199
33403
7988
73862
6074
16773
57001
15898
50228
85295
68069
1052
74653
1929
59485
97119
6068
83768
9602
73758
57928
47616
10293
69885
91566
31196
2093
42836
44099
83669
83853
28916
52730
90115
56606
73912
2846
36935
92833
85791
13411
914
57453
56539
93642
84791
20202
18105
94919
62895
55042
27305
98670
75814
36938
25746
97412
42693
37267
86956
23756
63257
75829
28986
62337
15291
76212
85724
7263
22737
11186
49916
54524
48473
86846
32672
84260
6380
15286
71199
25651
59121
83118
96299
61325
49075
78599
2793
47819
25824
60988
61653
82426
34135
48177
29171
39346
39039
9430
73686
83856
41374
24998
26358
81646
53201
11527
64576
72370
12617
98595
16333
86143
69171
43697
59569
83862
58705
90968
30558
20142
33021
12384
43326
39380
43337
57268
52339
16903
44279
53395
29470
41489
53968
82475
34244
40787
78547
26470
58121
59025
55524
61532
27113
53918
22875
96829
97776
57038
55400
4152
65581
95937
56245
89172
63576
6298
92157
49875
42469
25053
87074
57148
24322
33816
33504
32306
6629
97930
47071
797
48243
45729
71453
25346
66916
15292
47943
63312
66010
51030
70479
81883
63545
25479
2173
47318
82700
39250
47347
19117
50505
51620
34361
95045
44076
66732
46949
47713
11004
5737
95409
8319
43131
81737
18220
82062
29705
49522
38243
16964
35276
91320
38817
37250
46438
535
3944
60337
20604
36994
60623
40894
3314
30679
81874
44422
81400
1024
98655
95901
26065
33719
14536
1993
21765
55316
24324
51789
84288
57844
47875
96022
15814
20313
55496
53375
42692
61435
99185
23646
40337
61538
39825
67144
24689
10682
30826
65205
12628
34376
34610
23606
49718
70225
65216
51581
50237
10197
47385
57785
62210
63106
43470
2079
59453
27380
35358
68692
88623
86483
58215
59477
8317
85518
49435
52371
89090
65363
8226
6024
29405
14187
50081
58434
90621
87520
91914
51273
57377
22181
93598
74865
98737
23742
20561
44022
5604
5868
39267
60865
78622
55547
58334
81738
23191
34960
46975
74862
99605
72129
4250
42451
40867
74382
8489
4849
23463
74229
73049
58224
77226
17423
80612
41062
19839
31225
28623
74665
29449
15993
86974
7765
36868
61830
43582
38730
44194
71230
81161
59502
4724
20878
68226
13393
28333
77436
13500
68391
9291
73331
89062
14796
90977
76801
61745
53360
25722
44155
95967
49799
9169
45501
16925
47669
49700
5762
50401
42077
38564
66592
78753
32737
83468
67517
28001
17251
11120
44936
96118
46877
95939
58835
96972
46519
53519
94382
37442
22159
50592
67324
4639
29731
23265
36555
92078
25026
89198
27516
98808
43122
33460
78739
84815
31988
52371
98980
13639
54823
11
11691
84475
66449
62026
29056
83132
72129
61975
90770
48440
70557
11884
3897
57476
7159
87298
63739
46376
78011
96018
18094
88102
90341
52197
37182
48093
18183
97
32965
99930
76661
15588
9683
87735
67485
16120
35222
35581
83630
78962
39918
88307
30404
56605
49098
18474
21792
53814
72228
92132
94193
85192
88978
92386
90086
85517
610
33613
80798
11109
48715
91604
82056
40110
17311
2678
47581
77686
20286
79860
72231
51264
28365
34842
85707
92727
2657
119
43878
51331
94627
72366
75223
1317
77180
72158
93297
64328
55986
4824
64661
98206
49518
90401
2448
7974
39085
48559
35819
72449
88005
28935
74409
57405
40785
51806
49817
3543
64125
98232
89381
81922
8248
3110
4500
78844
95026
22617
87140
95271
71142
82717
93189
99146
55264
68500
15829
39356
77581
7023
6775
8217
24216
61675
42333
46441
48475
81195
80880
93583
67472
31133
12513
54204
13872
26658
27912
63
62238
68057
84965
93202
18579
18200
5483
6701
32596
83450
38161
11623
57255
58526
93160
2029
47067
7238
53478
48684
15142
37088
3829
54620
88693
5078
19158
90950
12867
81216
22362
9018
28285
71609
41398
79637
27067
88871
74439
6458
63626
44884
44168
84385
70655
27459
44009
76227
95052
15277
76514
31815
49267
25792
16189
3381
92096
63689
92139
12143
84091
49158
83491
89056
14919
50580
49893
18494
56840
3792
15535
59906
82124
46478
81363
52190
49023
21969
48033
75153
87488
49446
15887
62675
77675
1057
8901
51535
98259
22802
54332
51752
73510
1058
43432
74812
29065
99658
29024
46520
96005
53092
18175
14453
91508
82679
65730
63438
22355
80043
64817
58071
12596
66802
95379
74640
27590
77398
45471
85103
51187
61836
76795
51516
59430
98553
73367
55336
74047
68694
44143
70417
35976
23010
14199
98395
64044
29640
45842
13933
99041
87759
4225
43555
6498
24692
866
79191
3790
51968
59525
43655
63218
17138
38629
78914
92691
77007
26117
45228
3422
14279
30804
94469
81188
99540
29549
71294
92161
16241
9744
12088
6718
4824
35481
86638
33818
67637
77446
97450
76791
16084
57387
24543
1328
29818
33555
39942
32026
40634
48988
45029
225
93614
86140
68273
50440
23332
92523
5298
96649
4094
44996
51925
1053
12560
28293
2125
26312
12394
20169
3618
63553
18765
25846
14139
6268
46390
23825
94649
65073
36251
19553
4759
52835
60956
85373
89135
8762
23851
93277
97285
22517
33193
20838
94968
17291
47710
45416
62028
52453
85202
85678
35496
98205
23434
10436
39403
5192
53042
59921
47593
11223
75276
42397
20911
49454
74463
75100
4699
55365
8182
48753
8671
53317
98512
93630
76021
12187
8542
82374
99731
78022
91709
63502
11658
59519
47653
60305
86578
96796
99722
34033
21852
4014
1925
72624
58765
19554
7336
69812
79646
17955
3419
72370
5844
28713
85987
83025
17320
27582
62361
80083
74819
95080
59853
95177
62238
76204
802
81716
18919
74887
34595
15909
81466
41985
98652
24000
189
44348
5262
96832
76402
70414
62239
77245
66371
48479
56755
38137
58154
88472
95258
88428
52076
32199
76360
19052
4256
83309
58019
68850
3954
66992
85522
69086
81912
37702
26221
38806
87673
16220
38953
20121
139
74125
45263
10005
14499
29431
78591
56749
71366
66974
9248
53738
22388
91411
73406
29925
2532
21320
35781
56327
38379
37440
16772
71321
28457
29499
28285
20834
40555
38766
36502
95088
35844
86112
54983
42208
59547
82552
31419
48203
73753
84246
37602
73362
3108
53740
31303
50297
25129
12621
95292
10060
82512
20114
83056
41987
12184
89925
31975
88917
95875
93190
99804
62020
41120
2425
41174
52668
88441
69154
47237
53461
63952
87866
12972
9057
65265
32718
23387
73278
12454
37766
36321
63721
4484
61481
61441
70327
7846
49938
64477
98184
80245
98415
51205
97679
36516
88440
98895
58970
24838
11177
26306
7729
11659
62829
27800
78822
7045
23694
71167
49185
77523
88591
10776
53608
36191
60868
63123
11676
72833
69187
21200
17784
54035
15934
36503
78484
6125
16913
27938
67937
10128
49967
79404
51410
65285
15944
35586
6327
94325
42632
10903
6715
42555
79553
30489
25160
15558
57279
34691
72594
66510
95601
53808
23451
90849
18331
77611
16976
57861
67596
54223
79446
43421
47222
19092
53163
61498
44500
88412
91788
79352
69696
66925
19145
6538
55323
59237
1081
42434
34535
77577
4181
73019
52215
1613
91684
61391
48790
16657
13145
31348
39992
523
96776
60667
90591
6312
13026
17816
18653
9021
30734
77973
34013
1712
13486
66437
12634
38824
32420
13733
10960
74459
39898
61421
85583
63013
4747
24619
97249
42373
6166
36504
57879
55205
9576
46169
57160
72323
74890
58028
10608
7530
71416
49412
66344
61306
42199
60015
28815
64237
3566
92230
84956
24336
95920
43071
37027
43989
56709
76490
24139
90054
28948
99311
99056
38850
90962
32651
72257
42131
43221
86462
53073
4546
3869
28588
94547
65989
59438
35717
8713
72205
71693
16796
92450
34756
53767
38845
33346
23481
3898
44132
98294
74326
4087
66432
76790
13803
37259
58740
86044
26526
62134
78137
45744
41320
94394
18716
56510
87820
59055
71997
76591
14632
84606
27734
55107
76277
13527
67026
2510
81473
33674
2577
73059
92879
72146
18576
30703
28070
90430
44349
28885
80266
40923
79433
74730
88253
83673
85423
38132
70098
84951
87028
86170
30702
96404
99894
84346
21667
76280
47074
3157
65749
79555
89893
79039
67478
60141
86441
76302
28403
7479
16280
53532
51835
52016
66441
69770
83795
89055
9529
80192
56821
33369
90187
49116
2477
89166
42310
7899
81392
2760
63566
43298
89934
86848
97169
62159
65031
32279
20492
37343
93075
12718
9350
8788
44444
68959
75894
42371
93260
2550
12079
11757
11256
58438
65468
42950
85896
73519
23256
22614
93779
86443
27406
82403
32598
52454
62258
3480
37776
78121
13960
98504
29401
25563
46548
51370
73054
72184
88105
18920
99117
2695
46411
87795
92266
83644
95148
20817
50368
61866
36004
7101
17469
32303
42895
52969
97328
3163
22856
2367
60228
59868
48961
13357
27786
29076
60078
55449
29480
35402
67038
75364
82830
2475
73490
98413
40532
23560
85290
55173
54021
4250
58785
92655
89652
47463
11697
40627
10478
50265
40075
22721
25007
10856
63880
45608
28886
86004
38786
28764
83009
69474
67590
82250
97168
21082
79165
4977
88635
76787
52490
28201
38687
7522
8687
31508
65055
72096
93932
63640
43816
71698
20773
89606
86426
12298
37575
39748
75171
14937
21829
10083
29748
22993
76935
90091
89274
33181
99072
43573
43481
3684
73651
88861
18471
96316
17665
32437
3197
59379
74396
44371
45717
23812
66866
28038
57416
17496
69295
40026
38249
83337
71194
47303
78116
32846
53676
3773
78982
26137
30180
50534
11467
56790
26664
67204
56758
36532
98420
67526
65819
71809
71244
92661
67222
71729
19459
27114
86321
4388
74889
22842
26356
47280
90916
44555
55894
33981
35802
27996
91323
8569
6052
86032
43639
73375
12099
43287
17623
66079
15988
59593
95027
65012
19405
46616
43052
79761
54373
81529
86272
67760
499
50857
98826
68569
51805
38124
22626
91885
26391
49642
24193
24557
79770
14346
33553
97682
91566
33622
99521
4601
16642
1548
13709
77485
70139
17315
43961
31061
98217
41800
16873
27473
10622
77231
73815
87410
10724
90482
26888
66866
94455
96340
1227
76409
66108
23552
27612
26012
67165
60157
29697
54002
4341
17682
84233
41533
884
5362
71799
91836
64903
98796
78126
99254
20147
84139
30851
73054
63493
64048
2581
42181
22215
58713
89230
91628
47160
70952
56751
164
8781
95294
83051
93785
61787
50210
20586
58745
72014
62505
39835
81802
68534
56769
17525
23491
99187
57498
19289
32626
71594
97740
72674
62143
10886
72787
21926
73324
17320
54696
18314
74662
92209
89467
15102
7338
53540
79533
14560
12211
21811
63692
45013
52227
67828
21670
26590
44304
96455
65328
89590
45343
81025
94049
52031
99509
84008
36623
8969
28088
95270
39209
91475
22545
74006
14541
75794
31904
44272
33847
23570
30664
51885
1114
10179
23793
85566
64229
35292
90261
16064
74832
42169
16287
24346
9773
44534
34311
32147
46988
53279
76771
96268
22993
31028
51690
88575
24145
25784
56715
80867
81224
29838
71806
56032
18950
74125
17660
70430
45794
82511
77888
44664
16696
53062
12449
59393
16600
4173
95654
63781
81519
89840
90129
34235
61874
59059
4252
80366
88881
78983
33824
39944
82703
4355
61740
70508
4021
44774
77099
28088
23147
65822
61207
97646
7707
33733
63826
84267
51855
87387
50761
52469
51950
92431
33239
56049
10596
68293
92864
46696
27796
51125
16808
21457
13359
80157
43544
42858
89089
99559
81231
63491
92041
28443
40171
42267
57272
93506
22798
18973
69194
51840
34928
7817
55517
48991
71289
36980
67607
77905
6260
8216
47164
69714
78029
56905
65825
26312
33827
5050
75806
34855
81173
76100
69971
60205
93973
9818
23532
6276
56090
55018
67508
33546
83192
96926
49016
62378
92570
93860
61185
73788
90172
63447
27179
40822
4969
32091
77044
53447
44563
25025
40976
70003
30143
11800
43257
52862
76338
97654
48572
16208
73490
61074
15072
26048
26739
20699
2864
61510
81157
39519
27088
68701
94368
3288
89542
69151
88647
96956
130
69982
44174
92598
5519
68502
47732
79150
50772
32109
43377
72645
53289
62707
98108
60116
43324
3898
77593
90960
85924
50405
90254
97674
16870
12481
32862
7850
48357
16937
45566
99833
4445
34247
51864
32609
42079
20439
86468
13990
66312
21705
74931
7863
81540
39096
7384
61016
75106
93026
95344
67635
9558
54429
43877
10728
40799
14036
71456
82219
69021
99138
78480
76397
91526
59356
47281
65913
58742
95182
59128
82268
91457
23638
21021
21740
99263
96264
12351
60354
40744
15566
6207
27668
58852
52614
52624
63110
54117
71166
61296
41239
56904
54157
32537
63804
52760
61285
86813
70505
58164
90368
34546
75396
66289
46551
7579
81755
49952
51311
14844
10597
47475
88502
74225
22138
74212
8105
65905
8353
91388
20911
9798
52282
92060
43626
22116
92655
87351
64135
12834
56458
31611
87051
56235
45711
32316
72427
48650
18749
5507
68279
89261
65185
64243
85030
39977
50512
15602
14755
73214
71635
51652
17054
59056
77338
85334
14131
55507
47883
45687
15674
85195
43700
49120
65725
2753
15471
11403
65603
32055
95278
8928
33981
63468
55368
44795
86015
75572
37632
71577
95067
44403
4968
18821
10036
18346
68027
12803
26244
23977
98009
4738
72497
3578
1269
9974
74252
36405
68735
57777
43437
69347
983
45541
37026
56632
47495
90217
70770
56473
72119
22942
57399
4173
13660
88233
41129
97665
73393
42995
12607
74843
16024
60574
77070
37707
75850
31863
41541
99601
99087
87058
83764
10015
14655
39827
88274
82410
30679
15893
65310
96340
45703
11575
16774
70215
82489
93112
49863
9160
69301
66464
57684
4694
16398
54807
85006
72702
52075
90943
33702
12758
49440
94757
39594
9801
59159
20294
48355
30580
65509
88759
33332
33181
67274
35680
8621
29905
47997
95458
12430
88336
5014
20219
5728
26888
38642
69283
71593
79745
56199
359
34531
10842
14234
11297
50413
84001
92092
76637
43657
64865
60542
98655
2989
94458
28456
47822
33495
98500
83336
2496
45931
85969
77983
72215
72563
73591
4953
28672
36913
83985
28817
27076
93034
8973
67455
64607
36757
12811
20708
78633
69426
96014
33603
98125
36525
63522
12313
25637
10138
20399
24408
66505
37618
58821
93250
99974
75490
18627
33322
31422
92081
14218
48766
72605
73807
96789
63675
88338
8345
63134
91999
26629
8863
1767
38176
89495
181
5942
34533
24901
74100
77614
23461
92731
78350
76424
5783
29184
57153
78350
77092
72359
16825
14163
61705
82534
65439
64387
8553
71944
80782
3379
1431
59692
54130
48642
16523
47756
57402
32610
66548
423
51467
75522
49233
96650
62261
7582
29041
24389
21596
8398
90067
14091
37083
46649
57115
85039
26242
44692
63401
62959
27280
71734
66334
69208
32197
89243
64366
75224
60863
26608
22079
67538
52216
1603
52223
441
97831
44850
17580
28683
86694
94277
68452
22261
13961
8760
69755
8472
92635
20102
87479
2307
12330
86823
91688
59839
81480
21971
55442
68644
39558
78346
87855
19939
89805
91159
8651
49987
21806
57564
17314
96101
72893
57439
72207
74190
16419
87856
53378
76143
84645
51286
21000
37306
10919
4876
72827
47313
26009
42335
84596
20372
55959
19434
36162
16382
8544
34178
56741
79425
26932
22263
50783
5956
9618
71702
37901
42605
65455
95032
22626
30135
93
90729
16200
89679
83054
87098
53933
3876
1515
31768
80433
67304
16653
92079
24544
1380
51559
9183
26935
12970
5268
64810
5369
81501
3885
79653
71894
73156
40103
21281
22667
59858
31005
68641
85777
11482
20797
86003
30361
91316
70026
63611
94646
93979
8488
72918
618
2566
78565
7074
31117
52998
70708
37750
93733
44543
63868
33965
53145
5220
59448
7667
43388
97864
52750
57194
81412
15922
67530
91401
19638
21548
37965
56725
91341
37713
44226
41524
24848
60320
3757
99014
58359
14925
87294
93328
56347
62198
81705
70090
14591
54366
55654
69274
4494
70073
40870
69781
37012
78814
16627
94394
75263
35780
87409
4795
10357
41075
78017
75508
91494
25467
63596
59151
62582
66990
41754
94493
39468
49978
31998
86039
31380
9178
92801
5974
22101
90563
79741
879
43324
31342
42233
76648
39134
79042
4874
20382
63634
2440
85414
49659
10182
21551
45168
19042
10714
65448
57306
10326
29556
23506
95710
51501
49438
79085
82401
58751
99736
55738
563
61851
18611
70093
57048
36965
27412
12840
15797
86143
65744
65897
677
96371
89560
78427
54272
49355
45859
80347
4116
62008
12340
34233
72786
73550
20207
55602
57945
1767
23703
68747
31608
46250
80164
97965
78395
70981
51800
62871
96036
30868
22339
27301
8729
80234
63474
73887
17023
67375
76025
60026
81869
80318
87026
69235
35647
89973
57256
91850
96520
83470
1604
50176
73913
54109
23914
33957
68234
43987
56505
8612
38863
79924
51829
27359
3556
85343
98763
17419
77208
93851
41817
68360
73224
97694
15015
34669
89982
87450
62614
85775
9042
42655
14699
20690
51817
4190
7107
40314
85613
56515
15393
86302
67491
8332
12543
90964
11056
77937
45739
79488
54487
78720
32232
28492
31862
26813
90451
91653
58786
56051
96037
62852
24820
98126
46130
27010
26599
11959
90941
15886
91215
17415
66696
50610
73149
90940
2598
65596
98643
3690
63638
94034
86767
23350
22017
14497
2767
46412
41494
31492
21933
87270
51422
98660
56590
30953
88543
67522
99081
19074
88816
66518
59972
49645
13169
57777
74363
31859
33282
26398
62989
29370
58420
24999
61277
68024
91097
68986
91890
23489
34582
50947
66533
14436
65065
38120
21074
4923
4461
21619
2162
71708
93578
80844
40741
56287
39008
26915
20310
22391
40579
48655
48400
32554
84731
73143
22129
53967
51351
10590
77131
20077
20161
34890
42583
65569
70293
50215
8898
83506
60891
81581
99320
87303
17991
32227
27591
6862
29744
5666
7626
74035
78020
12626
19279
42523
27046
69939
39530
9309
6594
61963
78764
7157
61932
63110
32733
97109
79229
18776
55490
35977
89775
97771
83222
62792
38029
35907
85415
31522
18327
82433
84973
16574
72208
54591
10404
82471
14605
98557
3670
89985
12467
44621
46055
7589
26330
55759
85981
3505
82650
12977
99885
14294
20093
29367
45960
80176
33448
78068
984
97354
98412
84841
87454
26635
1207
99195
92155
67371
15281
3372
55682
72748
86865
49645
71882
9258
5606
88272
14840
85061
6441
69594
63181
71555
84126
43417
98099
74222
19846
51736
59655
5200
85289
64161
1252
28239
52484
667
9805
33107
43174
92632
87336
29970
55088
77472
84708
45801
10019
12384
65476
29642
18174
2623
81638
98296
41022
25526
18513
64716
59455
83355
2619
40980
37133
48553
48146
92811
64424
65984
85933
43017
12645
85855
66746
6809
78667
3204
74605
22033
28096
17607
27913
65982
52734
37761
45315
52887
3727
41049
95968
8444
88977
54313
35821
95099
96917
43762
39788
52617
99728
75879
58357
96063
20056
79897
30948
7616
57052
19538
86540
65621
19631
85083
35975
75244
41074
32222
73724
3530
76187
69007
8483
36280
5959
7319
84988
88392
53667
34272
5587
35224
85750
72155
45685
8469
53664
2184
85627
91417
96705
89380
11101
6338
91077
47786
5637
44416
50601
4348
12073
50939
64979
61377
41890
85028
56774
44462
48642
40297
82876
53527
58068
36833
10937
97922
80613
8904
44977
12418
54911
20939
89180
47543
82029
98821
11129
88218
48888
33782
32817
81030
32151
18285
35899
63437
65992
79437
34693
26788
60700
62992
81064
13705
88689
19846
31145
11966
86663
72499
90812
28259
47921
16431
23776
16037
89728
94387
58169
34271
46610
95134
62863
77403
60517
95604
34031
48375
9383
21184
96677
14515
94859
17641
33682
50627
30511
81852
86816
68873
8847
85026
55087
87434
10249
37632
39151
25145
13870
71187
87375
93209
23670
82813
62141
70464
67149
83197
42887
84659
73518
79622
76030
17729
22286
33802
9106
47574
19582
75300
51067
26309
63150
599
56709
39623
53709
63372
54908
35746
42322
76711
60860
82345
12103
81520
80279
76263
23718
46551
29709
6529
93631
1026
21655
79990
10293
21341
48651
48482
91557
71241
20288
57425
9375
24468
85390
63002
62603
13908
194
28116
71276
61011
72078
6668
24416
87871
79182
77135
94714
6029
38431
32878
67002
50436
92303
16965
92817
98722
59274
49928
20265
20537
3837
97227
49875
51918
17917
34458
87012
94704
25115
38787
40772
76236
48889
24208
70875
42985
36146
86256
21883
326
15818
94164
64305
70501
54993
1165
11569
86523
93457
5995
3964
76764
68902
73023
34795
7959
93574
90121
96013
65239
24532
81212
53226
15538
52753
2191
56900
53984
68922
10027
19519
36208
6061
71656
84267
83850
1959
75883
89123
68405
13456
59257
10585
29377
45094
57715
97381
30117
80036
11500
44794
22268
75304
30738
95167
28511
11760
10540
12060
18345
50164
2694
61837
42562
16877
8790
76044
91895
59534
15833
60687
93020
21855
77430
93289
73957
8484
2516
57911
91601
52733
60334
73383
94195
50390
43742
78274
4240
77794
60132
99116
70321
52407
86419
45224
85091
18243
10789
25454
35677
74237
3519
94952
71416
14785
34574
97482
69296
86628
57937
50237
49041
71609
93106
36191
36656
80682
16242
8270
18357
24110
41327
61545
82098
67042
72818
55343
85396
28711
8459
66025
6894
56498
18348
43233
28408
69553
13301
37962
90672
54590
64487
63230
77133
58645
46883
63292
48069
71955
33863
39848
41581
32867
13708
83164
15377
49994
67349
65153
22830
41048
73107
67658
99223
72677
31386
96773
54937
39118
44034
5998
56004
18892
77855
62955
10213
19927
84384
8189
24206
12555
16918
7262
67302
38129
71712
12875
83674
45977
25024
46494
23064
81866
12322
21045
19680
36627
55939
60271
36697
12893
9998
38603
55527
64141
65582
1375
62346
44273
75867
15180
88915
76562
15547
61641
17862
55155
5305
75310
21604
11425
90633
45689
27369
34984
10701
17486
14194
5836
24972
96726
32449
19694
78816
39764
98338
95251
28346
1563
72394
91293
66336
64666
15505
78229
54803
22691
24334
88389
11939
34038
73629
99142
38863
7874
55458
45649
90508
96369
72430
73385
10288
89211
23375
26982
50457
77484
87073
1883
67119
83110
85896
10727
68813
48781
28744
39751
32813
95727
27141
76203
78756
81870
73234
40711
16899
21188
48816
73610
78931
72736
68720
11049
212
17075
44566
35507
7056
36551
22334
2674
37659
56269
15445
62709
18454
15626
31756
7737
20740
57426
68756
49510
12952
37670
6698
73591
39054
23367
62856
94278
82838
37450
19930
6574
28489
62382
16263
21491
6195
51363
40663
68558
57607
7431
49890
93719
9806
74826
74316
91166
81137
69900
79942
88486
1816
68479
4523
63908
13226
3060
5227
57931
88241
95561
27888
53613
66817
84385
5432
94049
67983
36487
3018
41670
78158
4386
28015
65980
82652
13366
92274
40681
18000
80493
44466
42558
85645
92511
33834
52409
42766
13000
8740
5992
88958
95787
12115
61043
52612
71146
71632
19569
62963
20403
93488
12775
52843
8637
14796
3884
36351
41571
38765
5482
71204
81528
90546
21245
49188
37036
55300
22195
20465
9846
61048
19751
7934
65242
76791
55866
61899
55779
70865
41015
52787
70233
82008
60308
30695
25995
43196
43298
6340
8481
50729
11265
43838
50425
53711
29132
24199
34616
51201
22181
61211
92787
57663
79085
24783
11913
75552
21792
13737
59896
31415
20520
83343
29455
15703
73555
3640
91328
10576
40049
64817
98325
24456
21
5530
198
19469
51064
75261
59881
93831
3885
54050
49440
29619
66971
75218
76065
91535
29220
65699
74000
28760
92620
7586
40548
65766
83993
26916
14530
65972
49401
46947
56892
6486
67771
81216
62936
24096
40330
96140
23251
52755
9210
77747
1023
85951
83296
37597
21096
17051
383
10469
32015
77665
37724
81385
45465
57269
80999
43828
78223
52588
7428
50975
91615
93641
39439
38205
27801
14545
51493
50632
44662
20102
78568
20494
39948
99090
65236
77881
3149
34857
17341
86041
41387
85700
64909
71179
37000
93016
56372
49926
96483
95920
47421
84056
64805
81170
16548
22825
15609
45487
61474
799
93464
62878
67732
55307
57127
21141
75872
25405
17621
37349
34680
90658
21319
94120
98116
24571
54285
56792
51376
55646
31264
45455
93319
56611
19475
86323
39825
91220
1941
3525
90412
66484
61462
96314
81811
95381
95041
93347
33784
51778
72003
67703
40703
54308
3216
83415
32922
29411
42920
46771
16724
51600
23371
58863
62902
75214
66145
18084
55604
99565
90012
1836
81123
858
63414
95116
17612
48032
20091
88862
2015
61410
57133
41321
86466
19062
70349
54903
74151
88020
61471
87059
20232
46870
68670
14793
31538
23612
96186
98493
83606
4831
90855
88079
61199
96220
55272
27879
17634
43946
48126
22093
16771
2614
20336
40622
66779
53726
25995
32566
17940
47639
43912
21044
41428
29040
98081
29639
25457
29135
90040
82348
69476
97262
5311
25603
10044
51587
17415
44180
80790
62800
86075
35628
92048
53744
47596
92480
89005
37343
51021
43748
29527
87370
91620
92494
15478
33893
66943
67819
31820
55921
88952
59758
81906
36340
46487
12702
5772
88823
53812
29455
37960
80442
47998
81280
16051
76046
78700
62277
14451
76511
41774
17375
54202
49097
33569
34780
66348
42433
23054
96903
34632
9568
92760
17878
29153
30117
75043
99244
9659
14443
26824
38760
4056
43150
51488
96423
2874
13990
86346
88528
50607
97796
2071
75697
41681
24938
90652
83209
58132
42355
68585
34341
18885
448
1679
53620
30994
35747
97516
64972
4486
96419
53871
21955
40296
33877
29495
77541
54123
93140
92150
14943
53575
22881
88419
35110
758
86224
26776
40125
7085
79701
88247
6680
29532
51525
98946
32166
55366
2538
45121
50347
66829
49570
68276
69795
39408
17535
33469
33854
17362
28357
33816
84878
84065
41420
88617
18481
70271
31202
28341
96680
33317
33795
89699
84965
55658
19602
32996
83228
50630
9526
71664
82326
13259
27274
45973
54853
48447
84413
9509
60969
26010
23753
60799
51653
81445
6780
95754
34867
14387
34022
8268
10380
26998
44976
39213
92719
51046
55799
68138
37179
26803
55743
11962
78975
78083
25158
24449
49239
53751
79556
2198
89759
5826
75959
94344
31968
12402
7297
97655
45333
59314
57955
36498
10690
91994
91392
37157
24098
34125
76419
16326
45553
73955
6619
88928
1470
82407
74577
75327
78401
55379
419
99776
54861
6920
16112
18567
36363
53718
42579
32678
10297
97377
12245
62971
82013
62770
37067
52701
43502
83616
18828
44119
6282
16423
77745
95120
81739
69772
63903
25984
88040
21649
16197
75790
405
29931
75831
78489
68975
50001
89976
24686
69074
57501
9662
99609
47784
16589
30746
96214
61045
30090
31653
48638
32785
49660
84598
39246
20272
27690
82920
98723
14158
20472
1844
66942
82393
35431
42465
64241
82194
18535
86877
19827
32618
80951
30901
60465
21236
66723
65445
4739
95939
68481
72048
39576
53435
61711
63375
11223
23102
33364
13313
28647
13729
66163
56041
40008
56663
50290
27257
52398
29628
24411
67209
87206
99096
82532
72087
76107
39679
95443
39561
27519
47512
6169
84282
27914
25065
56145
74962
66722
81151
48149
12311
17713
80921
44404
67787
43444
18653
5057
35416
83181
45023
21099
97262
73205
45645
24985
86440
35563
44600
49602
78266
74079
37354
60444
84251
16267
93878
33337
71165
98362
14357
56028
36763
46969
63024
34113
74009
32289
10106
82771
90285
96257
84710
32034
97765
5230
21361
56779
20142
14117
19091
99756
72859
64624
65859
27504
65299
95253
8846
96757
97833
77211
42261
76300
80904
84566
851
97312
57851
89791
27084
93394
29250
77049
72337
18032
65045
78953
85678
22656
15485
81446
99090
25572
75480
50431
45200
86038
80241
24051
2513
14087
4486
63111
8737
51830
65019
36817
80529
76331
25128
91533
51297
28842
2626
94304
82475
32837
66265
15199
26338
97282
87498
27770
36827
24730
29608
9708
37885
24963
56115
72178
18480
4355
80324
85396
57571
30557
47194
33437
60949
57465
74689
13367
88600
71961
88319
80891
39751
5920
48059
83222
85102
70142
68184
34586
9840
73538
47604
94012
84833
74635
55840
69229
70863
81534
56577
97881
15135
81304
83903
28246
52481
40298
69
93471
68539
96280
67310
27849
48274
10150
11694
29763
50685
39525
15631
43010
46350
65173
50293
26571
31470
63432
57011
13357
53333
81847
35068
38956
83873
53596
84304
62916
8788
4986
47088
11822
67980
26028
85728
19171
6785
77873
21006
85589
22045
35364
8454
26361
87483
28610
73731
20005
78655
60911
52357
93980
67058
9739
70739
38868
22373
6368
24876
67577
54935
66200
95547
22642
2876
42658
21482
51268
25008
61086
47493
2735
90495
92938
43366
49336
77104
62276
12840
17644
43493
29310
76977
28290
36565
82493
83598
91526
96333
31745
17128
93593
99252
34265
92839
18683
74677
59983
24669
7094
70788
86990
20219
64891
48335
21945
94288
71497
23696
66985
31983
96281
719
22852
18327
45989
74923
21770
86226
8975
53072
10896
69739
29221
74221
11137
98840
39755
62062
86580
60549
4784
31192
39831
9379
66787
19011
35077
91545
75710
61553
37670
60494
70198
55403
33709
68742
74259
38078
7737
68531
9595
79799
3762
94438
123
48817
858
880
5196
27805
62897
99004
51469
62579
70482
91111
82155
10071
10918
3907
16402
45410
3140
22676
45414
16060
83434
77368
98041
67921
5843
60867
99742
65027
87006
9861
84807
65172
84877
78182
54981
20643
68047
73157
82234
88825
20050
28919
94643
58004
46863
33016
57465
66776
36993
51667
66197
2284
65344
19144
69413
77861
35925
20472
98188
2536
63850
91454
92687
54064
38273
24894
3151
3649
60095
84384
12856
65680
70526
45345
58464
89039
84831
25233
38659
77152
13116
62536
12024
32392
35025
75051
28749
49560
16258
85690
54595
98447
37447
37692
27642
25266
36143
60855
3646
10783
11411
19198
14604
13526
14630
23491
99527
48277
91916
43295
47757
86657
95663
22973
80083
65274
69758
30849
83930
19375
75211
36072
65060
25556
90243
36958
7887
2805
11328
1521
47121
83810
8923
74630
43442
43303
58182
81257
90602
65536
60572
15578
61144
66097
77741
25327
3908
4392
84276
48975
41851
85681
85257
61404
93506
55311
4007
1872
21854
76243
76052
73774
43507
94917
38225
64240
42470
53178
12153
96370
5384
39447
20515
79365
34224
44474
95835
22959
85833
81040
81310
58072
73709
16411
4725
10071
76706
22367
59608
56739
6982
78502
153
78045
24629
30180
92682
79131
83108
83850
54274
94097
31566
61512
19291
91313
65876
42772
15445
68224
65483
768
53756
484
13251
68272
38340
47511
77033
94779
98920
93893
95955
50463
87339
5433
91415
69623
52423
51737
50872
88820
29242
58858
43483
99524
70642
20373
84717
3480
42721
36479
23563
4197
46242
42500
38509
39497
47774
44665
79814
23758
58312
71626
34527
96794
39349
22337
13454
34756
95915
67762
15421
18762
96591
11579
32865
33227
50752
91802
71497
81029
15439
28884
64146
43852
98611
60574
48571
9606
39253
17498
14755
84464
42872
3553
66224
51478
92252
18420
73137
9866
96820
33085
83634
65317
16332
66
63950
30507
86189
68219
14394
55471
25861
69977
57516
81233
48690
53388
26865
75269
720
9381
8979
14365
16854
96852
81292
44121
67706
74582
32129
82237
52982
58113
64889
87973
75346
47621
53548
3992
35152
37467
17524
48935
90553
83483
70719
27508
46555
16739
3737
14755
19313
90188
39164
13382
37171
54334
64550
51806
91389
70463
64819
54012
50659
96665
69158
15664
25501
21248
43974
69679
66408
8031
67387
93765
65001
61549
5429
5258
68461
9345
58488
53461
65356
74085
76267
5341
31532
40266
67036
52835
25113
35951
96790
90664
28060
51949
64289
9341
54817
10883
65337
80648
47682
12875
23996
68765
51630
41377
81818
20045
88484
13251
96306
44395
69862
66059
14689
39610
68525
49507
61019
53247
57630
36479
48865
12500
61551
42142
5968
43175
31412
18548
29804
90927
85289
23616
65564
95574
33616
20928
54226
26523
67483
52857
84510
6774
7702
45448
52094
1085
70374
91988
4472
60600
9547
53438
18486
9170
92454
75563
68012
91686
92728
52644
84015
74945
93149
52572
58855
53711
79405
43784
71316
27378
21700
98570
83272
16173
72302
97303
24514
24694
89562
10872
1579
52838
53311
85438
24314
98692
36240
6213
24384
75887
73789
29278
26721
64270
59445
69147
24556
4287
18872
29836
43727
51476
53971
78741
94163
44429
77268
96426
77112
69979
69385
69499
33474
19242
84683
21143
48987
21282
22352
75250
15423
35681
25031
59046
21867
23574
58813
32042
83173
57228
9923
96085
24834
42184
7666
74233
90175
7008
14390
35037
66848
51753
57998
16786
69121
57398
99574
60446
56370
59113
6535
39484
44402
35276
21512
17199
55618
63045
26833
77743
18172
10691
7996
65631
37533
13656
20574
11161
10606
92390
83024
25004
4310
41741
18367
53297
65293
49712
28331
28198
52520
46633
50061
988
46007
8670
76639
47480
65969
64720
61856
13952
53464
15552
91098
22577
86189
82811
22343
8176
46366
99798
92343
994
54877
88554
53608
73256
49362
45668
98239
57621
67789
81764
95963
17108
64317
42616
5319
86577
43287
28123
65233
53152
27090
87570
79610
70176
24480
63724
97699
13750
38327
74650
88911
31311
39940
53748
61468
10775
90797
47430
77519
448
10220
83959
12107
47090
51
63007
59644
61293
6472
16186
95366
91500
99251
18596
36579
43401
75711
34996
71029
55638
1786
41312
9085
29133
91732
53310
73572
13922
43033
7693
71067
56059
492
23091
9575
95799
36958
14020
23734
88350
34956
61467
80298
79017
18103
41358
2744
96509
62563
71718
17566
88108
80970
41286
54922
96350
90736
86665
18635
68172
45022
19467
91393
84072
94940
79271
6021
25771
5144
13090
72278
22572
1481
87377
56507
58822
13630
60200
82611
22988
4820
59612
42600
90987
89503
89214
49167
85697
5727
25851
70993
74871
11010
2651
75860
55135
36545
43566
42485
70421
63477
48243
97353
86731
34704
1105
32602
61083
32266
81419
44166
49407
33794
19945
52788
1446
2751
16859
79915
59128
78705
93540
49109
91567
63032
54683
60818
57732
72487
15030
13003
81342
38270
83158
52110
33664
83319
4901
42668
38302
46414
21681
95210
38007
82663
24126
66974
75940
8614
39921
96837
81473
75711
56765
40733
30029
88055
96713
65176
72936
64666
77799
97161
42904
40730
29384
89679
16860
91899
75000
63878
34642
53975
71611
14161
51651
50342
35374
40854
19224
8027
74009
48493
1206
67012
24455
61600
19822
11433
17363
32940
29730
67742
47425
32750
76549
79452
48851
18820
95374
41246
25863
86044
45086
8400
33146
94860
34059
70659
30941
20378
73818
75333
79142
87753
70912
40265
42528
6708
55405
30662
2170
16387
55615
58060
16811
72993
17478
1081
60314
5774
87849
40287
20888
781
46141
13487
76029
19693
37207
57544
12563
29898
92716
30627
72164
40636
8412
47417
65334
74439
58603
281
77251
73174
50820
83087
59922
89409
63115
58812
49311
67807
47218
91080
66647
66235
46494
44153
80773
99951
11571
22740
75741
94353
73097
93229
13291
37330
82951
59265
57700
75097
1429
36471
81410
48419
50901
91140
96598
78341
7522
33606
40583
47385
72943
95422
33889
86039
822
87913
4927
45301
20310
99660
1221
66521
82135
34281
88556
63766
55132
48918
42369
90220
49162
88614
92435
76485
60602
30253
45226
88501
70084
64506
51092
51696
25349
91088
32116
45860
32067
57934
92487
45817
69437
31682
60054
91797
82166
11620
59080
80262
99237
59849
33828
25634
90487
26115
23394
75336
2082
89822
73011
37738
52255
44114
74937
28832
20376
87130
51413
93936
96249
40235
22374
25194
31078
99985
94909
50729
93681
23255
88255
79112
7334
88636
7864
32485
50822
8528
24491
99253
56901
70138
74773
7318
72215
7672
16223
68447
77488
60860
87664
95499
14588
57337
12599
33448
86172
64561
60892
74506
54438
13536
58562
33388
71591
96252
91937
60867
18748
99996
17245
65430
89459
74411
78100
9931
93072
20475
7530
38979
40787
1672
13866
19454
71727
92745
12045
10979
40851
6098
88868
95038
76766
46673
52643
50129
99534
77606
72893
44349
89624
64026
19201
75116
15003
579
20364
23585
33127
83130
173
67079
23077
285
5997
69744
16391
29085
28486
72776
30529
88263
8548
52050
63561
3415
66461
14622
66489
37752
36619
21767
88320
91489
43741
41701
11043
91958
48826
21155
7600
5194
96223
56362
81150
4892
4332
71843
59821
60642
62146
87610
6604
3214
84556
73356
10646
85666
24270
54285
44792
88410
41322
16341
48679
55797
11134
66612
35699
63214
53647
78750
30815
41269
27070
60355
19556
64116
50337
56185
94226
31838
5944
33504
18742
42492
12293
52003
94654
13636
50785
68309
15131
72632
47747
69740
95829
64310
79860
10095
5491
13418
41699
86488
46652
83115
11306
37249
65120
32772
1950
20401
64816
22615
92142
70739
25012
54108
67783
84524
14501
31860
13903
51830
54382
38307
93933
46558
3430
39733
74769
63345
73237
84510
42919
48565
73739
68384
24432
93067
45706
41561
28145
51984
73387
36665
40336
99598
49746
57301
32672
47071
15694
18290
92541
21689
4428
13247
10671
47409
33225
2952
27114
64580
49928
65896
57387
13264
70836
40482
25462
29730
21690
98388
1827
45231
71627
30111
82667
75539
83691
84597
43891
84636
12384
82470
20294
69439
28218
2579
85849
14660
32069
62148
96281
39651
87299
58455
87622
44627
41974
92956
87379
42511
7796
54908
40392
61968
95706
89187
86812
2197
11867
54445
47151
84473
89591
77602
9360
47376
97383
53191
99085
20233
86080
29603
26753
27271
58959
19258
83257
82161
77486
26173
92414
64954
18359
74873
79488
39786
35636
98982
20089
36645
98790
8787
58751
38384
70511
47534
24099
90483
39091
91522
82262
48253
89727
80729
589
69039
97588
18600
22726
83853
72986
22120
24211
31856
57496
89998
67192
96113
73407
52680
34898
91123
38705
79351
21252
73422
64374
94192
91348
91188
36491
97204
46983
4768
60148
53568
14942
62445
45182
21706
28209
37580
56127
92073
27039
37409
14419
88260
40973
21885
84668
58614
20470
54187
49984
94125
77400
24285
4448
86925
66911
36049
1028
35180
54314
20087
89153
35806
33963
50654
11176
84698
9262
53349
64359
83932
63779
41120
90715
55345
46087
42461
44158
11612
7162
31408
10778
91371
80634
59777
42052
76817
68688
82285
45748
13961
11059
31094
32035
12629
88776
81081
92178
90344
85662
61653
80163
37987
45912
65162
10595
43390
71988
79154
30320
97375
48966
17598
82134
23100
36067
37234
68517
33017
5956
41860
72898
91519
18852
97829
70518
87228
25207
3053
77808
37999
79446
7316
48782
66217
83801
3712
25041
25429
23510
37115
98316
30754
35932
1325
36944
63514
72536
19483
61424
72186
34249
51723
83484
79414
59927
55109
59758
89641
8885
84014
95106
75613
49065
31343
68115
2795
59610
47935
45807
94344
35012
16149
27450
50623
78123
47676
17602
79465
21054
18672
79525
55026
85782
68432
73782
27108
85158
32653
49955
32383
13933
74719
34790
60592
65973
81874
60680
26635
70508
80260
60520
63175
47062
78241
2205
48452
91254
42346
87889
56453
70267
99248
32506
65242
12540
25191
89287
54990
15334
44939
78160
2705
27954
71163
73126
18904
3314
89370
12901
10785
45398
3075
82481
92812
91430
87081
28859
26747
98597
93173
73491
9380
38921
17263
4879
98532
36373
11545
17453
38620
71728
43089
43439
13772
67390
67765
30680
27521
4231
72435
60122
94188
9750
13777
87048
92232
55393
38076
53997
14258
55442
59415
40434
72370
23076
67711
24791
7471
39149
70638
51501
62333
23805
22528
58362
52689
75554
71675
42481
47181
81193
75003
29640
81189
88484
84388
19151
74272
54744
9000
63311
48323
81132
51587
86964
33093
53135
28800
59597
91442
51701
7775
25311
13075
15026
97580
71359
94750
55204
15550
78315
75541
25157
81122
83746
29393
80678
1510
14717
30422
6043
67605
83224
93774
98613
87464
83441
36806
39480
52802
39088
2305
67506
27346
69843
35513
34392
86119
37372
20721
77663
79782
51562
86157
52599
80007
53769
15621
79231
79047
37697
89457
55171
13051
85324
58353
64411
55960
72637
17601
16879
74012
33909
60951
43469
87243
45748
54584
68063
69382
22871
71492
53600
12745
79408
11277
30901
91087
22890
35118
45723
39157
80840
51687
72832
73458
56971
24748
97741
32133
54520
54286
62956
98311
71601
23364
51756
60494
45953
79641
3615
68689
64695
94124
53002
58288
12079
90410
87299
68518
88650
33470
36770
33581
58344
71168
83864
90574
21622
8150
91624
93457
87847
71772
84516
78309
73205
7524
19698
98732
78368
62970
88263
97143
86634
2130
63684
16317
3908
85523
50540
11162
80578
52926
59795
72603
45001
22076
8302
73799
90780
19906
71733
83221
84182
63069
93158
646
42183
25725
64450
23104
90044
25524
70048
41323
55021
39128
23936
79362
23563
94614
15154
57395
29973
39766
70049
61537
96143
89479
79678
75490
5193
87886
18507
5943
55029
97280
13147
30531
20371
30229
77506
52822
52372
8567
12102
22753
48299
79692
12040
74544
12549
10034
18226
13053
12815
90532
2714
23
49060
16040
94009
88088
54351
81307
70785
5751
98456
54525
55333
55156
57419
19389
7476
54987
16856
76176
14198
1280
78661
29774
68869
66168
3559
88684
10594
12816
89202
22688
59984
80425
42771
87342
87761
68731
12227
46217
50445
14347
61536
48375
3801
56881
80774
53012
54744
65565
11150
13069
57426
87671
18395
62069
68578
34208
84956
4626
7086
7594
58638
43797
53083
98067
48159
30509
27397
13361
1729
71154
11816
49854
32013
84766
17270
73873
97396
94849
12217
35164
26676
5602
76202
89561
2526
79581
69430
17305
10644
95189
33673
12676
71455
99708
76459
44725
22479
48072
22624
46639
15306
46283
34436
5543
30114
9581
11577
36831
71597
89075
27616
50598
7522
75265
24519
32294
98402
6640
36093
72034
88709
52143
13471
77097
52858
36096
98091
25765
54063
28723
24735
14481
70895
31047
94646
26696
441
52190
66027
31173
28073
37162
87490
83722
49243
73865
87627
37610
86453
66501
67622
93275
34660
424
9519
23889
55942
89022
93985
75982
36030
5233
73253
58748
32244
86306
25309
99524
53448
94438
69502
67438
71156
85508
35616
20146
95915
17092
16391
41881
69629
93534
55243
62876
6635
31168
7664
38660
50930
64117
78504
97711
19405
41574
15514
20873
57747
98809
37042
9767
92059
21478
23393
5683
39485
97915
44536
8118
54182
55205
12372
14793
98279
72882
52048
91152
13977
2650
42015
67844
11697
4929
44644
16672
74504
8963
74654
15708
33211
60519
64426
13468
932
64736
30288
44763
22834
5476
71577
84402
58674
96088
18299
43024
27851
79323
51966
86949
69193
86143
84618
19986
9232
76100
41905
63669
36582
31938
41107
79194
13254
73868
9879
19276
93926
64610
1677
83737
11549
64965
88430
19809
90899
51178
73062
15699
9682
81556
96158
24131
92115
21641
31279
67044
30079
17338
7575
42764
88299
1057
79868
75413
91181
26195
47998
8056
85226
95573
88186
47880
84418
10563
7767
73628
51256
15891
25034
81727
70874
97184
36530
32208
32681
90662
26777
36619
44181
54191
76142
37813
49868
89872
14128
8341
46542
26286
58912
64296
23748
38381
31957
71656
80463
81005
10068
68862
41272
37455
61513
81380
60129
19629
70876
84636
32090
9716
64085
84582
27902
10631
74502
86647
69259
38316
96827
31436
41666
76927
20171
53321
99326
86048
60953
97086
91932
7467
42593
26990
25493
130
17578
73046
94906
31812
59084
52319
50404
66324
64869
72587
54578
4570
95183
73775
20476
2731
36253
25686
1747
51876
99604
96803
58987
31837
82447
36390
25254
84949
78849
16176
95721
14954
43139
97730
86647
21926
14173
45579
57056
39676
44608
84244
73717
85
59824
8436
34
40729
84783
65850
5483
34671
14113
61841
6049
33611
15531
87679
16661
43791
57538
80375
81225
25358
91286
32419
69330
13028
43443
12112
81391
96385
2003
35130
52315
82217
26250
45018
36184
90471
3974
66103
21107
26200
90295
51850
80864
35574
98300
70211
76381
95561
72803
15080
69173
78732
31065
38248
58698
99220
85055
38283
37228
86896
30612
16396
48777
13563
19409
25053
58159
13101
90418
69722
79973
7483
88343
39232
71286
13986
65325
12227
87595
27799
68744
65955
41561
10154
31212
4402
5477
30886
93805
31610
99318
54542
7824
64381
36531
4371
4409
52708
25787
37911
25881
8656
24860
29802
40285
58212
61314
80603
4983
22993
70854
91467
26151
5925
80697
51135
37402
51271
74826
64400
2691
94677
99238
80169
48034
88758
83243
77292
90594
91783
8755
66316
75249
35156
40076
12159
2693
44726
43318
69481
17652
51660
68203
93350
42329
85006
45754
8960
24896
12325
53114
20393
40869
32634
69967
11351
94840
12253
55020
77942
86551
42807
61938
81224
10575
81772
30949
98565
42452
14272
56859
7740
77908
93074
27568
41469
83769
13367
30876
94917
63382
35223
53797
58413
53382
50012
8581
91391
90991
13546
35898
80993
3282
38770
23470
73796
68685
71282
90577
65127
14345
639
39543
28859
75480
85135
53102
79574
27399
44614
24863
18933
79118
47607
61422
6279
78030
95227
47147
52126
94805
65962
22444
57699
19426
17638
47768
2667
28553
67419
39873
78214
36214
21641
48447
67821
70236
81765
73527
44923
32346
70531
52523
19469
19485
70016
2685
73717
25866
85789
28758
39434
66269
70694
55466
50020
37325
47037
60105
19428
23241
30201
60522
66263
22560
44418
7338
35486
94360
16215
82715
18446
42466
87217
69268
56003
74723
95377
46931
5575
92978
75356
58806
34753
45004
16671
74875
64486
86789
15246
81155
61612
32184
659
59997
55490
71080
40451
39426
38393
71628
96756
93717
59853
67252
48775
83498
59870
36040
21059
721
23152
51560
72272
47028
3328
39177
18705
98816
6821
88797
19305
36800
64491
31884
98149
51398
89527
6120
75391
21743
47298
41408
10701
12286
13357
69358
96830
78123
57470
70698
93901
37694
84047
34739
2388
85477
46630
19356
94776
18253
44879
94348
56115
39040
69235
95169
44841
6858
97516
7798
40357
18473
70783
67059
31708
40273
20721
5169
36355
13417
98260
6897
29948
58708
17250
51504
32175
50804
60440
54759
80782
5554
35980
21979
37690
7278
19382
6604
28784
40757
13484
72119
61592
58877
5745
7212
70436
14501
78620
18997
5433
23640
8756
71066
96095
57699
96773
54254
42316
27113
57107
74106
93471
21165
50153
73038
83482
39750
22505
95550
48425
22444
43719
98114
12963
87307
72860
21922
1488
60852
42212
51779
17342
65814
46469
67398
61859
67565
41321
20801
17797
56718
11256
75033
47550
89484
82600
11786
3508
70654
34266
78763
56477
76940
30308
64971
95007
3327
60098
15100
71074
41442
89151
10864
21596
90707
98250
43768
77412
33448
37405
32263
56916
26143
37599
53051
23543
41105
43377
98447
86950
21939
81829
59382
52716
88579
86571
23839
34923
44155
59262
90038
39016
22389
78654
17229
91907
21085
88346
58279
41773
50448
914
38433
2519
44751
56605
44889
75687
78165
80847
39678
48053
57037
3263
89189
19028
69019
58433
18984
20546
14172
34818
25136
75454
27053
6032
59655
82579
53072
50017
27962
67469
24379
95777
63826
81548
10171
248
69124
83700
37995
83067
43926
59274
55706
73756
27389
73386
44737
20006
14710
60908
97570
35338
30249
59805
80713
99248
1942
69542
7322
70667
10227
3936
59995
41905
88851
91775
38885
67598
64903
22632
42344
95256
15492
51907
77249
27221
37942
46789
84967
52359
66328
31263
34764
22220
66506
97800
36975
26222
80
11431
47827
34635
44927
83938
49669
57676
13058
8799
98238
29183
73511
63761
29840
58442
97091
92853
42701
75932
73676
41569
92958
27871
12353
67453
83357
70610
17492
47085
85454
64143
93802
92992
51243
44268
28992
82419
20148
30908
17475
48171
26524
71120
43118
77705
81592
49454
45669
52476
74611
84477
70526
70000
90120
34340
88136
97981
6397
90996
18448
9889
59362
24052
12009
14032
83764
88378
77991
30598
59279
99990
48945
12613
92658
74766
94884
51996
20684
69100
16441
59568
75903
60095
73107
11801
68094
76045
74134
64572
91303
78991
24681
20387
46077
73820
540
57155
54464
8567
30234
45494
19289
65445
14752
60398
93248
73658
41442
53490
12602
64398
66526
21460
87495
1714
4558
80817
64223
6808
5129
44922
89822
56313
32485
66076
57267
17915
38881
85283
18442
81930
42877
84793
11755
98346
54967
33039
79415
10156
34926
38933
78316
50192
98580
27055
5884
84320
18699
4693
15024
46619
92285
88055
87838
79416
42078
11486
78548
30912
6193
95838
78617
99673
49997
52598
29473
9662
72826
89776
33173
30490
72935
53671
62698
20380
7134
85354
36612
6090
40501
51250
85243
27741
69320
58531
51768
54963
38650
10479
23126
10835
76515
92539
80621
20988
29321
30651
22981
75349
9647
94316
76206
51329
30551
94125
74735
90428
73450
1241
48485
36507
46685
17464
34455
86999
68315
84076
45776
28949
63953
60021
23500
1437
7360
20893
17542
60871
24636
13250
90269
80689
42470
62354
84434
99469
53404
49331
68135
33014
74144
97667
8350
1916
3883
37430
4314
89436
99999
36829
49422
57253
51318
15386
25862
89599
67189
63639
58236
48288
41604
71159
75409
77381
49608
57560
92251
60886
400
7926
40738
59683
75239
26448
81423
90258
60663
41174
30587
98338
84277
68350
5668
57739
51027
22831
62554
9105
75935
52297
51059
26626
72472
20914
90342
15003
85045
35217
23829
3083
54538
36718
31627
61797
43712
32619
35672
51262
17928
23292
72110
38367
71558
88485
97755
23532
27278
38657
95795
27024
43597
95941
50946
22935
94621
47538
40761
23153
67280
34859
56254
22821
29521
46519
49562
4559
11001
28090
65639
39451
45187
870
77572
40385
66183
9092
63256
96235
71702
33044
80551
74932
43559
25174
10788
93915
62502
27852
87551
35557
84911
58418
92163
69010
11879
67239
30511
16069
38949
92336
24963
60031
41865
21708
81862
56638
28014
2754
44903
50619
14549
62361
68025
63008
84263
51809
41598
54513
45403
72630
43275
64416
12681
68622
16365
98046
64547
31556
55064
93994
75415
15858
48827
21569
40889
34921
80640
66858
27696
14773
64759
59836
21103
44560
9563
67127
52424
78315
94310
43503
59109
64045
91117
13121
51852
91272
15672
23426
38418
81764
83665
174
73759
53575
6376
59932
95254
70803
51999
20068
32745
34099
88022
99663
2481
55347
90756
74759
24278
5215
75158
40457
57298
95886
6644
51455
50608
83038
79492
92547
56888
45633
92073
21869
93330
48674
1582
89375
99900
51610
51664
83951
10299
30222
58840
31478
37525
62135
92599
38352
83456
79270
66722
19135
82086
79220
83622
77532
75186
82862
80790
63532
35176
75025
14259
55578
3855
76153
41530
74795
71655
27552
5155
34267
13792
54563
23297
11734
99380
30680
89505
43362
13460
96850
95159
77024
71477
68712
32730
13666
72959
50119
15575
71249
69795
70984
79816
53717
59344
35466
1993
58109
16391
61623
28949
71176
23054
5945
89978
34500
83419
12214
50735
11653
55026
79568
70651
35304
9685
21951
13834
95565
35631
51005
30988
21536
43050
63038
84598
23048
17143
74578
22136
32303
78009
82320
8372
20858
97951
99127
42039
32174
46874
85970
77333
17293
71522
57866
11023
76130
88504
62978
45410
52989
9557
54884
56670
45740
23537
2507
86606
52442
96664
2815
45568
99517
69657
99982
89580
45094
44192
50799
28525
63119
19746
92934
84950
31659
66224
17791
68209
14444
50861
73220
45510
6673
37059
79486
218
80763
53137
69874
32713
49418
72259
42890
64452
83246
81679
93675
96269
83088
8915
65875
19653
77005
37933
97221
89877
42069
1838
20532
29988
31923
96431
88468
84239
4177
50846
40146
49123
63938
80847
55409
12042
6519
56243
36851
56937
6929
58020
74109
76520
46496
93636
54989
38257
94155
2653
97864
18562
27015
3965
32091
69099
68142
97948
31066
88134
90336
96812
91569
58655
26338
61565
95332
57180
27923
58441
87343
50662
77674
75548
94170
85889
37676
22931
51591
94118
54886
20132
89525
20792
69816
39541
91258
36103
44884
4583
24313
87449
33363
54594
82908
3255
58342
83806
86672
25058
87698
62912
97678
75231
92703
25896
28666
65118
84866
74400
39458
43874
68719
73706
8661
13327
75165
32622
62199
10807
76167
38303
70304
53376
76309
21662
64231
66636
93699
53228
17065
93631
82292
56565
65021
84559
70498
26924
3828
23180
52409
2910
40185
81623
34994
80286
80952
3865
13065
32739
98040
31445
57183
81347
88067
67526
82595
54924
79410
6362
95969
24128
88713
75768
2545
6318
84828
51922
10281
3497
80303
8175
42519
39676
34591
74285
24895
24598
76708
42771
92940
2807
83852
99461
63975
3823
13756
12713
80914
70014
86458
14011
88926
30952
20186
62490
97352
47618
83623
4224
80509
14011
36246
66571
61895
93308
70548
25369
43298
76717
29915
39600
51412
78175
69649
54829
93079
49557
45827
3055
71545
32656
56916
41427
5816
40825
50544
36294
34790
38118
23459
70285
71731
55223
44798
70034
23939
14995
6203
79476
53162
28274
62812
86581
7731
77513
55782
38217
8852
65956
13654
98122
71896
72593
48392
94043
37511
6755
79709
90076
99299
66943
84207
25912
73129
69573
70402
28820
91046
51774
37627
8224
97391
98181
12482
33363
42239
43681
71019
14152
21895
95728
24380
18246
86824
59808
7063
52911
96922
3725
94272
22015
19959
4775
80865
11499
47153
3248
55876
95228
39704
82719
8797
43772
75148
13447
55930
69119
5202
61603
76704
95300
18133
85438
82752
43470
60616
50290
25474
16587
6308
76474
73119
54898
29822
29138
41540
56192
71953
37493
85662
87964
95460
11608
64484
28139
43383
96260
75038
70562
86513
54540
73061
80122
66705
28027
65811
3301
80687
11437
62260
22930
58233
31703
91349
3398
75046
93026
28411
36653
97417
45676
63912
61386
40943
4280
36819
53364
13925
2787
28713
3525
7102
16330
69203
11541
999
93596
40681
59564
14291
90485
96573
54687
81533
58525
22572
25554
82844
26198
6883
53398
63251
94436
23021
91821
44595
29771
68835
91626
13646
32974
1806
37148
65176
85705
59269
60125
30667
33385
22539
29450
20130
61395
65888
62370
19779
2079
74066
18153
2322
86359
6929
96158
96736
90581
92761
49647
48028
97660
36847
69124
58271
3994
93331
36343
43828
89958
26864
10263
74501
76755
71571
18831
9647
7960
51701
82632
44593
99423
10420
91616
3229
90312
88230
7199
46150
95067
37375
49231
16992
42170
89909
56350
41824
34743
87198
49097
19475
90907
6812
83491
33298
55976
64974
10367
98674
80118
69191
15729
41811
77685
57531
19883
32269
84746
45847
30070
45924
81629
47273
90735
47057
54307
86738
87983
19847
83855
69261
55734
7896
47078
38410
63123
31142
96453
3920
28341
25931
15733
18663
57789
4904
9580
84846
59454
81472
25290
19011
33765
5423
40896
51376
27689
28134
23896
13277
40662
2443
25209
96848
25506
85154
9179
9740
35290
50161
10720
24629
20378
41798
50106
23115
81686
41099
91765
31025
84893
78297
97267
53261
39906
14339
48151
41507
41631
63508
45222
14638
81310
45838
35000
19263
274
75320
3068
28258
85017
33246
79032
4363
68142
32510
19606
71836
30877
7177
42394
35583
129
34911
68770
80063
47851
92525
54052
37499
55373
94535
37871
61600
12932
1017
30593
77383
24929
67680
60732
39639
31769
46873
97760
82952
44716
30706
76970
3505
36533
73560
6474
93842
87377
89675
70667
68709
22358
54053
20513
48657
68280
83044
95225
97978
3096
28841
94253
98744
99551
46447
19105
73712
55806
55478
67259
45332
7655
58250
64646
39973
72839
28068
81206
5864
53090
83828
27967
89509
58666
96257
32074
2767
32718
12802
26906
71884
30345
12071
77451
70876
20849
53477
10962
18035
75911
31974
74074
43153
50078
10329
44829
57419
44335
23456
45732
39029
66759
69941
52045
22276
84039
91721
14129
68867
1902
88253
22241
93686
13940
25145
57906
11811
52578
46328
18140
27809
94682
42545
45108
93791
6435
22010
4828
99129
60685
91037
58075
34573
55696
49452
5797
63122
35100
33109
40091
8575
57116
61009
1259
37000
12353
53499
70035
94891
58067
25302
91408
57
54472
93677
76426
58095
86848
17960
62655
83269
93007
86196
3116
56119
7462
83338
10451
69950
88817
93075
72736
67504
97171
48884
54496
55971
3226
43624
91721
18822
58254
28785
55493
27500
98207
64288
5063
40885
91789
59868
67932
94879
59992
54332
30483
73075
13820
61141
62171
33916
51416
34453
90736
54804
18951
3814
56781
89208
64320
17923
59086
69295
69105
26214
48081
43661
95191
18627
54202
76650
77019
12485
93609
88950
33560
11033
17559
92981
83591
95747
70667
37588
81398
25167
51487
17436
65720
70231
90512
86273
7567
4770
58229
79178
34355
72259
8791
11203
88252
26032
58118
89677
64200
44927
58771
96783
65845
60697
94586
65921
45173
68348
40267
42423
96555
53822
65675
99835
58399
27887
90019
9376
99898
37534
17498
40758
88024
88289
90642
88403
44185
16712
69689
34269
60309
7822
31298
40090
32079
84335
61510
27696
67497
44560
36886
7427
91575
67590
19523
77837
28588
35892
16954
96054
20551
73020
66393
75984
40382
89960
44156
71076
48069
58862
68397
12679
94978
75695
84366
56597
78314
33803
67388
86192
13397
55928
56630
17784
99597
21548
56336
11995
78499
74356
71653
12164
89775
67080
81694
75227
33909
23065
4083
34948
77071
77803
24021
82932
49363
39511
40728
37224
50380
54375
32828
54015
58213
17601
78680
3765
28946
33414
40842
73983
29819
25320
52785
92599
37078
48481
83224
13673
19418
10433
47571
3783
59859
36365
94070
50240
18557
51432
37426
26616
29021
18876
73200
6364
38506
80388
91600
91222
46831
9445
4923
30671
84017
29899
98611
5111
29727
24432
2051
31552
9133
95629
84641
69140
9288
29115
25331
22471
76667
31906
88935
55117
41022
23511
96611
20257
18216
11409
29943
55197
52661
45267
54070
33206
73301
34632
17320
87662
76085
890
71963
9214
86999
190
4539
60215
36559
94622
32268
13790
58764
6522
24960
30539
96775
95172
14205
17259
99439
73723
20915
69830
27520
62873
15931
73051
71808
43486
34103
75281
20539
21346
96490
24102
74394
61370
39007
61983
20787
14137
41047
67609
45276
1776
16179
51670
78606
97822
36289
70016
49467
8729
53019
14682
8836
62897
5145
56890
35505
16172
27950
54846
1052
43120
45219
28186
9170
57085
51616
96810
32656
63015
3077
67412
18357
69370
35283
40247
45339
57824
10972
69967
99693
39052
66294
89402
99148
26118
29407
73404
54444
2144
46821
97344
13011
17586
14509
48801
12800
23535
7121
61841
23022
56274
25805
54298
56666
47505
32946
62182
10818
68822
23960
98341
35614
74074
86784
44710
77854
63222
4228
58658
10740
85653
5760
79266
94852
3092
24891
63430
73284
87553
53646
60692
53159
75799
18107
22636
69600
44386
63656
47908
20163
72132
5521
15278
43842
24435
91254
70014
83271
69857
45713
65128
73273
68456
66149
13661
63085
5066
12954
61610
5736
32428
14906
47633
37833
30102
36925
6457
32366
87733
62994
61697
16664
89736
50255
11087
69029
46475
24482
67682
52952
28118
91232
48603
78962
7820
14954
17908
70754
12137
62153
21388
20423
72297
78808
20087
57597
98525
21286
38659
67757
27632
36169
12895
44785
81047
89410
40409
40536
9660
52775
90058
90693
59171
40395
12336
66959
18770
82951
95169
45503
3099
76852
73884
73129
65224
20846
47844
3980
70637
39255
19468
72731
72187
58915
8465
41247
48784
85881
86741
70825
89980
20795
82699
26570
57771
14024
29694
14848
27570
27869
29503
5729
51016
62885
30936
57820
69697
44082
77973
84190
46424
89662
18401
2457
56468
41524
97194
67916
24543
16131
86705
4348
32902
35003
49919
31355
21153
3381
76481
30654
27149
23822
59029
25924
45522
18848
54965
45816
67336
22865
6021
58996
30477
79612
79348
98512
82353
4248
61371
35097
42373
58403
84723
58216
37773
3048
69743
32564
89507
5742
81956
51152
66277
93179
91670
19722
31341
64760
64418
8508
1812
51072
14946
87633
87450
54754
33979
21228
68095
37857
92120
19422
73041
86914
6775
91990
50898
33730
98308
26488
17583
74779
61593
10783
70415
78882
83171
60054
23027
14440
90527
92755
71714
97825
69560
80068
61060
89240
71604
50105
65104
31609
22839
67723
81009
54461
19803
62664
954
52566
71960
89426
84827
51602
68830
74199
80433
23504
11946
24810
75290
64184
74996
64757
91525
60279
2378
7525
6633
93456
85193
49679
86242
28931
21302
5134
90260
53284
97690
42089
156
51080
8346
97201
32678
58053
78630
15307
87531
72768
14152
69876
1426
62934
64452
80311
23012
11646
4234
74429
54758
26870
73848
67425
12894
22592
69480
40766
81354
42797
70905
58545
63636
530
29064
79478
80358
73400
36314
35645
99657
18378
77968
53946
34136
10212
31406
96140
438
41381
8369
82116
3078
1271
38756
68217
85062
6803
18224
1909
35527
3532
37996
37008
97926
88976
47347
15623
29227
65889
16176
86580
63316
63618
78341
70124
42140
37241
91727
24324
9777
49076
90075
28078
10771
46267
60366
47722
95117
90771
39172
75075
91741
3812
41381
21002
69282
37639
12012
22804
34218
73113
29418
89785
40396
33534
59363
41962
47360
83252
89572
36344
1863
66147
50399
18986
7220
65405
54946
5044
83853
40458
98746
40609
92880
92182
58199
99775
49017
24878
93914
37462
89550
40048
22323
39925
98198
48759
32221
89867
18363
76706
79304
58863
47097
12447
65319
55508
94251
52277
16918
91935
42501
73810
33168
15134
59781
53958
32812
59350
94968
75886
5435
89491
69801
65539
5804
93485
97760
26667
32700
72636
27605
93094
58498
43094
73463
72342
1238
51832
24670
30234
5250
47957
11788
57419
28644
79317
77490
94625
44118
60326
34280
98252
73914
68313
56060
12848
13488
29600
82467
64133
92890
13569
16514
89141
1162
93823
30584
56535
3513
69225
24262
84554
20253
66625
68839
52345
61793
41564
64868
25807
36351
24628
94162
8035
47348
82778
1902
82222
87182
17919
350
50657
97354
2749
77428
24107
77288
11619
1607
1822
50297
25099
61041
52451
10239
46864
22231
50652
13230
57751
53524
90471
76150
65407
38885
72188
22477
43543
73429
51330
35088
18475
32798
7544
13752
13796
37001
81427
49009
50306
15311
63152
81966
61399
39282
63475
80334
6240
76029
63457
14059
87578
36562
44929
39586
15403
37213
35968
21356
47272
33305
56008
21323
41944
90515
66208
90522
36305
5345
73370
33822
86579
13590
7016
96767
54649
40373
23877
32275
89625
99763
48455
93552
11271
64683
23903
2385
98118
67146
43090
39670
10870
36202
80428
44031
75867
77267
35902
62969
42076
79398
35716
88077
79282
28726
47570
73629
88036
30241
37501
71119
29887
34991
69109
48841
16603
4239
1872
85432
35829
57655
93003
52352
48067
77641
29542
85386
84263
43472
39263
3856
14348
57822
73676
72466
58707
45616
95044
23236
32775
81331
85524
99397
57946
92868
80063
67079
89877
47033
32268
35184
35393
86294
88144
74603
76306
82224
27536
47206
45716
87265
43967
81319
61456
79410
6997
68934
71411
38960
91899
91907
62563
70414
65761
40461
38658
39556
9030
58085
21628
13810
27397
29595
16349
68591
49625
77750
69571
47674
55115
23417
79251
12042
14357
66014
37089
61525
9165
9849
30324
7884
96135
52662
67070
7320
61954
18240
48765
31475
19932
46219
74581
60057
62972
85211
17960
70871
14867
10284
52961
81828
3504
98561
6334
56170
43251
77403
23018
61367
22156
74600
51397
843
33275
84486
359
5080
98654
65062
34737
23715
60998
16326
42852
31054
72419
55289
33251
57423
58389
95271
14891
14915
47469
68970
42836
84553
9555
99065
43830
49374
14030
17601
27245
15519
83506
32520
13619
26591
32892
44240
9592
75956
79622
94300
91651
46707
9137
64073
22781
71010
31022
84715
32317
27049
39293
77252
54927
45995
43344
65318
5283
98464
81438
41686
40268
18675
5272
65170
14114
93561
90424
95310
35973
40516
75359
64464
62169
75841
21146
56252
41576
46390
62193
2696
86231
496
74760
6080
37263
48686
79890
50363
56334
17047
99552
28433
73782
35058
59536
30211
69644
92144
231
32794
72491
18043
17089
83042
98148
8911
55274
26149
7461
86050
32617
73028
43836
64021
31206
22359
85803
8613
20345
72149
95825
71679
34566
22050
18236
41422
94730
97732
72584
91107
43208
78051
91286
39689
80354
50023
21034
52924
32810
32216
38339
1256
86892
67704
69944
44174
9940
84031
81805
23416
16879
57503
3459
90898
79060
40737
63736
72558
25616
33121
67614
10686
43739
9038
2815
47270
58446
84050
78510
27240
57464
93808
88240
24856
10323
99458
71323
54194
91827
51357
43895
52237
36619
48295
2960
83540
27972
86711
2129
51868
41488
96953
73916
30822
63622
52470
37480
76123
43388
33714
78003
34885
46476
23907
95180
51288
60095
52900
60481
55041
42097
8189
94642
78700
99551
54244
6927
68333
42127
45074
54599
34567
74809
1218
57248
54431
789
18334
35593
63960
19088
73360
57287
89269
42951
85382
33350
35584
78595
41500
75716
34116
43568
19817
15695
39996
72441
13877
73347
3083
17108
89155
89686
18495
10652
51659
32874
91550
62316
70357
60664
18612
12859
26196
14280
99445
10423
88070
71791
28869
32008
87435
87057
67936
58951
85115
41796
21671
91778
68179
86823
14348
76412
64618
86069
44237
23475
57876
23872
53023
87435
1017
96421
81600
78990
60587
84820
42328
81127
68782
60329
26700
37993
10850
279
83169
84810
80533
67630
87102
22598
83798
60476
41930
27228
76253
64382
93997
12526
92594
87191
85498
10542
4418
35259
82375
53502
91977
52911
20662
54294
718
79503
86509
18689
63629
17147
38464
56754
59288
45588
9452
61090
9404
78878
81985
49026
62281
61558
64318
6834
970
90247
34703
16405
24423
17624
77954
37298
82244
679
33438
88041
51734
98709
3814
47613
73036
20347
61848
4652
37858
99559
49347
81890
75874
41179
42246
69698
86921
76551
10804
16232
60676
60990
5743
24421
5288
76842
56482
84269
93107
32864
88801
31625
41418
52483
22465
91839
22319
28636
86057
22480
53098
8309
75428
25316
96786
88278
91074
90609
18352
52426
22971
46853
91930
50481
74658
39231
49161
97741
34069
48205
15129
30921
43012
57302
14318
88531
66923
35748
75320
68988
51858
47306
2188
65716
7617
2514
9303
65443
27929
31010
58801
67100
85041
59832
45747
88129
4486
95876
17091
23558
99177
19474
14854
85941
2000
49295
25029
45214
60191
52265
74637
7452
95145
56722
82729
67455
30594
61897
53437
98877
62505
89035
29901
17175
61711
28583
27529
2133
16124
81554
72477
88619
18549
6514
71849
38705
57035
89924
39489
14319
66069
91994
65094
27775
912
64593
76387
51596
1636
72369
56548
34655
19943
18547
21579
85746
69409
24420
68407
72192
84988
38623
303
4925
59512
82147
68897
71959
70888
48731
44371
20990
35938
41352
74097
62411
33266
93244
61424
91271
28638
94092
71957
83717
25084
59765
51978
73717
86895
46238
24435
76991
34643
67312
49521
73126
16402
35319
10492
3879
34268
80202
43525
34920
86757
76539
7619
31203
99461
96355
16488
53296
43279
26806
67148
22739
52130
25880
90082
24524
62538
99965
94676
47752
91210
56627
49382
76722
10920
20901
74598
55200
15926
31423
52488
22512
13235
50601
87493
65120
98255
88218
68421
86025
33942
25489
76273
5354
70760
87835
86518
27380
40795
71473
15646
44166
88977
53797
82298
15500
75632
94035
63179
49548
99541
59880
94859
71897
95316
88306
53392
41290
12415
82249
66378
35096
63388
7809
15982
54597
41430
72513
25576
22123
58927
14440
70121
58564
51835
3801
47609
73742
66147
19044
83238
95014
74585
46164
94092
70632
18841
2456
89676
88893
98397
20932
77569
81228
42115
60911
19710
99621
92203
65120
26430
18869
59830
94364
83242
79801
41022
2553
13836
18699
20031
12543
97575
41180
17639
71281
22827
37824
93751
64709
88600
84767
93132
62544
71440
35748
56655
10596
50073
19897
96925
36015
56215
75879
56995
18550
48351
27136
88914
34259
17298
26468
46276
84939
60734
79015
16491
49531
40586
47016
61371
85935
9569
14647
49680
11615
98946
45306
75816
92993
57891
83586
72475
74332
57631
87046
53088
49151
50200
35998
18389
4061
43480
47659
39643
45677
99662
30495
63105
69532
25865
7156
26940
12824
51352
8602
99586
84789
766
71483
72523
75771
65938
435
2416
11715
20966
77055
41305
21411
82794
8442
49398
99907
98556
19733
12492
96384
19859
64816
41591
97578
12245
58195
73421
66917
41658
19855
11347
17612
41698
69300
24748
36718
53113
54244
64454
82036
83840
56438
37474
85705
3565
99693
2684
58692
26147
21183
96462
8922
17336
74841
19769
64257
99365
18266
78731
5743
71162
26491
8738
69598
16761
40493
45634
28862
40913
6999
29225
89118
21883
96988
67665
56184
29841
77722
66494
29467
16785
74350
2585
25613
55336
82519
5943
87802
99493
20348
86613
28409
18098
28909
70160
10075
37419
82371
86579
6824
11262
17950
79823
80988
88770
75547
44816
53140
95988
74327
66210
86628
34981
7560
44717
78165
56177
28564
20795
75870
98390
46701
27563
38631
50126
53212
24973
66791
29189
34238
80339
69681
48501
86994
49737
46333
75496
57844
35402
13672
81438
22519
59415
13068
27423
89052
64999
85353
57458
15021
26923
58030
32692
3429
27453
98483
52005
91475
77764
14794
64854
89135
77194
57518
42206
52647
88847
29692
99609
63089
45097
89488
59154
54946
4289
95077
73020
25729
54924
76867
32415
76777
64873
72584
78830
10644
68458
80661
58016
91720
85076
96814
69195
70429
52253
95560
90959
8286
37696
22377
85432
11710
13809
36
60732
53503
86496
5102
31677
97754
36310
40769
27782
59787
17683
17769
82137
12512
64376
10232
84484
59332
83450
10456
56948
67074
77105
26963
93252
33502
33455
80701
80126
6654
65535
25413
16919
95109
19498
10651
48314
41702
69172
4290
80749
98704
83003
10310
86247
45844
9930
28280
27507
69709
12562
29387
56129
15125
85856
25032
28770
92249
51061
67825
49026
68586
37641
66426
40036
79156
78083
9312
52176
57773
65787
23654
85517
67204
10843
4583
98911
70788
72866
43966
40859
95874
53372
91710
82991
14954
36350
83512
47532
79275
61526
81452
53113
95521
29424
16795
36969
25001
68275
1596
30276
40323
5423
33913
40576
64180
96519
93138
6915
14158
73921
99948
29767
11982
82286
55879
44476
50917
8768
46188
53055
38984
14341
39652
22286
65121
44927
45602
59488
51341
52686
35813
90749
50277
12421
71653
35419
58542
53042
26739
57829
46350
3403
21288
31653
31872
14892
7164
30028
70643
7863
58941
58948
63274
38099
83330
84100
38382
48054
98041
91260
94106
84352
85512
20867
34172
2245
11639
56456
5959
78869
2672
10967
64017
94298
6456
63415
94371
59048
39266
35984
924
75627
84278
94250
42991
32781
53653
73399
97715
87304
36419
87842
25436
960
85739
61377
91810
49876
246
42763
81244
61463
26968
12493
9292
86351
39778
65513
25901
48649
68360
28047
64836
9093
38738
13292
99938
43558
96826
15388
46996
54155
41580
46125
40439
1764
43306
61711
88115
62073
41617
67101
63571
45390
94324
81334
34966
83785
51698
86139
40443
17332
27365
45722
83645
92536
17804
40571
91572
15572
9463
76037
14750
45352
72014
48449
6643
40106
9557
79390
633
71575
23839
50590
61478
47313
62115
63149
30171
81135
8240
33363
64121
38953
53202
37783
66392
63495
79443
78793
31894
11061
48405
17045
80705
33457
83088
70486
26389
80009
84556
9108
16196
6065
26714
82506
48198
46104
17355
99436
67849
80393
56319
76177
83991
69088
24375
4186
70171
46894
11855
54357
36203
36596
45530
27432
12472
8809
94033
24384
24074
12894
17204
62547
2302
37137
95665
20381
41503
27669
93474
24563
9603
62604
21842
63473
40086
5484
63839
86866
3388
6405
57348
21363
36122
19998
8897
71830
36991
2529
40590
87859
18640
50846
38633
91885
45994
65966
46508
91065
58952
45309
38170
2427
79737
76739
27625
52122
83412
21528
13654
34531
71142
17291
82932
82477
97566
80191
98103
49095
86824
21091
30115
90053
27648
288
15025
15134
27005
77606
40277
38662
93946
57921
42102
62654
12119
25148
72478
5357
88031
25727
15699
33289
65599
45132
97844
28258
10873
89563
44123
44582
34117
58523
75094
50095
44488
23293
78360
78312
88105
45591
7299
12248
92271
80285
41083
21864
62975
86094
88030
21485
40430
87794
97164
61447
6318
94557
50241
80413
92553
12393
19044
24759
77818
99080
32936
21134
36926
63234
88485
49143