-3519
3700
1005
8132
5037
4645
3097
664
3991
3399
-4989
-1128
-2158
9930
-5518
-8762
-3061
1252
4287
-8396
9194
-1019
-2967
-5143
9908
8508
-243
-9963
-6330
9852
-1627
-8458
-2791
2370
1797
7665
-4713
4388
-7630
-3348
6224
5105
5751
-6818
2519
247
-8254
-246
-9462
-8966
8253
-4345
-4756
-2578
-6163
-1748
142
-2242
972
-8653
-2865
-1436
-3538
6577
-8471
-2559
2701
-5921
-4999
-8058
-2664
-3144
1743
5288
-2057
5115
1105
1799
-6543
4594
4703
-1864
-4388
7075
-95
-4062
1952
-3788
2078
8826
-8439
-969
2211
246
5882
4695
9310
-9621
2887
5181
1199
717
60
-9733
9810
4590
8189
-5100
6108
7912
7230
6085
1316
2030
5916
1153
9913
-8504
-6296
-4649
-5514
-3060
1520
4542
-8550
6801
3321
3236
-7513
5408
8886
776
1655
173
-5478
6788
3745
7263
-7901
2314
-1495
6431
-9157
-736
-6988
-6238
4497
9699
-9899
4753
4041
-8856
5438
7829
1893
-7127
-6108
-5891
-4228
337
-9020
-6415
-6316
-441
915
9701
8186
2882
-8074
275
8153
-609
-1232
-175
-481
-5984
-4199
-8850
4904
4653
-8221
7604
-3502
-6719
-4353
7513
6377
-2949
9470
2738
6367
5019
-4580
-44
117
-8317
-2680
8011
3317
-717
-1862
8637
-4968
-3696
-2803
-5291
-5171
-7240
3062
-3036
5510
-6006
-8659
6229
5849
4655
6255
5642
-506
6338
5915
-798
-945
5243
3411
-5889
-693
2171
-4701
1342
-4134
-2716
-6751
5302
5330
2099
430
8360
-3339
-6997
2041
-3405
4722
-5833
-2515
5690
7454
-3274
7694
1731
8798
-6732
-7679
-4919
9473
-6505
-7942
7022
4445
5831
-1535
1308
9321
8648
6829
-4000
-7027
8004
6854
4933
1502
-1947
580
-4779
6461
-745
-7257
9811
9098
7420
2590
1317
4005
-9313
-479
3711
-8854
-7955
-6088
227
-5720
9373
-6810
-3189
-1400
-9268
5818
9867
3730
-1162
-4944
2984
6942
-1765
1142
507
-9728
-245
8972
-7706
209
-1284
-9460
1997
5516
9655
-6384
-2125
1325
-2778
-5895
-650
1558
-7167
-7340
4133
7196
-611
-9735
-8100
-6357
-3717
1072
-9043
-7838
-2313
-8303
5309
3374
-788
4762
8715
-7874
-8089
3075
-131
-3962
-2395
-1103
8004
6482
-9338
1988
7696
1500
4842
-9571
7758
6354
2841
-3156
3076
-1912
-934
5365
2459
-5850
5590
3007
3486
-7652
-3700
-9890
-4133
1580
-6365
-7502
-7424
-3308
-9808
5345
-3744
4104
-3644
7287
50
-960
-6339
-7984
-1485
6237
9187
944
9074
1400
8542
9964
8681
-9373
-3436
-6140
5455
3913
-7085
7296
5687
-2480
9618
7223
-2698
-4776
-6183
-6641
6322
2107
-1827
7844
-7447
815
-309
-9037
8925
-1191
6990
-5356
-5122
-9490
-155
-3154
-9080
4484
-7811
1880
2779
6619
7056
2963
9853
-1761
981
-8503
-5491
1929
6942
-7878
8748
-5343
-9691
-8069
932
-613
4045
-5238
7110
7067
-8065
7173
8109
6740
9595
-9458
-5943
9277
9774
-5995
-2500
1841
-5941
4547
2665
-6176
-4968
5713
1573
1279
9416
-8310
-5617
-174
3252
6121
-3113
-2418
2730
-7479
-8020
878
9774
8222
-931
-8719
-2552
-4521
7899
-4143
7679
-1450
-7341
5181
-4168
4481
9350
9841
2953
-2481
-7943
9469
1415
-1027
4740
-6065
-7893
-2426
-544
4342
5572
-7816
8075
-4790
9961
-2676
-2286
-3859
7548
700
-944
316
-8896
4224
9436
8225
4030
6919
-3037
8392
3244
-1166
-9551
-6797
-2663
-2707
4347
-1148
6438
7300
-5159
-3680
-3356
-3470
8545
-9284
-9720
-9836
-7043
-9230
-7782
-5219
8965
-1315
7994
-3183
5065
-265
1278
-2997
-2895
8434
7277
2465
1419
5996
-2220
-4483
7700
-2594
8154
-4053
-6081
4858
-7839
-1950
-9995
-5143
1342
-2050
-3905
4260
-4689
-3972
719
-22
-990
-5774
4954
7614
9416
3292
-298
4301
4187
4135
-2303
-881
6687
5296
5901
8257
7410
-7776
-6186
9852
9498
-3384
-9111
-5165
-4614
-6767
-4759
1807
5761
-9771
966
-4282
-1599
-6293
-1828
-3977
5741
1193
-8167
-4656
-2370
6392
8731
-9695
9371
4530
8424
-6008
-9758
72
1690
-977
4584
-609
6004
-693
7486
7668
-7129
7261
-2449
-438
8860
-7316
8912
7635
-7780
-9813
-1051
-2485
4611
-2135
-6424
-712
-8109
3166
9444
1186
-2701
3272
-952
4122
8047
-5643
-5990
6736
4130
-4240
8393
-7557
-6653
5136
6328
-3901
-7809
5205
1333
8256
-4521
8576
-7046
-9928
-6758
-7508
-9380
-9846
6651
2361
-1152
-6717
9193
-9599
8591
-8642
-2469
9030
9692
6608
-1550
3633
-1214
1
-2194
-7488
4820
5419
-7515
-7025
-3157
6165
9277
1569
-7813
-903
4093
2459
-2188
-754
-1892
-6568
1564
9358
-9059
-582
-1871
-1867
-5740
-9178
-7162
-5787
-3584
9967
529
-896
-4418
-3596
2505
1988
-8207
-6693
1234
2643
-6438
4449
-9940
-6824
8935
3767
-2668
2548
-2013
4371
9070
-1161
-7746
-4799
-6696
1526
-1843
-6483
-3866
7184
1458
-5018
1852
8959
3461
1021
-6333
-9375
-5695
5868
-9754
-2403
-5272
5773
2261
3371
7990
9727
169
247
5890
-9755
617
-5653
739
-344
-6403
-546
-7357
9620
-4423
2980
-3634
2016
7191
-4188
7417
8547
2464
-3573
-2163
-239
-8716
1605
-5033
742
-7110
-6021
8127
-6403
1019
-5126
4963
-429
-76
260
4706
8273
2448
7012
-8966
-9197
-3532
-3514
-8137
-7989
4604
-630
-8206
-6942
6175
-4173
-5339
6386
-2634
-5088
-7468
-6
3238
2462
7333
-8501
9991
7708
5964
4343
5337
-9954
-9006
-3175
-4659
7933
-3187
6333
3233
-2686
3340
-3990
6634
9756
-409
8752
4304
-7713
3325
8295
-8672
7679
6947
9189
9726
-9639
-9628
7853
-8485
5635
5402
2037
-5443
3373
2239
-5738
-5564
-6366
4886
-2586
-4411
5774
6672
4603
-225
342
1255
-8048
-6736
-8854
7882
4090
9655
5686
-640
3575
-312
-2113
9118
-1582
7949
6472
5133
-6593
-6766
-4358
9570
9541
9311
4747
-8092
2613
-3416
-6522
-652
3716
4073
-4372
985
223
-5350
5813
5947
-5132
4225
5515
-9019
-6626
-2057
7287
3563
2207
-3390
-4604
-834
-202
9938
1147
6637
-4352
8479
-3452
6980
-9838
-1519
-171
397
6690
-3294
7854
8914
2765
1183
-1149
3765
5345
-8216
8545
9192
-6731
5595
8211
9009
-670
5843
-1042
48
-9105
3503
-2683
8336
1760
5843
-2506
-7511
-1616
9197
-6858
-3519
3107
452
8697
9638
6440
1881
-1777
6091
-1455
-3975
4627
5654
7014
3272
-5216
-894
-24
2881
1506
4366
-1765
-5225
-1638
-4279
5018
-4935
403
-8564
-6417
-7465
7708
5172
850
6195
-3618
-2403
-5919
-2241
5481
923
-4006
-4914
-384
2271
3623
6495
-8330
-2781
-4727
-3862
-1976
4357
-2199
-1513
6164
-2363
7132
293
1873
-3938
-3968
7645
128
3694
-608
-6356
-7595
-4697
1599
-113
2857
6960
-5901
-5393
-8590
7451
-4717
274
5352
5311
3369
5439
3959
1484
8822
-8994
-1071
-6059
5269
-3089
-6959
-3111
-8261
-3360
7165
-2263
2850
-4225
8200
3938
3630
-4805
-7490
-6249
-3265
-2592
2895
-7073
-6279
2790
3848
37
-4947
9025
-9179
-153
-3079
-304
-5769
-8416
-6119
-2633
7609
-2244
-3599
7962
8584
-7022
-492
995
-4776
7254
6701
-4491
515
-5085
-3187
6373
4466
8275
6325
-5169
4500
-7703
1201
1072
-2831
5903
-7939
7521
-8529
9289
1121
-9506
4958
5643
-1495
-4730
4021
-5561
-4687
3041
5041
1005
-2276
6405
1773
7063
-5463
1365
-8097
-9524
-6092
-8487
69
-2259
-6163
-3018
-4149
-4974
-3389
4382
-7066
-5699
-323
-1990
4199
-6808
8184
6536
-4031
2120
8685
6727
-2669
5112
-9330
-6289
-860
2972
-2322
-4496
-2329
-667
-4083
3348
-3755
-4202
926
-3290
-2546
8778
-5617
4277
6471
-9051
1416
6634
4671
-2297
-1081
37
7342
-4837
-3925
9299
-3873
7888
-3619
5945
7642
-2257
-4927
-5850
339
8796
-731
-6971
-6157
7273
-3332
523
-2899
1484
8386
-1549
-5242
49
4367
2497
9341
-7655
9742
-4818
-6603
-9571
2670
-5684
-5540
-9304
-5656
9884
3419
2678
8183
3344
-8413
-2848
61
-9714
9075
-8982
-1569
9653
-3176
-7871
-3983
-6410
-202
-5064
3417
-9603
-4983
-8984
1713
-8573
-6938
-4141
-7130
-2016
-3042
-9944
-3207
-7031
9235
-2246
9704
-3947
1983
3929
-5629
7177
4411
-8295
-5403
8574
-1406
6438
-374
-3805
-7896
1700
9177
-2474
2697
-6287
3742
776
4943
-2457
-4460
-8517
413
4294
-7240
-9448
515
-795
3420
7609
-3041
-3394
-6813
-5774
503
974
-1008
-8911
171
-7478
-2306
-364
-6496
2212
274
4991
-5217
-9690
3743
6715
883
-3902
-9770
5797
4206
7075
1904
4954
-8279
1873
-4168
9808
5868
-3117
5506
563
2551
4818
-4609
6143
6796
7533
-1370
9194
4194
-9148
-3117
6794
-2261
-386
-9045
5628
6742
5700
-8321
5521
9398
-2034
4180
-8349
-2256
-3652
-1772
682
-6765
-1914
-4226
2904
9254
4780
-9756
-4423
-9189
9833
-3164
7040
4093
3268
7813
-4414
-4970
9518
-1360
6620
-4426
2346
4694
-7447
8883
-8606
6612
-9720
4427
-7620
-1209
7830
-9284
4227
-8638
-7946
3531
-3011
-8767
-7144
8671
7676
665
-125
-7793
-4632
-2665
8262
-3553
7786
-369
-2515
-2095
-254
6147
1260
-2248
7538
1658
9288
5974
-9059
-6991
4751
810
1912
7508
-5819
-6201
-9573
3996
1656
6463
-6587
4270
-6631
-8777
7862
1496
-4823
2383
4160
5335
7512
-4060
-5337
477
4298
-6777
-1519
6516
3595
-3026
6727
-6683
1220
-3466
2574
-1548
-1855
-9493
-9180
1305
950
2915
1578
6656
-6093
-4231
-7223
2703
550
1740
9721
5535
1626
8727
2356
7658
-2339
8079
9677
6202
-2929
5891
7244
6666
-5358
-9014
5819
9996
-9637
-4655
9469
-1360
-2342
4310
-7948
360
-927
6506
-5877
2399
-8884
-6932
2047
-419
-3322
-1152
1576
-7352
-4314
2279
-255
860
-4169
1485
828
-4444
-2572
2731
231
9047
-9197
-8603
8514
-917
-6972
-4755
-162
-3859
-1635
7817
2867
-2750
5151
9078
-5155
-7208
-9070
1292
5498
-8241
4456
5442
6041
4424
2390
8892
9430
-1913
-6336
3478
-5011
-4177
9170
-3289
-7916
5619
3954
787
-7543
-4982
4026
-9593
5253
5017
6490
-9881
-4422
-6031
7970
5267
-4580
259
-3280
-5289
-4759
419
-3301
3638
-8559
8743
4126
2685
2162
5491
1474
9518
4003
4853
3887
3851
451
-7441
211
-1753
-4770
1200
-7162
2201
1513
-5726
-5034
6907
-5584
4261
-1334
-155
-7633
-3935
6507
5548
-8252
5042
8447
4642
-6927
7652
-2923
-9958
2805
7641
-6668
-6652
4886
2665
-4091
961
5218
-3504
-100
-6294
-4336
-9361
-4746
-1435
-8867
-1281
4902
-5734
-1789
-5642
1700
-7032
4388
6915
-9177
-698
5945
6961
2209
6133
6832
6235
817
-7780
9356
7755
-8524
4811
9149
-7562
-5979
-5912
-675
-5244
-140
-5623
-7635
1746
8799
4989
9394
5278
-1513
2106
1751
-2260
-5473
2120
-1902
-2065
7508
-6290
-4697
-5257
-6880
1443
-2676
5387
-2531
224
-7842
-6970
3870
8796
-7846
-1052
1392
-4308
5163
1617
2300
9077
-9013
-3465
-4831
-5277
-7455
7025
-4094
-4791
-4341
3893
6118
-5283
5627
-3478
-1859
-9609
-8500
5728
6477
3372
8430
-3278
-7358
-4839
-5562
-946
748
9242
-599
1084
3630
-8569
2475
577
8446
8370
9056
-9838
-2901
1715
-3379
-6543
194
5411
-5135
-4453
3817
6086
8814
7517
5707
-1304
-591
-3342
4210
-5818
-1154
-3524
5911
-3565
-6459
-505
5891
37
7356
3023
-6886
8826
3235
-9941
1232
-6978
-5443
-3976
3263
-4208
-5064
907
5041
-503
1970
-6125
3544
750
-3893
-358
-5838
-9647
9271
-6831
5188
-9361
6193
-8525
-7398
4276
3452
-6534
-495
1047
-7603
9773
7530
-6934
1962
-8492
-6207
-4649
-702
3430
9220
-3567
4270
-312
-1441
-8472
8479
7530
6301
9176
9102
4000
-7031
-5267
4300
-1934
519
-5668
5240
9372
1481
6590
-1777
2400
1528
9909
5975
-3072
4879
7513
3427
-4228
6257
5930
5366
8587
6773
-5177
-2195
-6796
-9106
-9905
430
3014
-3844
-3616
-2259
390
-6685
1070
-1086
-6972
4882
-6259
9871
8982
1440
5111
865
3826
4365
-1701
-3510
-6507
5329
-4250
1854
-6377
-8304
-1209
6501
-940
-2352
8922
-9515
-7514
2542
7778
9083
-7982
4188
-5686
7777
-2643
-6042
4396
860
6949
-1706
-7775
-749
9253
-2357
-8202
-3041
-6424
-3403
666
3992
-8167
4048
-8290
-2970
3598
2754
-6231
5353
3262
-3004
5993
-9034
-5664
-8942
5095
-736
3785
266
5612
8517
2166
-3427
-1396
5042
2326
-46
3886
-4398
9433
-9831
5260
5326
8731
7579
2788
-2087
-5524
-2965
4153
1056
-8159
1920
-8003
-7716
-7129
5657
5362
683
2924
1617
7849
3786
5689
1321
-4578
4205
-9292
-7327
1189
-4209
-2662
-3906
7440
6485
-3519
-6924
5615
8904
9305
7293
2083
-1934
-1996
4611
2756
1868
-9021
5738
-4031
7864
-4477
-4720
-3543
6359
6156
-8169
-6296
-9154
-2784
-8824
2435
9424
8574
6731
-1527
8868
3724
4484
-6888
-9800
4057
3313
-3546
5557
-327
2375
2212
-1606
2982
-6602
-2752
286
-2079
7676
298
-5960
-4771
-2784
4777
-6976
-8766
-7644
324
-2216
7278
-3041
9539
5826
-3674
-280
4673
7771
-7408
2345
2904
-1125
8844
1512
-8662
1244
1917
-4443
-5663
5915
-3249
-1895
9031
-7478
8861
7407
-8962
-5908
-8750
2636
-8661
-6403
-4152
9447
905
-9162
-2645
-8505
2621
8580
6916
5995
8884
-1315
-4984
-985
4723
-8918
-4868
-8838
6098
-6356
3274
-3255
5612
-5705
6141
-1419
4173
-8254
-8319
-2671
-6127
-7711
8675
-637
-5215
2404
-642
3183
-9561
3742
579
-6494
-8815
-9960
-7636
6085
7643
467
7227
2455
4759
-9218
-1850
-5854
7617
-7152
-2297
-4386
-9484
3921
4011
7344
2188
8630
-1217
-7077
-9769
781
760
-2428
6542
-1268
-9410
9385
-4252
4881
-5502
-1135
-1008
2353
2608
-4900
2052
-3197
3249
-5516
6901
-9621
2560
-2964
3116
-669
-7416
8064
673
4219
-7431
5752
-8057
227
-9158
9608
-2403
-3577
-56
-8053
5483
5592
-5597
1159
7473
1479
2462
-6118
6349
-5777
-4476
9872
-7706
0
-9918
-7906
7138
6792
8475
-6170
-9218
-9784
-6214
-3424
4891
5306
-4713
-9486
1625
8880
2792
-3220
3291
-7610
-3473
3093
4560
-1842
8167
-4977
6239
-7006
-3261
-9609
-1706
3740
-4528
-2187
-6863
-8284
1144
9227
-5169
347
-4241
68
6077
-1435
6505
632
5134
5211
6042
7166
5534
4046
4656
-5147
4608
-6169
4849
6470
5537
-6885
8998
6940
4740
1284
8212
-7356
-6811
4893
-179
-5900
354
3289
5484
1143
-3111
-9823
2695
-9003
9567
-7193
-5413
4627
2355
-2540
4486
6442
-6813
316
-7801
3672
5115
1767
-1033
-6233
8026
-1680
-8302
-1593
7289
-9444
5056
7449
-3106
-520
4713
-2353
-6240
-6605
-6734
-1547
-1668
-4287
-224
-3247
-7521
344
-862
6995
3328
-9327
2388
-5587
-6817
3419
-7126
5238
-6929
5344
6686
-3532
-3263
-580
-2816
-275
-6287
397
-141
-5887
-8513
-670
-3740
-602
-5765
6681
5260
6172
7702
6965
9935
-4536
-8223
564
4902
5139
-1749
-3813
2996
-8542
6764
-5389
7315
3243
-3858
-8666
-901
-8281
-9673
2459
8280
2508
8177
-4391
-8492
-3050
6279
-9610
1395
3667
8753
2206
1762
9498
7686
7426
1547
-6919
1430
461
3443
6093
2368
-1782
-6137
-7437
7702
-4822
1246
-2016
-8229
-4357
-7545
8508
2116
414
6778
3281
8486
8930
-873
8524
3398
1913
-6638
-2527
4963
-4172
9541
-2496
-8239
8383
-3524
5779
-9800
1830
-425
-4189
7626
7009
-5126
-2326
-2125
1943
664
4059
-6763
-6514
-7669
-3328
9802
-3618
6605
-43
-3100
5102
-8570
815
2307
6313
-8991
8312
-952
719
-4307
9726
-3792
-7048
-8781
-2384
-2352
-9306
-7464
-5138
3551
-7122
-5099
8853
3480
4241
-7200
8134
3045
3274
-3441
2973
3696
4333
-4830
-7898
-441
6859
3030
-4045
4015
2743
-7439
9230
-5500
-5069
788
-2157
-7981
-9845
5352
-6047
-7648
2649
-427
3622
6922
6674
-8807
-6934
-538
7724
-2402
8064
7785
-2927
2614
6589
4565
-3504
-4115
1069
2095
6392
3980
7191
7091
-5426
8123
9341
8561
7616
-1949
-8044
8685
2743
-9560
6883
5980
-5760
-796
7576
8606
5741
-3730
-4107
5090
6029
-7942
-9220
626
6560
-6306
-8278
4845
3080
9730
-7875
1617
4943
4166
-9438
7408
-6660
6171
-6700
9472
-9813
-3451
-1716
-4007
500
3665
9896
-2640
-1206
6882
-4924
-209
157
8258
2024
-2826
-2881
-3493
-9899
-8590
-8576
-5077
7816
1399
4799
1296
-1317
-3587
720
2307
-9367
-73
7629
-6080
9117
-6153
1032
-8124
5891
2279
3478
7601
3934
-3725
1141
-5460
-1945
3039
920
9256
9359
-4494
5454
-4780
3555
2738
-9249
-3382
-4278
-6081
4745
6477
-3870
-4601
-5880
5263
-2076
7847
-4612
160
-1878
-5850
4964
-7012
5896
-9821
9582
-8189
-2010
-9488
7985
3225
-7412
-1134
-8013
2615
789
-9680
-1938
-5381
-2516
557
6142
-9845
-4464
1780
-6294
3104
-6712
1884
6937
4715
1556
3281
-5367
7521
-7981
-7575
-5489
5887
2877
107
2681
1056
-4241
3884
4599
7616
1028
1413
-523
-1590
7596
-9874
-4287
2001
-411
826
5079
7308
9479
-7291
3297
6242
-4897
-7642
-8392
4119
-1719
6046
4995
-9709
-4710
1664
-5254
8837
9469
-674
-6300
4610
1976
5581
-7029
-1681
387
-9917
-7254
-1452
-702
-493
7857
-7949
8735
-5519
-6021
5545
6909
7669
3298
-1015
3211
-1881
9172
6950
4010
-725
-293
-8412
2647
-3018
3637
-8249
4862
5029
6115
4662
475
-339
-2724
2306
-9485
-6230
3259
-4975
-4916
-466
-823
-9400
4986
2192
-5089
8461
-4922
2254
6076
-3529
-9275
-622
7753
-4737
3877
726
7752
9400
-3152
-3004
-788
-7030
2795
7915
1092
1698
7152
7166
9895
1702
5182
-2843
5793
-4783
-9703
-546
-9880
3667
5674
-4225
-8727
-301
-4440
8764
-8560
5433
-5528
4040
-5751
2726
2422
2642
9260
-4503
-4681
1584
7815
-3776
2365
2360
2486
-7636
2706
9139
5585
3873
3661
-9950
-2831
-2424
-8958
5331
-5391
394
-4848
-7275
7019
5418
9876
-6118
2774
5423
-921
-8554
2111
-9808
4758
-5600
-6524
9748
7546
-7941
-3049
6770
5825
4445
-8833
-2580
3113
357
-6157
-9759
3023
-4753
2242
4744
5976
7998
7879
8744
5790
4714
3555
-405
6206
-9330
-5586
-6426
-2533
-1789
9460
-8474
-1506
461
-9974
486
9699
5068
-8695
-4539
9303
3162
1729
-7286
-9354
-2949
-761
4034
-7601
208
3659
-3161
2380
2299
2702
561
2964
-2814
1713
586
2602
115
-8646
-3790
-5063
9753
-4775
-8013
4465
-3276
4866
-1241
2447
-3663
1264
2183
-2931
-6812
1937
2175
1766
-9409
-1220
1279
5059
9751
6259
-8803
1192
6628
-183
1413
3200
2497
-6324
9848
4410
3291
2126
4556
1248
5340
-5549
6459
-8282
7878
5153
-855
5445
1524
-619
516
-7464
706
-3536
-6756
2546
-7505
-3108
7896
-8148
-725
-76
-2943
-1225
2314
4526
7532
2367
1363
-3996
462
8367
-1254
-9346
-6394
2951
-2318
9496
-8183
1653
-5113
4031
3932
-1010
7629
9047
2951
-974
5538
7963
5269
5846
8032
3327
8428
7605
-4748
5421
2465
4827
3848
8131
-4042
9305
6690
4197
-4704
-3981
-2202
-1061
-8050
5007
-5920
-8449
1852
5084
8955
8631
6496
-4580
-1214
-6699
-2822
-1759
-1763
4528
-4415
7445
-4803
7919
7795
4785
-802
-2767
-4910
-6838
-3195
3266
1506
-9552
5378
4701
6360
-1168
3347
1946
-6149
-1980
-7882
-3692
-5637
-1904
-81
-8765
-1008
-425
6116
-1905
-8878
-740
-5147
-4476
3764
-7542
3884
-1200
-9094
-1721
1682
-20
-3112
-4159
-8251
839
2585
-3298
3542
-5877
1041
-4276
2740
3877
-1601
6280
4376
-774
1704
-7092
5654
-7765
-8336
-2620
6593
6160
-4208
-6813
-9264
-5608
9349
4649
7
-1962
8617
-2631
2250
-2095
1409
-4650
5672
-2814
-4834
7979
6795
8349
2407
-1584
-1238
-9752
6850
-233
-7627
6231
-7554
6787
-8628
-4249
5556
-5338
-2429
-7133
9567
4668
2873
860
413
8248
6580
-8977
-4840
8467
-7587
868
9257
5995
-1914
-5665
5952
1175
-9714
-3198
-5217
-4859
4728
-226
-9695
6089
-4978
-579
3325
2359
720
9760
4317
265
-4100
-3903
1283
9494
9087
410
-5484
2976
527
1375
-9780
-8420
-1429
8538
-8307
5688
-1772
1538
145
-3811
-2008
-5704
8336
-6719
-3225
-2639
3432
-6847
-4429
8925
-4048
-3605
9081
2524
-319
9902
4262
785
-2544
15
-3422
-5968
-6579
-4474
7182
-2143
-5807
5246
-1813
2057
7528
3202
8638
4257
5723
4672
7406
-2264
1621
-6102
9458
5506
-3844
8164
-1423
-9718
-3144
-3910
-3916
-6021
5906
2540
6878
5742
-6873
-7342
-99
8891
9281
-2946
6875
1039
-3193
9677
221
6371
3960
6221
-8112
-9316
2911
4104
6103
7119
-5388
-5999
9651
9556
-2950
3684
2419
-4401
5847
-1349
-4719
-8587
-6552
7636
-9959
278
6632
3121
-5102
6936
2116
-8271
-8456
3071
-6448
8527
8454
4344
-5326
8026
-628
2711
-7276
295
-7205
4637
-6826
3408
2154
2053
-3272
5034
-7537
-4788
-7809
-9030
975
9126
7575
-3003
-6328
-8630
1903
3388
-5855
-9800
-6077
45
-9300
-9435
685
5319
-856
1223
-1496
-9867
-3186
3986
-9612
3413
9611
4897
-8630
4974
-2084
3025
-8667
679
-23
-5566
-6983
-1822
-8694
8486
-9612
5042
-8191
8570
-6330
-317
-4044
-2501
2986
-915
-5037
5869
2226
8106
-9219
-8642
1449
5510
-329
-9912
-1262
2957
3419
2703
147
-3835
-3656
4571
3077
-4341
6356
3468
1335
2764
-6202
7708
-7308
-2659
-5615
2751
2895
-4320
9155
3711
8554
5698
-8472
-4349
-1004
8297
5484
-6744
9494
8297
4675
1906
-4153
7256
-1642
-7007
-7943
-747
9686
6907
-1374
8734
-8166
-4575
-5132
-3131
-2016
1698
-5911
-9461
6854
3976
2853
8604
1215
3297
7081
-8863
-1813
3167
1414
-4796
2185
2078
-6106
-1811
-4837
6692
4679
6072
-6284
-9306
3886
9962
-1308
7516
-997
-5807
-9429
-4163
7135
-7809
775
-6151
3354
-2478
-1669
5761
-5227
9573
-3558
9692
9694
-4809
6901
1779
6222
2660
-6942
-37
2593
-2517
-1265
-4337
-3153
8097
-4096
0
-2906
-3990
8775
-4530
4559
3877
1830
-8347
8124
-5978
-4073
-4930
6949
7532
4418
-178
637
5040
-5574
-4323
-8169
-9178
476
-2202
-3893
2758
7078
5042
5957
-6587
-2908
8328
-2010
2152
1496
-8346
-9860
9915
8412
-9777
-8368
-5008
4080
4628
86
219
-6091
-1024
6614
6110
8914
5072
2262
-1976
9610
-6201
-8178
6764
4451
-2183
9564
6789
-7597
-7632
2036
-2561
-8733
2024
9398
6485
6458
6604
5252
-628
173
-5525
-8228
6058
-9588
-6141
6938
9082
-8794
4179
7314
-2285
-6648
1702
-1452
-2374
980
4781
9344
8504
6660
-432
891
4850
-2438
-6633
-4439
4094
-9845
-6844
-2674
1480
-3753
-1199
9955
-9727
8051
-5288
-8823
-2162
-5717
7816
-1717
-556
-5058
-3681
5923
-6222
-9496
-7311
3433
2352
-8121
4198
7872
-9952
702
-4047
-3658
-9466
-8784
-9092
-4762
8587
-1564
-2664
-7102
-9636
2415
9706
-5934
-5214
-6230
-2801
5156
4619
-3948
1227
5591
2016
9164
-5013
8915
-8576
6138
-151
-9782
-2481
-2705
-2726
1241
-3707
4180
-2549
-9262
2386
73
5677
-7231
-9024
9225
1693
-516
5519
1440
5393
-7759
-458
1739
-6007
-1913
7136
-3408
5387
9251
-3304
1633
3964
5407
-9144
-198
7755
2528
8488
167
7132
-4486
-9925
-5944
-2256
8051
1193
7990
-4943
5598
8404
-7146
-7503
-9228
-5701
-8262
-3146
-2226
6298
-8719
2841
-7710
6193
-5217
-853
668
4795
-9255
1171
5370
4044
-9452
-9426
7133
5255
-8385
-6449
-8420
-3699
-9337
9315
-6438
-1549
7237
-8936
9340
-4800
8773
453
3209
9185
8999
-5131
-6697
8021
-542
3509
-1942
-6781
7291
-2952
6295
-7733
6425
-2715
-5871
1431
-8122
6632
-4126
-5227
-4405
6453
-503
155
-168
7562
7707
9877
-9915
-964
-948
-3267
-1143
7857
2361
86
-9536
5264
434
15
-9870
-9091
-6334
3031
7854
3387
2398
-6670
8052
566
6782
-1862
1951
3063
-7827
-7257
-6747
-1077
-8629
-6602
-7740
9591
-8384
-4355
6313
-3559
-8182
9609
7950
-3257
8901
-8973
6061
-8965
4374
-5869
-857
-2129
8260
8202
8879
-7302
-7533
-5712
4252
-1031
-4947
1548
4095
-7309
7154
2470
-6712
1300
1857
71
-3342
-7423
3616
3526
3505
-656
3401
4679
-4851
-8733
-5155
4158
-9688
-4556
8071
764
7662
-5326
9631
-4963
-6940
-2999
775
-1437
7415
-7890
5961
5499
-406
-5386
1603
-8963
-3435
-1899
-2110
740
83
2034
-395
614
1133
9571
6211
3649
658
-6422
6506
6629
-621
6503
5356
-9706
-938
-4565
-7244
-1114
-6153
3699
1251
2842
7102
7456
2852
-8881
8463
8627
-7686
2155
2555
-9644
-942
-2235
-2991
4696
-8584
540
-4007
3806
-2650
8776
956
-5396
-1858
7072
7673
590
-6476
6484
7528
-3958
-8368
4398
-2139
1084
601
7393
22
6537
-1254
-3804
-9586
-2487
9214
-3764
-100
-5081
3214
9875
-110
-9637
-8546
288
-5348
5107
9704
-147
3222
164
-8425
1696
6425
3598
2214
8125
1890
6882
1288
-7056
650
3504
9482
-1322
3573
-668
-3744
5089
-897
5795
9498
3333
-2263
799
62
7843
3534
7921
7657
2598
-3755
4936
3574
-9525
-4316
8602
-8981
5587
9251
-7144
-2947
9771
-6306
-5960
1551
-9489
6863
629
5767
3071
-2018
4210
5926
8504
-3993
-1547
4461
2090
6641
-3141
2229
5579
-4026
-1173
1768
-5821
6591
-1307
9052
-3848
-988
-5394
-1928
-3527
5972
4286
54
-8753
-4767
1230
1212
3089
-637
-6454
2399
3875
408
-4526
-8076
-9076
587
-876
4437
-5351
-8522
40
-8622
-5115
-6409
5274
-1086
4324
2839
4433
7712
-8509
-9398
4037
2126
-6895
-2738
7563
-3
-4203
-1265
-5370
6432
3092
15
9886
-2152
-2826
1357
8856
9042
9597
-2806
2403
-7520
4319
2407
8971
-1759
-4440
-9868
-9916
-7262
-3148
-9525
1328
-4419
-8983
-6643
-5579
-2687
6371
6850
-9889
2429
-9543
-7998
9660
5536
-747
-7787
8698
-3079
3312
-3134
5395
2823
-4787
9882
5843
3084
-4645
5795
4820
63
-3911
-3858
7932
2078
5130
4748
-6622
1992
-1490
5331
-6486
665
-7986
3845
2645
4103
-6900
-5720
-8610
9148
4740
1619
9541
358
-2751
-8627
1019
-6639
9277
-9946
-4424
2852
8089
-7121
8424
6375
4610
-3101
-148
-1040
-2507
6394
816
4153
4619
9773
8208
-6114
-7004
9374
5777
-7315
-6635
956
9168
-9371
-9804
4241
4543
3130
-1751
4172
433
-3271
-5483
-3801
2043
-2012
6422
872
-5393
-3573
490
-4811
-1818
-4975
6978
-8648
-4732
-4952
-2933
-2963
-5656
-2406
5574
4417
-6421
1012
3890
5603
-4748
-1728
-2664
-1756
-9930
-4239
3668
9909
1380
6262
-7771
4908
8438
-7239
4715
-9825
9703
3696
5109
-5899
-9145
-6703
-1559
486
-387
-4201
-4192
-1063
2196
1292
555
9133
1663
-6792
-8173
8315
3742
3263
-6237
-4657
-9361
5328
3420
5150
1609
6374
-39
1283
9757
6952
-4875
5738
-740
-4108
7543
-4872
9623
-5095
-6809
-661
-9352
-1392
-9775
-5341
-6386
-2628
-1588
8950
-2774
3558
-701
2321
8739
7684
-7816
-7105
-8537
-9283
-5261
-3554
7211
9787
4237
-8767
-5532
2065
3507
-1550
9990
7715
-1747
-9357
1747
-2598
-663
-5911
6343
-5561
9147
3099
-4213
-5164
7916
-3851
4282
-9723
3211
7215
-4464
-1751
3396
-6146
5228
-7819
9850
-3328
-5644
3247
3470
5815
-4151
-7911
9795
-6377
-9169
9762
6850
-5360
-9193
-3730
153
7254
-9080
-7813
-7133
-4058
-5601
4394
853
-1241
-8326
2547
-5060
-2360
-8086
5525
1454
-4530
7390
8424
-2853
-1506
-6619
-9596
597
-3164
-9547
-9429
9934
7425
-9457
-6525
3607
5393
5193
-6639
-3896
-7287
8541
9181
-4307
8599
9231
4029
-3874
6682
-955
-2313
-8641
-4412
2121
-9
5133
6297
9406
-8836
-4995
5270
-5561
-1211
3920
782
-9681
8653
272
4060
-5391
-8992
855
-4822
-35
-3562
3979
2616
-2336
1686
-7011
7287
4383
3714
-1458
-296
6635
-7614
9273
-5968
2728
-7889
2713
-7484
1124
-2352
3446
-8780
-5455
9253
8454
1728
-1168
5033
-2365
1766
-4226
-5358
-3769
9709
4787
-1904
-7639
-945
2975
-6984
3337
5020
-8650
-4780
-8125
1092
2321
-9545
880
3736
-3095
5055
-1310
-3325
4311
-5236
9406
-7640
3508
-8378
7044
-1973
-3843
4457
-9953
3467
-1458
-8893
-8460
-9255
1263
3076
1090
-6475
-2153
2029
-9920
6856
-9720
-1845
2210
2391
4307
2625
2890
-3022
-3114
4365
7303
-9476
6819
3927
-3613
4857
-4610
8418
-4165
-2423
-1655
4140
-8850
-4837
-5209
-7225
-2418
-2636
7727
-5021
-153
1314
-4942
-7402
-2506
-4117
-6793
-2266
-690
-7580
-8818
6169
-2974
-6472
3975
5046
-4974
-8263
4550
4008
-2759
-7757
-5661
2264
-2373
-8327
-9597
7380
-299
-8900
-4625
-259
2138
8538
-8581
-6196
5111
3986
-8240
1797
4134
-382
5072
2229
-7620
6846
-7062
-7935
-5557
2365
-8767
-9023
473
-1944
-4509
2077
3908
3121
-2838
3406
-8786
-3112
7852
-4520
1270
-2109
3594
2041
32
5780
-1389
-9128
-7837
3707
-1687
7672
461
9212
-4386
-6582
-2728
637
-3879
1772
3566
-6472
-3231
6101
-2893
8562
7260
2644
-4196
8954
-8864
-316
-9461
-2207
8537
9945
-7848
8218
4037
-9108
-3830
-5516
5479
82
-3551
8818
-5051
-301
4483
-7200
-7753
1052
2708
6187
3647
8993
-584
-2923
1889
-6386
5807
6379
1663
7247
-8057
9627
-330
8719
7823
-8949
-2983
2861
-3313
8287
-4527
3824
9498
-2394
346
5981
4349
246
-5340
7942
9226
-7491
-2102
5579
6553
3738
9542
-280
6407
5374
2630
-4947
8129
2523
-9786
-5126
3331
6363
4475
5987
6485
-1406
-6953
-9883
-5307
832
3178
1637
4302
541
5116
660
9517
6492
-288
-7324
2148
-2219
9341
1833
-5628
-8520
4381
-247
-1491
-3586
2604
9720
8838
-6611
596
2773
-7783
-3829
-435
-5041
-9161
7421
1675
1707
1259
9212
2468
8945
3630
-1334
-7398
-7020
1858
-1641
-467
-3660
-7679
-5240
6127
-4602
3084
-790
-3427
4184
2052
-1583
-6013
2170
9038
-4851
9060
8996
9111
9005
9377
-5858
7112
2438
8885
-3056
3483
-5438
-6513
-6760
5481
1463
-6964
8827
1923
-8286
2873
-7008
-4412
-4387
-3162
6530
-8209
5228
-8893
-1080
8216
3307
4483
-4336
7991
-6202
-7809
-9850
-6039
-3849
-6474
-7713
-5233
-3819
-74
383
-1772
3684
6898
449
2108
-1367
-6126
-5960
-1106
7616
-1288
-9141
4390
8818
-8869
3748
3849
5099
5737
-1517
8243
-6925
9947
4258
-9927
8748
8448
-1230
1743
8517
-5705
952
250
-4176
7712
3706
5775
-8219
6918
-8366
-8061
3087
253
3569
-17
2886
-8015
9096
-5578
45
3617
8246
7218
5883
-6264
9482
-8387
-8797
1454
8969
-1281
-2677
1882
-83
566
-1907
-1619
3417
1485
-3563
5891
2216
-8132
-4692
-2651
-358
-4367
3276
177
2473
-9785
931
-4764
-4472
7156
534
-7756
-3119
-9724
7257
1027
-5229
3819
7578
-308
9704
1648
-4042
297
636
606
-8944
9516
4354
-6812
8048
8166
-4926
2618
7457
-2020
-9177
-554
6021
2102
-4650
-3397
-2406
9480
6181
-4858
-3087
-4990
-6252
-292
-4591
5827
-4260
-9961
7923
-9283
6140
8628
7726
5829
2211
9296
-6012
-2772
-7202
3459
4313
-2785
9657
-5210
-8558
9017
8014
7166
9060
-9681
8841
-1093
-3708
-978
3690
6080
2626
709
-6656
-1588
3119
2335
8807
3325
-5429
-2960
-1275
-4551
3790
2869
2686
-6959
6862
7790
-8411
8913
-3353
2352
-2383
9922
6848
9102
6338
1516
2285
-6729
-2380
3559
830
1403
1871
-9193
4544
-7836
-5375
915
-1754
-2143
-8546
1241
-1529
2463
-3468
-9435
8079
3731
-2166
9659
5653
244
-3734
-119
8081
-648
6628
-4650
-5686
8571
-2406
612
-8521
9082
9227
4725
-6477
-771
-5997
5723
3269
-9374
6939
3391
-2419
7227
-7692
2886
-5421
-8343
-4430
-2071
-4706
-9630
-8413
7043
-4151
-8202
-6916
-723
-6960
3566
-9146
-6963
674
4942
7678
2302
5955
6881
-5247
-5986
1193
-3852
7773
8812
-457
5384
6868
-356
-7182
-4282
-2469
-7687
-720
-2101
-8115
9340
582
-3829
-9567
-4444
-2982
-1670
16
7634
816
-467
-5411
7909
11
1565
-5198
2813
-4149
-4419
-7360
-5264
6139
-9795
5622
9510
4293
-7662
-6332
9217
8411
7513
5183
8487
-3426
-7347
8316
-7653
-7277
5842
-5965
-8667
9585
9336
-2039
-1291
5313
3920
2095
3105
9046
-9575
317
-7318
5915
-5597
-5504
1378
-872
-8483
7705
2744
6210
-8332
-39
8983
-7604
5731
-9587
5305
6090
-794
-3134
-2633
-9070
-9183
6993
214
3528
801
-5634
2038
6867
7979
-3468
-8596
-6811
-3299
1853
-8065
3214
9214
6336
7045
-9624
857
2623
1525
6265
-9440
6092
-8997
7981
3153
4679
7017
3381
6155
-6304
6946
-8978
-4046
3847
4797
1486
3214
-8896
-6696
9679
8757
-4488
-9041
9175
-8398
-2838
8568
6596
-7947
-8099
8839
-1664
4887
-5158
-5939
4490
9048
-1513
-758
-3654
-2803
5970
493
162
-9558
4872
-5888
2915
2438
-8528
-2417
1082
9505
8374
-673
-7235
5930
2934
-8743
-442
-8035
6497
-5607
8336
-8249
-9858
2084
-6858
9056
5608
5818
3629
3892
-5649
-1091
-8373
-9102
-1552
-9493
3793
-3041
-1580
9914
-1639
-9899
-1430
6410
-7346
2132
-781
460
-7977
-2728
7671
2797
7013
334
-3812
-2482
2294
6779
-2685
6203
-1490
-355
-263
-2674
-5233
-4852
2227
-1766
-4112
-9181
-5745
-1907
6624
-4375
9691
-5351
3815
-2180
-5498
-2838
-2071
-9927
3455
5732
-8062
-3686
-7640
-3166
-8855
-8232
6470
-8119
1262
-1721
-8314
2529
-6751
-4045
-566
-5742
-4591
3228
2464
-4791
8499
1756
-1770
9868
9908
-9658
1307
-1952
2412
-6988
4546
3501
-5279
8415
-3166
2647
-2302
-6413
4776
3253
1124
-4218
6586
-6788
4894
-5385
803
8405
3139
5635
-3207
-1837
-9646
-585
8052
5997
7415
-5052
-4666
3256
1977
-6742
5702
5978
-9277
7060
-925
-9615
-9632
9648
3454
3787
-940
-8420
8856
-8159
5606
-4991
-1831
1648
-812
-4087
-4899
1785
-1094
737
8589
5450
5831
2203
2940
-7929
1618
-5925
9389
-3711
5672
-34
8375
-3298
9296
5062
-1362
-2069
8259
-1399
7779
5668
-7236
-3935
-6187
-3148
9996
355
620
-7569
-7520
601
-1129
9171
-7109
-1571
6533
-2826
4064
-4092
-6772
-3918
7518
-2396
6804
5647
3042
-676
-2111
8799
2225
-9376
-8729
-9161
-6258
6539
7700
3950
1696
-9154
1040
-3151
-9016
-1451
8661
1903
-6540
2856
7293
-8564
4019
-8807
4313
-7363
9435
6486
8924
7668
8203
-7230
-7624
8978
8388
-9009
-5308
-6925
71
9468
-90
3358
-1828
7258
-2600
-46
-5394
-3547
-4203
9629
-7776
5967
-7877
499
790
155
-9485
2275
4451
-4650
5741
-2489
8560
8878
2423
-2676
-8192
2542
7927
-5901
-4893
-937
-8658
8936
-1691
-3341
-9033
3188
4207
-6734
5238
6415
-7641
-8020
-8636
9526
-99
3036
2083
8905
6081
2935
9714
-8452
4251
-3423
-8076
-3640
4468
7991
6557
689
3848
6422
-351
1557
-8049
649
8907
494
1778
7811
1803
7922
7250
-9252
-9935
9914
3016
7410
-2624
-656
-499
-2275
8827
-5367
7611
1056
-154
-1273
3889
-8329
1929
8513
7496
-5512
287
4131
-3079
-1800
7609
-230
-611
1086
-9876
9688
136
3281
-9880
3701
8118
-632
-1678
-394
7059
9151
-2063
3273
8575
3887
6754
8702
-2224
7047
3827
3030
3483
-3667
4987
6301
2099
-1252
1683
-1182
-2248
9039
-255
2281
-5546
2374
3170
-6565
9006
2613
4159
6796
7159
-3186
4404
-4006
2296
-8048
7656
-1421
5554
9291
1353
7792
7607
5370
6603
9338
4442
-482
-842
9757
-1427
8364
-7739
2882
4314
8399
3036
-67
-4077
4655
1795
-5311
-2045
4248
4936
4899
7084
2933
-2038
9842
3058
-9786
7874
-7789
1137
2259
-6242
8420
8258
-319
7409
9480
-3811
6374
5494
9995
-3619
-1942
-5394
-5900
2589
-8817
9290
7911
-1433
-1633
3348
-1996
-3831
183
483
3917
4483
-1280
-9565
-4900
-3988
-6557
-5420
8325
-2203
3970
-1631
-9861
1916
-297
8901
5972
8421
-8500
101
-3008
-6795
4678
3202
2221
-8478
-7831
7048
7359
-8584
-8752
-5105
-4040
8888
-6368
3127
5076
-1910
5734
9498
-8885
8869
3827
-3123
3075
-1073
1827
-8268
857
6235
5813
-4542
1295
-688
-712
-127
4807
8238
-8389
-6958
1985
-3396
191
2028
-651
707
-5438
5131
991
8338
-267
-8948
6653
1710
595
86
6727
3796
4943
8905
1308
-6710
-8615
-4749
1921
-1825
-8358
2328
-5939
-7002
9981
-1516
6797
9357
-994
-7496
-3404
512
-9826
-5531
8052
-1627
6071
3558
-3790
-1928
-6930
-9676
-9039
-6707
6909
-257
-1967
-2788
-4054
-5595
-9386
5018
4685
-214
5526
8074
5076
-6831
-5452
4382
-2973
-6485
907
-9171
8784
-6180
-2215
-9115
-2187
-8242
4280
8579
-3563
-5252
199
8607
6555
-5165
-604
-1185
5673
6450
-9045
-2916
-5736
4341
2838
4638
-6254
78
9801
-2464
4796
-3314
-5230
-759
-506
3717
-97
-7150
138
-1763
-8382
-8527
7572
3977
6527
-2831
9130
-5834
5904
48
-9593
-4353
5924
2619
6864
-3860
2579
5732
5643
-515
-1458
-5180
-5153
-2597
-6950
1721
-7742
-5579
-8623
-1980
-387
929
-50
6631
-1608
4457
-9551
-4351
-635
-3464
-402
-8423
-5508
-7642
1418
-4701
-3253
-7591
5299
-6828
1802
4657
414
3920
-8125
-3232
-8497
-3922
5410
-954
3962
9248
4592
7530
-5363
-6544
-9161
-9892
-8258
-4622
5292
7367
1629
8144
-8333
7326
4876
-9234
-5331
-6371
-4445
-4636
-5666
-1986
-3520
7827
-6105
-7186
5565
-3618
-9655
1540
678
6726
-546
4589
-485
9423
4431
-3375
-684
1227
-7084
-8665
348
9638
-7485
-3608
2591
518
-1044
-8064
-946
-1760
-3511
5745
457
-564
1749
5498
7273
7526
-9262
2031
-958
8507
9573
-1491
1308
6343
8117
-727
-9159
-2378
5773
5426
-8975
-9971
-5587
-6187
-513
536
-6137
-4605
-1567
4143
-8701
-6116
-4801
5661
-1188
-7303
9761
3004
-8432
-8215
3494
4480
-7521
-748
-980
1374
4301
-7475
-7353
-5551
-1416
8313
-3593
9260
-7739
5012
9027
9992
-6486
-5069
4631
-5150
-1862
6626
-9670
3979
3775
-8292
-3816
-4820
-8047
-114
3341
6378
5906
4550
-159
3797
4842
9559
6712
-9227
9147
-8252
6772
2251
241
-8511
-1873
368
-7827
-8986
2524
-8904
-3497
5880
9351
8910
7958
8190
-120
-1699
2686
-8035
-8598
5578
3232
-8025
4606
-4169
-2409
4464
3633
5663
-3138
-6790
-989
-3818
205
345
7239
1894
-8895
5972
-3075
2804
9232
9819
-9342
-3594
4583
1572
6546
-1762
3625
-1540
-7310
-1461
-6003
-503
1310
-7642
4876
-9210
9985
333
7418
-3862
-7249
-4274
-9106
-9960
850
-7620
7452
8722
-2001
-3228
-9938
192
5729
3717
-8519
6016
-4381
6294
3782
6685
5820
9674
4166
7972
9933
5588
3077
-6143
5111
9358
8223
-4858
8214
-9186
5389
5576
9170
-9616
-3727
9174
5624
6040
-3788
9979
5322
-5697
-166
-566
8027
-9803
-673
-5439
2895
-3972
-9398
5415
5294
7356
6861
2872
-7539
185
3354
-1483
-9852
-4402
-6800
3523
-3336
5287
6055
-7465
565
4414
-7412
9822
1076
-157
-1308
-2172
4770
-6984
6771
4884
-4440
-6096
2273
8242
-3129
-4146
1183
-20
6876
1573
-3254
6799
-8874
-1919
-2235
-6476
-6716
-8615
8600
-3376
-2773
9443
4126
-2394
3153
-7042
-5449
462
-9835
-9580
-3306
8507
2674
-1842
-3995
-5432
4990
9562
-8484
8159
9954
-7708
9646
1902
-5243
-3330
-1405
-4555
3055
-7367
-544
4524
-5225
-6452
154
-7040
3345
-7698
7867
6254
2163
-1455
550
1835
4270
-6034
-2899
3806
5446
-4752
5545
791
2290
-4332
8586
-7699
-8451
-4832
2114
4110
-9477
8295
5724
-7860
-1728
-4216
-3704
5653
4360
3403
-9539
-7380
-8791
9636
-2584
-5988
6242
-3351
5529
7236
162
7848
-3970
3448
-3102
-6954
2821
-3379
-4571
4085
-1288
7211
3534
2882
-185
766
1933
6567
-3197
4815
1757
7706
6878
-6458
30
6786
-5864
7762
6924
-5834
9765
5119
294
928
1664
9324
9625
-7188
4950
538
6692
9052
5440
-1097
-9534
-6425
7677
-8717
1558
-8972
1574
-2165
7006
762
6347
4890
156
-4591
-6538
9639
-7898
6422
-7871
-9175
-107
5737
7441
2774
-9258
4365
-1248
4141
-6981
-524
-1293
-9426
1659
4649
1814
-8365
-5040
9242
5212
4613
-1570
-2342
721
7180
9501
8895
5825
9813
649
122
9631
-5148
6147
8976
5708
7150
8750
7586
-4535
-9128
5928
-9884
4784
4621
-446
-9311
8563
3233
1938
-2836
4940
-891
6285
2877
5091
2688
-5114
4313
7147
-7525
845
-7228
-3340
-3719
-1268
5405
-8589
-4092
-7167
-7778
-2254
-2796
9117
-2986
-6398
5875
9762
3323
-1557
-8552
-5177
-904
-1047
3555
8671
4034
6201
8004
4100
7624
-2885
3912
-4233
-1427
5921
-4848
8562
2031
-7730
-1626
5704
-1197
4241
-5384
3894
-4455
1426
4786
-3567
4988
-2624
-3083
5724
-858
-6073
8747
-605
4142
8234
-3753
4303
2975
6701
3584
-752
5628
-1906
7672
-6643
-2919
-8890
-7576
-289
162
9444
-562
-8815
8991
-4876
6764
-4646
2443
-1131
-5383
-6533
4625
5023
-4370
-379
4769
8814
-3134
4771
-3202
-4394
-8341
-3182
1512
6956
8324
-6602
-5042
-2412
193
1116
-4215
-666
-8822
278
3410
-3689
-8196
5684
6500
5704
-9597
360
-1003
6188
-804
7483
-4002
9866
-5800
-2364
-4629
4256
-9828
-7402
-2692
-5873
-9143
2938
-5711
5587
-1484
-8552
-535
-4359
4056
9042
6167
1765
-7239
801
-2570
959
-2058
437
1504
-452
-9964
-814
-4978
8331
3182
1121
9789
2993
1806
-6058
1633
-6088
6977
6992
6704
2736
-1247
-5954
-7899
-1320
3400
-6275
9634
6083
-8191
-7236
-9639
2915
1629
-6856
-7196
7804
-3067
-8930
-9146
5299
4041
2996
4676
-6103
-3246
2729
-4691
1060
-3103
-3629
-1490
-5551
-2257
-7283
-6506
5482
7532
-5685
3337
4929
-4118
7723
1496
-7521
-8088
-7669
-9079
-5840
-1664
5309
3917
-9278
-1351
-804
4338
-6369
-7511
7418
-9253
-55
7140
-9521
1272
9650
-6078
-6825
-6254
-7516
5417
-6496
9101
-8028
-8827
518
6997
-3650
-7657
4671
-5001
-8534
9539
-9257
2503
-4376
4071
-5366
4627
-5246
9832
-4316
-6056
-8392
-3646
-4893
-8567
8923
5230
-3873
9758
4945
5040
4691
9322
-9000
-556
-8544
-1178
-9442
-8486
-5823
2886
9819
-6242
6451
8794
-6200
-6509
17
962
2495
1275
-367
5065
-5379
8489
-2386
9174
4116
5288
281
-8271
4528
4820
-3712
5403
10000
-8581
6086
-2192
1517
-6793
1708
2949
-1582
2319
-2908
-3377
-6424
344
-2350
-4948
5313
-4137
775
-7193
-2760
-3809
-2138
7769
-6826
9241
8592
2643
1763
4215
-124
-5331
7453
-9727
2147
6058
6423
-3790
-1634
8668
6485
-1464
-8494
8338
5205
3864
9268
7861
9633
682
3802
-3988
-2837
4094
292
-7908
-6994
-3086
-4755
1851
-2216
-8103
-3194
938
-4510
5035
3960
101
616
3795
-2028
-7816
4977
2731
-3553
-8906
-9798
5818
-3073
-5586
-1358
6620
-6906
3349
6019
2014
4598
-3564
9441
-7521
-37
5409
-6777
-5735
-3684
3580
-5679
2017
7104
-4660
-5921
8362
-6502
-6756
-9923
-9854
-48
-4307
9876
-3495
-3183
-3578
-7762
4468
-3290
-6410
-7657
7056
5278
-7692
3612
4018
-579
6522
-9898
-9374
5518
-2867
-3013
4856
4315
8898
8842
-4818
6679
-1744
-4545
3614
5836
5317
2823
-6935
-5628
-2771
1173
3839
2899
1547
3174
4995
6043
2543
3233
-1478
-9175
2805
-1156
7831
3172
-1577
1509
8845
1446
9805
7627
8093
-2260
3438
3696
8078
8225
-5505
6378
2721
1773
-3279
-3168
4217
5086
4450
-8114
4759
2634
-9149
-3876
-9456
-5723
2119
-5057
-1971
6242
1313
-9971
-2933
-5595
6440
-4293
3850
-7749
8349
-5281
7980
-448
-3387
-2237
-7112
1963
850
4751
-4085
-8426
-5201
6800
-1622
495
5887
-343
-5991
8650
4122
-9643
7800
199
2305
8310
9823
6937
5748
-1983
-129
-9243
8877
-6809
3365
9356
-6707
-2266
3227
6064
-2913
-8940
4073
176
-8085
-4288
-77
-4576
4599
-2635
5821
819
-7815
-4187
7596
-2048
3144
-7641
5541
6450
839
9809
1473
-8352
7199
-4477
-1877
-4021
6990
-8957
2890
7954
5811
6876
-5235
3411
8654
-8869
4411
2657
-7497
-1241
-1206
9984
-9339
-7525
-821
-1093
6269
1482
-537
7888
-7278
4422
-5435
-1649
-2265
1125
4880
-2130
3732
7900
6499
-1062
2082
7103
7090
-7946
7296
1549
6894
-8911
4835
3373
196
3831
-1200
7818
-5386
-3074
8460
-9406
4060
4873
-8349
-9804
-9009
-6082
9015
5332
-7296
-1432
-5724
-9997
7075
4069
9948
-459
6802
2654
-4053
3163
1418
5963
1422
-6938
-8758
-6105
-4017
-9487
-5702
-2091
5815
-9321
3514
-3970
-8128
9604
1417
3959
8728
-248
-6742
5513
3135
4362
537
-460
-7766
-1785
6608
285
9738
1501
-2068
-448
-7817
-8800
-9627
8285
-828
8672
4738
340
-335
-5900
-34
5345
-2880
-7633
3732
-9926
6130
-1953
7701
-4039
4784
-2769
-4338
-5357
9958
-995
9167
8289
-9963
8436
-9997
-5126
-3082
5043
-4914
-3572
-591
-6074
3229
5458
-1562
317
-1756
-8696
-5265
1322
-2747
7215
9841
1297
-4791
-5956
-1674
-4646
8067
-5902
5472
-4570
453
8650
8919
739
-4746
4335
-8835
-7806
5526
-7427
-9730
-9583
2826
3807
-856
-501
-1226
-6629
8288
9506
-2088
-8566
5737
-3608
2714
-2353
3985
9500
-9756
-5524
-8039
1447
-8570
-190
-5577
5656
9079
-3757
6123
4518
-1112
5107
-9770
-3345
-8816
1187
9388
-845
7264
773
-8782
-9999
6933
-7157
6318
-1435
5360
-1667
4561
-807
-8362
8326
-9157
1829
7767
2404
-3768
561
-4259
1860
-3951
-2499
-7361
-2052
-8052
-8765
8659
-827
-6383
-6816
7286
1810
-4742
4822
-5211
3247
5424
4589
3374
3898
6041
-5858
6593
-1853
1785
-413
1591
2827
-5981
9175
6613
9882
-8284
1466
-2166
4207
-148
7638
8919
4105
-7368
-4977
1290
3920
-3947
8308
840
-1473
-6890
-5874
8905
-7475
8014
2361
777
-1141
1960
-7381
-4412
2553
-895
5588
-3728
4873
2740
-6463
8759
-8651
-9585
-7586
7996
4496
-4829
1419
7472
2447
-2183
9110
-3395
-1585
6406
-1354
4546
-7091
1727
3425
3583
-9452
5011
6279
8689
8793
996
-5135
-4679
5056
9426
1635
-8815
3562
7843
8320
8017
2437
-2415
-687
-1347
5494
4255
-6659
137
-5412
-5080
6277
-1862
3427
-5568
4264
7779
-1439
7646
7604
-7878
5048
-2968
-7500
5307
3559
-3548
-7360
-6087
-6106
7724
-8747
-8894
6668
1946
-1480
-5302
-6764
4506
-4516
-298
4057
1456
6857
9626
8169
7048
-4625
2319
9432
-9523
680
-6412
1884
-6118
7741
-273
201
-7696
6663
-5078
1629
-1284
-8341
5633
-2438
5155
7316
5459
-1128
1748
1372
-9316
-4442
-1127
-6692
9400
6796
-174
8285
6213
-7284
7576
-409
5219
-721
3014
6132
-3883
6123
-1772
4290
-3865
-782
9426
2498
8471
-4989
7435
58
-2622
-1657
-6091
5869
-5977
-2089
-5576
623
5658
5466
5825
1158
1896
-4275
4520
-220
2737
3277
-4432
-1657
-5859
14
-7741
1190
2675
1221
1963
7171
3672
-1433
-8789
7448
470
3484
-7922
4773
-3305
2296
951
-2119
-3777
-9736
7673
-4958
8432
8366
4696
5035
-4658
-2373
-3789
7590
-1723
1392
-1094
4902
3203
-485
-3128
2976
-9023
-8349
-4280
8908
-3242
-2913
9606
6593
934
-9819
-4289
2656
-4773
-1902
-6941
4034
4859
-3469
-7538
4597
-4203
3989
4865
5017
-204
6451
5639
-5587
3937
-3309
4469
-7322
6936
1787
-2559
-3295
7020
-9428
8791
-6924
7498
-5097
-2984
9508
-3147
7701
-2338
-3585
1185
-5704
-6845
-2320
-6331
3023
1096
7716
1222
-9261
-7480
8336
3037
-3985
-8246
4057
3316
-771
-6950
5857
2735
-8179
3002
-3551
-3838
1833
6146
-5393
4211
-4263
-2264
-7600
9315
-8771
1251
-3446
4795
4079
-1510
-7648
-4301
3127
-1514
2108
119
25
-5586
4157
8657
-6742
4164
9682
9478
7451
8540
5853
-5845
-3976
-1865
-3748
-9209
8346
2376
-2312
524
-6340
3635
-8775
-7650
-5987
9149
107
9287
-2006
-5745
-8305
9560
9236
3312
1615
6535
5221
-1529
-6085
-1043
-7351
-9382
2995
-2937
7002
4590
2604
7349
1962
7157
-6968
-1775
-3746
-358
7085
6179
-2613
6944
5469
1066
-8340
-5149
7518
5790
-5047
4355
-4385
-493
7163
-7657
-9515
6579
1385
-9951
-7956
-6744
-9857
9913
8846
-6443
-5774
1368
2112
3746
-6501
-8397
-6709
-1063
1353
4517
9663
-6278
7193
5089
5947
-6725
9751
5696
6020
3265
-7269
2888
3030
3026
-5609
2298
763
-2168
8308
-3788
-8174
-7787
-5273
6000
-8604
3212
312
940
4355
6057
1259
1120
-4951
8040
2436
7273
-7916
-2324
2693
-3886
-7119
-646
-423
8427
-6037
-4377
-3543
-4357
8423
215
-6789
4679
-6765
-4017
-4980
3282
2987
9194
-4801
-4456
7457
-6492
1582
6508
6301
3013
9104
6278
1826
424
9847
6472
2795
5745
3658
7717
-6478
7904
-9718
-3649
-3891
4087
-9986
1286
4613
7360
-4516
4114
1712
4960
5537
-810
-4740
611
5909
-9890
2908
-7079
-6718
-7354
3499
6623
5983
3816
-8990
3547
9722
-2395
-8004
-7647
-8037
-2736
-4899
6668
4037
-4914
7700
7364
-9165
2234
201
-9165
-8864
-926
-5053
8309
1796
7116
-7418
-6392
-8630
727
3091
-3014
9796
8860
-1339
2841
8079
-6055
-9742
9694
-9469
2692
-4125
-4939
-9551
-8120
2382
-7152
-6780
186
-926
8826
574
2475
7558
-8242
-1640
-4899
-3554
-4044
8167
5198
3046
6474
-1999
-2500
4051
9389
-1835
2114
-2771
-6326
-9633
-1495
5753
-1105
6715
-5325
7467
-2296
7067
-916
-4985
-8950
5017
-970
-5794
-7778
-6656
248
-6454
-9149
-4254
-6541
3549
-1041
-2395
619
-3838
-4123
5351
-3461
8808
-3
1390
6849
-6444
-6551
6281
-1529
-7086
-1465
-6584
-4272
-116
3750
9746
-4539
8082
-3659
1916
-8186
1919
-1629
-35
715
-8313
2472
615
-3955
3552
-612
8212
6060
-3096
8263
311
1959
-7774
-4791
-382
3319
-3105
-4102
-9909
3166
1531
4921
-8262
8659
6083
-9013
-6519
1666
1312
7504
-8178
-2283
4976
-7032
-776
-8952
-3856
-7575
-709
-6994
9593
-8398
-4373
7192
375
3641
-1421
-8198
466
-3347
-6282
-3685
-441
-305
5941
-7974
1859
4662
1524
2824
-6222
2130
-7293
-5753
-1535
-8090
4259
-3676
-7233
607
-9509
1844
-6808
-1511
-7353
9787
8161
-4188
-8880
-6989
-1881
-5526
9381
-6342
1029
-6830
6825
5254
430
8600
8320
3716
-4928
-145
-2447
599
-2825
5587
3263
3494
-1107
-3950
-8004
-4230
-8316
-2654
4387
8369
525
8226
-3347
3871
-4595
-9469
9511
8236
8923
-8234
799
2283
8028
1534
2894
8920
9827
-1422
6474
4151
-659
-2111
-8733
-6049
-1341
1644
4130
8799
-5479
-2862
-394
1266
-4852
741
-7292
1128
-2949
95
-7185
-214
-8621
9254
7048
3175
-5345
-297
-7726
-1517
-1597
3401
-9250
-6445
9780
6395
6083
4361
3290
-6065
-7864
-8002
1689
3082
8630
-1148
-6453
-1380
3350
6629
-3007
318
-7421
5358
-9326
-2432
2909
2198
-3620
-534
-4458
8528
9448
-1583
-9519
-8729
6687
-5676
136
3106
9327
-8722
722
7119
21
-6152
7032
-904
-6641
-2944
1625
-6509
-9389
1103
-5317
-4487
8739
-3844
-797
6707
8617
-2362
9985
-7208
-1762
2313
4716
-7876
338
-332
7471
1499
8927
1122
43
-4780
3509
-8395
4720
-7100
-3190
6001
8591
5978
-48
6232
1190
-772
-9617
4012
-6392
-108
-3336
9030
-6832
-9310
-5983
-6034
-4437
2736
-3394
2973
2143
3151
3989
-999
2901
3790
-1033
-3519
-7820
7116
-6802
2732
-5367
1164
-465
-7284
4849
-1342
8526
-6913
9882
2885
5091
-1485
-7100
2624
7945
-8187
-298
8125
-611
-3202
-4993
-3242
2094
6064
6274
3854
3363
-2495
-9206
-471
0
6553
4545
5708
9726
3372
-4683
-1685
2728
-1115
-9711
-8340
-8559
2880
508
4439
4932
-7037
-3182
8893
-9270
191
5232
-6022
-2569
-9300
3239
-9264
-6435
-221
-7796
-2966
8918
8106
-278
-1645
938
-5200
4804
-2203
4689
5008
3507
9309
-1149
9719
7272
8962
-7878
43
-1869
173
1131
9730
-2345
9938
-5272
-6585
6086
5184
2703
4729
-6204
343
4221
5187
-9753
578
312
7253
6837
-4211
8424
682
2021
8800
-1500
5584
9200
-113
5745
-4261
9797
-5979
1967
-3085
-1161
-3497
-8103
-6858
-1419
2125
631
5865
-906
-7333
2807
-4985
2389
9105
-6335
4641
-1610
-6697
4478
-5950
-3981
-9269
-9235
9847
-1945
5162
-5712
7025
-602
-4957
-8485
2665
1622
-6414
-6265
9045
-6507
293
-3239
-7412
7844
-9644
5253
3590
-5040
-8545
-4374
1414
-7938
1656
4149
-9940
5047
-4878
-2095
6285
9196
72
2248
7713
-4401
-6008
5094
-6678
695
3631
-5400
7685
1441
-2725
-4617
-1154
-2464
-1333
-2388
-4493
2258
5720
2645
9974
-8457
-3235
-289
3029
-4954
2736
5945
-9341
923
8370
-6598
-1871
-8032
-7305
-3330
4247
1435
-3594
-9030
1308
-6424
-7606
2176
2941
9829
9552
-826
-7384
3913
5478
9572
-1244
-5612
2646
4342
-9267
3332
7309
120
-1778
1399
3693
5853
4278
1925
-2706
8271
626
2164
7542
-1125
104
-8281
5813
3627
-5949
-4510
-1317
339
-9896
8741
-7392
7367
-9422
-9564
-7765
-1999
-2037
648
-4913
-9000
1073
-6824
-8031
8716
-4379
9298
-1002
-3050
-7890
-5915
5152
4479
2442
-6896
-2136
9150
-9801
-7759
-4186
-5621
-4305
6528
-1974
-4577
-2798
-4793
-5703
-5654
7277
-8608
4222
8029
5098
-5995
-4212
-6322
1392
8631
-1104
-7672
2399
-5362
9189
296
-4012
8649
-6917
-5234
-3067
4382
-5196
2879
-508
9788
-3092
1777
-2343
-7250
-2266
-9044
3219
4682
6944
2490
9265
-1219
8558
-7838
3707
2273
4113
-1011
210
-674
-2682
8778
-9040
-7571
6530
2033
1617
-8845
6959
6473
-2691
-3993
-3943
-1606
3740
2561
8405
-2819
6676
-8675
7192
8269
535
7032
-6297
1052
8048
-1869
252
3365
-6039
-4794
-7050
-5614
1624
-4268
9576
-6612
734
7889
-7722
-2109
-1983
5277
-7582
7233
-4551
-1094
-6991
6090
320
8047
-94
-1946
-764
-3019
6680
5343
6783
-2367
-7351
380
-8565
-4959
2444
-6713
5120
5397
7185
7245
-2450
1084
5350
7743
-9604
7804
218
-4616
4849
265
1574
5320
8457
-8306
3301
1234
6494
3532
-1393
-2441
-8989
6325
596
4241
-2817
-79
3187
-394
3917
-4405
-9268
6025
1798
2913
-5621
-3663
-5171
1296
5403
-4917
3302
-2638
2182
-7987
6460
-5793
-3714
3584
-3913
-1223
-250
9946
-7789
-6136
6346
-7226
7084
-4705
-577
-9189
-3918
3289
-2292
169
9720
-3848
9048
-5812
3685
1107
-8901
-5663
-2264
-2824
2731
7126
7314
2043
-2363
-9859
2608
2482
-6117
-709
-7347
4661
-5771
-3368
-1370
1271
-7183
70
4887
-2785
-6597
-5492
4819
2619
-2533
-3150
-5400
-6145
-4077
-3338
-7958
2754
7886
2197
1527
8896
5254
8474
7722
-9635
3763
2587
-4366
4615
5079
9066
-7587
-6656
1523
-9260
-1096
1917
-7784
-8222
-77
-1419
-2781
7957
6058
-9469
-9424
5466
-3547
-8449
9114
6724
-3374
-1388
2391
9422
-5460
-6460
-4109
-1522
8837
155
4471
-6030
9648
6280
5065
-3372
-998
9490
1799
4453
3669
-5291
2843
1162
166
-4897
-6324
1003
-7924
6414
4922
-9830
2777
-2562
-3139
-268
78
-4957
367
-2742
-9355
-1664
-9195
-8191
9012
-3783
-9125
-7190
-5906
-6315
990
-8969
-983
-5281
-8659
5347
8354
3981
-9205
1253
-8496
-2010
-3687
7401
-2657
7899
2046
-9106
1007
-7269
-706
8526
6047
1820
-2935
-5424
-6340
3685
8414
1591
6361
-2808
2814
-5931
8945
-9954
3194
-7088
6124
1122
3915
-8238
-8570
-4447
-2661
1383
2838
7130
8705
-1756
-2679
4085
-6932
2410
5705
5187
-8305
6812
-8389
-6754
6637
1931
5340
-1979
-5721
5747
8424
3165
1237
-8884
-8461
6177
-6702
3891
8630
-6230
325
6976
5884
-3973
4561
-6960
-7786
8840
-6597
4578
-3517
-8804
7675
9879
1245
-6833
-8339
523
2912
2577
-1347
9347
-5231
3502
-1939
5446
2107
9186
-8092
-8147
3548
-1053
466
-2838
-6516
2651
3979
7345
-7092
-7463
3278
2025
-9806
-246
5516
9964
-4595
-1709
1401
-4296
377
5009
7926
1330
7736
-2117
-735
-4470
-4557
4549
7604
-2222
9880
9451
4149
-1092
-2725
-1896
-5876
8995
8973
7136
-5612
4473
-4789
622
-5344
-8012
-194
2378
-1526
7395
1718
-924
2652
-2293
-4555
-1968
6527
-3305
8779
2168
-555
3509
-7680
3390
756
9232
1566
9690
-6889
7730
8645
7125
8
2040
-4905
-7670
-854
-6148
-2886
-9299
-9044
1774
-3624
-2242
2015
8330
-5485
-3678
3655
763
-7135
4130
-8124
-8596
7429
-9219
4054
5985
-95
-7123
7910
-7656
9103
4664
958
8339
-2619
5063
-7228
-4740
-4289
-9388
-4147
-7969
-9945
1040
-3675
558
1767
-5492
8205
4438
-1511
109
-3815
-4208
769
820
8933
5476
9034
-6394
8770
-1808
9686
-2477
6634
7838
-2776
-2238
7025
8687
-6549
4198
3839
-3829
-2001
2826
-5008
6831
3802
9664
1814
9952
-6433
50
8199
4812
-2781
-7515
3298
3313
-2529
-5331
-9148
5627
-7466
2382
9913
-4130
702
-3273
-348
8826
-3250
7842
4164
5424
-3698
3701
9910
5316
-1176
7064
-2775
-6795
-4152
9329
8673
3782
8375
5281
283
-8617
-7854
6781
-7829
4414
-3627
8086
9792
7669
2001
-1442
-1937
2220
9050
-59
-270
-5067
-6066
6942
9462
565
21
1287
-17
5722
-1354
-2232
-2078
7424
-8377
2235
3389
8889
6923
-3680
4018
3162
-243
-1786
-3561
-9479
7069
-4406
-6995
-1465
-6361
3617
-3804
-9924
3340
-7764
4048
-9669
3258
-8571
-9661
-5424
-2583
8538
9500
8624
3186
4077
2071
2785
1639
-4932
1339
-3136
-4530
-4573
1958
-2151
8744
-3658
-9742
6488
5731
-2004
-4098
-7845
-5829
-5950
9909
9718
1356
-6691
777
6496
-9971
7653
7897
3196
2516
7072
-8460
5630
-4321
4338
1641
-775
836
8002
3366
9067
-82
-9610
2605
-3338
3706
-9991
-3794
4305
-5220
-5470
-4682
1913
897
-7186
-230
6959
3107
-9445
2370
-2655
-9461
-2193
2605
2998
2135
6492
-4123
7802
-6835
3902
8632
-5798
3716
-303
-3097
-4222
6841
3939
-5311
-769
-2035
2915
-5490
-7537
5074
422
9121
-6220
-8640
-9786
611
4654
-3925
1345
4174
1135
6489
8581
9617
-6972
9110
-7094
9639
-4192
7211
8921
-7258
4240
-963
-2743
2478
7005
-6748
9295
-3523
8280
-4731
3212
9712
-803
-4345
-6068
-7664
-5652
8694
-5068
-2187
47
-2975
1578
9014
-3212
6038
7254
-4550
-3749
7006
9311
-7823
1750
-6675
-9602
-8144
9512
8
-2450
-2969
-7337
1071
-3558
-7689
-6907
-2313
3143
-8903
531
251
-5833
6532
7803
6685
5018
766
5326
-9730
-4289
-3367
1521
9832
2581
8000
-291
-2659
-1021
-1403
-4857
5398
-483
-3734
6072
-9023
-5420
-7450
-2834
5395
-2944
-4191
3918
-152
8218
3402
4882
3099
-8754
1159
-6304
7547
-1109
-453
6495
-4146
-7094
6805
-2390
3796
2565
117
-9589
-9381
9198
-8920
-228
-862
6145
-7917
7524
-7280
8908
3211
8433
-4717
-7016
-4087
-7683
8327
3607
4088
386
1466
-9018
7706
-3090
6186
-6383
9877
-2638
3267
2206
7552
-3266
9398
-4071
-4834
-5009
-8562
-3056
-1587
4832
-7117
7749
4012
2623
7296
-1631
-7219
-8151
-7329
7666
7667
-5353
-4361
-1508
-8462
-3621
-8812
-8209
-657
-7424
-2036
-2251
7243
7339
-787
-2184
-3713
-5922
-3508
3709
7112
-4909
9617
9392
2756
-8085
664
-4259
-5155
-4096
-6108
5145
4387
6754
-7143
5595
3414
6925
-3082
-8851
5469
4324
7933
7471
6230
-5163
-4619
9477
-6408
8553
-7403
-4855
-5739
-3714
9179
-1663
2452
4276
-4928
-3644
-6608
-5895
8777
-6062
6920
8550
1523
4280
-8984
-4166
-4954
-3631
5382
-5119
1178
3619
-1918
3796
6836
7162
4934
-1300
8298
9232
9003
4972
6112
-1771
6997
8069
-639
-7789
3558
8804
-7756
-3723
6665
125
-3460
3849
3621
-2145
7099
-9592
6953
-721
-2192
-33
-8953
-9850
-1220
-9978
-2508
-389
9549
8707
-2454
7058
1265
3589
-5970
9551
8876
-1917
-1408
8017
-2385
3542
4762
-6348
5158
7717
6611
-3172
-6435
-2608
7935
-7087
2563
-8157
-354
-4278
3661
-7474
-7113
-45
2705
3266
1870
158
9787
-9354
-4387
-9918
1290
-5111
8121
631
1062
-8716
8258
8960
-691
8031
-6969
4466
8444
214
-7019
-4408
-8796
104
-4553
511
3692
-8898
-2802
-9028
9564
-2973
-9068
5671
1300
-31
2212
-7464
-3941
4346
-3320
-5811
-3725
-3985
7896
1295
7505
-2175
-7542
7572
5337
664
-3182
1417
8729
1330
-7899
1323
7882
5086
708
-1831
3813
-688
4079
5805
-4210
7945
-386
-4596
6755
-1246
-7756
-5834
7001
7893
7159
-401
-4012
3689
-6144
-6951
-140
-63
-730
8519
-2276
3800
4504
6563
4249
9082
5885
214
-814
-1704
-9722
6709
3565
-4078
-2020
-2447
-1571
-193
2193
-2562
2413
5236
7777
-5801
-931
-1486
-8013
-7295
-6531
-3108
9624
5230
-3597
2223
-3388
-557
5832
-7832
-8289
-4250
8677
7685
-9226
-2449
-3289
9232
-3886
3923
-712
-6587
-1722
-4794
4032
3422
8103
8581
1713
-8417
8069
-344
1932
2009
-2720
2204
6324
-9718
3637
-7981
80
-3750
-1698
5025
7556
-502
6176
9029
-528
8172
-4248
1533
2251
-3283
3351
-4270
-8397
8333
1745
-8566
4864
5026
-6827
9632
-3040
137
-7266
6488
-5843
9917
-8012
9699
-9110
5568
3546
-6511
-8477
-8889
-7155
8010
-1511
2038
-7573
6225
4069
-5847
1186
1927
7967
3881
2334
9270
4635
-2110
6398
-6016
-5984
-9093
-6573
5675
-4720
-2290
1161
6201
1956
-3914
-185
-9981
9339
4945
-1987
8350
-270
9327
-3491
2932
-3564
6149
-4123
9231
-9836
6533
-2559
-4044
-8558
8592
8496
7706
-8325
-8822
-8760
2790
2033
-6687
-281
9928
-3052
8890
6135
-5375
7279
579
-691
-9932
4788
8326
9403
-5775
4352
-9755
-8789
6966
-2865
9681
-365
-6089
-7733
-1887
-3773
-7803
-7866
6269
-2333
6526
6606
4420
-9321
5593
6151
5489
2250
-9087
-5546
5682
2739
-2474
3548
-2072
-7001
8612
8446
-7804
-894
8958
-1411
9372
3373
-4928
9257
8354
8797
-9029
-2787
8543
3536
-8033
-9238
-2680
-8326
-8231
6062
-3681
6102
6782
7921
-8122
-7842
-4059
564
7500
6822
4079
8102
-3093
7124
-1714
-1565
6563
3261
8746
3268
-2853
-8783
8837
-2855
4979
6642
-7800
-2850
3383
9851
8418
8597
-4546
6233
-5863
337
-7129
7527
-3923
7199
413
-703
-7694
7856
-2719
-7790
1289
-904
7850
3217
6441
805
-3814
9437
-7234
5269
6153
3237
1205
-2921
7365
7862
9888
673
-9064
-5017
-6933
-2472
9016
7494
64
-4878
9347
-6843
5700
3897
-1938
-7108
802
9111
4312
9986
-9686
9737
180
-8303
6077
-4508
3842
-5511
-401
-81
7181
9465
-408
5544
-6219
4178
-8691
-737
-7031
6023
-4742
4435
-5416
-3532
-2010
3305
-7691
5585
3584
7976
-8231
-8486
8234
2860
-5691
-4481
-7274
9529
-8007
-171
-4472
-6297
5212
8830
-2021
7239
-511
-3008
-3475
-4493
9510
6620
1096
-1170
1215
8057
-6904
6960
-9171
1622
-5453
3120
-3507
-4989
-2905
378
-3152
-6117
-879
1618
-6194
1251
1713
-6054
1234
9296
-4733
-8094
-7309
-9999
7458
-5404
-9933
5479
9272
4359
-1390
-6274
2907
7098
-9569
6491
6340
-7195
-7945
-307
-5871
1385
-4150
5632
5754
6667
-4272
-4971
8743
7295
4512
510
-6363
906
8762
-667
-4635
-6517
-7688
-8244
9406
2756
6533
-7388
-8382
-7136
-6245
4563
5228
8601
-8843
3796
332
-7763
-2115
-9876
-2181
4103
8368
2914
-8760
7597
2088
-8546
-1252
2485
-2489
-9333
-876
8437
4406
6905
-1592
-575
-1905
3913
-8502
5303
-2297
-6746
6454
-1580
5240
-7642
-1163
-1553
-4674
176
-7458
-5518
7783
7063
-8774
914
8713
7683
3497
8036
-260
-4918
-9589
-657
-126
-8404
1865
7519
-5144
7430
-4271
2290
-5829
1124
369
-2210
-8809
2187
8914
7752
-4966
-3499
8036
-8752
9899
-5696
4328
4375
-4544
-2785
6112
3911
-7825
-8703
7341
3077
2092
9133
-1685
-9033
-5501
5712
-6084
8225
6912
7551
2682
4499
-4679
3382
129
-9225
-585
-4451
-8213
-785
5364
-5042
8589
1895
1306
6418
7821
8230
2519
5004
-4176
7717
-568
540
1571
1268
-334
2717
7175
6915
-4565
-4274
-2227
4783
-4674
-3263
-9445
78
-9693
9699
-3924
-2944
2130
-6103
-4667
-5737
1592
2851
8881
9539
47
-8753
-154
3372
2996
-5270
-1409
-5701
3997
6560
-5504
-3854
9357
-1335
-4225
6325
-4130
8055
-4351
3914
-3900
9276
5645
-2396
-4929
-6829
-8764
-7707
5602
357
4568
256
-5904
-5396
7906
2528
6252
4317
3967
-827
800
-2277
-7162
4624
-9500
-4957
-6866
4118
-153
-1207
-1024
4490
-9805
6072
2188
-4463
-5526
-7765
9937
-6749
-5918
-5931
1716
5712
7699
-229
7430
6259
1514
9868
5585
8789
-7674
6163
-4243
7177
-6997
-1710
5361
2267
7335
-7164
-1021
3217
3484
-6968
-189
-6272
1718
369
-8755
6359
-2119
4841
3005
6487
692
2747
1823
-4299
7353
-1955
8237
2101
-6629
6117
9786
8553
-2145
-2927
-5656
-3142
-5650
-6851
-5370
-8687
9044
9294
-3299
7410
33
4051
3990
-4813
5971
-7045
-5156
-1002
-2110
7455
483
-768
6751
8576
-1446
1712
-1480
-842
-5785
790
-4427
7717
3216
6849
-720
4198
-3787
-2459
-966
6798
2822
220
5180
4474
4766
8683
7989
-4735
4880
5679
5825
3080
-5668
-6065
-2216
8865
-4225
-6229
-3783
-5535
5997
-4679
-1496
-4693
4652
-9748
-4055
7276
7403
-5108
-2440
-3342
5572
872
4782
-8397
3732
8296
5113
4061
9140
8123
9761
8720
5089
6604
-6302
6630
8042
-4657
4209
-6663
6504
6599
-4081
-6373
3301
-1577
-7143
3401
-2787
-4728
-622
5689
542
7081
169
4463
-3247
-3001
5492
-8300
-727
-2706
9384
8813
-4794
5967
2284
3585
-2926
-5456
3435
-9775
8709
9804
5149
2036
-8083
2000
8945
-6150
-6076
-2684
4090
-17
2644
-8847
-1278
-4032
2718
-8874
-939
1086
5037
7369
-7755
-4006
6517
-4817
2803
6596
-740
7622
-8541
-4322
5819
8144
-3235
-4149
367
-6073
8478
-6671
-6914
-890
-1391
-5941
-1741
9148
4172
6641
-262
6049
2448
4212
-5574
9832
1763
104
-5015
-9900
-8054
-5342
3744
944
8010
-6921
8390
9388
-3042
-8711
-6727
-3779
564
5599
-1559
5426
5319
2147
8314
2760
-6156
7595
-5323
-8005
-4064
1689
-5996
-1065
-5400
6616
-6348
-2598
-8007
-7066
9464
3602
-6920
5644
-9163
425
7031
9261
7712
-3348
9472
6752
-3861
3655
8081
-4521
-2329
8322
-8354
1101
3320
-6491
-5193
-6599
1121
3382
7242
-9931
560
6138
1914
909
9159
-9487
-4585
2062
3680
-1970
2985
2935
-723
3776
-1510
-2664
-6994
-6806
-6836
-3135
-7039
5869
9023
-7447
-806
4867
-2434
8910
-8306
-7309
-1070
-5894
-1531
-1136
-2897
3112
-5111
609
394
2104
8854
3663
-4621
-1100
-7748
2048
-724
7974
-6550
7140
9705
-524
114
-9607
-7648
1832
4330
-6074
-3479
-7771
-2408
-3657
257
-5549
1438
-694
-4829
-8563
-8106
-1783
-5586
1178
7467
-3028
-6531
-3846
7319
-209
-7360
6528
-3026
6252
9546
4551
8644
1065
7639
-5498
8177
1367
313
4152
9767
9868
9602
-6897
-3544
754
-2489
8893
3032
5698
-6240
-1428
-9928
-6736
-5154
1115
-5816
4792
5068
856
-7195
4825
-9256
2751
5058
3658
-6335
5953
-4427
-5045
-1806
7707
7602
-2
1815
-3410
385
-4316
-1728
9338
7301
-6980
-2346
49
4158
-8679
-2545
9463
7310
-378
-1841
7099
3323
83
8904
-293
-5289
1616
-2716
3766
-7238
-1697
9796
4983
250
6124
9250
-4156
-9841
-7339
5967
-7692
-967
5053
9076
-9451
-1053
-2070
-4032
-3119
9375
1101
-1574
-5243
-7818
3976
-3721
7751
-5596
-8678
5077
-8562
-8071
1556
-1089
-7349
7047
8693
5320
3348
-6839
5842
-4348
3579
9998
9131
-5958
-9551
-2456
-1964
-7123
6301
4923
4858
8326
5378
-7587
2879
-2885
2766
8771
-2444
8267
-2921
-9929
268
986
-7940
-4644
-4824
2570
-7427
-6914
-7278
6028
4223
1682
-3683
-7450
3539
-1355
-699
-4155
6800
5000
6922
-6324
5724
-3576
6509
-8690
-919
-3971
9935
2173
-5259
-1827
9879
9653
8063
6911
3083
2450
2934
1862
5736
-9593
939
-6029
-2093
-7855
4796
-2266
-4895
3889
-6145
-9986
-393
4828
2626
4302
8067
1190
-6165
-7239
3199
6176
-2422
6992
-9641
-7347
7625
-5203
1857
7027
4747
-6528
-9093
2284
1828
-821
7892
-5338
-9906
-6669
1607
8072
-8139
4810
-3169
-3417
7562
6709
-5101
-1746
-8217
-8098
-1207
-6305
8381
7808
4856
-8909
-4456
-5735
6682
6448
8176
-7314
8811
8310
-3290
-7681
5205
3772
7673
7558
4996
-2
9721
1709
-4154
-4111
997
-666
-4224
-2614
6647
-4941
8697
-7625
428
-4882
-5792
-4114
8270
-9088
6180
8307
4145
-1161
-9904
-8079
-8526
-6221
-2820
5534
-1331
5830
-8422
-8660
9733
-4562
-761
-1542
7954
4566
7528
-8253
-715
3083
7955
4514
-6010
-6799
8705
-2735
-8639
5270
-5185
4764
5228
3195
-9013
4826
-7294
-2543
5135
-5438
9877
6342
-556
-691
2222
-6757
-2571
-4183
4344
-8335
-2178
-4410
-5403
8711
-9438
9768
6741
4342
-4391
-8972
3283
9836
-9120
1970
-4061
6854
3444
-1766
1058
1921
2100
-5948
-758
7685
-1509
7740
-3962
1599
9386
7612
-8049
2007
-1980
9788
-522
4460
-3886
1494
9372
2381
2396
-6194
2940
-6538
9905
-1340
7843
-9232
-5781
-511
1450
-7860
6402
671
-2410
4076
-7896
7974
-9062
-8674
-3779
-5308
1191
-6461
6520
-8789
-83
-6548
1108
7468
-1098
-5281
739
-1152
6438
9053
-470
-4397
7023
6939
-3394
-7010
-8810
8931
-8953
-4359
2669
-2720
-7565
251
-1653
6801
5319
7339
6606
-4295
4163
-7950
308
580
-7082
-1063
-544
2413
4784
3621
3719
-7353
-8831
-7686
-5589
8367
-6722
7074
3011
-7144
5459
3637
8832
-3572
1031
-1448
-4522
-5460
-1830
3337
8996
-8106
993
6221
7969
-2024
-9196
-227
-1221
-5463
8641
7247
-419
6751
9830
-8164
-8922
-6166
2161
-2667
-8625
-4620
5998
-8713
-6196
721
-8749
-9091
9191
5495
-6686
-7267
-8111
-3864
-9182
2328
-5069
1014
6590
-9792
-6873
6832
-2431
5947
-5940
5426
7222
-9041
-1706
3367
4206
-4370
8343
-1562
8359
4322
9734
-242
-7771
2885
-8606
-8922
-454
2459
7299
-539
-6470
8751
-4417
7202
-4338
7000
4576
2654
-1443
-9231
5267
2117
3604
8318
-2700
-1556
588
-6756
351
6888
5729
-5827
5565
3655
8994
4851
-5313
3336
7736
5330
7009
-4700
84
821
8357
1472
-9554
4554
2397
6435
-246
4575
5961
4120
2969
6988
3892
2073
620
565
9145
7687
1790
-9894
-168
-7935
-6976
-9754
-3606
2808
-3986
-7223
2053
-4091
-2163
9403
-6276
8020
-2969
-6262
1267
9067
-5979
-1189
6139
-7096
-94
-7932
-1541
9440
4815
-4297
-5500
813
-1507
-3453
3045
923
-2840
858
8832
-2404
7182
-704
-3988
555
4838
-8365
6598
7147
7191
5179
-8166
5209
-4740
-9520
-7531
-5654
-8735
-2650
5246
-2568
-8692
-5455
2684
-4578
1516
795
-4022
9062
2534
6955
8047
9489
4170
1857
3879
1999
1968
9158
-6416
-9692
9973
8094
-3856
2178
6474
-9263
1426
9568
-8052
-7655
-857
-7434
-4265
8231
9998
9893
9610
7433
-5746
-2205
-2793
4929
-755
-4036
-427
4490
-1245
-6574
5820
-3242
-456
6741
3279
-2688
8740
4319
63
-3226
4540
-4004
472
5838
-3326
6656
-9126
1909
-6968
7304
1034
3083
6538
-2550
-9468
5603
-2516
-7411
-2203
-4400
4722
-2299
9037
7057
-2995
5158
-4580
-9476
-2974
-1567
876
-8080
2934
-1839
-1595
-7066
-9793
-4230
-5031
-2528
-9365
5012
-2330
7976
-1976
3340
-6963
-2601
1870
-9057
-9247
-7929
-3396
5324
941
3848
952
9236
4863
5127
-6351
-3629
-5967
5078
-4373
-7767
9466
965
-2299
4376
5415
-4136
-966
-3658
-546
-1412
1989
9026
-7884
-9437
-993
-5133
2821
-6162
7180
-1944
1553
-8087
8829
-1679
-1354
6677
9152
5555
-1040
-3318
-3465
3078
3554
3893
6518
6561
9742
-5922
3735
8063
1720
-9495
242
-2199
-5285
3832
9867
3743
3808
9016
-7058
-2136
-4872
6795
-7416
3168
-2934
-9067
-3237
8036
-5771
-236
-4848
7967
2395
2520
-645
-5315
3537
-5497
-6149
-2219
-9691
-4629
-2982
9711
823
4843
-6526
251
-7718
3288
-4265
-5248
-6336
8297
-7154
-6368
432
2656
8294
2574
-36
1037
-1575
6180
351
-2205
1570
332
-3612
1120
5838
-1296
5692
7517
-5731
6589
-343
-3992
-4664
2693
-9499
-9236
-1214
-8589
-5203
1207
-1012
-550
9152
3647
9781
8490
-1007
9229
8228
4900
-1001
2353
3422
5504
6211
-747
-2585
-5842
-5327
7812
1024
-884
-1402
-210
1093
-8450
9330
-3882
1843
-2479
2092
8385
-1472
1304
-2671
3157
-1246
703
525
-1337
-5922
-6007
2022
-3836
-6504
6072
9672
8055
6519
6966
-5424
5088
-3415
3232
-9258
-4265
-9534
-594
6664
8135
-2020
5805
-9873
2277
2441
-2205
-6178
6185
-2549
-4209
-7287
-8973
-2205
-4068
4157
6353
-6263
1741
2280
-1866
1776
4722
-7737
-9107
-4382
-2610
1843
9222
-4274
-7852
2645
-8300
3092
-334
1283
3855
-322
-7354
-4760
4298
9322
-7201
5939
533
1026
-2675
4297
3683
-5992
-2402
-642
-9185
6719
1863
4194
6550
-4096
6533
-7481
-8632
6296
-3517
8462
-4567
6143
-3010
-146
-7721
-8935
-8185
-878
-8657
-6738
774
-7580
2514
7155
-6267
0
5847
356
1735
-6662
-2444
1467
-8366
-8878
-5540
-6560
8688
-1742
-2636
-8088
-5992
-3940
254
218
-5366
-6152
2048
6447
-3220
-9168
6974
-1531
1495
-4863
-6304
468
1656
-2510
-391
-3121
-1008
2592
-9200
-6822
3877
-2875
-1056
-2798
7099
-7407
8861
-8265
-1096
-4870
-1412
-5974
-4370
-4102
-7430
-7127
9083
3896
-996
-6580
-5162
-6001
-949
2358
7295
4989
6999
7972
9908
-8990
918
8298
-3072
7287
5083
9661
6591
3922
5525
3933
-9350
-5663
-3387
-7467
9366
240
6605
-2199
-7285
988
3082
-8741
-4291
5178
8700
-6263
8999
-667
-8007
-5276
8559
-131
4391
9514
2992
9856
7424
6362
-8853
3370
749
-4511
2085
4591
-8988
-6644
-4135
-9056
-6084
-7717
-7282
-590
3709
-6997
-8429
9071
7090
-1341
2478
5432
1723
-3665
4598
1396
9995
-5040
589
4490
5577
-1599
-3821
3619
-8162
-1538
-3977
-3165
7607
-724
-7272
-2724
-2389
-1205
-9382
-1125
-7209
9011
-5016
670
2953
-2633
7369
8234
-7878
-2548
-9119
-6100
-9997
-4992
-2014
8207
7353
5794
3389
801
-9389
-2116
-7972
-6678
7382
-7061
-8521
4593
9699
-6222
6981
-3445
5828
-4739
182
5241
-7620
-7207
-7473
6477
-5739
-9649
1087
11
-6675
-3973
3381
-7334
1948
8740
8153
-1203
6509
4553
7418
-7484
2317
-3087
-1636
-4782
-5045
-6539
3942
2319
-3386
1095
-8570
-3266
1744
3857
4528
-2721
-9203
-3891
122
-9679
-1992
-6381
2799
-2758
1006
-5922
5074
3085
6719
2920
-9103
-620
-8746
-7525
1470
-8979
-3914
-7777
2745
1092
4534
-760
3199
-8525
6603
7609
-4140
-5123
-4016
9003
8706
4129
-9935
8339
-9926
1618
233
-6356
4883
-3913
8195
7979
-7670
-7975
-6473
1622
4589
-4694
-8077
5716
-7464
9682
3206
5324
5079
-9130
6443
7454
5063
-6249
5015
2631
1790
-5306
-3402
3007
2847
-5952
8262
-9517
4761
-4776
8428
67
490
-1235
-232
-3871
8572
2199
-6785
-1305
2351
9474
-1222
2727
-3013
6204
8428
-3636
-4714
514
9695
-9366
-7002
-5343
7286
-3361
-4168
4907
-9243
-9001
9466
6774
-3988
-3095
-272
-2977
2445
8026
-1411
5519
-7251
-8349
-4302
-1983
7155
-9553
5145
7949
2232
7433
5720
6028
-38
-1990
5827
8760
-5330
-709
3744
8880
-4824
-6145
7204
2837
3884
-7735
5240
9417
-4420
7460
4323
4550
7289
-9104
5264
7691
-172
2817
3277
-4609
9610
3147
-7698
-5289
-3055
3557
-9685
7559
-9764
9837
-3369
-2976
8210
-1853
-9148
-7639
-3867
-5285
4135
8132
-6496
-9305
9280
-4502
8455
3029
-402
-3902
-9965
3560
1367
-9399
-6004
6882
5740
264
-2160
4047
-2303
3663
-2328
6178
-463
-2548
-3022
2827
-1737
-4701
-4527
7673
7151
8176
-8735
9458
-1042
-2938
-1682
-6815
362
-8390
-1649
-1856
-4408
-9385
-7946
6625
-2480
-2628
-3018
9862
-9541
1199
4280
-184
4190
1166
-6723
1878
8885
8746
4933
4737
4316
-8765
8862
-441
1930
5650
8351
9080
-3366
9366
-7369
-1734
-2829
-9587
8688
-2233
-1990
1341
-7233
8978
-4387
-5554
2719
3169
1532
-8251
-5670
-257
-6919
-2993
-141
1185
-9441
5552
-6850
-944
48
-9921
4472
-5689
-7686
-5981
-8890
7156
272
7955
7517
-3878
-1652
1285
-3878
-962
4504
3
-2260
7819
6874
2246
8965
3355
1247
4471
7788
8554
7752
9669
-4551
8213
-5147
-7500
-5583
-5486
3040
-2303
7882
4476
-6603
2039
-380
7236
9295
-2733
-5991
8243
-884
3966
-6551
-1441
1160
-1135
8405
3052
8446
9765
1678
2337
1488
7031
932
-7313
4580
3402
-5144
3316
2971
-8197
9977
-8371
-3689
9951
-5207
3807
8514
8316
1135
5479
1242
-30
4552
-8041
-8912
8813
3507
1316
6135
1660
-9236
-5536
8442
-2601
1090
5308
-2797
9507
618
4120
692
-4663
-9203
4379
6960
8806
9267
-7883
-3100
5508
-4598
-4454
1754
6259
3942
5315
9255
3140
-3286
-8503
-8652
-6402
910
2788
-6272
531
-6883
-1023
-5826
-1044
-283
-5652
-6716
4504
9650
6867
5995
-527
-9698
1065
2306
-8084
7986
1709
-9451
-1994
-2956
-6825
3212
-689
-5504
2018
-2825
-6041
6004
-9739
7083
5523
7915
2335
-4394
5459
400
8675
-1330
6818
7715
4735
-5061
-7502
-9684
2572
278
-2610
-9728
4248
5192
-8011
-7481
-1938
-6682
-9249
-3447
-9517
9117
-3565
3760
7954
4214
8453
515
-3668
-7705
4146
-4353
-4668
-8055
-2397
-8645
9282
8205
8434
4186
8516
-6534
7902
-3552
7118
-2115
3265
2642
-3105
-4248
4506
-1983
-1223
2422
-8780
-739
-5851
5981
3564
5603
2558
-5818
-3530
-3700
-8586
-9660
397
1211
3715
-4004
4775
-7372
-8488
2057
-6841
1301
634
7682
7247
-6764
1414
223
5837
-7062
-3457
4742
6199
9249
-2972
3297
9648
-6406
-878
4810
-2215
9552
-7024
-6610
4840
-7550
1215
6819
9742
3156
2313
-6553
566
6360
3788
9424
9871
4858
-7454
-1228
-1392
-9795
1209
1600
9121
-5346
-4494
-1578
5473
5461
-6762
-8382
9422
8866
3315
-8339
-4291
130
-1391
-178
5416
-9118
-8658
-2007
-4231
3856
2817
6128
1354
8902
885
7385
4214
4760
4518
9530
-6832
-9612
-9454
9621
6731
4739
-7408
-3176
-1839
-3729
-7251
-8349
5008
550
8964
1778
8481
841
6211
2462
-4294
6135
-9169
-2234
5507
6703
931
-5975
-5040
-7294
7532
3325
-8716
-9801
-4886
9073
-7847
6697
-2103
-5996
-706
-2628
1822
2794
2185
7063
-6825
3087
5278
8383
6902
-7982
5056
-7555
7736
-7401
4649
8470
-3104
3057
2903
494
-4435
598
-957
4882
8490
-8615
-4415
1378
-3915
-7716
5390
4435
-660
-504
2063
1106
8496
-7549
-6744
-4669
4253
-7592
-6309
2082
393
-1121
4599
-5522
9791
1719
438
-2734
-5932
5704
-5705
-3222
4239
-6957
143
-3569
7941
-8113
-2180
-8795
8770
-8636
-8814
-3832
8689
-5788
3200
6191
5977
2696
-9228
-3525
-7004
7209
-8025
2950
-2049
2348
-3734
-7818
-4315
-143
5804
-7001
-161
1841
7943
4833
9035
4009
6462
-7801
515
3938
2334
-8650
9068
-7203
-3610
-8244
-1159
-6117
-8094
1220
-6512
9748
-7083
5690
9314
-7440
-4816
9649
-2434
1968
-9478
6061
-5532
-8732
6892
8867
-5027
6037
6274
-6164
3823
2405
7950
7497
-3097
3151
3425
-6069
9518
411
-1813
-3491
-3162
847
-1735
6508
7191
-6585
-9189
-4897
3625
-1530
3147
-6728
-5405
1526
-8184
1808
-825
7643
2675
-966
-4880
-7651
-298
487
7083
2294
2195
-8537
8196
2173
6241
4391
7218
8446
-8720
3976
6671
6644
6545
-8542
8511
-5451
2529
2489
1661
2345
-9020
-5767
22
-4895
3178
2702
-2829
4439
-8370
6936
-6682
9648
-670
-8101
3851
1945
-8142
-7063
5282
3843
1165
-3635
-5736
4107
5065
5928
-8491
516
8512
-3524
-5097
-7646
-9281
-148
2936
6028
7161
7041
312
5967
5982
6263
-4776
-4965
-353
6955
-3390
5947
-9666
-4626
2910
-1485
-9186
-2749
-8715
249
-3085
4482
-9173
-8297
3029
-9668
2113
-3313
9774
9240
6671
9880
4157
-9604
-866
2098
3737
9600
8620
722
2903
-8142
-1648
-2507
4104
-6375
-8469
-9669
412
9199
-1221
-608
-6394
-9663
-204
9441
5354
-5487
5203
-5865
-6952
2289
-4831
7254
-2892
-8670
-7885
-7695
-692
5157
-3530
426
-870
-5142
-1099
-8535
-2887
7043
2906
8017
1814
8146
-6467
-2944
-6625
-477
2518
-9392
-9271
1429
1648
5443
-2934
-7399
-5369
3915
-8816
5659
5618
9016
-853
-9652
5526
568
5328
-2056
8906
-2097
-7996
754
4643
-7894
-1042
5430
-4782
5557
-5333
-662
6044
5709
-912
15
-696
6802
9555
6633
-1148
3311
7135
8389
8320
-7699
1522
-8815
8846
-964
-1363
-5293
-2490
5479
-267
1063
4499
-9777
6154
-9864
476
-229
-2736
197
5920
-4113
-273
6555
-2400
-2321
46
2115
9751
8547
-8532
-9574
-7730
3828
5228
-3869
-1275
-2409
8612
-6557
1315
-8811
-1646
-1360
-8003
6095
2542
-5435
4801
-9237
1801
5419
-1987
6973
-3885
3789
-1706
-2936
3956
9889
4547
1885
8866
-1735
-2082
-8683
1082
7416
-4922
1521
-8068
-9973
8489
8564
-2645
4633
-4678
7806
9919
-3972
2226
-1471
5504
-6116
1412
2060
-7445
131
8346
8815
3501
-6700
-3409
-7989
-8097
4288
-7897
5832
8748
-7270
3261
9285
-7180
4323
-2298
-6969
-6337
854
-8114
6963
5556
-4779
7041
-4333
7116
9453
3822
3559
-3615
1451
-8962
-9406
1365
-3642
1857
4882
2347
2733
-2005
-6033
-2097
2779
7504
-3604
-8105
7101
9260
-7775
-3765
2326
5347
-1947
9212
353
6545
4621
3336
-4445
7326
4998
578
-5684
-3376
-1099
8462
-6986
-5425
-8442
3532
1578
-6480
8421
-445
6281
-1434
6198
4090
7136
6813
-1462
-3353
-7822
2947
-9012
-7550
5360
-8244
2351
-3462
-3003
-9219
-2261
-9835
-2961
2509
4751
-8244
-6738
-3017
-9756
-5038
-7922
912
-2395
-5238
-8557
-6681
-3484
-253
-2752
-5496
857
-1021
-9191
3461
-6132
7752
2553
4467
7684
-5860
-9907
-4196
-8834
4481
7820
-3829
7674
2521
6070
7623
-8854
7039
-4393
9554
5704
9182
-6759
6623
-1613
4782
4591
-1442
8246
-7032
-2248
-4006
-3036
8945
581
471
-514
-1440
-4187
-3622
4740
815
6786
3930
1843
5122
9928
5143
624
7501
2193
-6127
5713
2191
2384
5278
-9253
-8775
-331
4309
-2546
6234
7992
-3122
4216
4890
3723
142
-6326
2105
-1677
-5926
9954
-1583
-8181
5706
7764
1895
2001
680
1871
1392
1164
5145
4294
6629
3571
6729
-2037
-70
8735
8174
-8909
-3185
-1977
6226
-3091
2675
6786
-9871
4568
7424
5895
9591
-4260
1063
-2619
-6265
-2633
-3473
-1133
2431
-3114
-8616
8000
-7155
-2272
8924
-4855
-4772
5434
6686
-6273
6392
5158
2960
7622
-2394
2996
2379
3535
8932
-1654
-2352
4195
5727
5490
-7576
-4500
9830
-5506
2478
3685
-2715
6400
-5351
-8216
-7097
5248
-7095
683
-1148
3901
4646
4125
-4851
7812
7874
2369
7265
-4551
-7205
556
4210
9488
-4041
1641
-533
-4460
-8385
5658
-8723
-2606
8048
7133
9719
-4896
875
-3127
930
6404
1665
-4323
-9960
5729
6784
537
-7359
8585
-6539
5953
162
-4031
1729
5637
9481
338
2903
-8539
-5509
-2808
8656
-245
-1425
-4923
1814
265
-170
4118
-1812
-5709
2195
-9379
1146
-5252
4787
82
-7044
-8594
-6304
-7865
-6336
-6901
-2088
3967
1552
8544
-5169
-8891
9733
-2164
-1119
-5664
3139
8069
892
6518
-5070
-4455
6406
-1982
2014
-6165
-1690
3997
-4571
-2048
-2117
4447
9048
4655
4384
9848
110
3009
826
3906
-3399
3142
3993
1671
-9382
-6673
4440
-2953
-7223
-6748
8514
-6852
2309
5957
6278
2963
4496
1180
648
9508
1466
778
6485
5440
-847
2107
5874
-564
-3491
2363
-2302
7085
-1293
5079
3837
-9927
-9935
2297
-7704
-9876
-5686
-9483
-5308
4777
855
5599
-2252
9881
-9876
537
405
-1462
-9486
-9227
2643
5571
8699
7901
9481
-3110
6281
4820
-6695
-690
-1753
-7343
9289
8149
-6014
-5645
-5917
3102
-777
-4001
6737
-8294
-9058
-8859
-1618
-7041
-741
6612
-3632
1863
-4957
2859
-3679
-3974
8800
-8461
9195
6878
-5466
3287
-5443
-1356
-1240
-7758
-3217
448
9267
-7676
-7011
2894
4539
9048
3103
-7824
-6322
5782
9574
-4632
-3450
-6818
-9221
-4362
4952
-706
946
-3200
1040
-4534
-7988
1288
748
-5988
1399
-2034
-3176
-7816
3814
6089
1872
-4404
-346
-6864
-5897
475
3238
-3190
-1637
8315
-8648
2840
2747
6135
4268
9578
-1644
4315
-5459
3661
5825
-8647
-6916
-704
-4053
-7418
4348
-1770
-3154
7256
-9392
-7679
5747
8772
-6770
372
-5497
6821
-1059
-695
-322
9177
-5139
-7303
-3077
-5763
-9780
-9504
-8640
-4059
115
4127
-231
6914
-8488
-1296
-3133
8616
4841
3293
1175
6851
-6867
9432
1933
-3192
5678
2444
6674
2970
277
2319
4588
-3414
2375
-8309
-4368
2546
8613
-2251
-4423
-5507
9244
9021
-4451
-3798
-1039
-4605
318
5113
-3990
-1660
-9101
-6161
6266
7159
-4855
-8089
5717
7136
-8499
1110
-3090
4251
-9590
-9497
2098
-6357
1492
-7629
789
9645
6431
3001
8811
9107
5813
-7918
3893
6042
-9714
-9150
8874
6292
-4084
1167
-1349
-4866
-1076
-1024
-1024
8274
3797
7869
8237
6745
-2704
9523
-3096
-560
6152
6716
4778
-7643
-3515
4519
-4675
2116
35
-8720
-2344
701
-2365
4832
-4881
8222
-9833
-7153
1534
4575
-2651
-5361
-6259
8932
1351
-6445
-8283
-9762
8342
-2903
6255
-9615
9825
-9145
-4571
4963
7928
8883
2795
3762
9419
-2943
-1548
-1624
-2984
3914
6249
6684
8666
-6445
-2131
-8837
-1654
-5975
-6106
4566
1048
818
-5891
-3866
-2952
-3908
-7872
-8022
9286
4771
4983
-2632
-6656
-5694
-2702
4627
5180
-8620
9965
6696
-2960
-2013
-9705
-9425
-2358
-2198
-5579
-3235
5646
-5934
9985
6049
6071
-7030
5344
2158
-5240
4499
-9495
1143
-7424
6854
-9009
6825
-7631
-5596
-7239
2612
1861
-1266
-9628
-8520
7002
-9447
4384
-1317
-5451
-6065
733
2250
-5235
6299
-9149
-8735
8954
-4248
-4324
-3277
1543
4652
-3233
5316
2631
-6188
-8387
5411
384
3840
-8027
2455
4290
7711
-7913
-1808
7285
824
-1872
5089
-6359
9953
-463
-441
7679
1477
9998
2528
-5054
-378
-1200
-7303
9583
6829
-1710
-236
-5262
-7705
-8772
2641
3201
9086
5561
7391
-7048
5408
-2022
7752
-4202
-2022
-8653
-3267
-9531
-2730
1613
-8155
-9238
398
-6081
9104
1881
-8955
357
4816
-1027
-2555
9003
1836
2220
7033
-1314
-9603
616
9011
-2784
-385
-5865
9657
-948
2401
3401
-2843
-7918
-6732
-155
-782
5752
-3812
-7852
6269
-9611
-1754
6967
-6486
-995
6001
247
871
-9078
2096
-4920
-114
3831
836
379
-9388
8893
-7277
-4879
-4053
2342
729
-8987
6375
-6655
5439
-2648
-2561
7988
-3732
-6754
9785
-8852
3767
-7777
-1381
-4771
101
-1568
-1177
-8952
-9408
3522
7813
-1984
4669
5523
-6881
6331
6643
4906
9909
-6988
-883
9054
-1223
-9292
7267
-188
8000
-2640
6508
-1069
6052
-602
6217
-2788
-2830
-9778
8781
4262
9865
449
4540
-5742
520
-2389
6194
-6395
3047
-9106
-3904
-2155
8605
-4697
1830
-9667
-6844
-2978
-5331
-1424
5923
5953
-4805
5349
7240
855
-6075
8668
-9546
351
-8917
-8984
3191
7289
8705
-6623
2780
5557
4752
-6867
-9032
5960
-8746
-8378
-3557
6774
4566
2341
-7138
-507
-3805
4420
2421
6481
5876
2635
-233
9037
2617
9653
4948
-9036
7794
-1234
-7307
-4310
7872
520
-8001
-2154
-9910
5287
-7321
7701
2283
2228
-2782
-1659
9631
-9852
2332
9400
7130
3538
9890
-9722
5031
-7562
-4628
1034
1360
-810
8773
-909
9608
5049
5386
4838
-7655
6291
3987
6203
-94
-5880
8850
815
6782
6735
-7515
4684
4887
6879
3717
7774
7965
-2253
4573
4900
2377
-3504
-8685
-2189
-788
-9399
3718
-4933
6925
-9667
-493
-1957
-6007
7656
-9890
-9608
-4024
-7668
-2348
-3274
-2673
-2179
7110
840
-1160
-6961
219
1380
9764
3051
-9765
2668
-6949
-3506
8270
3466
5790
-5810
-8130
-8767
2667
-5679
5757
2244
1954
5143
8261
3715
-5966
5860
3806
-2795
2129
-4498
-3420
5824
-9462
2438
1242
-9672
1137
-9365
5253
-9505
-983
-1510
-151
4210
9747
-8232
-2412
-2271
8492
-9405
-2330
1056
-810
760
-842
8471
-1902
-6196
-1881
-74
8459
-3639
-5307
9296
-7254
-6275
-4970
-462
8673
-2192
-1165
-8565
-5120
-1791
7712
-1758
-5665
-1339
-4539
-5404
9417
-6564
-8854
6566
706
8984
-4530
-9744
-4358
8593
-4024
-958
-6242
6941
-4275
2669
5741
-2260
5657
-1794
900
-5529
-9990
8604
8126
-5646
-4361
-3273
1127
3727
-7930
-4395
1551
926
2183
4034
9665
6000
188
1546
-2112
5868
-8010
-6262
-3309
-4337
1201
9982
313
5147
-1385
948
2028
718
-8659
4882
-584
159
240
-9364
7791
-9442
-8910
-3620
1704
-8056
1765
8146
-6315
2365
-1600
896
7567
-8340
-1438
-7014
4606
-681
6201
4740
442
-6198
-3036
-2199
-4142
7213
-4753
-8303
3771
-5276
-6696
-7391
-3004
-6420
-6337
-7368
4619
952
8287
1176
-8517
9746
441
6951
1240
-7552
-3898
3568
4320
2549
-2659
-6397
9032
-2080
724
2768
-1212
5742
-172
-1663
400
-6419
-7066
-3828
6032
787
8489
7475
5438
-2422
-2334
2468
-7120
-4016
-2338
5740
-9549
-9044
6735
-1063
4792
-2727
-1772
9659
603
-9396
6722
1324
3052
-364
6064
-5322
-1789
8202
-105
4484
-2437
5706
2217
611
5745
9556
-6191
9891
-8088
-1694
-2523
-9191
-6829
-8713
1638
6931
-8120
-6218
-4163
-8290
-3310
-4745
-2067
9133
-5018
8250
3334
4599
6399
-8470
2446
-5316
-3417
9820
9908
1624
-5623
7182
7698
-4021
4235
9690
8938
4690
2297
-5611
-7861
-4517
6668
-3746
6679
7859
-4048
-4653
249
2516
-7438
-3154
7029
-7904
589
4228
-2305
1350
-9327
-1201
1496
2669
-374
-8780
832
-1671
5067
-324
-7930
-230
4320
5344
-1082
5629
-3812
-2955
-1095
6299
8563
1664
-9518
-5997
-8722
-3754
1720
5538
6419
-5635
6086
4878
-206
-4282
6135
5896
-4382
-6250
-6831
-1979
8795
1594
-1984
9669
-7777
2404
6006
7682
-1556
5388
8534
7342
3211
-2322
-3571
-5870
121
7500
-90
-9736
-790
-7686
3049
975
-5143
6940
481
-6647
-8328
-7200
-8427
-6660
-9303
4117
-3760
-3288
-7223
-2378
8597
8499
-8183
6165
-8701
6313
-9832
2590
-8361
395
706
-7899
-6138
-4980
-7814
8181
560
6888
-9111
301
-9876
1705
5218
3485
6613
-2046
-7147
-3810
-5051
-756
1680
5439
-2749
6638
-9426
-3475
-3522
3781
9071
603
-5947
-5055
-8289
1352
-1739
1853
-3523
2234
6390
1405
1832
1201
-634
-3551
5902
-1792
-766
-367
1090
3874
6267
5091
-5625
-2880
1466
7753
644
-8590
-4780
-7796
1248
-7178
-3700
-688
-8923
3575
-8208
628
-7181
2113
3513
3289
-3985
-5438
364
5427
4776
-6437
-8683
8796
-711
2304
-6001
1309
7462
9332
7755
-5852
3226
-9024
-9105
-4022
-3790
7723
-9931
-3466
1459
5671
2459
-3790
-9854
7221
-7655
-5838
-2132
-550
6542
4832
4428
-9047
-8037
4308
6619
-1793
9601
1529
7935
-7267
-5619
1124
5302
8296
3181
-6082
-7989
-2147
-2321
-2532
8536
-6409
6281
5078
5911
-5635
1396
-9018
-9724
-3011
3345
-5014
6059
857
3508
-7989
4810
-3274
-8852
6188
677
-242
-8766
-295
-5827
9414
-5893
-3743
-6283
2822
-2345
-3590
-1505
-4368
3348
-417
-4835
9420
-6004
-9242
-7999
-6313
4525
-9884
-2774
6967
-9926
7293
5823
2257
3680
1552
-4821
4130
-887
9725
-8079
-3236
-3712
-4428
9900
-3580
5550
4975
8263
2665
-4595
-6671
3896
-9530
7272
-2158
4065
-3403
9991
-5317
8432
-7463
8257
7702
-8715
-108
3097
-9539
-9070
-4335
-1605
-7900
8900
-8628
2817
6879
4745
-2294
-3921
267
5534
-5814
9472
-6004
2413
-2001
4374
8983
-5860
-224
-1179
-9342
8060
328
8322
3823
-6540
-7318
4548
-579
7831
-5868
-4442
8638
-9995
8212
5115
-2098
5706
-7874
8840
-5852
-2977
-9832
5175
-4537
1088
4565
5663
2269
-4047
-264
9100
4701
9395
-5834
4013
3254
1554
8458
9010
2700
-4791
-8734
-4571
8906
6858
-2700
-7506
6533
-8067
8932
5692
-3834
3414
-4378
-3334
3157
-763
-3307
5308
-1456
4005
1419
-5418
364
8582
-7689
-2760
3922
-5692
4894
-7790
5773
1783
-4920
2053
-8769
7263
-4653
-824
-8254
-7490
-9700
-3192
-1667
-7221
-9639
-6618
-3491
6430
4086
-7741
-1955
-5991
4497
2376
-2983
37
6255
1039
-5889
4909
5422
-6628
6967
6714
-7805
-451
6622
-4016
865
-2192
-5737
1696
-1329
7064
4303
8661
8439
-1113
-721
-4422
3503
-1277
-5870
-4900
-813
5403
-62
2874
-844
7605
-3678
8514
-4759
5653
9151
3579
5825
-2914
-3437
1981
7690
-2179
111
-7093
1477
8526
47
-1309
1159
1245
1678
-8465
-1861
-8834
464
-6199
5013
5654
-7548
6540
2826
53
-9893
-2418
-7060
-9711
-8258
-2239
-7665
-5236
-3569
9695
7188
-7951
1579
-273
-5947
999
-9789
-6431
-6044
527
4983
8790
2601
4308
735
9313
1025
-9262
9351
4192
-4711
2676
1891
-5906
71
-7244
9447
5769
-2285
8077
9203
9630
-3873
-5429
9580
5066
5445
-2774
1578
3686
5723
7611
-3985
4559
-4506
-5867
-9545
5701
701
-1957
-9457
5461
-6548
-3162
-9075
-2145
-5299
7635
-3026
-7131
-3833
4149
2475
518
-5080
5497
7176
8443
73
1445
-749
3842
3716
-1642
-7516
7617
-8480
9807
1059
6349
-9638
-1846
2362
-5965
-9439
-8815
-2439
-6716
1984
-9775
3763
6642
-462
-7693
9001
-4786
-1458
8153
7136
6466
-7417
2400
-9065
-9129
-2030
-4255
-4109
982
7528
-1828
6880
8670
-7608
5310
2841
1431
-9974
956
-5117
-2736
-8310
-6725
-6216
9521
1595
-4259
2690
1246
3680
1115
-7538
3811
-8319
9463
6573
-4051
-1004
-1672
3182
-2131
-451
-4083
-2189
-9604
8917
-5838
6865
8644
-9369
-3070
-3984
-6327
-1032
-419
-4301
-4550
-616
7362
7231
-9788
6028
-4012
4730
-784
-4524
-3415
-3277
-969
3727
8459
-904
2933
5590
-7485
-5618
-3100
9767
-1868
6004
-9925
4627
5208
-6803
-6759
-6017
7144
-5532
9647
5087
5070
4453
7537
8450
-1628
2103
9353
8323
-5280
6957
5183
4064
8275
451
-4154
-6601
2199
6003
5796
-6007
-7853
7975
3871
-991
2719
2157
-969
-7089
-3666
3857
-5178
4549
-4156
5229
3549
282
4482
-2336
-3054
-7179
2590
4262
1969
2406
-4480
7850
-7426
5385
-9186
8099
1415
-4298
9757
-293
9789
4010
9007
9248
8457
783
-333
-6424
5879
-2576
4119
-2136
-2282
9132
-3294
-8078
3364
-1441
-8095
-6561
-3943
-779
-3402
3246
5033
7123
9979
-475
-6029
6825
-3366
4415
4770
3321
8368
3764
-997
-1389
-9827
1503
5565
6808
5976
-1742
4656
-2682
-3599
-9659
-8030
-9551
7913
6059
4519
-5911
2174
8377
3051
4769
769
-6077
-8460
-3202
9427
-7834
3688
-8973
-2708
-7672
-6870
2501
-5636
6273
-7491
-6535
-2292
8480
-6038
-3301
-3092
7160
6940
-9932
9682
-3954
7797
-6448
7898
-3284
-3365
-2947
-158
-1635
-844
4293
-1410
2258
-5762
9766
-9381
2216
6125
3480
2333
2831
525
335
-2608
-4641
-9549
-9889
1166
622
5670
-7956
-6453
-2998
-1967
-1990
2980
-3466
2571
-5493
5202
1315
1058
-6080
-5567
-3060
-2239
-3534
-9082
9366
-9640
137
6108
-7333
7787
2550
-3493
-2473
56
3385
2651
-5069
-7428
3211
-2825
3281
-6921
-4497
9307
-6902
6161
-7255
7713
-791
5868
-4005
2096
-7533
-3818
3501
-4551
9244
1582
8454
-2022
-2161
7690
-3998
-2763
8644
-868
6857
-1754
-6611
-3551
9253
-5113
-9794
-5887
5521
-1399
-1378
-9934
4815
4012
3713
-3257
5270
-5901
5413
-3381
-897
-1655
-6329
-1854
-5147
-3176
6221
-8390
-9131
-413
-5007
3842
4842
-8575
-5739
-3579
7084
-3436
-1309
-4410
8476
3473
-6890
-9864
3303
-3677
5862
-2637
-2662
8615
-5506
392
4310
-4819
-9371
-2130
-7241
-5243
4240
-5052
4422
-4329
2145
3614
-9409
-8938
8341
2997
2400
9781
-4209
-9857
-6730
2436
-3429
-3683
2724
6335
8753
7120
-8605
-4798
1188
9152
-2583
-7634
4525
-7770
5437
-4452
7157
-2411
-903
-9594
-5043
3717
1791
-9190
-3802
1760
-5892
-7489
3216
-5867
4841
-9746
-3767
6166
-4721
-3593
-8039
-5381
-4742
-7054
8834
235
9392
-2673
7960
5807
-885
4115
8463
-8903
1775
8248
8790
7954
4465
-1946
-2108
5734
1472
-2947
-9420
1717
-4141
2249
-3432
1050
-9032
-2210
-453
-7692
-250
6768
5693
262
-513
-7606
-884
-6190
-1962
9707
-5353
5240
-5998
-660
929
2084
9460
-2797
-6040
7217
2967
-1017
1548
8033
-7374
-6955
1205
-3295
-4850
2890
4318
6941
7749
5898
8538
3492
-4330
3731
-8688
-9881
859
-8878
6926
-3704
1613
-6227
-7907
4382
8560
-8898
3073
-4770
-9604
-502
-4799
4482
9708
-9566
7306
1405
3218
8384
-7332
4778
1709
-4025
1962
6605
-3648
6121
-9771
6563
-7070
8270
5645
1878
-1696
7492
3393
2645
-7754
3260
-6253
2196
1986
-9349
-195
-5680
7783
-6648
3563
9525
-4915
6225
668
-5811
-7645
3196
-3459
6775
-2675
450
-8308
6158
-6746
-5430
1391
-700
4904
818
2253
5956
6481
8633
-2620
-9143
-4724
-1194
8026
7585
9208
4866
5331
-8031
5456
-2427
-4825
4443
-898
4471
-3670
-9105
2686
-8568
-1679
-6060
996
-7925
-6837
1352
4452
6035
-8819
2416
-9999
-3729
-4751
-593
-4948
-9475
-4901
-8266
6252
4040
-9785
-2044
-8391
2364
9647
-7821
2424
-5687
2404
1635
-7361
9984
-2597
-4253
8748
-8552
1579
8481
5547
-820
-333
8815
3030
8436
-5761
-695
525
-4847
5227
-4421
-973
4460
5939
3213
-3388
-3999
-5258
-5875
9107
-1556
-7657
-7026
-900
-7411
1741
8201
-4105
2188
-3498
-2833
2099
-1249
-1374
7417
-8919
6555
-7730
9763
-5934
-4236
1959
6019
1381
-1236
-6800
4486
264
3461
-8651
-5297
-8633
8736
3105
-7759
-1801
4591
5231
9993
1257
-7795
2818
-3116
3557
4120
-590
8457
-2057
-4391
5196
1481
7873
-1126
-3450
-8860
2853
-6614
2581
4112
-6035
3893
9409
1759
3360
8356
-8246
2681
3356
-2670
258
-4525
-5440
-7563
-2989
5149
-3222
9947
4070
7042
-4609
9162
5415
-5468
1697
2449
4013
5688
-9492
753
-6915
-3609
1080
-8378
-5936
7363
-9211
9245
3644
-704
7068
-3317
6309
-2504
8400
-5950
404
-6952
9704
-2889
-5370
-7086
6815
-3481
-5943
3019
5611
5746
-7185
7839
2644
-7462
-4117
4625
-8312
-5161
5509
-8641
4240
352
-6809
-4286
6974
8642
2748
-1319
-8259
6667
-3794
9329
-8877
-3306
3125
-8340
-4954
8550
-767
9039
2692
-693
-55
-5553
5877
-8321
351
5472
-5138
-6598
5682
9032
-5618
-5622
-1489
7084
-4471
-2600
-3838
3069
-8537
1755
3154
3209
4281
-3538
8509
-8309
9002
-4811
-8831
4430
756
3618
7293
1453
-9284
-415
-7754
9917
9628
7342
2677
3045
3680
6397
8320
1774
-592
-9409
-1810
5766
1532
919
-8035
-8031
8649
5448
3961
-8179
1268
6697
-3651
285
-9392
-1288
5188
-9880
-123
2423
7232
1547
-8082
-1214
4182
3288
2207
-1414
9064
-1581
5431
-7845
68
6848
-8331
66
7678
7798
-9384
9477
387
6233
-9803
-6540
-1901
-218
3596
-8945
-3167
-8546
8531
-2097
9971
3085
-8767
9338
-4077
4353
-3885
-8379
-1304
4033
4324
-9382
-7351
8594
-3623
-6536
-1921
-8398
-3555
-1169
6842
-330
321
-7309
5503
-7157
-4874
-5504
-1757
4266
6662
7431
2398
2230
6679
9321
-4004
-4836
-7545
5116
-8787
1259
-5706
-841
-7982
-5079
-3285
-9795
-8483
8744
2713
3922
5749
2670
9721
-9843
9485
-7288
4437
1342
8999
-1122
-5327
1716
2913
-9879
-6349
-2796
6020
-5330
-22
3385
-2781
9971
-1688
9489
-1932
-8065
7415
8997
-9859
2190
8929
9619
-5312
-8887
7354
7011
-1230
-7861
-5562
8239
-230
-7233
-1396
-1980
-4243
-463
6828
5453
5121
-6599
427
-4536
-8305
-4442
4199
4681
-8746
-6917
5433
6787
-2334
-9208
-9112
-5201
275
1987
-6957
-1683
2658
6450
1387
3350
2991
9364
-9296
4059
-1042
-8019
8169
-963
-8292
-9111
-6491
1889
-9208
-7188
187
-5801
9609
9189
6980
1436
-2141
9941
-3516
-2790
-3194
-4569
4068
-2093
8296
5548
9025
7319
1700
-6249
-6773
-8321
-4372
4897
-2383
-6772
5983
7246
-3464
-771
-9961
-6145
1825
2919
-4908
1916
5889
8130
-7584
-8239
3250
-9806
-191
4571
-3062
2335
-6634
-8009
5406
-9404
-3281
-2759
6177
1842
6714
1303
-8971
1887
7404
6031
4632
-8645
-3331
-3582
5919
4220
4461
3319
11
-6046
8014
-4700
-7976
-1749
3094
667
-146
-794
4040
476
7054
-4060
9125
6284
-4626
5316
-3625
-3329
-7241
8427
2055
-3042
9396
-8653
2459
4773
-7829
137
3312
-9695
-131
-365
-3247
4082
4059
102
2375
4216
3183
-237
5572
4934
-1792
8299
6201
-506
-3833
-842
-3233
-3137
-123
6102
-598
1385
3391
7447
-4594
3837
8920
2421
-9719
-4914
465
4880
1465
-2980
-440
-7690
4946
-1387
-5776
7799
3367
1566
-8203
5327
-2481
-568
395
-3434
-5794
-2081
-1756
-8064
-5362
-4994
-7304
6535
-2464
9411
1914
-6741
-627
-1538
-6019
382
-53
4831
-9447
4017
-1343
6655
1757
2054
-8553
-2401
4879
1904
2400
125
-3810
4653
6253
-2173
-4424
2820
5241
-2226
-7007
6174
9573
2272
6640
9197
5430
-3992
4392
3167
2046
-3026
460
-9844
5653
-9624
6852
9203
-7841
-2891
7059
6254
4133
-3923
8889
-3355
2921
-5495
-9745
6308
3088
-7007
3645
-9711
4760
1132
9692
7326
5703
6783
2496
-6129
-452
-9001
5172
-411
7897
-3164
-819
4258
-4415
-8883
7671
1224
6825
4783
4864
-3956
-701
-1201
-2820
5523
9923
5281
-5140
-9072
-6894
6177
-2100
-4350
6203
-9069
5334
3085
-5097
-5567
1143
-8644
2965
113
1323
-6403
258
-6975
-6132
6475
-576
-5813
-2585
-4804
2264
-2343
-2806
-7249
1728
3472
-2267
-169
-7341
-2518
4812
-5252
-884
-1296
-4586
-2525
1546
3193
9619
-7596
427
-6621
-252
-2472
-1653
4356
32
2190
-6013
-9816
-7412
-285
7701
-8024
2929
7595
7525
8881
9371
5013
-748
487
-7701
3732
-988
-1810
7012
-2558
-6608
8868
6928
-3309
6374
985
-8210
-1019
5156
5204
-1867
9217
7951
-4390
-5487
-4940
-6189
-598
6973
2931
2541
4123
6270
-3029
4506
-1832
4024
7428
-7237
2932
-264
7875
8331
-7852
-7480
-3344
6210
-3243
-3074
6526
-7709
-6249
-3909
2299
9249
-7900
8142
8557
9443
-7270
-6888
-9696
8803
2670
568
-1672
-9328
7677
7467
8207
7057
7992
-6434
-9180
8338
-3702
4909
-3909
-7798
9928
-1138
9596
1741
1077
-5969
-7985
-6339
7382
4679
-6793
7293
8588
1944
3772
4061
-9872
-7324
5035
9729
7811
5078
-5463
-4730
-4700
910
5005
2129
-9306
5977
-4886
6680
-2713
-6373
-6714
-2613
-5829
-3111
4414
9183
9212
-7606
-3002
8555
-7564
-4315
4910
8185
-3543
4520
2280
-588
-3126
-932
-7216
4716
2091
7345
-5051
-4881
5968
6666
8821
5042
-2723
-2730
-446
6969
-9395
2272
9119
7882
-6820
3978
-5918
7887
9453
-1358
-2270
3225
3371
6190
1357
4586
1299
-1221
3420
1828
-9843
8066
-8582
-6723
-3890
-9739
7161
3340
5201
-1041
114
-1624
2052
-304
-2596
-5351
2125
-5239
-5738
7856
-8024
-6708
-9839
-4458
-8943
4004
7538
8779
8873
-6298
6866
-2663
-6301
-6496
-5138
-8593
-8564
-1994
5350
-4186
9392
3422
-2538
-154
5475
-8943
2401
-3578
-9952
3378
-5499
4267
4739
1300
-2867
-8236
-3687
-6297
134
2518
1945
-4479
7754
-7286
4670
-8506
-7685
-5861
6326
8563
-2058
-2184
6649
-5256
6355
580
6987
6299
1460
-1061
-482
-7770
9407
-7711
-7542
5632
-9414
8218
5845
-1030
-4377
7745
2365
-7157
5790
-7792
-568
-5725
4136
-6586
7515
7302
8351
-3514
1115
4017
1999
1200
4356
9751
-2960
-4590
7151
9170
770
606
4294
-7340
-501
-9654
-6928
-9209
-3786
-1388
8687
-9815
2364
-5609
-7712
-3847
-6530
-7482
-8868
4803
-8524
1140
4001
-9691
-1662
3756
8249
-9706
-7812
4832
-9868
-2322
6068
-2112
3370
878
-3828
1269
-2511
3075
9407
8420
-1877
9868
8414
5695
8907
-8968
4031
-1372
2873
6847
4819
2898
2857
78
-2723
-4991
6089
-9023
1724
2896
-5811
-7708
2623
-6380
-7588
1480
-655
-244
6988
1754
-1850
3236
2691
-5339
-9968
-4155
5524
4991
3527
291
8831
3777
-7471
4486
-7772
5118
5753
-5037
1699
1421
9812
5958
6204
7928
-5923
-1345
9761
7523
-7945
-3734
4223
-8812
-2341
-1139
7139
6349
511
-4371
-2305
476
-2438
3616
1235
1262
-1099
3520
6975
915
6758
-2146
1078
2543
-4668
4442
-1919
-3087
3698
-1665
5629
1500
-227
-9046
7273
4912
869
-2088
-278
5526
-5589
-7438
-2217
-4771
-7073
6451
3837
9188
8375
6192
-9959
-3281
241
-6495
3695
3472
-3079
8490
129
8721
7544
7832
3652
-5642
5754
5090
9171
-9416
-5935
9164
546
-5771
3617
-6458
-4054
6866
2903
7780
-9896
2850
2284
-7682
6113
9092
6177
-1424
-4713
8892
-3127
2457
8888
3337
-8970
9006
-4121
-1321
-1247
-3849
-8074
1885
-9569
3537
5720
7121
4391
2188
9984
-4913
4177
699
-8869
-8112
-6674
-1779
2966
-8922
5689
4730
106
-4108
-686
4609
-4084
-6614
6504
3836
-2147
-1885
1005
-6731
-7320
4095
1958
-7207
-3232
-7842
-6163
-5394
6024
-3218
2056
-7827
-3549
-6160
7796
-5726
9431
57
-9833
-2145
-1444
4538
-2147
-1792
2838
-3059
447
4018
8948
3311
301
-1253
-7181
-3771
-4800
3201
9305
5752
5316
-6803
-1714
-8398
6216
-670
1276
27
6317
-7151
-1145
-9444
697
7194
2748
3330
6229
-8075
1728
-402
8131
-8613
9052
8061
1043
-3741
7409
-5543
-9842
-3725
-7030
-7203
5112
-367
-2263
3611
-5214
-4503
-4098
4433
9316
4504
4648
3970
2356
3261
-5133
-915
6832
7326
-2848
7359
360
318
1593
-4077
-3659
1334
-8617
5860
-8061
803
-2772
659
4611
-4037
5787
7502
4150
5727
9711
-1328
7422
-6306
-1178
-9304
796
898
6823
-2124
9634
-6350
6096
3531
-7239
-5513
3266
-1243
-3937
-8964
-8852
-7073
9930
-4314
5039
6078
4721
1491
-796
-1703
-2829
1132
2310
6617
-3981
216
8975
1076
-9324
-6345
8622
-1909
8691
-8620
-5256
-6490
-8311
7522
9322
-3681
2168
6791
-9546
887
4328
-4571
5010
-9287
-3102
5053
-2430
7617
1788
-4982
4243
-5813
-4880
-2408
3245
-9786
-9124
4345
6233
5637
-2958
-4
9959
8960
9608
8533
-6919
-1789
8894
-474
8225
-3525
1106
-197
2854
5307
-2045
-1775
7780
3674
-3034
-4823
-398
751
-5171
5065
6314
5554
7576
1511
5864
-8055
-1942
3409
909
2362
7622
-527
-1482
5951
3289
-8954
-1709
4290
-7864
1698
2287
-9856
-7033
-2111
-8384
-5607
3541
2032
-5303
9085
-5222
9248
-8196
-6821
8763
7739
998
-3188
-7723
4844
-2830
8108
7314
6291
-4184
-6786
-2194
-5781
-9966
4737
5722
-9904
-5140
1359
-7015
-8629
-42
9167
7329
7343
-2853
7584
4230
-9604
-4967
571
5170
3963
-9645
2802
-7042
92
-3711
2114
-555
-5237
-8318
3754
1498
7004
7276
6194
-9335
-2098
-497
-359
6491
3657
9917
4299
-1673
3485
-9142
-2869
6165
-157
-5164
-917
6590
-9853
-8086
-2322
-2953
5560
-959
-9606
6337
4738
3845
3810
-4403
-8639
-1598
3633
-1017
-6471
8371
-2676
7435
-4150
7381
4390
9003
-3912
9179
-7057
-7748
6452
-6373
3886
-1873
4078
-3812
2807
-1684
7520
-1415
-365
9782
9428
8166
-4021
9198
-9024
-2020
2524
-5006
2824
-192
-5438
-8308
-1049
-9507
-685
-772
5636
3678
-1931
5989
-3213
1155
-7073
8517
-5712
3188
-4851
301
-3084
-8987
7605
1635
3544
4981
-4458
7181
-3417
-7657
4518
-1575
-4820
3808
9627
-959
-6678
423
1468
-203
-9678
-8257
-1842
6463
-5291
681
-3572
9815
2033
5744
-967
9262
4099
6874
-8288
-1121
-1844
139
4788
6962
6190
284
7082
6563
4371
-2523
-7526
5721
-8546
-5338
-1659
-7105
9981
-9062
-4306
1551
5044
-3882
6342
9558
4626
3583
-3905
3344
2046
-3751
2543
6978
-4500
7639
9849
8896
2150
-5557
9270
-1500
-8480
-3554
1453
2869
3779
-7775
-3521
-4007
-4280
722
1055
-7668
8308
-4432
5225
-175
-4739
9713
-3485
-5349
6885
-1489
-9869
-8291
-7824
486
1391
7891
-5906
-9545
-7972
-9403
1575
7218
7459
8475
-7606
5464
9807
8189
9799
7222
-3724
9000
10000
-2395
-5391
3820
-8503
-5603
-6032
-3602
-8490
1457
4570
4460
-1970
5150
6520
-1795
-6441
-26
-5483
967
-9928
2650
8766
-2338
1943
9161
2806
1533
6988
6003
-6482
6437
-2777
-3019
-9214
-2538
3623
-5372
9812
-3842
9577
-9425
379
-1144
-3483
-9639
-936
1571
8522
-9640
1325
-6264
-8057
-8567
-2744
-2685
9228
180
7002
-3555
-1688
4023
-6099
3285
-1365
-7981
-941
-348
-7313
-5445
8341
379
3555
1547
4728
-76
-4505
-4106
-2706
8891
8961
6457
7298
7062
5990
-1406
5046
2880
-6145
4981
928
-8302
2308
-3800
-4269
7591
-4021
1404
-8279
2868
-2773
1800
-9572
-2272
-6940
9535
-26
-6038
-8782
8859
-1975
-6910
-841
5643
8195
-6296
3441
3820
7321
-466
-9073
4367
5895
6766
3785
-3064
2582
-5884
-7578
9351
-7224
3037
-3840
6474
-9112
-2767
8773
-170
-3760
-6915
5286
1507
8345
-4527
-6464
-6997
-6774
3228
4768
9627
860
819
3282
-2766
-2849
7573
7947
8721
2882
-4772
2550
-5263
1398
-3016
4945
1972
9312
7513
5783
2344
5326
-2266
5280
-3539
-3014
7729
-7512
-6327
3159
-7343
-6494
-8123
-7792
1994
-3808
-6144
3855
-3867
-3878
-3687
-4856
3893
-5237
1628
-2876
557
-7484
8003
-7353
-106
-769
1510
7319
-3319
5007
9687
-8704
-876
-8547
-5363
4422
-8943
4119
-2891
-5713
7893
-6605
9997
-3693
-8861
-8965
663
-8319
-6229
-3489
-9720
9450
7903
6729
4117
2371
-5178
-3896
6341
659
-1820
-3420
-7874
8885
8970
5664
3484
7310
6324
1714
9254
5708
-5238
-5206
-7482
-2044
9429
8625
1760
8453
9804
-2577
-571
-3141
7079
9954
-6507
9240
1947
120
-3586
602
-1901
8070
-7221
6725
3033
-4120
-6756
2029
9937
4620
2660
4935
-5035
9461
-8057
5411
-5564
-109
3004
1851
-7814
3384
-6348
-8745
-3738
-1629
-9389
-5697
4269
-1200
5512
1225
3717
6746
-6932
-1621
-9331
-1801
1612
4929
5451
-8244
5609
4174
5596
-6773
-7437
3725
76
-2793
9068
-1807
9856
-1189
-3636
5456
7446
4420
-2665
2006
-4589
898
8415
111
-938
-3062
-6083
5850
854
4257
9267
2732
-7801
6633
9957
5714
-5774
-3617
2174
3054
179
-2686
-2090
8044
-8292
4981
-6621
8107
-4650
4345
5165
-1169
-845
-4659
7249
1987
9124
8878
-7870
3818
-3298
-6622
-4659
-991
9552
5256
3491
-2578
-9323
6094
7904
5826
6253
5177
-1246
4812
7283
-306
3461
4632
-2580
-496
9257
-7083
5005
58
-6522
7041
8864
9284
1719
-842
-2857
8211
5697
9802
8152
-223
9310
-4467
9433
-640
3644
3520
3119
-1151
-8459
-8253
6102
6424
4877
576
7981
-1078
-3491
-8505
6492
-62
-8849
6805
5677
-3928
9888
-4877
1057
-361
8153
9441
8088
8805
-1311
-9047
3521
9734
6907
-1198
6951
5084
7063
1232
-7755
7093
5786
-689
-6819
8015
9665
8970
8631
1793
9150
-6411
-2976
-5069
1849
-6075
1824
2837
224
7489
-656
-354
-9989
746
-5567
-9972
2757
3274
-9259
3307
9900
7086
-9440
-3528
-2822
4879
-3293
-8565
869
-1982
1877
-7557
8052
-6343
1661
-4607
-7332
-4429
-7127
6159
-292
4222
-2910
2388
-4346
175
7587
5979
9522
-3915
-4914
-8246
7457
-4007
-4818
1898
2320
8575
-3939
9418
-4633
-9807
-8778
-6678
-1434
5913
-6972
-1633
7763
4790
-1292
1255
-5248
-3717
-4073
-7690
-5044
983
-1510
-7833
8358
5886
1522
7664
1722
6437
-4396
6831
-9467
894
-4686
5364
-2314
9739
-7887
-7281
-3595
-133
2064
-4917
1795
3565
4834
2749
685
-3691
-3605
-692
-5297
-1553
7028
2025
4430
4976
-388
-5265
-1261
-8202
9044
-6648
-2361
2055
161
9211
-7662
-7262
4674
318
-3781
7718
5869
-4737
-1745
-2656
-1272
-3444
9791
2488
2147
-1393
843
3892
-6088
6552
-1403
-9912
3728
-798
-8082
6312
8370
-7278
3319
4645
3742
-7382
-7116
-8725
-961
5832
7702
-96
7035
-9849
-1341
-5335
9925
2932
2767
5027
-6599
-2670
-7684
1619
1995
7987
1954
-1115
-3213
-2377
7281
1052
1517
-3262
7904
-2781
-2284
-7548
3544
4192
-1761
-395
593
-8396
1144
6339
-8227
714
3057
61
8791
4583
7011
5334
-2101
-3305
-1506
-7245
-768
1607
7813
6632
-956
-3706
895
3915
-2419
-3366
-9534
-3499
-2854
2533
-6727
9435
5814
-1150
6035
-8405
-6425
5270
-2119
413
2848
-4388
-5501
2376
9789
-5010
72
-8871
-9709
3541
-3296
-5040
7080
8755
-6980
-3212
5846
3615
694
8570
4765
9689
-8912
-8180
-5205
1380
-9106
-1927
-6827
4208
6467
-6137
-2660
5773
-488
7095
377
-8461
8866
-5317
1814
-7647
352
7640
-241
-7819
3347
-6939
-6699
-2695
6044
7400
5755
1312
509
1279
-8310
8321
-5580
4750
1656
-3201
-1719
4080
-284
5043
7622
-8809
-5350
7584
-2348
-5431
-9788
-5326
5561
-9594
2859
-7684
6637
-8888
-1935
8982
-573
-3250
5665
-9912
-283
-8942
5467
6664
-230
-5872
9973
701
8636
-6679
8195
-2813
-479
3013
-1345
-4137
4215
-7881
-2869
5188
-5633
9394
-8375
-4380
2419
-2570
-9264
-5433
8239
2848
-7680
5623
6479
-8802
5195
545
9002
-3786
-85
2969
7725
7357
-4261
-9432
1049
1428
-3657
-5405
-9190
9124
3553
7567
9413
263
5755
4700
6600
1325
1002
-5909
1584
7621
-4718
6418
-5417
-7023
1779
-9749
-5809
-4485
-5328
4783
-3799
-4931
-5511
-5883
-4315
4785
-4133
-4907
-8021
3691
5632
-9268
-6458
-8948
8153
3903
-3902
5297
3612
5475
-2025
-2484
9638
-9358
2303
-9314
5811
-2431
4843
5550
9290
7035
2190
1591
-6166
7585
-3388
5035
-5453
-1856
5289
-4685
-9440
588
-4150
-5816
9298
-8018
-8087
1713
-6772
-3201
-9788
-3847
106
3092
1605
1203
2582
8413
-3096
149
926
-9400
2378
2980
1218
-2846
-7608
6075
1604
1699
8565
2503
9178
-91
-6741
6246
1992
-9950
4527
-2701
-4023
-4411
6899
2197
9407
9083
9087
2662
3346
-5984
2635
-3477
-6257
7047
-4400
620
311
-9541
-3953
-6791
-3548
3703
-920
-6770
5608
8556
6978
-327
-6330
4134
-7962
-4450
8246
6716
2800
-1022
-7063
-7521
1724
-8905
1609
3732
-5599
8643
7254
-8702
-4092
-28
-7974
-7541
-6675
-2997
-3246
-1210
-6954
-8989
-9100
4426
7656
3923
-226
-8912
-970
6284
-4622
3983
4151
3114
1776
4820
9746
-9283
-9667
5986
-9438
1073
-4770
-2679
8335
4761
-9929
-6373
312
8842
-6010
-601
8529
2916
-7816
-4758
3862
-4212
1272
9524
6895
6275
-8459
-3949
3396
-4620
-9083
-2794
-7678
9095
-4833
7025
-3320
-3423
263
-7991
-6666
-2654
-8557
-6285
-1525
7408
3038
3928
6233
-9343
-9132
6665
2222
-2643
9512
-1444
2552
-7578
-6666
687
5467
5515
-9449
9805
9888
7000
4264
-3106
-2818
-6047
-6997
-3701
9245
-6467
-6585
-5235
-427
-5784
-3474
-2895
1141
-9005
-6401
-401
-1188
1212
-6455
8435
-1713
699
-3830
8866
2071
-7969
-1883
-4689
7566
-3704
-4455
-2414
-8360
471
1156
-7019
-2421
6256
5634
-9464
-6351
8893
-5629
1685
-7667
-6270
-225
-5979
-2416
7424
-7785
-7585
5279
2472
-9400
-68
5399
9068
5745
978
6555
-2513
-9775
-5488
-1115
3804
-6492
517
7583
-2297
8359
-3834
5661
3176
8763
-4355
227
-5912
-9599
2702
2132
-2060
-2583
1781
2711
7053
-2968
5493
9547
7943
-5479
6600
-4770
-5158
8654
-316
6341
-5085
7309
4492
-3901
-4107
5777
516
3399
8534
2324
-9836
-4914
-810
-3945
5938
8055
8524
7779
-6414
5438
-3953
2827
3679
-2745
7119
-1350
8118
5640
-3174
-8312
2417
920
-5083
-3618
2082
5625
6763
-8284
-2156
129
2844
-9106
-6123
8938
-2590
-5144
-7693
-578
1735
-8610
-7667
5415
-7564
-5771
8398
-918
-8196
4865
7448
2880
-9347
1443
6221
7564
-7744
-208
-3123
2682
-1938
8614
8797
-7486
-6223
5225
-5467
5344
8732
9273
-1649
8608
6850
5293
-7239
5542
6780
3656
-2296
6221
-8632
7243
1943
3964
4976
2470
9604
2484
7098
6401
-1619
3995
5921
-9366
-6362
-2593
-8279
-6845
5368
3115
-448
3571
5837
-7694
-5026
-1581
-3130
557
-4753
-2265
-4340
7789
4421
-1009
-7907
-2225
-5076
-2844
-477
-7319
-2471
-9756
-1012
3034
-4375
8012
1486
6537
-5029
1681
-4677
-5105
-9575
3980
-6361
-1100
-1468
1841
7325
-971
-2088
88
-173
7924
9536
-8863
615
-7875
-7797
-8116
-5814
1012
1261
-659
-8993
7491
1082
5235
3734
3752
-6771
8718
-7619
-8571
-4994
6124
4319
-5460
-9923
-1948
-4641
-5826
4210
-9167
2096
1732
-2428
-6762
7796
-2689
7839
-8768
-9588
-6337
6384
4288
8376
-6739
-3176
-2084
-5460
-8024
135
-317
-2075
4767
3190
6200
7691
-7282
-192
435
-311
-2524
5891
6002
-4324
-8193
-7182
9418
8927
-4802
9690
-4906
5090
1462
1222
-5575
-3337
-5969
3403
-3110
-9763
8479
3238
-8341
9634
-1747
-1232
5317
5933
995
-9726
4260
-4167
-6526
-8835
4654
9758
-1009
-7935
-2769
7660
9526
38
-6037
-7731
-8918
-2093
-594
-3285
213
-7019
-2400
4041
-5897
7974
5382
3092
-7995
9150
2839
2744
1826
-3651
-7875
-4265
9532
8770
8181
-4670
-4632
-8341
6242
382
6682
3997
7792
6109
-2236
-369
6120
5856
-2786
6538
-3806
-2236
-7486
2572
1670
-2878
1474
-9114
691
-907
3739
-7216
-3206
-8895
6916
1032
-324
6383
304
-8321
-6105
-6082
7707
3453
5634
-3936
4177
9079
-9051
2649
-1597
-8843
-7987
9826
-1465
5992
8297
8138
-8264
892
4132
1327
1570
-2930
-8540
-2582
-8395
765
5185
-441
9029
-7063
8878
-502
9409
-7973
402
3483
-2093
-9560
2795
2722
-4516
5259
-3671
-5862
-3395
-7009
3408
2829
-6326
-2083
1653
5643
3840
-8614
-5971
7571
854
-7724
7611
-9936
-918
-8085
3423
4151
3270
9673
-6284
957
-5697
-5120
743
5457
-2891
3219
4220
7755
5338
-5155
8991
9587
7692
7148
7412
4707
9363
3158
-8488
8996
673
7270
217
2814
7859
1070
95
2017
-951
-5884
9061
8961
-5036
-7526
8677
298
-8059
7317
4352
-7655
1596
9994
5027
4842
6190
2008
7858
-9618
-150
-6426
-340
-1398
-3251
-7083
4854
1290
-8570
-6759
7349
-2604
2966
-8206
-9501
-3058
-8608
-2529
6997
7834
-4314
283
-8945
-7352
331
5873
4067
2989
4298
-609
1674
-7808
-9169
2629
8851
-3862
-2996
-8520
-1656
-555
-1945
3779
1873
7947
746
-9717
-4056
2556
-590
-6714
-1035
-2629
5763
-2799
-2174
-1712
7201
7387
-6455
5721
-2434
6245
7436
-1664
3052
7893
4830
-4488
47
-8918
1545
1024
2967
1751
-9092
-278
-9310
5369
-6632
-7522
-6015
-2876
-3448
-58
4509
-5604
3697
7692
-6020
-9012
-1149
-6905
-4031
3942
8456
1799
199
2228
-9466
7183
3957
4797
-8598
-1164
-1520
2932
5174
611
4840
-6376
-9030
1091
538
-3854
-22
-2466
1498
-4450
-6441
-9269
-5073
2196
1877
-2297
-1395
-7783
-1169
8258
9201
-7272
8873
-7253
-3892
4451
5799
4132
8776
1931
9381
6146
1829
3197
3830
-9261
-8116
8245
-4070
-9448
-8022
7370
279
7278
2180
319
-2744
-859
-4494
7777
857
-7192
-774
-9370
-7324
-9089
-5035
3802
580
1892
-2851
-1381
9231
-3936
2334
-6506
9569
6662
-6347
-574
-7653
8191
8902
7770
-4997
7067
-2527
8645
5838
-5950
-9711
-6413
-1633
951
-5665
-3111
-1325
-3029
690
-3998
2791
9041
9965
-4114
3777
314
-2731
8126
4499
410
7633
-8234
9000
-2452
-9257
-7367
4585
4825
7690
-5973
2129
4725
4510
2542
-7533
-1919
-9332
-6434
7280
-6493
-6568
8690
-2792
-777
600
3628
-1967
-9122
4791
8964
-5326
2351
-1074
9070
-8177
-1226
-7505
-1578
8877
-8078
8443
-2032
-9257
-7588
1760
6558
70
814
398
-3441
-8940
3625
5899
-841
-1922
-6187
3354
-3313
7257
-501
-1446
-3225
-2156
-6098
-1571
2697
-7333
9479
8482
5252
24
-5312
-2591
-9197
-4524
-5139
-4135
-9872
-465
321
1846
5578
3945
596
-7684
-4482
-4837
3958
9268
-7802
-6946
5474
8242
-3010
8422
2450
6161
241
6242
3351
-1624
-9779
9201
-7919
-6150
-397
-6045
3599
-9317
2895
-6787
4453
8048
5701
-4939
8649
-3050
4217
8812
7920
-9651
-2464
3000
-5601
5781
3051
5506
2735
5774
-2931
4368
175
1386
5777
7310
-5907
1171
-843
-4631
-1569
5811
9741
-8050
6735
899
3579
-2858
-6043
5549
9548
3044
5894
-8973
2802
355
7640
-6020
2321
1629
-5987
-535
9891
-2275
9047
-4100
-796
2842
3979
1362
5370
767
-3243
-1464
8670
-669
4754
-4665
3731
5930
-6613
-2705
-3628
5506
6861
-8177
2257
1819
-4830
4015
-175
1016
3051
-7115
9489
4870
1164
-1068
5771
-9791
3527
9245
-5865
3761
-5045
-277
-8927
8061
2088
-5720
5845
3264
2551
-1446
6407
5135
-1276
524
3922
-8173
-5777
-9484
-9900
-561
-9106
-3547
7143
-4739
337
-2436
-7659
9589
2416
2935
6244
-3968
2484
-8043
-1038
6859
-4942
-5351
5783
5316
5683
-3425
9152
8133
5128
3722
8209
9631
-7933
-5767
-6702
-1999
9870
106
-5734
5090
2444
7679
-4642
4922
-8050
4836
-34
-6679
-6602
7113
-4618
-6353
-5724
2200
-438
-2625
-1135
-3373
-4101
-3023
-9684
3165
-8852
9074
1914
-8979
-9427
1117
-2698
-8843
-551
-2102
-6337
-42
7184
-6678
-7818
-8103
188
-4553
-2668
-3532
-3843
504
439
-4245
-3615
-4291
4930
3511
-3194
-166
-554
2213
-7774
-6216
8551
-8663
-3062
3537
-6753
7541
-9810
-1777
467
3404
-6866
-2953
16
-8581
5018
-7475
-4919
6347
9124
1461
501
482
-1297
2454
-2871
-355
1185
8433
9278
-7488
-9246
-6308
5935
3410
7834
-1110
6653
-3246
2610
-3985
5655
7917
218
4919
-7666
2443
7416
-9621
-7279
9919
7264
1782
-5849
2951
-4501
7188
7921
-1550
-4049
-5556
-4361
3270
1863
-5453
8415
5007
8765
-4407
-444
-3484
1678
4570
3749
3662
1008
-6218
9508
-6288
-5413
-4016
-4222
2213
3188
-97
-905
359
-6263
3420
4139
-6593
-4058
6119
-9152
-8401
-5926
-5770
3540
407
7207
-9163
3794
-3657
3678
9923
7712
-7796
8205
3078
-7805
6791
-5723
-8524
-8172
9223
-1660
-5067
-2354
3758
5191
-4116
6434
8119
9172
830
-2732
8437
-6504
161
3797
588
3850
1404
11
2417
3548
-4030
-5755
4462
125
-5051
6467
-4885
-718
1213
2904
-9746
6910
-2004
-5861
936
-7155
8396
2661
9914
-3129
-4979
3271
-7945
155
4379
-8038
1861
-328
278
4664
2780
-4082
6655
8190
-5132
-1388
4412
-3685
2949
4231
6425
-6843
5320
2496
-8727
-6844
9642
5288
-2059
6742
-1354
2257
-4508
4748
-671
-2132
-6752
-2368
-4281
4409
-9188
-4764
4973
6035
-1291
-5882
9914
8440
7827
5806
-1568
6910
7618
589
-8346
5617
-7986
-2408
3771
-829
8634
475
5632
-7144
-2220
-3304
9435
9021
5503
-5565
7796
-2295
-262
-386
-9250
-3122
119
9057
2409
514
258
-2351
-7844
8183
594
3428
4726
2148
3355
-8901
9307
9672
9828
-5491
-1634
-2360
-7502
4072
-4043
8857
-9316
4585
-8009
-9641
7829
6065
1688
9712
-1975
6548
-2607
-205
-2433
7401
-9731
761
-6931
7611
-9290
1002
-1951
-755
-3071
-8616
-1253
-151
-5109
-708
-3035
-5379
-8870
-2354
6016
4370
3040
-4190
2516
4644
-4895
8170
1585
7084
-2202
5494
5592
9914
-9943
1167
2667
4889
9976
8388
6219
-2695
2327
6782
3886
-5969
-2699
38
-6579
-5613
1407
3170
5294
-8011
8092
-7370
839
7606
759
-3063
9110
9670
2349
-9338
-9127
5985
4849
6167
-4319
-7494
-7047
826
-9457
2762
-4237
-9711
-6234
3206
893
8139
-5021
-207
-4911
4063
-4885
-3035
1333
2392
7510
8006
-273
-1321
288
2540
1562
4832
-8610
5704
-2637
6547
3116
5963
5688
3055
-3063
7016
-3970
-6638
7868
4340
-9714
-7154
-2548
9827
-1214
4960
2179
3927
-58
-9426
-6593
-1513
-7741
5033
2517
7679
3618
7576
7084
4730
-9257
-6835
-7062
-4348
-8522
4036
8985
-3627
1725
4610
-9918
7840
-1227
-1514
974
-1257
-2734
6875
7513
7815
2385
-221
-4075
1651
-1975
5456
6619
-9050
8832
2884
1940
-7047
2463
-7590
-4803
3810
-5782
-9717
2892
8081
1623
3395
1419
9654
-5532
-3820
6716
3237
-3523
4847
7115
2220
2329
542
-4918
-1125
-8768
1345
-2481
-2414
6674
-4105
-414
6867
317
8660
-9241
629
5891
-3773
6645
-1659
7783
8666
-7447
-1456
3845
-857
9478
3240
1207
-8073
-927
-2883
215
496
-7213
4566
9331
2944
7488
874
5905
6345
4574
-6886
1144
3048
2192
-4417
4018
4776
-8012
-6588
-9807
3796
-7009
7552
-3813
1368
4166
4445
9902
2287
7560
1013
-9832
4631
-7565
1930
4705
-977
-4342
-5629
-7428
5899
2896
3622
5546
-7185
-2144
-2269
-9015
5985
-3461
2984
-2888
-2689
8167
-7037
814
7823
4122
-7699
7221
8319
347
-2538
-3182
5089
-3509
7115
1513
2197
-8485
6581
-7352
6052
-5097
-7290
-2031
1553
6860
-9453
6125
-2525
-7101
7586
1164
-4990
2364
-5538
5843
-1310
-7741
2524
-7532
-3179
-2444
2031
5245
8454
4051
9852
-66
-9534
-815
-2883
-7274
-2465
8641
4739
3520
-9571
2960
6329
2302
-7873
-7778
6234
7494
-8608
1121
-6706
-9832
95
6620
2250
-3042
8182
4821
1738
-6210
-3833
4272
-5151
6027
-4717
8936
-2685
4950
2849
2966
8133
-7613
2149
-3436
3893
3580
838
-8719
7796
6394
7908
1168
-7722
5488
3428
-9110
5694
950
-798
-9785
-6137
-5885
7685
-1895
-268
-9623
-5298
-4773
5873
-5796
5892
2125
-11
-1551
-528
2698
1171
-2507
5920
-4178
6970
7291
2623
3082
-2957
5863
7191
9613
-8575
9389
1704
8539
6268
-6629
-5216
-9085
9645
3776
-6075
-5837
982
8040
1786
-6503
2593
1168
-8083
-344
7206
-3026
4
225
1107
-126
-4985
-413
-2431
2066
8046
6407
6021
-8392
-5298
6262
2419
-557
939
-4198
-2174
2311
-3058
4747
-2333
8325
-3566
-9334
-412
2938
-6894
5388
-2600
-574
-4541
-7909
-7496
5373
9741
-5146
8379
159
-2591
-5422
-3851
-1600
1436
9005
5462
-5948
8239
4501
-1784
628
-3853
-8694
7872
-1952
-9665
-4912
-948
-3932
-8362
-7111
8279
-9828
-2610
-5256
-5304
9979
-1688
7402
9470
-3684
3483
2135
8459
-1905
8959
-3623
4380
5580
3594
-2625
3232
6191
-7488
2787
3467
-4233
-6160
-6733
-4711
-640
-9974
-1976
-9395
-2153
-6193
1041
-8288
-2880
8615
3636
1552
-9999
5475
-311
-6311
-7468
7337
-7843
-2329
5472
708
1108
-5958
9237
-9676
1355
2850
-4835
-5522
2964
9849
-9114
7071
-3768
-9193
408
-9214
-3489
2810
5907
-8999
-2439
-3074
-7206
-1775
3932
-8276
2625
3755
3587
837
-4299
5799
5468
-2990
-5697
7348
6369
-4135
-167
-7662
6103
7243
-1275
3925
-588
-5489
6947
3135
-6503
7669
6253
-6784
1579
510
-4201
5850
-3462
-7765
9752
7675
2508
5877
4508
-9303
9596
9939
-3261
-6128
715
9477
4538
4046
5298
-4985
-9707
2627
9360
9461
-7291
-3179
-9571
-830
-1446
554
8948
1254
5057
-7411
2963
7141
-4682
-2052
8818
5370
428
-4109
-7066
7144
488
-1725
-3479
-8760
5293
-6227
-5803
2305
-9525
1865
7797
6673
-1976
-7047
-8361
-1511
2329
9424
-9961
-4972
9846
7829
1510
9966
-9101
7216
-4771
9771
-1109
-6033
6633
5424
-2215
-4365
6837
3299
249
-7609
3018
1568
-1063
-5427
-3036
-7420
3434
7815
3069
3823
8855
-7297
-2308
7707
-706
2768
432
9692
-7687
6960
-1517
-9667
-2584
1846
-221
-2695
-9024
-5390
-7478
-1875
2550
-7728
5700
-4044
-4429
367
9687
-4769
-1650
-1741
-4849
8953
8074
-4034
3470
-4782
7289
2402
-1105
2950
-8790
-3310
106
-9128
3192
3892
4797
4450
-8246
7587
-9138
-2131
5689
8895
-7140
7582
-5667
9149
-1501
2763
-5335
-889
-6076
-4308
-1623
2098
8511
-5032
1656
6224
-9561
-2906
113
-2436
1120
-9590
-5735
-6543
4364
3671
-7688
-1509
2930
6331
9544
4245
3095
2896
-5147
-2274
-7476
3244
-9180
5213
8234
-5239
-9412
2914
8680
8479
3487
6038
-5566
9304
-9947
-5865
-494
7585
-3824
-2982
-1146
2122
-6770
-3369
7387
765
2332
327
-3244
-3038
3542
7668
4351
-9878
-6984
-1861
-3228
5242
-6372
-7639
5922
-9583
4145
-9848
-843
1439
1615
-1046
-8930
-7391
8265
-193
-486
-147
6167
691
4280
-4287
-7540
-3833
-8321
6430
-9124
-443
-2080
4900
341
4212
-4044
-8408
-1051
527
5388
-8020
-83
129
929
9734
4331
-4379
-7669
-3215
2530
9829
8641
4239
3518
-150
3799
330
9210
2942
3393
-8890
-7865
-8830
609
5059
3959
6275
5769
5437
-186
8588
683
-1047
-7675
-776
3428
-8351
-8663
3864
-1959
-9098
9508
3249
-3346
-1677
6737
-885
-2076
5099
-894
1593
-9134
-3417
3904
-3329
2636
-2218
-9483
8983
-5464
7480
-7553
328
5629
6661
-3488
6970
6475
-2512
-5179
-2289
-7693
8854
2771
274
-900
-4251
-3982
8968
-6524
-6564
-4527
-9800
-200
4146
1842
-2249
9034
-942
-5980
1869
716
-5539
-3839
9691
3223
-7134
-8214
-8252
3065
-3440
5635
-4860
-4422
5213
-5067
-7196
-3322
-5537
-2553
-3087
9378
-6228
2509
-9605
4322
3689
2775
-5140
7047
-8281
-8462
5221
900
-1684
5779
9200
-6725
3112
-4158
290
-7661
9202
-6535
9607
-120
-5925
-2792
3310
3760
-4804
-4707
-4761
-1103
4332
5868
7246
-5337
-7558
7588
-2716
-1222
3218
109
4044
6663
-1398
-2347
-7513
3640
-2951
5300
3959
-799
5033
2262
5354
-3491
6319
-1659
-5849
-982
4088
9951
-3674
8731
-3887
6424
246
-1177
7140
-3741
2156
1607
-4082
1982
2642
9142
9445
-9358
-8858
5071
-393
7012
6375
-8545
-4759
4413
3088
-6011
-9491
3898
4631
8383
-3363
1908
-9535
7697
551
-2760
5428
5626
2811
8354
3946
-5800
43
8087
-5625
293
-5006
1889
8237
6220
-3052
4020
-1141
-6261
-9228
5072
5577
-6201
-4999
-4232
-2313
-455
-1190
-6816
-6852
2964
-5534
9063
2710
-4412
-9646
-2007
-5036
-8423
-4277
-3606
-9031
-4657
6084
6342
-5508
5516
-5122
2332
7837
-4800
-8049
6922
2218
4159
6099
-171
817
7667
3768
-5719
6571
-6627
4981
-8090
3636
1285
-2562
-208
1794
7574
3600
8762
-2765
-6130
7203
1709
-531
3575
573
-8716
5482
-8060
-7967
3399
-6793
-2342
724
-8998
-6397
-5045
384
-1182
7492
714
-9039
-4788
6908
-1266
-3567
-5517
4698
2482
-5157
9809
-2141
3536
-1978
-2293
8022
-6501
-9048
8076
-3231
-7165
9308
231
773
5280
-7819
-7306
-3237
2023
3697
6118
-6398
3463
3555
-6645
-2663
-3526
7878
-1790
1875
5887
-1300
-2199
-8143
7886
8549
-1978
-9664
-8948
2092
-9379
-2064
-3914
-5156
9760
4933
-5267
-2647
7188
-3603
1900
-1206
-1168
3112
4992
4018
4265
-3098
8102
8411
5455
-6815
-2381
2541
726
7541
-9728
-5613
-8399
8038
9877
-2919
-8273
-1631
-7868
-277
-9060
3962
-9848
5496
2064
-3003
8513
-5146
6027
8139
-764
-7700
7274
9356
5468
-6289
6373
4936
477
-3446
-4651
-1123
8757
5042
2618
-6567
1196
6842
-1492
6397
-2811
8553
-8921
6375
5675
77
1075
1430
-5621
9135
7663
4145
-5867
3274
-2844
7562
-3914
3590
-8033
-3731
-6506
-533
-543
-8583
-5782
601
6416
-9067
5911
5818
9538
-1096
-9342
3602
-1820
1483
-2643
-4798
4101
-2737
-9494
-1905
5867
5474
3187
5209
1141
4484
-4940
9805
-6287
-9697
-9806
-5687
-2244
-9449
6707
-8255
3339
-3286
-759
3835
-7359
3175
-4403
-5885
-1555
-5351
8427
-2303
5908
4262
431
8129
4266
-9820
448
7955
4291
-4320
-8736
-7
8737
9157
6014
-7345
75
-9651
-9484
3643
1217
922
4735
-3013
1329
-4437
-8867
8913
-9622
5474
-6288
-2918
-940
-5846
6879
8855
2126
8209
-3180
-873
-4757
345
7800
-4178
-5637
4383
-8254
-5324
6058
9964
3365
4051
-8739
5550
7892
7109
-3909
-7455
-8008
-5994
5732
-8777
-199
-2919
-6660
7907
9799
-6958
-2190
3165
4533
-8519
1226
-1312
2544
-6458
10
382
-6075
-3534
2248
-5965
-4906
8296
-5665
-2796
-3395
-4448
-6237
7982
-3292
409
-2799
-7217
9976
-9307
-5233
7808
4959
-2425
9589
7308
-3706
-9439
4608
6936
-3707
-9377
-5538
-4643
3446
8802
8291
-840
3291
-2664
9361
4479
3080
9967
-2264
-3057
1199
2267
-9058
-9735
-376
-5299
-2523
3026
-4292
1238
-2009
-6639
-4843
951
3780
-8409
3403
-7044
-1424
7357
4602
-7815
6560
4991
-9226
-3412
-926
-2036
1069
1097
2036
5995
1773
-5305
636
3181
-1121
-9797
-3031
-5081
9366
-8478
-958
-6516
-6624
5391
-5033
-7769
8230
-5020
9420
7686
-1569
9855
-2700
-8542
-7448
6235
3910
743
7568
2307
3425
8743
2737
-9682
-804
-5102
-778
4308
5615
2873
191
6778
7682
-4644
3155
4426
-3772
3649
2491
-8564
-2132
61
9634
9155
9899
-646
-2229
7601
-6269
4340
3338
6333
-9019
6283
-1939
-7145
-8524
6105
-4800
-6387
6525
-8702
7458
4399
-2946
-2147
6554
-1763
-8098
-2691
-4140
-9096
5248
-1034
3030
3287
-463
5737
8137
-1656
-9270
-4449
-9089
-4884
370
1733
-1385
3216
-6974
-1287
-1775
1257
8406
3312
-8881
1466
-3309
-6850
9220
7719
7919
-1437
-8031
-6318
-9704
-902
9954
534
-1335
-6226
5030
3148
-4468
-1167
5446
9081
8016
-696
2880
915
-8354
7515
-3832
2730
-530
4932
4218
-4671
8977
-2600
6352
7313
467
-4220
8302
9464
-4823
-8223
-3845
-6797
721
-9812
-9371
-1142
-8268
3994
8040
-3077
4269
-6740
-9680
1690
-6265
8460
2627
8176
-1720
-1989
7661
1853
-7848
2271
5485
9877
3812
-5409
7389
-4644
-8738
-4636
-8819
706
-8362
-3119
-4924
-2517
1153
9602
-4385
3709
8493
166
9240
7135
9887
7293
5975
4922
-8998
4943
3287
-4276
2741
9261
-9467
7481
-3340
2163
8966
7834
-2521
-9905
3971
6241
-1054
-4406
566
2045
-4719
1208
2485
-4246
9759
9586
4219
-7087
181
-9084
-7112
7538
-4283
-7174
-7585
6996
-1192
8771
-1570
-9525
7649
9036
-2512
7279
6204
-2428
3028
-5336
1416
-7163
2966
-5432
278
8649
6173
-2380
5003
2928
9751
839
-7855
8394
-3566
4887
711
5639
-4361
-5541
8737
1602
-948
-9130
1263
2079
-8693
-9489
2527
7120
9298
-7296
-2207
-5806
-1949
1648
9049
-2286
-5946
765
-101
-3022
-8503
1608
-6912
9601
-7230
8779
2317
-1857
-5842
9771
9585
-3118
7330
-7008
5309
554
5003
9561
-5718
8402
-6774
-2473
-1568
4341
-3658
2095
-3625
1201
7155
-5032
7738
-6602
1484
-1092
1270
2952
-8852
-5108
3661
6838
2911
5448
9527
-2938
7200
9640
6392
-852
7263
5066
3354
-1828
-8295
6383
3976
-1727
6154
-3932
-5239
-3644
-8078
8722
8010
-4484
-372
-9384
7445
-4558
-6384
-7288
6950
6976
2925
-3048
-3200
-1289
-3567
-5933
7476
-4038
-7300
-4376
-4684
8965
-386
-3284
-5625
6051
-2957
-2288
4188
8618
-6855
4601
-546
-8959
-9374
8123
-9447
-6054
-9723
1979
6987
-5042
-6573
-6485
-2098
-3204
7660
3690
405
5778
-7891
9331
3549
480
3267
7349
7256
167
-746
-5230
-6471
6597
-7866
-5285
-376
3937
4930
-6740
-5558
7573
3313
5184
2882
-9569
1707
-6231
8984
-6685
-874
8271
-3632
7837
-5030
-9883
-2114
3479
-2829
385
6782
8985
-6495
3465
-2052
6021
-1164
9203
-7625
-3230
6325
7138
-6572
7199
3213
825
-7785
8825
-9016
5400
5045
8991
-1689
7511
8484
5294
2764
1546
-721
8906
-4977
-5381
9669
101
-1683
-649
-8262
1414
-1610
-2125
2126
9741
5553
2035
6524
9765
731
-4272
5719
5305
-8911
-9443
-8945
-2406
-6997
-5474
7093
-658
-9937
-2693
5283
7811
-1731
7884
-4388
9314
9007
8956
-4458
-3745
-7238
2450
-2098
-3888
8565
7226
5514
-4427
2039
-3109
6252
9979
8175
-5964
9448
6219
3242
7638
-651
8583
-8350
9702
5506
1062
-864
-192
9691
-5875
-1198
-112
-8677
-1556
4183
8928
-7412
-7864
-6467
3833
2813
-3499
-6035
4237
2391
-6799
-1496
-1455
9119
9505
353
3316
-1243
3629
8733
3907
6962
-4901
60
-6789
5927
6341
-490
-7518
-6047
2463
-7659
7844
-5705
-306
-7385
-9817
6425
8084
-3939
-5477
3969
-7600
-5769
9787
-2234
-7660
4735
-2298
-3748
5887
-3765
-9703
4318
-496
-2423
-978
-7192
-4812
8053
6517
-7451
6492
-9091
-5214
2497
-1021
9209
-4066
2322
-2795
7180
3053
-9852
9912
-9969
-9713
7569
1917
-4007
4051
-3760
-3398
2682
8453
3904
6453
-381
-9591
-5831
-4699
755
3998
8675
-7720
7863
2925
9298
-2659
6716
-3966
-5821
2299
704
4407
-2178
-4834
-2816
2960
2113
4321
-3888
-3377
-3400
-1346
6500
776
-5338
3533
-1628
-2375
-5876
-635
9273
7008
7368
8139
-4955
-6522
1983
-7488
3282
-9385
-5263
-3842
-5954
-2901
-855
-594
7591
6918
-4809
-9663
-9601
-8515
7733
805
-9012
-8141
3684
-1894
-380
-1282
2507
-3624
-5947
-9262
1990
-8636
-2068
-7000
3679
-1310
1175
-9467
7273
2142
-347
-2606
-6446
-4169
8919
-4326
9928
-7283
-5721
-4560
8922
-7118
732
-4061
6339
-1523
5531
2013
-558
-8349
1953
-2048
-1947
9977
-5974
-1435
6793
2969
1242
-5727
8621
7504
7090
-4855
-6260
-7475
7541
2100
6584
722
8010
-4430
5895
3293
7757
-2129
413
-8760
1077
6768
552
-8129
4491
6239
9378
3272
4390
5423
-1777
-749
7914
1783
-3527
5111
4992
-8299
-2426
831
-457
4153
-1310
-3934
-635
8866
-2654
-4139
2822
7051
2256
2276
5351
-5453
1553
-9904
-4348
-9235
-5913
-6253
4776
-5606
-7064
8149
-4136
-803
5826
-9856
8980
-7267
-1041
-8458
5922
3021
6850
4738
-9266
6287
843
-1062
-5333
9507
-1373
-1405
6911
890
-5049
-154
-3050
8354
6259
-3941
-4050
3299
706
826
-1396
459
-6554
7998
-1196
-8442
-9524
-6944
-1152
-918
-4550
-1426
-8419
-9660
8157
8114
9681
-192
-7612
6079
6210
8201
6818
9230
-4396
1908
-1687
221
-2850
4960
2296
-7812
-5469
2518
-9910
-3100
4988
-956
-676
1053
-1286
-4403
-6130
8866
9929
7264
9040
-753
-988
6617
8744
7816
-5439
5023
1421
-9983
1878
4728
1587
-8949
5463
4472
-8276
-5713
-5147
7028
2136
-8998
4058
-1335
-3573
-3679
3158
2395
-6315
2767
1655
-3438
8357
-5927
4774
-4429
7568
6012
-6520
-191
-7404
-1513
75
-878
-3448
9041
2124
-7424
6543
-7091
8205
8453
-9290
4027
-9910
-5851
-3204
-2934
9328
-7310
9850
-6451
-3898
4794
8839
-5054
3960
8236
-1653
3712
4714
-5674
-2605
-2716
-4113
-2820
5250
5568
1461
2279
-5381
-4665
-8422
-5175
-9966
1096
-7636
-3295
-5512
4565
-1561
7907
8644
-2168
2676
-1057
673
-6692
9756
-9473
2042
-139
3854
1411
1716
345
-1186
-8195
-7143
4752
-5399
7633
-7771
-7847
-5375
-2964
-1103
7422
-273
9579
394
9407
2140
3184
-4369
-4174
1472
-1795
-5947
-157
8389
-4084
-7824
-7217
5921
-6060
-263
5212
-6906
-4928
1899
1792
-2555
8409
1114
-4202
74
-2533
-6315
-2712
4694
382
4671
7353
-2007
-4507
616
6680
5956
-5287
4788
-2776
-4435
2691
-3749
3208
8521
2184
-3997
7175
5068
-7542
9703
-7427
-4575
6862
2570
-9542
7967
226
-3685
-5392
-6266
4280
9132
-486
5456
-8223
9625
8470
8780
-2344
-1559
6933
-7568
5637
8318
5165
-4535
-8746
-4159
-1545
9998
1651
4757
3745
-1642
-5873
-9767
-8337
-590
-9595
-2612
-3674
1435
-2789
-9707
5894
531
5385
-7268
-2904
-8375
-2656
-3210
9067
1179
-1749
-1281
1394
9245
6727
-2594
-9993
71
8616
2543
-9951
-8841
905
-5798
653
-6858
8
-3808
9099
-6319
-4316
-7604
5316
-3389
-1833
-4729
3398
3065
303
-2389
-1113
-5462
9086
-3571
-1098
-5834
5831
2076
-9273
2797
8285
-2679
-6664
738
7905
4144
-6047
-8040
8989
-179
4850
9263
611
-5890
-2999
-5072
2959
-2288
-4893
-5203
1854
-1129
925
2648
-147
-5708
3440
177
692
7933
-7108
-3714
-2922
-8808
9934
-3717
5816
-7423
868
46
-6771
-1408
-2592
-2021
-4819
7654
-3043
-4401
546
3071
7142
-7620
-2595
-8911
6207
-7890
-6334
3926
426
6638
5346
-7933
-3382
-1421
2669
5140
-118
-1479
3404
-1904
-1780
-7191
7382
-9582
-9150
3949
-4552
-9725
-6956
4589
-9520
-3147
2257
4249
5937
9817
5523
5336
1075
9502
-9448
-96
-4741
1149
-7896
-3045
3945
-3382
9278
-9589
2208
1197
-5298
-977
-8587
4483
-2110
-2148
7618
-2047
-9569
-7139
-7351
2452
-5193
-4848
-3923
9713
-7414
3011
-2534
9825
5516
6637
-1457
-6542
5191
-5963
-486
-6037
6841
-956
9484
6420
2592
-7649
-9449
7582
8363
-9972
-1231
1390
-5590
7824
4982
9539
5149
-164
-4127
8057
-4186
1062
7993
-2773
-4048
-7819
-3302
-1398
3253
-122
-8565
-184
-2417
3001
-6027
-3647
7076
-3042
-7680
-9373
7133
-6860
-444
3210
-1805
-8546
4632
-6006
1371
4168
8109
-5590
-5897
-7676
1967
8966
9950
-3837
-8418
1394
3325
4072
-4321
-2845
-6213
-9896
8400
8535
-3082
3091
276
-5176
4140
-3106
-940
3803
-1081
-3770
-2041
6612
2710
-5113
-6071
-5283
7569
8272
695
6080
1000
2
8895
-8487
3052
9002
-9955
-6425
-9159
2192
8987
-8973
4679
-8732
-6867
-912
-1354
-5829
1791
6603
6127
3737
-3243
-1107
4577
7180
-2024
-7159
-7710
6041
9528
3516
-4481
488
4430
-4165
-8001
7928
-7206
-7887
5905
-3128
-9312
4700
-4488
-6490
7265
-8571
-3774
6680
-5926
-6903
5577
-2046
7955
-2176
-6497
-7014
-7672
6529
-2405
-7161
524
5032
6666
4030
-3001
-7770
9728
-7035
-5699
-3338
5306
-1694
1663
-819
6103
-2331
-3737
-8985
-3501
-2176
-4990
1437
-4253
2477
-8302
-2886
7147
6103
-8649
9116
3510
5489
-7750
-905
4330
1368
1089
-1416
2378
9732
1324
-7101
4873
-5929
-8939
8847
9343
-4465
-3117
163
3354
7001
-599
1688
2165
-7872
-2505
-9416
3301
484
8220
-482
-9218
-4356
4193
2929
-4235
-3471
-3892
1019
2108
-9621
6748
-8673
8752
6412
2832
5509
-7235
971
4905
-9286
-1314
-753
-2412
2749
3685
-5301
-7906
9602
-1824
-8077
203
1211
-8772
384
-2161
-8556
-6566
6240
-2941
-2749
-9451
-4257
-5423
3728
884
243
1464
8282
-1316
-6275
-4867
15
9721
-6991
-532
1478
1977
70
8284
2835
4793
-9094
5865
-9781
4797
3031
-2498
1609
2107
-3422
3444
-7126
-6944
1482
-8286
-985
2830
4079
6414
-2624
-1976
-9557
-5995
-2411
-8296
290
506
3707
-1395
-985
6094
-4784
1794
5251
-5939
-6855
-852
2359
-5547
1849
-9472
4575
-3192
-9323
-2049
-8438
1520
-7232
9777
9154
-2222
-9292
5653
6318
-1978
-152
7038
3176
3237
-199
-252
-7312
9472
7001
-2608
8227
7438
-8402
8705
7430
-9926
-3213
4218
-9189
2543
5431
-7473
2228
-2820
1584
-9156
3002
-5951
9599
-9663
-1148
1495
-6794
-2162
1297
1636
-120
8650
8353
6973
-332
5414
-6102
6490
5652
-56
6653
1471
-1605
3699
-3280
-679
-7190
-9662
5411
-187
-5858
207
4877
-6531
5236
-7695
1856
9923
7840
3931
1827
-8042
-728
9271
1589
7440
-4878
4760
826
9700
-3361
-2228
2366
-7738
1715
6764
-6796
-2417
3433
5704
-7021
-993
-9761
4566
-3277
6070
-8589
3626
9363
5590
-9048
-9649
-1793
6232
-1599
8130
9181
-9241
-514
-9495
-4411
1560
-1647
-8370
-8042
1920
8584
-6077
-4867
8672
1208
-9659
8747
-20
4502
2957
6692
-8514
1990
1208
-8905
-3594
2391
-7350
8907
-2229
2801
1887
-2021
-8634
-8504
-9539
4630
-7343
564
7758
-8272
-3311
4696
-2365
-1545
5854
2484
6018
2486
-9745
-1125
6952
-5603
4924
-1915
-8230
-1978
1760
1378
4360
3826
-5173
-7700
3260
-88
8368
-8011
6644
7360
20
-5812
-6123
9693
-7644
-3053
6842
-2076
-7084
-8659
-643
-4839
6876
-5799
-4475
-1832
7219
4505
6212
2953
-6029
-818
-104
9231
436
-5845
-4898
8268
-246
8108
-4036
9347
6557
4403
7767
-7616
350
9141
-8875
-6948
-4770
5983
6354
3907
2972
-5238
-5383
-1562
-3130
2617
-1269
3280
2029
-664
9880
-5335
-9153
-4524
-5377
5748
3241
2666
9817
3929
-6037
-335
8276
-1233
-4193
3623
-7638
2977
-8486
7244
-8116
993
9703
-5473
3619
-9327
-1935
-3171
8604
-2222
-8513
-4235
-1259
-224
4319
3158
-6492
6878
8836
-2787
1366
8565
3285
2650
-6161
4255
8745
-3098
3165
4495
-5262
-8778
73
-8384
8700
-6022
-9438
-1430
3609
7553
-9069
-6171
4160
5618
-3882
9937
3324
9460
-776
1843
-2307
-6603
1658
-2457
2444
7828
-6152
9780
3043
7529
8190
-8704
-4407
-6702
5620
-6897
-9599
9843
6116
6600
-8790
2138
-4949
-7643
-6919
-2858
-7569
3710
-3849
2050
-3789
-7030
-8670
2438
8217
6646
-1149
7082
7005
-4999
3439
1188
6541
6343
-5985
-9611
4664
1845
6160
7052
5504
5257
-6965
6728
5295
8113
2506
5653
-8606
8523
-6389
-3026
1332
5795
-2398
147
6988
-5202
6151
-6384
5391
-9711
-3777
-5049
5715
9546
-179
-7389
2810
5972
6623
-8315
-4614
-5685
5053
5863
4024
9416
-8988
-2344
-5966
4763
-2574
-5723
-1489
-2862
7823
2806
-6305
-4763
2240
-7787
-8835
1535
-8377
-26
8520
9786
2115
6779
3290
-8843
6799
4268
4292
1366
-858
3815
-48
-724
-5086
-7922
-9004
9781
-4186
-7939
3029
9993
3729
-3834
-786
8472
4630
-451
-3792
650
8011
9312
-2777
-3850
-4511
-9988
-7036
5118
-9263
7272
-4492
-9008
-648
9196
-3021
-7402
-5831
-7698
4596
15
-6269
-5537
-9452
4309
-1211
-258
4851
727
7864
2288
1983
8341
-6890
6484
-4401
6524
-6435
8908
-1915
-5920
4279
4233
9482
4808
-4366
-1269
-3161
8485
-232
-4933
-7580
2645
-5716
9011
8413
-8892
-2817
1417
-1560
-6069
-9469
-5573
-1723
-4126
-176
-7128
-1218
8866
-9024
-2980
4641
-4452
7323
2822
767
7856
5298
9908
5300
5568
4680
6714
5863
1087
-1408
-8013
-9069
-8387
-8767
1948
-4019
2748
-3617
4727
-1758
-336
6837
-9865
1421
7683
-842
-1639
-161
1207
-1870
-6872
2103
9545
2526
8840
4113
-1654
3347
3078
-3691
-6087
-4637
7292
-4845
-6284
5632
-18
-4804
-6787
4698
1327
976
631
-8517
8100
-6283
8975
9762
-5371
7580
-6133
4366
-5830
-2806
-3593
-8997
2161
4426
-6126
8785
-1040
990
-7612
-1367
-8537
9729
-6691
-4260
-6644
2711
9729
6100
-6031
4622
-4817
-4698
2304
3352
1619
-1875
9983
-5915
-573
5007
4729
2994
139
5146
-7313
-2300
-3285
-6836
2906
6993
-2339
5621
5527
-5762
7103
-5361
8233
6977
7118
-6769
3288
5456
8225
3296
7318
4547
-4070
1614
1590
-7269
5272
9554
-271
-8553
-3700
8711
6846
9733
-5244
-5183
-5758
-7806
922
-9481
8172
864
-9957
695
4407
6487
-6802
5055
-4473
-9372
4775
4354
6914
1029
2135
-2980
-6506
-9241
48
-7780
6819
-7728
-5144
2234
-7003
-62
-839
-1954
-597
7122
-804
-7003
-4655
8938
-6628
9634
572
8812
-3573
-8345
1511
-403
-100
-7104
5142
5435
1439
-9822
2464
4180
-22
-6385
-8330
260
3913
9110
-854
-5180
-9466
1818
8264
8566
-8208
7366
7307
-995
4076
3018
-7187
-8295
4290
-9474
7970
-8677
-6460
4223
4592
-8668
-5895
-3714
9146
9405
3434
1080
-2186
243
-3535
1420
-3310
3493
1674
-6065
-7610
-6442
2857
9954
-2088
9900
-2872
-1009
-4358
8790
-5630
-5370
-4602
-3872
317
-1548
-3951
4617
1457
-5984
-8121
-7963
2796
-702
-4243
7959
-6177
-6403
-3266
-9091
3795
-7345
-6145
4487
-2321
2530
392
6590
-2044
-7291
-1431
1893
8902
6351
-4612
865
812
-6296
-6693
-5543
-5001
6819
-3409
-2265
-4961
-6891
9812
-6340
9394
7338
-1588
2753
3913
-5474
2288
-8563
7357
3770
5219
-9240
-838
6421
-4631
-9198
7404
-3825
-5849
-5377
-6974
-6938
-2269
6992
5107
4269
-8850
2584
2745
6227
2377
3364
2138
1751
-9954
-8429
-7086
4387
7483
-6929
4974
-4538
13
7245
-1494
-4974
5008
8691
4392
-8360
6801
6814
-2886
7530
-9566
-4622
-9309
-2526
-1726
-1313
6228
-2116
-7407
-8449
-9224
-8225
-9396
9801
-604
5966
8986
-1950
5038
-4325
8984
9309
-2587
5576
-4597
-6733
8796
504
7227
-8770
-5062
4725
-3508
5334
-8169
-864
883
5059
6183
-224
4566
-2514
-9552
-3265
2475
-1008
7435
-9238
-3858
-9518
8801
4061
4686
-4240
-9277
3448
-1922
7835
-6088
166
1233
6605
-5674
9847
-8228
-4389
-6437
-2715
-1580
-1511
-1051
397
6714
1129
-5389
5192
4468
5125
-7496
1861
185
567
3815
-4597
7119
665
-2485
4979
840
-3272
-3288
-7029
-6592
6214
-6185
6525
7782
5339
-3922
-2184
-1741
1763
4168
1306
-525
526
9215
9361
-4701
-4178
-1840
8529
8158
-2558
-4834
5257
6919
-3981
5994
-8332
7475
-6791
-2032
-7932
6643
3636
-5761
9900
7508
-7600
9538
-5469
-1748
361
6915
-707
-58
6973
4923
3970
-649
9197
-3195
4555
-2443
-4699
6915
6284
5660
-6311
-9808
1442
508
-87
-6229
9095
937
-5828
6561
-489
7337
7462
7124
9445
3332
-9038
-2167
2936
8070
754
-3121
8376
-9445
-8981
-3287
-779
-4613
-4251
3452
4775
3606
8620
150
4639
1473
-9201
-8060
2057
4447
1818
1888
3996
4511
7320
3399
-6522
7358
2809
-2516
4516
9778
2202
5303
-8058
-9855
-2017
-6953
-3954
9824
6726
8099
-9283
5533
8038
-4176
2422
-5776
-5220
-669
5472
9998
7542
-1760
-947
-9886
-1650
919
8122
5477
3951
1759
1548
-849
-5978
4602
-8135
1740
-1766
7290
674
4908
-2744
721
-1680
-6755
3023
-3641
7606
-2528
-2078
-5457
-4645
-5133
-4488
234
-8677
2453
-5081
-9490
-5368
-188
-578
2770
5388
7273
5169
-3141
-341
-2910
8778
-3820
7142
-372
-4900
3735
571
-6604
3284
5258
-8905
-9060
-5640
1796
7745
6237
-4205
1015
5226
2173
-4583
7194
9744
156
2240
9573
-1989
1128
-2707
8055
8960
-5303
-5928
6255
-1749
7275
-3752
8033
-9602
5273
-1335
4528
2557
-6619
3733
6005
-2274
-137
9834
9777
-4810
87
-5832
-2314
265
-8335
-3943
5417
-5260
-8273
18
-5278
-4236
2167
1581
7949
5669
-4674
-7059
-1945
-7151
3316
-6220
-8902
6830
1897
8527
-2140
-7140
-2783
3671
-8567
-7878
-8206
-1440
5238
6150
2767
-4242
-5924
-4916
-4825
8034
-5567
5903
-669
1153
6474
-1673
-6595
7035
61
845
-7878
7762
-2153
1703
-1827
-9282
7807
-5830
-632
8346
-5193
2781
-9484
3700
9920
9004
9774
-2782
-9367
7932
8512
-1604
3423
7814
9490
-8360
5521
-4585
8083
-4199
-6068
1701
-1725
-589
-2848
5160
4875
5457
1599
1349
316
-7607
3148
2950
9030
-3284
-3708
-7308
-7396
1438
4900
-1402
-5643
9985
-3551
6281
-8550
-7684
6733
-3019
-7859
2864
3817
-4777
7129
8358
-8744
4775
-1800
7221
3205
-8306
5443
6120
-3530
3879
8712
-7853
3226
-438
-3345
-9424
3777
9481
5661
713
-5542
7219
4261
-6687
-9730
264
-4277
8062
-6657
-7303
-8559
7154
5499
-4374
-4256
5220
-540
-1754
-6029
2601
-1415
-529
398
-9774
7095
-6358
-5262
-5694
-7941
-3815
1917
-9778
3119
6677
4176
-5789
9904
-4404
8721
-9212
-1698
-3664
-8467
6425
6057
5548
1974
-7285
1960
349
-852
1863
-5953
4181
2152
3767
-8707
-126
7937
-3913
5012
6024
6690
978
-6339
9497
-6018
7938
6716
9420
-2885
3003
9915
8569
-8791
6312
5705
-5783
9677
-731
-6399
784
6566
-5473
-2914
3859
8439
264
8526
-5776
6936
-3080
-8964
-6775
206
-4372
-1705
-3230
8951
-6538
-2551
5612
4900
-5683
-3213
4146
6455
6719
-9029
-8474
2045
-5766
-9485
-5286
-2543
6731
2684
-5069
-1567
-4372
1137
1568
9801
8385
-7160
59
7057
5162
7803
-4416
-8287
2341
1976
5925
3456
4978
1733
-5198
1872
5829
-2108
7476
-548
689
147
-4142
5445
3818
-7868
6991
2665
5925
-1893
3731
7054
1642
-8998
-2749
-8184
1181
781
8850
-1818
3015
5633
134
-1063
7002
-4350
3651
-1608
-3581
-659
-5871
6139
2951
2779
-1766
-3521
-383
2232
-7547
1295
-3438
-6719
7781
-4628
-5177
5592
4298
4744
-4865
-9713
-6060
-1662
-1214
-16
-5447
9913
7189
6406
-5985
5998
-3679
4947
2270
3242
-2420
7454
4272
3103
-5397
-9121
-9334
424
6549
5309
5732
-9142
1693
-4436
3603
-8981
-5606
1160
-933
-8678
7664
-9242
9418
5136
71
4871
-3268
6310
2627
9746
6236
-7308
-7567
7024
-1731
4913
-4250
-8299
7586
-5150
-2566
-6151
2295
-335
662
-8951
-9407
-1960
9912
3840
8717
-7900
-2002
8631
-6111
-3970
9181
701
8506
-7863
-4638
229
9092
-9818
9337
9067
4777
-991
-6755
-7716
3846
2076
-4001
5547
4365
3450
8996
5545
-7300
4256
5630
2698
1941
-5518
-9088
7204
-2289
982
7276
8695
-6157
-4119
3603
629
-142
1916
4026
5284
-9682
814
7125
1827
-8785
-5339
1935
5306
-7795
-7736
-2950
110
-3592
-9689
-1709
1867
2216
2592
-8893
-8831
-6990
-9027
-1591
7324
-9559
-4880
-8268
-2573
-5799
911
921
1257
4721
-2620
9743
-2294
8383
7607
-5670
-6383
944
3417
-2460
4722
-3744
-6879
2251
2781
2024
-8595
-4149
-6258
-8426
3881
-281
-8550
-3410
486
-430
2724
6351
-944
-3838
-8751
7579
-6576
-1715
8359
-6409
-7626
6615
5512
-5683
1463
-8566
-9690
7196
-2745
8809
-1762
7642
9813
-4563
4696
-6959
-3801
-4991
9146
4938
8332
6591
5391
102
6527
-456
-7380
3682
-5742
8246
9335
-5894
-5028
1512
-6873
1835
2800
-588
7953
-8784
-3344
2006
-9194
-9976
-5598
-2815
2140
-9530
-2121
-6422
-2062
9048
5262
-8084
9128
-7431
-8543
-592
7134
5142
-709
8963
-3018
-6519
9843
-6856
9674
-5385
350
5030
-4269
7510
-9779
7483
2775
-1918
-6020
-3112
-1422
-8547
568
-8624
2086
7140
2065
946
8138
-5893
4972
-1211
-9293
-3803
-3420
2622
8266
1534
2421
8017
139
-363
7749
5946
3313
-1554
5818
6764
7243
-5244
-9165
-2197
4316
3628
7078
8863
1
2284
2629
-9821
-6978
-9295
1646
-8217
-1694
7232
6464
6960
-1099
-7865
-3994
-2866
-1626
9259
-8419
1027
-2795
7102
498
-4606
3251
5372
9077
2496
-7748
-7559
-3472
344
4429
-6305
-6975
-3432
1509
-3823
6940
4141
1936
-7393
-1433
2242
5925
7675
-4580
5477
-3792
-7685
4532
4062
723
-3097
5954
-3449
-1924
8208
2293
6869
-4210
6182
-2608
2048
-6832
-3481
-1216
-1981
-553
-7892
7246
-1139
2965
-2997
-8578
-7363
-2779
-6373
8036
3005
-8388
8861
-1996
-8112
5275
-2477
1948
-8482
-6282
-8024
-9466
-789
8492
2991
-7476
-7889
-1447
-517
2885
-403
8059
-5928
-1793
9632
-462
3921
4120
6333
3382
-8048
-8479
-3423
9464
-8300
4291
8898
4596
3872
-6380
500
8734
1084
-2678
-2530
-5212
-8172
948
-8321
3301
-4833
1779
5123
3652
-5518
2529
2135
9045
6677
9480
7841
-9402
-1801
-997
-7331
-5786
5521
-1989
-5122
655
-6333
-389
-5893
3514
-3574
4417
4510
-8845
-2436
7850
-7153
-8136
2587
-357
3250
-6071
-3280
7780
4524
-5182
-4771
1808
8111
-6535
6852
-1925
7842
5683
2067
8471
-2054
-4479
-3298
-2987
1998
-3135
6859
506
-3431
7361
1790
8406
-4910
7624
2010
-6995
4515
-8447
2117
9389
-3397
7952
-9657
8768
1304
-341
-615
-1272
-3810
-2530
5681
112
-7234
7771
-6477
-1146
1320
-6582
-8639
6078
-2674
8064
5484
5458
5753
-2334
-4984
-7580
9514
-4915
2899
5468
3865
-1231
5442
-5543
-8496
2454
2055
-3094
-1530
-9755
-8075
9050
8314
7837
-2939
8921
-345
7683
-4929
5273
8710
-3948
-9373
-1955
9818
9828
8480
-5827
6889
-7645
-1717
6561
-5875
-3032
-5729
-2570
-7620
4896
-9496
-8080
-8783
-2138
2698
-9246
6164
5996
-5769
2451
1191
6267
2410
6328
8951
-2643
311
6374
-1647
6095
-5657
3595
-3062
-5477
6908
8936
-5376
8994
-3904
4138
-4965
7103
-8992
-826
2408
269
-2521
2025
8209
-5026
8508
-9921
237
-7426
-5135
-1548
-5798
-1637
2759
9733
6447
3425
-1266
-8554
-9370
-7221
4127
-8860
-8552
761
4503
-3098
-7437
-2639
5473
-6747
4979
-408
9859
-2587
-4888
3982
-4800
9517
1805
4379
-6045
7940
8683
2513
-2644
9653
8379
6419
2754
-4796
-8166
-1545
-2774
8352
2810
-9259
-3705
1183
-156
8139
9847
8567
-7401
-7890
7343
-7820
4549
9059
5163
2463
-2514
8446
2101
1191
-7220
8237
-3840
1029
-2516
3553
-9672
-6900
-7597
2009
1372
-5866
6948
2299
4521
9611
7851
-6699
6023
4057
196
2397
5966
-3832
2088
2276
-8027
1166
-2914
-8837
3374
3164
9174
-2569
-8298
2772
1145
1912
-8324
4329
-3927
-6632
-6373
-4185
-9161
5777
-5147
-4135
-6925
-9698
5056
-5030
5584
-813
8089
-5819
4105
3116
-1331
-9881
2743
-8130
-5816
4290
7129
7206
8103
-4128
-1911
-7340
5477
4559
7755
5714
-6953
9933
-8864
4982
1607
-4177
-6883
5196
7057
9988
-2481
-637
1205
7461
-2516
-5250
-2897
4703
7825
-8732
-3045
5592
8252
-7447
-8883
-8500
1971
2347
-65
-9290
6573
-6447
-1741
6855
-2051
-3842
-5123
6632
9428
5085
5425
-7557
-3485
-5303
-5199
4250
1461
6314
8496
-2545
5748
-8747
-3956
4185
4941
-8354
7143
3038
9706
8038
-7372
5062
6196
9972
8590
-7536
-809
-3857
-3173
-2035
-293
9090
-1814
-7341
-2229
266
-8440
-9920
1608
-3831
-3434
1493
4134
2791
-3925
-461
-7137
8103
-7680
-6336
-890
7571
-4965
-8195
6896
-9678
3194
-4120
-8949
7405
-6685
-7281
-8321
2541
8353
5828
-819
-8254
5592
-2613
-730
-8761
-2510
-5275
4203
-4900
8529
7374
6548
-9369
6743
-8530
-7620
9850
-5151
-1388
3827
-3889
-7592
-9097
1802
1997
7641
8462
5098
7639
-4637
-3570
1108
-8621
7138
628
1503
-5813
-414
-8146
241
-8322
9210
2903
6276
-304
-7237
9549
-3912
-565
-8488
-7051
3974
9260
3940
-2181
-9186
3055
-2220
-3377
-3337
842
-3239
-6985
-8758
-1365
5525
4798
-8030
-2915
3989
7602
2883
8782
-1978
-7348
1476
9417
-1940
-4590
-3693
5604
-8769
1527
-404
4648
8685
229
-819
5893
4343
-7647
-4389
174
4547
3118
-6658
-2383
-8209
-9679
2659
-1243
-8018
-7575
8734
450
-8176
-8623
4539
-1533
3172
-7948
7364
3409
6602
374
1165
-111
-4478
6551
6507
-2323
-391
2722
-2679
1312
3411
3078
-8299
-1525
9627
-339
7791
3806
-6911
-6793
3958
1752
-4504
5950
-6305
-5964
-1793
-5091
-2225
-4937
-2598
-2680
2515
4178
787
7181
-5816
5981
9968
-5326
876
-8254
9546
8132
3395
-2587
1441
1938
-452
-9810
-4346
582
4799
5461
-1509
8203
4072
145
-4321
3303
-1882
3266
-5529
-5224
-7809
-1054
7413
4173
-2502
8736
5169
-3494
-6112
-6473
-5622
1396
5432
-9025
-2415
4918
-2733
-8883
1935
-1272
-4756
1628
1411
-7064
-7673
-7999
-6721
-8291
9842
-6693
-139
7226
-5721
-3503
-5144
-802
6322
5534
-2578
2027
7777
-4767
4032
3473
5432
5629
505
3275
-7308
5936
1342
-3115
4180
5030
-425
-3940
-5934
2418
-6936
7567
2255
-7411
1780
-7996
2426
1033
7475
836
2426
-1290
2399
-388
8425
-6064
-6459
-524
2789
1419
2909
-4962
-6485
477
-2624
-9863
-8652
-5063
8964
-4523
1689
2115
6525
8511
-2239
4124
-4890
-3316
9289
1963
9192
2197
7854
6559
-1553
-2036
-6552
3115
7250
-7392
4025
-458
-7547
1459
-6035
786
-1509
6819
-1764
-3184
287
-8723
2202
-7098
7373
8788
-6736
3686
-3186
6546
3260
5283
8297
6175
-8307
-1413
3950
-8519
8142
-8702
-431
-8192
-6559
5745
4660
8392
-9003
-826
7293
-2859
3266
7921
9284
4538
-8616
9426
7317
8166
-915
190
-3634
-6524
4849
7840
-5354
6655
-2280
-6776
-7145
438
6950
8321
2091
3215
2282
7187
7555
9224
-1044
5444
3033
-5758
-5009
-4648
-6406
-468
-8641
6597
-4168
8754
7045
7370
7844
6020
1132
7501
-1950
-8475
-8067
-1856
-1435
-1834
2885
-4351
4079
5778
-8179
5427
-5386
9496
-104
-473
-8019
5152
-9676
8143
3933
4849
-5409
483
-5100
-9567
-8135
5305
8731
-1945
-5274
4291
-4455
-534
1961
4695
-1098
-9859
-3631
-7806
937
2471
9593
-9089
-2599
1738
4754
6351
2387
-4061
-6850
71
2204
4254
869
-210
7063
-8658
-6231
7713
7273
4696
-4899
-8677
6323
-8675
6474
-621
2130
5324
5684
-7960
-7767
-1841
6789
7065
451
7510
9849
5997
8674
4007
927
7587
-4368
-375
127
4925
9848
-6394
-75
-4768
-7404
-1158
-5144
-6910
4423
-6146
4580
-3510
950
7255
4324
-6623
3680
-4521
936
7887
9588
-9362
-917
-1733
8606
-9361
9572
-2482
-1395
9769
5702
-5105
-3487
2638
896
-1002
-5848
3137
6400
-1621
1689
1793
2214
-1203
-2124
3038
4079
-7942
8739
-8092
-5058
-2621
-9360
7903
-6165
9520
-1485
8664
5657
402
-2368
-7759
4379
-8267
4787
-3327
2382
5403
9864
-1673
8322
4878
-9724
-8970
5781
-5190
-288
5568
6782
-6240
3422
8034
-4529
-7359
-7042
6626
8036
295
3506
810
-8121
-1501
-1635
-9827
-5791
-1144
2144
-6199
5130
7023
7962
701
-2851
9454
-7515
57
8838
-4622
8671
7800
3740
9625
6407
-5677
-6613
484
-3963
483
9131
9708
-5541
-8219
5568
-9798
-105
-6237
-1697
931
-8828
4016
7265
-4375
9777
-306
8573
8694
-8524
8614
-4454
6904
-6214
-7626
4400
-6025
8829
-7490
-5093
-1984
-9294
3445
-2120
7200
-6406
-1077
-4398
6555
-2206
7891
9490
-3839
-3682
-4372
-591
8988
-5758
-3855
8060
-7505
-4415
8298
-8158
-1868
243
-6865
-1339
7812
9627
9067
-352
-3034
4618
114
9967
-1640
-7968
261
-97
-8685
-8086
-3672
2533
306
-7189
-2706
-6618
1912
-9240
5214
4875
3062
847
1190
-4701
-557
7731
-4883
8345
1642
-9201
-1937
-1275
5207
-1953
3343
-4908
1320
-672
-2202
-2125
4247
8146
9623
-4306
6862
7402
5718
8424
-7929
-813
3717
288
8087
-3128
2421
-4881
967
3043
2753
-534
-1992
7539
7319
8195
-1392
-7854
8523
-4939
-1081
-7535
8905
8696
918
8106
4382
7872
-1038
-1461
23
4714
-1610
6736
5001
-5876
-3638
8433
-8896
-945
5960
-9881
-4422
-1084
6689
-1247
-440
-1502
9971
-7505
2981
-8102
-8722
2355
-4799
-6999
-4
8435
5409
2685
-7435
2158
-7909
7747
-7104
-1742
3946
-4068
-8777
4618
8591
1462
8440
5709
-9600
6735
5699
2478
3282
-966
-2063
-9548
7976
-3496
4683
749
-5725
-7638
5054
-6981
-1
-556
-9641
-8704
3249
-6755
-5142
-9916
-4491
-4322
-1404
3902
-8337
3983
2806
1732
-9482
-5856
-722
-1450
380
-4440
-7554
-3395
-5815
9716
519
4602
-6565
9275
-9756
7771
-3017
4197
236
-1641
-6904
9807
6841
6873
-7619
2342
-95
1101
-7357
-6663
-6073
2737
441
6290
5314
413
-2083
7789
-2384
-6530
-9350
9915
9581
-6354
-2731
-2233
-8597
1314
-1296
4119
-6219
-593
-7313
3704
-5371
9806
4586
201
-2633
-9413
-7607
8183
-6384
-6994
-2824
-5801
7752
-619
-2416
-9084
-4457
5649
1479
-6138
1986
-4594
2699
6393
-2041
-7138
-5654
-8211
-1881
-9206
-9290
-8846
762
-4431
3653
-1261
-9222
3515
1969
8157
2746
-4649
8943
9199
-482
-6346
5437
-8825
2566
-4077
-2306
-9108
389
-1758
-4723
8391
3721
-8174
-3412
1358
-2867
838
871
2622
5232
3758
4116
1652
-6952
3530
5032
9381
-4408
-3348
1641
5502
-740
6666
2411
2168
-2596
1072
4794
4948
6314
-6699
1670
8570
-7901
-7162
-8765
-156
-3757
1684
-4027
2378
3605
1173
4092
-5851
-8005
6162
9124
-2565
3788
-788
4230
4478
5560
3010
241
9940
-3964
-6481
-6815
6792
-6435
-9634
9918
-828
-5947
-5571
-6626
-8701
-5540
-4130
1532
-4366
227
-2586
7319
6278
-2585
5560
6533
-8137
576
5877
4671
-938
7916
729
-7288
9105
4044
9371
-4911
1207
4070
-2946
-4124
7224
4248
5827
9313
605
2127
-8022
-6286
4453
8616
7954
7176
126
-2716
-8152
-5973
-3801
-4993
2479
6319
-6512
5254
-5670
6177
7959
-3171
-606
-8161
6392
-2624
1172
-2309
-1041
5988
7873
2343
-6087
-4123
212
-9358
3736
-4409
-1704
4884
7332
2229
8336
-7995
6527
-1611
5637
-8699
-9091
-1
-1505
-4108
-7833
-7915
-92
-9387
-9123
4628
-3775
-2807
-1093
9766
794
9563
5436
-6821
-9222
7998
-8192
6701
7597
-2991
4924
-9345
-9434
-4907
-7477
-5727
-2214
-3283
-47
6518
-985
3952
-8273
-1429
-554
-7124
-7192
7682
2158
-7558
-7714
3055
-9595
8915
4453
3482
-1315
7310
3854
662
2108
7530
1318
6737
-5194
-4098
-8521
2649
5526
9569
-5103
5147
-1531
-6911
2890
-2433
-4028
3516
4462
-3413
-6983
3631
-6091
8811
-2141
-620
1858
9922
563
6943
3899
-779
3294
7347
-7448
-8348
-2617
-1461
-8991
-97
-9997
-6435
-2484
4831
2322
3968
2934
9612
1426
-5052
9428
5364
-6915
1411
7087
4328
-9012
562
-1212
3829
372
7076
1376
4765
-4063
-5472
-3334
-8567
-6806
-4654
6481
-7308
-5398
9996
6153
1270
4155
-2286
-974
-2915
-3455
3926
-8138
6828
4415
-9013
3347
1571
7344
-4114
8714
2138
6240
-7602
-6867
709
-4781
2643
-8998
-3134
-5912
-1084
-2694
7595
4478
-6677
5879
7603
-4003
-2981
3701
9897
-3971
-1741
-5546
-7746
-2083
-5501
997
-5431
-8899
-4742
-9875
-2617
-4485
-9740
-5639
-4675
7075
8357
8428
-485
-7141
-382
5861
-2671
2210
2625
-6820
7259
5816
9403
9502
-4360
8974
6015
-2753
7686
3030
-2290
8826
-3745
3862
3588
-2146
-6094
771
-202
8781
-5964
-157
-2057
-2770
-433
-258
2981
2659
5885
-8559
657
3849
6698
8521
2052
2802
9204
7605
7859
3886
-3666
5822
7930
-9537
-4870
8935
8528
4719
-7557
4837
-5713
-9101
-6193
-6033
201
-8388
-7436
-7935
4143
-8038
-6060
7431
-9246
8637
2383
-9196
2869
6483
8201
-2818
-5289
-8971
-2596
3698
5672
-9937
5488
2170
8609
4673
-6265
-9895
7962
9819
-8369
799
-5403
-4083
7670
-542
8032
-4964
-4673
-4014
-7437
-7573
8432
6696
6242
-4763
4896
-7993
-8443
-1622
-616
5728
907
-1136
-4399
-6702
-9321
9061
-5133
-1231
-5028
9702
-4271
3326
1132
-3066
-2825
-8483
-9830
-3827
-4622
5406
-674
-3194
-922
6125
-2830
-8624
-6701
3167
-4483
6762
-1084
-7781
-8123
-8698
-9331
930
1692
-1379
4616
-4546
-7338
1424
5118
-7547
-3341
1198
7629
-1271
-2577
-1027
-1543
7521
924
6779
-8655
-4362
469
-5076
4916
1754
8091
8574
6199
-9912
-9008
-8825
6560
-4758
1687
7669
6572
7836
8162
-1982
-7914
-414
1110
-9846
6432
6331
-9754
-3589
-7354
5489
2140
-9396
3526
-9013
2595
2357
-4693
39
8174
4859
-4432
9217
3790
-4635
8491
-1513
-5578
-8092
1845
-3492
-4007
-5716
8710
4187
8218
-5918
5464
519
2517
7413
304
-8909
6245
1516
-3374
7306
244
-1934
6811
2071
-6085
-7577
6791
5657
2045
6098
-4675
8102
7382
-6938
838
-2114
3619
3463
219
-2539
-883
-7688
-5711
9981
-7341
-801
1797
2198
1921
6833
2802
-2626
2723
-5741
-6118
1412
-4936
3517
-4208
-2462
-9238
6041
-5364
7924
3699
-352
-1616
-3772
-7082
4026
1262
226
1799
9930
-931
-1217
4125
9105
8051
8159
-5574
-1591
7511
-4553
5401
1563
-4871
-4614
902
5503
8759
-5176
-6740
-3174
-5403
2816
7069
-618
-189
4970
1943
-7351
-4320
-1658
3693
7237
9368
8336
9054
4542
-5972
1216
-364
7339
-9249
-4904
6493
-7320
4135
965
-4264
8405
-1637
-459
5685
-2944
-3508
1269
-2833
-8483
7081
1803
1487
9282
2755
-3844
3025
7059
-5145
-3960
-9731
5983
-5838
2133
9409
-5888
-3592
5312
6954
1565
1055
879
4120
1415
9224
9645
3006
-6526
-9925
-5838
1252
941
5101
717
-9117
-1548
-8004
-1515
4475
-1440
8955
-5380
4162
2408
-4217
-2442
-7012
-3141
8688
-6044
2853
-6455
-7013
6504
9015
-9042
6028
-4406
-9590
-7233
-1551
6828
6890
-6367
513
984
6112
-4428
2830
-1220
2357
759
-5825
8119
489
1560
5305
-4784
1300
6410
-7200
7596
-5049
7438
5389
-7068
3994
-6855
-2347
-9893
-1119
-3273
1590
1635
3166
9688
-6018
5180
-7096
-7183
-1195
-4801
-9181
3764
2755
3351
5246
-2573
6350
-4775
3138
-9302
9544
2810
6508
-4352
9460
8715
4313
527
-4216
7344
8566
1176
-7823
9804
-2876
7792
-9136
5721
-6079
3349
-2981
-3613
-530
-8995
-7257
-4513
-4492
-5433
-4248
754
3325
4948
8705
-134
-8016
9361
-7555
7310
-7624
8975
-7737
9371
-411
8699
5624
-9038
-7177
4152
8669
3711
2469
-3833
908
5104
-1119
5039
9008
-1885
-9235
5709
-3637
3568
7390
-6813
2432
-6239
-8743
-6657
9303
2506
-5590
8072
5331
-1492
-6317
1547
-3915
-9932
-2145
3954
-8709
-1668
7555
-5654
-1211
-1235
4788
9068
4236
-7738
8459
-8091
7154
3236
-2479
-9069
-4564
-4420
8776
-2535
8154
-2177
3140
7875
4004
-2838
6470
-4717
8665
2401
7482
2116
-868
-6500
-6157
5289
-5720
4710
6524
-4958
3221
6790
7606
1935
7017
-578
4248
7144
-3670
-6137
-5472
-3066
254
7849
3995
6275
-6598
722
937
-9167
-7514
5
9295
-8020
-1313
-2162
-7903
8001
-9693
7749
3128
-3321
-3
3129
-8915
3064
4137
4023
-4194
-5432
-4476
-6523
4669
-7734
-7475
4279
1857
2073
5581
1862
7134
-4120
6715
-5695
-6380
2133
-1351
-8068
-2344
-3851
-6627
6334
-2524
9904
4848
4679
8547
-3239
2484
5789
986
-8783
-1980
5029
3171
8223
8520
7712
-6546
895
7159
4086
8103
2016
-1105
5954
1420
1791
583
3551
-9052
7963
6623
2707
-7530
-9423
9085
-278
5648
-3902
5156
5596
9668
6042
1934
-544
-5136
-3552
4901
-8524
8300
9640
4018
4275
-1921
5382
-1342
-7888
-697
-9258
2815
6806
-187
-622
7138
-6054
3636
4274
-5208
-4827
-8169
-2835
-6261
6606
-8675
9694
6945
7226
6337
-458
-946
-455
-6066
-7508
-9821
7934
-2897
-988
-6015
942
-9846
-3459
-9779
6188
-3793
6170
9690
364
5590
-5831
5781
5502
-9506
5605
2887
8721
1422
-6507
-107
-136
3768
-6069
8057
-3545
-2330
-2376
3753
-2886
-291
-9897
5786
-4804
5557
-7870
1267
4124
963
-2673
-1323
-5077
-2547
6684
1556
-6122
-469
-1044
-9270
800
-8569
8639
-5218
6485
2927
-1167
4190
-9841
-389
8059
-8207
-6469
6086
4470
-3998
48
4390
4334
8220
6708
-1633
6988
-3969
946
-1354
831
7760
-2703
-9533
-4142
7657
-7073
-8875
-4954
5803
-9861
6794
1116
-5907
-3947
-2553
2040
3472
8117
522
8299
-7208
-169
-208
-6017
-6179
2771
-150
2032
-3038
-125
7524
6044
-2841
-2354
5391
1772
5064
6203
3747
3827
6248
-4579
-1857
213
-5245
8787
-1418
513
9230
-9737
6669
2102
-3554
-9448
4483
766
-6140
8664
668
-5282
1466
8569
-228
-1623
4848
-5538
3108
-7573
399
3610
7709
-6157
-5364
9481
-9176
-4543
4705
9734
2912
3172
6951
-9920
9449
7978
-4087
-1642
-8141
6069
-6878
4483
-1242
3537
-1169
549
3289
-4276
9205
-3554
-858
4079
7657
788
513
1953
8391
-2834
6219
-8208
6045
-2531
5076
-7822
7693
2129
-6755
6773
-4515
3271
4400
-4941
9180
5917
-3717
-5694
-7801
7552
-8632
1580
2778
9360
-5980
7736
7874
-8519
8540
-5283
6319
-9936
8502
-3121
4224
-905
-7111
1433
-7530
-3355
-1012
3830
302
7231
1258
-8534
-7323
7012
689
-9832
-8813
2648
1714
4601
6200
7928
-2230
3487
7647
-7466
-6195
5591
-5829
-3926
4208
-3168
1436
7622
6478
-4852
-3378
-8829
3097
-5342
6367
-8838
-8614
3026
-1475
-5115
-7553
8702
-2677
6503
3353
1832
-3865
8624
-6593
4723
-2838
9502
6394
3226
2265
-3541
-8475
5349
-8938
3478
1906
-6023
9698
5095
-644
4068
-6031
-4108
-5211
-837
-4518
8655
5024
3222
-9260
8023
-7693
2117
7660
-3539
2960
2525
-8105
-6341
4494
2297
-1706
-9935
7262
3584
9614
-4432
1275
-6314
5594
-9534
2384
-8948
8719
9904
-7137
7329
-5003
-8620
5429
-166
-6101
2499
-4650
2390
-1675
3043
-8218
-1286
-3432
632
2000
-6812
8803
6827
-6728
9865
-5081
6570
2075
-5892
8434
705
-2516
-8879
5930
-9806
6276
-8210
-9541
1774
9879
5685
-4336
-9728
-739
-2175
-1714
9329
-2384
4547
-2142
-241
2144
-3187
3827
8212
7322
7653
1784
-2821
-443
6540
-9985
-8677
-3417
-4011
7333
-9596
6852
7070
-3090
1067
8515
7842
5433
-9084
3142
1382
1437
-7846
8226
7910
-6970
5294
2881
585
187
-7353
7573
-5995
895
5394
558
-4163
-3148
-4378
-7686
1016
6282
9300
2322
8911
-6572
57
-7848
-8278
-5864
-2593
5481
-2324
-9798
9463
7556
-3626
-4263
8891
1277
-9847
-3741
1770
7939
-2002
-4212
4016
-6876
4690
-1244
3202
1753
1174
-1033
3739
1830
-5584
-2245
-5162
-6760
-4291
-743
5518
-7942
-9005
6036
-5721
6916
9557
-6878
7470
-9749
245
-7259
274
-9144
-3522
6557
-8727
-5851
-6032
-53
2131
-331
-1183
9356
-6773
9607
-3444
-8971
-9586
1166
5169
-3840
-2058
7860
824
3278
-8493
-1041
41
8101
2733
-3955
6440
-2965
-9648
6073
-1300
-1756
-7504
-1307
9926
-829
3002
-947
1043
6716
9234
4422
-3793
2000
6230
-3361
-136
-9316
1386
-9019
2590
-5478
128
2931
9618
753
-7438
7476
714
-6222
-2313
4421
7338
6097
-2066
1947
-5452
-2009
-5409
-2236
4954
-1791
-2143
5174
1027
-4178
-8804
-4375
-2230
841
1329
-9558
1113
2811
7977
-2189
9474
9571
7116
-4255
-1357
4787
3916
-665
470
210
1544
-3117
4789
6099
-694
7041
-3974
-7980
-7062
-3947
-6397
-6909
4410
2882
1515
-4434
-5376
7790
5599
-1828
8831
5461
2225
2610
-8545
1898
6370
-5721
9033
-829
4807
-4352
2858
1691
1075
2577
-2569
3921
9168
264
2357
-2067
-5714
-3624
6871
5690
-7844
-2357
-7360
8305
-2798
-1112
4139
1120
-976
-3597
-9981
-2994
3021
1319
3220
-9298
1245
-9235
2688
-9575
-9972
2646
-4692
-6249
-8276
-585
9083
1528
-2077
-6522
7260
6170
-7252
8750
7317
-2892
-3730
7858
-5921
3252
-9508
-4579
4169
-7368
-9376
-2719
-2436
4141
-9155
-9759
-8005
8524
9606
-2750
5765
-5633
-9550
3691
-5868
-3529
-2613
2402
-8893
7602
541
-2522
7715
-6003
-566
-1655
7601
-677
-4906
1619
5207
-9626
-2580
-3999
-3063
-78
1137
8424
9060
-3775
43
9008
-5593
-1577
5075
-2087
7485
5003
-2440
7378
3404
-6073
-6837
-8388
-9308
-6328
3071
8492
-6771
-5871
7362
-1429
4013
5686
-857
-9790
-5400
2208
-8415
565
-6927
-5078
-6810
2133
3621
-8373
4637
1452
-3720
3304
6985
-5250
5948
-2492
6980
-1099
-8953
-5524
-5960
4253
-7179
2846
9112
-3643
4398
-746
-3135
-1404
4439
-6343
2343
4855
-5619
-7034
-6385
5044
2167
5137
-9961
-3347
-6483
8838
367
-3420
1804
3261
1785
5410
630
-4504
-9304
8274
-5087
-7994
6760
9334
508
-6969
-5716
-6865
-7225
-338
784
6672
4535
3765
4875
-1747
-1877
1797
6754
-6672
239
2850
-39
-3789
6712
-7908
5028
-19
-8653
-6486
-1784
3467
4804
-6061
-8201
-3243
-5494
-5252
1232
-4914
-2563
-5679
-9418
693
-4846
2630
-268
2861
-48
6797
-2001
-1200
-1748
-9863
-4052
-6950
9320
5210
6919
6282
-1942
5243
-5448
-2153
6478
-193
-6984
969
-1007
1502
-8562
3253
6935
4942
-9861
-8506
-8919
-424
-6887
7254
-9998
729
4186
1036
3129
8585
-407
9894
-4334
-2277
5746
-448
-8233
-2526
-9042
-4048
6766
531
-8292
6729
5650
-7105
-2666
6320
-8105
-1545
-2915
5102
8527
1716
1119
651
3612
9628
8647
2177
3633
1662
6416
8585
-6842
794
9528
-4024
-2648
3716
7916
-4801
-2299
411
-9639
-5116
8806
-9971
-2697
-6732
-2613
-2352
-4946
7950
2548
1920
-8002
-3747
2617
-4253
7698
9006
2975
-6927
-8457
-7820
-7283
-8185
9640
-7459
-4925
3145
2574
-132
-2937
8264
2131
2843
-9516
5662
7595
9749
-2465
4144
8669
332
-1387
7566
9025
410
9814
-5684
-2732
178
-3073
316
-4145
4466
-9257
-7757
9247
2898
7480
6311
-4138
6091
-3077
-3759
5162
-9210
-3726
-1612
2849
5424
-9622
9780
8168
1705
-6123
-6144
9504
3008
-1352
-5249
-4383
-5525
7682
-2191
7206
-5483
4396
-2026
9728
-7321
9725
-7089
4574
-2982
-1870
-6682
2404
-8445
-5804
-3306
-6087
474
-4960
6981
-7284
3825
5272
3778
7590
-9700
9832
-7716
3585
5297
2687
-3547
2295
-8343
-2109
-1173
-1033
434
-9582
133
6731
93
-5730
-3257
-1539
-3365
-8918
-8330
1450
-7451
9244
-1320
4658
6310
-7817
-105
-4617
9805
-5727
-2163
828
-9378
2970
2303
4029
3289
-2690
310
-1213
5732
-2428
-1647
4685
6023
6414
-3963
-4158
-419
-3192
-3153
3779
993
9231
5293
-3288
7549
-2018
3490
2747
3556
-8237
8891
868
1343
6102
-7690
-1668
-5573
-5693
1660
-4826
-1686
1865
7916
6207
-2532
7503
-5840
3974
-9746
-142
-8825
9382
7161
7706
7152
5161
8919
8015
-9469
7441
-528
-3662
-5776
-4908
5844
-5810
-7506
-7588
-4154
-6820
-9160
-6635
2411
5718
-6574
5334
-4001
-992
-6769
-4974
8463
-6796
1524
-9645
6670
-6251
-1375
-6373
2099
5008
4737
2772
1709
-5297
3589
-7330
-3059
8426
5122
970
2117
8925
-2606
2079
9657
-6188
7269
-3132
4821
4759
-8038
8946
-6185
-5043
4884
1068
1290
-8251
-8572
5392
1132
4082
-825
-57
-2351
-3355
8455
8335
6397
-7654
5157
8060
-3895
8925
-4344
-3162
8297
9276
-3461
-8710
5260
3114
9755
-9636
6603
4472
475
4677
-1337
3262
-655
9503
5412
1432
1224
3207
-8130
210
-6975
-8598
611
-2120
-8434
1042
4325
-6998
6211
4158
9745
-6780
-1663
-3521
919
7898
952
4463
9989
-6274
-9486
2523
-2866
-8435
-5289
3631
2910
2996
1783
1871
-8055
-5092
2754
-9108
-30
2578
-9265
298
3653
-4079
8200
4490
3550
-4370
-4322
-2659
4573
-1738
948
-9428
-1704
3079
699
-7259
-3195
9774
9655
-6512
-1220
489
-616
5239
6378
9558
-8321
5073
5091
-839
332
-2496
-9327
4428
4618
9593
3717
-5170
-2909
8640
9255
-1937
9618
-2298
-8429
182
8538
-6521
-2895
2937
1480
6972
-2748
-5357
154
2469
5759
6916
-5258
-8401
-3795
-581
7323
3867
458
-5489
4783
5178
7050
4623
1646
4357
-595
5707
-794
-3756
-8753
-811
779
-7240
-5427
4046
-512
2073
-1239
1414
5472
6732
9595
1663
6729
-7652
1028
1477
8729
-3300
-2409
6299
-5398
370
-3483
1651
-5234
291
5685
4814
-340
2095
3500
6887
37
-6958
-6179
-5001
-4984
4651
3189
-751
-5437
-2976
7419
-2669
7736
-2370
5838
-950
7747
-9811
-9713
-4880
3337
5654
-154
5140
4338
-3505
-8120
8062
2057
-7540
-5244
3973
4916
-8953
2862
-2592
-480
7684
-3896
403
-6247
-7167
5956
-3081
-4271
-7398
8232
577
-3852
-4824
1010
2238
4185
-5410
-8458
3157
-90
-4066
6415
6195
7553
-9868
-4459
-7432
8584
6000
5286
8195
-4023
-7259
1072
-5330
137
-4395
3936
542
-3800
-79
579
789
9848
8470
3959
-8527
-8001
-9495
7084
-8597
3884
-9034
6670
5417
-5050
-4110
-3935
-579
-3238
4000
-2520
796
-5655
1118
2472
5135
-374
9208
-8275
1474
-3538
8889
3492
2840
8661
-3701
6206
-2086
4052
8713
7161
-7386
-2002
7824
-2706
-6004
-2686
-8341
9992
4639
-9375
-4703
9209
-3147
-8810
-2774
-9119
-5264
1423
157
-6498
6722
1915
-7622
2945
6342
8969
-5118
-4464
4129
-4863
-5631
8773
-47
-3628
9892
8405
-2575
3591
-9670
-3718
-1874
9674
1487
-4787
-5877
5542
-5917
-9329
7315
6097
-976
-5566
-6821
2454
3677
4821
8639
6179
2573
846
5782
-426
-7011
-4262
-2037
1086
-3142
-6165
9221
-6264
2038
-8057
-2750
1520
9088
-7419
383
-9962
-1326
-9358
5150
1392
1675
5550
591
-4376
-2815
9689
2444
-2549
-7883
-947
6946
4731
6720
-213
5391
-5452
888
3317
4375
-3759
5162
1503
-2363
-5931
-1141
-9057
-5660
304
-7917
-6639
-4917
4854
3954
8326
4575
-3710
1446
6678
-3963
8494
6604
5871
-4932
6912
3726
5024
-6937
-3742
-4114
9556
-5430
-6213
-2627
-9831
-339
-4659
2322
4519
7903
294
8782
5108
8279
-7809
-6923
-2546
5363
-9320
9584
3240
5927
9274
-6758
2513
-5642
-4100
9138
2544
-9348
7465
1187
-8769
1642
-3884
2740
1914
-7870
3834
-3716
7460
1325
-8751
-1956
605
-1138
9899
3199
-3402
3039
1998
-5978
7717
-8207
-9518
6711
8065
8769
5753
3950
9531
-4305
-8643
-3999
7118
9895
2019
-8960
1898
-6017
9876
3109
3160
-6364
-9152
-7132
6768
-6773
-6483
4224
4121
8720
-9468
-2397
7530
-821
8118
-8011
1586
-347
-4230
-9422
6380
8533
6162
7010
6165
-2959
5911
7387
8690
-1198
7182
-1370
-8924
-7672
5096
-9992
-6388
7094
-8820
5264
868
-1269
5736
-9023
-4878
2591
-6479
3558
-3109
8787
461
3494
4241
-2980
7690
7152
5962
8451
9149
6149
-2237
-375
76
-4570
-8102
-4774
4300
465
-7773
8712
6916
-55
-9808
1493
8634
2850
-6770
8225
6098
4579
-9917
-5579
-9664
-4923
6094
-3868
6484
7691
7246
-7050
-1754
-3325
5875
-9221
-195
-662
-1876
8633
4144
-7010
2921
6728
-3914
-9613
-8255
1568
-2671
322
-2352
-653
5001
-1252
56
5323
6281
3774
4571
8980
4044
6531
87
3384
1483
8203
5834
-3065
-1020
4459
7929
-9201
9565
3874
314
2627
-639
-1538
9707
-1544
6646
-9931
4248
-5421
-2626
-7021
3574
-1753
-5335
517
-5091
-9127
-6875
-7881
2286
-7073
7259
1277
-7774
-3681
-933
6567
-4167
7898
-8157
2665
6397
1143
-7673
5585
-3376
6101
3233
2124
-8519
-2456
6496
3083
-2112
6180
-1993
-4089
5157
-3175
-2723
-1970
8703
-2363
9074
9344
1789
7345
-4429
-7469
9450
1649
4795
-6849
8994
-2937
9374
-5451
-6035
-5643
9388
-2513
8675
-5023
-1762
5997
-4435
4385
5893
4957
-5739
8992
1465
-3012
-2960
-5215
3964
3140
6962
-7606
9394
-4558
-6132
-9224
-1515
-9594
-1705
2997
-9499
1172
-8578
-4853
7169
5124
-1933
6820
-5027
3658
-1632
-2997
-5445
-600
1268
-4056
-8435
8613
-5523
3281
-5516
2656
-7359
-2544
6764
-8196
-6414
8822
-5084
-1120
1125
6295
6335
1197
1278
5675
7027
-2162
-4240
-5039
-7602
-7715
-2103
-688
-5476
-6264
335
2867
-7776
2667
-8230
-5589
1875
1505
-6166
-2909
3018
6664
-2605
1170
-9761
4603
2327
-7589
3612
-4848
-3346
2266
-2739
-6310
8357
5745
-213
-3909
6303
-3117
-933
9113
-8113
906
-9723
9823
-6372
-1263
8100
7274
-763
-3192
7903
5007
-257
-4023
-1009
5455
-6982
6589
-3465
-6734
-1965
-4730
3119
7299
-3500
270
6046
-8053
-8980
9163
2930
-2015
3008
-1049
1044
-4568
2625
7732
171
6478
-1716
4714
-8287
3597
-4173
2510
-947
-3780
-8875
-8367
2059
3250
-4377
-3948
5735
3890
4506
2994
-8451
129
8430
-7362
5526
-740
-322
-2515
-4374
277
2623
-3240
7112
9573
-6990
8645
8767
-1316
-7635
1342
-2950
418
-7285
-1485
3714
1836
-5491
1399
-2213
1703
5151
-4515
-21
5467
-8573
3856
3953
9467
-3940
-2899
7984
5367
9655
8106
9011
5533
9339
-5974
-58
5853
-4938
-4035
668
-5496
-5127
-4826
-7645
2520
805
-7520
-2826
-4892
4680
-1604
3928
6440
9575
2865
2403
-1344
-3119
-6550
8121
-8476
-1842
-8747
2785
-9485
5903
-3007
-9241
-6602
3766
-6204
-5831
-9247
3254
2798
-8927
2010
8025
-1457
-8433
-6945
-3313
-4772
9115
6874
8696
6840
-1806
8541
-815
7651
5835
3705
9624
-5210
889
-9762
8204
3750
-4982
4009
3514
-6755
9811
-6158
7269
1874
-9870
-6660
-8262
-8795
6243
7628
-1669
-675
-6297
4618
4407
7800
3620
-2693
9155
-8856
-7393
158
486
-7274
1874
-9434
-5458
4697
4517
8408
3668
-1976
-4459
4073
2522
-9716
-9786
-8867
8275
4680
-3815
-3785
-1204
-940
-139
7941
2842
1745
-8050
9780
-3585
2221
132
-189
-3319
-1971
-2850
4905
-217
-9896
837
1822
-7091
8005
-5166
3805
3404
6959
-5487
-1173
-407
8990
3826
5981
-8294
-6334
-1333
9958
-4582
-6736
8153
-2507
-7041
-7032
-7470
-377
-9491
7574
-198
8714
-7052
7343
6716
-4993
-7105
-522
-9903
4489
2322
-2982
-6727
-2768
2048
7637
5111
-5554
8583
-4257
380
-4456
6576
4799
-6396
-4582
-9711
5353
3846
3901
9878
-7740
2128
5027
3847
-8786
-9055
-9486
-1971
5895
-8839
-3634
-4327
1406
6283
-494
6058
-6607
-2424
4712
7355
-8251
8483
9415
6129
-4258
-3811
9677
7388
2961
-6744
5483
2240
-8549
3853
9813
8697
-4802
9251
-6434
9894
5202
-8477
237
-6410
-2559
-6083
2428
1546
7970
4288
3059
-5265
-835
-2072
1139
7089
-872
-4574
715
661
8213
6513
-1015
-8405
1230
-1474
2642
-5510
5728
-3804
-2336
5897
2870
-1904
113
-6728
3565
3418
3149
-8705
9868
-5117
9698
4907
4905
2769
6720
6818
8016
-4213
-3054
-5157
-5774
9943
-8267
4693
-335
-8983
-6269
4990
-9563
-7920
-9193
-9865
471
-165
-5165
-874
1590
-855
-4573
7097
5157
2323
-6728
334
9486
-4574
-1881
5767
798
5615
-6463
4220
4025
6035
1360
3479
-3645
582
6076
6610
-4274
-1921
5074
5866
1683
6318
-1672
-3292
7947
8222
-3305
729
-2398
7932
5479
4849
-2247
-6272
-9020
518
-640
-1838
7523
-4846
-1827
-4357
9267
9026
4102
3816
7082
-9018
5454
8304
-9177
5516
3493
6406
-4797
-1830
-3778
-2104
-5765
77
-6363
9966
-6905
834
-6838
-558
8233
-587
-6368
1125
-5314
2920
1607
-9006
45
1556
1434
9675
5315
790
3607
8746
-4947
-7185
-2347
-2613
2492
-2937
6926
3633
5112
4554
-3655
7988
1784
-5754
-135
9398
486
2952
1046
-5414
-436
4048
738
4192
-5097
2718
-6
-9881
-3537
7225
-9069
-5401
9661
-7636
6831
8886
-6463
-3580
-5357
5978
1536
6037
7865
3093
8206
-9583
-6134
-8690
-819
194
-2455
-1009
7732
1871
-1977
-1946
-421
-1805
-1948
8717
7183
441
1284
6138
-7084
-4237
-719
3595
8881
-3692
-373
-6917
5207
8589
2831
-2092
-2574
-9442
2529
3697
-6091
6208
2825
-7555
-2826
-5094
837
3106
5
-1724
4930
-5790
-1853
-8894
-6653
-1809
-3670
2908
8171
7815
7400
4809
8018
4793
-7404
337
-2615
-1947
8741
-9259
1426
-9999
-6643
8293
6095
2881
-3308
6899
5537
7279
-1613
1276
7446
-7631
-7646
-9052
-7492
1169
9
200
8707
-3427
9621
-2290
-7332
5422
6373
2600
-3643
801
6695
142
5567
-1323
1486
6544
4129
2681
-4015
4265
-6537
4210
593
845
-8410
2459
-5581
-3691
-4280
6514
2123
-8528
3576
6280
9266
-6635
1806
2689
-1764
3243
-7577
-1057
3677
7439
-986
-5679
-205
-2388
-4505
257
3523
-5509
2880
-9726
4345
-7180
-2567
7315
-2593
-1469
5375
2913
-4661
7117
-9474
-340
2915
2542
3757
-7033
-9642
-2475
8147
-303
1080
4795
-848
4105
-1807
-7367
-5810
-1824
-2649
7749
7135
-1209
7413
-2102
3548
2262
2891
-1752
6208
4644
7604
782
9046
9469
-9204
977
3761
-2141
-2137
1062
5143
1866
-6941
-4495
1620
-5380
1762
-1047
-8899
3041
-2572
-1479
5462
6380
6347
-778
-301
767
8994
-5962
9797
-2595
-3507
-7290
-687
-7291
4864
3975
-9886
6642
7527
347
33
296
2540
9343
5093
2568
930
-3136
524
4093
7174
251
-5929
8508
-3176
-554
6037
8983
9656
-5162
7534
-3694
3041
7252
8176
1467
6402
-9633
-4459
-4194
-7362
-5804
1080
-3544
9485
-6644
-5304
6356
-8956
5454
-9272
-6795
-1625
-1897
5476
1207
-6191
86
-325
1318
5396
2906
878
4700
1735
2330
-8260
-2005
8461
-507
5158
9398
1488
8778
3598
4165
-4852
3256
905
1817
-6678
2011
348
9916
-4789
-2593
-7396
-4365
1604
5818
-2332
-8811
637
6358
7544
-4934
-378
-6434
-3264
-5863
9835
-3928
-6168
1219
-3931
-3607
7775
-3580
374
9000
-2424
-5406
-9058
-6609
-2915
-8205
-6366
-4523
6409
-5186
5966
-7712
-8004
9170
-641
-4959
8604
-4648
2621
-2224
-4027
4899
4952
3141
-929
4915
-5307
2665
-3085
9748
8791
-754
-2626
-4492
2515
-5231
6049
-6135
-7881
-2846
-5758
-4880
-2285
3322
4817
8456
-6392
-459
146
1111
-1074
-6293
-1125
4261
9952
7770
677
6282
8184
6593
-9654
-9359
7291
-5420
-3404
-4697
-3413
-7436
1182
6181
126
8361
5549
6624
1511
-7680
-1044
-6783
6422
1669
-5190
9776
-3484
-7451
1095
-6287
-3819
-5101
-5430
2162
9987
656
33
9670
-2388
-1023
8446
2981
9453
3387
3991
-5932
-913
6764
610
1394
3004
-7677
-126
2189
5215
8583
-3705
7855
6356
4099
-5690
4709
-8299
7914
8550
-8700
-6089
5188
141
-4371
4207
-7628
9969
-1034
-1162
6012
-7572
2871
8663
9110
-6988
8261
-1445
5943
6424
-6134
-5099
-7657
8648
4311
-6773
-7736
2524
9840
-5619
8274
2915
-1387
-2760
8041
7605
9794
361
-2370
-7721
-1331
-7197
5262
988
-2609
6786
-2224
2108
9038
-8044
-7604
-2230
-7661
-5366
2765
-8069
-3413
6682
-4660
1893
180
-7033
1270
-2924
1852
3436
-2403
8017
-7795
5039
-150
-7653
6864
-8276
3074
-2715
2560
7642
5856
6062
-6501
-9326
-8790
9767
7237
-6719
-9873
321
8930
1842
9584
3689
4658
3056
-9332
208
8146
7130
9081
7036
-7376
1589
8012
5751
-1172
9771
-4852
5087
8131
-9779
2456
-2437
4368
4827
-3676
-7836
-9025
-1915
-6727
9077
6094
9787
-7823
-5400
9802
9082
-1016
4649
-7745
-5823
405
-1991
593
6240
9334
6414
-9185
4601
-3160
2725
7869
2332
6811
5526
8384
2357
-634
7076
-9936
-9642
7419
-9933
-7866
-2828
-1483
8310
-2062
5985
-5004
880
-7472
122
6408
4820
-8196
3680
214
1652
6298
4911
-7918
-935
281
9436
-9313
-6317
-998
-6523
2831
8200
-4481
9014
1951
9031
-75
-7891
3445
8938
-1809
-5302
-9373
-2929
5814
-3820
6592
6696
6048
-5919
-3473
3915
-4787
9748
-8044
8084
-1951
-147
5332
-3554
9575
-9740
-4066
-2888
-682
8895
183
-3004
6983
2443
8460
-441
8938
-4261
6778
-4020
9136
7421
6311
471
-5074
9075
-1791
-4304
1397
7823
-258
-4769
917
8682
812
1052
4397
3636
8677
8748
-8927
54
-1981
9951
3076
6375
-1693
8850
9
6223
8208
-2590
-4287
3034
-5050
-5792
-5079
6694
9532
-352
1468
9819
5879
709
-2284
-910
5015
9185
3814
7154
4417
-9162
-7807
2756
2841
-4284
9147
-3534
3928
-1023
7679
-8522
-3860
9205
-3700
1129
-4499
-9371
-4641
-2577
1118
-1522
7549
8807
-7173
-9142
3505
939
-708
-8076
9070
-1977
-8487
-7422
-8221
6216
3061
7262
-7344
9852
3153
-8220
-6346
-8453
2987
8805
-2013
6375
-7186
1340
-2238
-1968
2609
801
2534
-3619
9577
-9054
-6001
-8516
-6846
1271
-6871
5626
-8080
9381
-604
6025
3418
3572
3339
3869
7878
-7941
6691
-8525
4085
2583
3558
5959
-4920
-8208
2702
-4008
9268
-1113
-5408
-8925
-1919
6121
9310
-355
4104
3838
5947
-7763
-8364
-958
-4875
5318
130
5990
7699
3041
4664
7825
-6249
-9262
-9720
3669
2788
-1750
8329
8723
-3467
-5921
-7683
-2262
-5856
6538
-2148
2064
759
4908
1756
5379
-4567
-8413
1829
-4818
-4819
-2289
6014
-3615
9494
6508
-2395
-7608
2422
-8
-2125
3072
4214
1071
-8721
1764
8915
-9728
420
-8672
-8208
-3183
3243
-1683
5538
-8616
-4741
9638
8649
-1009
-5360
2065
8404
-3004
-244
-5962
-4216
8431
7494
9167
4866
-7992
-3719
4983
3460
4507
6091
9537
-9141
-1034
-7121
-5163
8759
-5687
8471
6021
5076
-3328
-926
102
-7274
-1868
-6467
1896
7682
3681
-401
9402
167
-648
9114
624
5302
6103
771
-6711
5951
3903
-2534
1269
8833
-7141
-8002
-3349
9483
4843
7647
7552
-7418
4128
-1661
7455
-8264
-6129
-9976
9967
7680
-4620
686
-4117
3455
-5207
7339
4747
2908
5973
-6317
8827
-7219
-9914
5021
3253
8613
-5875
752
-9219
9872
6273
-253
-2327
9591
-3274
-6424
8245
-877
8940
3560
-9355
277
9723
8594
-4769
-9075
-2954
-8120
-1471
4920
3132
3404
421
7419
-4459
733
-6625
144
-7230
-1082
-1256
-6082
-5854
1760
-4301
9426
9731
-4573
-4959
-4432
-4166
-9677
2371
-8933
-9941
4560
9025
-792
9013
5425
-1607
4399
4107
2239
-7074
-1326
-749
-1374
-4094
-4217
-2138
4395
2762
-8034
8774
-3737
-4440
9885
3079
457
9779
4869
1008
1762
-6352
-5135
8661
-4959
-6556
-6334
-9474
-613
8516
-5234
-3349
9348
-1498
1485
9782
4563
-1824
7865
6008
-8569
2138
2526
2405
-3624
5234
5821
6995
-5438
-1916
-8286
-3187
-6385
-6593
-9587
8417
8450
400
8903
-7693
2497
5731
4347
4119
-8867
271
8709
2190
-4349
5239
3643
-2542
-2615
-2542
-5719
-5586
-8724
4403
1188
3212
-9703
55
8441
-774
7287
7775
-8934
5256
-8171
-9446
5567
9462
-6203
8591
-4336
-2693
-6673
3057
-4272
-6864
7986
8269
4685
5159
-5115
2974
5846
5145
1290
-5284
3567
-7516
7124
4861
-1245
-54
-9789
3098
4945
-251
-1616
-3279
2999
5052
327
9123
3064
2372
-8571
-6869
-234
-6630
-2653
7925
2547
-9374
5606
-9398
1735
7222
7617
9806
7800
8448
-6300
-7785
-9917
-2019
-7911
-8202
5162
-2166
-8923
3634
-237
3816
7354
-4827
3230
-5976
-4253
-15
4737
-3850
2181
-6333
-8834
-6563
8411
3456
-3718
-8616
-9221
5666
1338
-9811
8768
-4951
-7861
-8997
3127
-3472
-9613
-987
8432
6528
8190
-497
291
423
-3860
2072
1209
-2424
-3498
-6597
-3812
-7370
3858
-3923
-767
966
3556
-786
7783
7568
-2593
-7039
-8217
-7392
2876
-9714
4827
-5796
-9074
8994
-1665
2886
-1173
-7828
-6904
7225
7696
4467
-2310
2316
9500
4634
-8589
7498
4897
-7563
2905
-4514
-6670
-5629
-7852
-9559
1111
-3645
6340
-4459
-9037
-5426
-4332
5328
1060
-7755
-4685
7823
9297
-575
-2192
-3023
5925
-3941
3767
-881
-4716
-8273
3900
-5965
-5799
-277
-6739
6261
2900
-5098
-8329
-3506
9192
2501
-3262
-8672
-2165
-6749
3847
-2169
-871
-9487
2492
-7437
-5094
1577
-4573
-7313
7019
7238
-3717
3879
-6934
6287
-3962
6863
-4292
5641
4675
-2894
1950
6980
7146
-5980
305
5162
-8471
5762
6032
7365
4918
-1817
-1865
-9744
9541
6897
9423
-156
-8935
-3540
-4843
-2992
6256
3441
8232
1635
8106
-5330
-551
2950
668
5770
8611
-3300
-8190
6121
-6041
6949
9266
8457
9612
5630
-6866
364
8126
6809
-7381
4050
8398
4591
9738
4066
2585
4964
-7573
8803
-3059
-547
-8870
8505
-8265
-7640
-7899
-7346
-7215
1638
-6206
8710
-9974
4972
-7940
-2436
-1154
-68
8645
-6637
6741
582
-3044
-8007
-7319
1282
-5337
8812
7223
-960
-472
9079
1259
2324
-6570
2338
3681
-6412
1266
706
778
7220
-3041
8342
-6079
-9653
7723
9794
-1765
2793
-7684
2123
2954
982
-5413
-7523
-8306
-1418
-8044
9338
-7021
7491
9234
-4282
1668
-2021
-9058
7048
-3733
-1917
-874
6187
9264
-5200
-1961
3233
2962
9871
2860
4803
1058
-4977
7331
-5486
7930
-9940
7497
-2399
-5443
9771
2816
-5889
1037
-1127
-8549
8389
7851
7882
2773
1523
1887
5637
-9140
-1416
-7687
-2767
4691
-8379
-5434
5836
8932
-1415
-3250
2181
-7033
-3008
-8267
3005
-3289
-5422
-9632
-3670
4836
9099
1200
4663
-2360
7358
8169
5737
-401
-5190
2539
-53
-1921
-644
-4165
-2300
2388
-8188
-7987
-4426
-2393
-5596
-1809
-5304
-18
2946
-9954
-167
-8645
-2419
-6688
-1098
-1299
-6443
6529
-265
-8304
-1486
-8527
1364
-2092
-2999
-6373
-7047
-9283
-3219
-3670
-789
-5701
9936
-4407
-4702
2906
-3571
6442
1575
-6582
-2118
-6044
7865
2699
-485
8347
9173
-9476
6875
2431
-6868
-64
4033
6146
-9200
2
-3981
-5896
-8343
-9099
-9704
-7533
-4753
-2462
4750
1071
-2297
-181
6374
-2050
-7231
-3698
-3444
4762
-181
6011
-1122
-7797
3443
-1706
-6124
6093
-5721
8131
-5819
8377
-4270
-4143
-8631
7750
3683
-2265
-4074
-4407
2667
1949
7677
-648
5003
-7534
4800
-7476
6880
-8453
-5971
-1619
780
4016
3168
-8654
8554
2748
4747
-2504
101
2112
7283
-3913
-61
-6942
-5523
-5067
4080
-4877
8652
-9864
6683
-3867
-1558
-7898
42
1700
-6059
-7631
4105
-9429
1723
-4755
-6342
1084
-7376
-5601
7551
-332
-124
2845
652
-5755
-2527
4983
7047
-416
2909
24
-6336
-6568
-3429
-7907
5792
9245
-3376
-672
2230
-7955
8881
9162
881
-231
-2578
9295
26
-957
2947
-20
2406
1714
6570
-1383
-3579
-3742
2121
7572
9592
5079
-6599
-2468
6047
6491
-7474
-969
-739
-8565
-1413
-2745
1243
305
4505
778
435
8925
1805
-9493
-8838
6573
-2445
8664
3405
9551
4818
-9957
7249
9384
-6235
9017
484
4280
6661
3384
6445
3766
1227
763
-5393
-4035
1504
-785
-2203
9938
-5079
8867
1750
8523
-8217
1788
5060
-5213
2266
-4832
-8699
5274
8549
-6610
4500
7628
-1847
7337
-3396
9498
-5738
7996
-2362
-5351
-5328
4490
1488
-3549
-9198
4847
7413
2601
-4869
-3325
-1395
-4604
557
617
7734
162
2968
-353
4441
-532
3778
9363
8842
-8155
277
-5528
-9367
9763
-5734
2872
4887
6464
3844
-9069
4048
4013
5338
2600
-6147
-3139
4923
-8287
-8862
-8311
6846
-2961
-4772
-1136
-9059
3675
2911
-5408
-8103
-5048
-9333
-690
-8954
315
-7136
-4410
-3332
8153
4294
-1412
-575
2187
-4772
2115
5351
-2772
2708
3885
856
-8454
-3198
8492
9752
6390
-8664
4844
257
5358
4001
-9514
-9704
-9962
-5440
-4796
-5461
7402
-7392
-9357
-7085
1555
2375
1411
7139
5154
-2522
1523
-5055
3104
-232
3151
4797
-9228
-3085
-1508
-9247
-6206
-7226
-4862
-7452
-8847
-6284
-8382
-917
4901
-5363
-8791
-2765
5054
-5590
1698
960
7994
-4318
7465
6997
8341
-5449
-463
3475
-8583
8919
-7904
4876
-9169
8566
5403
2586
-1604
838
-9106
3845
-885
6442
2572
7056
6410
3465
-7178
-3868
3826
7247
-3064
6572
-3667
-4746
2648
-9544
6974
8908
9843
4635
3218
7584
-4109
-2067
-5660
6174
465
-6229
3471
6747
-135
1788
4322
1740
2566
377
-2607
-3857
-9379
2227
-4755
5105
-4697
-1668
3265
8358
3949
-9137
-3963
-2500
-3798
-7741
-521
5239
-7060
4503
932
2717
-3601
7709
118
-3347
-1486
6190
-7835
-3321
-8176
4574
-2888
2122
-212
-5174
7555
-4248
-1409
7051
2604
-4739
4827
-4233
9382
1160
-8578
2629
1371
-7925
1092
-1472
5065
6836
-9458
1644
6087
4432
7508
806
-9065
-7534
-463
6841
-3753
-624
463
338
-4128
-5730
1026
8590
-6996
1386
-176
7340
-4100
1368
7908
6681
6730
7780
-2787
-784
-6753
-6965
1531
-2345
3165
-1397
-8096
6141
-9737
2700
-5357
-1013
6175
-151
-8982
3613
2365
-1567
-8199
-1277
-8086
-2309
4778
-7485
5504
-4274
-8797
1024
5257
8366
2735
6325
2631
-6520
-1314
8340
9029
9789
-3300
9617
2400
9647
3020
-3014
-2284
-6642
-6655
6644
-8531
-4887
-8079
8385
9595
-8063
6153
-9270
5351
-5070
7242
-1195
-5911
7761
4816
8060
3388
2824
-4879
-5681
841
3425
7539
-2282
-1411
4086
3861
-8748
-8887
402
-1504
3860
-3427
7606
-2439
1448
6174
-4914
-3557
226
-5288
7280
8120
-8107
-6500
-2389
-914
9678
2117
2475
-9723
-3565
2260
6734
-4026
2329
-567
7945
3278
6101
-6637
7990
6470
-3101
8388
-891
-4725
-9055
5578
3626
-1048
5371
7062
2761
-7958
-3759
-4054
1432
-5932
-1871
-4845
-4118
-3271
-9188
4475
-7150
-3784
8771
-338
-4052
4781
-1507
-2163
-426
-1063
-3979
-360
4780
-738
3374
6453
3447
-7865
-5876
-9544
4734
-565
1262
-9869
6943
-6401
-8968
-1972
-4353
-1696
-8638
3564
6973
7024
-372
-7847
-9318
-8166
-908
1940
-2551
-7023
-3135
3243
-8318
-1336
-7702
4935
-5905
-7020
9147
-4825
-7834
1984
9627
7533
-7703
6580
-285
8401
3111
-9102
-4790
-1374
1319
-5700
-134
5164
5150
8696
9199
6330
4775
6841
3735
1153
4843
-1767
-5424
6335
-5519
3185
-8514
-1897
5181
-9779
-140
-5596
1379
6088
-7147
-3150
6498
806
3687
-1793
5409
-5031
-3692
8018
886
3604
3456
-1907
-615
8952
-221
4678
-303
-8533
-754
-4779
6444
-7024
-3322
-5039
7609
7332
2845
5722
9734
-1317
-3885
-2255
6047
4427
7878
-9252
-5251
-4426
1758
-5349
877
4695
6098
2058
-4900
-7362
8744
-1649
5946
-2479
1186
-7003
-1089
-2299
6305
-5874
3614
-5006
5333
2784
-2777
-1774
9410
-5657
-8106
-7964
-1846
1412
8557
8854
-9837
2849
2603
-5234
1160
-547
8906
9840
-8492
-4066
-1240
4257
-6435
-2392
2524
7351
-6865
-2030
3262
-9926
-3415
1244
7732
2759
9345
6475
-4820
-9740
3135
-1767
7560
5359
-1555
-6154
3971
3964
7234
-6518
6226
5557
-2006
-8862
-8181
-4950
8187
-804
-65
-569
8939
4339
1341
-6770
6161
-2628
-9050
-7976
7274
-3657
-6058
3183
-5773
4040
-639
-8019
-7965
57
8713
-5082
3255
7164
-8766
7702
-1951
-6740
-382
9268
9900
590
1591
-193
-8968
-1884
-8882
1768
9812
-4750
-823
-4609
126
-1675
-3954
-2668
1226
-662
404
2325
-5623
-8975
254
-381
7586
5917
2265
5868
4781
2030
-4170
-2224
-3005
2379
7808
6125
-1788
-4859
-3018
7049
6922
-4957
5134
-8967
5924
4623
5875
4932
-8382
5420
-8260
1837
7988
-1302
-2842
-7859
-1998
-1543
-8459
4214
-1931
3549
4321
-6112
-1019
-9550
-5506
-1241
4063
-6670
-5404
9252
-5234
-1833
-6294
-8204
-9661
6962
-435
9141
9750
7765
-4629
-4164
-8713
164
-5489
-8664
6110
1135
-9992
-6253
6223
-6012
615
1392
-2614
-1331
2493
-8848
6287
-9915
-26
468
-2568
1324
6139
1407
6345
-7889
-1181
9745
3441
8528
-2545
-8044
6879
7412
-170
-8811
-7634
3389
3875
4315
8661
-6629
3779
-1371
-1303
-7287
-276
-6250
4932
6073
7321
-6997
9032
-5787
9050
-3132
-9669
-3248
1089
-1608
-9343
3543
1128
9972
8565
1937
9249
4907
3035
-8398
2131
9156
-717
4892
-4859
5169
-9147
6077
4857
2011
3310
-9595
1279
-9642
7617
-5773
-54
-8512
-2881
7341
-6005
3190
8995
7772
1243
7841
-1267
-4857
-5412
-9202
-3616
-7152
-220
9842
8113
-923
-2135
823
-5712
-6183
1202
-791
9720
5232
-129
1390
599
1689
-3780
-589
7375
2021
2298
6028
-9630
9617
-7078
-8600
7656
1395
9829
-4376
6066
-8791
-120
-6428
3404
-4129
-88
2446
9263
-6724
-4175
5157
-873
4807
8471
-7947
308
9590
-7718
-8419
7891
-9551
-9260
5178
6123
3040
9398
-2381
6229
7965
-8768
2231
-7711
-3997
-8767
6378
5494
-4974
-350
3087
2675
7887
192
-5262
-1936
5925
3745
3996
3334
-359
-5466
-6271
-8320
6855
-9606
-4299
9611
-1339
4309
679
5689
-3705
8063
-6896
7249
7594
3232
2760
8948
2705
1629
-5312
-1307
9488
-7372
-1030
1750
-8929
-4699
6377
-4295
9623
7528
-7084
-114
-9472
3279
-9889
-4017
8095
-1380
4862
9215
-5672
-9612
-67
4538
-7492
-7002
1442
1799
5304
-1493
-1263
-7671
4816
4228
-5720
5989
-6167
6536
-731
-718
-3202
7054
-9540
-6194
2404
-9883
-7879
8777
3742
3789
-88
-3557
-2175
-6149
-2698
-4326
8619
-4970
-7473
-6724
7158
455
869
4873
-6195
-7669
9275
9608
1244
-7274
9545
3439
9021
9788
-8390
776
2354
-2869
-8659
-5314
-620
9883
7153
-6695
7021
-6369
2082
740
6202
-7706
886
1534
-5873
-3535
281
-1571
-695
-5903
-9102
1260
-277
6096
-7986
-8201
5654
3244
2098
2648
8801
9303
-1337
-5119
-8072
-6131
-6364
-1071
-8109
8704
-9170
-729
5157
-1341
8248
5470
-1577
4254
-6652
-1909
-9032
-9788
-6366
-2626
-3646
8616
3246
2596
-5964
-2464
3114
-3070
-3824
3956
-9394
672
-7787
-4194
4158
9968
-1740
-7617
-8899
-4819
-5520
-9789
-8866
-3395
-9610
-289
9157
7748
9753
372
-3809
-9258
3938
-2441
-3331
1825
8075
614
-744
1586
-6384
6463
52
9803
-7622
3677
-4366
5090
9435
-9292
-6106
393
-9597
7000
1256
-8057
-2789
9066
1493
8320
2670
-2275
729
316
-7117
-7464
2773
-291
-3298
-3715
8661
-2270
-6681
38
991
7154
-1343
5819
162
-3027
5202
7479
8012
-7506
-2325
-1134
3551
-2376
-3996
-4887
-6675
-6341
-838
-1032
-4913
-3533
619
7173
-7063
-101
-7098
-4054
-1104
5505
-8652
3900
1544
9940
-6419
9955
8948
9127
-196
9762
-436
3304
-6279
733
3427
-5828
4555
-4250
-8848
-4553
-7807
7987
-7378
-7338
-1594
-6193
3744
-410
-4455
-6982
-1560
5380
3596
-9162
8017
1477
5996
442
-6537
7714
-867
-3448
1519
-8880
-3472
939
5922
4149
4510
-571
4033
473
9695
5484
-9678
2794
-3678
3423
-7787
6967
-5862
6974
811
-6165
-3074
7730
7356
-2955
2616
-2584
-5872
2790
-1825
2953
776
3089
5185
4255
-4242
-4919
8131
8886
4648
-2390
-6932
8078
7078
6377
5522
-1682
-8800
7812
-1729
321
6151
-359
9080
-5923
6280
-2084
264
2091
-8875
7821
3663
-39
-7931
-2223
8686
5370
-4013
-8104
-4407
-8375
-7700
3581
-9218
-8113
-8614
-7204
7344
92
2474
3166
-9003
-7824
-3852
-3592
9621
4647
-6209
6100
2300
-506
695
-5922
563
-4074
6237
6001
6602
3636
-7717
2609
-5628
-2294
1590
-8133
-2343
-2398
-9404
5269
1348
-1416
-5616
-770
-7768
185
986
6600
3577
-5862
3947
-2616
9514
8599
3303
3549
-1180
7882
4570
5330
1754
-1393
-125
4501
7164
3639
4182
2791
7622
6066
-7000
-6135
-7473
-910
9852
8508
-2226
-7598
8555
2710
7475
-705
5870
-9630
3976
-3841
-5209
-9067
-6637
-9583
-5537
9434
8037
-1693
-9560
-275
-3185
-3253
689
6441
1054
-7963
-3126
2128
9439
-6445
7236
3586
-436
5260
7649
-9344
-5894
-7620
2013
-6360
6765
7122
-7396
4423
-1134
-5836
4067
3198
-4132
5392
1445
-3826
8070
7721
-3460
-8893
-1704
1933
-1860
-7241
7931
-3405
-7155
3340
5252
6874
-6914
-7531
7798
-3757
9696
6966
7551
2027
-3030
-6344
8482
-30
-3470
4541
-3324
600
6583
-3008
-9428
5557
2374
-9614
293
-9147
8828
2242
-146
-5618
7287
5092
-8138
2615
435
5979
-4221
-8896
4304
-7042
-7084
-4809
6605
-6566
-1328
377
9057
-4873
-4994
8156
-2797
-8628
-3578
7808
4133
-3647
5537
8617
7381
9107
-5443
4571
5434
8997
8533
843
-8090
-7930
-2735
7889
-3321
-8942
6982
8353
-8978
4880
5783
4200
-8602
2463
8095
-6811
-2534
-8258
3025
-825
-472
9948
4136
-8763
7533
9245
-7641
7883
5949
-810
9034
6085
4746
-1469
2210
-7528
-3732
5728
2459
9685
3038
-930
-5936
7839
-2541
-8167
-7683
-7275
-9973
-1028
8856
-7944
-8873
-9993
276
-8376
9986
-2353
-1848
8320
-6485
-3229
8445
6545
-998
-7005
1403
-1573
-9023
-6908
-9479
4339
1979
-7413
-9759
-6525
5479
5421
1188
-4821
8606
-1761
1808
-4950
6605
7032
-9970
-7289
-2969
-1906
-8835
9493
5369
1014
-3855
7425
-2627
4707
-7749
-7743
-8135
2436
6980
-2642
786
-5338
-6464
7964
-7817
-6683
-664
-7345
-5303
-797
-6456
4416
6244
6728
7016
2324
-1608
5715
1973
6620
1138
399
-5925
-2783
-1857
720
-9299
6903
-6506
7644
-4057
-5554
6208
271
5868
-8905
6325
439
-3272
-8794
-2541
5983
-2736
-7361
9962
-8382
-7065
2465
5177
-5143
-4856
-6605
-9324
-6923
-6859
7589
-9143
-2729
-6666
7044
7591
8333
-5120
5128
-4387
-8001
-4578
5482
9770
-7147
-6322
2900
640
4106
3367
-6043
-7741
8399
4070
3956
9407
1222
-3450
8168
-4196
8934
3056
5746
-9219
8997
-4749
6804
5738
-9837
-9394
-7830
-8179
8087
-950
3557
5076
7454
7872
3450
1162
2933
7517
-4129
-6526
5798
8831
-516
-6911
-6250
-8411
4426
-1048
5330
1252
879
3474
-4794
-4241
-6712
6181
-525
-3812
-7169
-6026
5927
-9225
-9075
-4021
-9966
7045
-3938
-5262
5988
-9322
8816
-5737
2263
4445
7672
9945
-6656
1589
775
-847
-1188
-2120
7854
-7503
-8942
9636
-2586
6112
-8105
5536
-3717
4611
-9488
2865
-5203
-8757
1039
-2228
7088
5608
-1954
613
-8518
-7400
-2420
-206
-9002
7713
2227
-761
7874
1812
-620
-1301
9858
-3692
-8878
-2657
-6708
1932
-7253
5272
-8942
-857
-2882
7493
-8283
9678
2676
6562
5689
-1566
2201
4530
2028
-6251
3952
555
-9418
-7662
-4680
7908
-885
-3594
4270
484
-1276
8762
-3558
89
-1830
5670
-7116
-867
-7149
-1710
-2527
-3918
7540
-792
-2783
53
-7284
863
-6220
-9865
4710
88
-2949
6493
-2611
-7175
-3989
-7990
-2284
-2149
1239
3114
-3921
-3200
5721
-6920
-1404
-8481
2927
-8024
-9430
791
-7551
-8281
-9724
-2052
-4440
5541
-9039
-8962
2183
2178
-8759
7074
-9923
-7487
5718
-4288
-9807
3207
-5687
1049
720
5512
668
3641
-3720
-6737
-8400
-9086
6686
1166
-3476
3954
-5867
1084
4519
5998
8040
5998
259
-9513
5123
8494
-1803
-8936
9158
6934
-5721
-117
-5237
5759
1060
3062
-1027
1365
-1404
5201
-4071
5102
-4562
6592
-1440
5567
3221
930
6937
-4989
9957
-9507
7685
-4356
6726
-3934
-982
5574
-1401
-2230
453
8393
-8449
1600
-7738
-327
-1358
-2259
-1023
3838
4784
6006
-3179
805
529
-5757
-4785
-4959
5511
-9833
-3229
2778
-6867
6958
2493
-3427
-1796
-7674
3325
-2928
6877
-2883
-4374
-7288
-6066
6083
-4414
1569
-2705
-5481
-4730
2207
-2847
-4693
4679
-316
799
9438
1955
-7746
8471
6704
3267
3116
-5052
2047
6058
5761
1274
8117
4984
-8071
-8520
7842
2583
-6311
-4139
6101
-7090
7007
-4395
2393
6928
-1812
-3485
-8905
2828
1900
4371
-3102
-2175
-973
9358
-6113
-8865
2343
8319
1830
-847
-8970
-4537
-7912
1636
3827
5792
4404
9425
9152
9087
9034
9168
-8159
1393
809
1270
-8981
-20
-7174
-4013
-3724
-3664
-2399
-9907
4916
4961
9758
323
-2025
826
-4484
-1027
6050
9289
9879
-8782
438
-8355
9501
-9145
9175
-3027
-2335
-436
3623
8592
-1202
-891
838
-6803
3036
-2179
2854
-7179
8947
-6091
6377
-2589
-286
-45
-4232
-6789
8644
8705
-9539
6636
6518
1616
2723
6516
1645
156
3927
4538
-5705
7547
7851
1174
-7535
3017
8800
599
9186
2185
-647
-6175
-1342
-831
-9101
-5626
4567
9737
1374
-5040
551
5016
-1738
2100
-9925
-5427
831
-1040
-4539
-193
-9821
-8401
7415
-4746
8795
-3407
1905
-7810
534
-6823
4299
2443
-719
8787
8708
4721
-688
-1728
-3978
-9498
8194
6680
-8647
8814
-25
5027
5698
0
80
-3488
-1080
1210
-3970
3547
-7369
8164
1300
-5002
-649
-2758
-6467
1202
995
5278
-6996
4452
-3601
-699
-5995
3898
8404
8084
5874
-4722
-8957
-2756
9502
-9565
8055
4400
-4579
1347
4000
-8453
-9237
-2952
2077
-8687
1600
6621
-5884
9176
-6204
9855
-2655
-5165
1412
1316
-1113
-5937
-3348
6145
8511
2016
5938
-5920
963
-4244
729
683
-1649
-7326
-408
-1477
7255
-1100
-5069
-4490
2687
9409
-9175
120
-2033
-2816
3480
-6033
-8809
7005
-6334
677
5122
2347
5106
-6712
-777
8762
6003
-3142
1241
9657
-877
474
-9674
2924
-3332
-6619
1995
7249
9848
1866
-6745
7548
9111
5622
-5400
8297
757
8294
9279
6446
-845
-6826
-8898
2676
-3469
9796
-2862
-5478
7754
7389
7234
3722
349
-1499
-1978
3333
7642
-5414
-1428
-3231
-8888
-2261
-5499
-7054
2448
-916
-1058
4347
4835
-9389
-3832
-5047
-9446
5852
-8726
3659
6603
-8802
8486
7164
4908
-9056
-1626
-5378
7208
-8773
529
1464
1235
-8506
3724
4367
6165
-4613
162
8517
8092
-7443
-5207
1182
6379
-8330
-7499
4533
-2659
4916
669
6165
2845
-9692
-6344
7886
2490
-6535
-3757
-4826
-8268
8767
-5985
3382
4688
5029
7170
-1842
8005
-4639
-3686
5957
-6152
511
-5153
9216
1595
7298
-1380
3285
8054
5008
-7652
7449
-8571
-8045
-2074
-7143
9215
5750
9366
9574
-4099
-9423
9309
-1029
3635
5315
-8112
697
-3968
-1818
2094
5888
402
-6152
-4654
-4094
2276
3396
-6402
-2264
-9752
4464
-7618
3509
5544
-3001
-8054
5169
1667
3411
-3769
8257
4068
1088
3676
-9938
-5422
1000
474
134
-7592
7360
4547
-4583
-4385
7987
7691
3715
-5137
-2786
-2335
-253
-4470
-3088
-1148
-9216
-7819
4986
8447
-4683
3096
-1019
8023
8455
-8005
4151
8575
-5285
2151
851
8103
-1396
-7297
6415
8492
-2468
9259
-2037
8377
-6860
1341
-1107
4444
-870
-8366
2991
-3101
-2362
4538
-2727
4020
4933
-7548
4248
-1696
7318
6682
1537
-2180
-8753
7776
2019
-564
-5888
7248
3294
-3645
1518
-2747
-3670
-2172
3158
7991
-9017
6957
-1697
7895
-6713
3065
-9405
-3980
6719
-7421
3778
5876
-4616
-6803
9177
-1818
-8363
2007
8316
8869
2165
6099
2611
-4431
9694
6990
-7260
5102
-4409
9815
3080
-1201
1396
7021
6897
2672
-3531
-7323
-1196
6671
6977
-5427
366
1317
-4436
469
3031
1450
-4109
2141
504
-6397
-8793
-6960
-8036
8051
4729
-5163
1264
3388
-377
7879
2802
7203
-8889
4322
-2305
-4671
-7127
1791
-6086
1802
3215
-6304
595
3137
-8993
-4900
-3125
-1891
9810
8731
-8279
-2054
1177
4090
1107
7361
8984
-7812
-1175
2583
6020
1215
3551
4611
6220
5159
9199
3010
-3428
4461
2179
-7334
-7477
395
-6524
-6368
-7258
-9600
6313
7585
6369
3242
1463
7945
-9296
2031
-5090
-5360
-878
-5976
-6110
142
8712
4501
-2250
-8795
2434
-4278
9246
-4364
5210
3241
1811
-9191
-6880
4411
-4360
5910
6302
8233
-4121
4570
-6527
-8817
-8801
-5037
-1601
-1123
9574
-204
750
-7095
4251
1157
-2835
-1543
-5816
1011
-198
-7931
-9991
2805
6232
-655
9452
-9482
6386
7051
-3930
3802
4547
3596
-2072
-2109
3390
7263
5640
-2774
4455
-672
4418
8140
7525
-3400
-2832
-2812
-9968
1181
-4781
-5958
4858
1169
8505
-757
-8424
-7881
-1785
-4012
6204
-567
-2488
-8458
-4407
6518
4808
7707
1034
5938
-8268
5453
-6617
-3451
5054
-2357
-2094
-5624
7125
-8896
-9057
-4646
-1503
-937
-1555
8083
-2899
-5175
4645
1868
-9453
-7494
-7694
6435
-4249
-6820
-361
2389
-699
3572
2622
-6727
-7773
2440
7047
-7549
-3676
-1080
-7329
-9829
5932
-2049
-4859
-9726
-615
-5613
-6944
3271
9904
3356
-7259
-8052
5019
1440
2626
-8968
6880
4863
-5722
7628
7491
9062
1997
-4461
-7615
7883
-8533
5520
9904
9478
-8384
-9768
-6884
-7060
-5493
6045
-6747
6393
7605
5666
7284
5644
6519
-4455
5069
7846
4818
3463
3192
6749
9656
2501
7044
6537
308
3953
-3265
-6991
300
-3321
-6429
8096
-6224
-2868
8861
-2934
1438
4633
4986
-3280
-6894
6773
-8288
-6891
5814
6507
801
-1050
2015
2235
8414
5383
-3581
7598
5898
-830
-8098
-8520
5169
5733
-1683
-8386
-2798
9197
-7070
8396
-2306
-1252
-9321
-8875
4361
-3056
1807
5048
7252
-4263
-3556
1711
-5455
4239
1273
-6955
2046
-7122
7982
1290
6785
2953
4879
3543
812
-86
260
-5070
8407
-810
-8508
6380
6816
6825
5445
5578
9905
4110
2745
-2035
8500
7920
-4062
-8776
-9569
-960
2180
-4925
2670
9183
-9771
1953
-2761
7180
1322
-2656
-5833
2116
9153
5165
-3212
6534
-8472
6023
-9487
-6765
-6405
6238
-9906
4627
7761
2612
-9803
4519
6756
7020
1504
4451
-2823
-8713
7431
-9631
-3523
6476
-5978
8482
7922
6159
-1527
-2444
7855
2049
9702
-5021
2736
-1180
18
-4508
-6486
7584
-2999
-4084
-5694
-2980
-4849
-2579
-6792
2271
525
9446
9238
-5135
-7803
2517
-5974
-4431
-1768
5812
-863
7272
-2862
-7002
-3582
3375
-5435
-1228
-5518
4632
6399
-4759
-4936
8526
-4749
6648
-5225
6612
-3583
-3778
2937
6722
-3427
-373
-9283
1314
5193
7178
-6249
6850
-5352
-3759
9086
-1180
-1936
1337
-1611
-8303
6826
-9140
984
7462
-6819
-3656
-2504
-6056
-8450
-7144
-8566
3206
8582
2091
-4941
-1655
9047
575
2417
-6762
2214
9359
7301
-8754
-9948
5352
9897
-1446
-4096
-512
-6771
2773
-4327
6295
-4086
-8733
8439
7574
3549
7213
-4778
9441
-9538
-3793
9782
250
-5676
1776
-9320
-4199
7071
4768
-1151
-3520
922
-6296
1699
-5230
1918
6774
9468
7332
-8178
8333
5101
3330
-1706
8703
-5415
1936
2518
-2141
-7860
-8893
-6429
728
7643
4852
-4483
-8956
5531
-2816
300
9967
5569
7641
4736
7135
8543
-6678
-8229
-1232
9319
-2285
7174
5730
-3044
-800
6030
7960
7079
-1221
-1026
863
-6577
4698
5352
-9503
-7212
2476
8117
4212
-4688
9202
6921
9877
6337
3647
-3904
23
7682
-6796
2389
8242
1999
3828
-7243
6289
-2333
-2875
7071
-4872
4215
5162
-7755
5074
1056
6699
8985
5081
-7910
6803
6932
-517
-6391
8928
6148
-6079
-5805
-8113
-9639
-9930
7762
9422
-2875
4185
4053
-5922
7646
-1768
6629
-8833
-8087
6115
-112
-4325
-8082
-4253
37
-5053
4843
-199
5161
-4276
-9897
-2832
8804
-4660
-7367
850
8490
-7034
-5514
7859
-9119
4629
146
3299
-9809
-5625
7333
-1322
-463
-9773
7751
-8451
-690
-9327
-5922
-2955
-153
3737
2483
2707
-214
9584
2439
8970
-9638
-5075
-5351
-1082
7884
-1691
-6833
-4725
-6080
-9554
3270
-9875
-155
7466
297
-3736
-5814
-6246
275
4341
-1474
-1323
6144
7870
799
-7346
-12
-1860
-9646
-8996
-1180
6230
9045
-8747
2564
948
4130
7896
-3907
9197
844
-202
9691
6327
4277
-7191
-5236
9793
6632
-4451
9654
-6608
7669
3488
-3765
8995
-5469
-2262
1956
-4297
-9346
7623
-7831
-1970
-5946
-5552
-160
-5273
-5088
-7202
-3401
1883
810
2746
-42
-3479
8031
9759
-2694
55
-2619
114
7934
-8742
819
8372
-3180
-4272
-8014
8987
-4070
4745
-6803
-5496
558
-1286
1202
-6141
8711
-7379
2551
-8572
-8558
7097
9270
-6726
2490
-2930
-855
3705
-5407
-762
-8574
2537
-6783
-4062
-6566
-8463
-9321
2096
-2377
-5804
4447
-9631
8937
-7266
-5276
3995
2631
-4487
1937
-8660
-7455
-2482
-8401
-9685
279
8413
-621
-9548
-1446
-5607
4531
4638
977
5216
2218
4170
6100
-123
-8119
9787
-4196
7067
159
-510
-3491
-5018
5049
6233
1343
-9438
6853
4732
8883
-5997
2693
719
159
7469
-1468
9272
-4006
2088
-2037
7292
-528
5753
-3284
8509
-2283
-3757
5373
-7550
557
4068
-3120
837
-6079
3097
4448
1022
4738
-2526
4937
-1728
9149
-9160
3574
5374
1990
-2589
8171
1906
9306
5894
7161
-3328
2448
1427
-6318
7102
8698
685
9947
-6546
1074
527
-2832
-2494
6941
1219
-8208
-2954
-5816
-2881
-9844
7782
-8202
5345
3864
2519
9090
9295
5230
9871
7411
-9546
4928
-1830
-7220
5516
9240
-8310
-8924
1231
1491
-5186
2373
-5636
-8742
-8372
-2604
-2774
7141
-7898
-4504
7639
8434
-7332
1496
7699
1258
-1212
-2609
-2485
9682
6025
8708
1590
-4694
-5575
8262
7770
21
-9032
7108
-4370
-2017
-269
9339
7886
6987
-3901
-5376
-7939
-1314
-3939
1845
3675
-7601
821
-872
-1567
3233
7607
-5082
-6562
7030
-4582
6152
8543
6542
3069
-3443
5737
-9459
-8444
1156
5387
-4194
5171
-2883
3069
3390
8936
-9574
-5579
-4092
-5386
9506
4149
3577
6442
-3048
7128
3986
-2252
423
-180
9807
3645
2733
853
-8010
6552
7601
2477
3802
-9401
-3395
-234
-5688
7012
-7880
7137
1004
180
5906
2718
4311
-9015
7735
1866
-900
4926
-5302
7141
-1685
5828
-1747
-968
-8270
9272
-5883
-638
-9522
8681
-6998
857
2893
-6550
7604
-4321
1925
466
2601
-5316
-7596
32
-7095
3602
-4041
173
-3606
-8403
1809
-2298
4754
1938
-2542
-9843
7626
5898
-1701
-6227
-9212
-2029
-4571
-9430
2138
1773
-1396
-1896
3856
-4293
-7621
-8256
-4119
-896
-2055
4709
3650
7986
178
-8659
2467
9218
-792
-9954
400
-9877
-9890
7152
-7822
-4318
3663
3600
1568
3060
7615
4249
780
-5991
-8951
-893
-8928
7127
-3081
7736
-5203
-1528
-7687
9858
8229
-9212
-1139
2766
-8104
4651
-7814
-9255
-514
-6492
-6737
9076
7736
-7790
5156
-2472
8503
3265
-8025
3017
-436
-6444
-7844
-393
8979
-8975
-4185
-4107
9692
8814
9063
5524
4506
-9504
7176
2873
4685
9198
329
3118
-32
5273
-6905
2800
7135
-9763
-9210
-5731
8068
-657
7421
-7
-2408
2959
-5489
-5829
6543
9975
-3223
589
-1612
-8796
820
-7309
-9018
3264
8806
-2771
-5900
927
8455
6974
-5747
-9190
7540
8630
2680
-5681
-7925
-4528
5773
-1856
1554
-5158
-134
2424
-5088
-1245
7101
511
7358
9744
-7056
-9647
6932
9869
6515
-9281
-1098
-3936
-9049
-9944
-3228
7477
-9432
1703
-6118
9432
6281
-4523
1999
-6694
-2900
-8221
-916
-1874
-2793
-627
-9447
6580
2432
8741
-2576
3894
-1601
2268
3532
1426
111
-6575
-2628
4602
-3449
-8391
-4812
4485
-6872
2394
7868
-9814
8056
3572
-4273
-7417
212
-9781
3547
208
-2983
-1003
-2335
6083
-3092
7358
-9303
-3841
4330
-7550
-3030
2531
-8733
-5752
-5722
-5778
-3947
-4583
7074
6267
-2765
-7104
350
5533
4088
-7090
8797
3958
6676
-7618
8324
6890
-3138
-1140
-6422
-4899
-1390
4812
-7739
2512
2016
-8593
7336
9403
-4050
5813
-6424
-7285
6242
-9371
6297
8197
-7399
-4753
-1964
-4987
5371
484
-6111
-3769
-191
-9187
9145
-5661
-3751
-1088
-5078
-4136
9108
6435
-2457
6965
-5090
-1767
1723
6274
109
597
85
-9546
9520
3611
1472
6425
-6744
5305
7873
995
-5344
6684
-9701
-5085
-3040
-7725
2762
4749
6645
9335
-4984
1663
-4332
-1362
-3477
-189
901
1245
7331
-5973
-9772
-692
-7046
2077
6484
7774
126
-8910
-6872
4214
-6358
-2972
-1215
-4496
2126
-8167
4445
-9645
2760
8988
2266
-9504
1036
-5377
-766
7447
-7693
-9775
-1180
1011
-37
713
-6315
-4753
-6822
-3681
2700
2951
252
-5905
6959
-8883
7254
-268
-9256
-5348
7563
2229
-7350
3014
-8763
3605
-1808
649
9664
-570
9759
9958
1899
6576
3666
5402
-5855
-5009
-1169
-9810
7315
171
8359
-3247
-3523
2046
2992
2403
-849
-8064
-3218
-97
8850
-2701
-5982
5834
-2064
-462
1443
-7217
5242
976
-6974
-3026
7908
4010
858
4324
-3838
-4267
-4162
7390
7010
-8648
-9323
-8438
7926
-5395
-2901
-4532
5048
-8885
-6815
8875
-7726
-3916
5825
-9388
919
7212
-8299
5834
-9109
214
-4715
-6683
8111
-2021
7701
2803
-7339
-850
-2738
1488
-4915
2948
7473
-7119
-7526
4772
9099
-968
8281
-6137
3957
5204
-7378
-9017
-4286
-7957
-3186
-9267
-7797
8570
7124
-7778
9037
7118
2897
-2138
-3629
1016
636
-9138
3724
7860
3349
6522
2843
-1828
5845
-8704
-4594
-8522
-9075
8088
5616
98
-8331
2303
6907
176
8043
5278
2331
6182
6037
-4075
5966
8656
-5872
7782
9427
-2254
2056
-8023
-4998
-5940
-2977
-7539
4108
-93
8403
-7081
214
-7631
-875
-3880
-218
-9136
-5548
-9861
-6620
-3911
-6738
9780
7896
783
-2031
719
-1828
1604
8027
-4723
7500
-3091
-853
-7555
1208
6680
3964
3005
8458
9676
-143
7053
-8578
8772
568
-4741
8786
-8608
6969
1517
-7494
-8707
1860
9443
5270
-580
-389
5816
-7276
-9922
9877
8918
-8839
4189
4214
-213
-7460
-6882
1571
-3883
8266
-8778
-8470
-2551
1161
-2103
-1682
-3118
1237
1498
-609
4295
9982
-8028
7458
-988
-5789
8491
2321
3384
9226
2433
-4941
-8134
1462
8247
-6458
119
-4617
2846
8867
-8551
-5188
2021
-886
4552
2682
4617
6421
-475
-6662
-6004
2467
4599
-8547
-6667
-9234
1744
-1421
-8055
-1140
-2163
-7994
2981
-3765
1425
-4122
2987
5707
-5667
4436
-4515
3339
-8975
6790
1718
905
-493
8314
-3118
-5245
-9559
-2031
-4495
-2263
-2781
-634
-1129
9151
7462
-2396
-8712
5013
-9672
7333
-3474
-8934
7084
8387
6702
-8278
-9563
9286
412
-1442
-6545
9466
-9233
-9434
3680
2461
-8715
-8470
5739
-3134
5594
6838
7249
-1885
6526
9862
-3369
6091
3357
1954
-585
-7191
6219
4080
6222
926
-808
-2388
8547
4142
-4532
-5036
-8935
4152
4860
4309
9475
1040
4245
2642
623
-1825
5661
-3931
4478
8999
3689
-6323
3073
6007
5369
2170
1343
5802
-6939
3654
-793
-3799
9110
8155
2737
-6809
-40
-7101
3322
-686
-165
2873
9994
-673
4313
-5507
4870
-9310
5082
6616
-8246
-8734
7424
-9880
6640
8089
5117
620
6523
-1111
-6796
-9288
-3239
-8198
1535
-6926
9300
9249
7104
6079
9382
-8362
-6640
-9000
-146
6718
-3988
2861
4924
8030
-5786
8726
-8945
1873
-2574
4415
7921
1208
-6224
4081
8609
-2683
-6067
-534
415
2605
-842
-5148
479
55
6850
6119
7915
5245
4985
9862
9340
-574
-7711
-980
-2963
5732
-2888
3733
1217
4501
5461
-1656
-2444
-820
-3052
-944
-6940
1070
9228
431
-1038
7989
6713
3218
7911
9957
-2365
-7164
6031
1951
6432
-7711
1766
1494
5747
5103
-9556
-529
7799
-2526
8694
-2623
-2405
3652
993
9815
8837
5964
-7811
-3983
6815
9829
4079
4091
-1917
6305
-181
-3311
5467
-2999
-7402
9947
1823
9025
-9155
4723
805
7569
8731
-7230
286
9933
-8654
-147
-2970
-5323
63
1377
6490
-6271
-1717
7489
-947
474
-378
4845
-8134
1037
1776
-2929
-7731
1394
5051
-6946
-1969
-8181
3448
-6131
-7975
-2696
-8375
4618
3675
-6513
-1269
5798
4065
7277
4832
5277
-3055
-8771
-4789
-2247
3212
-8522
-2078
-5694
4157
-9243
-5034
-3598
-3351
5697
-3300
3608
-679
-2699
2749
8767
2508
9305
4358
569
-3843
9091
-5258
-9853
-8324
3480
-780
4212
-3751
7832
9901
4113
3051
-3184
2131
2032
1496
-2100
991
-9725
-3801
7725
7679
-6377
8174
-5487
-2007
-602
7968
-7373
-2738
2965
444
-9655
-7543
-8852
-2934
-4797
-1836
-4453
-9583
6144
-9431
9066
51
9807
-8336
-5893
-8727
1883
-7678
5756
4140
2153
9912
-8832
142
-7419
-5924
-3757
-2461
1277
-2273
-7687
9729
552
1303
-5171
7477
1379
-3531
4502
9867
-2302
-3109
-4319
-4507
9304
-7525
2230
8771
-1901
4549
-1365
7863
204
7898
2171
-6485
2255
3217
-9547
-3966
4925
8327
-7486
-2065
9948
9229
-8495
7908
3665
-4362
-5203
3675
-3867
-4300
-1345
-5814
2299
1313
34
-2745
-6684
1502
4506
-4850
-5138
-7766
-5519
-1487
9235
-8897
7506
-4917
6070
352
-4587
-5066
-9188
-1474
-6628
-7804
-1305
-2269
-9910
196
3563
-9697
2554
7911
-2928
4733
-9747
1951
6745
4985
9676
-4120
-1854
-4872
2551
-426
9494
-3445
7634
2827
985
-3961
7868
8447
9694
3159
9936
-7264
-2090
-131
-9198
-268
5083
7707
5104
-9440
-5835
557
7641
3641
5904
-3209
-3731
-6362
-4436
-3906
-9544
456
-6730
-4169
6039
-9470
-4541
7111
-73
-8847
-3573
1353
6118
-7384
7030
-94
-9646
-5474
-7469
831
8489
-7817
1135
-7812
-8248
-5089
-8736
7295
1360
7483
8922
109
1381
-5973
-9617
0
751
-9908
-9021
8876
-1691
2214
-9774
909
-5649
-4917
-7271
-3991
7756
-8476
1070
3649
-1351
-8401
-8428
9999
-8218
-1602
-9343
-9532
-2568
-4457
-7860
379
374
1127
179
4265
-5797
-2978
-9261
7842
7640
-8248
1881
4976
6172
-7250
2214
-3081
6472
4363
528
-1070
-1979
1556
4784
-2422
-8512
-9297
1309
-5374
9096
3558
-4978
-4235
9080
9157
-4862
-7852
8011
1488
-6725
-1722
-4343
8647
-8099
-7457
1417
6072
-2085
-5953
-9674
-1958
-3095
6746
-3793
-4115
9937
-4124
545
-6748
9898
3972
3089
-2152
5107
5656
-2335
8037
7497
3371
2500
7182
-9440
-716
-9503
-1713
132
-8882
-3345
1590
304
3042
9435
-4019
-2995
5266
9856
9258
7853
-2064
3724
9114
-1821
1945
-9979
2159
6513
-3210
-9577
3644
2757
6260
-3679
779
6692
3579
-3243
5579
49
-8509
9167
-2230
5306
-1553
-9005
9986
5669
-7653
5539
-3054
39
-8442
7232
5897
9583
-5924
-2934
-9644
478
-3960
2339
7293
6
-3417
-3101
1165
5066
-9462
-1179
9692
-3545
-3013
2748
9369
-72
-5004
-8728
-8682
2436
7830
9916
2229
-6837
-6939
-2416
-3252
2209
-9431
8156
154
8140
1243
-8856
7441
7054
-2161
8419
2166
3552
4375
-5625
-5456
-4281
-7831
4624
-141
-1187
9465
6592
-3237
-3850
-6832
6858
-462
8798
8096
2470
-2143
3950
1631
-8769
2938
-7950
-3235
-7132
9511
9297
7866
6052
-5403
-2280
-7922
8489
-9238
1738
-9343
1031
-1486
8587
7163
-186
-6127
285
1770
-4516
-3143
-2167
4714
-2055
6998
5159
7402
-2822
2080
9096
1115
8680
723
-8148
6400
-5322
-5412
-8032
-4252
-2185
-3162
1053
-978
-5686
-6756
189
-6460
3838
7006
-2963
-9320
-5994
-5736
5249
-8059
-8161
-3266
2554
1031
-714
-2668
-5110
7411
8164
-4135
6844
-315
2716
707
4795
-3043
-7578
5569
487
5170
1775
4304
-3228
-8008
5169
-7875
7752
189
5311
-4231
-6966
7620
1743
-5437
3673
2214
-2536
-9708
8886
7985
-1340
-5781
7380
2370
-1552
9940
9423
4638
8066
8795
5497
-9649
-7540
626
-2607
-4287
-3810
5846
8369
-5683
1603
8622
504
6801
-6639
-7030
-3652
-9976
7935
3862
3026
3971
9882
-6622
4602
3137
-5678
4042
-3039
-4957
6609
-4706
2771
-6775
-2776
-9237
3444
8140
1449
-2709
-8029
1048
-6379
-3803
-3112
6730
9911
1943
8867
-3565
8510
6458
-1743
-7596
-2259
5719
-242
9980
6477
-6116
8845
-2927
3845
-37
-7172
-3888
-8185
-1032
2300
-1235
2347
4473
-1148
-3904
234
9447
-2731
1478
170
5116
-3926
-8917
-248
3573
7886
-1334
-4541
1064
-1370
1836
1851
-342
778
6522
9546
7125
-5833
9816
8460
8587
-5926
-4266
-1041
-1951
8346
-3116
-9393
-8824
-7841
578
-8804
3212
1669
6859
-4314
-8087
-3730
3888
4071
-4245
5337
8429
9403
-2353
3834
4038
5785
-5889
-5779
-1027
-5990
-6666
-2071
-5531
-9381
1086
-1710
6151
-2813
-314
-9678
4892
-5148
-9228
7854
-4457
-8554
-484
370
1552
-4834
3552
-3188
3492
-9446
3884
-6158
433
3496
5063
5100
6898
-4941
5244
5291
6087
-7728
-9190
5779
8421
5914
2995
-8290
8049
-7996
-5643
2145
5595
7897
-5210
-6335
-2576
5386
862
-2260
3805
2671
-9225
-5709
7239
6567
-6011
-7011
-6597
5636
-4215
-6835
-6132
2281
-6464
-1609
3648
-6379
-1055
5641
2868
-6173
5003
9954
-4984
-354
-5828
7342
5300
9398
6405
-8250
5893
1139
9332
-719
1903
8787
4491
-6180
1724
-3544
2823
-336
20
4572
3216
9188
4643
2906
2466
-3180
-5675
1419
654
2818
8356
3581
7657
2692
8516
8568
-4728
4832
5027
694
-4058
-8026
-1829
-174
4282
420
7892
9784
-6086
7818
3326
-1323
-1190
-7172
-9846
1591
-978
4163
-3928
-444
-3746
-7166
-7469
3366
5640
7546
-623
1305
-8039
-7074
7093
1291
650
3127
-5751
-39
1397
-6573
-4820
-5279
4455
-787
-8341
3590
-5630
2494
4673
-3565
2504
2290
-5644
-140
1748
-2316
696
7293
6974
-1496
6539
3474
-9571
-7387
-8466
-6281
4835
4057
9147
5918
-7099
-4267
1168
1307
3558
-1447
2233
397
1266
-6356
7461
-8073
-7179
-2371
916
-4600
3504
-4112
-2960
-424
-9606
-5919
4963
3973
-4233
-3905
-5767
4265
-4234
8002
-1031
-6763
3895
-1470
-3654
1420
3259
6977
-6245
1613
-8508
9386
-3568
1453
9270
-9359
-9235
-6231
-5608
-8327
1301
7983
5884
3291
-203
-7024
-7084
4936
-7070
-6107
8224
-4935
-9124
-111
3873
1865
-6272
9932
-2420
-4868
3569
1128
3173
7928
-7179
-8158
2815
381
5363
-9529
8914
-8742
8542
-68
-1744
-6078
-2836
-523
-4422
2919
7627
-8920
-9466
3602
-6356
1971
2488
-577
-5450
-7621
-2720
7187
-8434
9387
1628
3880
-9096
2518
5948
7675
4277
-2201
-5247
6625
3107
9320
-6651
7062
-3550
9458
-4095
-2574
5681
4350
3174
5910
-1935
2104
4579
9538
4224
-113
-373
8743
4454
-3437
10
-8830
-7592
-4634
-9686
9795
-7232
282
-4716
523
-1004
-6950
3746
6371
-2960
3965
-4948
-8857
4969
3405
3943
-4851
-8733
-8751
31
3155
-1706
-5781
-4833
1997
-2885
-2841
3601
-2364
7211
5184
-8998
414
8897
-2207
8494
-6339
8220
9922
4344
-2557
3862
9359
9841
3965
-8759
1001
2356
9642
1641
4411
-5758
5276
-3022
-5993
7142
-7505
-1205
-5925
-7678
7400
4516
7684
8853
6157
1131
1805
-209
4785
8931
-5168
9923
-3352
5788
-1742
-4760
-6611
4642
-9290
4746
-4569
8253
4726
9736
5948
9493
152
1506
-6008
9481
1464
-336
3048
-7889
4295
-4887
6398
-5209
-7190
4748
4775
3915
-27
-3105
-7442
-5159
6295
2804
3104
-3386
3290
9180
-3171
8466
7366
-1958
-1591
5343
-7575
-6547
-2550
-3539
3449
6149
4825
2272
179
2280
7248
-6764
5996
4861
5603
-1034
2848
3427
2528
8032
-2924
4065
-9346
8022
4938
-3364
2052
3745
-5535
-6053
8777
-648
4237
-167
245
-4703
495
1390
4542
-3952
5588
-2383
5177
-1178
1726
1140
5279
9598
7074
939
-2
8626
7802
-9938
6709
-8185
8319
5260
1323
-7844
4957
-707
-1303
5910
4837
-161
3364
2784
-5265
-3173
-8345
3419
6397
-8523
4941
6864
-7483
-6752
-5827
2315
7337
-2784
7011
3842
-133
7739
-8129
3555
2445
5281
7679
-8367
7593
3738
-9144
3865
6352
6369
6721
4810
1753
-3353
-7848
1578
1311
5125
2885
9545
1981
1118
7449
5862
1363
-4674
291
4225
-526
3350
-9128
-6045
-7460
2310
-9650
9366
3867
5969
5406
-6124
-2496
861
2647
-5031
752
2116
5095
2532
-4939
-362
1008
-7831
2723
-8252
8202
3326
-6708
4660
-6156
620
616
-9920
9706
637
-5422
4537
-5677
1172
3198
3209
1917
-2552
8751
-1983
-4795
-6591
7516
2338
-1913
-5643
-513
-2600
4005
9207
-6339
-7273
966
978
6534
-8193
-9630
-9863
-1156
1658
6766
-5770
7218
-3700
9018
7187
8026
8025
1966
228
-8067
3678
248
-3449
-5842
-4239
4102
5231
-7093
8942
5373
74
446
1596
4097
-8274
5853
6401
8400
-3128
9013
2822
8606
4003
-575
9283
-4371
1538
6403
-95
1322
466
-4610
9364
5542
5690
-2451
-6360
-943
-2758
3161
-638
2030
-243
1578
-978
-9838
7675
-3279
1900
8350
9063
-5756
2542
6316
5093
4075
2451
-9919
2143
3306
1251
7307
-4845
-6794
-4194
-8844
-3416
-4239
-6796
-4705
-7844
-7555
-5969
-8261
-1110
8071
2359
3138
-9732
6890
-5032
-3002
4198
7117
8616
-353
-6392
-6036
4714
4351
-603
2856
-7493
-3409
-5004
-6907
199
-6448
7359
-5959
5371
-114
181
1898
6057
-718
132
194
2931
-2839
-9633
5739
-2571
-951
-4269
-7799
-4184
9104
-1607
23
143
-4750
-224
-3222
-455
7385
7950
5191
-56
-8109
8706
-238
5053
7792
5465
7513
-3014
2887
-4228
-1149
18
-7483
-2803
4533
1147
-7297
9432
-8645
-6727
-7160
-4933
527
4930
-1891
-803
1634
8887
-9627
7920
7260
-9937
-3927
-3141
-7532
-7582
-7590
5228
-9965
-9094
-9606
5113
823
8827
-8145
-3119
-4906
3071
356
-4675
441
1751
3197
-2536
-8051
-3568
-2610
-8851
-8362
1263
-1588
-4132
5250
-9197
-4300
-3824
297
49
1909
-1920
-1004
-6283
6357
-101
-9858
5595
958
-1958
7403
9670
3842
6700
7882
-1846
8569
6340
5552
-2820
-9847
6552
-5710
-1146
8295
-4206
8010
4328
2630
3453
4314
2835
4725
-6068
6699
-1842
9516
6250
-3102
-5642
4168
-6300
-8140
-5053
-9745
6737
8993
-1258
2323
5750
8321
6559
299
-1463
7394
8573
-8055
8512
13
-2864
2130
1274
5972
-9419
-6354
-9952
3385
-1091
-4531
872
-6945
-9623
-4020
-6943
-5756
-2521
-8194
6306
8963
-8976
399
-6512
1661
-7661
-7421
1863
-3403
-8122
-8424
9272
5342
-9118
-3965
-3243
-8875
729
-2838
9690
-136
-3193
2501
-4788
-4165
-2266
8150
-5184
1856
-6441
8897
-6144
-1314
605
-5778
8675
-2294
6971
2783
6689
-2595
-9049
7804
5958
-2580
-4385
5618
1728
-1126
-9228
-2940
611
-7711
1446
4949
3571
6589
-3357
-8584
4494
761
4078
-5116
8745
3268
-7133
6185
-651
-4144
1020
-2039
-2915
-1761
5328
3903
-9363
-7204
1435
4655
-8751
1399
-5663
-8
-9678
-3799
2238
-207
-2083
7631
-7206
-1036
6669
7572
-4889
-2021
2583
8819
3444
1714
-5257
7866
4203
5724
-8756
-1702
-9947
433
-905
6924
393
4197
-8670
7469
4505
1134
7114
-434
1396
-2370
2821
568
-8081
3369
-1054
-5326
5588
5167
-577
-9167
-7265
6977
8682
6090
-386
1625
-640
8656
9798
-8591
-7495
-8240
-5727
-8184
-5251
-3268
4100
6734
-5982
-767
-1269
-2434
784
5725
8127
9412
9624
7161
-8684
4274
2776
3189
-8370
-2080
-3704
-9408
-8500
-7238
8338
5541
-4354
-9170
2918
8113
7919
-1260
6341
6289
-351
2357
253
7066
-2369
2955
8544
-3508
7119
-8571
-8581
-5229
2363
-282
9619
6054
-7114
-2673
9744
-1230
-2977
1664
-9700
2181
-5362
5174
9484
1688
8150
8347
2429
3185
-7562
11
-8301
9113
5899
-5204
-6971
-8742
2789
7510
-7635
1353
-3608
4959
7241
-5831
-3384
-8764
22
3992
8332
-693
8519
9647
-8330
1317
-1517
-2452
-3317
2632
8061
6920
-9851
3365
-8703
4900
6940
-2375
9408
-5298
-2591
-7074
-5581
-8990
4579
-1099
4845
8984
6594
8665
-2664
5317
672
-3016
9507
-9147
-2008
-4882
6590
-1854
-2318
7829
3230
-6743
-2506
-2579
-261
-4529
-3335
-4019
6442
-8137
-6144
-1652
359
-9044
1871
-4588
-8369
5234
-4817
-2367
8204
2228
3520
2026
4839
4353
7653
-9527
-4157
5837
-5355
4916
4154
6661
-3609
3694
-7595
-7099
9081
6186
8409
7960
4794
2617
4715
-1337
-2161
-4403
9148
-164
-5537
-5083
-6630
3797
2456
-3635
5348
1999
4123
-5211
7103
1521
-3798
7885
-50
-3563
8103
-9910
7449
-2084
249
3075
-9178
6947
2577
2315
-9528
-1940
8895
-8764
7551
-3884
-6021
-4346
5065
3326
-8241
663
2660
4360
-2901
-9912
-1366
-8999
7401
6454
-2828
-1469
-8919
504
-2738
6718
-2090
-2390
-8069
2130
-9200
7187
6490
9859
-9524
-1751
-9730
-125
6981
9728
3193
8281
4386
-7488
-8915
182
4652
905
-4074
669
-7639
-2103
3293
-9456
6665
4855
-1537
-9866
4468
4577
3044
-2550
8228
9045
-6374
5781
-2669
7044
8122
3035
-852
-7869
-2537
-9353
3443
-7279
-838
-9409
-5374
-9900
2259
8168
-1824
4842
995
-7886
-8875
-3121
5374
-6870
-160
-9583
-6370
7124
9674
-9884
-2206
-948
4785
7901
-5671
9090
2944
2301
6724
9540
-296
-4012
7358
1846
-3901
642
-3950
2639
-8917
-3114
-3153
7739
-7342
6607
-8130
-9602
-2855
6821
-6986
3224
1289
1707
-8643
-5648
4047
-4170
1886
-5241
4185
6811
2805
-5305
9979
5162
2515
9496
-4200
-4627
2834
5393
-6793
3593
-5686
-1326
7949
-1108
8111
-9224
-5191
2326
4652
-5475
-7403
-9119
-934
3730
-6030
-2320
1980
-116
-752
-3218
4159
-8241
-5441
3295
-5022
-9936
6738
6558
8377
-3057
-2168
-6188
7214
8694
-1481
-8242
6392
-5403
7688
4010
-596
9139
5427
-8820
-6408
3125
1091
-9716
-3747
3195
7042
7243
3970
-8632
-4000
5938
940
-6868
-6254
6379
5606
-2921
1056
-8985
-8276
4844
8092
9523
-7353
6597
-986
-1209
3957
7779
-1584
-1282
5979
1589
1975
-4795
8980
-4863
4577
8942
6491
5901
-6043
3947
-8391
-127
890
-4472
3817
-4063
-7767
4623
2360
-9943
-9459
-8313
-3792
-5406
2383
7552
2777
7595
-6303
8220
-6194
-3565
9799
-3164
-8944
6431
577
-3873
7235
4965
6974
3471
-6863
-1524
6229
9794
-8305
-5494
-7977
-3894
-9945
3790
-5313
-4828
7536
-1007
-6444
7679
-6360
-8282
3164
-3737
-9502
-3264
6881
-1985
-338
6142
8643
-7286
-9037
4550
-3593
-9982
5415
653
-3824
-8088
1926
1512
2858
-4894
3283
-4600
1390
1197
2733
-68
2219
5946
6597
-5126
-8479
7772
-1452
453
-741
4360
6928
5728
-6987
-4361
5104
-7353
-1262
-5178
3801
3269
7899
2034
4650
2079
9565
7351
9780
-983
-9842
-6625
-8068
5623
-910
5104
-3909
705
3302
2608
-6359
7273
6532
8743
-6443
6018
-6450
398
836
3937
-5118
665
-4115
4769
2142
-4869
-3146
-6812
-4980
-6287
2137
4246
-4161
-5090
7021
1561
-3203
-9174
7762
-8306
2766
-5171
-6890
-8419
-2716
-2094
8062
-723
9900
-154
-2892
1420
3354
6062
-538
-4605
-3885
-758
6105
-8030
5405
-608
-3986
-2376
434
4006
7225
5021
8459
-472
4996
4556
8385
3074
-2309
570
4283
-2773
-996
-6126
450
4657
-7783
5800
-9166
198
8152
-6713
6502
-1569
4437
2780
-5924
4234
-7571
3740
9269
-1866
-7033
9266
-5511
3395
5293
1921
9035
5384
8255
5081
-3076
-1111
2925
-534
15
-2147
7583
4430
1617
-7995
1848
-6384
9221
-1187
1158
5279
5686
-7829
-2853
2614
2755
4771
9429
-5002
-5568
8009
-6862
9150
3050
-3146
7875
-7307
9572
-8384
-9134
5151
-4133
4699
-7739
7019
-4992
-530
2503
1649
7227
-3598
2254
6517
-6149
2051
-4015
-6651
8874
-8150
-685
-7909
3937
-1659
9165
9055
8148
-6722
8022
968
4187
8127
-6383
186
-9774
-9230
3089
264
-2810
-9092
-5270
2012
9813
4656
-3682
9202
784
306
-2970
2723
2351
2150
-5177
8272
300
9938
5788
-6580
7056
-4862
8060
4977
-4726
3445
-3010
-8261
9631
2684
-9680
8445
-3389
-9519
-5466
7212
-9364
-3096
-4206
-909
-2923
-8707
-4795
6066
-8625
3213
-9182
6464
1544
-5591
9811
1954
-6878
-9364
-4933
4875
9829
-7494
-1142
1726
-2557
3641
-2725
2307
-4197
-8681
-8723
2479
-4372
5895
2147
-8622
-7974
-6446
-7045
-7162
8645
-9801
-4301
-6285
2587
4521
-4388
-9934
7357
500
3356
3313
7046
2061
9325
-5812
-8651
6275
9094
7320
-587
9037
-459
9215
2600
-3170
968
-4565
-4073
9210
2682
1755
-6428
-7501
-2679
7200
3361
3696
-2891
8411
1429
-5043
1222
6991
-2163
-4996
-9777
3231
-9592
-2719
-5145
8922
-9292
7930
-9197
-1510
-3310
4492
8492
-3398
4968
-1397
1197
-2663
-2480
-1474
-6923
3781
9222
5917
-5204
3949
2275
-7267
7800
-4172
-5229
2093
-8197
899
460
4885
-1982
-771
-412
5729
4214
-5518
-1719
484
3791
-2929
-4892
-5718
-4586
-966
6068
-6902
-6063
6480
-3840
-2127
1312
9490
9557
-8755
-3741
7262
-2521
8080
-2643
2055
-2512
5661
364
2562
8147
-7235
-893
-2213
8470
5774
-8242
9519
-8019
41
-4967
9228
4675
7423
-7545
-6258
-4850
7502
-3839
-5699
-6525
-5205
3822
3707
-7575
-6311
8174
4445
-3028
1214
1317
456
9769
-7719
8180
-2241
2503
7823
5278
-9354
5442
-8811
-3262
5721
-8317
1067
5711
-2836
5403
-496
9513
4973
1838
9646
2312
-2130
267
2981
6553
-8947
-2278
3719
-4492
1295
185
5396
-2119
-6908
9752
-7336
-5
6356
7690
6816
2539
6844
4488
-3361
-7638
9584
-8867
165
-1753
8501
-3497
5709
5530
7872
-2272
-2069
-5180
-9617
-2575
887
3612
-1622
-2916
1826
-8838
-789
430
34
6346
-4089
-3914
5576
-5533
6200
7114
-1132
-171
5802
6216
-2716
-1931
-1701
8271
8396
-9119
5514
-9058
8995
2452
-7456
-723
-4857
-5190
-3674
-9774
-2623
2031
-5194
-9194
9909
7889
8533
7172
-9125
-1905
654
1648
7550
4270
6376
-2399
7750
-4226
3456
5891
-4845
7093
8778
-8187
-8089
-1487
2103
9093
-2333
-110
8599
7588
715
-6999
5196
1433
3618
-9940
-4799
-5181
-5047
9752
-1258
8365
9142
-3838
1216
1188
-3025
7464
-7063
6380
9439
6742
7184
-9384
-6334
1160
-7702
8591
-4875
-6005
-6399
2864
-6960
-8236
6377
9994
4681
1598
-3721
4915
-9691
-9423
3161
-3628
7337
5710
-7770
2992
6526
9358
-1059
-9756
-5192
-5550
670
1618
-9807
3025
-4957
-7750
-9411
8206
-8211
-8892
9945
-1925
-3421
-2037
3954
2907
-7303
9482
-5082
4397
1995
5773
5565
-9997
-3965
9132
-1472
1022
-159
-1884
8739
6061
6787
6136
-4169
4953
5639
-2097
-7239
-5803
-1215
6256
1682
1711
-5724
-8635
-5634
-1888
-8573
-2532
7992
5470
-5677
-9674
3888
7515
1414
-4190
1142
9834
6769
2843
1593
-7324
-1851
-2196
6398
-9945
-264
-3561
-722
-2214
4911
-7393
-3136
-1622
-3858
217
-9162
-8428
-4723
-5053
9566
-9016
-7580
6388
1827
-9382
5884
-8334
-2629
4876
3535
-829
5460
9253
-5854
-4723
-8072
-2142
-8078
8078
3382
993
2469
168
2784
68
-7117
7761
8649
-4969
-5408
6074
-8391
-6174
-4517
-4750
6368
9867
2870
-3982
3991
-2022
1419
5198
8076
2935
8730
1995
9758
-1762
7224
-4953
-6715
-5197
-9116
-9754
2138
3476
-6912
5118
8562
-1132
5454
-812
-141
-6531
354
-8078
3269
2567
-4362
4684
-953
2551
2853
1563
-1671
4329
-787
579
-3209
9202
2070
64
8036
5537
5949
-3698
-5394
3446
-8087
535
767
5020
-7142
-7622
-8576
6191
-6441
9074
-5709
-8757
-652
-8969
-3445
5711
4692
3796
-7409
5898
-6357
6691
-6806
4409
8963
-5346
1961
7902
4573
5123
5122
-2661
-4849
9059
4247
73
4915
329
3131
-9079
3047
-9030
7610
3177
-5172
6440
-7936
6299
5695
616
-2399
6582
5597
-1849
-5021
8184
1894
-3376
1748
-7866
-8901
-1764
-2601
-6682
-5838
-8509
2462
1928
1436
-2395
4784
-6400
4143
-2685
-5509
5656
-1035
2239
1802
-2907
1852
7742
-9448
-3047
-1335
8317
9636
6098
-7444
9288
-5711
-580
9331
-6299
-911
-6525
5909
1352
-2292
-4174
-1342
8641
52
-2391
-836
6950
-4930
7845
-2536
6447
7997
5543
5045
-4704
4930
-7052
7105
-7861
-5475
-1639
-6800
-3867
-88
-1192
-1721
6048
5077
-1649
9698
4479
-7687
-9168
6299
1154
5707
-7904
8853
2090
-6596
-7010
393
-803
-982
-8390
1251
368
-8900
3973
-4425
2107
7791
-5115
5792
9523
3219
4100
-5742
-4778
5333
16
7294
5845
2188
3281
-5336
5820
-7405
4178
-741
-59
-3963
158
-2409
-2311
8926
3201
6396
-9032
-6958
8703
1176
-9742
2057
2297
7536
8588
-168
-165
-7406
-9796
-4618
7604
2484
7985
2174
-5317
3872
-3860
5371
3908
9409
-1435
-2968
6762
7200
-3761
-4362
-1975
9979
-6911
-6471
7517
-860
-1654
-5119
-2592
-5710
9567
1815
-3775
-7915
-2027
-4871
2247
-2779
-6544
1218
8719
4884
968
-7944
6104
-9636
-5802
-575
-3075
9871
3877
-2194
-3819
-6044
-83
687
-4094
-6227
6248
-2084
3703
4198
9922
-8319
1074
-5647
8027
5794
-425
-3139
4956
3297
-2613
-9884
3219
-3209
-7153
7256
-9999
-4393
3864
8539
-428
4994
8221
-9787
-9481
-1551
3949
-8672
8514
708
1144
730
4583
-8801
-6526
-7512
3764
8772
3722
-5693
6300
2749
-5944
1685
379
204
4623
-2316
-4844
-696
3731
869
-9855
-3797
817
-1242
-6806
848
101
-2038
-9907
5018
9452
-7523
-850
-2366
-6114
415
-8707
5621
-9299
8682
-5470
7921
3130
8755
7114
-5634
9308
-1299
4386
5862
-1900
7859
-5423
4187
9309
5924
-2351
-6299
8790
-8147
2844
6587
3145
3683
-8474
8263
-7997
4215
-3199
7577
1151
-5834
616
-9605
-9308
8829
4111
7375
-5270
4132
-7436
6266
7208
-3650
4253
7617
-9450
-8246
-3775
-2578
-4803
-1650
1630
-4700
-7755
-8930
3639
4963
5211
1833
507
-2630
-9884
4240
-165
-3639
4502
-5519
-3438
8662
1447
1990
-954
8205
-7386
4488
4161
7611
-3500
8048
-1716
-8019
-6246
-7711
-8918
6459
9920
1174
1304
-4123
-6533
4191
-3158
4449
-4894
-6699
404
4815
-1710
-4714
5753
-5236
-9924
-3645
-2336
7793
-7777
-3238
2039
8100
-1404
334
8404
4578
2710
-5092
-6364
-9938
-8177
-7392
-9045
-8811
700
8773
8601
-5724
-3097
3536
-7791
9434
3311
1198
6615
4206
4061
-2394
2790
-7069
1312
7053
4460
-843
-7385
3687
-3217
1858
4834
1740
9002
4974
3629
-3804
-6786
883
-2268
-6638
-4101
5542
334
7004
-9945
-6899
588
-521
1804
5229
-5483
-9112
9045
4161
4625
5468
-8782
-3143
4666
8363
858
-3770
-3565
2494
-4827
-9944
-8294
-6982
-5713
2920
2137
-8504
-9505
2086
1369
-2196
6357
9373
-3322
3760
-986
-4460
7996
-6426
-8616
-5781
1732
-7487
1351
3780
7063
-6761
-7768
-3821
2242
3666
-6303
5419
-4628
4303
3344
5837
-8696
-5733
6913
-7945
-5367
4752
-5207
8587
-7469
6438
9642
-1383
-1045
-9518
-9840
-163
-3553
-4346
5647
-8725
-9249
6442
5346
1483
6875
-4725
-6753
1663
5070
-2866
2875
-1744
-6920
5316
3536
-2630
2218
-7527
2766
911
-1416
3837
8792
-2749
-8420
-613
-5658
-5243
-8494
8045
2568
-4689
7422
-7765
-5563
-2647
-3968
1330
447
-169
-9175
5601
3989
3510
-5963
-3278
2995
-3271
-209
2533
5068
-1807
8901
-4716
-7615
9409
-8269
-5852
-4717
-7275
632
2338
-4693
341
3865
3505
660
-8357
6972
7379
5372
-5195
566
-1879
-4417
9632
-5650
3484
7923
378
7451
-2879
8719
5806
7014
-9484
7548
9297
-9899
4426
4394
-5629
-8505
-4534
-725
6458
-734
-2970
7213
-9630
-6894
926
4618
-9665
-7912
8045
-1820
7620
8922
7473
5698
-3571
2500
-6750
1416
1768
-3309
2572
-6660
-4289
-2956
1471
-1340
-2884
4068
-3480
5515
7742
-5160
-6918
-1337
-758
7446
2884
5235
-2685
-5106
-5726
-2221
-3319
-1228
6154
3019
-6040
4636
-429
1114
5209
7461
4453
6926
2554
9020
1913
-3329
-5768
1600
-4435
-2275
3074
-5821
5878
-1573
-7945
-8075
-6330
-4950
2552
-6522
-9264
3802
4208
9649
4578
3306
-6925
4945
-5299
7176
-8299
5825
48
-8429
-5938
3083
-5763
7657
1383
9445
9002
-3552
-8243
3572
-447
4287
278
6069
-3456
6788
-5761
1533
143
1166
-2657
2079
7296
82
5968
4044
7517
-4874
-9374
7996
1231
9475
7925
-5875
-3388
-3452
4213
-664
2984
-6706
1620
-2737
-5530
7044
2168
-6899
-3744
-3571
8397
-2425
9993
-4513
-7822
-1352
5702
1411
-7315
4518
9472
4821
-302
-8186
-4632
-318
8976
5662
-3287
7384
7525
4897
470
3767
1654
3625
7438
-4584
-7656
8258
-7510
-5592
-6834
-7262
-9890
9005
865
7857
8467
3538
-9307
-4269
9319
1498
4453
8525
-5662
797
1216
-5027
-1820
5368
6548
6962
-9935
-8718
8115
-3617
9166
1220
8988
-8699
3629
-5839
1685
5496
1514
-5533
6265
-9209
6298
-677
9029
6550
9408
9743
-1609
-6845
-9781
-3470
-8491
-9045
-1146
-1090
5658
-2107
-3928
-7650
4042
4031
3763
-8261
-9253
3871
-6437
-3005
-8360
-4974
1472
-8330
-3635
6346
-4211
3299
-425
8778
8131
-1342
-2783
-3559
-8574
4647
3651
-3866
8033
7496
-5505
8727
563
3443
8309
2389
8735
6955
-6587
7366
-6542
-3694
-3106
8915
8625
-7497
6127
5515
-2935
2378
8635
-5720
4401
8153
-9358
3162
2027
7634
-214
-4796
-2305
1164
-5092
2930
1224
-4906
2353
-1171
8137
-4596
-5539
8193
6983
8795
-8047
4202
-276
-2775
5655
5711
-5636
-6594
7430
3002
-8413
-4838
-3765
2445
7073
-6796
-4399
3295
-5584
-2593
-7917
3980
-4763
6585
-9250
-5975
-2200
3873
285
4379
-6360
968
5952
3682
1312
9311
-1919
-6650
3481
-9726
-9328
-2468
8272
-5627
8865
7506
-4123
4959
1869
-1164
-5027
6499
7924
-3978
-8499
-2162
6673
3137
-2615
-3905
5910
1938
-4542
-6627
-8768
-1225
6799
-1132
4814
670
-7754
-6398
4190
-8212
-5232
4651
-5849
2937
501
343
1562
2993
4925
-3327
2687
-4305
497
9966
2990
6381
-922
1074
5216
2787
5642
9058
-8021
6436
1836
-8435
-3526
-3155
8635
4054
5156
5752
1477
7769
2444
2076
4936
-2353
900
3400
9548
4687
-7540
1539
-8649
4171
2456
-3567
-5639
8154
-8412
-8993
-3524
6438
-7329
-8119
9011
-4429
-5347
8745
-3212
-1223
-2809
1279
9309
-1430
-5551
4096
6009
-5109
4461
8318
-3555
-7246
3622
8922
421
-5758
4450
6113
-3715
-8022
4980
4071
-8524
-9269
1756
6075
-5799
6298
2693
9929
8634
8948
-3815
2008
-7834
9877
-6787
8263
101
-7184
-8572
405
-2772
7117
-8602
2211
1243
3652
-2859
794
-8969
7736
-1848
5446
6876
-1474
-9669
4031
793
-5137
-4537
8650
6261
9111
5980
-9455
-8366
-6762
7453
-5738
2523
-1611
1182
1338
-7672
5025
-6007
5940
260
-82
-5876
-551
859
-5420
4835
614
6082
8040
-9918
-2663
9990
-5318
4936
9074
4331
9163
551
-2371
430
-1878
8248
9177
-3025
5881
-3825
1826
116
6091
-9033
-5711
5267
3841
-3492
-8186
3927
-3613
2282
7959
-1857
7569
3763
791
-1119
-2584
3014
-9480
-2491
5450
8354
5952
9737
-4072
1944
8752
-9160
737
8627
7479
1938
-2475
9604
1616
-3827
-2684
64
-8325
8996
2822
7964
4688
3846
9367
-4234
-8860
-4537
2086
7519
2961
-481
-4084
9512
8744
-5563
-7231
987
-3762
-5400
-4128
-2079
3913
1686
2753
2082
9858
-4412
-6601
9202
-6954
-2976
8616
3902
-3155
6693
-2397
-2703
-5180
-9767
-1328
-8282
-2528
1029
6367
-6369
6564
4039
-5739
-8627
-3801
-3513
9825
7833
-8220
-6101
4973
9537
3617
-4975
-898
4434
-8707
3940
2590
7739
-9918
8322
-5487
6572
-1315
2277
7059
9405
855
-9470
-9639
-11
-3217
-8195
-9889
-7025
7635
-4762
-4400
-4082
7275
7327
-3026
-2159
8638
2687
724
368
3479
-3785
5355
-8470
-4985
544
-8530
2861
-190
8922
3045
1109
4682
2718
4361
-8068
-7891
6052
5559
-9981
-9020
-1053
-1289
7420
8257
6778
1471
9606
3956
7073
-4754
-7736
-4584
-7443
-5031
3215
-1573
-382
8849
-3599
-8565
133
-7907
-3112
8439
-9803
-9693
4763
-7486
2579
3654
4902
-8960
-189
9406
-192
4524
-6552
-551
5309
-7949
-2741
3231
5942
2485
1157
2865
4972
-3537
7733
-4271
-5839
6057
5086
-7970
2314
-6711
-9677
3582
1123
-2162
-8876
1311
9781
-8585
-964
5683
-4368
-5867
-7660
5696
8662
5098
-8593
-5969
-9010
-6538
-4197
-9048
9898
8940
-3143
-4987
7441
-3277
-6276
8574
-5960
-4932
5925
1884
-8271
1354
2753
324
-5411
7573
-4924
8619
2864
-9261
8577
-7929
-7785
-3840
-2307
-6861
1902
-5812
7600
4835
-9885
-6739
-850
-1975
5416
9568
4791
3002
1544
-1004
9397
8825
-9789
3522
-3289
-5173
6185
8617
-3942
6022
3494
-1898
-5339
808
-6891
-8366
317
4458
8243
1656
-6510
-7713
-9966
-9000
-8190
-5837
-2261
724
-9709
-6170
-8663
7940
-5028
9931
-3909
-5790
4523
4038
-5085
2561
-696
4850
71
6862
6625
703
-3504
-9635
9400
-4264
-7902
2626
-6513
-2783
-2671
-3152
-8340
-9725
-1859
4425
-8630
-7477
3001
-4802
-609
6741
5882
1927
-2900
-8901
-9933
-1768
-3198
6588
8988
-7521
8336
-3264
-4478
4558
8554
5189
-2255
2115
-6753
-8717
4303
-9884
9190
-5566
-4558
4308
-4715
-2502
4356
9860
-4393
3958
2330
-8267
-7577
6570
4479
3382
1011
5391
4077
2442
9819
5812
278
-6417
562
1612
6802
9091
3038
-9877
4322
-6785
-3017
-6523
-3250
9320
1641
3414
-5410
-707
-218
7469
5910
5394
-8241
-3627
7612
-5366
-9917
9137
-6716
7602
4930
5577
-4199
139
-7445
-8075
-528
6134
8885
9801
1369
-8584
2967
-4663
4535
-8720
-1809
-9098
-9603
-5574
5833
941
8131
7067
4648
-8390
2516
4527
-2487
2035
6322
1798
-778
471
-2136
-6325
8484
-7065
8745
-6316
2931
6358
-4678
8656
-9906
6488
-7339
-950
5836
7761
-1011
-7005
-8451
6433
2866
6111
6049
-7151
8808
-3750
-5131
-5396
6478
9331
6432
9064
-4805
-4562
3525
-7250
-2705
-7294
-235
-9786
8066
-1477
-7883
2404
-1847
-9780
8329
-4606
8019
1839
2894
-6490
7820
-3550
-9123
398
-1517
-2793
-5507
5698
-8102
7571
6351
5953
421
1522
-5790
-5898
5626
-8261
2513
3361
-5586
5087
-8820
3533
-3717
4456
-3036
-9929
-6624
-7311
5801
-2889
-2690
6399
-5122
6944
6081
6056
-6992
1232
7919
-7261
4370
-7422
-5664
-8035
5156
7573
3646
-6599
-3732
434
-623
-8412
7663
-6914
-7995
-8014
8115
555
-9847
-1394
-5199
-109
-1897
-3758
-3992
-5509
5462
5841
4837
-8091
4717
151
-3768
-6476
-8412
5717
-7779
-4667
-8649
-2776
985
-1440
9935
4966
6389
2255
-4676
8560
-4318
-1694
4121
3793
1768
-4194
-6504
6560
-4378
6412
6044
6988
3113
-6574
-394
-9565
1604
3286
-6135
2226
6600
-6119
7134
-2922
-1333
9708
-9322
4457
-6326
1633
9423
-4338
-7667
6095
7842
9456
-9556
-7313
2474
6507
5797
8066
9748
-1092
9246
-8620
-8975
4466
-471
2457
8484
1401
6184
-3395
-2164
1350
3469
-3967
-9438
6069
4096
-1578
-1130
-8078
6460
4590
2891
-6779
6899
4901
9211
-214
-175
1651
4796
-4768
9392
-7194
-4998
655
8771
-420
-1757
5181
9554
-3882
6408
117
8169
-2309
2228
-8165
-6732
7563
8267
-8301
3358
-7687
4242
-8086
3499
-3335
-9961
5212
6930
-3905
-6409
-4194
-5893
-4327
631
-5636
6447
8762
1717
-1438
-8604
9550
8714
5846
4806
-3461
3668
6730
4488
-8879
6933
-3001
-1947
2914
-7325
-5870
-634
6746
8866
8897
-9798
4657
-7367
7905
-301
-6552
-3223
-6379
2823
-2986
6702
-6578
5390
-1838
-5993
8580
9549
-2810
4238
1111
-1272
-7375
-5492
-5174
3792
-6163
-5031
7067
-9959
360
8556
-2097
-1374
-4715
-9903
273
423
-4833
8885
5520
-3681
-7907
-9756
2055
-605
-1149
-8334
-1420
-6214
3300
2892
7469
1772
-8733
-7632
-4403
-8747
-2008
-5932
-4263
-1479
-8592
-142
8514
8698
4418
6150
-661
1849
-3710
8055
7894
-8540
-5320
-2621
-3049
9830
-3042
-2979
8306
-3888
7523
-1912
9493
3749
-9213
4525
423
-3906
4397
-7383
6322
6423
-6661
-980
7900
1807
6750
8078
-8432
3313
1338
5186
-5058
2654
9863
9710
8399
6309
8592
-593
6152
-5682
-5792
-2424
3036
-3357
-2712
-1115
13
1296
7478
-1907
-6134
-2768
-5299
-6701
-7135
-6013
-1177
-7539
1119
-8339
-3773
-7538
-4003
-7724
8220
4727
4231
431
96
-7120
-5120
8345
7498
8766
-1164
3089
-5580
-7389
4742
3680
6240
-4664
-7334
4848
-3813
-5933
-7083
-8546
-1730
7875
9013
-4380
-9716
-4466
-7423
6131
-2942
-9722
-4658
-523
1950
-2631
-6693
-2153
-1121
-9845
-3731
2665
4574
-7933
9302
-6631
17
-4238
-4687
-675
6889
-2297
-3119
-6090
-3829
9379
-3471
-25
-1853
-7276
7713
-6364
2497
6079
2070
-9686
830
-1233
3188
868
8168
-4254
9860
-509
5823
6841
-6175
-689
-9512
2366
-2175
8596
-680
-5381
2657
-3109
9043
-9045
-4012
6089
-5327
-7835
5181
980
2150
2286
6795
7762
-7337
-1117
5079
-5927
-5609
73
-1772
-435
1436
-3793
-5894
-6326
-6211
-1830
7598
4753
8223
-3702
-5516
9682
77
204
-5983
-2712
6972
2529
7600
-4059
-276
-4024
-3131
-7932
-6521
-9334
2721
-9276
4643
-8781
4972
5625
-1891
9102
-3460
-7885
3536
-8304
-3595
-9747
-4134
-728
-5868
142
1217
5009
9612
6304
3690
6739
-9508
264
-8
-3879
-5645
-97
3628
2510
8368
4855
6098
5445
9283
-7890
-8643
4302
-6062
3732
-9892
-174
5228
372
-9243
3182
-8503
1095
1997
1147
6819
-7891
-8606
-8593
-3019
636
-640
4487
-7452
3734
3716
-1409
-1064
-7606
-399
9029
6306
-1117
-5318
-9576
-5528
-8918
-3141
-4032
-2321
-1865
-5810
9545
-1022
9351
2740
6575
7922
-595
-494
7
-477
-5675
-8222
-1437
743
7682
-8495
-286
6302
4
6910
2094
3091
9357
3916
-1338
-4253
-8606
-2370
-8215
-4195
2775
278
4784
7539
-1599
4998
9517
4901
6067
3408
-8094
-9786
6589
-2345
-9470
622
3007
509
-1625
-6175
6923
5165
-9055
-4537
7141
4681
-9876
-4390
-5263
-2598
-4408
4811
-1219
-7251
2377
-4723
663
-8567
7036
3249
9674
5975
9484
-1311
-4213
-3960
-4478
1224
286
-603
-6172
-9802
-2272
7250
-2985
6917
-3115
8777
1437
4638
1514
6131
6097
-9153
-1262
-1211
8459
-3204
-7851
-3667
669
-3753
7440
403
5455
-9400
-4942
7884
-1873
-4063
-3716
4028
4712
8464
2781
8311
528
-3846
-8891
-506
6806
1238
-2361
-5234
-9240
-5823
4962
683
-4517
4437
-6655
-2651
4502
-3503
-3408
3098
9807
6187
-1037
-3296
8132
5248
4546
-7591
7308
-4717
-2848
5693
3955
-3108
5200
-6304
-1052
595
2596
7369
-8459
-4552
6907
-8389
-4936
4189
-2080
-5710
-8995
-6567
1792
8659
4408
2387
-3714
-1708
1196
3326
9842
-3706
-5098
-7587
-5690
-5917
828
-1546
-9565
4848
-9265
3293
670
-4663
-2917
1385
-4766
-9846
-7177
-2177
-7534
4955
5191
3516
-7452
-6394
-8030
5396
-5919
-740
-7876
-4148
-3731
-7878
9589
7867
-8723
-4715
-2267
9150
-210
-5369
-2171
-4532
121
-1665
-4539
-5490
5400
-6340
-9517
-6350
-2016
-4091
-7994
-7192
-3098
-1492
5432
3003
8700
-4608
8911
-8833
-6171
-9961
-3794
-2852
4630
4110
7643
4890
2287
8099
-2049
-2267
-9656
-9869
4118
-4861
9704
6804
5487
-5712
-9013
-2426
-7758
-6532
-7768
9982
-318
7541
3236
-2286
-5301
-2035
8430
7031
369
-3053
-6437
2175
8471
-2260
-4727
-9174
-4578
-2157
-4902
-5484
1478
-1897
2045
4383
-7233
1660
-4894
-9863
7368
-8680
2535
3565
-7090
8927
5297
-2618
-8574
8536
5673
9973
546
-2845
-642
6338
-2969
-6850
-841
4651
-6292
218
-4412
-3563
3042
5694
-1072
4886
-3140
-3057
-2703
-1150
7177
-678
2162
4503
4751
-684
4813
7649
6224
5743
575
7557
1185
-3466
751
-3408
8278
3118
5462
-3367
-7933
-5135
-8058
-4832
9865
1417
-3132
6452
770
7781
-6913
373
-4921
6955
-9880
-3800
-9796
7031
3910
-9972
2115
-5494
4694
5189
-4617
-4386
-1098
-7493
2047
-1137
-6804
3448
-8904
-1872
-9487
-4985
-6952
-5359
-612
38
-9313
4805
-6452
-1109
9863
-5880
8354
2546
2515
5981
9585
-6452
-6974
8884
-220
1945
-688
-8364
-725
-3580
1821
-7020
4571
7125
-715
4278
9445
-7550
9181
-1286
6709
5111
1205
4937
2144
-9954
-5604
9142
-175
-9521
-4053
364
-8711
2584
8828
9963
6728
-7159
8562
-571
-4772
5077
-310
5975
9889
-1095
-5127
337
6637
1114
5505
-7972
7950
-7210
1491
-9404
193
1045
6425
-2441
-1626
2821
4292
-9931
5153
-4312
3419
-1484
4093
-3737
-4650
1458
3635
-8780
8878
-5041
-9977
1312
-5847
9095
-997
-148
8373
2082
2761
-6967
-8094
-8592
-6996
-4187
-2467
3563
-116
6752
6317
-5396
2959
2416
8068
-2262
-9751
864
-5730
-5821
7901
-8483
-113
-6597
-1874
692
251
-4054
-2832
7006
-8694
-6981
-2307
-4494
2243
-4684
9841
8908
8943
3646
-3296
4316
-2949
3145
-9947
-7861
4140
204
-4842
5787
-5468
6993
-3442
-5794
2951
-215
3316
-9641
-6472
-1678
1835
8704
7161
2037
-4431
1363
4407
9338
-6421
-9932
-2328
2091
2497
-8788
4910
3978
-9346
-5821
6598
7492
1237
-4411
-4209
-7457
4670
-7299
9417
-5570
-511
-1768
3651
4305
3899
5669
-4948
3673
-1852
8054
8857
-8077
1192
-2371
-5831
-1817
8935
1244
6449
6656
-2163
5864
-1592
4718
-2096
6532
8437
4626
901
-9624
1396
4780
5379
-2126
7056
7740
-923
-5779
2123
8070
2408
-5982
2518
8641
-7562
-9062
7504
-6360
-3231
2813
3820
-2340
-3700
-9543
-5847
533
7124
-8847
3425
8074
5676
5107
7489
405
2610
-2274
-1407
-1485
8169
-8292
9273
-6957
2577
-3001
1882
9960
-7918
-8354
-4858
8897
6440
-6230
976
2137
-2176
3519
4740
374
-8989
-9923
-7519
-1077
1979
-2492
-9300
1296
5670
1549
-2948
8788
5223
3983
8912
9010
9556
-975
-303
-8002
697
-2986
-8903
-6000
-4067
-5873
-2204
4483
-2877
-8605
1259
4756
-5242
3058
426
-5461
3894
1408
-2130
-177
6787
-5801
4019
-8942
-2460
-6478
2368
2234
-3181
7376
1902
8112
-650
1434
9812
5371
-3489
-7226
-387
-9907
-959
-7894
5606
-2243
-9366
-2518
3239
-3096
-9726
8052
-772
-4012
381
-4423
5735
-2489
-2005
7000
-5134
-8231
55
-6619
645
-6981
8396
8180
7745
-3394
-8832
-8363
-5470
6079
-474
1621
-4705
1549
4880
-4480
-850
-4579
177
345
-5889
9186
5701
9412
-9894
3538
-8154
-8629
-8985
8486
-1875
5116
-3081
1310
7641
2278
9858
-1874
5228
-1658
-652
8467
1615
8455
5039
-4387
5880
7625
5004
2500
-2459
5538
-6665
2047
6231
674
8827
2250
4893
-602
2946
2272
6440
-8870
-6303
9196
9169
-2924
8090
7453
9488
6233
8168
-178
8938
-3414
6234
2587
5039
3867
8192
-8682
8545
744
640
2431
5639
9864
6971
-6411
3692
4687
952
876
-4321
-2680
-1905
6014
-2912
-4073
1078
-8255
-5270
2560
7954
-3370
-4666
-4574
-5487
-436
9802
7472
390
-9095
-6985
-6347
-5306
3768
-2516
8745
9428
6487
176
3224
-1077
-2682
-7523
3405
-6391
8520
3273
4527
3182
2217
-8543
-2826
8798
2114
-9580
2663
-4480
9639
2411
4424
-2048
4553
8647
4067
966
-2520
-2182
-4609
8762
1065
7772
-7639
4253
1872
3505
-8630
7400
-8408
-2034
875
7362
6746
853
-47
8190
-8786
4030
2838
-4443
2094
-6299
8986
290
-1744
-789
8824
-1543
9484
-3413
-1323
-3617
-1983
-2461
1079
-6101
-2566
783
841
4092
-7793
1580
-2233
2427
-1097
7873
2000
146
-5637
-3723
4490
-3297
6587
9443
4856
3961
-9742
2749
-432
-5802
1729
6130
-4988
6737
5410
8629
5158
6826
-2302
8284
-4828
-3265
-8796
5485
8563
-8847
-1902
258
-1295
-2267
-8457
4515
8641
-5274
7749
5649
-5610
-3188
8805
-856
214
-8478
-9999
6381
-5935
-8418
7975
1561
-7795
-4989
-6912
9692
-7237
-5862
2189
2076
-2992
-93
-1292
-991
-2169
8398
263
2688
5664
2302
-3176
9457
-1278
-8423
-6889
2146
884
-2170
-9558
238
-9879
7391
-5561
-136
-1105
-4033
-5295
-1237
-9507
-7067
-4109
2570
-7776
3521
3673
4120
3523
-6938
-4691
5152
-7838
-8965
948
-1375
-9930
-4317
6534
-3733
-5256
-1649
1396
-9916
-6336
-8381
8463
4933
-3155
5901
-8212
26
-3288
4535
-729
9364
-1145
-3910
-6839
-5283
-3994
-6184
233
561
-684
9302
-6939
-2920
5270
-9622
-8781
2992
1135
-7808
2351
8283
4792
2901
-1272
5552
-1719
-4095
-8834
8533
-3398
-4657
-7119
8589
5939
-7532
-8471
9415
-4335
8015
5933
-2824
6488
2497
-1212
-8413
7069
-8283
237
-605
2600
-9479
-9326
8530
-7521
2222
7203
-6552
-758
5913
8223
3796
-2715
3213
-7538
-7414
-5698
-5128
-5940
241
-902
1500
-2045
8332
1387
-924
-881
4524
-1369
-8344
4874
6636
-9111
-1019
-499
-5658
-5648
3183
-6091
135
-4951
-3899
5040
-1663
-5101
9330
-7711
3602
-8378
-5526
41
-2017
26
-842
4867
-818
435
-7948
-9545
1496
9291
-140
2418
-2725
-6551
-3378
9903
-5825
7599
1857
388
7295
-3310
-3900
9410
6270
-7971
9718
-3570
9346
3857
694
5117
-8212
-5619
-3477
9799
-5084
-3855
-5941
2192
225
2608
-8420
8796
-8901
-8083
9857
6265
-7599
-4581
867
6877
-8888
-3956
-6612
510
-3623
-7897
-6871
-1338
53
-5617
-5986
2189
-5094
5611
6366
-4398
-6930
295
6527
-8416
-144
5682
5414
9743
-4298
7877
-6704
-5260
5134
867
8408
-1340
-2439
4696
6182
-1394
6218
-4729
-5892
-8272
-4819
457
9052
8930
4005
-9626
-9269
-9517
-6928
5227
-4351
6314
-2933
-2458
8161
3366
4667
2604
-1682
6071
-2446
-9199
6862
5300
8482
3277
-5526
-5597
-7264
-4732
-7848
2556
-8644
8285
-2739
-9163
7303
1382
7131
-6217
-5717
107
-3232
577
1617
3869
-1567
8555
-9836
1481
-8717
-9655
2294
-388
71
-3365
-6953
-2438
3520
-1818
4749
5981
873
-713
8998
5580
-9822
-2020
-1380
-531
29
2997
-6979
-600
8660
8089
2607
-2344
-6692
-5222
737
4395
9967
-874
-8165
2794
-6696
3591
-2803
-6881
-9248
-2061
-2924
-7847
-5192
-8208
-4042
-1628
662
-765
958
1753
-9385
980
-9969
-4663
-2811
1859
1738
-3903
-5453
7152
5445
6587
-9176
-7781
-6324
-4379
4854
-7546
-601
-6483
-798
9184
3145
-2861
-2430
2189
-2152
-9113
-5924
9464
9137
-6509
8260
1345
-7388
-8914
5692
9625
-4697
9077
9885
8699
5657
8759
4253
2373
1311
4566
-9288
2865
-6861
-5315
2251
-6589
3434
-6354
2510
-7802
5562
8978
2664
-451
3453
-7172
4560
-6336
-781
-9318
4010
-4391
-2888
8491
-9699
3123
-8626
-3261
3782
-3323
363
2847
7749
675
-3092
2680
6605
-6786
1292
9216
8427
913
-509
-6649
9101
6982
3292
-1258
-4469
-8479
-8654
9789
-3056
3194
-1030
-2839
4655
4507
3520
2718
-423
-1295
6186
2740
5614
-5570
3969
-633
1319
-7734
3616
-1507
9706
7871
1804
-7126
5884
-106
-3303
-8401
281
-3426
-4709
992
-2914
3429
-7800
-2746
-9815
-1864
-8927
4616
6207
9222
5810
-2272
-5090
3856
-275
-4818
132
-6806
3288
-2705
8861
4908
7863
-6938
9931
5627
373
9546
1188
9416
-7285
-136
-248
9521
-1878
6024
-8252
-5908
-6513
-8658
-9869
5772
-8261
2807
-9273
7474
5070
5602
-6682
4536
990
-7285
1511
2308
5681
-7246
2852
-1881
-6725
-599
-3467
-821
-919
-8187
-3346
6996
9925
9390
9082
3003
7695
-4651
6423
-6074
-4477
4976
-1691
-8815
-3907
7315
5596
2423
-450
-637
-9672
-7014
-7327
5913
-5692
4825
1337
9958
-7107
-9056
-4534
1745
239
-7720
1413
1168
4950
1563
7917
-4358
7952
-122
-5622
6648
6989
7926
4625
-1465
3000
1681
42
5508
7847
-2760
9274
2637
-375
4232
-7029
6708
-7285
-9977
-2157
3245
3733
3229
7134
3660
5614
954
8339
-5589
-6709
6691
-2979
-7086
6333
-3176
8567
-4723
5987
6490
9601
7392
-1490
-6111
7072
9636
-9331
-9689
194
-2155
-8028
4533
-9907
6249
8976
8259
6940
2395
-7069
-4136
6863
4330
5424
7466
-4274
997
4733
9375
-4598
5706
-662
-6908
2624
4665
-1992
8576
9414
-2897
7660
-6845
-1394
2934
4385
-7828
-3738
-6048
7138
3294
-4156
-5443
2295
1498
-8092
1902
1996
-9510
7272
-6279
-2088
533
4204
-9970
-2250
-5986
-5913
-3143
5864
-1296
-194
-5733
-2233
-4799
-7972
-2584
-6789
-748
-1
-4958
1075
-1395
-5192
4437
1059
-4768
-7257
-7140
1903
1530
-7109
-6572
230
-1611
-9247
1050
1597
347
2967
1711
-8282
-7749
1307
3802
4747
3498
-4721
4639
3212
3658
-343
3567
1952
-1148
9654
8056
-5562
7370
1531
4805
-8145
3760
-1560
-7420
-952
-3172
4582
8685
3547
4443
1053
-9231
4524
-7672
8383
2715
9421
8264
-8790
7844
-5095
-7263
5577
-2293
-7350
-6842
-3487
-1002
9183
-9120
470
-5846
-9440
8825
494
-2388
916
7780
-8136
3758
9584
-1345
-8217
5336
5936
-4048
-5605
3095
-2850
7958
-2346
4995
-4718
994
180
7205
1524
969
7506
-3400
384
-185
-3930
-9474
4918
-3137
9258
-3906
-6558
1739
7068
5520
-8536
-908
4883
8702
-4553
9526
5429
-6524
-6642
-3990
9626
-1025
1853
-4501
2709
7239
4395
4493
-5934
1940
6411
-7078
9086
-6348
-1771
-6738
275
6898
-7818
-1248
-4949
5268
4173
8915
-6678
-3116
6457
312
5671
-5888
1670
-7689
4082
-1703
-1487
8840
-9373
-3457
-557
2630
-7382
-6631
-7453
5283
2145
9236
-7985
-7194
-5677
-7408
-3488
-7175
2452
9304
-9089
7565
-4490
7362
-5410
-9688
7676
6715
6130
864
2957
6740
7921
-2173
1884
-9999
-679
3250
8909
6045
-8980
2335
-4074
1072
3114
7224
3266
8440
-6701
-3826
1970
-1187
-3415
-9853
3886
6943
-2842
-5573
-5723
-6492
752
-2726
5987
-2742
892
-5101
9434
9812
-2215
-8905
7282
3040
-6061
9800
-1861
-3065
-5013
-1504
-420
6172
-9878
-2390
-5222
6227
5519
6552
-8129
2206
2217
-127
7055
9528
3378
4039
1634
2156
-1790
-9662
-7186
9150
-291
-9824
4165
-1841
-6368
-7113
-4562
8282
-3017
8363
1081
-486
3378
-7279
-6363
4829
-7243
6472
3831
-6825
-7423
7979
3029
-4351
-9611
7501
-2905
8892
-7941
-9115
-1117
2724
-632
-8402
9945
9407
-6585
2351
-8265
-7157
8085
-2569
-9068
4671
-9777
-446
-8908
-1009
-8123
2158
3500
-6095
-2809
-5573
-3869
-5428
-4761
-880
496
8303
-3179
-8802
3883
7651
2909
-86
-3715
-373
1376
8134
-1643
-6242
2810
-2589
8882
4467
-8764
2573
-7123
9896
-634
2784
-1173
9722
-8977
6366
-7511
762
-527
865
3271
748
8220
1408
4061
4852
4909
-9233
-9082
1138
5980
1732
-8931
9636
2370
-9457
9632
-3372
-8300
1936
1704
5623
8067
7390
-183
1897
-3832
6295
-1879
-9647
1001
-5943
6065
-2055
9389
3541
-8088
9493
9620
5119
4168
7460
1604
-8673
-2628
35
6714
8661
-7365
1147
-5226
1090
-1268
-6289
228
-2564
9519
-6213
-7409
-6659
1504
-962
9974
4854
8470
8175
5537
-7485
-9711
-5968
-1514
9293
7400
-3096
4947
3566
-5677
-410
-9503
8073
2773
-8299
-5347
1048
2474
4914
-7825
-3674
-18
7806
-6658
-9850
870
-5387
3542
-4390
1842
7947
-9559
4097
-7356
-8972
-6660
6805
-2806
9791
4477
9342
5679
7855
8104
7759
3711
688
4898
5871
-8315
9349
-3789
302
8782
6878
-7745
8956
-5560
-4451
943
-9226
1241
-371
8235
1782
7799
-7782
-521
-5910
780
1526
-1397
-616
9480
-9228
-5597
4621
5764
4786
-5488
3073
4969
-441
-8478
817
241
5492
7678
9719
-2596
3896
-257
-7504
7486
1498
6931
85
-7203
9259
832
-3586
98
8346
-4682
-2965
-5099
7447
-2101
-2161
-2634
-9695
687
9466
-7287
7803
8022
-1678
9267
-2176
-9153
3653
5391
-875
-4733
3286
-5007
6340
-3772
-8706
-699
4488
9740
-1656
-4660
-3852
9085
-6352
816
4116
-2958
7363
3184
-7721
-2149
4828
5605
-7143
-1007
-1346
4058
1557
-4251
-4288
4125
-224
2470
-3554
657
-8619
-7159
-8513
1233
989
1414
-7104
-7394
-597
-7047
1766
1089
7221
-6507
1012
-24
5098
-1005
-8619
7995
-2040
1918
-2308
5234
4561
-9178
6982
-6384
-763
-3860
4404
1649
-1231
-4814
5147
3259
-6201
8264
3946
1100
-4717
-606
-7326
-2655
-4311
1260
-2884
-8126
-2987
-1087
7282
-6724
4709
6603
1719
-2446
2762
-9701
949
6687
-3050
-3611
-7548
-102
-7097
-6775
9913
-5030
-6191
-7
-9985
1982
-8776
7698
-1317
877
-3411
2547
-2538
-5101
4761
4669
5646
-6607
4130
-9642
1193
-2406
-4493
-6651
-4756
-9965
-893
4373
1572
8828
670
-1821
-2989
-1391
2687
8405
-1395
3676
3835
5511
2094
7562
4492
-7601
7596
3234
4202
1665
-2220
-9942
-1167
-232
8521
-2909
3315
3647
4226
-1923
6088
-5088
1018
7779
3670
-9786
-274
-3495
-1338
6838
-7241
9741
-1349
3460
-3488
7862
-5332
-2790
-2327
5258
297
-8115
-8046
3841
-2852
-620
8049
-5037
-6649
-6091
3766
-4958
-7057
2469
-3119
-6912
1799
2465
8297
-5121
-6180
-6118
-1539
5357
-8893
-2054
5750
-730
9068
9391
8778
7658
9264
-149
-2995
6545
3313
2271
245
-1481
-6171
-7464
-5498
-8123
-2448
-2266
5598
8506
8384
-7592
-8985
4176
-2153
-5618
9674
-1037
-4017
5228
2711
-5076
-332
-7244
-3221
-6900
7899
4541
9372
7742
-8447
7016
5299
663
1160
132
-8575
-2632
-8418
-183
6412
-3124
9384
-5326
-2117
1621
-8112
5099
713
-3630
-2325
2795
4673
5088
-6542
4785
-6664
-968
-3092
-9416
-3450
-2413
-4293
-3032
-3028
-9848
3044
-6604
4881
156
9817
-8321
8652
6129
1770
7588
2362
-5034
7055
9827
3770
7458
2325
-488
-7385
7962
7143
-158
5376
-2091
6504
-6060
-4302
690
7944
5862
-2968
-3794
-8897
4852
-976
9148
-6120
1887
8336
4786
-9043
869
1064
-7523
-5236
-9564
7975
9746
440
864
9334
-4010
2752
-8330
-5670
3636
1793
-5214
-1533
4689
-4981
2516
-2123
4477
710
-250
453
-3042
4130
7487
-5899
-4904
7692
1807
-7111
2790
-3201
-2949
-7994
-3588
-2887
1715
3089
6834
4184
3697
-3358
4116
-858
-2907
1034
-9905
-5487
1369
-4475
-4159
-2934
9515
7315
1119
2475
-4172
-5826
-3817
-3040
-1825
5013
-9694
-6585
4350
5690
-3248
-4713
-2330
-3218
-1961
5250
6943
-2318
-8833
-1506
-6279
8312
-6142
-4296
8642
-1927
-6717
2825
-8833
-3541
3256
-3737
1001
7953
5313
-8696
193
-6637
-1507
-3105
1052
-7763
-9838
-4166
-4473
-8899
-5558
-6122
-9617
5371
-8307
-6773
9516
-905
-5553
-3121
-512
408
-4379
-9342
7533
-4478
-934
1420
828
5946
9311
5627
9346
1370
1750
-7566
-9074
1839
2594
6117
-8633
1851
-3969
-5640
5974
-8893
-8119
5641
4961
8082
7515
3425
771
6025
758
-3606
-2784
-1553
-2601
2825
-9930
-1838
7626
7079
5695
2932
-5444
1034
5090
3447
-6715
229
-348
2705
-1102
8240
4493
-7907
5676
4806
7280
-8950
4896
2922
3618
4152
-5695
-3686
8643
470
9081
4823
528
-8958
-1048
3285
3422
1764
-4974
-9118
2089
-2798
-9047
8776
2785
-3530
-7628
-943
-8442
8991
-7776
-356
7022
415
-3528
-3999
8895
5961
-8270
-1993
7950
-1077
1331
3204
9573
-1589
-5024
-9674
-4568
9389
-980
7093
-5222
1904
-3360
3553
-4739
6702
-757
-1884
-4298
-6174
-9
61
4563
686
-5837
31
-5161
-6328
740
6392
4743
7165
8645
9879
6195
-6252
-4806
5909
4479
1362
-2028
-5238
-7943
7367
919
3814
-3959
7045
-5566
-966
8731
2172
-6792
-4647
-6691
7974
-6581
7528
-1029
-4959
1232
-806
9288
79
1675
2693
-8836
-2498
1125
-8675
-4423
5173
5425
-1288
1457
-2917
9255
-7408
2256
-7599
1844
-8636
-754
-1931
5116
5637
2409
-3865
-5114
803
1295
-6308
-2380
-1416
4490
4189
-3039
-5552
-9809
227
-2064
9857
1715
9635
-1354
9367
9243
-2508
-3050
1178
2185
5031
7830
35
5433
-4123
-7929
1339
-8224
-6766
-9358
-9748
-2710
-7000
-3198
8164
2678
7954
-7869
-4949
2151
1336
6761
7668
1098
-2499
-5397
9095
684
-8226
9228
8526
-5717
2847
-2579
-294
-3764
-6931
1228
8149
-2266
-9695
-453
-5143
4942
1789
-2428
-7651
-6980
-5269
-2809
4806
2865
3629
-5164
-2441
7798
-6956
-368
-3747
729
-8999
4650
-8116
1135
-7984
-2527
-2539
-2965
-4663
4686
-9440
8466
-8241
985
-1058
9163
6241
-508
1674
4742
-2128
-9624
3171
7395
9247
4683
3141
-2796
5482
7110
-5982
-5815
2422
8493
-8195
8627
-9410
900
-5667
7295
1590
8486
5600
-7540
-4964
4984
4089
8105
5017
-3091
9094
-7281
3573
2773
-167
-5990
1313
-4876
7818
-7030
-5606
-2684
3280
-5427
5918
-154
7347
-7486
8987
3621
1000
7198
5507
363
2188
-1752
-6550
-2874
9818
2960
1486
8654
-4782
-6458
-936
7179
-6510
-2828
1736
4255
5097
-9963
7168
8301
9764
-6632
8870
487
-6129
-6710
-727
5483
-4876
9880
-9963
5252
-9734
7929
6561
7795
-7411
9209
4023
-746
-7114
5209
-5571
9036
-1341
5884
1265
-906
-6436
-7986
-8497
8569
6426
1437
-2145
3622
5856
8950
8125
597
715
-4926
3352
141
-6858
-7552
-687
-3930
-1157
253
-1640
-5817
6551
-4904
3300
-7575
3614
4154
-4720
-4656
6456
-983
1710
-6560
9492
-3978
3819
-5174
-5329
-3888
-2658
-1633
3861
-3362
6999
2104
7597
-3868
-62
-1159
6278
8405
-5680
-2539
-8019
-7599
-6057
6903
5616
2450
-2868
-4156
-8867
382
-3059
-2329
-4604
102
3882
-9688
7943
-8284
5446
5032
-7759
-1054
-2204
-4685
778
-9589
2658
4963
8988
-8148
-2409
339
-7614
3571
8793
-9657
324
8874
427
-7678
-4379
-6231
-3338
482
2596
-7043
-3091
-880
8550
4222
-646
7947
-7545
-9735
6279
-3940
550
4195
8753
-5562
9106
3921
1066
-8085
-3065
6069
-3107
-1320
-1653
413
-611
4250
-9360
-5565
-8379
1967
7583
-2372
-8820
-1860
7747
4980
-8902
4507
6441
2069
9782
-7390
5147
-2209
206
-5818
3871
7519
-2233
-1538
-898
-5528
-6774
-3034
-8339
-6060
1834
8261
4586
1316
4211
-8835
3602
7968
-8121
-5843
-2980
5288
2736
4856
-428
1804
-31
6514
2999
-6983
1544
3337
5770
-3352
-9801
7329
-427
-7710
7996
6029
7944
1776
3355
2175
-2632
-2524
-3951
2665
2189
-5085
2837
2145
3665
1697
-5926
5841
8625
-7411
7533
2700
8405
4083
3708
-4358
-9573
-7985
-1213
-1756
-9626
6264
-1375
7840
4473
1733
8374
-3281
-5562
-2033
2666
6150
-8966
-1467
526
7898
-444
6942
-3377
2003
1404
-2131
-6810
-7177
-8117
-5145
8749
9566
-2233
-6737
-4921
-7742
5248
900
6771
-5775
-5019
-3438
2331
3080
-8802
9290
6817
1295
9430
-3050
1931
-8289
6103
-2296
5400
1045
-3250
-930
-5237
-2562
2427
-1733
-8975
-6034
-4416
7438
-5286
2590
-144
-4978
-4714
-9614
3272
-820
2608
-3401
2525
-386
-800
-5857
-4355
3293
-7831
9004
2180
-4309
-8917
8261
-5431
-2404
1093
651
-6415
883
3207
1521
-5044
-699
8430
-5695
-9556
1074
-8066
2937
-9359
5683
-9239
9968
-3732
-6636
-4298
5481
-8405
-3843
-3613
-5570
-9305
-909
-416
9251
-1788
-4374
-6826
4908
-3974
-3934
-2017
8294
-3360
-7902
-6340
9503
-3971
-6542
5364
-1158
5588
-4863
-9759
-7889
971
5963
-2373
9437
-6184
-5818
-9511
-5117
-7773
4938
-7944
9072
870
-3188
-8640
6013
-6574
9544
5129
9630
583
-7254
-6038
-9739
1491
1283
-3073
-5578
6648
-2860
4469
5336
11
3531
6346
-8411
8829
-6043
4093
-6828
-9089
-9554
790
3795
-9331
7054
7257
5515
8953
7455
1302
1616
-541
-4337
1402
8160
1204
-7786
6760
9169
7226
6484
-8446
8296
1376
7441
9551
-7522
-1097
2063
-7319
-7597
-2803
3398
-6030
-8216
-3310
-7958
-8997
-2984
6441
-4025
-6968
-7504
8523
-6011
3357
-3157
123
7020
-1874
-4037
5118
-4734
1954
-8133
8894
4338
-2051
-1160
-1280
2922
-3055
-2673
-8255
9598
-2911
6180
4497
9578
-9425
-6839
7246
-3613
9385
-6506
-9092
8120
662
7528
-2378
-8451
-8597
955
5898
3374
-8676
-5399
899
7059
9695
6185
9133
-1053
6574
4932
8565
-4423
5581
6046
6529
2201
2008
967
-1725
6360
-1512
-9946
-6933
-1371
7183
7400
9765
-8682
9804
-1156
-1047
4241
2903
-6437
8159
3463
-5009
-1213
-3344
-5876
1052
-4384
-9416
-1113
-8630
400
-1200
5238
1754
9936
5964
-4077
-323
7946
6249
8401
3365
-7146
215
3936
1096
4895
-7349
148
8733
-7936
1533
7482
4438
6356
-5469
9873
2743
-2198
7964
-4969
5315
-6624
-6373
3601
9726
8858
4180
-6078
3331
-891
-9915
5907
-1471
6281
-1533
-7723
2378
-3831
-7900
-68
8777
-364
6613
-9987
956
-198
-3168
4834
9162
-680
5989
-6547
-6893
8258
-8911
-5826
9251
-2547
6957
-3754
262
-4249
-241
-239
7885
6537
9728
-1872
2521
-5358
268
-4771
-2287
-4369
1840
6365
-1491
1387
-4002
9605
815
-3729
-833
-3268
9520
-313
6760
-2988
197
-7896
-7615
6963
8632
4154
1620
503
-2424
1333
6544
-8666
-59
-6847
2410
7062
8948
-8686
6142
1827
728
-8082
5522
9921
-6534
7500
-2581
-8583
-4512
6153
8874
-5775
4921
3448
2972
-6897
-228
8277
-647
1003
8560
3854
-4210
6264
8877
4506
-3794
-6518
-6366
7079
9239
-6060
-8648
-1
88
2705
-3932
3153
-1938
643
8358
-2942
-8314
-3348
-9982
-8129
-2838
-2177
-2997
6438
5610
8735
7316
8827
-6056
-3910
3505
4692
-5393
-6832
-1688
-6115
-1510
-8080
-4078
5660
1097
5934
2451
-6900
8104
-4806
-8896
-3811
-1684
9525
2665
8450
-9449
-6920
9165
-5602
-939
817
85
9975
7748
9636
2174
-5009
7680
7684
9222
-532
6442
-8380
-1720
9841
3725
-6572
-9263
1065
9201
9175
4877
2030
-5332
-6923
-2922
-3537
-2359
579
-2535
-4877
8653
-506
-5105
5132
-4452
8912
-8087
6268
8403
6265
-6336
-5291
5325
7997
5572
6831
-1971
7411
-4424
-8454
-7523
963
6447
5930
9053
-1980
-4944
6377
7627
-3164
-6155
2020
-4694
1225
8546
7876
-5589
7429
-982
-9210
-5277
-6186
-6945
-962
675
7444
-3445
-9024
-3535
5176
1961
9182
6367
3244
-7289
-4774
8881
5288
-7790
6496
-5028
-6473
-8021
-4513
1680
5984
-289
8640
8666
2510
-4840
4815
-3326
3880
-2019
7016
-635
6360
3636
4570
-3181
-7955
701
-4773
-5286
8389
3794
1748
6458
1558
2899
7937
5129
-6869
3942
-9702
4321
-6023
268
-4563
6039
-9223
5877
7268
5948
-2472
5483
-6908
-370
7329
4654
5731
-7456
7234
3593
-9128
-7233
-2933
7461
-8110
-9383
-1931
-4909
7227
-7012
-7630
-5695
-7773
-8407
9032
-4215
-4667
-9171
-4398
11
-7052
8475
-4465
-1196
5933
-2687
6848
-9651
-4448
-3916
5781
9033
7995
-9178
2921
-9499
7452
-2072
8099
6787
1796
-4841
-4416
-5677
3485
-858
5619
7558
-9900
-2876
9114
-2131
3904
-3348
4051
1239
-1093
4748
-7933
-3220
9601
3615
-8701
-6748
6948
8112
414
-1717
-53
2461
1279
7544
-5164
-7051
-7321
-2668
-7503
-6887
2513
3277
-7748
4816
-5050
-3268
920
-1800
3129
-6568
941
719
760
-1290
-7259
1225
892
3261
6382
-7417
-3340
-7414
-8863
3866
3028
1300
2078
-5329
2879
4129
3646
-5670
-5695
7741
-7652
4207
1967
-7143
8723
-8093
-374
6595
7807
1451
8972
6894
-4981
3817
3754
6674
1355
-6558
-2553
-2723
1404
-5139
-4097
3823
786
-3235
-7481
-3760
-8861
6245
6519
-3940
-2911
6514
8045
873
8398
-4064
-4485
590
6769
-8504
-3357
7273
-4133
963
-1201
-5643
-7602
7111
-3881
-6101
7771
5378
3082
-5692
7887
7069
-7663
9181
1740
-7954
6490
-216
-4405
-3438
8569
201
7770
984
1963
8474
7181
1177
-13
1974
7439
8742
9376
-3534
-5811
7989
9999
701
9240
5824
5488
7789
2153
5624
3019
9473
6027
8453
-6904
-8281
4844
-9593
-2011
-8218
-8602
-7567
2080
-3800
-1981
-920
-3440
6366
4263
-318
6428
3713
739
-7239
-8886
6603
5911
5647
-3433
7810
9630
-9686
831
-1282
9374
-7547
4793
-9608
-8407
831
-2520
-4665
-6817
-1795
-9394
-347
-1067
-8212
9703
1760
913
-3284
2739
164
-5927
5652
-7399
4663
9972
-8096
-1640
-4136
3030
-7888
-7386
-6738
5734
-3607
5099
-6393
-7491
-5596
-2749
9002
4118
-5981
9585
-3970
6466
-3828
6215
-1033
5332
-5392
-7751
-8028
9301
-1773
9618
-5
-7953
-6249
2341
7788
4671
-4202
-1628
-7221
5131
-7530
-100
-1313
3742
-8436
1447
-1027
-7062
-7835
-3763
-7132
-9940
-3743
4852
7383
-7411
1074
-3977
277
-8796
-8114
-4868
6177
1015
-4172
2451
3278
-3004
-7300
-1292
-4534
3218
-975
-9201
2478
319
6273
-9536
3570
-9453
-3401
-4708
-3978
1417
-5128
2655
-1053
-6786
-5457
8609
-8364
7519
890
9821
7604
220
-3835
-9071
5573
-3689
9992
-615
-686
-8170
8229
-9734
-267
6811
-2246
4779
-7460
4230
-3649
-1872
-4961
116
-5929
1881
6852
6361
-6200
-6975
-4777
-6446
4548
3486
615
9821
1986
-7967
-3098
-534
349
2714
3362
7018
8433
2117
2014
9966
5226
-6112
4041
-2821
5460
4615
2044
656
-2933
-1057
-1799
-7362
-4936
4836
227
-8387
-4464
-6891
723
1451
-7819
2152
5956
6293
-8088
5000
-963
-5492
-7147
-7212
-4380
9670
6305
5824
7774
7416
-8927
-5536
-651
-1109
9628
-9687
-8377
-7948
9695
9568
-659
-4474
9561
-2116
-8768
652
4004
-4388
-591
2061
451
-1731
-765
7193
-2121
-9129
1464
566
7894
-5701
5600
9183
4032
-6806
4689
-4271
3612
-8845
-6944
2402
3951
-2050
2801
9716
-1619
6663
-380
-5008
8345
7911
7594
2251
-9513
-9812
1910
7863
5289
2991
9803
6682
9194
3662
6473
43
2331
-5269
-7574
-8184
895
1561
6316
-9888
-4110
-3118
-3398
2294
4291
-6493
-5601
2037
-5211
-1366
1940
-9913
-8791
5485
-9408
9077
-9697
28
-2814
-4549
8868
9254
6587
-5688
4812
-5017
9813
-4597
-9152
-3641
-7248
-5994
3694
-2126
1612
6211
-3746
-6611
2133
-25
7514
-2774
2880
-2924
2897
-417
-4338
-2795
2615
-6223
9921
-6933
-8337
-717
229
-5046
-1943
4690
1980
7651
-1902
-88
-7611
7548
-742
3694
-2944
-3698
-8856
-6079
884
-1124
7967
-7314
4196
3637
9411
-5756
-3358
6200
7353
235
8876
-1452
-8494
-5546
-273
-9658
-9022
-7049
-7346
3139
8405
-6994
-4825
9733
6543
-6967
-2048
-5536
9342
-8686
-5801
-757
-4653
9693
2745
1995
-5730
5230
5006
-6922
-4469
5556
-4767
-2773
4012
-6553
7669
3128
824
93
6475
-5868
5044
9027
-5709
7715
8987
2808
7280
2593
4734
6188
-4774
5666
3814
-1167
-3034
-2696
2344
-5493
-8420
4524
-5221
1333
-9087
-9066
-9908
-1079
1408
-7879
-6620
501
4757
2548
6324
-8714
9532
-9990
9206
-9119
-867
195
-2117
-5410
246
-1389
2648
913
4013
-5296
1713
-286
-2384
8975
-8787
-7837
806
2995
-2655
-1045
-1363
6001
8362
-606
-710
-8794
1344
-3334
5347
-6988
-1289
6562
8975
2443
9917
371
-7811
-2451
-367
1483
5196
4568
343
2971
-3189
6236
-646
598
4241
-1024
5074
-4531
-6721
2263
-5697
-5699
2176
-3324
2168
-4270
-9247
-8211
-7675
-2184
-1814
8201
-3859
-5312
-1447
-8398
-3580
5947
2682
-7753
5375
-4859
9938
8120
6192
-8006
-6771
8876
9756
-8402
1519
-8261
-9833
-6707
7430
8879
-3888
7126
8436
53
3698
8335
9673
4374
9439
-5512
4973
-9393
9882
2982
-3362
-6184
3285
-2492
6081
-8900
3957
7142
5555
9937
-3162
-817
-6463
4230
3305
759
4440
3246
3165
-6492
1715
7530
2947
2876
4642
2943
-9021
9966
5294
7966
7660
1971
151
3450
-8013
227
2360
-5767
-825
3482
3863
9360
-799
4521
-2336
-3176
8691
9035
1080
-846
-6881
7728
-4971
-2102
-7020
-4608
-9447
-1852
2404
-4763
-986
6878
-7190
-9954
-49
4932
4094
9224
5877
-9380
7779
-2359
4566
8399
7246
-7715
-883
-9797
1902
7194
1492
3659
-6118
3476
-9589
-4636
4842
-5004
-9303
-5439
1941
-5167
1775
-6699
-1105
1731
9752
-3800
5384
1145
-6651
1708
7944
-7540
2437
-7349
9359
5805
-2323
-9034
2791
5051
-5126
5233
3747
639
8214
6785
122
-7664
-7559
-5251
933
-7778
599
-4631
4997
3957
9486
-9945
3994
2985
4301
1233
-553
-4952
1661
-6573
7675
4124
2490
4334
9155
-9363
-9062
9941
-3297
4017
-7425
-5826
5363
8048
-2119
5627
2918
-275
-1376
-6240
-7897
-4178
7181
76
-5575
-57
-4949
2063
-7762
-5557
9976
4005
-3317
-2917
295
-7139
1190
2979
-8120
3145
-3019
9988
-7689
-6195
9574
-5186
5763
614
-3831
4095
9380
-53
475
-9432
679
3635
6135
5557
-730
-7598
4886
3665
2735
7664
-2711
1684
-9346
-2196
-9361
3256
4508
2068
8086
-8087
1535
3151
4352
5671
-137
-6338
5276
2677
8200
5042
4700
-1996
6937
-2613
2589
-47
-4142
-8278
1810
6026
9511
2667
-5550
912
-5434
5801
-1538
-553
5654
5578
-5505
1744
-3611
5470
-7000
-1383
-3376
-6819
-8493
-2959
-3705
-4478
6170
9475
1584
5201
-2694
4415
-9385
2476
2361
5167
-3669
-6396
-7603
-2451
6866
-2475
-7347
9562
2452
2670
2925
-3202
7985
9038
2167
1660
3807
-2019
-7409
1549
-1882
3257
-2228
8480
9883
-6141
-4995
1569
6924
1844
476
7360
-7498
118
1557
-6256
-5567
3507
6496
4951
1795
-7203
1285
-8636
3905
-3791
-2798
1874
-4614
-9078
8315
-1111
-3535
-6987
-8611
-7151
1272
2936
-5984
-4420
-9759
-2683
9423
-822
-4420
-4312
152
-9183
599
2909
2173
9074
9105
-2489
-9151
1170
4843
4770
-7917
-8518
3093
7719
-4088
-3161
4513
6224
-9524
7200
567
8364
3070
-6055
-5527
8522
-2046
-2364
-7489
-1903
8091
-7488
-413
6175
3336
-2262
7946
-6634
333
-988
-1641
9929
-1329
84
4762
-2517
-8270
7022
7892
1136
-855
-168
9750
-2962
6239
-5058
-2241
-7519
6838
-7664
2886
4286
-5472
7372
-9043
-1123
-6637
-3748
3068
-1321
-8563
-5102
8151
3407
-373
3621
515
4877
5802
-1711
-1904
-820
8965
-7431
3185
4208
1604
-2047
-7494
1155
-3828
9885
-8716
-8485
-1371
-4140
2287
-4577
-6966
475
5312
-627
-6727
53
-5173
297
-7302
5807
4390
-6985
-7047
-6119
1758
6801
-7701
3935
3660
4204
-7563
-787
9061
-7644
3004
2099
1412
-5476
7686
-4176
-289
-926
1650
-5595
4905
-6169
-6740
8812
-3098
-8187
5820
-3089
-8293
-9627
-4650
3941
753
-7842
-3154
-5532
-2851
6540
6236
-1068
-2030
-6213
-1405
5092
-336
-120
462
1993
-5078
1609
-8952
-9024
-5929
-84
9436
-6566
320
2730
1359
7229
-1218
-8089
3388
4780
5448
9125
4029
-8588
2529
-443
-9525
-2504
7394
-3080
9102
-8592
3161
9249
-6997
-7479
-6602
5003
8741
4188
4883
3921
5961
7438
4350
7007
2433
-664
-6611
-8347
1149
-9179
-6898
642
-4994
8011
-2139
8430
8483
-2530
-7193
2495
2697
-3621
-2926
-8602
-119
-6090
1302
5713
-4108
-6867
1678
8159
-2688
-9852
5978
-5641
-7578
4716
1827
-7564
-6261
-2087
-3643
-9093
8998
-7079
-4403
5498
-3425
7731
4770
9252
3638
-7752
4172
-6025
788
1583
-1654
1601
6544
7440
7927
-7774
9607
5592
2547
-6440
8074
4335
9408
-6041
4499
-6274
8679
-2083
3603
4790
-2036
-3134
5076
3973
4313
9198
-7129
9686
-8528
-8093
4786
-5224
1775
-583
334
-8296
9118
-5485
-4364
8287
790
-5999
-7803
987
-1351
6937
-5501
9886
7173
-9465
5883
-3370
3585
5725
-6035
3321
-3357
-1752
7595
1174
6653
-330
3642
-3490
-6327
-9587
-3649
-9560
2117
6229
1714
2437
2195
-9544
1577
583
5113
-4269
-689
760
9665
-9898
8781
-9919
-119
-7510
-174
7844
9128
-9200
-5329
-2068
-1229
838
4484
996
7893
5538
6476
2816
1823
2278
81
4656
-6478
-5641
-2332
4687
8792
4796
3736
6070
-4802
2363
557
1479
-1650
-8099
-9506
-7068
-6590
8998
5243
1618
-9210
4874
4626
-412
-3681
-6627
-4029
-4185
-4713
-6266
-8755
3439
9872
-5307
1642
5189
9695
3460
-8509
1349
6825
-7738
2726
-3040
4123
7277
-987
-1616
4294
-9538
-6682
-6847
2882
-3681
9513
-1390
9557
-251
6584
-1972
7312
-9897
8701
4465
-8018
2404
7950
-9063
-9577
8764
-5613
-6721
-8945
4286
-6709
-3959
-8845
9434
2924
5346
2619
-2899
8423
5606
4028
4593
-4328
1567
-5985
2169
-8775
8194
-4902
-2991
-5515
7011
-5842
746
7690
5584
4942
-5256
9596
2586
-326
-3728
5878
8231
-3862
-3320
-2351
102
-5247
-8543
-9850
9674
7458
-7126
-4651
-4934
-3526
-4746
-5587
4924
887
-5142
5986
-1
-3745
2199
-3439
-2197
2286
-610
5341
2775
-4206
-1162
4160
-1196
-6321
568
-7287
8338
-4653
5133
6323
8722
9357
8191
-9382
9483
4717
-539
8554
8695
9955
-6476
128
8196
1065
-7571
8498
-3075
9548
5655
5156
-1496
6402
4333
-1699
-3615
9365
-6363
7153
3283
-5561
3911
-8194
-5772
-9977
-2389
8259
9533
3744
5065
-8454
1885
322
-880
2466
-5928
-570
-5039
-6576
-1578
-5235
2558
5841
-710
459
-5069
-5661
-5095
-8117
-515
7375
-2753
-2772
-6712
8660
-6502
5638
-6711
2590
7397
3457
-2509
8384
5469
530
827
6352
-5316
7340
-9176
-3034
-2983
-5511
6633
-2134
5980
-3535
7951
-712
-7989
-372
9946
4950
3544
-8692
-1984
-2500
7063
1125
5133
-1560
9959
-7883
6608
1947
4008
5260
8552
-3032
676
4862
-8876
-5111
9681
8330
466
6488
-8803
1411
8907
5750
-8691
8567
-2532
-8876
2121
-4379
1820
-9878
-6705
9470
2971
7947
-4714
2672
4693
4612
-3869
2459
-2072
3664
-8552
3154
2369
-5339
-4348
-8744
2923
3485
-2965
7111
1456
-9050
5395
2643
3867
-1857
-287
3577
9807
3068
-5725
-8194
7440
-5212
1877
-208
-1727
6237
1565
-8005
-4392
3951
-3660
-3403
9490
-5588
3818
9566
9870
9172
-1168
-4037
422
5559
4222
-3371
3405
-8999
-982
9591
-6651
-2008
-5407
3536
-3296
2968
-5714
2559
-4938
1885
465
-4514
3061
5940
-1604
8287
8937
-5421
-3217
-5433
-1589
8416
-6176
6365
-9403
-6121
-10000
3184
1364
-886
3011
-3696
8697
-2042
-6417
4619
465
-9821
8207
-5212
-3877
5332
-2001
1458
2168
-3660
-2863
-5321
1845
-8303
-3401
1694
-8449
5728
-8264
9360
3862
-7918
1016
2322
-9764
4951
-6781
3750
-8585
-2520
7175
-3078
6906
-5316
5597
-4829
-4648
8051
-9847
-1237
-5518
-2693
-8418
-480
-899
4852
9596
-1474
-279
-2495
7326
-157
3739
2772
-6547
-761
-9363
4151
-1127
1763
-7378
-131
-9744
1548
-4166
-2815
-1960
4256
-3663
-3546
5094
9709
3883
-4143
-3532
8671
6237
-8508
7853
4447
-4265
6802
9989
-959
9364
7983
-8164
6707
-8150
-4294
6546
-568
3473
-9228
5926
1199
5399
4057
2581
-3317
6975
-3460
1543
-981
-2010
7228
2511
8213
6186
7398
-55
5731
-986
-7449
4025
2001
-2291
19
-4914
-5529
212
-5851
8791
9978
5125
1112
-2818
6171
1303
9885
-6136
-6823
-3170
-585
-8268
925
9345
901
-2152
-7768
-1324
2664
9427
-8733
-2589
-5818
-2337
-1400
4439
-4310
4634
300
9602
-916
-4798
993
9683
4679
9278
5987
4995
-3268
9705
6658
1428
3786
-4413
-5520
931
9547
720
8836
7488
-4417
-1047
2267
-3670
2619
8538
2190
9751
3459
-3479
-4615
-2053
4935
-5133
-7499
2425
-8023
5581
9916
4988
-2557
-2479
4006
-1339
1884
6336
2069
-9397
-6373
4297
-1565
-9297
4711
9384
8761
-9545
-7113
-1267
3357
438
8106
-3379
3806
2322
-7351
9525
-6316
9175
-3612
3198
-1933
-3582
-4813
7021
-3661
3543
2257
-7313
2290
310
-467
5201
5932
2845
6842
3196
-6890
-2721
-9751
388
2598
-9901
-3569
-5906
4711
-1573
-1981
7879
-5059
3481
-7199
-3062
6164
-333
-6623
-9627
3610
-7892
2261
-60
4619
-6994
-6953
2642
6226
-440
-3391
-9530
4309
6375
7484
-898
-138
7848
-1797
-8258
-9816
2058
8032
-5188
1803
9800
-9108
6365
1041
9536
-4162
5365
3578
-259
316
-7265
-5711
2867
7446
-5712
2388
1575
2676
-1731
-9212
5482
-3557
-4619
4121
68
-4030
-4230
1255
8287
-6880
-8766
-5033
4694
7127
-5
3740
-3749
-3707
4767
4377
510
-2311
6571
2398
-4532
-8019
6820
-8148
3096
3714
-5624
2032
4595
-2901
689
-7755
-6240
8727
463
5678
5475
-5975
-535
9215
-9965
6027
-89
1351
4553
1307
-8503
-2383
-934
-6869
3153
3565
-7740
2703
4500
4188
-4497
3930
7730
-7861
7408
4970
4362
-341
-5255
3254
-6348
-9009
5896
-1663
9676
5216
6789
-3800
-6065
-1329
-6091
911
-3834
-5643
1638
-8488
7950
-7181
-8014
5450
9309
-2862
-4910
3249
6636
-781
-6187
4876
-1473
-1797
-4397
730
-3228
-7207
-6661
-8355
6833
6164
-5119
-2340
-2699
-4276
-8599
-5016
1331
-3583
6783
2335
-6198
6819
2206
-6899
5857
1720
-9146
6420
-1831
3055
-3995
-1050
-9638
2502
8996
-2301
9156
5075
2806
-2288
5112
833
9640
-2078
-4743
-3025
-375
9471
9168
8432
5711
-6773
-6343
-8500
8509
6754
-6056
-9315
-3097
3646
87
4024
-4644
5870
9393
-8402
-7751
-5996
-3113
5633
5260
229
-6383
-6769
-7406
705
-4382
-5009
-6674
-1953
-1799
4165
5577
6148
9101
9089
8502
-5952
-245
2255
-6414
5404
3133
-5743
816
-35
-7613
8559
5788
-2318
-7041
590
-7344
4111
-1853
8073
-4881
5311
-8609
-5222
-1472
-2239
-9724
-5580
1908
-2980
-7021
2365
6191
-2600
-1973
2998
1874
2291
-9371
4870
-4589
-3559
1659
5963
-7103
-1432
-4084
-5645
6528
-6200
-3106
550
8900
-4646
2728
-2141
-7025
3380
9796
-6461
6553
-5057
9026
-1522
4387
-969
2030
-7941
2660
-9052
-195
7084
6542
-664
3486
1364
-7242
4456
5371
7613
6353
-3893
7615
6907
-4528
-5808
7752
-2896
-3650
-8486
-9403
-6853
2932
-6736
-6784
5078
-3382
-651
-720
-4190
1474
-3171
-9913
4559
-6824
-5287
-2313
8961
-2796
7171
575
-4333
823
2443
8481
-7181
341
-6100
-4371
-6194
5588
8733
-739
2297
-4311
-7454
-234
-4241
6611
-9985
2035
6093
-4878
1985
-8891
3079
1404
-5682
-3759
65
4574
9540
732
-4327
-5117
-7064
3914
7733
365
-8436
9689
2203
5604
756
-1120
6669
4259
1463
3734
5188
-1556
4418
8581
1611
4045
-1388
-2790
7407
-2240
-1808
-9185
-2694
7595
6827
-9293
694
6832
-5995
8095
-9612
8825
-9936
6007
-8497
956
9808
-7813
9076
-5498
1765
7959
2869
-30
6262
9951
-7868
4978
-8534
4699
-5603
4195
3272
5397
-2156
4446
2562
7278
3967
1644
-824
-3175
2843
-4641
3776
675
-7929
-4380
5818
-7630
8984
6115
-7806
4713
4908
-7343
7646
-7956
9051
-5648
7523
3025
684
2218
-29
-7828
-690
-2549
-4271
151
-7769
6351
-7770
423
7619
-5436
9270
2877
1409
7526
2143
-4838
1397
7950
5291
-2124
2130
-6021
-1809
1337
-1566
-8210
6618
1690
-1146
-8718
8475
-4273
7879
-4621
4628
3716
6622
-6187
-6745
-3665
7425
209
-5939
3250
-7599
4724
-3038
-5942
1201
792
-2721
-921
-1443
1518
3860
-6803
400
-4667
-6808
-8175
5769
-9090
7682
9702
8942
4125
-8073
8490
-1512
-9942
9168
-3532
8189
7096
-1953
4222
2989
4755
4013
8085
3699
8660
-8498
3213
742
-7103
-9194
9915
2415
-8130
8328
4179
-7833
5097
2169
-78
-1192
1217
-9969
6884
3351
9696
5159
8552
1090
293
-9050
-339
-1091
5252
679
238
4258
3362
1461
-8525
-2597
7883
-2978
-7381
-67
2602
7691
7562
4925
-4708
-4715
-4783
4098
8905
250
-435
306
5268
-7598
6277
2959
-6800
-1575
-3323
-9870
2031
-3530
-8958
1772
6989
-5385
-1764
-3249
1144
-3118
7502
-9735
-3480
-5711
-4311
-3246
1079
5708
-8166
8707
-5590
-5677
-8132
4546
7652
-3952
-968
-6573
3224
-1359
9952
3017
5325
2219
-4740
-434
26
3937
-8466
-8649
-4623
-1162
7377
4630
-9925
-8944
9359
8186
-4105
-1803
8259
-5964
-3581
1353
-715
3943
-1318
-5310
-3165
-507
4952
1469
7672
-7814
3568
-6341
4764
-6064
-4826
-4091
7072
-5141
-6538
-6534
-136
6630
-4855
-6633
-9084
-1625
706
-4858
-1446
6854
2242
-217
-2535
-3583
-2164
5536
-4541
-236
-9372
2147
-8496
5877
-1191
-1298
-4674
329
-8505
6689
-5747
8922
-6035
-4943
6553
4005
-7463
5565
8943
-4724
393
-4584
-6579
4692
-1740
-837
9040
-1222
5398
-9682
-6928
3376
793
9028
-7082
2291
-5401
3288
7675
4175
2058
15
-2179
-3653
-7865
5773
-5973
-1364
-7529
6665
-6008
2295
-1822
3449
-830
702
-3477
-3375
-385
-1711
-10
9808
6532
4485
7917
4111
3263
9816
3658
1100
-2560
-5732
6095
5764
-5572
-678
-529
5822
5591
6514
-5637
3774
9551
6862
-7710
-6366
-1244
7611
2778
-4329
5382
2982
-8578
-2948
-5357
-9135
-8057
6191
1979
-1472
-1153
4587
-7342
5750
-119
-1376
1722
3038
1908
-672
-5869
-6518
3672
153
9447
-4520
-8825
3953
-2726
-7895
-7433
5170
3858
-3685
331
-3638
-3380
-501
8717
7003
-5185
-5729
-1812
-1545
-2276
-1214
9825
-8751
-3771
6875
-9172
-1227
-6279
788
-5661
-2290
8055
-6797
9310
-9876
-4126
5037
-2054
-9968
2659
2567
-6967
-7028
9023
9851
-1439
-6455
-7326
2983
2133
-8931
-124
-5806
919
5980
9228
1243
9235
-9213
199
4333
3898
-8329
-7473
-1669
-332
1935
-5941
1078
7692
1712
2093
7453
3323
3264
7949
-8622
4279
8542
-7187
831
3881
-3248
6800
-2420
-9642
8200
-241
-9149
-8237
-436
9088
-8410
-277
955
4188
4730
6576
-8090
6918
9593
3826
2131
7920
-4455
-1361
-1902
6329
8965
2760
4661
8428
9565
-6142
9542
-9562
8925
-4490
-1088
-9624
-3554
-2540
-7061
-4270
3970
-1970
-544
-4461
-7853
1246
-2501
5256
1432
-6540
3430
779
2050
9903
-7520
4239
-1861
-3198
-5896
9909
8175
-15
8268
-4084
3036
-8943
5524
7603
-5355
4746
9499
-9637
-2443
7161
-8712
173
-3657
5264
-3484
-7987
-2156
-4212
-2448
1962
-3220
-1837
-6124
-4801
3476
4866
6648
-3450
1725
3871
3093
5585
8098
3620
7372
9439
-8002
-6308
-4906
136
6649
-7351
-3399
3373
-2799
9280
-9176
-6967
370
-4843
8960
-9299
1850
-9221
-2515
9922
678
-1493
-9912
5317
4710
-5094
-9795
-5832
-7811
2159
1558
2869
8499
5213
2886
8946
2256
5607
-2942
-2876
-6338
-9468
1940
1503
-1545
2930
3943
-7659
520
-4327
3283
-8495
-3524
6880
3589
1788
-7982
5855
6701
5193
-2629
-3271
12
386
-7362
6534
7421
765
3933
-4900
-1122
3563
2342
-6025
5074
5391
8377
-8951
4628
-6300
-8625
-4791
-6555
-2636
-8568
4788
-1335
5889
-8849
-3565
-6702
-3826
-5009
6635
5482
-1933
6595
4298
-9567
-4220
886
1310
-8824
6342
-2630
3123
2606
-449
-8412
1733
-9349
-7474
7778
8764
4647
2435
3373
-5694
5286
1693
2660
6224
8118
-596
3868
5659
-3404
2943
1840
5266
6026
-1321
5082
5988
3392
-159
-4431
501
9831
2266
6848
1400
6086
-9683
-3780
7316
-7114
9488
9374
-4737
7662
9255
-915
-4218
3684
4896
9907
-8284
1136
1365
-7155
9559
8221
8959
4098
1997
7047
-7775
-8754
-3538
8570
3291
-6436
-3409
-5506
8629
387
-7487
4763
4877
-7160
-345
-9311
9281
1024
-1054
-6756
6062
3641
5098
-9258
-8730
4452
7058
-8065
-7811
673
4594
-2029
-7647
-8420
8594
8246
8103
-7922
7185
-9506
-1294
-2746
8300
9004
4204
6107
9893
-1683
7390
-9036
5551
-8406
5702
9016
1521
9030
3109
-7527
-1151
-4462
1208
973
-872
9405
-3438
-1519
-6208
4479
-6641
8597
-7314
-7295
5981
3084
-6567
4999
2589
-9021
-5449
6834
7799
-1702
6559
1874
-6542
1234
7943
9875
7130
7616
-2852
3183
5560
4776
2516
867
-170
-2500
-1676
-1596
-9386
-1879
7445
1275
-1562
-5083
-2676
3810
6787
-4379
-8132
6752
-1712
-1683
5090
-2995
5443
4660
-3714
1539
-5717
-1966
-168
3822
-7196
305
7185
-979
9350
-8006
-608
9887
-5903
-1649
-6875
3330
77
852
-2408
8142
-4566
-7625
2689
2322
-5350
-4610
8875
-8233
2149
5399
3182
7882
-3967
-9578
-5458
1022
-7578
-6348
3834
-7324
-2110
-660
-821
-9915
-1483
9150
-888
-7784
-3026
4896
125
-137
8776
-8661
-7721
-6354
263
-936
-5707
-2574
-4413
-6890
4638
4324
-7218
-7692
-5616
901
-827
-1902
9410
-4056
-349
5881
3570
-6268
6872
8759
4861
6977
-1460
8293
-1252
-4530
6866
-6836
-8466
2425
-9533
9390
-7486
-6286
2999
-3107
-961
5122
-9385
-3346
-7755
9659
7477
-470
-9945
-222
-9693
9668
9087
6679
-8638
6197
1886
-4760
-4985
-5594
1506
2743
-2413
-748
-2278
8547
5811
-7333
-5241
-6578
-9372
-9877
-8968
-7540
-4603
-2610
-1044
770
8942
7234
-8533
-3729
8922
3928
9757
667
2237
-8010
972
-806
7513
-4359
9006
1623
-4986
-4031
-2753
-3213
1985
4111
3637
-6456
3535
-6968
7822
3919
8308
-8875
5144
-6409
-9387
4417
7788
9736
-9657
-8349
-2269
-4069
-8064
-5747
4089
-7465
-5434
-6628
-7774
8506
-4464
7806
6746
-3095
5274
-9020
-9277
7512
-9899
-4589
-9297
-3806
-3487
-4133
-1333
1517
5191
5469
-5151
5355
-7024
5123
-6164
2864
-7314
5250
9279
-9427
7911
8255
6137
7758
2621
-5711
7395
-7546
-498
-1568
-86
1120
3956
2093
7382
-6205
-8481
4741
-9305
-3517
-6231
1099
-1236
-5571
7294
6175
619
-3391
-878
7303
1355
-8191
-2175
3570
-7566
5289
-7786
4218
8559
6848
-5595
-9331
4596
7508
5117
-7268
6158
4423
3134
-2120
1637
-8357
-4283
-137
7560
6432
-3749
974
-2173
-3831
-8259
5058
-3068
-4168
-2374
-900
8975
7456
3228
-7624
-6236
2173
9244
-5759
3931
-9
5096
2409
-7358
9093
8911
4438
-7932
-3585
-8950
-8144
4918
-7740
-9185
-7982
-9214
-2746
-6428
3675
9844
5330
-4404
3809
-5758
-8612
3708
3618
-3017
-3291
7909
-931
4768
5242
-831
-4501
-7625
1653
5412
-5841
158
-7936
-3110
-6781
9929
-7774
-9210
5678
-8645
-7446
-9834
1797
-5989
4332
8736
5389
-7373
7229
8335
1220
4844
-709
-3050
-8557
8639
4391
8350
3165
1248
-3029
-4516
-9972
-4014
-5099
2678
-167
3108
917
8080
2714
-3887
4151
-6842
8132
-6040
5419
-5082
-3190
-3493
-7337
649
-4674
1281
-8921
6544
-8235
9965
-7295
1931
-2790
716
7532
-6644
-7135
-2122
6685
-1681
6658
-4590
8136
7018
-2931
255
3993
8012
-9147
9688
-7432
5175
-355
334
-9256
2352
5408
7068
-1324
4693
-8812
-3557
7376
-2963
6562
-9859
-1960
9592
-7247
-1665
-3477
5918
-5741
2453
-4841
-7091
-3226
373
8129
-7777
2756
921
8204
-4092
849
9974
-5852
6329
1904
4547
-283
-5633
-5462
6171
1723
5337
1204
6459
-7445
5833
-9758
-2521
5144
-4234
-4756
595
-7359
4758
3682
-7288
2498
-5251
-9103
-1204
-6463
-1386
-5712
-7784
5125
3171
-2638
-3056
-476
1590
-2429
8600
-1764
5800
-4127
-3026
-6803
-7927
-3731
-1644
6489
-7954
1766
4578
1778
-3351
984
-6939
5485
-4342
9698
9985
2010
-3153
8288
2251
-9057
-83
-993
-6058
3863
-210
-7234
8851
-4549
5947
5109
-9249
6173
5325
4216
9291
-171
7804
-2672
-4101
5782
8620
6779
5093
-1391
-7271
-8697
-2280
-7180
-9122
4767
9984
4085
-7573
1151
3206
2647
3293
-9391
-8014
6020
-7341
-4355
-48
-1374
-8259
-9746
-8929
-6553
721
-2161
8910
2791
-3799
-7260
-2564
6286
-7011
-5886
41
-5737
-1351
9268
7885
5855
5211
-8920
1237
1220
-1480
6311
-2530
-5485
-7004
2634
-989
9985
-9482
4850
-9346
-9525
8920
8152
8126
7608
-1028
6725
-123
7350
-4900
1572
-7577
-1274
-1201
1935
6277
-6886
1281
-9543
-1904
-841
-322
2432
-3277
-6294
1805
1698
-5163
3285
9998
7163
-3372
-6868
1867
-939
641
4696
5254
-63
-1914
-1870
-7461
-1703
-9393
-2186
-8791
-826
2892
-7858
-2917
7306
5352
6984
9915
-4072
-683
-7874
7733
9158
6907
-4256
5384
5109
2926
6719
1490
1199
8146
-9230
9313
10
4834
-5630
5461
-4748
-5943
-223
1918
4912
8198
-9665
7338
-9049
-1982
-5806
-2091
2350
-4937
-2354
9469
-4830
-5012
-5099
-231
-2225
1083
3709
8558
-3390
9264
5715
938
1152
1927
1395
9518
2059
5708
6434
8419
680
-6864
8096
-4582
1461
9810
-8851
3794
3752
7307
2337
5538
313
6275
6578
-5041
9875
2517
7403
8337
-6910
1887
-3437
-2213
6312
-4045
-1937
-2064
3612
-7272
8294
772
532
1845
-530
-802
390
-4847
-9728
6106
-3912
-6185
-5474
-2221
5148
-7975
-9353
6534
-2604
-862
6752
-6407
-7965
-3365
-9826
-2885
1959
-5455
8331
4543
3839
-8578
1852
-7523
7172
-6195
2421
-7359
-3323
8246
-6144
-3411
-8237
-7036
6593
2601
6686
1095
7427
-9762
-5546
6552
-1863
8504
-6014
6858
-9685
-3622
-1889
4196
-5097
-6389
-649
-4734
-8452
-8971
-3352
-4434
685
-4878
-9668
1474
7017
1810
-2535
-4015
-1749
6328
8019
2279
-6306
3547
9100
4575
1222
-2559
8607
-5875
-8313
8174
-777
-9717
3898
9013
-418
4334
-1479
-6502
4429
7140
527
5431
1227
-716
-1830
-1674
2389
-5024
-8215
-2357
-1919
4119
4324
116
-2272
5222
3078
9921
1490
7150
3526
2687
1613
6631
7507
3153
6776
-8517
6672
-8379
2648
4796
-2255
8779
-5598
9256
-4841
-7051
-9006
-4511
3549
3451
-5464
7452
-1941
8463
686
8337
2214
1108
-2103
3197
8893
-4918
-1900
-3682
-2435
1333
-9016
-8231
-121
2241
1797
3252
-5622
-9441
-9077
5322
4187
-5304
-1873
7036
-9433
-5287
4764
-1517
-7136
-825
-7020
9552
-8045
9678
-6146
5744
-9361
-2329
3707
-2157
7252
9121
-9483
8049
-4416
-5365
-1566
9684
418
8842
-7865
-5797
6022
-3213
-733
9872
-2538
8719
6952
8988
6320
4535
8244
-784
-5120
-587
1524
5070
-8916
9498
8574
6085
3263
-9618
-2589
2387
786
4115
1778
-9633
-5801
5733
9076
-7221
-1655
-3674
-9373
277
301
1966
-2096
8393
2916
-9322
-494
-1321
7174
-6458
2391
4861
-2954
1646
-2829
6250
-4473
3017
1006
-5358
-5811
9940
9706
-4368
7113
-3165
-1731
3291
4449
7426
-9777
1879
9435
-3178
1459
-7790
-7945
5376
6620
-8827
-152
-6593
4782
-8007
-5230
-6771
-4443
5320
-9404
2454
1172
-8807
-4433
-2512
-9945
-2020
6561
9693
-4194
5912
8573
-7272
-7660
6057
-3765
1469
4255
-4407
-4520
-2869
-4089
-4664
5309
2117
625
9616
-2605
-4591
1336
4130
9523
5505
-5628
-6649
5737
-8363
-9723
625
4944
9260
-6828
-596
-2847
2452
8372
-1576
-1675
-5160
6516
-4777
-602
8165
4376
-5513
-728
6153
-6601
-2089
-9507
-1394
-2275
5352
-8783
2387
-7005
7119
5568
-2301
-2431
-8853
1212
-1991
9403
8756
9510
-7856
-4208
-4357
-9857
5304
4438
-9898
1650
5429
3009
7151
-5916
-7633
-9967
4504
-2764
9886
288
-2342
2501
-8727
3538
-5873
-3004
-6126
-1740
-4071
6278
693
-7571
3977
8039
8399
-5380
-6301
8275
4468
-9157
6721
-2974
3082
-1242
-978
893
-7370
815
3455
-2803
-4981
-2875
-9105
2932
3924
-6363
2112
-8865
7703
-7646
-2802
5485
-4237
1572
-6165
-9708
6989
2090
-7122
4540
8554
6861
-3006
-4413
4031
7581
6237
-4620
-7243
-2381
-2355
-921
-5821
261
1598
1210
3663
2753
-2904
-5061
-2865
-5739
4521
2575
-846
-1531
9677
-192
-7679
-2898
-2958
5736
4817
3698
-6310
1253
4528
-2107
4247
9408
-1391
-4735
-4023
8140
-5004
-3851
5912
2167
2247
7948
-292
-8772
-8719
-4367
7897
1367
-4243
-9762
7417
5597
-6374
7667
-2733
1001
7541
-9061
329
-4993
8116
-8316
189
-5281
2916
-1359
6983
39
-5407
8370
2051
-4336
5519
-7882
-9681
-3537
-5411
5859
-416
-3583
-3146
7074
-175
-6981
4395
-2504
-3166
-8790
-9325
1250
-7596
9861
328
6993
-2467
-5942
2586
6950
2411
3104
7015
-2998
2721
8427
8530
-9254
7306
-1559
1336
4516
3249
6869
-2614
3111
7095
7780
4196
5810
-3260
1117
2838
8846
5158
7193
3408
704
4883
-4177
-4656
-3913
1897
-5924
3192
-9414
1058
-6678
-2594
582
-9027
6929
3699
256
6702
-111
-7430
-5928
-9380
8900
6608
1517
-9686
2967
-8028
-3626
3512
8836
8338
8367
-5064
-8558
-3464
-5387
5832
-1942
-3858
9778
-5769
2547
-6683
4456
-9222
5840
1263
-6580
-4868
3170
853
-2193
7411
-8589
4804
-6427
5979
-4438
-3963
-1838
5151
3891
-5768
-5275
-8051
9247
4297
382
-7148
3673
-6058
7458
-5437
-6602
775
1789
-1666
8332
-1068
-1662
6769
-3358
9421
-8130
-6219
5691
-502
-4004
1288
-1619
5664
3685
7761
2201
1153
-5606
3447
5747
5508
-275
9465
5471
1250
-8999
-9173
-3945
-7919
510
8489
-3648
-7616
-5465
-3822
3032
-6922
2024
-8259
9637
9988
6583
7935
1037
-8834
3436
5845
6078
-9308
-8076
-4738
-4843
-4455
-608
-657
-2566
-7952
-1675
1905
3359
-2197
5367
2112
7855
6334
-4259
-378
-8833
-5456
748
-8542
-3187
2008
251
2981
-3915
-815
6327
-1511
-4242
121
-7102
3440
4994
9206
9129
5501
5233
8766
2961
6519
6837
-9534
6972
6427
-9831
9804
5224
5134
9174
-9010
1985
-5592
692
6984
9193
-9853
-329
4166
-199
-4542
-2458
9665
-9570
6853
944
-1124
-8627
5246
6062
6949
7632
1068
1344
-4699
4124
-1803
1514
2966
-5899
-9982
2334
2170
5485
-1512
4254
-3733
-7468
4596
8422
-3125
6400
-8876
9493
6745
1589
-5693
9979
-5445
1302
2975
-8092
-9126
4694
3055
191
7361
-1307
-9513
-7979
9944
-3339
-2889
-737
5325
1731
968
2579
-6967
-8550
-5984
-6059
-5277
5075
-1089
-7446
1328
999
-4273
7196
-4313
4839
-4138
4050
-2443
6460
7782
2660
7462
-7755
-7470
8901
-6262
-9800
3556
1444
1349
3469
-6469
4836
4759
-3058
9009
584
-9247
4848
-2205
3389
-4211
3147
-709
-2394
7750
3969
-1451
3505
-9455
167
4794
-3209
-1131
3708
252
820
7211
-5906
-7406
6042
5385
-2939
-4637
-3883
-6459
-32
8207
-8574
5084
645
-357
-1990
69
-6730
-1787
-5725
-5600
3727
9836
-629
-5689
2974
7552
5222
-7105
-1366
-5890
-4680
386
5110
9389
7118
4717
7894
-443
6284
6186
3782
-9791
-362
3035
3711
-5790
4499
-3127
-4469
94
2252
-728
-6841
-1470
-2253
-1990
5978
8450
2324
-1957
2474
6192
-4371
8381
205
8350
7223
2243
2224
4881
-7257
-6627
2350
9004
-8047
-2548
-4908
-8343
-1627
-3134
1451
8420
4860
-9401
-648
4833
3555
-4945
-5978
676
-4461
6624
-1461
6879
-9505
-628
-1479
5245
-6268
-2272
-5023
2494
8954
208
-7980
-5344
2400
2746
-9595
5141
145
-7671
416
2894
177
-6825
3679
9805
-3040
286
-6808
-1652
-4916
8363
1216
4523
7507
8463
-7769
7416
5764
9961
1200
3454
-4528
6016
-469
-6555
-274
3056
4985
3108
-2121
5161
7251
-8393
-3298
-4083
-8630
-1315
-2500
-9447
5945
8395
5972
-6831
5322
2555
7973
-9056
3646
-3637
7913
6278
-2938
-8787
783
-7334
9267
193
6828
-9491
6654
8644
-7448
3615
6974
4589
-9414
8793
-6694
4278
-2776
822
3454
3268
-7649
-9830
2584
-3616
-842
-4079
1400
-9254
-3742
-2356
-576
-5010
-4134
-6501
-3865
-4943
8994
5444
-8415
8050
-7838
8696
5514
4035
3057
1903
-2268
9814
243
-2046
-4361
-4964
1768
-786
3727
6216
-1095
-4469
3368
-1409
-1075
-5620
-6368
-972
4134
-3710
6860
-7009
5923
6385
-1977
-2656
-7960
-3980
7406
6157
6238
5942
-3702
3598
2109
-9540
300
-2561
-2092
8237
5055
1507
6357
-3464
-7734
-2101
-1969
2351
-7038
4337
-7698
159
5945
-3179
3255
-8776
7380
-396
-1261
5286
2740
1929
-4
506
-3347
8583
9652
8441
-4009
-4519
-5288
-4686
-7478
-6137
4531
-1889
-6303
644
9631
-9104
-5581
-1674
-7945
5389
9865
-6141
9856
-3065
-7401
127
9513
-2690
3487
1960
8276
7581
-7739
-6884
7673
-93
9047
8650
-4111
-7177
1354
-5516
-4278
-5507
1544
-2128
-7767
2187
3778
-1233
7388
-2969
-2106
-7892
9950
3806
-4847
-3246
2718
-3549
61
-6078
8538
-620
-1911
4195
-7655
-9682
-2068
-3777
9349
7158
-6496
4241
-6652
-5953
5621
-7544
3704
4097
-5586
-3168
-2610
-6446
7636
-881
-2821
1846
-3310
-757
-9192
-3773
2235
-1578
-4076
6556
-5423
-7129
4427
7735
-9866
9528
9282
1546
-8336
-8310
-162
4791
5124
9558
9755
9551
4498
-4089
7899
-5737
-511
-2207
-5238
5202
2507
-7382
-5325
2227
6488
6458
3731
892
5091
5682
-7321
9743
9008
-9924
-4502
5408
-2265
8482
5220
-4331
9586
9520
-6076
4052
-471
-4424
-109
-444
-7299
-9324
3386
9278
80
2242
-9374
1052
-7771
-2172
6286
7408
-7085
1020
-36
-4405
-199
2324
8786
1449
-9680
-9508
-2023
1559
4118
-4208
8816
472
-5382
-2617
4429
4988
4491
-5941
-3076
-8820
546
8926
-745
3342
-9195
6383
9978
1783
5696
-5999
2137
3905
-13
409
5450
1758
-4149
6424
-1008
-6989
4902
-4293
-4547
-4829
4769
-2323
7461
-7015
6141
9625
-4426
-3267
-7443
-5230
2923
-4372
-4031
-9021
8702
-1831
8886
3328
7710
2022
4436
1820
3811
3306
4786
9356
2685
-1352
-7564
5503
5453
-4683
5086
4902
-1783
4006
-3783
-9665
-1256
1895
9523
-9359
920
-5753
8298
-3197
5907
766
-7153
883
-2990
-3593
6137
6038
2153
-1277
-3096
1817
-8701
-803
-6385
7576
8289
-3434
1050
2725
-125
-2745
7207
-6573
7564
1340
1110
-485
9148
172
-4259
-2818
-3271
-7426
-8639
-984
1948
4905
136
-9360
9172
-7334
7529
-8883
3292
-8556
-9508
7739
-2233
-3472
-7911
5096
2877
1533
-5132
4444
-6013
4413
8959
-1543
-6058
825
2975
-1741
2930
-7340
8608
-8564
1954
-5863
7216
-9857
-3183
-974
-469
-7525
6593
-7348
6544
7544
2276
7292
5612
3048
2773
-6379
8901
-860
7191
2822
-6010
-5981
3648
-2416
-8536
4613
9036
1186
-7191
7951
6693
456
70
4645
-6478
-5483
5237
-4417
7114
5802
-7448
9486
7686
-420
-7431
-8521
1092
3115
5585
-9707
-1658
-7407
8878
-5961
7351
9193
352
-9246
-9305
5169
-1035
4158
3676
5766
3268
-7989
-1507
2317
-4793
-6537
3733
-8569
-6766
-9213
4478
-3912
827
3074
-7143
1451
9282
-3254
-4723
-1928
-9730
-2233
-7332
-1594
4450
95
-272
-9962
273
2032
6970
-1704
-548
9924
5973
2104
-6729
4499
-4943
-5839
-303
-8747
-8013
8538
344
9862
780
1782
-4346
-9474
-8711
3162
-9363
3617
9090
7507
6986
-4019
-529
-8264
-2566
-6945
-6178
-6204
-8796
-6371
-5355
-4996
-4754
-6508
8407
5098
4286
7398
-9488
-1084
-4285
-9280
4050
-1352
-4465
-7632
6468
-6122
-716
-3062
8521
-1955
-288
-2943
-8775
-324
2216
175
6177
697
-8823
1420
-8402
2927
-3376
-3518
553
4580
-9707
2793
-4715
-8848
-7685
4904
-715
5168
2249
9363
1790
9414
-7518
7576
8723
-5373
5527
-7406
-2946
-4142
6863
6333
-6946
4695
5332
-3112
-7954
2117
985
-8098
7864
7576
-5141
-6822
8462
6995
-3763
2789
-8712
1042
9011
3416
-3890
-5283
987
5638
-9998
1239
4294
3938
7401
-9539
-8542
-7973
-2731
-7495
7123
-9228
7492
4982
5445
-9974
2083
-4017
-8362
2222
4562
6997
2401
7144
-3516
7532
1363
3779
9930
-1582
-4569
55
-3127
-8214
1076
2548
292
-3842
2883
8058
-3940
1972
-654
-4670
7013
-4624
9712
8708
-6570
-7905
4134
-3898
9700
5462
917
-673
351
-4037
-1025
6210
9618
-7501
-2639
-1969
5095
-7391
-2809
7919
-5508
-9320
8224
-7175
3525
3903
-633
7504
8876
-4685
2205
5399
4715
-1008
8667
1975
-2101
9009
1959
-8936
-1914
-4218
4224
7411
5238
7081
-1106
8547
8720
6067
6544
4331
-6481
-6715
-625
-5376
7014
7301
3096
-7171
8392
-7385
428
2921
-7527
9868
-8473
3658
-5956
8969
3342
4718
-6657
8023
-7947
-5964
2894
-9902
5009
3142
-2084
8623
-4742
-3671
-6556
8305
2111
4639
5839
-6622
6800
-5796
-337
-1290
-9560
6398
7307
-7481
1709
-9279
-3340
-4647
-1462
-6993
2937
7638
7657
-4052
1009
2808
-6347
2122
-7219
-871
-9628
1131
-4813
-7542
7174
2445
1221
5360
-5025
4016
-3503
6428
-1457
6853
-8311
1911
-6932
-5489
-9935
-2086
6943
-5608
7560
3172
-2086
8969
1617
9306
3394
9091
-5095
6780
-9249
2477
2817
7331
1177
-3934
9014
8797
-8281
9267
-9205
-7467
-9436
495
-5477
-6493
-3733
-845
328
-4575
-1768
-6115
-1365
-9977
2299
7417
2914
-4180
-1055
9517
3217
2103
5027
-2379
-8488
8180
4400
3171
-8499
-5434
8390
206
-758
8901
56
8652
-1627
-4016
9150
-4454
8810
7187
4797
7733
4201
-5459
-395
8572
-5931
-5605
1697
3327
-8364
8565
3005
-9942
-931
-9810
-9639
9673
-5325
2096
3368
9391
-8321
-230
-7764
-9862
-8794
3237
6820
3429
6225
207
-4275
-4353
6735
8451
-3130
1002
3542
374
-6106
-40
-1010
-1340
-5744
-759
-2377
-263
-7266
6984
4289
-5138
-6802
6783
-869
-478
8431
-8233
6175
-8468
8872
-5015
-7327
-949
7310
-6238
-2740
-5123
1915
-7951
4421
3817
-1872
-4066
3822
-7875
9283
9804
2784
9464
3513
-3929
-3860
-5719
6455
8819
6908
2466
-2437
-153
9678
-6965
-5158
4110
6822
4091
-575
-3801
9229
7647
-3021
-5004
3314
6252
-9776
48
-4672
-3809
-856
4458
7491
4177
-8529
2862
-8597
-3451
2706
3844
6131
9719
7379
2500
8533
2578
-3121
-4716
1248
1778
5125
1855
2088
4207
-9317
-2608
-9160
4417
-3302
-5556
6640
1206
-8815
3636
-1791
-9574
8836
-9948
-64
-3409
-7566
-9811
-8432
6226
-230
-1506
-5258
-8857
-6313
3325
5523
-7609
214
8912
-8230
-7385
-9105
2120
3360
2337
-9665
-9273
9720
4628
7183
-129
-2871
-3386
7555
3271
3195
956
-4869
-872
-9655
-4937
4586
3018
-5538
942
-6396
-7664
-7905
5982
-8942
-4178
1673
4337
5612
4102
6240
4727
2171
9988
6646
6769
6204
6064
2719
-4415
6589
8529
-4283
3530
-420
7931
3212
-1768
7013
-7147
459
-4548
-7718
140
1776
-2274
-9558
6511
7327
-3299
7897
583
1887
7078
9619
8876
3232
-8911
2486
2082
7067
-4262
6317
-7129
8698
106
796
-5925
7127
-1095
2093
8067
9399
3975
-5145
9749
4223
3578
3158
504
-3504
-5626
-4528
-3034
7387
955
6361
2544
8558
-4665
7270
491
-9926
485
7743
3323
-3414
-305
436
5335
6794
3068
5485
6859
2764
3511
1928
2737
-1453
-4081
-3155
5633
3268
-3618
749
-5671
9696
-8377
-5663
6538
9477
-1850
-5260
6285
7270
8839
-6922
-5849
8744
-8318
5866
8037
-685
-8839
8529
9280
3169
8455
4088
-4656
-8815
816
-3403
5868
3484
7407
9135
1620
-6341
-7316
-5611
1091
-871
-1223
5026
-3792
8942
3006
-5865
-803
222
-8005
-6630
-8684
-4012
-6474
-7571
-8560
3830
-190
3276
-8969
6457
1504
6942
676
671
-6445
3161
2204
-3515
-3711
9867
2035
-3197
1850
-2441
-5687
-9009
-7847
4382
-20
-3305
-919
2108
7791
7622
9450
1591
-1805
-6411
-5030
-9068
7785
7236
1854
-1327
-3030
74
-6926
4317
-5351
-2583
3466
-7192
-4776
-6202
-5903
5267
-2059
7896
164
-9888
1888
-1569
-3047
6108
-7375
7552
7658
-5387
9116
-2308
-3431
3683
-5150
-8270
8128
2415
9889
-692
-9588
3543
8130
-8619
1095
6691
1872
-5396
6746
-7186
-5279
4061
4158
-886
-7323
-1802
2807
-5407
-5045
561
-2286
-5741
8786
-277
60
-1673
9991
-2827
4945
-4129
5003
3246
-8691
-6262
6999
5427
-387
-5580
-2292
7759
9118
-7457
-6385
-8960
-8561
646
-1364
3036
-1933
8949
-7487
6675
7783
-5826
3661
-6522
-1632
-5292
5659
2511
-9112
6033
-2169
5957
-2608
-6805
-67
-533
-3903
-6809
-9417
-9896
2273
-7157
2291
-2491
9877
-4486
5433
-769
4140
3779
-7417
-3166
-7657
-949
-5038
4476
9537
-4603
-8379
-5383
-8321
1165
7754
8563
3483
5537
7879
-8217
4492
-5469
2694
5292
6996
4038
4448
-6582
30
-7263
-1742
7061
-6995
-9130
5159
-9146
758
9258
-7515
-8101
5707
-6401
-10000
-2438
8780
-3656
9036
2980
-6004
2989
1532
1403
1287
-2616
-4988
2625
2423
-97
5999
3010
-9732
-3225
-4107
-5849
-7976
668
9012
-4520
9010
8190
-7364
-9472
-9636
4725
-1074
-4168
3355
9206
1248
-4555
8648
-216
-6708
8415
-4534
-344
6090
-6937
-5207
-8884
3993
8436
-6056
-9608
-3600
-12
6582
567
2873
1314
-6921
-4631
-7128
-5237
-4506
-1651
-1898
-3330
4179
-1090
6633
-6817
3521
-6949
2560
-3333
-8711
-9106
4133
5214
-1870
6240
644
-3576
9494
-8800
-3541
-2093
-1114
-3561
1751
-3476
-7630
-8904
4617
-8330
4240
1346
7874
-7815
-9348
8225
-2103
-8100
-4597
-5308
-4147
5199
9006
5208
9347
-629
5558
-5196
9576
-5459
4917
2780
-3032
-5400
-5786
-9387
9150
749
-9931
7187
2024
-8319
-9786
8516
2404
-7184
-3658
2353
8233
-3187
5922
190
-1562
-7617
-5953
-5173
-3824
-7562
-6598
-450
5401
-3436
4280
-2617
-2942
-8142
-8355
5989
-5598
-9624
9662
2305
8554
-5116
5460
957
2957
6019
-1665
-4667
6768
-839
-2190
6012
3504
-7824
1374
6293
2650
1112
8330
-9562
-3397
8140
98
1079
5504
6072
-4240
8579
-9051
-1908
-2113
-7923
-1538
195
-2920
523
-7121
5964
7990
7316
6488
3116
802
5752
-1777
-5016
-5565
5919
-7457
5304
167
-8671
-4548
4102
-6821
2783
7788
2959
4337
3208
7167
-6671
582
771
6204
3209
-661
-6270
-8670
2591
4164
-5807
-7790
1792
8558
1699
-619
-4878
9569
-2109
4796
4855
-48
-8196
-2229
6176
-9257
1100
-8257
1518
-9151
4095
-1240
-6815
-2582
-9784
741
4009
8036
3932
9670
5401
2617
-2831
5064
7793
3482
-7229
3134
-2992
4035
5974
2795
-6786
-9441
-476
-9491
9207
-132
-8549
3119
8804
-1130
-6191
164
-1974
313
-4112
-2078
4714
2691
6742
-7097
464
5306
6856
3517
7561
5728
3667
-4398
-4717
-8433
9193
-63
9135
-6663
-1580
-7100
4896
4298
825
-879
-7530
-7025
8740
-9379
-1713
-7874
-1617
-9951
-1516
-2491
9970
-6786
4847
8677
7736
-4489
-2744
-8171
-3047
-55
-9625
134
3838
8760
3541
8473
9102
-5256
4550
7067
7080
518
-9889
4457
4317
-648
6127
4233
637
-8894
-9261
-1811
-4886
9074
6773
-1661
-2119
-1046
2511
-6695
8598
6252
-5467
-1562
-3226
-4830
9597
-3720
8598
-3148
-7471
-7533
-9414
-9524
-2506
4102
4318
-6687
-8371
1602
3819
4119
3084
2351
1286
-8398
2264
-5752
-7317
1582
1521
-176
-2899
321
105
1431
3265
-6391
3418
-4386
7918
-6552
5849
-8085
-4868
-7629
-8093
-8210
-5408
-7016
-2585
9131
2854
1081
7299
525
-9345
-4239
-7238
6134
6807
-6160
981
-8606
-8181
2696
-7751
5605
-5380
9094
659
-8332
9255
9568
9070
-9370
2557
4857
-2048
-4027
1419
6692
-2166
6301
-1900
-2234
1699
9850
6484
-4425
8472
-4654
-3227
-5625
6302
4708
8664
-7393
-7057
1942
-6010
-8642
6686
-6830
170
-830
2039
-941
-9591
5755
5821
3196
9611
-6420
3269
8801
1806
2191
-9788
-429
-5701
-5811
-1946
-4000
9174
6803
1271
228
-8235
-1855
7435
-4623
1936
5605
-274
-2205
-8184
7513
-7440
677
-935
5754
636
3370
5020
5031
2670
1986
-6702
-3059
9747
165
-2020
8066
4519
711
-969
5125
1919
-317
-4142
-1639
-6218
6747
2939
4448
-6819
-7160
2718
-3486
6885
7312
3807
8143
7125
-2056
-4771
5593
-1963
-9019
3544
-4468
-9188
-5885
-1823
7351
-714
3961
6412
-3315
-9020
-377
-9613
-7960
-7415
-5818
9110
-6808
-1082
5271
8998
-3579
1832
-1340
-7664
-5209
7547
-596
-5232
-1132
7139
-5072
7289
4209
-6201
-6439
8313
6658
4219
-3586
-7345
-1150
3382
3322
-5953
7833
-8004
-9743
-9475
-2208
5472
6666
-307
6425
-9949
-5290
-5247
481
-7215
4760
5653
-5276
2557
4993
-1055
7589
201
-3448
7481
6496
4532
1240
6753
8723
-6653
-512
-2089
739
6304
7263
-361
-6844
-6791
-6095
-9258
5307
-4443
-6436
-1478
-4322
2229
-3630
6766
-3127
7189
-4884
-4864
-6869
517
-5778
7926
6624
-4328
5572
-2143
4028
-8398
-8824
-1244
5913
3930
6009
-788
-7783
-8651
-3196
6506
6319
-3002
-4123
-1510
2803
9244
7864
7535
-73
7918
-4628
-1648
-3075
1135
-8744
2857
-7102
8964
-1153
5370
324
-927
-8935
-342
1463
9467
-2598
-1630
3438
-8637
-2856
3058
-8346
-8910
-780
4939
9469
3938
-4604
1133
-1642
2032
-2306
-7810
7384
5647
8320
9111
-7050
330
-9502
-6843
6030
-4131
7656
-3424
-4571
-2137
-3451
1596
-8274
-9565
3052
168
-9195
-5094
-7252
-8807
-4681
2105
4358
-2710
1824
779
7796
-6819
3955
1019
-5148
9289
-6948
-4238
9944
-7739
1801
-6918
-9655
7603
-7227
8193
-5221
-3229
-5344
-6207
596
1688
-9555
-7695
6128
-951
-2624
-6145
2131
4815
-8378
8526
7280
7410
5375
-1454
-991
4263
-8573
-2174
-2067
8658
594
-5575
990
-5683
1654
-946
6467
2701
-5709
-917
3062
-9317
-8306
-484
-447
1210
-1203
-7216
-6070
-8527
734
-4382
-4946
-302
6757
7476
-6764
-118
6116
5293
248
368
-8186
-8930
2864
9399
-4996
8507
-7791
-1293
2736
-9633
-9078
2923
85
8802
-1664
-5049
-4287
-8585
4589
7060
-384
2104
-988
5762
-7083
1455
-4298
-6483
-9225
-4951
-1849
8751
1917
-9585
-9709
-4689
-505
-6083
-3711
-9731
-1683
1681
1486
8696
-3492
3027
-2056
-9312
-2579
-4484
616
-7474
7522
2405
5359
3754
-7572
7462
3185
337
-3104
-5043
-247
3047
5049
-4937
5459
2808
-9157
1953
9465
-3546
7907
1086
-9570
2473
4476
6959
-4791
-4501
6061
-2315
1879
-4209
1646
1034
6257
7911
3318
5194
-776
-8283
7712
-6587
-1358
-1454
-7672
-407
-9278
9970
7924
1980
-8816
-4273
-229
2512
7213
6364
-184
-9477
2623
9555
-4053
-7629
1740
2299
5304
-7291
3285
8951
-4500
-8466
-7672
-8500
-3551
-4147
8533
5156
5199
2212
-1251
8069
-2895
2683
136
4402
-8494
-6390
-2057
1108
6316
-1854
9097
3803
-6935
8759
9329
2179
-7699
-2954
1405
2374
6626
637
-2020
-3019
-3851
-3285
-5670
-9223
-7833
-3526
3386
2498
1451
-3194
-796
4673
6344
4637
-8390
-4702
-6558
-3853
-8686
-8706
9833
2991
7463
-3326
1583
-3217
-7728
-5151
-5358
-800
-3486
6977
1569
-1348
9191
5192
6182
-7673
3733
-8969
-1284
8713
7802
-8346
-9756
163
-3919
-7743
-2190
8153
2466
3851
-9781
-9147
9045
-8994
-6948
8935
8496
-3204
-4992
464
6101
9110
-3091
-9318
-1624
-9879
2599
7079
-8506
8578
-472
-7206
-5472
1441
1260
8190
-8600
-2962
6413
5161
-153
2169
-8396
5564
-3824
8067
3181
-4288
-9569
-4666
4501
-2395
6408
-5461
-1430
2944
9710
2127
6558
-7259
-8980
-3857
-9654
6728
6302
-3711
3118
-4547
7335
-1315
-7517
7604
-9723
8114
4210
7932
-1987
7022
-3261
348
6678
2556
-9459
1911
-1104
9733
5335
6983
8386
-3668
-785
9781
-9353
-3397
3982
-8208
9399
3359
-9213
-5322
571
2435
-819
1668
-6095
3669
-8468
-5445
-2034
1379
7446
374
7863
-8319
-2173
-7270
328
4863
-9467
-7154
1304
4536
-191
8481
-3600
-1651
8504
-9389
2645
8250
6679
3802
6014
1793
-8952
7075
8931
7453
-77
750
6803
-6157
-9377
3039
-8460
2885
9463
-4571
5980
794
7626
6860
-8442
-3655
3298
-4233
1810
-9174
788
6800
-2115
6754
5665
237
-2178
-5639
-5383
2215
9908
-4158
2789
2298
6467
-9330
3359
-7132
3284
-6584
-1540
-3181
8923
525
5900
3104
-5129
-630
2170
6580
-9052
4017
-4213
-5691
-9089
-2990
346
5804
7360
2150
-5416
7518
-760
6102
4598
-1494
6152
5532
1360
-9592
7865
-3815
2641
-9774
9358
-3341
5378
-7161
-7129
3247
-9614
-1353
7641
5279
5397
1529
-7422
6374
-3937
4753
2027
955
-4464
2794
-3628
2689
7415
7234
6224
6569
-770
4378
5175
4730
224
6738
3613
5063
396
-6600
9912
-8639
3026
-8381
-6012
-5052
7863
-1305
-8690
8919
-5455
7888
-1295
1711
-5099
9831
2840
-6530
-5942
9680
-2290
4208
9971
1865
1099
9007
-3961
947
8652
3228
3083
263
-6041
8873
-8813
-7195
-2383
-6611
1095
5581
-990
612
-6389
9693
7396
9118
3871
5551
4559
-7876
36
-4123
1150
-8472
-3211
9048
-9192
-7936
-9221
-30
5795
3639
6327
-5427
-8827
-9721
-9697
-3676
-1039
-2556
2
-8636
-1012
3152
4878
6131
-5881
-6129
-7578
6725
7289
8881
6324
-9329
-8293
-190
2004
-9931
-816
-3141
9786
8890
5547
-2348
9577
-9299
-2258
-6612
-3981
9257
-2747
384
6806
7319
3750
5905
-6601
9151
-2055
4433
-2251
-5737
2232
2738
8746
7431
7176
-9643
-3653
9407
7754
-1023
5246
8915
479
-4259
-2505
1864
497
-3994
-8064
-9158
1072
-8260
-7344
7245
-9812
6521
-987
804
-9280
-3314
-2343
5425
-5716
8939
5323
9057
8757
-7873
8775
811
-3765
-5381
-1657
7835
-7234
4679
3890
3013
-5750
9991
-9072
9049
-6618
-903
153
1719
4476
-3287
-7131
4237
489
4556
-4539
5928
4597
5552
7618
-9518
3571
2261
-4786
5463
-1912
3982
6263
7015
-6109
4462
5255
-6844
-2969
3896
-4603
8059
-1074
2404
-8311
1611
-2817
-1002
1268
4603
4740
-2500
5084
-537
-919
8560
1790
4851
5824
3246
-4514
-15
-4187
-5985
-6863
6072
-6499
-4735
-4567
6295
5328
900
6270
-7421
-8749
-6121
-938
5395
302
-4146
-1057
6773
-4189
18
-9713
-792
738
-2156
541
-4257
7885
410
-3122
-2538
4186
-7195
7134
-6945
-670
6712
8220
5289
9488
7033
5089
-6848
-3710
-7404
-5708
1355
9192
-9241
3628
3658
-5617
-5151
-9840
1011
-5791
542
-3408
990
2578
7384
-1429
4886
8979
5310
-8739
8489
-2786
2226
5401
5485
375
-9701
5004
-558
7569
-1264
-7117
6687
9843
1214
6320
4714
6980
-345
-8649
-9065
-5238
-6980
-58
4484
-3526
4258
313
3460
9737
1805
213
-4822
-3760
-6160
3111
-2921
8571
-681
-7523
313
3882
-7187
-128
3261
-2797
9169
4333
3321
7981
-8049
9179
-9805
-629
-8757
7619
-797
8546
335
-9122
-4589
2026
4697
1010
-6252
-1074
3877
-982
-509
-7729
7671
3275
-8405
-117
8190
-8553
9296
5940
-3896
-7451
8419
3926
8261
-6696
7001
1796
1988
6499
2248
-2943
-1718
4519
3826
-4266
-2542
7620
1636
6758
3480
-4808
-8111
4870
4235
4965
-9585
9735
3105
-5068
1575
-3157
3961
-2621
4061
-9422
426
-7085
896
4489
4185
-8652
7023
875
3181
-5348
4631
7876
505
2058
3156
-8084
-9818
-340
-1258
7695
6463
-8600
4692
8816
-4344
8849
715
1831
163
-9443
-5418
-3353
-3726
-7408
-1184
5452
-8488
-5457
2869
-7118
4208
-4127
8633
-7824
-7123
2448
-510
-2383
-4185
3424
246
-9949
7294
4601
-7188
7813
-4005
-1954
-8187
-2586
4064
4354
6738
4990
5441
-6890
9053
8775
947
-6804
-4250
4617
-7762
-5719
-6419
-1113
-2914
7397
7954
5570
7857
-1854
-8867
2200
6765
-8603
4199
-3406
-8561
-7307
1853
8459
-2839
-3402
6547
-2000
-2179
6730
3301
-3497
-796
3493
-9862
-1567
9130
-7447
899
7218
-6160
-1102
3481
-1028
7599
7066
4619
3099
7292
2356
-9567
4473
-3740
-8163
-9540
-8055
6953
-2578
9231
8977
-2742
-2255
8677
-2932
-162
4627
634
1777
7745
-8188
7186
-3560
-4990
3633
-882
4412
-1842
-8761
2832
418
1201
-8051
9485
4860
8322
-6140
8506
7429
9551
-1200
-224
5132
-3346
-3731
-9763
-4565
6042
3704
-4348
-5772
6352
8157
-9621
-921
-158
7230
7434
-5928
8500
6276
9645
-7260
8007
1994
-4594
-1329
-8820
5881
-7494
-2479
-9863
-3413
-8326
8635
-112
9994
6233
-7505
7853
4489
-5392
170
-7668
5639
-2225
6431
8362
-2212
8318
-4072
3290
5238
4553
-2920
-3525
3758
1828
-8317
6584
-4125
-6525
-7317
-9948
2486
9987
-1220
488
-1876
-956
4827
-170
-7880
-8612
-1966
4633
-1997
2932
-6712
-3885
-5898
7425
7608
5809
9361
-2137
2474
-4836
4542
-8296
2341
-7180
4778
-5335
9305
-3310
-3908
-4106
-4819
-5320
1856
5878
-5244
9164
-4312
-3125
1334
4317
-979
-9791
2133
8288
-5701
-3537
-680
9947
-2779
6730
4109
4047
-6671
6664
-5914
7553
8093
-7290
-6069
4384
3523
-5914
5369
-1296
-2432
4953
-8370
-5801
-1040
6859
1789
-8741
-5225
2005
-130
4055
-767
7832
7896
-891
3106
-3172
-8189
-6569
-8034
-5140
-8570
4526
-7195
-8618
-8083
2250
-9148
-5803
7882
6910
-8918
-5188
5140
650
-5970
9
8257
15
-9807
-1770
-2455
-4247
226
4973
5834
2252
4105
-1832
-1912
-7575
-2461
-9648
9886
495
-1934
-1767
-1340
-7960
1009
630
4819
-6293
6055
-9943
1445
-660
-1709
1815
-220
-5438
-2275
-2177
-3855
8087
-6056
-6331
-3065
9068
8931
-9824
9090
9397
-2006
671
-8949
7953
-4481
-321
2361
6983
3446
-484
-4207
-8015
-2434
-4692
9577
-2950
-1056
-2469
3445
-8810
-8143
3629
-3096
9044
5657
3503
-3494
5017
8645
-2716
-1468
-5
-1268
-5348
-7038
3450
4604
-2599
-1471
-6794
2343
4823
-4504
-3177
-4514
-9366
-1997
1778
-6867
5558
-4268
6340
-3717
-4680
-344
-6300
2422
8228
8514
-3628
4546
-5379
-3279
3417
1728
4868
1892
-6487
3516
4326
-9932
-454
48
3680
4421
8428
-1529
-9904
9082
-8697
3307
-9966
202
-1195
-5829
4385
-5442
-9364
7510
-9483
8569
2535
-730
2382
-9076
-7352
-7281
-7939
-1321
-8411
8633
8045
3546
6242
4925
2590
4962
-8757
-505
-6478
-2927
1693
3123
7515
-8772
-4211
4307
4414
7313
1658
3849
8099
-6795
6393
-6789
3668
8922
-7884
799
-7286
722
-8668
-3076
-948
4863
-5628
4524
-4560
3938
6038
-4260
5466
4824
5143
-2572
4671
5202
-6525
4768
-7764
9714
-4579
-8478
1249
6479
8631
5796
5178
-4804
984
7026
9776
-6954
2834
-1826
173
4282
4097
-9942
-6836
9476
-391
-8372
-2113
-2410
-5489
7563
-2380
2114
7983
8744
5862
2186
8076
-6867
2970
-8787
-576
2390
-445
-6014
-6608
237
-1161
-6108
-2345
-9391
9289
7865
3127
3253
-2193
-5238
-3147
6269
4134
7042
1104
6728
7942
-7834
5235
998
1049
-8713
2948
5985
260
7565
2094
-4854
-2504
-3323
-6995
-6067
-3680
-120
-7418
-4442
6958
-3592
7432
-7949
-1185
8829
-6560
-9788
-8879
8544
3649
8376
675
3470
4212
4285
-7898
1124
3801
7280
-9175
-3089
-6718
7309
8039
-1678
5107
-2036
8363
-916
-3149
-5648
7123
4805
-2311
-3891
-9834
2781
-5709
216
-7138
2693
-2771
5663
-3968
4436
3562
4258
-6736
-9211
8775
-5911
-998
-6635
251
6329
-2193
499
-6040
7242
-251
8301
-7611
8081
4569
2811
-2697
6357
-3103
7803
-2790
4401
209
-5313
-834
726
3901
9287
-7325
-749
9876
-5960
-4953
-225
9403
3583
-4523
-386
2911
-4446
-995
-6001
-9053
8093
16
4796
-1189
7120
642
-6372
-4431
4192
8432
-7631
7882
-4534
1744
-3032
8630
400
-552
-6276
7754
-6584
9800
8853
3694
6830
8633
6900
9771
-7121
-3049
-5433
8279
-7147
-573
-6128
-3400
6029
-5034
-9117
-2196
-7394
-6671
4971
6335
-2677
8203
-129
7910
-5247
3095
-3748
4452
-6225
2407
-3485
-8845
-6055
6743
-8607
-6590
358
8440
-2630
9395
-7735
1820
3751
752
-9010
-3357
4715
7809
631
-570
-9126
7919
2001
-4145
811
-8696
7228
1649
-9725
3379
715
1436
1611
2218
-9827
-1769
3414
2008
5744
-3244
-5181
9667
-3259
-5444
-3726
8987
-8285
4458
-7796
7245
2254
-1779
2874
-8394
-3505
258
8272
-5715
8027
-7382
6377
-1673
2635
1440
2556
-1153
6396
5648
-9442
8682
5230
1044
-3352
-4420
-1062
-1798
4470
111
8995
-3343
6609
9494
-732
-9013
1275
244
-4352
-3077
4592
-5708
6824
5818
6039
-5133
-7966
5306
5244
8111
9244
8100
-5443
6359
-2717
-2648
9013
-6463
-2339
2311
-8713
6773
4587
5500
-7389
-3156
6151
-9951
-5407
-43
4175
836
-3771
-4299
8381
-7085
-250
7731
-6559
-5914
-7814
7351
2532
-7642
7
1969
5560
814
-7121
-1521
-9134
3370
2088
-4717
-1538
-5457
9454
-8413
9843
-3251
6213
6280
1881
-7709
8135
8204
-4565
5778
2569
4678
-1745
5427
6016
-9012
9060
-450
963
-213
2164
3191
6365
-4169
4388
-5996
-3351
3151
-6225
9625
-5232
4094
2305
3801
-4765
4056
8889
-2855
2990
8892
2281
-1179
-2379
3516
-9727
3054
248
-8020
-9080
4860
-8054
-3940
-8029
-5983
-2660
1392
-461
3730
6978
8790
-3207
4880
-3941
1728
3225
-8237
9723
-2369
-9867
8308
-964
-6224
8594
1098
4819
-8641
-3387
8554
-3793
7543
6735
9068
1327
-8998
4435
8339
7161
9001
9831
-6341
3127
-1341
-9830
-9714
-2570
-6420
2064
5052
1876
-8361
-9193
3748
-4968
3307
-9911
-7875
2587
-9096
-7781
1189
5444
-6709
-2759
2424
-7221
2691
7437
-1962
3793
8063
-1409
9521
-9329
9218
4931
-6069
-1779
-4628
3467
-590
-6658
4278
7339
-5595
-7078
7444
5317
-3273
-3096
4740
2361
-4342
-5005
-5118
6911
-3693
1891
1639
-5257
-9253
-5049
-5920
6038
-1470
-80
1759
-5056
-9698
1851
-8492
3826
-8261
-7024
9518
5897
1636
-5301
-5400
1115
-1495
2668
3177
-9514
5394
3445
-6499
6418
-9592
-9141
7988
9529
-7248
7243
-5740
-6994
-7556
-4345
-5192
5041
-5607
2585
6909
-2589
9647
-3812
-9922
-7158
8271
-5222
-851
8710
3872
4058
-6331
-2413
-8462
4125
-8569
1877
-1168
-5626
2726
5827
-3402
-5327
4815
8583
6979
2852
-9411
7087
1734
-6691
-6573
-7141
953
1338
-3085
9051
-106
4422
1953
-4780
9878
-4924
1636
-4978
-5990
-5269
-7383
-1896
-9264
-3462
-1542
3648
665
-1231
-1268
7728
528
-192
-5098
6851
-9342
-606
-5899
3327
1286
1007
-7982
-2453
-5252
9938
-7619
-5647
1281
-3493
-185
-8207
-3898
-9959
8818
1604
8054
3496
-6827
-4513
6811
-1215
-1292
113
3060
-7751
7272
-4156
-9392
-8844
-9443
1007
2749
-6993
627
-6415
153
-6780
5390
-508
-3324
-1880
2076
2926
4948
-1020
5213
-9015
6992
5720
5429
-8265
-8809
-931
8753
3987
8269
-7063
6660
-122
6232
4797
-4144
730
-460
-7865
-4571
9581
3674
9529
2666
-9876
-9288
-4696
8219
6828
4880
9064
4632
-9452
-6481
-5380
3647
-6027
-865
5978
2788
2348
2380
4640
-3091
9547
-3414
-2843
5413
-7140
-2800
9508
-3232
7085
-1306
-4589
-2671
3266
4115
2070
7517
9508
-4235
2002
6518
8842
-8129
7497
1163
5216
-3133
-2711
7505
7458
818
7384
-8255
-966
2539
-1083
7065
-8899
-1518
6069
-8
369
7512
1981
8319
-5749
-8355
6096
7653
1745
4041
768
-9604
-389
8141
1309
9653
-3821
-7657
-9934
5418
3542
-7773
-9287
-3976
-8184
2560
6292
9849
-6861
-1516
9724
-5205
1307
9847
5632
3582
-6876
-3990
592
9423
-2176
3776
4775
-8584
4572
-5531
4918
1321
2540
4796
1223
-6724
-9971
2676
9538
-1865
1794
-6654
3274
-2922
4224
4060
3829
661
7625
5987
-3246
9226
-2690
7541
-3728
4485
2558
2817
-3579
964
-2686
4365
-4920
9924
2059
-6851
-9591
479
-4445
2947
-162
7489
-6413
6487
-7221
-6678
2058
-3637
4052
4231
-3435
-5077
-5029
-7585
2602
9162
7659
-4116
-9592
5869
-3003
572
568
9711
1565
5325
-6861
2098
-6197
-5287
-3221
4847
-2499
-4229
-8228
5632
136
-1184
-5469
-2130
1815
2077
7335
3574
6245
1574
691
-924
420
5015
-892
-4965
-6345
-9212
-3338
566
6350
-9532
-110
4553
2386
-6174
-3715
6997
-5424
-6082
5697
-4473
8459
5653
2398
4496
4394
-5976
-6552
7849
-2632
-6968
-3070
8622
-4052
2532
-931
-7487
-8917
7706
-6404
2881
-7998
-5371
-7505
1884
3731
-5638
8903
-8560
-1750
2178
5660
-8972
554
-1458
-1632
555
9559
3111
4555
-9130
9374
6363
3539
-5686
-5638
6801
4159
-5362
4236
8151
6208
-7872
7547
-4829
-9739
707
3110
-1223
2871
-3131
-6939
-5954
-6870
-523
-5928
-6075
7831
-1282
-1392
-3515
-7378
-1958
1884
-642
2112
5314
-9079
9278
2900
9117
2947
9350
7079
3276
8702
7994
1355
-2827
4338
-6132
958
6997
9545
4077
7816
1116
-5160
-5398
2610
-9293
-2328
-2436
5703
-3915
4543
-4231
8728
-4733
9804
5472
466
1846
8447
-7489
7680
-7784
-7735
92
5784
1031
9803
-7793
7071
1380
1841
-9508
-3541
2004
8367
-8803
-1404
4214
-9509
5820
7866
3613
-9516
1062
-8581
-7781
-5884
5044
4189
8744
-3477
-8623
-6444
-119
7255
8017
6200
768
-6133
-3738
-1019
464
-7838
6548
-2501
-907
-4551
9969
8301
-5409
-7794
4926
9726
3504
8510
-4252
-8561
-9115
4779
-5768
3573
1541
1190
-6778
-6341
-8428
-1183
5047
-407
7543
5934
9755
2395
1045
6428
1795
-7192
-8893
1505
-5750
-6968
-7940
236
2619
-4893
370
-7163
351
6361
-438
-7655
5910
-7953
5171
-6966
-5173
-636
-6138
-1331
-3885
-1789
-9969
-8027
3454
5831
3491
-3725
7719
-4390
-8765
-3782
1040
-5384
-6517
9388
8162
-1156
-6540
-6300
215
-3402
-3401
9486
-6011
6636
-909
5980
1723
3247
-110
8102
3737
-8231
-2149
-980
7240
6571
8949
8729
-4311
1155
655
-5268
-7099
-9553
1765
-304
9919
8197
-8942
200
4331
-1349
-1755
4334
-2183
-5211
7312
5305
4847
-541
-2045
5960
-157
-3140
4604
-2102
5748
5805
-3318
-5577
-1616
-4003
-1699
-8243
-9962
-7911
7385
-7912
5400
3394
5326
7041
-4853
-5429
6416
-1334
5302
-3743
-3331
-687
-1455
-2945
-6865
1720
960
-694
6482
2273
9134
3310
-6563
-3243
-7361
-5469
3493
6180
8158
5411
7513
-3335
-4284
-9551
-3725
-8782
4504
-7093
934
2113
-722
-9362
6534
4822
3849
9346
6306
1323
-9742
3105
2022
593
-6826
8235
-1517
1437
-3229
7615
-5147
9247
-9010
-8815
-1096
-5505
9747
259
9987
7347
7735
5552
-8438
8064
-9466
829
-3481
-701
-4464
4230
-8352
7317
-2086
-5344
1277
8584
-7591
-5570
2798
4413
-4750
2405
3108
7771
6874
-1817
5479
1852
-5582
-222
679
548
1512
-5643
-9765
-4070
-5183
6016
-1820
-6477
-7275
-388
1814
5012
-528
6293
1636
8644
3076
-3965
7447
-9128
8017
6602
941
5012
-4326
-3724
8248
-3498
815
4797
7239
-6922
5194
-2174
4038
8568
8659
-3933
1638
5758
-2612
8443
-4537
-2255
5799
-620
7625
-7887
-9418
5558
3185
-7022
-913
729
-5513
7615
-8033
-9439
-7757
-7035
-9502
6293
-2820
4191
-1683
-1120
2189
-2464
8908
-3084
770
5921
2080
-9463
-6325
-4187
4757
2481
3787
3171
5714
1467
-5678
4787
4731
-4738
-7279
-1003
723
3077
-9988
-7308
-6354
4405
-3143
-3548
2869
-4526
9503
-3795
-4154
6998
-1415
3655
8736
-821
-7395
777
9630
-9217
-2227
128
-8999
5775
-7413
-4560
-393
7062
-6100
960
-1344
-3298
-6953
8028
-1390
-5943
-8945
-4500
-4028
5265
-4208
4530
-7214
-7573
9405
2599
1123
-2996
5809
6957
-754
2796
7568
-9001
2632
-2680
7035
-7928
7124
-9880
-8669
-2996
-1587
-1700
3816
-5807
-826
-2738
-5120
-4710
688
6422
-3679
-2850
2164
9214
2124
3006
-3195
-3348
1409
2163
3839
2142
-3558
7592
1844
-3916
5550
6568
8302
5542
7136
-9993
6144
-4321
3002
5768
-3817
-7603
-3149
-7944
-1415
8018
-8898
-9220
6245
-4648
1453
-2407
9488
2772
2111
-7214
-4819
6006
2037
-1452
4426
7633
2998
6920
-4360
334
2529
8699
-8411
-7106
7934
6409
3440
2720
-3313
-3219
9526
1907
-4315
1247
1661
-4809
-9721
-2087
4432
8483
-2606
-234
-7283
9319
6079
-4574
2239
4542
6315
3592
7531
7108
7884
846
1045
-7136
-4482
-1247
-2417
-103
-7926
8299
-3886
-5905
3096
6726
7939
570
-2056
9911
7773
-151
-8439
9194
7518
2684
847
-4269
-7306
-5517
-3978
-2737
-7950
9024
-3975
8526
6271
901
4003
1070
-4067
-4769
-4652
6328
-5763
-6299
-117
-5534
-8986
-5437
-4189
6615
972
-7494
-3001
2976
5957
-5926
-7622
8256
4118
3686
7214
-8981
9658
-7336
-5943
-9607
-7877
-9492
-699
9853
7593
-1781
-8400
-430
-7711
8943
-3568
-720
9235
4877
-3711
9281
-4562
8746
-6726
-3372
-2838
1840
-7705
2563
9145
8444
1532
-5814
-2242
-5556
-5336
-9244
-707
-8051
2048
-8033
1731
746
-9363
-4612
8769
5396
-2576
-9339
740
7904
-9866
6251
8056
8813
-2351
5058
-6871
-6336
5988
5255
-2770
-8782
-4110
-9371
-3499
-2102
-4666
-4452
-2143
-4787
-1638
3346
-709
2287
7081
8549
3920
4457
-77
-6520
-243
3559
-8740
8194
-9917
8309
-7491
1289
-9844
-2451
-6122
-2800
-1221
-4219
2904
-5558
6157
4669
-1073
-2042
157
6208
-6924
8025
-1114
8192
-6949
-3222
-654
7441
429
-4505
4895
5828
-1543
9066
3009
-5035
-179
-8662
732
-7483
-6525
-1675
-7027
-2206
-5240
-6220
-284
-6190
6898
-3108
-7563
-5564
-7779
3517
5354
3880
-3611
-4350
-7076
1281
-2616
6503
-5626
-4515
989
-5213
721
4642
-6920
-4937
2946
-2205
-5486
1550
-2524
9709
411
-2897
4831
657
1582
9689
1161
-398
2955
-1715
7120
9835
2030
-9448
4962
4092
-4296
3528
2396
6038
-7424
5828
-2658
-6774
-9136
7213
3259
2842
1184
7883
730
-9990
658
-7432
9056
-9839
-871
-4475
6785
-1051
7848
-8019
9583
257
-1370
2147
3397
2889
-2665
-4458
2152
-9164
5328
-1664
7303
-9102
-2730
-8936
-4172
9167
8704
5952
-4183
-7723
-127
-2060
-8428
-719
9726
6326
3526
-3736
-3195
8309
2374
-2893
-117
3786
-5344
-6536
-4779
3230
3149
-7470
9351
-678
-358
7898
6487
6381
-539
5209
8384
184
-2114
6234
-7880
-3080
2645
310
-1829
-1716
-9987
6998
8627
-6720
7946
4565
5974
-7028
3988
-1995
1115
8632
-2195
2196
-9338
6509
-3847
8523
-2661
-2574
3795
-2333
-2726
482
7375
-9033
-288
-4695
-3492
3183
-6469
-4626
-3375
9022
4483
-9295
2610
-8112
4131
1110
-5564
5285
5451
-5920
-3272
-3061
9661
-1586
-9367
-9592
-7882
-3666
6219
751
8601
-8195
5243
8257
-3429
-2483
-9300
-2255
-2067
-1182
-9845
7137
-2408
7637
-6170
3815
-336
929
-3296
-7189
1821
-8959
2618
7743
-6806
-8441
-3122
-3626
-6329
3690
-7946
-1523
6367
-6237
9341
4193
7763
-9606
3379
9604
-8987
-4630
-2993
-7491
-995
-5866
-3848
4011
1749
-1598
-7126
1428
-8352
-9212
9547
9933
9996
386
5473
-6550
5551
4309
-6109
8646
-223
-9504
-5477
5311
1888
4739
2963
-502
4841
5540
8710
5772
-4858
9891
-7894
3427
-6242
8828
5031
-8521
9862
-7763
-4525
-3318
-4045
-4418
7692
-9476
-6079
3666
7630
-2987
-6839
-8860
2106
2281
2680
-3698
9584
-776
-53
-9148
215
-4689
-213
8785
-3610
41
-2626
-3424
3631
-1469
-3314
3221
-1221
4323
-8231
-7558
-315
7821
-901
-6494
6606
-3692
-9985
-5428
-1409
6569
-8212
-4734
5991
-1498
-8359
9081
-8659
1391
-9745
-9645
7926
9671
3570
-3721
-3840
-4589
3392
-9059
-465
-212
-3918
-5000
3803
-5330
2830
5249
-2011
5550
2901
6513
5231
8142
8696
8022
-8163
-7870
-9362
-4544
-9640
-9397
-2683
-1733
-9916
-5851
-7041
4435
-3099
9383
-2205
5079
3030
-1595
5934
-8584
4649
-4720
6882
7681
4711
-9108
-348
9742
7694
-8215
-2005
-3100
5366
-5667
-3635
6415
9635
1442
-2874
-4873
8806
-242
-100
-2333
-8046
-8645
-3942
-9456
-3528
9839
-4453
-9360
-6181
-9369
479
-3677
-6530
-6205
-7892
1329
9963
-3054
-9630
-2683
-8893
6242
-6109
-6748
8834
1893
-9146
7968
1595
8792
-3422
6831
3416
-1222
9026
5885
6425
2081
-3894
-768
-6408
-8370
3119
-2365
-872
1046
-2889
9527
6186
-6028
-4530
4306
7767
1765
-6555
6377
6189
2957
-85
-7259
-283
9290
2656
-6346
8750
8475
-4699
9748
6236
-1872
1130
7155
2955
4992
2107
1403
-299
-7096
-9339
9959
6399
-8907
1175
6121
2643
7491
7020
-5539
7745
-6820
-5482
19
-430
4041
-6388
-7986
5575
2786
-7502
4250
5417
1579
-2961
-5522
-5122
-7020
-8369
-3128
1697
6481
-3102
-5279
7416
9280
-3361
9671
5503
-5201
-8253
3337
5680
7669
-9618
-837
-7278
8977
-696
6395
1474
-9502
839
-103
1077
424
2423
7728
-9561
-6441
8823
-6188
-1395
2555
-8986
5012
709
-2196
-9661
-8126
2832
7170
-8392
4145
-6352
4050
-6249
-715
-2425
9898
8694
9021
-7789
8447
9557
-3428
-2268
-2978
-166
6728
-8426
-4128
6609
8694
7891
2291
-8658
-9312
7450
-5704
3170
-9298
6113
-9199
2596
3513
2405
9073
-6700
-8270
-412
5409
-1346
-5695
-1886
2654
-3138
-3006
-2654
8123
2144
-4873
-1079
4682
-6710
760
-4874
6389
-8159
6118
-611
-9084
-30
-7506
5467
9350
-8351
-6938
5054
-5169
-4801
-9331
-2197
-9203
182
-4589
9566
-9460
-5854
-7407
4206
6622
-4239
2345
28
-7498
4412
7843
-3076
1566
8827
9485
-3541
8135
-9343
7153
4733
-1496
2015
-2077
-9402
2600
3796
6727
551
3025
7111
-8891
-6090
2016
-4551
8004
2921
2731
7294
8418
-7551
433
-2753
-1553
-9952
8473
8964
6694
4737
5728
-8404
-1750
1872
-6660
1651
-2602
-2687
7580
-624
-225
-7183
-2885
6947
7964
1311
-3578
-383
-7916
-8866
-380
-3156
6254
-5894
5258
-1413
-6264
-3696
7607
366
2060
1273
-840
1789
-1543
5846
-7002
9533
4002
3786
4382
-4523
4735
-5650
-4301
-9549
-2505
-8214
1838
-5052
-1185
-6404
3143
-7567
5407
2433
-3448
-5265
2021
-8682
-6649
-2673
4875
-5473
4990
-7090
-9987
3175
-8259
7983
-5481
5297
-9408
-2578
-9490
1929
-6770
-1441
-7480
3490
-539
9002
3885
3377
-5208
-6465
1767
-6720
4411
-172
-5106
1037
9506
-8055
2283
4602
-442
5854
8183
-5041
7758
-7749
2968
-6368
-1136
4089
-5174
2435
-7179
2619
-3583
6485
-7689
-5364
-7571
-3893
-9885
-1955
2377
-722
-4173
6262
-7218
-7897
-9087
4909
-7679
4118
2683
-9172
-4976
-5823
3765
-5031
-1894
289
-2263
-186
5285
-4428
-2178
9012
6482
6657
1373
9091
8433
7941
-5097
5831
2947
-2175
-5410
-4908
-8953
-42
458
-2371
6837
6766
-7533
-8677
-2626
5908
-6190
-8583
-8110
-2814
-7651
5439
-2046
4752
-2683
-5630
-7610
1416
-8837
-656
-4272
7291
-825
-5288
-1598
2959
4756
7022
986
-646
-4480
-8620
-157
2166
9772
-6472
9424
6490
3050
-164
1783
-1666
9769
6278
6981
-5788
2105
-6275
721
-536
248
-51
-66
9307
4534
3880
-9479
7180
9624
5547
-460
7230
5518
-9478
-3487
-8319
-7619
6251
-4070
-6105
8211
-7908
-7132
8616
-8224
7394
-8983
801
3332
-1386
1619
9072
7546
-4786
1105
-2614
-7613
5741
-211
-5856
-1823
-835
-9889
1728
-5453
982
-837
-3798
-2111
-3379
697
-6289
-9723
3341
-3437
3506
1023
1790
4622
-4528
3598
9484
-3145
-9556
-8185
-5997
6694
4037
8560
8953
-4636
-9086
-2587
789
3234
9038
8907
-7351
1162
-281
3592
-1382
4832
9387
-3474
7971
-9236
1659
8948
-3846
-5238
-1973
-9027
-1878
3379
-9384
-3496
-6696
-5432
5996
6926
968
4232
-3684
-8593
-6504
2003
1647
6869
2850
-4880
-1821
1105
-1827
-8312
-6532
-7347
-7343
-7443
-5939
-2669
-8237
3540
-3107
-2572
-5298
1860
3178
-8854
-6710
8443
-1046
2774
-4513
-4531
-6871
-9489
-6808
-877
1920
-8876
1975
-1629
-8938
-2185
6134
265
-2916
-5273
1581
-1040
8327
7110
592
-3927
-6058
-7250
-8347
-8934
8467
-6655
6658
-6980
-5741
-7094
-8377
-7371
9332
9274
5100
1383
-4547
2514
4822
3000
7752
5467
-8795
-8656
624
-1817
-8752
9925
-8062
-4966
8539
747
9442
-927
9780
8145
1568
-2766
-2901
-9005
9573
5747
-4144
-6122
5437
-7420
5435
-7623
2996
-4560
7224
9737
-227
4717
-3996
2204
-6387
177
5961
8871
2917
-7270
-3541
-9284
6121
-105
-1599
-3841
9450
3931
-5630
3983
-2899
-2990
-9549
-8490
671
-3615
-89
-8150
4374
6366
869
6048
5588
-4431
-2346
-4534
-3353
-9491
7946
5345
9411
-4812
-7986
-6921
-5886
-6078
-9265
9068
-4605
-2080
8632
-6232
-9127
-2165
4386
7444
2854
-5954
2127
-5664
9961
-214
-3849
6835
-4024
-6340
6353
-7934
-8510
9669
990
-6654
-9353
6451
-6569
3814
-6470
4945
-4682
-9847
-1725
4571
-4176
-9246
-7148
3950
-3639
-4292
4175
7053
8504
-4918
-4495
-411
7482
5164
-1864
-137
-5332
9277
3359
-6538
-9463
5145
9701
6030
-8148
1068
-679
6572
-248
1592
-1934
-3901
-401
2187
4965
-4873
-3872
4363
-1106
2565
-8484
-8729
5357
-4269
-1454
9308
-1236
8910
4747
-5304
-9102
3607
9693
-6963
-7370
6907
7165
-3378
6335
6934
-2288
-3918
9749
-4240
6377
4053
806
-8614
4900
168
934
-3859
-8153
8910
2539
-7026
-1451
5131
-5431
6905
-1141
4279
1177
-1262
459
7688
-2612
-6876
9221
-6244
-3966
-7217
-1792
5593
7604
618
373
-8754
-9902
-6351
-1393
5017
4023
4693
-8259
-3385
-7025
6125
-8898
7979
5842
-7655
-4083
-5244
2496
5219
-6672
9904
9514
-2585
2443
-5534
-8243
-2953
-8090
2531
873
6121
-6882
6179
-4283
3672
6649
-2776
94
-4102
1274
-3159
-5103
-3456
-171
-9416
-1634
-9969
-8105
-4371
4531
-500
-7465
6348
3012
4791
3176
3220
-6134
-4352
-5277
6662
9227
-750
2245
7005
5903
1973
9661
-4376
5924
997
3829
-4207
-3552
-921
7750
1016
-1974
-1191
5457
-6105
2931
495
9295
-7840
-9290
-7987
3016
-9099
3536
5867
-4894
2437
732
4752
3568
-4259
-2728
-8294
-9893
-7060
-4858
9400
-6397
1702
-1908
-104
4018
8643
-930
-2622
379
5062
-3047
1568
2527
-6858
6066
-7756
3265
3684
-5937
-8151
6607
-3544
-5955
1302
3110
-3479
4145
2838
-8297
-1281
-3960
-7341
-5807
-2909
-1282
1026
6736
7388
-9404
7249
5758
1499
106
-5243
-9423
-9715
5682
-1982
-8132
-2167
-903
721
-2735
9837
4563
6495
-8821
-8288
5313
7996
-89
4020
7626
6498
-5165
4721
-7565
836
-9897
-5390
9453
-7378
-4247
9779
1052
-4540
-7599
-6874
-8786
-231
4463
-7473
1018
4565
-9845
-3758
-9349
7058
-1841
2179
9139
5360
-5258
2313
3427
6530
-1044
-8376
1757
-6309
5939
3880
-6428
-4796
-929
-2749
-7639
1817
-7008
-4381
-2348
-976
9083
-9746
6254
2582
7141
-3169
5311
-2761
-5263
4252
-8546
-293
4057
2615
5812
-4115
7058
-3538
648
7560
-3742
9896
926
-9640
-211
8868
6510
-4877
-8888
1556
2940
2967
8614
-4646
-4310
3726
299
4873
-9601
3751
5185
-9130
-1020
8317
8088
6851
-5029
-5798
3904
4914
-6707
-6179
7427
4294
-303
176
8873
-6466
-3334
-7978
-932
-7480
3491
-7225
7447
6229
-1841
-6673
-8202
3599
945
-598
-9542
-7711
-2706
-5293
-9107
4396
-1794
-9745
4392
-4736
2036
-7919
5847
-4706
-1521
-720
5102
-9172
-7318
-6078
-2385
-6225
-9444
-5
-8331
9959
5564
-8065
5574
5987
272
-7350
1065
-1105
-7186
-3221
-7319
540
-6334
9413
417
5962
-3126
-9026
-6628
9402
9497
892
7894
-1460
127
2415
1433
-9734
9013
338
-8155
121
1649
2365
-9873
3786
1109
-7658
-8837
1881
7768
-8375
-4403
-384
-2352
-7581
3007
-2547
1131
-8004
-2480
1337
-7513
6101
9640
9662
-7608
8322
8295
-6475
8093
-1968
-6302
6512
-6817
6216
-3225
-2445
-9085
3359
6935
2733
-216
-225
9005
-6858
-5745
-2846
2375
-469
7359
9046
3649
-6434
-3978
-5038
2505
-7967
-1461
1701
4303
6502
4243
-7259
2471
-5279
-9808
6099
1610
-5074
6873
-6460
7195
3784
-4098
-697
7276
7238
5583
-8534
4280
-2792
2795
358
-2045
-7029
1343
5613
-6907
6178
-5573
-6869
4881
-7757
9017
7536
4184
3261
2960
2515
-9583
2458
1812
-1640
4873
-320
2019
5776
-5806
3417
-6043
-6211
-564
4572
4478
4398
7682
-8628
-9223
5051
-8180
-104
-6203
3085
-5130
-5637
1097
-1339
3123
8205
7186
8144
5060
-1727
2776
9684
6095
-4912
4739
4676
-2824
8962
3790
8688
-753
3929
3160
7497
-1119
-5734
-8440
2967
-5708
901
-6745
7319
2914
6548
4711
-3759
3377
-5481
-8483
1467
829
-7646
44
-3870
-8652
5559
5942
-864
9516
-9844
-2037
-8391
-9262
-4563
-6819
457
-657
-8071
-2213
6504
6428
3757
-3296
-2677
-7870
6920
550
5462
9988
-9200
-1417
-9832
-7795
9612
655
9654
5185
7450
4156
-3862
7272
8552
5733
-135
715
6985
2973
-995
-2567
-3440
-8322
5696
9917
3982
-387
-9106
-1888
-3854
-9948
9383
4925
2655
-4778
-3784
-6147
3855
-2683
7991
-1391
3423
415
5345
6960
8274
-7406
7027
-5401
8259
1764
-6168
-369
7766
-2823
5453
4861
1915
-3536
-3897
5734
-3375
7923
1667
2234
9851
-5696
-1164
9800
-617
4714
3367
-2624
215
-3827
-4976
-2181
8054
-6693
-8320
3083
-379
-777
8400
5346
6274
-4706
6974
-4763
-3780
-5407
-202
8905
6099
-8802
-6983
-7197
8518
8891
-9880
1808
-8989
-7879
274
-752
-927
2720
7580
6473
9414
7243
-5503
3912
-6186
5893
-5573
7135
1699
-1432
5475
9462
6255
-6048
-8681
-9574
7391
1134
-4908
-5330
465
-9054
-9839
-7004
4624
7585
-4905
-8018
6851
4610
2973
7092
7300
6279
-6260
-2493
-8732
-941
-696
7768
3979
-5231
6873
-1740
1842
-5652
-6068
8872
4311
4057
4263
6274
9217
7067
-538
-5818
4882
5467
-5555
-212
5587
-9995
-1749
-8379
-2141
-8575
-4118
5348
333
-8223
8687
-3248
6073
-215
-3256
5370
-3323
-4081
7563
-3317
-7834
-6205
-3224
-6296
9480
5595
-8220
5184
2851
428
-1688
8317
-980
9915
8422
-4667
-3366
8240
-7280
9848
-5639
4755
418
4616
7373
8607
352
-4101
-1935
-6110
-7350
3316
-7814
-1603
8491
6246
3193
-5341
7976
-3842
-6839
6160
-7590
902
-8901
1423
-6306
-1336
-2430
7851
1674
8824
9817
-1617
-3728
9534
1393
-948
-6386
-7106
-221
-9329
9807
9571
-4569
1609
213
-6539
-6962
-8791
-8736
-5405
-4873
-1278
3621
-3312
3907
-2817
-1648
-5205
-2522
-8972
-7994
162
2433
-3782
-8166
1915
8666
3761
-4437
-2282
5203
-9984
2243
-2074
-824
3217
7435
-6042
4590
-7215
-6799
-3931
6196
-6216
628
-39
-8976
-3685
3931
-240
1105
-1896
-6085
9874
-4831
-7505
-2806
6122
2021
4145
3176
-9425
-3210
7612
-7425
6189
3772
-3524
-2205
5556
-8097
9031
-3034
2116
3052
6926
5686
4370
9936
223
3132
-8837
-1553
-7418
8853
-766
-8539
-4476
-367
1796
6612
1948
-6743
9860
-3053
9446
2706
3842
-5058
-2209
-5130
-660
9081
-3607
3534
3912
-2393
-3330
-9047
-9511
9104
9405
-2686
1178
-7690
2740
-2017
-8959
9880
689
6515
5464
4455
-2674
-391
-4902
-2240
2672
4485
4827
-2529
4153
7128
-8768
-4502
9118
-3367
6727
-1916
1274
-9402
-2540
-2475
6042
7913
6975
-1890
902
-3773
-2024
-8367
-4245
-3349
5366
1295
1204
5154
5096
-8989
-1269
8051
-5491
-579
979
-537
4019
-8957
-8005
-1989
9999
3170
2511
2667
-3486
-3608
-1044
8058
-4317
5603
4127
489
8730
3384
-4848
-7641
-362
1487
8002
-4903
548
-9582
-5804
7998
1170
3785
-103
-6109
6496
7312
-5383
-4936
3317
-656
-9309
-6733
6999
9020
-8872
-2416
-5545
-3085
4764
-5087
-4119
5596
8936
-1356
-3819
6954
5046
-1454
-807
-7866
-9929
564
5404
4502
-5348
2851
5971
-9355
6799
676
5086
-2538
-2927
2124
-9550
-3441
-8082
1683
-379
7805
5316
6174
-4824
5042
-4217
7653
3377
5194
945
-5642
3459
-7312
-1209
-7788
-9887
5200
-2937
5702
6573
-792
-8340
7062
-7442
6299
9622
-8337
4346
9966
-7252
-6784
3209
-5714
-921
-4493
5402
-3681
8223
-4203
-6989
7922
-17
878
9837
-5958
6876
9983
4290
403
5054
7287
-8032
378
9008
-181
-8077
-7418
-8413
-3823
-8682
-567
5368
-7906
-9000
-4102
-716
4846
8578
-2960
-8083
5359
4094
8806
7859
-8998
3644
-6230
3218
900
9904
7400
-5452
-4009
-6262
1617
-6542
2326
995
-49
-4736
4372
3118
-8658
9014
6708
3224
588
9603
-2859
-4115
-9540
6624
-5263
9113
-4813
6911
2805
-1279
-5104
-8884
9610
-3459
-5269
-9792
-4070
6314
7873
-2352
-3012
433
-1279
1514
7349
-5777
9430
8975
-1333
-7509
139
-8628
-6755
-4653
-100
-6220
6064
-1484
-2000
-1615
9898
7829
-6730
8612
-820
7822
3435
-4334
-1759
-8513
-307
-9151
5724
-3886
-6398
-2558
1225
-2451
-9620
1471
-1990
-1107
9406
-7326
3893
-2169
9503
-1472
-5532
8569
3349
7540
-3420
-786
8945
6619
-7150
-3600
4999
6312
317
4152
-5693
4509
-5214
-3049
3182
4963
-4979
-727
7046
-341
-9695
-4285
-1271
-255
87
5949
-3002
-4465
-4331
104
570
3654
-3141
-9511
-5776
6190
4151
9265
3039
-3435
6477
2826
-6081
8708
3129
7879
-5230
-3615
-6362
-7554
616
-3214
4168
4339
-7955
962
-5278
5255
-6507
8393
-9182
-6660
-3481
-4743
-8543
54
-5889
846
7463
-5058
-3179
-7567
-2672
-9027
7757
-4105
5817
-3511
-4559
5073
-7650
7669
-1242
-2589
-5881
2785
7870
-2009
4751
5416
-1846
7114
-6495
2776
9498
5534
-6222
-3064
8322
6780
-9924
8115
-182
-5545
3072
-1538
9016
9754
1907
8335
-5892
8931
-963
-7629
3858
-7536
7189
-6250
6670
-1891
-6264
8030
-524
-4777
3468
2301
-2706
6237
7309
-1277
-9049
-3779
7466
4794
-5534
-7
776
251
8321
6107
8211
-8759
-2923
2927
8845
-904
8213
-9933
-5435
-4233
6048
-6938
-7723
-3685
1933
-6705
8376
-3364
-556
868
-4381
-4632
-132
2102
1394
-6506
-6014
1510
-2658
-102
1891
1492
8730
-2557
-9593
-3022
-9765
-8175
-8309
8868
-7217
-8860
8292
-1856
-5953
4036
7314
-1650
-7886
6701
7361
8462
5005
5984
-3746
-4733
1029
-5035
3363
-6773
-4887
-6396
8028
4990
5932
-1176
-5361
9
-223
-1721
-6591
2001
-468
9709
-4667
7294
8912
-8507
5990
674
9422
-6306
911
-3151
8971
-1955
-8780
4883
3863
3773
-7593
-3723
-4283
5394
-2239
9925
-7498
9400
6527
-8794
5789
2597
1307
-4819
-5865
4768
6153
5371
-3173
-6201
-3926
1321
7784
-6624
-3635
2929
1556
-3126
7495
-4187
4474
4438
2778
-7998
-129
-5878
7740
-2184
-2571
-2322
6057
9127
5429
-6207
4588
1537
3666
2006
444
-2814
8556
8324
2695
-6876
-6290
-6175
-5059
-1073
-6443
6879
9125
2049
6319
-7974
-9126
-5593
-6786
-2853
-6531
-5169
-9820
-4188
-1751
6781
6503
-1830
-911
5132
9227
-1384
-8222
6988
8028
8765
-3915
5925
7541
-6016
-5462
-6322
-9619
-5763
-5519
-2399
883
8760
-5989
281
8464
2601
-6039
-3292
2199
3915
-8148
-9571
-335
9600
3409
-5388
-1682
1337
4188
-5101
4947
-607
8205
-397
-1154
5316
3766
-5045
8892
-532
-3577
2890
-9845
-4891
-8358
-7630
-5024
-3202
1304
-5339
-213
-4233
8368
262
-7823
1844
-3160
1405
-9909
-5863
1490
-47
4474
-679
6169
2442
6824
-8786
-7116
-1630
-3302
696
-8522
9778
3156
4957
4380
-293
-5460
9452
9717
7093
-7845
-8009
-5815
-5381
4356
-3960
3875
-8894
-1159
6669
-808
2454
-7312
847
178
-3840
-5429
-1537
9114
-5336
-4800
-1541
-5705
-6719
3327
3047
7779
6482
3118
9216
7756
8829
8927
-2391
-4734
-1487
-5361
2765
7856
7214
7228
4722
7715
9671
-2078
-5734
-7090
9767
-497
1212
-7284
9948
-497
9576
6899
7431
5512
-8247
-5535
-5246
3687
4873
8815
-9425
-3657
-8296
-4432
-4599
1389
6172
-945
7283
262
6404
2171
2840
-4860
-9001
-1925
-7578
-7876
9182
7134
8931
3549
5884
-9318
-8769
8738
-5255
8248
-7624
7456
-8206
3386
5191
-9008
-3336
-34
4999
-3969
6409
940
-1817
1453
-9367
-372
-1543
-8252
3231
3379
-665
-6837
8046
4796
6935
-6041
2236
-8887
-6559
-8764
-3350
-2479
-8596
5409
432
-5643
-6560
9315
6163
5539
-1281
6888
2442
1499
-5361
4703
4561
9732
-9448
-9821
-5002
-9817
-8528
-7801
1400
-1055
-35
-7479
6857
3048
-921
-1511
-5296
-9548
-9679
-5806
-5705
9584
-5914
4418
6105
966
-3709
1662
8225
-5224
7743
-9675
-3807
-4214
8579
6889
6111
4477
-1237
9889
-1148
-8771
-5014
5329
3090
907
-9055
2322
-8711
-5977
-849
328
976
9258
1161
-7011
-458
8937
-924
-5386
3732
54
1229
-8575
-264
8753
-390
373
-3767
-8968
-2980
-6322
759
-5511
-3607
-1709
8444
3772
-1702
5701
-4153
151
-1746
8816
3351
-2456
-1736
1557
6701
3694
3202
-2133
-9153
-4822
-4048
-6383
2992
7802
3585
-9994
6310
-8664
678
6996
-9568
9628
945
5326
4325
5099
-1429
-3797
8068
8880
6304
6559
-6840
-602
-7233
3763
6877
-5094
3955
9735
-4139
-3997
-7235
2061
-1827
4474
-3778
-4761
-4085
-5207
-1970
-4192
-2833
9090
-2486
-6727
-9654
-5392
7286
-7037
7714
4373
-6404
-1664
55
-8873
8004
7686
4274
-8120
9861
-9764
-8436
-8416
5194
-4809
4140
3662
-5139
-5509
9183
5481
7565
9004
3890
-2866
-3939
-2244
1068
-7400
-920
8803
-2578
9609
6897
6350
-5716
-4066
6160
-240
5728
-1077
-8181
-906
7332
-3090
8369
-122
-2599
684
877
800
4172
-2756
9273
-3754
1668
-5986
1175
-98
2359
8643
-8322
-1704
7621
7230
-7798
2738
-255
9703
8577
-6198
1404
2340
8303
5371
-9021
-8917
5830
-6633
-7301
7148
4026
2766
-4192
-58
8355
-5221
2776
6148
4254
-7457
-7466
5180
9437
-1744
9654
4001
6623
-1890
-6223
-5249
-4365
-5739
-6742
-7774
7566
-9380
7301
2073
-6803
8398
-6864
9572
7165
2894
-7953
-6504
-1784
3781
6959
2188
-7176
-6584
-7310
3310
3921
-1867
-906
-4710
8933
2696
-2816
-3435
-7684
1126
5590
2141
5501
-1440
-8366
9245
3549
1630
9315
-4471
-3014
3502
2858
-6662
-9388
-5211
-505
-5066
-1276
-3325
6935
5921
-3760
5291
5310
6234
5474
-9114
-6427
386
8446
1565
-8579
5959
8098
-110
-3032
-1911
-5545
-8824
-6092
8280
2867
-932
-2229
2505
-9687
6884
-2770
-6347
1214
-374
2628
9269
2135
-7524
-32
-7551
5164
-8004
-9862
2770
-5065
6226
-8273
6606
235
57
6475
3705
8853
-4099
-3435
-1
2382
-9977
4945
-3010
4175
8973
4163
-634
9818
6663
8133
9724
726
1647
-375
-1028
-87
-489
-1451
-7728
9899
342
-1340
-515
8862
-3685
6021
-2501
9840
-6993
6937
-8317
-6019
-6322
9126
7885
-9664
-1944
2952
-9906
5673
5923
-5888
9481
4631
-503
-4944
6955
-6539
-9116
-2312
7099
-7518
2039
-2124
-4150
6347
-8197
-6482
-4432
-6594
-8524
5315
5292
-7867
-1500
9772
8622
-2193
-7774
-8736
9223
-6329
-4463
-1832
-1907
-2363
5135
-1026
1095
-6698
-6735
1408
388
-2684
2851
1592
-1191
-5741
-333
-9997
-2752
7874
1910
6184
3339
-7243
3664
4673
3263
-8620
-2798
7766
9368
-9114
9142
-8
7380
5247
8574
8678
-6730
9719
-7578
-9500
-141
1508
-553
6384
-2407
-2525
1592
-2216
2314
2499
-2702
-7320
2823
5319
-741
637
4376
4804
9016
1461
1683
2493
7684
7728
-3448
-8155
2143
9074
154
-3165
-2615
7798
458
7876
8406
2139
5211
-9840
-851
8002
-8788
1941
4866
4528
3662
6132
3255
-6870
-3945
747
-476
-1545
6794
5409
1716
-7083
-7790
8882
-1921
-221
-9148
-3532
-3829
9425
-5418
3549
4559
-1012
-888
930
7923
-9895
-3309
827
7640
-7999
-6
-1608
4755
4128
9119
-6074
7502
650
-765
-176
-9555
-5380
9406
-6849
-6150
-3629
1216
-195
-7559
-2568
-9535
2950
-3998
-5898
264
-1744
-4555
2079
-9447
3146
-264
8214
10000
7520
9538
-5730
-391
-7965
2213
-8580
1084
8895
2339
1009
501
7337
-1526
-6327
-1207
-7817
-7592
-5058
2943
4656
-3658
9009
3251
1636
5929
4449
7308
154
-1265
9235
-217
-6446
7173
-780
-839
-4038
5998
-4466
-6137
3102
2689
-7095
2754
1855
-1328
3932
-838
-7647
222
4380
-3354
3809
8970
-5228
4342
3178
754
2663
-8719
2057
-978
-848
6331
920
-9736
-3629
-2663
1242
-3879
-8117
7326
-358
6073
329
402
-7458
8130
-2539
-2248
197
-9513
-427
6042
-1404
1755
3586
-4268
-8070
-4030
-2451
-2780
-3734
-3075
-4035
9715
2645
-7932
246
-959
-1859
4358
2309
-2168
-208
4325
-5814
-93
-8459
1903
-1313
-5607
-9486
4468
1989
7580
8527
7016
-9360
2809
-5368
2781
-6287
2049
-4460
-274
-4041
-4097
-9980
4248
-1217
-2335
6102
-2670
6282
2441
-2557
-5305
-6658
3891
5717
4305
-4834
8882
-6404
2085
-7687
7507
6031
2901
-1465
374
9234
-6115
-2152
-3594
-9884
-4627
-1989
-3047
4885
9340
5788
-4649
136
-6815
5687
7249
-3404
8055
7673
-704
229
-8674
4314
8317
-291
8303
-3067
-2331
-9350
5939
-1187
9146
-3703
-7079
-6616
-3562
-1284
-155
2453
4861
3562
8191
-556
-278
1906
-425
-5863
5227
9526
-6723
-1524
7851
6309
1078
-6566
-4744
-3707
-7725
-7586
6477
-6922
-9690
58
-2696
4592
-2479
-2751
6120
-3631
-7049
-3742
7991
-7702
7362
7432
5662
2554
-821
3955
7672
3719
-1374
-9347
9599
-2802
-1167
-2465
-8609
8972
3430
-5166
-9802
-2516
-3009
-4704
-5655
7717
-314
-5673
9964
-4393
-2197
6149
-9904
-8683
2585
-5162
6709
-9433
-8900
-6563
3540
-1562
-4501
-9782
-5578
-3539
9873
-9935
-3301
9254
9929
-2865
6520
-7126
8841
-4550
8146
-3201
-6608
-9654
-6606
9520
-3127
-4060
2524
5117
2103
-9502
8501
-7492
2608
-2773
1548
1850
4524
2642
2727
-8675
9821
-2496
3806
-1633
-3610
576
9053
-2171
-1051
-9785
-123
-9100
-8708
-459
4248
171
-707
9285
-4361
-29
-3874
-7945
-2950
6347
-1124
-5359
5630
-21
-6617
-5254
6926
8879
6458
4087
3341
3262
-6863
-5508
-2110
-6559
-526
1530
-509
-8959
209
-8563
1588
-554
4821
-3364
8403
9279
3479
2858
9485
724
979
-8131
-5943
9357
7855
-7335
6200
-4157
-4354
-4675
597
9357
5372
9018
-6533
2330
-6481
8581
881
6366
9050
-1505
-5520
-1747
1809
-342
-5127
8389
-710
-4888
-6470
-491
-3810
-7157
-2583
-904
-5374
-3367
-2268
4720
-1487
-6513
1720
194
3520
8616
-1518
-1546
1019
-3830
4392
-5886
5292
-9450
-9761
-4809
5260
-1542
-290
8233
-121
6691
7470
-1800
-6650
2963
7699
6782
-4057
9903
8824
-9651
-2131
-3405
-7716
6026
-5651
-818
1849
-8015
-7735
9769
8900
-1545
8984
-5359
-4194
-8883
2010
1695
9215
1814
2173
-5376
-4165
-6628
9408
-993
-3873
-6510
-3104
-7761
-9778
1612
-3807
3050
-2016
7198
7306
-3492
6568
3723
-5208
4336
2029
-5214
-609
-5577
-9299
-6690
-8940
-801
-5266
1885
3500
2533
-7215
394
-6666
6637
2895
1898
1463
2956
3684
10
-7319
-7861
8452
-9893
3814
660
6427
1297
8891
-4831
-5291
6198
-9788
-4722
1697
-5126
81
3314
-4249
-3984
9292
-8553
-6252
-2645
-3506
-4969
52
7428
5200
5390
2079
4114
-5633
5235
-147
723
9494
6860
-8158
-7841
4863
9572
-3524
8545
3479
5434
5285
-8189
4368
3769
-170
3161
-4465
-9930
3306
9083
2920
3152
2653
1255
7318
5248
-7476
9428
-3625
-1857
8387
-8568
8548
2358
-9567
8190
4333
6282
1813
-9588
-9365
9279
-7835
-5043
4899
1836
2806
-7392
3277
-6747
4135
-7548
-2527
-5591
-985
405
-4728
4529
-8560
-3801
-6782
-287
-7571
-6639
-4824
517
-2094
-1792
7217
3435
-6933
2709
396
897
-6085
-4584
9369
-3144
313
-8361
3325
1401
1166
-5758
323
-715
508
-8909
-8272
9296
-8355
-2466
-1666
-7356
-3707
6119
-3262
-6339
-1681
-4284
7156
-5717
-4272
-6866
-3387
2403
-6762
-162
9238
-5415
-1507
-37
4180
-2019
-8135
7609
-8455
-3565
7889
-2751
8431
8479
-4459
2394
-3729
6467
3124
8537
-8083
5139
9473
-7185
7793
374
-4330
-4326
7768
-5309
8069
1883
1868
-4324
-6366
-1604
8333
9361
245
-5098
2314
9658
5562
4233
-713
752
-273
-3358
1014
-4168
-6479
2392
9847
5294
9461
-6497
1163
-9875
-1016
-8234
-7284
427
126
799
-7386
-317
8115
-888
7150
9718
-4319
7309
5860
7825
-5578
-1191
-5010
8940
-3906
-9134
9647
8279
2726
5425
-8024
-2828
-436
-7825
-3042
7769
-3
-4599
-2002
4490
8857
4458
-2571
3038
9049
-7744
3682
3374
5231
-5333
-7620
-7010
3277
4422
9135
566
4790
4999
-5624
-8083
1378
20
6584
1517
4290
4580
181
4211
6927
-2546
-992
-1300
5944
-9968
5525
9521
-2977
9603
9111
9149
-3502
6019
2426
-257
-8719
9166
-8688
-6137
1347
6167
-4468
-3044
-497
-5715
9488
-9759
9138
-8283
1042
-5470
-5086
7378
-5883
-7967
9631
-8560
4674
-8294
9960
-1986
8604
-2475
1295
-8189
1943
-9122
-6386
-7971
4546
-6850
-9268
1600
-2217
-8514
435
6189
1778
-6880
-1801
2012
-6901
-1773
3999
-3764
1418
1559
-8944
-6771
-6015
7838
1115
-7272
527
-9171
5252
6801
-1633
9457
433
5446
7382
-4778
7076
7877
4385
-8282
-3647
-3608
5396
4249
-3560
1649
-12
7722
-9100
-5201
-5730
1717
-935
-7456
7599
7259
1441
7077
-4987
-2458
-6924
-9869
3700
217
-4908
6362
-6250
4600
5641
3555
-9699
-5972
401
850
1529
9141
8050
8300
-2077
6163
6496
-1010
-785
3326
-6808
-6644
2978
-4262
-5990
-5437
-6146
8955
-6630
2991
-5048
-3666
-1576
7421
-1963
-8653
4397
-3589
-2588
7425
1856
9416
8357
3181
-5569
-8967
-8797
7866
-6313
-4931
7767
-7571
9262
5735
-5241
330
7183
-2730
9603
-3334
-224
1050
-5691
-4729
-1659
42
-4361
-7704
9286
9528
-8168
9826
-1817
5860
9182
-5396
4033
-5989
7715
1601
6163
4037
9543
-992
2425
6561
7973
-2081
7684
5154
833
-4274
-989
9631
8134
4232
-1271
-1877
4470
-8813
6148
3669
8344
-5610
9436
8801
-8053
6624
1037
-6803
-9400
3392
-462
-9838
2243
9342
156
-591
2286
-2037
-1170
4272
-402
2266
5019
-5718
-2737
7518
-2341
-5152
-7602
821
-6481
-6700
-4060
6523
-7785
-3818
-1379
-9367
-5887
1165
-1680
-1042
5576
8074
397
-3493
682
5780
-3323
29
-8602
-7664
-7624
-7229
6971
-1249
9990
9378
2934
-7099
-8062
8847
5421
-1041
4145
2064
9128
-3571
6059
-8856
-5848
-1595
7097
9934
6626
5143
3936
132
1623
1386
-9012
-7691
9993
-5648
-1580
-8438
-4468
-9028
2121
-8761
-1817
-1653
9477
746
-9349
9526
-978
6363
-8285
-6158
-1333
-5281
3134
3451
-3184
1518
-4469
51
8736
-2456
-7623
6599
3812
-6186
-7772
8665
-3319
1715
-1002
786
-2263
5236
8029
5781
-8044
635
3137
9159
3418
-5144
3971
8925
1064
-3285
6710
6495
-1693
-7901
-4164
-8223
7361
-2408
7792
-6721
-6272
5064
6691
-9236
-3508
559
9514
2228
-6186
-3106
-5239
8006
-7095
6526
7829
143
5146
-4520
5464
-3615
7150
8170
5475
-1219
6442
-9121
8316
-5908
-4799
5273
5719
-6724
-6602
470
6439
1580
-5210
9156
7814
8076
-4674
128
-820
6900
2833
6265
5005
9356
-6354
-3942
-9099
8742
-9199
-6635
-6507
-9188
-3783
2549
-7787
-2516
-6713
9299
4213
7727
6619
-4024
-6065
-6304
-3309
-6745
-143
-3588
-9043
-2035
-6317
-1690
5440
9139
7192
-2634
-2510
9187
2882
2250
-4501
-5689
977
5277
4107
-6289
4197
-8250
9262
-1682
5476
9525
-2575
1246
-9431
5538
-9551
-5793
-6172
2561
-9567
-3159
-7471
-715
7845
-3528
-9552
-68
-6246
-7869
9109
3258
1285
6224
-9423
-7003
-1031
-8127
7778
-9601
-3191
-3067
-2741
-6259
2471
-1902
3580
-3334
2713
1051
6124
163
-2761
1160
4354
463
1896
-335
8865
-4487
-8297
483
4506
-8312
7678
-1666
-149
-8777
9088
-585
-6497
5149
3714
1703
2592
-9591
-3412
8225
7674
-1943
-5973
-5354
-2127
-1519
-9708
-6346
7400
-2073
7596
-4004
-6697
-5678
5393
7753
-9058
8073
853
-9329
-3760
-9491
1783
-6731
9811
-3344
1415
-1396
-5011
-2431
7962
3532
3370
-1381
-4048
6377
9946
3620
9564
9003
-7486
1915
7274
-3856
7292
-4846
3625
5581
-9700
93
-4825
-3924
-8547
5626
4433
-6138
-7630
89
9725
3969
-7360
-4729
2580
-2605
-4310
-5950
-1934
3051
-2863
960
7803
5463
-4357
1828
1608
9903
-3624
-7183
9437
4416
180
-8331
116
4818
-8997
7352
5716
4155
98
-5920
2450
6740
192
7981
-2852
7008
-4839
1614
-8838
6342
4654
1370
6575
331
937
5442
-5324
-1676
7866
2121
-3738
-7426
-8310
9185
9898
3658
-1283
-4800
620
-8345
-1301
2223
1892
1314
8752
6102
-4819
-78
-3582
2604
5174
4961
-4545
-8444
6238
-7504
4844
3822
-3257
2307
8076
5986
8012
4698
701
5189
-643
1906
-2786
-4060
9868
-6654
6274
4733
-4963
-6191
4474
-110
4256
897
-1877
-8752
-7274
8572
-302
-1070
-8235
-5474
3722
7034
-2159
-5893
-2054
-4376
6466
4870
747
-3838
-8225
536
-3271
-2392
8022
-3119
8368
802
-2250
-6033
2000
-2734
-7851
2545
-8572
9255
172
9285
8942
-2820
-2096
7224
7160
9125
8386
5170
-6183
2762
5057
537
8510
-662
813
5707
797
-274
332
5792
7132
199
-5542
9199
5645
3877
-4883
1276
1836
-9889
1035
1112
3565
-6514
8666
3492
5369
4927
5279
3090
25
-4385
8865
6032
6092
-1898
4150
-6092
-9069
-4432
-9413
6566
1054
-7046
-5626
-5485
-6791
1670
-2998
-7336
-4450
-9995
9253
1779
-5528
4183
-2428
253
-8331
-1518
9895
4524
-6294
-8961
9182
8310
4803
9048
-3029
2836
-1812
160
-9819
7725
5227
-900
-274
-5764
1459
4300
5852
-1494
-6597
-1453
-9278
-8015
8178
3235
5040
-4794
-8357
5409
7538
2580
8329
-2338
-3328
1704
-1047
-7184
2974
3389
1411
-9303
6340
4859
-5360
5808
8878
5513
-9809
-7480
654
8453
8027
7489
-3302
-4243
-2864
-4321
3498
-8069
-1112
-7346
-418
-4779
-7184
-619
-45
-5861
-1331
9106
1848
-536
-7306
1472
-9098
844
-5923
8873
-8758
1565
5790
-7032
-3838
-5149
-6912
1085
-3033
-4287
7675
3512
5678
2863
-1667
8768
-4347
1124
9657
-4816
-3171
-9571
-3585
7898
-2200
7112
-5510
405
2945
-4662
-4059
-3191
-3119
-9502
6673
7585
8261
-2575
-1785
-1586
-2036
4601
-7973
-7244
280
7919
-2975
628
-5965
3683
-9397
-585
-2099
6609
7198
-1429
3193
-9701
-7961
-9488
6984
6577
-3071
1972
-5402
-5454
2362
-6961
-8728
349
3393
-1055
-4506
2071
-9858
-5236
1537
2039
-836
6647
-143
-86
-6591
5968
-5251
-2293
-8576
2664
6070
3080
-4935
-9307
-7888
6083
-8305
6263
-1137
594
-6295
5636
-7095
7174
-7664
2325
1792
-2296
8706
-8735
-8977
2286
-6687
-9577
7301
-3685
-6342
-395
2136
-7694
6109
351
-1319
4428
-6911
2969
4689
4708
534
-8
1989
-8477
7078
-5315
-9832
1887
-2724
6924
2809
-2915
7862
-5888
-5053
5023
6139
3092
2390
8497
9384
5451
-5469
8529
-1968
-1106
633
4295
-3574
8417
1702
1454
-2350
8051
4238
7253
4827
-2321
5152
4598
8032
2680
-7074
-818
4778
4162
8598
-7826
-8780
-2137
5521
1883
-9860
-1587
5689
-2031
7270
4145
-2425
-3064
4179
-2544
-6528
8786
-8529
2885
355
-4574
-7982
8539
4375
-6568
2901
7083
7896
-5212
-1134
-5820
7940
-5637
8635
-5141
1502
6435
8769
3979
-1432
1810
-7628
-1329
4132
7651
5203
-6173
-5703
6399
6223
-7707
5678
5711
-2182
2696
7743
9157
4510
-6580
1427
4805
2209
-1084
7642
2321
1453
-3964
7598
3669
2060
-2309
-7725
-9664
-1583
3285
-7744
486
1883
297
-2137
7754
4367
7935
-471
-7011
5282
-6099
-6086
8651
1623
2631
3220
-7504
-7881
-417
7638
-914
-3918
-8195
5699
7654
-3622
-2002
-5426
5884
3975
-3651
-8226
5756
1251
-5069
7174
6590
-6531
-5466
8702
708
1689
-6819
-2709
8933
-4821
754
4429
-2472
193
-325
5737
3542
6923
9027
-4439
-2815
-9124
948
1122
6100
-1032
4364
-471
-2842
6715
3307
-4512
-52
8640
6335
8387
-7931
-3028
4666
-8778
8128
-9188
-5616
-1539
-7642
3625
-5302
-7243
6082
-6016
-6032
3562
-5417
4915
-4266
-8770
1640
-9243
-9724
1345
-1350
1625
2816
-8601
5001
-1694
2798
-1713
-1678
5676
8414
-8912
1367
7972
8611
8912
5981
-649
-1131
1148
-6142
-9644
7179
7574
-14
-4007
-6459
-4757
5522
-5522
-7875
-3438
-5159
546
-642
2975
5477
-7381
-8971
6469
-7196
7791
-7563
-811
2955
-973
5406
1012
-7260
4135
-5592
-1121
8855
-7954
3805
-1480
6427
-2740
-6199
7966
-6950
6695
187
-7359
-1337
9062
-3665
-2328
-2639
9600
-2305
-9503
-4848
-4386
-555
9891
3054
-5685
388
18
-1597
-437
8264
8499
3821
-4373
-211
-2034
-428
-461
2689
6672
-835
9907
-1175
9543
-8678
7950
-732
7079
873
-1042
4944
3374
-7527
7619
4884
-8463
-5214
1713
8273
1534
-2592
-9473
2906
5672
-3177
-3435
-9809
6290
7491
-5783
-2905
-2472
-2668
-8382
-7894
8767
881
8407
6596
7891
-8368
-1301
-3803
-7251
-1749
-3001
5251
9129
6380
8014
5026
-7928
1290
-481
385
-6541
8452
-3998
4679
-9196
-3986
8675
4201
2487
-3796
-2572
5528
-8744
363
-6634
5013
2341
8202
-6404
3205
-6686
4008
4032
-434
-4817
-6884
2211
-2306
2969
-9432
-6303
-3253
-9501
-5692
7079
-1065
-8834
9509
5933
-5521
-6734
-3649
-3316
4876
-8349
4608
1236
-8248
6197
-658
-7161
5842
3281
7216
5844
1159
-6576
1333
-4330
-816
-2540
5635
-2601
116
-409
5929
-6206
4751
4604
-3636
8606
-8092
-5841
616
5946
6892
-471
522
9517
629
-8064
3696
-5614
1333
-984
-796
3513
5094
1158
-2845
-6838
7869
-9122
993
-1138
-7395
-125
-2928
5795
-3701
9440
8977
-9574
7637
3123
4961
773
-3268
-1821
-1725
-6086
715
-4064
2242
-7971
-1092
3084
2817
-7495
2825
8387
-4921
-2929
-3197
-3084
6476
-9938
2325
-5491
-9186
-2519
-5190
-5153
-5627
1468
-1019
9199
4633
-641
-4108
-1650
-2749
-158
1238
7691
-9970
5177
-5204
-2144
8777
-6784
-4385
2019
-6118
-5051
-3318
3371
5524
273
1884
-9398
-8994
-5338
7043
-5890
449
4185
1914
-4123
-1380
-7608
152
-1625
-3797
7925
3018
-8407
-7606
6751
-8449
-9184
-3036
-3754
3851
6961
-4716
-2866
-9150
-5325
503
3085
5853
-1456
799
3488
-5687
-8685
-6984
-5796
-1453
5702
730
1958
7751
1665
-3633
6120
4107
-1370
1772
-712
6749
-9229
-3100
-4654
-9827
7107
-6188
698
3964
3282
7635
-5394
1194
3612
-3958
2209
-2110
-3663
-3212
-3964
918
445
-4448
-8071
356
5991
6178
-2334
3965
-2208
5556
9701
400
-189
-5958
-8569
-2558
-9441
2489
-8959
8100
8608
-7694
-1967
-1794
2216
9133
7649
1549
7855
-7054
5281
-4038
-4732
4914
2988
-2820
5893
4834
-5048
-2253
25
-6018
4537
844
1565
3477
-2210
112
-5627
-7336
-6687
-4336
3150
-4539
-9483
-9599
-9317
916
8844
1803
-6969
-6588
5122
-5082
4800
5037
6074
-6560
-9360
6030
5158
-7778
797
-9834
-7043
-8528
3281
8512
-1456
6795
292
-1986
-8498
-2445
-9458
-9107
8747
-173
3433
-7618
-4320
1792
-8862
5656
-8815
-618
-9226
-6423
-911
-3720
6777
-5819
2028
-6896
9902
-3442
-3904
8061
1949
1669
4546
-9032
-4555
-4733
492
342
898
8304
-8433
-4515
-3731
-3216
8707
2471
7370
-2329
-3228
5439
9151
2988
-5042
1215
-1604
-1611
3576
-2429
5995
-4485
-1925
8682
-9400
-6755
4282
9868
-7221
-2107
-7439
4864
-3153
-7804
-803
9258
2896
8433
-1561
-7604
-7829
1598
8798
-8396
-1493
6467
5465
4502
4264
-5792
-939
8410
-757
-1827
1336
-757
7654
3966
5024
-6104
-7525
-6720
-9919
-9570
2827
8243
3578
-3763
2361
-9573
-9105
-442
-9081
-9288
9411
-9380
3360
5249
-5189
-2454
3037
1166
-5279
-2580
4222
4371
3728
-7731
1938
1949
-6357
-267
-1105
778
7698
-1711
3257
1546
-2657
6438
-4405
4869
5012
8252
312
3094
-6359
5017
3696
4952
4462
-2211
5547
9210
-2058
539
-3617
2125
-7667
1055
2338
-6976
-4489
3202
8479
-4950
3360
-6931
7467
1657
4620
-1641
9138
5245
-8060
4606
-209
8659
5618
-5620
-7767
-5022
-7798
2204
-3073
-1732
6065
1673
-9213
1767
-8031
-5488
5168
6707
-2345
-3277
-7879
-6684
1900
-846
-8863
-6906
9485
9843
6082
-5269
-3977
8161
4978
7175
-2756
4014
-7827
5929
7776
-1864
-7060
-6527
-7775
1308
1547
5603
5255
-8238
8567
5128
-9516
-7122
6218
-3390
-5148
6880
-5747
-5917
-4496
8611
314
-6010
7201
2932
-8980
21
-5743
4420
7200
1958
134
7817
7787
-6004
3128
8129
1841
9043
-51
7011
-9266
3134
3206
-7213
-2108
-9196
901
-2461
3074
-3830
8394
-7200
3856
-9666
-6033
7380
2647
1083
-7914
2419
-1336
3839
-1640
2289
-2903
-8005
-5045
-6738
-7335
7603
-6303
8918
-6647
-2534
4830
-4011
9910
-1281
-532
9311
7097
-4368
4415
-9465
-6678
120
-8545
-2222
3048
5091
-4829
9319
4077
-2806
376
1439
-1562
5065
814
-607
-642
-5233
-9250
4545
-1803
6161
4049
-2687
-9083
-7892
-2923
2831
9758
-7338
7222
8936
3943
9036
-7145
-1612
-3280
-2604
4400
7379
1795
-7605
5568
-4297
2717
-7313
7720
-2931
4207
3116
-6791
6826
1082
-5435
-900
2529
-6161
-9123
-1493
-2691
8025
4206
-8494
-7510
-7461
-891
2408
-4519
-1332
-8424
-954
-3367
6156
4255
7544
-7035
294
-4065
-6314
4988
-6125
1449
9656
9002
-6795
-9797
4528
-9961
-1295
3119
-8849
-801
7643
-9238
-9777
9902
5310
-1491
-3970
7166
2847
214
-7787
1655
-2702
-2752
947
-8594
587
4537
-1212
-6426
4069
8459
-5037
4343
6543
9437
6640
8419
-2547
-9776
7133
-5209
9410
5691
-5122
-5727
-8370
459
-9649
-3254
-4028
6647
8094
-3242
3715
-2313
2809
-2966
-2642
-7129
2370
-218
5321
-5517
1360
-2457
-4241
-9095
-7978
-3414
5334
1115
-5565
7022
7017
6565
-8382
1179
2802
-3277
6590
1102
3957
9935
7419
6368
3902
9746
-5675
-6127
9169
4218
6670
9176
-4888
88
-37
2309
1164
-5648
-1367
-6321
-5873
3395
2238
-7149
8552
-7304
-2509
-9763
4478
9515
1116
-8813
-3003
4686
7219
-9986
5232
6628
3761
-2957
9751
7993
-7420
-1393
7133
5403
9052
1521
1652
2423
-7724
3439
-4051
2365
9541
2888
-9020
-939
6731
9542
-3168
641
-2122
-841
-8955
-7721
-866
8916
-657
8590
2104
-8542
6339
5059
8473
-7822
3556
6907
-3068
8344
7272
-6508
-9326
-844
6467
2022
-5398
-147
-7864
-1692
-4599
4115
-5202
-7779
-5635
2831
3839
2734
-7016
5538
1411
5309
-7752
-5149
8754
8135
-61
-8470
-4170
5164
-3560
-4352
-9033
5393
6373
1690
2955
-8260
4436
-2265
-3371
-246
246
4028
2352
-801
9773
5722
7993
5303
110
-4832
-1138
-9346
-1768
-1693
-1198
-6019
-5423
-623
-4672
6458
933
508
5489
-9928
-4746
-1474
-4700
5201
1017
5962
-1386
3810
1350
-7621
-567
9301
-8512
-77
7560
-2618
-7292
-4721
-1116
2384
4315
101
9853
8300
-3897
-1560
-7293
-7975
-4933
2657
8782
1344
-8703
8008
6355
7524
-3163
7413
-3109
914
-5731
8470
-1997
-122
-2927
-6322
4917
-3884
2253
-7035
7102
9977
2452
6492
3123
-7155
2987
-2730
8717
204
2805
9635
644
6339
-7471
-4528
-459
980
9294
5622
5105
848
-1592
-4911
-5713
-3933
1897
-5526
-1127
5647
7208
5056
2688
-97
6176
5518
-935
-951
508
2969
9660
-4587
378
-4465
-1301
-6669
9882
-9212
-3687
-5587
45
-3587
-2593
9294
-5517
9476
-8613
8675
-8507
-4495
-2343
4479
-6387
-9383
-1856
-1392
395
-1520
1752
6433
7751
8800
2528
-5207
781
101
8494
4376
82
3604
7954
-5655
-413
9342
-1768
-6163
-9502
-4968
-6930
1290
-8062
8678
-8353
7129
-2836
8319
7628
-4141
9180
1689
4562
8049
6936
-8573
-7258
7741
7246
-2123
-6494
7666
5603
-6970
-5361
6448
-1801
4669
8343
2874
8799
1525
1675
-3156
-2123
-9445
-6456
-9401
5154
-6214
7522
4741
-6196
-7945
-4487
2977
-5361
-4303
2947
-9832
6446
4113
5059
2601
3986
-8835
2822
6271
1060
337
788
5412
7295
2657
7947
-4795
8284
-5415
8347
-6140
4422
-5954
6581
4500
-4403
-5335
495
4209
-9836
-3810
-88
6175
-6431
-7659
7507
3306
-200
-192
-8132
-5912
5274
-2686
4283
8263
-5586
-4497
-7943
3008
-8358
-2888
-4572
-5135
7985
5742
9748
6646
1174
-1199
9964
-5662
9413
-7326
-494
-1471
6905
-2841
1285
5585
1240
-9637
6922
9917
-738
6662
792
18
-6830
-9556
-6289
2475
-5916
7262
-1766
-8337
-8859
-1710
-9307
-6494
9986
-5233
-5515
1323
-9703
3511
584
-199
9172
-4069
-2029
-2803
-690
588
-4897
-5720
-2353
-6525
3504
-3877
3
296
2370
5478
-300
7069
-2795
9880
4293
-9370
5408
-7829
-7645
-1710
-6732
-625
-7854
-487
-1992
7095
-1659
9096
1743
-2324
2668
-3603
6423
2679
256
7193
-186
9285
-7368
-976
-5664
-9964
-5314
-1840
4454
-5629
6571
-6852
-3591
-1000
-9004
-6223
-1606
-9761
-8477
-2770
-7566
-715
5024
-634
9511
-8512
2119
3492
-7127
-7247
-8768
-2280
2208
-667
-8717
9519
2999
1625
6893
5102
4560
-6605
8527
6051
4343
8301
5328
7980
-9084
-5896
-6088
-3458
1483
-3082
-3605
3860
7792
8777
-6962
5915
-6402
9948
1150
-4777
9968
7804
-558
-2528
-7007
-3246
-1907
6442
5698
5624
9193
6736
-7329
6962
-9932
919
467
525
1115
9935
-3731
257
9116
6116
-5972
602
1557
-4984
7254
-1521
9062
-5134
4645
-6948
6206
-9126
858
-5461
-3980
8960
710
-2097
-6613
863
1300
4212
-2301
-8976
-9633
-1058
9102
-703
-1771
-2204
6007
9465
-5424
-2618
-9099
-6302
-2393
-3303
-8723
-3361
-1399
-571
4211
7451
6741
3075
1546
6257
-3914
-4768
2667
383
198
-2588
-1637
8614
-3351
-1682
3433
-8431
7356
2767
-7707
3593
745
-2002
6522
-446
-880
-4938
-932
-9484
8778
7364
2916
-3365
-3191
9518
-4280
-5630
680
-2039
-7223
1302
-2841
-7475
7934
-7335
-7427
3029
-3647
8311
-4108
5351
6314
972
1047
2923
9855
150
329
7742
-8945
-7100
-1538
-1644
-8793
-3623
6325
1812
5665
-3022
1980
3984
-5152
-3113
-8927
-8934
3692
-2719
-3915
-6793
9051
2608
4294
1291
5334
-8974
5582
5160
6356
5680
-3111
-8761
3287
4357
4386
1539
-5163
7282
1389
4723
-121
-4816
2254
4483
7557
-3581
-9011
-4974
2048
5247
9182
-6819
-4543
774
8022
-7150
1246
4199
568
24
-4482
3895
1746
-823
-2672
9842
-9369
-5248
7451
825
-832
6208
8321
-8105
2959
6970
4015
1804
-2973
-1224
3133
-5891
447
3854
4097
981
-8809
3425
9777
-2085
-1109
-7596
-9789
627
-5198
-6756
3845
-4475
659
-7610
6381
-8776
7338
1626
5953
-6627
5501
3354
-3582
-4803
3678
3620
-8879
-2357
3339
-3968
-4108
6569
-3937
-7755
-6431
1965
-4010
-3318
411
5772
1282
1634
5024
-6157
4329
-8336
2494
-3848
-2498
-1282
-4524
1366
6677
-5347
-1436
-8696
-4672
-9915
7651
4586
-6074
-2829
-2043
-2891
-8964
-320
-4801
3627
-5176
2130
4933
9137
-4383
-7662
-345
5139
2339
-8157
-8355
-7647
-5064
-3437
-4543
-8218
1208
-3883
2239
166
-5147
5398
-3646
-7356
5105
-5731
4824
-3832
-9969
-1927
4359
-8594
8457
7802
4415
9404
-5516
-2140
1681
-3242
-1650
2560
-4190
7933
8719
-1322
1657
1913
3601
-503
9136
-6126
-219
-7498
-2598
924
-2015
-3451
-3176
-3038
6443
-7269
1806
8607
-8303
1174
-2592
-9854
-1672
-9138
1234
-921
-4745
-9194
1436
612
-7103
-8610
2489
368
2217
-2940
8844
-9783
-3810
-5484
-5488
-6762
9306
-7179
-9426
-4433
-8334
-4505
3618
6861
-8352
-8417
9943
-2539
2363
-1689
8638
-5883
4373
7644
-7206
-7058
7791
838
189
3490
1962
-7899
-7671
7034
-3560
-5439
-8624
-2939
684
-2137
-5959
7647
-8279
-504
-6868
9720
-2754
3946
8082
1550
-8077
6033
232
7855
-7636
-7519
-5796
-8161
-7299
-6023
-4291
4336
1313
-2810
4755
5290
8788
-8418
7772
3092
5834
-8488
-383
-2774
6450
3661
2687
-1715
-1027
-4617
-8511
-3047
-3181
-1136
1178
-9052
4380
7958
6069
-8115
-5112
-9103
1528
-3307
-5427
2995
-8839
-7673
-2100
-8806
-7340
-872
9101
-2616
-8797
-8447
318
9473
-3734
-9239
-9278
-4376
-2453
2842
-5927
4586
-8149
-3670
-4732
9734
-2726
206
5526
-8082
6723
727
2911
4462
-9887
-8371
-2115
-9541
1180
3633
-5027
-9100
-3286
2100
-1548
-358
7372
7328
7650
4314
-6661
-9740
6600
-2680
-3919
-554
-5262
6268
-2302
1901
4863
-9250
-7434
8787
7412
-7511
-4574
3019
7301
5895
-8953
-3937
-7854
-2056
-9709
8086
643
8206
-8164
-8295
-559
-3705
7725
-6864
7020
-1321
-8671
-2349
-4064
2201
-5798
-7399
6219
-10000
3406
-8252
6169
-8256
2082
-8728
-2033
4575
-757
-2776
1721
-8166
4114
-1426
9183
-5580
-7653
6052
-8866
768
-6839
323
-4795
7127
9981
6528
5533
-9987
-3643
1671
5018
6941
9290
7826
-6543
-5180
6016
-4403
7096
3229
1196
-3352
-7673
911
-2245
2163
-6516
-355
-696
4958
8892
-3466
5568
9880
7218
5187
4677
6765
8509
-8494
-9867
1756
-3870
-7482
6950
4771
4963
-3375
6987
2900
-6174
6237
-4133
-5959
-3469
-3321
6115
-3051
-6532
-703
5290
1599
3772
9956
-8108
4337
468
4434
-7803
9195
-1466
267
-7081
-7778
-3017
-9163
8232
-393
9389
-2226
-9972
-2950
2917
157
-9194
-732
-2495
-7745
6019
8130
-778
3653
3849
-2066
-836
5762
6540
-2266
7566
-4626
3904
-3842
9721
2214
-3730
110
-9456
-9694
-8659
6527
-3332
-5172
-6611
-874
7176
-5993
1174
-5126
1439
-4086
8681
1290
2281
4889
-1002
2422
4498
5756
8242
2239
-2127
-5548
1333
5484
2506
-5439
4056
-34
-1996
-5497
-6965
-8361
-3646
2584
-7593
5651
1740
1472
-7761
-6735
4278
1121
-1833
5067
6594
-9653
-7180
6512
1627
7479
663
-831
-2335
83
-2782
-8914
9186
5765
-1762
8279
-5535
-132
3444
4630
-2181
9906
3017
-4556
8721
-162
-4469
-8821
6975
481
-7595
-5954
9841
29
-2433
4630
-5860
-4346
-5391
-9895
-879
4769
5151
4444
8806
-7319
5452
4060
5717
-2345
-1462
-6294
7725
-921
2767
3630
-8975
-4264
-7919
5473
7817
5615
4566
-159
-7189
-9106
-473
-518
-6793
5172
-3680
775
5835
8780
9740
-9362
1108
-4708
-4230
-2323
-3347
-4296
-7098
7031
8430
-3100
-324
-5564
-7629
3090
-4858
5070
4256
-6178
668
7119
9320
-7695
245
7040
7086
-8702
3540
-9085
-1265
-8062
-2351
4365
-3991
-9107
8845
-1586
-9048
-1145
-9805
-3784
-3193
-3291
2251
-4102
8743
-6272
7539
-6302
-5672
5370
-5892
496
-2891
6712
-8864
7611
-8066
-4808
-7751
-928
-5109
9331
-1919
-6441
5546
-7930
1158
1441
-4961
-7409
8332
8322
-3606
-2757
-9121
-9692
-6761
-596
-9662
-4536
-5954
7009
-969
335
5076
-8683
3162
3333
5874
1898
-1766
7194
-5858
-5720
-174
-9428
4401
-859
821
-4345
7548
7633
-1822
-9687
2187
-6348
-3721
2864
5125
392
-2118
3791
5532
-6222
6518
-1422
-322
9684
-8340
-5161
-9808
8939
1047
2496
-3523
4121
-9401
-9047
-9315
1954
7964
-4255
-5120
-2664
-8831
-5763
-1518
-3122
8956
-382
-6416
3504
7122
-9090
-5155
2713
1603
-5221
5522
7424
4193
-2589
-2031
-7266
-637
-285
6400
-7385
7276
-5237
2887
1793
8341
-7254
1609
4397
3811
8964
7826
774
-7725
-1549
-9208
-3678
3623
-8913
-4401
296
1584
4422
-630
-4960
1987
1068
7168
8215
2461
355
-4919
6602
-3937
3899
-3706
5227
2358
9100
-2252
-9122
-2663
-3026
-2941
7406
2814
-3261
7529
-4284
2376
-5025
1321
9132
6790
2506
1962
7346
-3012
886
-669
5773
-9752
-233
9656
-2319
-8984
-1186
-2109
7472
2322
2735
-926
-6471
6595
3567
-7020
7193
1193
-200
-575
314
-4129
-5679
-5825
-9198
4091
-528
-9718
-3268
1983
-1785
-7254
-5330
4376
-7606
-3328
910
-4595
-6380
7129
-8905
-3720
4891
722
6137
-5717
-6756
-3876
-7011
7097
3607
-9081
6373
-1750
9599
7350
-8289
3594
-5447
-2872
-5088
9001
-2782
3920
-5199
-698
9702
7105
9187
4348
-8896
8314
-1116
1706
1004
7550
6724
-9586
8048
4366
631
5772
-7659
2020
7367
9775
-10
1958
-1947
5864
3816
-7504
4907
-4246
5091
-448
4364
3350
-3562
-1969
-381
-1449
2840
-3909
-4918
-2862
8825
1877
-374
-1839
-5757
-8656
2668
-8328
6454
-3678
7731
9686
-2110
-2491
8058
4032
8
-6108
-3532
-657
-5099
6259
7083
3103
9427
-291
-8285
8586
26
1596
-9611
7688
4018
5585
-7610
-4010
3809
6064
8612
8208
-9988
-7669
6490
-7136
-6346
6614
-5769
-2833
726
-818
-470
-3636
-2265
2083
5248
4402
9787
5076
-5916
2631
-3245
-2505
-1952
9611
6728
-6204
9619
697
7526
3022
-3282
2705
1004
-4334
-8593
-1262
-6022
6986
-12
1436
1673
-3221
7604
648
175
-4853
592
-7891
-8425
-3669
-1435
-3668
51
9288
2544
9073
-6811
2391
-3168
-7436
8273
-4909
-1092
-6014
-7978
-217
-7985
6870
-3657
2624
-9528
-9274
-9037
2095
-1435
-4940
-2177
9774
3349
5281
-9430
-6899
4882
-659
-4259
9566
4657
7386
4570
-4560
4736
-4610
5079
-2963
-7377
545
7774
7773
3618
3161
-1836
-2349
651
-8143
-7087
8371
4875
-7997
3681
-8507
-4724
7424
9915
-9778
4243
-2015
-7142
-5881
-1900
1625
-9206
9779
8864
8279
-1711
-7163
-3565
-2390
4419
7024
-886
1191
2709
9842
-2457
7545
7699
-4057
5263
-8640
-9208
9752
-9222
2206
-956
-2265
1855
-6984
8418
2524
5548
-9140
8686
9599
-9307
239
-4958
2478
1524
-2034
5833
-4965
4207
4252
7959
7022
-346
4808
4709
8521
4109
-407
-5221
7879
458
-1126
-5389
2447
7632
6126
-4937
-7688
9529
-515
7524
3292
-5525
-3607
-760
-8255
1704
-9969
-9144
5764
-5554
1077
-3372
4985
-2000
4079
-2509
4541
8138
-4444
-5225
-6188
7891
-1356
-1573
397
-2745
8307
8837
-1202
-8107
2135
-3244
-650
7907
2987
-6396
-2139
-114
2751
-8393
7159
8229
-8909
-810
-5297
3109
3022
8183
-6379
4896
9831
6704
-8042
8371
-2251
3817
-3598
574
117
-1457
5362
-6719
5305
2245
-4732
4409
5268
-6742
-3483
6331
-7496
-7961
2251
4483
-6034
-9283
3278
-729
-6018
4218
7359
-2409
9570
7957
-7723
139
2719
-1715
6501
2273
818
1614
-1123
-665
393
-8389
-2605
5985
-7961
-7113
-2862
7479
8401
9733
-5475
-33
9410
6264
-614
-7618
1475
8726
1716
6514
-8913
5024
-7156
-5527
3605
3722
-5616
5048
-3246
1346
1642
9201
2272
248
5207
798
-6266
2240
-7283
6677
3771
8157
9204
-277
-2118
-2414
-6094
8571
-454
-9572
2596
8126
9248
-3085
7296
-1274
3144
4015
-973
2662
-7551
9371
-8740
3291
-3215
-2134
-1714
-239
-9572
3789
7243
-7151
1416
-8162
6964
-4576
2949
-4003
7305
-3724
-6251
-32
-4989
7049
-2229
-2332
-6864
5691
-5458
3466
43
-2458
-1682
-431
-284
4793
5808
-389
2331
-537
7749
-9770
9111
-2571
-6081
-6259
5371
-2166
1500
-6931
5186
4103
-4289
7373
8483
9906
-1138
-285
-1938
4988
7992
-774
5294
-3807
-6274
6934
7403
-1709
-4868
-1643
3748
5563
3763
786
8395
831
-4516
-9682
-9072
-6138
7480
-2031
4706
-8221
-4361
-4515
-3839
3801
-717
9709
-4884
5789
-4870
5886
2038
106
-2810
9339
-5212
8904
-9986
-5530
-4920
-2740
-9862
6073
-9352
-397
7687
1279
1529
-6065
3252
-8986
-5937
9116
-7443
9817
4034
-2898
9332
4957
-3912
-184
9608
-8848
6382
-2250
-2949
8113
347
-3964
7228
-155
-9210
5643
3012
1242
-5205
585
6408
-6764
-9488
-7415
4832
-7863
-7504
1562
8654
6434
202
7611
-4196
-1392
-9865
-5045
-5937
8360
18
-7451
3602
-235
1850
-1913
-7481
1128
1963
-1130
1827
-2810
-778
-1383
5733
1498
-2106
-8169
-9107
8822
6431
-2428
-9739
2683
-1560
-9855
-8109
8132
-8866
3730
2864
-5685
-5641
-4952
-6431
9380
-8986
-2744
8686
-6522
8041
-9602
-7730
-2663
323
2316
-5282
8535
2861
-7143
-6296
-1412
2963
7385
-7867
-2637
9227
739
-426
1010
-539
-1770
-5561
-9089
2505
7118
1725
2490
2746
-2868
6344
-6248
9459
-5769
-6199
-9172
9450
-8002
-1558
-8387
-2933
7224
-5295
-2028
-8065
7814
3477
3756
-7654
-6961
-9999
3290
-5606
4562
4936
-9584
1462
-3589
-8488
-3858
2411
-9906
4904
5416
-744
8009
3357
2776
-2860
114
-4603
-8861
-7600
2368
-1452
6934
-734
5553
7983
7542
6896
-2019
1343
4293
5790
5880
-1497
-537
-4117
4669
5152
-1120
4523
6910
2574
317
-5741
7247
7698
-9281
-4385
9070
6848
6141
-7503
1327
-1619
-5246
-3801
-7504
9742
6803
-3381
-7128
-7652
-1909
-5392
-2690
8164
-1570
-4809
605
-4257
7878
-8358
7173
6155
-2055
-9223
-749
3040
-3702
8088
-6198
2423
5060
5064
-116
-1921
-664
-1343
-5467
-7170
-8825
626
-1144
2181
8822
4767
4307
-823
393
8875
6748
-6400
7011
5804
-4145
-366
8286
-771
-8360
-4209
6255
3339
442
3890
-5709
-6441
-8901
-2114
-324
8270
6754
1527
-8001
2218
-7708
-4200
-202
-6205
3708
881
2166
-4950
9620
4620
8649
-5189
-7854
1976
41
9373
9670
5783
-3085
-348
7483
-182
7871
6273
5714
1992
-9283
-6866
-4842
2549
5557
-1339
4241
4243
-2675
-3128
7961
9581
-6619
3850
-6957
-1589
-7443
5760
7503
8444
-3840
-8449
2676
-5265
5664
6094
-2500
-6049
3278
-6099
8575
-5859
-2479
-4390
4226
-6645
-5538
4658
-545
-2492
-8344
6372
8367
-9133
-7298
-4765
2119
6144
-7972
-5832
8532
-212
-27
-293
-5632
7701
-4809
1910
4767
-6598
5491
8868
-4306
-2667
-6051
-7670
909
-4032
-2805
-5124
5272
5434
-180
-7779
-8843
-8556
9695
-9240
7770
-5396
8657
7203
-3499
-5682
5374
-4782
-1593
-7233
-3701
-1261
-142
-488
-1716
3982
8710
151
4456
5776
-2616
-3260
-9416
-4801
-560
9893
300
-2339
-7404
-845
-3578
-2528
-5610
5232
9527
2351
-2289
1537
4186
3050
1150
-105
9446
9408
-5850
-8023
7550
-9683
1154
9281
2891
-5842
6355
-1808
-5380
-4622
-967
5652
-3001
3579
-3393
2356
1114
462
-7983
3849
7715
8396
-2780
7826
4158
6189
9253
-8083
-692
-1237
2968
1620
9157
-4172
-5673
5218
7617
-9778
6723
-7390
4961
-7604
-41
4015
5338
-4660
8690
-3284
8714
-2962
8697
6494
6223
9290
6929
9819
-5660
3663
-4938
-98
3566
-1535
-2400
-520
-5100
9137
3067
2796
-6394
-8936
-7645
-3277
5415
-8849
-9028
3993
5642
1658
-675
3638
-535
8413
1506
-2105
-8898
-6695
-6109
-4764
-7523
-551
-8308
-1189
-7124
9999
601
1691
9868
5322
2467
-4339
9249
9076
-3985
-7364
4530
353
-428
-8832
269
9496
-9876
5685
-9539
4354
3494
-2724
9674
-45
-1292
6145
-9607
-8932
-4375
7664
-4125
-3460
7070
327
7527
4655
8629
9821
-8891
7108
5450
-6520
-8993
-3834
-5391
-3698
5443
-2006
4218
-134
-4556
-3928
-9317
7079
-1112
-1063
7825
-2258
-3926
-1908
-2834
-2824
-3405
-2457
-3827
-7291
2361
-1053
98
1900
-2499
1756
1313
3983
9538
-3680
-1771
9305
-8461
-7006
-9652
-773
-7908
5053
4221
-3198
5189
-1561
-7429
-1294
9433
4
-8754
5836
-3897
7793
6283
1761
-3347
-3283
-8580
1180
6638
-154
3174
2098
2639
-9879
7916
-8310
-175
3510
-8122
-8737
-8517
-399
-6349
6342
9293
1511
9001
-831
7470
6742
-5128
-1101
784
8193
-5095
-5305
-9935
3451
1624
5734
-5251
-1480
-5052
4580
-3554
852
-5768
-3922
-270
6633
-7595
475
-4387
3583
-2773
9712
-6623
5256
2410
8429
-8200
-668
4223
-6761
4496
1868
-8219
1037
-791
-1293
-1248
-498
-9441
6204
1627
397
9043
7353
7313
664
3702
4212
-7268
3406
5389
-7355
-5946
-8693
4860
7116
-138
5518
892
9758
1330
248
-1436
1855
-4228
-8388
844
6207
3156
-1897
-6260
5090
-2223
1681
2057
-3111
-4586
-7781
-420
3440
-7216
-8901
-5901
-6240
-1614
6998
8454
9349
-1456
-8287
-3294
7968
-6424
1540
-5495
8046
6949
-5277
-198
-8213
-600
4497
-9262
-2642
-536
-9785
9438
-6372
-9888
-3888
8203
9763
1869
3873
-1485
1097
-339
-560
-9219
6388
9579
-6444
8723
391
-5914
-631
500
4268
-760
-910
-6548
-4891
-3918
-8787
-5591
-5190
2478
2510
-1398
1285
6974
-6282
-8779
-5602
-1943
9795
6168
9022
2601
2590
9772
6688
-3003
-1852
4134
-1099
9647
9662
1719
7844
727
4918
-8196
-1216
1211
-3171
3166
4095
4551
57
-3753
-843
8667
-9140
4691
1711
3246
-5790
6422
-5170
1484
-5644
-2416
5287
1474
1457
9287
-6155
2185
8040
4706
7331
-6974
-2167
6829
-331
886
-9439
-7724
-8272
-7367
4823
-4193
9079
-2802
-2084
2169
1599
-7280
-8760
7734
-7609
-9527
3839
-9646
5921
8635
1713
-4585
-8176
-4943
-5940
5059
-7490
8514
4834
-534
-6803
-9562
6424
5366
2816
-2680
-3333
-1658
946
8171
9372
5603
6092
-5828
1603
-3399
-1260
-7790
-4466
-95
6595
-4152
-3414
1138
-3247
-5445
-5178
-5303
7911
6843
9339
-8364
7260
-3293
3123
-151
-4470
-5843
6466
8784
4044
7292
-1233
-8997
-4601
5506
3324
-4043
-8781
4867
1212
-4761
4245
4131
8150
-9052
-8846
3127
-8284
4968
3735
4697
1870
-4192
4321
-4276
7877
5926
-5050
-5001
8868
-4168
965
4478
5623
-7680
123
-4403
-1310
-5963
-2783
-9322
4677
-813
-3048
-2667
8145
-3747
9568
-9939
-9224
9846
-1769
-6559
-7279
2299
-3833
-378
-7622
9464
3993
-7650
-5211
-1628
4120
-7604
8003
9576
-1419
7875
9907
2810
4725
-9185
-7191
-480
-3190
-2703
-8266
-8143
2057
7379
5486
2843
4850
9058
-8466
-1716
9240
-6812
7987
7129
-598
-3237
-6617
-6881
3240
8971
-5151
7000
-828
-1037
9121
8667
1725
-3236
8714
2008
-7002
-9390
2382
-9917
2891
3051
-2511
-8014
-6180
-82
-6098
-9534
-7771
3268
-4912
-931
-1606
-8861
1911
9907
-1970
-5643
4808
6912
-673
8393
6294
-6509
-5790
9015
-3950
-6376
-8624
9730
4693
-7519
-6571
-8072
-3666
-2186
-7831
3456
7243
-1211
-485
-7281
7216
7752
1071
2406
4350
2551
-3309
1908
-9395
-1626
-3677
-8234
1737
1213
-9064
3647
5109
6828
1860
-7088
3268
8278
-3520
-9477
-660
6972
-8443
-7674
-1465
8567
-6428
-8797
-7270
7118
-3026
-6182
8861
6496
-6607
9849
7370
-4843
8348
-2316
-2696
7335
5371
1378
-398
2858
5205
-3536
-2908
7837
-8289
-3026
8912
-4672
8308
-8506
-7296
-7263
5847
-1166
-7623
-6992
4239
8301
1294
7376
-1410
7817
9684
8024
863
8727
-279
-2618
-4129
2972
-5008
-6133
9078
-6035
9576
-9632
-3051
3658
1700
5197
2812
6612
-7006
-3267
-9866
-844
-1321
-5176
-7398
-7937
-1615
8684
-8697
820
3397
-801
-168
-5649
4099
-5302
-21
-8391
-2368
1541
-5802
-2577
580
-3126
3513
6678
-9759
5943
-4511
2810
7443
6314
-2238
-1766
-7113
-2991
5605
-4575
3042
2414
-9394
2806
-6866
8913
337
7810
8436
-5188
-220
5451
7135
3339
9425
-9517
-7016
1785
-5708
-8906
-3748
-5704
7452
-5714
1493
2306
-2174
-6453
3663
-9999
4608
1651
6596
-1257
5851
8415
-6299
-5102
-9654
-1876
5353
-9267
-9083
-9461
-5894
2668
-7907
-9576
-4523
-6599
6935
-5942
-1479
1691
396
134
5809
-6413
-3404
687
1374
-1870
-2210
9362
4650
-743
-8670
-4948
-2036
-316
1491
7329
4207
-9549
2587
5532
5035
-9306
-684
7613
-6780
-23
-4420
788
-4437
-5391
-159
8282
2287
1079
-5751
-2786
2189
9393
-4947
-1039
-8064
917
-8772
-2978
9855
1309
-9586
2366
-2737
7707
-7810
9496
-8081
-2321
-9641
8382
-5506
-4227
3746
5233
-6132
-4814
-7704
-3479
2674
-8150
7492
-1265
3761
-5353
-563
-3472
5025
-3664
-952
1540
665
463
698
-7353
9005
-6321
-3947
-2955
7077
-8964
-6558
-8558
-6205
3578
-5217
-4643
-4885
-3182
5141
8416
4539
-8917
7742
8787
1520
-5783
7219
-8614
-6026
-1650
-6807
3044
-9921
1992
-4088
2649
1199
-4238
7684
3202
534
-1341
2236
3219
6116
-9824
-7460
7075
-6977
-4666
-2922
7366
9758
4414
-705
-8421
-4931
6909
-2273
4105
-6623
-971
9471
-3491
3893
-2132
-4534
5399
-5705
-9432
9623
3517
2117
1606
8202
-5658
6549
4601
-8260
-8555
-4996
5817
-5419
-4869
-4970
3383
-5214
-9122
-703
5669
-5460
-2937
1090
9721
-927
-4528
-7971
-508
1836
4982
666
-1422
6173
2452
8216
-1450
1346
9758
-1842
1032
4536
-6237
-3960
5981
-6837
-3853
4331
-7610
2308
5755
-4163
-1694
2995
5807
-8276
6718
-2827
-5958
-9069
-6395
-4109
6898
7679
962
-6375
836
-5516
9882
6568
-4736
6447
2295
-4478
824
-4326
-8279
4908
-3469
-6995
7566
1546
-3602
-3223
5169
4203
6924
9645
-2738
3811
5262
-7732
-7688
4501
8073
-5578
815
-2627
-220
-6089
421
-4474
-3052
-610
-8179
-4499
7712
-7070
-4
-4615
-5307
1074
1375
9253
971
-6490
-5089
8712
-32
6688
-4953
7113
1978
8828
5791
1249
148
-7181
4784
-8227
2968
736
2790
2812
9108
4858
-1631
-3099
2999
2612
-8059
-4895
7266
-4558
-2349
1209
8751
460
-5702
4184
-881
-5923
-7582
2389
-2001
-2252
2112
-3704
-7571
-4368
-2495
2563
3516
-5104
336
-4378
375
-7993
-9936
-4709
4807
407
2954
4325
4665
1442
-5813
-5530
4629
-2834
-2523
263
-5450
7752
-8703
6906
5314
-6669
-4488
-7700
134
-8883
4189
1431
-6569
-5704
-1874
-7021
5898
7572
-9007
-7554
-3848
-6157
2438
6583
6232
6510
-8108
7026
4874
-3547
2277
-1540
9882
6439
988
1867
9561
3422
-2767
-7481
-3645
-3641
-7860
-7408
-4570
4486
2165
-9622
-5504
7290
-5523
4648
-5224
3732
-2620
-8487
56
4645
5703
-2827
-688
8137
7147
-3614
-2942
7228
-6421
-3092
143
-4898
390
-720
8518
1577
7640
-7195
2510
509
-7992
8060
1195
6312
-8317
7036
5808
-5660
-2339
-4488
-2651
2497
1166
-9464
-9454
-4006
8664
-4179
-2261
-6753
5623
-7319
4484
-1570
-9668
3860
7413
1505
-7793
-3600
-8173
-8566
-4410
212
-6218
430
-9408
4691
-3000
5496
-9644
-9934
8242
2052
-3403
7988
-683
9377
-4572
379
4943
4125
-7472
2309
8369
-1776
5186
-6295
7573
2708
-8055
-5714
7324
-9539
9548
5209
9810
7822
-2421
862
7939
-8826
6767
-3418
7282
5865
7524
6669
-8897
6799
-4947
-8769
7771
8767
5788
-6499
-4526
5552
-3356
813
-3934
7226
-4888
-5833
2697
-7939
9834
-3446
-3728
6565
4290
2129
8427
6576
2147
-79
-6742
5735
-7598
7586
-2847
-3850
-3715
3499
8523
-4408
3944
-5505
7491
-3945
-9707
6552
7603
-3036
-5331
-333
6196
-5083
-889
1818
2136
-757
6864
8500
8617
-1039
8533
-6137
-7931
-6056
8102
-1589
-5584
8950
-9219
-7291
5183
5631
5166
5329
-5275
-1697
-5132
4363
9797
3101
-972
9199
-1943
1651
-1020
-1795
-107
-8857
-7967
4933
5866
6242
-6143
-5728
-5100
6523
3100
4429
-1186
-4405
-1085
-5618
-6345
1919
6911
-4851
5546
-8233
1631
-3808
3686
-2771
6652
-8497
4181
-163
-6129
-5456
5557
9834
-4920
-8039
1626
7365
3599
4236
3031
1683
-3849
-9943
-3748
5223
-1496
-7969
-399
802
5883
-7950
-7834
9514
1496
1596
-9887
-423
-2876
353
-7490
3061
3534
9760
-4813
-6000
4392
-581
825
-7184
704
8074
3177
-235
-4357
-3771
3248
5987
-9368
-5130
9474
3264
-4069
1654
-9211
995
1022
-8650
-9632
-6435
3355
8360
-8399
2779
1626
1624
-680
-1849
-4823
1221
-165
7310
9337
-219
-5026
-1137
-2664
8467
4810
-9381
-83
917
5483
3131
-9986
-275
5813
-2605
6518
4247
-6351
2516
1626
-8556
-2110
4020
1645
-7514
5055
-3286
1950
-2099
3790
-1487
-147
-1864
4406
-1398
-98
5882
-4813
7731
7317
-4924
-6797
6649
1137
-21
-9440
-599
32
773
2451
5000
8072
-4755
-2956
7644
5908
-2425
859
7622
787
-3823
1982
-1258
3317
-2629
735
-4536
-3939
-3994
-6260
-8146
-4592
4942
7666
1872
-5821
-9221
-3520
-9654
-5014
-6628
-8958
-1196
-9478
374
-7324
1168
-2588
9656
-2277
8547
8672
-5634
-5920
5443
-9493
4223
4542
8550
8897
-9729
2148
-5711
-7929
4255
2359
-8529
9
2967
-1220
-7849
-7915
5153
-1161
8367
6252
-78
-6555
-8123
-3476
9620
4053
191
-2789
-3820
-7935
70
5634
-3938
-31
-9665
-6918
-2918
2397
-469
-2361
4264
5483
-9316
-1570
-2002
1914
822
973
2028
6984
-159
-3192
5253
4117
6668
5671
-4805
8578
4483
-7724
1809
5076
-8253
-9450
8477
-6448
-3779
2113
6720
3830
9721
6823
-2211
-568
-7934
-6974
8445
-5126
26
-4238
-4055
3227
-8277
6509
-8665
-8643
-9332
5742
4406
-6862
-8981
-2866
-2230
5631
2536
4774
-2475
2357
-5836
3307
-9073
-7601
-2496
-6663
-6479
-8244
2843
2377
-8976
2440
22
9115
4067
-6465
8301
-9837
659
-7360
7210
-2492
-6021
-5797
-3999
-751
6356
5791
-6578
1662
-9830
3067
-3488
2132
1109
2585
697
6497
9565
-1176
-5004
7715
1620
-2070
421
4246
4992
-5517
-8023
-6502
1784
-6730
1131
-8100
-436
9843
-7136
-8068
56
2860
-3015
-7977
7589
7399
-4085
-6484
-6281
-436
545
-9657
54
2342
-4032
4014
8771
9002
885
-2333
4564
8751
3538
1178
4686
-4533
6174
2262
4539
-5043
-4797
1925
-9380
-1640
-3637
2008
6948
6743
6862
6869
-2009
9533
3927
6984
1623
6292
2111
-8607
-2837
2798
9565
-4245
-9136
-6561
-5194
-7487
-5110
-9023
-1285
6946
-551
-2777
2136
3941
-56
9403
-8869
9144
-7629
-7794
4959
3523
-6967
385
-6650
5570
4672
-7608
-4668
-3800
-4607
-4357
2025
187
-5249
-6077
1329
-3008
-9348
-6925
-1234
-4378
-1192
-460
9990
-3489
338
-5852
-6371
-7769
7534
-2146
8610
-8352
9626
1116
1185
8969
-8020
4750
4141
6555
3892
-1668
-3793
-5853
-840
250
1589
-7200
-8621
5147
5173
-5517
2932
-9665
7015
-7667
4825
-8985
-8853
-2873
1080
-876
3140
-9568
-9386
-9289
7171
-883
4905
-2377
-5255
1951
-9771
-5271
5725
-9507
2860
-8883
-8465
1100
-9099
-6081
4129
-6747
4156
-315
5667
-5522
3856
-6157
-10000
2904
-6921
3912
-6944
-1511
-9819
2557
7496
9118
-5711
9514
4820
8019
8545
-1733
7563
-5074
5179
7320
-1608
-1719
7178
-5377
8048
-375
-594
-1181
-6674
-3411
-5880
2471
2494
-2897
-886
-6075
2901
-9798
-6124
4875
-4930
9758
1224
6410
-8397
56
-995
7368
698
-8817
7821
-8315
4591
-3321
-4365
-2956
9766
3120
-9645
5558
-9077
-9103
6923
8712
3084
-6350
1173
7220
2536
-7070
-3208
-3152
-5168
1979
6437
6250
1378
5661
2811
-4081
-7359
3700
-3075
-6831
8125
-6750
-28
-5652
-867
8324
4061
9173
-9534
7245
-5271
4427
2173
-5619
7120
911
-1096
9661
-3890
5758
1261
-4303
-1158
9470
-8426
497
-473
4158
1706
5230
-8970
8234
-5129
-7877
-4113
-5137
5400
-5488
-3055
-2001
8198
330
3309
5027
1772
1738
1976
7529
-7726
-9667
9457
-7966
2151
433
1205
9673
-4939
-1007
2280
-4751
-6745
883
-4834
5937
5534
-4903
2602
6700
3933
2877
7515
-3535
-2234
1509
-9115
-4531
7280
-6810
9798
5675
-4933
-9565
8151
6654
4007
-902
-2573
779
-168
-3059
5799
-1315
6076
-2409
-1524
6606
5773
6332
-2051
-8744
9737
5740
-8459
-129
4880
-1407
-3610
5943
3857
489
949
691
-4510
8029
-2404
1059
-8936
-9256
-1815
1684
-8385
-1292
277
-4279
-4220
9686
9168
8742
-380
-9377
3925
8323
-3945
6091
-9763
-8004
5289
-6697
1124
-3898
3329
3934
-131
6849
1819
-7335
4928
-9435
3599
9148
5485
3621
-692
-2695
8395
-4528
-5283
-5073
9450
9191
146
-2939
-3103
-7055
-6790
-3835
-2355
8514
-679
4574
4070
-2100
4763
-5834
-7951
6310
-2514
-4628
-7510
6830
-4925
5573
6775
5681
3504
7016
-1375
-2001
-4719
1765
-1513
-2948
6705
6529
-7857
-8401
-1865
1146
4096
-7302
-2504
4436
1209
5492
6144
-7936
1308
-2398
-4765
4210
5044
-203
-7219
-9329
6219
-7565
-5523
6766
-5950
-642
-7239
-2117
-1022
4376
-7284
-5048
-7523
9384
1780
7094
-1719
-4354
9271
1521
3177
1470
-5975
5799
-4130
-5017
6604
6236
-3765
3927
1820
9272
-8163
-3664
-4471
-1795
-8597
7032
1117
3383
27
197
8942
1889
1418
5231
3684
-8005
-9524
4498
-7757
-9525
-2712
8799
-598
-8506
-5422
-95
207
-8232
3318
2872
2232
-6899
-5781
-1947
-7652
6841
-2436
3103
9237
7883
2062
9123
-497
7111
-586
3527
-6651
-8383
9763
5785
-7308
1599
701
5258
215
-4970
-4879
1938
-8649
633
-8448
-870
4034
-3600
-4764
8950
3845
8751
-4517
-4786
-6887
-4025
-6688
5076
-6407
-6462
9832
9692
5603
-8077
4231
-2746
9905
8997
3193
5916
8927
-6806
-6436
5872
-834
232
-8487
2306
-6936
7739
6597
3203
5953
-8103
237
-8184
6010
-6825
6573
9343
4295
2089
-3935
9263
-9408
-4748
-9285
8442
2924
-7431
-5725
8252
328
8107
1094
-1142
9712
2081
-4297
7412
7514
7171
-4118
5660
-9435
1741
4374
-1770
8590
-7350
-4919
-9818
-7898
9896
8282
-3466
-6592
6415
3261
-4227
6619
-6156
3516
-3929
-7241
3081
335
2771
5360
-1368
-8355
5464
-6110
-4550
-5346
9196
5249
915
-2513
134
-3576
4046
8180
1157
-1702
-6110
-622
-5130
8407
1515
1357
-4611
-9394
-8176
-5347
8384
5084
-7880
7558
765
4709
-7434
-2050
-4227
2092
-6260
-1347
-698
1825
2940
-5259
8247
4608
-8582
8576
-9064
-2918
-2090
7570
-5013
-9752
-9871
1874
5524
3530
-6841
3182
-2991
-9213
2880
4621
-8782
-4119
-2624
-7615
-6282
-2483
-6971
-42
-2868
-3478
4757
-8937
-2845
5068
3073
-7110
-2833
6037
-1614
5565
-5856
-3703
-326
-1681
2488
1365
8481
-3066
-9635
4324
-9022
-3291
-3463
3700
-4145
5445
7044
-7282
-3819
2806
577
9963
7521
-3111
-2054
2104
-1523
-6246
-881
-8058
4984
-7803
-5824
-7975
-7074
-51
-3594
235
5998
3401
6224
5033
6438
-4868
5338
4804
9874
-4654
8807
-8509
-5674
2654
-7308
-4621
2389
7231
8009
1636
-6636
7184
1979
5390
2583
-5753
-6314
-7042
-2235
123
-6984
2810
-6717
9589
-9419
7758
-7958
-5648
7770
-7054
-6388
5791
5176
7916
6862
-9823
7014
-3559
-2313
-58
9546
8531
-9552
6486
-9419
-9799
4131
6973
-645
6902
-2780
24
-4781
8121
-6011
5117
-2857
3909
-2504
9619
542
-6586
-830
-1710
-1409
-2198
3359
4843
-9023
-7672
7178
-4242
-7014
-8720
4654
1806
-5385
6762
-1780
8157
-9203
-7171
-2268
-3118
6868
9021
-4018
-4050
6629
-7663
4566
4533
9429
1426
2157
-960
-8333
-5597
-138
3116
5396
-6570
-3463
4164
-8594
-9553
4834
-4363
-6621
-393
7159
674
2204
-2814
750
6082
-6446
-681
-2355
-158
-9445
4374
8389
296
-9710
-415
-3386
-7805
-7842
9579
573
-1491
6344
-7122
5353
625
8205
-5760
-3912
-2059
-7288
-485
6685
5031
-4596
-418
-5846
-3070
-8570
1809
-1855
1198
1317
-4997
9377
-2070
-4443
-9457
1835
1322
1157
8070
9371
2523
9133
7742
-7851
4145
5093
-1258
4046
6350
9971
-5743
-219
2738
-2208
7045
9481
9395
508
8716
1459
9969
-776
-7806
-8462
-4178
-5888
-1480
9890
1463
-8960
4225
6170
-1006
7676
-8850
-9662
6685
6052
-5323
-473
7490
6679
-8832
6916
-901
8463
-3393
930
-6095
6046
-3697
-7836
-4194
-9728
-4752
5302
-747
-7002
7010
-6373
296
-7145
-5931
-8417
9474
3863
2766
4646
4183
5088
-7832
-7766
-3096
9228
-4365
2237
-4542
2485
6388
9880
-8035
9329
3247
-3151
-105
3608
-1985
6684
4081
5951
-1681
-7348
5281
-2662
-5248
9252
1482
-9814
2618
-75
-274
-1133
542
-3148
-2766
-8460
-4099
-6161
-7568
6282
8278
4103
-7321
-7488
5053
-6511
298
-8805
-1688
2891
657
-3890
-4439
9411
1180
-823
-2017
-1554
5061
-5214
-1850
-5845
189
-1321
2824
3914
997
8597
-9067
-9906
3062
2816
-5161
-5800
-4369
-6728
6863
-5767
-607
-3067
-9849
-3914
6382
3358
2478
3470
-1011
3602
-5956
-7703
-5051
8356
6222
6537
65
-8742
-7707
2240
2301
-8384
1539
523
8101
8260
-8649
-9569
9226
-5217
-1400
889
-9208
-2089
7100
-6824
2045
9753
5232
-4223
-9643
-6737
3947
-8157
-4650
-8242
2258
-7948
6885
-717
-5032
20
4815
-5326
3587
497
-1901
-2110
-8466
-7333
-8293
-3572
4143
-9101
-552
-5377
6274
-4896
-829
-3670
888
7389
5285
4253
4481
-9898
-2889
-7666
1430
-588
-9869
-7380
-9566
6239
1816
3289
-9287
358
-3446
-674
7241
5581
3192
-167
-7168
4172
-8729
7861
-6761
1331
159
-1034
-7101
220
394
-5228
-3360
-6237
-4218
5325
-7751
-4083
4895
7556
3034
-3055
8309
-9814
-8427
-7083
-8963
7078
-5131
-1643
-754
2193
8814
-8719
-4655
2148
-7200
4740
3726
-8062
-6227
-2995
2257
6355
295
-2417
-9577
-2809
1041
-263
1538
5883
6241
-113
-2368
7349
6105
-8444
-2333
-2131
-4789
7447
4067
6603
6567
-6528
4100
4916
2703
116
5853
1014
3266
7650
-5566
-108
2635
5966
-7173
-505
9877
-2611
-6783
-3700
7758
2855
-189
5012
2059
8315
2220
782
3148
-646
2902
-9114
1862
-3378
-3797
-5848
3286
7670
2156
6813
1515
9715
-9161
-7457
-2809
-4442
-7625
1461
6028
6171
6846
-4950
4744
4841
2293
-7028
-8752
-3111
-382
-7629
9426
-2731
6540
3100
-157
5823
-3527
-2560
-5730
2776
-9526
9889
-9076
-2017
8906
-7942
9696
6403
6295
4079
778
4729
-5247
1116
9545
-9175
7130
-4472
-9324
-9095
-1032
6634
6317
3990
-9195
854
6310
-133
2489
-9497
9989
-7031
3604
5188
2937
-6060
7159
-1106
7274
1813
6676
-9536
983
837
-8924
-2358
-3441
-5534
-4782
5534
-577
-5702
4093
-5962
2406
-4014
-5606
-4892
-7541
4321
-2964
1719
9853
-801
-1510
-4867
-3888
-8484
8227
103
293
-3976
-8358
3966
-9276
-8039
-5893
-3248
915
-7891
3959
6201
1168
277
1760
-9551
-974
6847
521
395
-4317
4017
-4478
-8452
5871
2750
1396
-5644
-7431
-1157
2344
6356
3165
3283
8318
7317
-2007
-2639
-7561
-5834
-8872
-8855
-5140
8392
-4399
9622
2705
819
8437
4854
-9468
7627
1532
-9360
-8508
6097
-6757
9781
-8643
4190
6406
-5079
-6849
6133
9083
1298
-164
3104
-2874
5788
-2695
-6085
-328
5903
-4832
-2027
-4140
-6237
-6337
-7316
-4188
3809
-2829
7697
7434
7028
7268
7251
3844
7083
-2192
-5489
-8025
3590
-9205
-9185
-1299
-7050
8619
-8445
9943
-6574
2917
746
1162
277
7816
-2989
-6928
-7935
-6016
-8565
5108
34
-2797
-152
-7392
8760
2261
7311
-1740
8724
8584
-70
-7143
9232
-7990
1149
9533
58
7464
-695
9403
-1766
-6658
5404
3937
7329
599
8524
1869
3343
-5616
8626
5563
-2070
-1318
7579
2387
-1976
-1198
-4036
-2121
-794
6386
1019
1882
-7444
-2821
-7751
-9952
5252
-4991
-7864
-319
-3083
-9278
3375
7371
7606
-4640
-5104
3167
-9834
-3490
-8348
1607
-9222
-3873
-9203
-6163
2874
-1662
-3756
-7833
4960
-3108
1890
-3450
1601
-7256
-3945
-6143
-90
-3738
-2141
7807
-7220
9413
4267
1199
1557
-778
6840
-2085
-8764
5137
1367
9175
2735
3134
3832
-1831
-87
7803
-2148
3220
9884
-9492
3077
-8914
395
-8972
4860
4008
6769
2204
-6365
-818
6678
-8999
-9094
-6151
-9937
-6242
-7927
-9198
8505
-7510
9358
4978
2032
8909
5892
2784
-218
5217
-402
-7841
3945
7341
-8182
3526
-7961
-6440
6731
-3076
-9564
-1622
-5687
730
8676
-1115
-5079
-9574
5782
-8095
-9826
-8570
7246
-6695
-8118
-180
4996
-4135
8376
1205
9282
3939
-7013
8838
-8132
-3686
8425
3023
1633
-7341
8597
-2344
-1066
-8372
4981
-2201
-9189
-9025
5787
6436
4920
8704
-7650
-1479
7953
-6932
-9408
-851
-3985
1633
9546
-8069
-3970
-1254
2187
2685
7747
1150
7947
2498
1104
-2449
7792
2342
2758
-8143
-8913
-2767
5223
2962
-6877
2107
4231
-5287
-6800
-9756
-9030
-6099
-8862
-1174
7470
-3057
-1198
-1875
4282
9918
-9450
-6642
-4536
-2764
-3750
5223
-6435
-9235
-5040
7050
-1037
-4560
3607
3501
-7083
-2004
-6398
-8915
1108
8174
9491
-5736
-362
3885
7946
-8101
-8559
9741
8921
-6007
-1722
8842
1297
-3695
-1660
-3832
-140
7709
439
8237
4656
625
9077
-7248
-8465
2890
-2362
8122
-4118
-4884
-1607
-7722
3130
-5484
9799
-4799
-2944
-3613
5349
1738
-3489
4929
3548
2486
7159
-3948
-5553
-7725
5475
9496
8722
6836
-4545
-1392
7424
-2780
-1144
9761
-4734
1419
8946
-5833
-6974
-126
-53
5212
6470
-111
-15
-4026
605
3333
8565
1405
4213
7968
-5777
721
5553
-4747
4805
2482
9767
-4770
1306
-6486
-6311
-7706
-3633
3703
2344
3035
-2899
1584
-2603
-4015
-3946
-2506
7791
9402
-119
-1009
5374
-8789
-8306
2043
-7374
4618
1808
-1113
-686
7060
-2436
9412
-2577
-9400
4348
4826
-5302
-6793
-531
250
-8314
-4662
1736
-4674
-8446
-411
-451
-8188
928
2444
-3416
-8728
796
-7204
-6355
364
-4572
-3336
-8129
-2296
-3014
-7745
131
-2733
-9147
6916
-8241
4361
-3182
-7878
2532
4505
-3258
5925
-3227
-1532
-5553
1088
-6462
-9305
-4096
3058
103
6690
1818
4274
2417
4524
801
-9827
-8321
-2776
6029
-6426
-8775
2523
7518
-8331
-3728
5329
8303
4232
4208
3277
5221
-4286
-5119
8726
4897
-92
2501
1508
4690
9849
593
1610
2848
-1029
5535
-7178
9776
-3374
7798
4226
-9121
3630
-7125
-3068
6145
-6204
8861
-8737
428
9172
4329
9846
-6432
9595
2048
-6322
-78
-7029
-2481
-6240
5387
8506
1986
-4685
6805
-1711
7541
4778
-6549
9194
-3814
498
7401
-1566
-5324
-5327
6378
-630
-5352
2149
8387
-937
9611
5058
-8613
4344
-803
-7681
9248
-4902
-1042
-4329
1055
-1920
-4678
-6488
-315
341
-2170
372
-7266
9742
7540
4338
-7028
-8722
9194
5876
-7645
-7285
603
4076
2523
-329
-4986
-3853
-1486
4638
-6646
1741
1649
-8462
716
-1420
-9906
-8589
-1163
6954
9984
4203
-9923
8169
-3283
-8502
-2057
1463
-1233
2202
-2982
-4197
46
-6865
724
137
-1566
-6046
-5749
7256
1457
1920
7097
-3290
-9623
6945
-7240
3703
8257
203
-2209
5024
-8092
5419
-7479
4869
2944
-9344
-8679
-5184
3275
1949
3211
5626
1980
-5742
5389
-7521
9298
3560
9317
5791
-9805
-1725
-9209
-7346
-4754
612
8308
4718
8860
-5180
6310
6179
-2117
-8492
9528
4041
-754
904
-3785
4822
-4535
-8106
-7492
-8405
9210
5260
6567
-8678
-3236
-9306
3807
1360
-9964
-3769
-1074
8007
-4289
3478
-254
-375
7307
8432
1790
-7585
5415
-1623
-1487
-5247
-5411
-5158
1508
7943
9105
-9024
1512
-8117
-6616
-9750
3033
7829
2333
-9386
757
5019
4215
-4560
-2593
-7799
-4689
4178
7787
6485
8407
-5440
-1165
7483
-46
-5038
4475
-2863
34
-1580
-5
-5746
-415
-13
3423
226
-4608
9303
8006
7108
-2373
-5277
6795
-4029
-446
-4518
2052
-743
4028
-1845
-4090
-5565
1692
1477
9442
-1263
7630
-8072
-4693
-3781
-7448
-7410
-6579
-5605
672
3150
-1164
-5566
-5458
-2692
2780
-5855
8954
-5261
-397
-8700
-8410
-1187
9257
-465
6370
-1905
-615
-2529
5440
4633
-8308
6932
7244
4847
1539
3891
2067
46
615
-8243
977
5487
-3
-9346
-8215
-2342
-251
3231
-8667
1655
-3248
-658
8256
2566
-9654
-4793
712
-9278
2131
6084
932
-7590
-216
1330
-4930
2367
4530
4139
1690
-1768
-6427
295
-8458
6681
132
6412
4750
8523
1407
7603
8705
1592
5753
-4687
-2105
7889
-3399
-3591
-23
689
7860
9537
-9338
8920
1799
-146
9670
844
8494
-8455
2847
-8640
4187
3543
7221
37
1758
8922
-9043
1067
6308
-7761
-4839
8059
6978
1589
-640
4704
-2279
762
5279
-1953
-281
-7363
1907
438
-8887
-5789
2536
-3806
7755
-7542
7864
8652
333
-8795
-4708
9050
-5769
652
-8677
5071
-783
-3731
5810
-7566
-7996
-7817
-3048
4969
6743
-6885
3002
-2674
-1712
-22
6108
9360
2957
-2552
-83
195
7683
-4684
9154
-6079
-2964
4902
3678
-4690
-6645
9432
-223
767
-7216
2073
-5476
-3997
3356
8626
8773
-3931
2187
-3854
4081
1277
-7288
-6655
122
8255
7473
2861
-3636
6529
5300
-7230
-4155
551
6095
2204
-1230
-3717
-5268
4060
-2606
-462
557
420
3315
9049
-9035
-5007
2134
-5065
-180
-509
9074
-4988
9907
2273
-7847
2265
-6665
-1860
-5168
-3577
6477
980
2717
8352
4081
4487
4451
-7192
-7451
-4107
7442
-4065
-6780
5517
-8222
-2824
-2774
-952
-4531
-2732
-5913
7662
-5778
-9309
3899
-141
-2523
-3490
6826
9015
-9373
7905
-8901
5827
2134
-1322
-745
6559
1608
-2997
-2838
-16
9545
-4194
4946
5760
-7850
9119
7398
-6077
-1875
2896
4483
-8984
6355
2058
-1656
-3958
3427
339
-5354
9722
-5267
-2173
-2206
4738
-300
1639
9417
1699
-4294
3407
5399
8976
-2316
-5254
5772
-181
8625
-6849
-8051
-28
9926
-5000
5862
9289
7248
-3852
2754
-1896
6995
6982
462
-4662
-4821
-8148
1593
-4792
-7393
-2078
-6198
8330
-8993
-6131
4019
6024
9273
8261
-6045
-6999
-8217
7000
-7100
5386
1125
-2110
-9213
-5490
1648
-1552
2809
-7560
6750
7788
8993
8934
4020
4484
6945
1162
-2801
-167
-5882
-2116
5349
-3448
1375
6557
2136
-9011
-1013
8796
1228
1069
645
4134
775
-5656
4387
5013
8232
-8500
-9713
-5217
5096
6845
2601
-1504
740
4638
-8168
5391
-7326
-2769
-6676
-6153
4402
6408
2218
219
-3016
-5278
-6148
-6689
4565
9347
-3831
-740
3060
6186
2259
8428
748
1299
8170
844
6820
-2176
-1138
6697
7589
-6601
801
-9723
-7389
-8129
2210
-9063
-971
7080
-3993
-49
3800
2133
4297
4512
-9409
-2187
7239
6608
-5406
8603
6103
4799
-6209
9704
-2747
-5979
4161
6899
-4211
8009
1113
-6332
-4806
53
7290
-6023
6526
9507
8654
1963
9455
-6824
-5603
-2047
2500
1952
9055
-7581
-1272
7436
-9104
306
9245
-8698
-5959
2517
-4405
4817
3754
285
-1588
7925
5360
8644
3847
-2918
1498
-4148
-8482
2097
-8442
5965
-9598
-276
5014
-2315
6635
6081
7819
-4510
-3163
-8681
4135
9745
7826
3419
9411
-1087
4036
9279
9958
-6074
6559
9904
5444
-1982
-4182
-7521
8090
-7774
-876
-6715
4243
1810
-1171
4386
-9702
-4778
-2381
-6005
-7271
-1000
4672
-5998
-6449
-533
3435
-7434
-1605
-3622
3290
-5311
-8349
2192
-7397
3542
-6361
2173
1066
-1440
3988
31
-7197
-1796
2592
-5907
-6775
-8908
-8466
-6321
435
9924
-297
-4355
4902
6941
3569
6463
8793
-3506
-4764
2617
3622
-4068
3176
835
-4874
5887
-2562
1704
-1526
1660
-8663
1570
2106
-3535
2135
7401
7738
-8030
-3425
8394
2933
8799
5495
517
-2184
924
-1900
-3776
-3260
4637
-8771
8346
-2279
8814
9447
1266
4984
-5640
-369
-8169
2453
-2768
-9492
-1531
-3917
6100
6362
4246
-407
680
-6411
6829
1957
390
6344
-1398
-2353
307
-1628
-523
3095
1720
9656
-9806
-3324
4054
-8566
-3145
9744
1085
6929
-9682
-5455
-4478
1930
-1808
-4139
-5248
-7145
4892
-3402
-7853
2752
-7544
-6932
8073
-9832
-8166
-3536
3697
-8250
-1503
1355
1804
1438
5297
-5712
2044
6062
8783
-7085
-3113
-6722
-2313
-9437
-8805
-9900
9552
-1967
5360
-7415
421
8770
3642
-2597
7498
9349
-3212
8390
5817
-5153
3964
-4426
969
9468
-9078
6161
8170
8476
-5307
-3946
7189
-6569
-8394
-303
6069
-9438
-9105
3359
-2485
1833
1633
1430
-3554
-7118
-1772
-4336
-6797
1106
-3994
-2844
1815
-3839
7747
-6907
-1445
-7058
6205
9921
3618
-7361
8553
-2910
708
3123
-2933
-7566
-3918
536
-6068
4516
8302
3505
34
-9645
8899
-7470
-3539
8657
-2395
-2632
-2063
4740
-105
6768
425
8384
3313
-8271
-5094
-6556
3820
-2534
-4308
4810
9794
9552
-9667
8268
-8717
-2520
774
7312
3688
8023
-3704
-7247
-3583
-2537
2513
-7511
-3010
5491
-7342
3841
2441
6726
-4448
-2584
-9258
-4943
-5950
-7170
6188
2102
-3553
-5656
-1954
9791
-1542
2172
-4846
-9097
-6895
3291
9223
-9015
2945
6399
-9633
-9882
2036
619
-3981
-4664
-551
-1272
-8689
4302
-8801
-3995
-2759
1950
-4462
-428
2149
-6301
6608
6683
4524
8276
2485
8809
1572
-7061
749
3114
-2261
-6422
6576
-6062
8666
6970
8135
-5620
-8808
-8329
-4213
9833
-5755
-9682
-3582
-743
3686
-6483
9444
9471
9712
8520
8412
-3420
6893
-7549
-8737
2056
5165
-8631
-9857
-901
-708
-9346
5466
-5360
9278
-284
-820
9475
6760
7280
7952
-5589
1008
6900
-1231
7318
5518
8587
-6492
-2772
2243
6552
1333
-4015
7852
-4550
424
787
-3792
-9740
-9346
-6670
-7491
7444
-4218
4666
8419
-9048
-580
5024
-3120
-2296
1496
-6246
-2856
1718
7443
-7601
-8160
8640
-2469
-7726
981
-9369
4964
8543
265
-6711
-3048
-6064
-3508
7690
-825
2636
6610
6416
6852
-1288
7872
6421
-7535
-2212
-988
-4563
5485
7164
-4969
-2452
-6056
9826
-9217
122
-9444
-3414
7547
8088
-8297
-5291
6403
-6312
-3918
2918
-1535
7769
8509
164
-1353
6655
2735
1815
5254
132
-2505
-657
9568
-3076
14
4435
3794
-9161
-4906
1797
5930
8037
-5527
-1109
-9332
-5256
-1182
758
-9712
1548
3995
-7963
-7079
-2926
-3895
-8543
-6209
-9102
-5810
7327
5158
-6056
-4707
-6247
-66
-9274
5800
-1398
1521
6087
-2724
9130
4528
-7663
4807
-7624
6986
3913
2396
-5297
227
-1241
-6911
-5466
6182
-9928
-2616
8813
7814
1616
-9485
-7604
8838
6073
-4090
3140
9108
-3130
-8895
8826
9287
-9119
-2066
-9512
6480
8834
3230
5247
7452
-8789
3080
8455
9984
5898
2692
5560
-4691
-2810
-1598
-6368
961
9075
8798
-7866
-453
3617
-1201
-5532
-3035
6054
5102
9985
-6239
-7256
-3482
-7402
4893
-616
-5356
8820
7266
2307
5881
6522
6098
6458
6976
3147
-5611
-2727
6391
7744
-2249
-8522
-7201
5227
-3369
2954
784
-2150
-4189
487
-558
3400
9567
103
-7710
-8303
396
-5349
5767
1512
3180
-7037
-1634
711
4954
-9497
-5711
5285
8734
-7953
286
8627
-2393
165
-6803
7397
5924
4882
6207
3399
-1377
-4228
-1510
-6158
-6322
4724
-4206
-8842
-9644
7210
-3344
-2806
-8506
-2222
6033
2383
4436
-5508
9358
-555
8584
1243
-4313
9673
-3019
-5488
4453
1315
-8839
-5472
-502
4311
3714
3028
-4083
-6766
984
6720
-5465
-9327
4357
9123
8192
-1630
7524
4985
2719
-9312
1822
-5
-3359
2386
2746
-461
9293
141
-811
-5335
9778
-6683
-5945
-1195
-2444
5285
866
1361
3020
-3497
2456
1472
7442
-965
-3622
5396
-5736
-3760
5468
6665
6670
3498
6856
8446
-8200
5500
2049
-9524
5401
7785
4547
-9686
-8080
9208
8060
-7218
5008
-9756
5596
6574
-9159
-6858
-943
-7710
6537
1805
-3715
1951
-7299
-9568
-2696
-2240
-357
3444
9411
-4536
7073
-9385
6829
7270
8719
-3856
-7624
-3097
-584
6207
537
-9354
6504
-9258
-386
6446
-7986
3393
-182
-69
-2968
-3557
-4869
-5498
-6316
-5028
1041
-8023
-162
-247
-1157
-2588
-6317
-1925
9076
7148
-1304
-9067
2540
-7355
9236
-3883
3690
-9380
3220
-3384
7914
-1503
-6181
3022
1368
1568
7393
-6936
-3137
6004
-654
5809
303
6254
8139
-9297
3654
-1820
706
2895
6572
6217
5166
-7468
6819
3860
8713
-4959
5825
3614
2102
-8944
2563
-4269
852
9079
-8857
1793
-3879
-973
-8418
-629
-5293
-6857
-9373
841
-7676
9920
8747
-7637
-7821
-7272
7441
-5590
-6623
6038
-67
8951
8129
-8815
7293
-2271
9436
-9405
159
1493
4049
4649
-8475
2450
7735
2910
7086
5762
-5885
6859
-6519
965
-7673
-3839
5145
8061
-341
-1606
1175
-8684
-3798
-3784
3202
-859
8082
-3520
958
-3698
4647
3074
-7085
-2126
-1086
-718
7816
7174
6319
-7513
-9887
-1592
-5431
-7930