X	Y
-3,143508240273071	1,1252021925709963
2,0861288416452415	1,1656965201666891
-1,1585842335291185	-1,6770303292134319
4,803064803329918	0,30920516442352636
3,820386623414721	1,375907368340359
-3,2448761321315445	1,7238515446076774
-4,5542604701676	-1,6460044749831892
4,937248282376846	0,7290988696627759
-1,6150720866537989	-0,6804768674774591
1,8661241884101671	0,7853788896082208
-4,067077263534051	-0,651930604854607
-2,6352608700355225	-0,25226501390608225
-6,242861494786618	1,277912561131799
-6,233626116233292	1,6186381590641234
4,749378818173899	0,35703245619422813
4,843185450648861	0,9117349802566574
-3,6335189843704265	0,7782783011666193
-4,708397853425122	2,1482659732070433
4,820250050422789	0,9627988556567713
2,621240227268183	-0,0837230839203098
1,7857638337078932	1,0288320295080047
1,8145256113935635	1,2172372275417245
4,330013632790029	1,2343783298320647
-3,1060702733189878	1,3014150339776152
5,032526544149021	0,590237813173831
3,998176888496831	0,09134120946011104
-2,2526474885093064	-0,45225043525349107
-5,944425121462817	1,0011648477347501
-1,714077477240071	-0,56350290253007
-5,70232053514743	2,0207010925313726
-4,4674945904854875	-1,767529775018384
-5,907864488550661	0,7266457694561091
-3,8683713792652243	-0,8020158492660681
3,191620644119552	1,3165802645520857
4,823625725943598	0,9564889196566997
-4,08645296828821	-0,8253858760712749
-5,214086013760212	2,2113937484865573
4,103780089328806	0,10651585449076972
-4,670575986931997	0,5967533593488783
-3,6221685964020374	1,7830107593715763
-6,5020277230396415	1,3988431744754255
4,757544696689735	0,18635218891990968
-1,950571735102467	-0,4722042165966853
-3,8936469866973535	0,6640677954525357
1,6735472334015289	0,7579044697260312
-2,4703737502091907	-0,4386785070169146
2,7475935672445133	1,249873508923181
-1,7160038128252237	-0,5386387317382104
-6,293191319826689	1,3745981746660898
-4,021584287028498	-0,8825465819488263
2,279632535558069	0,058829862523027354
-1,6759521314663293	-0,7415757609850016
2,994815320122279	1,2894102030235435
-4,93253839864675	0,4802454836519059
5,1117905600470905	0,35100844683955773
-4,619610388892781	-1,7325448920505897
-5,660998260008826	2,1277086398549256
-2,9750305935621686	1,8239046441774267
2,888594959265752	-0,07701320580646731
-3,4108678051694064	0,9106305022506022
1,8732425197165985	0,3071906310913517
3,9013884502665563	0,03139707912142231
-4,327505538712805	-1,7376947463826729
-5,057421459709922	2,3088557921502724
-6,122249824016635	1,7613303181801072
1,657181088015985	0,2815893701667936
-1,9404285266612402	-0,7144787057474351
-3,9039155400902468	0,6731297314981198
2,1233841551845027	1,1268924981207462
-1,1417467589444594	-1,4449356043767416
-4,549170135685537	-1,861999235297631
-1,14610447729864	-1,4656145857497491
-6,161406777302424	1,276044105054322
1,801017248283955	0,2512042168000892
-3,29077504010976	-0,30751145992742246
-2,084561473205209	-0,0873771423113836
4,179819873430891	0,13352420586865454
-4,464682917094453	-1,1306168561699068
3,057085647305148	-0,06356911393349074
1,4530419095006386	0,7724200404106075
2,003170234803402	0,9406144528716296
-4,280342670291004	-1,2553852897144198
-5,422312384790276	0,6883650485289216
-5,9321169546736785	0,7812643810475836
-1,3255222279636147	-1,095207820017376
2,7403044929203517	1,1534070458070498
-1,2988278246445186	-1,03484441469872
-2,550015593528189	-0,24523731374078905
-4,232219282537001	2,3360434398177983
-3,133351358265081	1,4648029589066096
-6,025262245745669	2,213062205901274
-5,593369302776685	2,0711263530922146
2,187453375132037	1,204940183074281
-5,9937723367035405	1,0948647347937126
4,900946035572651	0,44958823390446545
-3,2495798879155298	1,680726410939569
4,860478265569448	1,0692635364494258
2,836246470473786	1,3778981792993832
1,7430805411393826	0,41411216348220503
-5,808399069557486	2,0778829681788693
-4,357074537923628	0,7096425139479569
-2,6510234858681048	-0,15924769751576462
-1,2021686958102697	-1,8814255830753006
-1,8232068583044279	-0,6501463287586491
-1,367213088362486	-1,646467237078045
-3,247963256189771	1,7698110864763508
-3,479121073634856	-0,3711693740374209
-3,1603947380011554	1,3982536309214968
3,6365759264377884	1,1621372909904994
4,9659981879337405	0,26404113940206175
-4,454047037280125	-1,8195942905129687
1,8036281804966183	0,27436786045313083
-4,313967115164736	-1,540028144950107
2,797745178536085	1,3616261787228867
1,4476894501257178	0,6632888767503388
2,9330175518700194	-0,18979169863892642
-4,029707162999668	2,3553978856195616
-2,3354286516078844	-0,5343211862334891
-2,2142721575959854	-0,34787944470092214
-2,635682653385923	-0,10045000653713032
-6,069487663118025	1,1532699310789878
-2,554298839860815	-0,23031023023310015
-3,1929836057716754	-0,3175475654178881
-2,882166971900177	1,2045825713941696
-1,1625971730539857	-1,1986993058500426
-5,349669479388554	0,6008813258781913
-6,3158641366124515	1,3296191548344778
-4,426135199228712	-1,7812388840603535
4,956321680151271	0,44473759413776964
-3,3226747093931737	1,8206970918424494
3,098736425189121	-0,06852572566530346
2,129603795195745	1,0470896666764922
4,816205062242844	0,7986672644958099
5,023868079264906	0,5146562014331996
2,9867643419923784	1,2496530277596896
-4,491653566191103	-1,2998904608195603
-2,336154448259121	-0,33440504444914954
2,110746362465158	0,10192629268647335
-2,020151629747621	-0,2648325293698528
-4,576095639168809	2,2544169979989017
-3,7043689090855008	2,085011864439714
-4,510545373413745	0,717293386839047
-3,4056508825163707	-0,33718382812779657
-1,301214993450888	-1,0648520736829767
-1,2169043426993005	-1,227287050046884
-6,379799217166965	1,395256169645499
3,474934969767426	-0,04638069964550773
2,0107090112649324	1,059120696354808
-4,469846917582796	-1,5857526733487148
-3,29713514379801	1,3250935717223165
-4,540313610075714	-1,4360136653598357
1,748429079925525	1,1539724459246499
-4,964562169742454	0,6188432408483759
-3,9925986392621726	2,2748762720060687
-3,3822770207953106	-0,2197606637325915
2,2554411305345283	0,04402938959259006
-3,4950371631978596	1,9391450905039755
1,592331996654094	0,5026181354223725
-5,413639237963198	0,5317846103716126
3,7603723484526816	1,5078456670026195
-5,937535539444395	0,9125717672025183
5,089361529703625	0,7100094286739214
-1,3880865495342276	-1,4862716329714654
1,8412278482297053	0,8640249349767789
-4,110847417841	2,198451333877119
1,777525951551384	0,9197173409547886
4,731557201324955	0,10038029590833464
2,619834928605086	1,2736241672025028
-2,7783187990154627	-0,4825973319874528
-1,3554032028027874	-1,1649893965087836
-3,848880505461507	-0,5388298435561982
5,112241197729286	0,41856043258598263
4,1290438066991975	-0,0034520777232537325
2,3442602504569	0,03084385848437987
-4,543480492047478	-1,4871459692537665
-4,751163334422464	2,1844916634444362
2,802615060788012	0,14547565594748074
1,5293493995847232	0,7239945447619537
2,9676681401986675	-0,04557980268048967
-3,2670830957909125	-0,383562897577848
-1,8963533923898788	-0,5249179924587501
-0,9491146852589369	-1,7035735240234136
-2,122150173165249	-0,4388368201764148
-3,503294168633908	2,066110027900891
3,4295126437768784	1,059696002292899
1,9599199245790624	0,4191444690821953
-1,5602297583409857	-1,3114157857288513
-3,8872497240013173	-0,644208618899859
1,6031057349467215	0,7673121283806476
-5,245804198897113	2,299190014916962
4,031937009551938	1,3142734721839133
-4,432481970729606	0,7109357521577846
2,5023981318692794	-0,03863412019822443
-1,8337530872892192	-0,7419675234253504
2,98382755437388	1,2082962976203593
-1,3516667819980537	-1,1664018887668468
-1,1095480728207678	-1,7388128649180583
5,218183085170949	0,7864204401872398
-4,476246229495719	-1,4539552643759368
-4,253538111699052	-0,7945950854714061
-3,8552945166641646	-0,447844411258153
-6,319836093580665	1,2070499171134468
2,0033383322866327	0,13969312426142605
-2,3115046748771104	-0,3138537126971668
3,4327862370286826	1,2636217357773285
-1,275406971508696	-0,9324076365953651
-4,481502487187758	-1,93044628770494
-3,2865718628210994	1,662054318604874
2,9068197087719563	1,1967066701212015
-3,294648014465019	1,8742609673188788
2,4176233409905468	1,1021948559776553
-6,285046293715049	1,4212713439352425
-4,32421290221855	-1,339228415585887
-3,473247203111775	1,866389523859953
5,121892149711959	0,68959302580508
2,630011139367274	1,3283169695927972
-6,034709815719967	0,9571422431699755
-4,520340085919986	2,1687491534399754
-6,11082974817503	1,0523565964375112
4,359955396215584	0,32189277501499924
-4,828239971597626	2,2372399584173666
-3,8448161963010694	0,8446962562387941
-4,90525508876908	2,267332693264064
-3,870573448027301	2,2141192171660204
-5,904175062433217	0,9038762481453876
-1,3601886902247244	-1,2227057332893299
-5,8471187763299834	2,0638850369363064
3,383460603832713	1,4171423200159894
-4,354493290698178	-1,4161359065288415
4,02638168753022	1,1264034805339829
2,4737965198208727	0,17434990693642116
-2,573217187210331	-0,37657141440734
1,531487284510473	0,6856854152652103
-2,8765986223289923	-0,2728949363427211
-1,2511459012585993	-1,942316143135
3,993792004630258	0,14227295887578217
4,879990467937976	0,7060460364381975
-1,1825383460236274	-1,7993237598903393
-3,7114075811685883	0,7066763851551189
-3,5964969896949945	0,7305314579091212
-6,242899716548233	0,9260765588797053
1,5652956028541893	0,6251608676271592
-1,2116181569614015	-1,8681629565172342
-1,1334038261191959	-1,4047657938754257
-2,1123643748373646	-0,4852560287363348
1,946318963644499	0,32990232703366096
-3,0523525102037143	-0,31750610576168414
-5,916379210951817	1,9990862958378635
-1,3744012041336982	-1,251726343996743
-3,8765405308207996	0,8056665817705237
-1,7827776630387935	-0,6447193047647484
1,4427615586388758	0,4600750199935075
-5,438934352900662	0,743339498778139
-3,4998320220211685	-0,5140706085362607
-4,258152277730199	-0,8310889163422692
-1,651072163389984	-0,4542377400797135
-5,246605341826086	2,2119833938885765
-1,3651965177654852	-0,5899929856122537
-4,389815671852589	-1,2315038728190026
-5,137779903245998	2,147827954890712
-3,370617571207828	1,0118594145637227
-3,297720355142927	1,98100179245923
-6,534697228156352	1,4044995418241553
4,066766475785714	0,10255536337754156
5,228016004082722	0,5555801899770378
-1,5502814791100779	-0,8526530551604135
3,652461282443567	1,1762450566906466
-4,323784802331996	-1,304996448209045
-3,9363744291770284	0,5450397482896931
1,587077640602202	0,5699233445469157
2,350429630995788	0,09052362801867175
-5,483884447355632	2,1293279138620136
-4,295036441696006	-1,010363362967516
1,6081502127817606	0,338915153636672
-3,6236137181938717	1,9762105390067126
-3,9901447379106414	-0,5472614238612747
5,128509366026664	0,3984977694642401
-1,107427992913131	-1,6988844437491868
-6,109915394947773	1,1060705657185594
-4,5160108401169365	-1,877933215095057
1,5528866192521091	0,297465211824562
2,1724721410899397	-0,0404342508010066
-3,3216773154052888	1,9355108367428062
-5,844827213304615	2,0586282104811326
4,518574308223001	0,21362686206432302
4,893811388293745	0,8030146357743806
-3,7330482580806583	1,9028879919254271
-4,030437946524364	-0,6653135825625158
-2,4049064567739666	-0,2600325492685793
4,746342372468685	1,0514595190687426
1,6718741236449675	1,0674191156769068
4,841282464528003	0,29276371457985173
3,999044637271714	1,1437445954011487
-5,841532046062703	0,7738124877101134
-2,482807568012483	-0,27126150366092094
-2,1835315890200206	-0,4863516901496039
-3,1854032328282007	-0,3149887653616923
-3,246083477079784	1,8613928775610535
1,8465470445215486	0,34879411074343913
3,594973046046088	-0,029965696893503924
3,7795623492898787	1,2572003680469472
-3,429912331702644	-0,3423835361442429
-4,389287819864948	-1,7409459682255672
-6,2657671840405165	1,8404859481788485
1,6079472983967311	0,7729810057083566
-1,394817909398044	-1,1303642713641882
-2,7547810075025128	-0,21774372066674008
-4,286380678548632	-1,3386330108978692
-6,452865686880635	1,3378732077654583
-2,514248016508414	-0,16159529693503671
4,437757338752242	0,19731319973055939
-5,988337331156648	0,9178225897852577
3,4961067675048825	-0,03405091067962662
-5,5731761169998535	2,2831336806287053
-1,0598117907133453	-1,8687740515653195
2,222880629710572	1,2131424375955786
2,669370099962923	-0,03295916772522922
-4,916649688539964	0,5989530174159294
-3,208731841436258	1,3542603756980691
3,0310858673729277	0,16478819201553174
-6,311762970574376	1,4179438900441728
-1,9836288088010976	-0,5210122595077742
-1,4166777272704767	-0,8710679799540193
-4,110614770439618	-0,7566141081759015
3,2344087612745773	-0,05332899116825618
4,718212900419205	0,9721249588117131
-4,5665908816059355	2,0986825240606226
-1,4679458748382817	-1,0599080997262276
-3,862653195047791	-0,6899113811798161
-5,8087051174925	0,9654513207276088
-3,6903643959370553	-0,3804615887607914
-3,8580593903001055	-0,6949762894520748
4,387454350796801	0,1919363792432432
1,5793827675049792	0,26811569785215195
-2,937459550075817	-0,3091283199724222
4,6128346999394765	0,08611721291741503
-1,7617158662971213	-0,6803367514747898
-4,421071420097426	2,43191939788116
-3,8349885176144456	2,264297854109762
-4,47137248803315	-1,6057166271776193
-1,1856884769631615	-1,5329613515530214
-2,479358159508312	-0,501669508508185
1,6720933248927545	0,9661842017949565
-4,350145147629785	-1,4783646229434952
1,6247398963040967	0,5737631836917021
-3,347298225114832	1,0057081796554557
4,93964728229076	0,6584097580133698
-4,54093449840261	0,6265602467543836
1,7827094049496506	1,047310681599524
-4,269637103493053	0,4951640449458278
-2,667781275935399	-0,16645060788908217
-3,819653097921104	2,033958175326932
2,27849465684689	0,2703767034556438
1,6387702495786842	0,7986094920861413
-2,329316357201883	-0,42201319227814293
-4,128113560838391	0,8076535491959473
-4,294846961959254	0,6413502701374211
-2,5769230149978446	-0,2559219998674458
-3,497768759339324	-0,5282395545450755
-3,049785041571471	1,555912776070801
1,7556906905708904	1,0207803321204663
3,58126836426118	1,092249594667311
3,2852850653300543	1,1970210935369894
-4,024709136458682	0,7395368011832082
2,579384530879773	1,1968459325929264
-1,7385391093109388	-0,6657115060599283
-1,7608898543490132	-0,6270292177537324
3,475246054149236	1,3427822790588562
-5,669917652052343	1,8308976248368836
-1,176144429362593	-1,3711758574917414
-3,5833918875570876	1,0180051089296487
2,7788624094690126	1,2492801923939099
-4,470619975875785	-1,8067733963101196
-2,985957727448734	1,2207045995525878
-5,8165517630264	0,9422691949813998
-6,309292214036283	1,3412080979505219
3,8921157709531524	0,13597758631896012
-4,582017464044023	2,1379786994901733
-3,7034411065545276	0,625624879994533
-3,825061546189268	0,6990811852400516
-1,1559743879187148	-2,0275198548557136
-2,5240195683841358	-0,4234836866575278
-4,07076891943232	-0,8158790803853357
3,731358015768412	-0,0033956414838273163
2,8729502027039215	-0,042877837994592216
5,033291014578452	0,6559602149492386
5,079393158059252	0,3898958054898778
2,1995172263259937	1,0355498039429256
-6,138283200241486	1,9760361818397425
-3,983551204603547	2,200935857953834
3,452241081637341	-0,0024212617748125
3,5984633094303033	1,3346392993373346
1,6096565001838101	0,43383973281459054
-2,2534764254963675	-0,5037487859659211
-6,086887076775663	1,5532460870140734
-4,085634819184472	-0,733744328675803
2,616058103280852	-0,16166926011649496
-5,003067937460308	0,6308930743551383
3,529255885215251	-0,2278213536494219
-3,5985817970386798	2,161097174698109
1,494546640808282	0,6697068398778441
3,301136606883841	-0,04195966226299741
-3,1001364708227896	-0,20645610002239234
-4,485390034915979	-1,3501034125248448
-1,1379852735572427	-1,4391125741051716
2,321615460056064	1,0657354800980543
3,2310809615663953	0,045628482872884346
-3,043507263298749	1,7670883616450588
-4,044776355278719	0,840217578246516
-6,080382395262783	1,7317071869404308
-4,450874736076404	0,8460069001888745
-4,482479401724207	-1,6485589798787208
-4,612218539060787	0,45714000290650836
-5,598139272166613	0,7285910836327294
-4,7604710184219705	0,5979993312213786
2,7511017235683646	1,0772561207617257
-3,4907892433684427	1,1190386660962273
-1,9612979156258843	-0,5754089573742021
-4,547102348099131	-1,7483958228166396
-5,443990169128231	0,6218048954435645
-3,5258222892104167	-0,5218320639286429
-4,632541956527953	0,5317273266599286
4,489056355376009	1,0915953317329548
-3,020703680660823	-0,2638221027846377
1,5162297811534604	0,6120725103343134
4,857214920381351	1,0856081778365163
-4,323991747351368	-1,7121009977562038
-5,470055340313416	0,7799595513886896
-5,016706240428937	0,5282961223375882
2,3508453031820262	1,0871744104161714
-1,3557106706190147	-1,111701750377947
-5,8832962539150975	2,160277544309833
-1,2829214122761932	-1,1862873845878874
-2,6225444672641514	-0,2391194692523244
-3,7659834543252826	-0,6669108091411418
-4,425723054010867	-0,9859260654534351
-5,649984801432689	0,8052287114311558
5,0467642147140435	0,5372841382167375
-4,3628488276297555	-1,3799451531425637
-1,163736438108241	-1,8085563150406236
-4,489513610002151	-1,477978840191357
5,065003386728001	0,365887800248421
-1,1967334586347942	-1,7185169958925641
-4,596435921721537	0,8278877112093666
2,4088926675107643	0,12526794985099188
2,776190308794681	0,09597302176762579
-1,9224688762704296	-0,38548628119087236
4,992116567304521	0,3131393406643459
-3,5370275098449313	-0,29904871689329426
-3,132521154483398	1,3777294585203466
-3,9813941320710646	0,7720352110037152
-6,077434205176874	1,834762045874049
-3,943749808921968	2,1243886087806683
-3,340172539136888	0,984748446313639
-3,165568367744023	1,0221917390823398
-4,469507559499361	0,5497223437739024
-3,1624968682369876	-0,5359263529147602
-5,592307551371325	2,145114117371764
1,8047726521514327	0,3877640324714813
4,682370363569728	0,20264759349292616
-1,353272927601726	-1,2593314429122198
-3,55123998820155	0,8357758982017987
-4,704615759047653	0,40794021116489265
-4,2048125258752105	2,049271016908885
-4,109813351742542	0,6450315748396311
-4,3402043577845495	2,1081462919933935
4,445369593153887	0,08282763392587766
2,6435418349977535	0,2774366740101595
2,1049823419852505	0,3836412010077742
-3,5266067157864294	-0,326903074417181
-1,5191535856083576	-0,9860209362805389
-6,199278492308469	1,8853158846547873
-4,049299828794675	-0,8257937636472805
-2,902379053233913	-0,2732585332555866
2,957945239567042	-0,12991529313687789
-6,319063525785369	1,3069615594490844
-4,2009345649545216	-1,385014187308541
-1,1876103855810323	-1,6867095856850611
-3,3713006651062423	0,7173081121117156
-3,1331158588984747	1,6323556560223371
4,9905584485168175	0,6739413839698968
-4,207495469155645	-1,3882211996712328
-6,1872939222585	1,9953678741928211
-1,5621275614203323	-0,6936487643044267
-5,717653015941541	0,8244590397153002
-6,335953561554182	1,6090506579478112
-3,066304895568585	1,4403801243255487
4,7514384120246	0,8128341790808115
-3,1588208821514296	-0,25345395255764047
-2,4308765308005995	-0,21724406399506502
-6,168202640333588	1,061372053743796
-1,9893082090571323	-0,625021659361628
4,649168436782434	0,115701953212476
4,843518921766323	0,38137499151492193
-3,9415562878395507	-0,7604950437119438
-1,3811202513061966	-1,0218922229754832
-1,114119578652556	-1,4946381196967315
-3,7792487697394535	0,7699299494069624
4,771726793757507	0,22332289430767083
-6,053040629618797	0,8633712635924901
1,8119030704184618	1,0918622307253256
-4,229764292263073	0,5672962103310313
2,0531477412791626	0,30398743127260996
-6,067155322491196	1,0884461466944524
-4,328189408263561	0,6749616284172665
-5,8201638595055645	2,03988673284075
-4,602781463689704	-1,733203144080921
-3,5548676732776676	-0,514363735785426
-1,24278852095649	-1,4245944154363905
-3,3760636118520004	-0,4067211509239399
-4,038656820396708	-0,6876600130639077
-1,6982403061520557	-0,7609056774851626
-4,47522279943613	-1,670396747678309
-5,733583862636258	0,5601047498714382
-3,88449390251911	0,6000634844879972
5,10915179000046	0,3387778880737131
-4,961608673980901	2,333339023293381
-2,5430181826655427	-0,2560148182166109
-4,399130278792565	-1,2282299209117484
-1,3573026385983682	-1,4689228564349088
-1,7681989843817285	-0,5957209647901489
3,5883250126297366	0,033619950302344326
-6,281893682065714	0,9566043992560568
-2,2295876390360356	-0,33640359166020484
-4,502436266349157	-1,5454801246249075
4,155163840705552	1,0371171868385005
-4,958646719280607	2,2442167255114795
3,085578020086791	1,302317574888542
-4,223232904052733	-1,0387357068898968
-5,372436665832494	2,1809732824362174
1,8149378305178105	0,9424657425676644
-5,350601633637087	2,1439156233767735
1,6954017792314415	0,37806833550357577
-3,8509739303504973	-0,5679923046821458
-4,22986619482533	-1,2459359214684573
1,8220893960326099	0,30246733044045226
4,828252321551659	1,1152125275996658
5,1288219283481915	0,579354917544377
-5,48387777993267	2,355084900880603
-4,351898705729267	2,3326397730178527
3,22038430685957	0,05923648252149338
-3,489492050922159	2,0141957559270507
3,4606046524209244	0,1743520977962933
5,066984950741133	0,7400371064033391
-4,507051446103035	0,5266024559253302
-6,1992017357994404	1,4604340875429194
-5,6770639588931004	0,7742626467003085
-1,285630689858944	-1,3880059311141104
3,096988775894303	1,3618273421944984
4,8378510494717775	0,3109445025805256
2,3743042659057285	-0,007920901314965367
2,052005078109145	1,143248016871294
-1,8838243311724225	-0,4461015235839185
-1,4794236850232318	-0,7512390386668937
-6,471340432183305	1,3706222915562196
-3,922964270920974	0,5932649137902825
-6,446909701795768	1,5965585521085663
2,58008882753785	1,1707764372057476
-4,198280048658021	-0,9852184695499537
-4,461882461633325	-1,3135544244308055
-1,0061718319911803	-1,8281947171933068
4,963404451346005	0,9205702088106316
4,5069267088434595	0,08309802138064692
-6,150689226129043	1,8597594662447174
-1,0964353620030154	-1,3093748659712285
2,205775985297441	1,0313758456989368
4,532397206653648	1,0650352140780344
-4,181723905003402	-1,2546989711054732
-3,4304550409051657	1,7873315050172738
-5,526473751566804	2,038284021850124
1,5358580777345427	0,7490445174362795
-3,2329849929642496	1,3038484071310952
-4,667238144348554	0,5568398018549685
2,964727777102781	1,3522936698420507
-1,6067935635103927	-0,6402528547865964
-4,4000364853193155	2,2579142334783135
-1,7134250072835384	-0,7328130715622938
-1,1234464479910142	-1,5938607090970287
-3,8322556231373843	2,080177704997002
-5,121851106860656	0,5684399277688785
1,7236006817350709	1,0013728566757483
-3,834650847754124	2,106770825325863
-3,6681560286430885	-0,5507749632816525
2,235600537183256	-0,06960154077040048
-4,617466430303235	0,5721641735897136
4,692108013680614	0,24972228062669038
-3,1325786645367764	1,5025935761421918
1,330561911416845	0,6045986706832125
-5,32229182239657	2,188346034156387
3,5804695420862527	0,043817600931190914
-4,1759063166999555	2,076765779469441
1,6916236903838495	0,8404234661546135
-3,2415556868835873	1,7566509418933138
-4,342333649344749	-1,1508815364729847
-6,264308979223162	1,4426501657792747
-5,713080000367589	2,0388827069450137
-3,741869161452363	-0,5839941013312553
4,747097811075191	0,9310939248759701
1,5302901043060617	0,6209383874909108
-3,5965927833329867	2,0524214406755372
-1,4373251691168947	-1,054142215390924
-4,567613678932173	-1,5408586212461155
-5,141468021882385	0,6578384625015485
-1,6056748299553507	-0,9413300228540453
-1,083429903422846	-2,1640135996165717
-1,1427134899704372	-1,92232402420448
4,984971556231888	0,9407446535437092
4,958827836115391	0,35965799782079244
-4,1525917597713295	-0,7684330581981531
-4,7874952767163705	2,4057508125787277
-3,165485626758295	0,8090837379203155
-1,1343185638757112	-1,209677397336626
1,594896902107884	0,29184969600576804
-4,710409996634056	2,125399725102175
4,778232420796871	0,8987546017453638
3,6387822378803176	0,12268882503524992
-1,8668240261942055	-0,757803125842204
-3,209544562039254	1,7179394864723943
3,0001107081535308	-0,0385684233231276
-2,462848819575661	-0,20329379903249878
-6,0930662013954615	0,9106150138415301
4,211499059853726	1,142707384756919
5,099761684734344	0,5717892880261016
-3,9582215915609846	-0,8824088126548948
-5,06535269682742	0,7445310621443613
-3,8312496325854566	-0,5227742795250436
1,3553298594928531	0,5462136234333599
-1,561702334070404	-0,8153065774151518
1,4239636205174495	0,4735700086092768
3,0791208496700526	-0,07161601123835826
-2,281399241668313	-0,16743369738915748
1,8544688681374666	1,071373174862843
4,866334728491956	0,787664922303969
-3,8827376156991535	2,031265819111591
-1,5500134131115004	-0,8571629387059605
-1,6599948479903188	-0,566933911577713
-4,402883594812847	-1,987238127088188
-3,077239698779522	1,50644193000132
3,89139969987682	1,2468464510877222
-3,383887803212411	1,107481062439933
5,0212385988609505	0,7308167678692612
-4,1332823434103405	-0,8771413811936222
-3,1592610774096395	-0,233376157737478
-4,296805306203686	-1,282972520967487
-1,236910647754143	-1,1921444372702146
-3,4009132981422585	1,9670525061357669
-6,089292374192874	1,8629760252985959
-3,696968023376148	0,9532515105454136
-4,0587227318671655	2,0603966153769564
4,953413881766976	0,6163318544820405
-4,788511410250198	2,188185463707295
1,7735510856206893	0,4644769327495324
-1,1799338763516465	-1,4806731761176597
-5,155629208601445	2,177353672984832
1,6870579572870625	0,38029074321239265
-3,2732738868606552	1,0790068128358428
-3,5892960731269543	-0,5288528232614491
4,6478978138718965	1,1003508284750274
-1,137306845009125	-1,5902960936447843
3,0381824094127348	0,0649627774185958
4,9735457426873415	0,9283741536439671
-3,9546083345656684	-0,8038793394845349
-1,4534566612340099	-1,054645508339446
-1,4132267361803896	-0,9991578711454903
-3,6857802297525555	0,8871692635611942
-3,2304279412002375	1,8092666798604207
-3,609993136940718	2,126159753072519
2,2264520456435086	1,113805006562085
-1,4208584736719725	-1,3013484830266289
-4,362524419274011	-0,978267981370128
-4,32463030054857	-1,6389167481975209
-6,015238358196702	1,2000239961224988
-5,5562476065476805	0,6754583879951123
-5,504693415899773	2,1179291014115256
5,086503462842949	0,7582053111478508
-1,6967012362914324	-0,6845931746669163
-6,014637340874818	1,8643976170692997
4,8994381496029575	0,8258864091824596
-3,134922871301487	-0,27440482207619077
1,4293546253278875	0,5300593168902671
-1,08172466947768	-1,5660448668157385
-1,170728628412233	-1,841226128045963
-1,2627335079725137	-1,6958367082826298
-6,346397674777335	1,4303857530557949
5,328544374143291	0,5614076263001386
2,77584015370779	1,4041436435384076
-1,023074817991897	-1,6957549587220235
-4,568037223128105	0,5989765198948089
-4,920838126751324	0,598967448462096
-3,3081406111066123	1,2597472336478754
-6,373260654242312	1,6742404865304357
-1,5506373651987777	-0,8172594968107714
-1,8428725763490796	-0,6592372978000514
2,2234687605591095	1,0542711402784164
2,015710384979073	0,1752090733778089
-4,154366301702413	-1,0895645397678735
1,6707737129810654	0,924776942547161
-6,187491114907312	1,9551246856842963
-4,172713920341432	2,3014785783306797
1,733156755019823	0,29237068810041295
-5,826390329610314	2,154081189349848
2,1360270023414976	0,36597589827821414
4,9503810059946005	0,6934632777999913
2,588641954784654	1,2664622626922921
-3,7418501281994803	2,0691124236401532
-6,177011107032487	1,4066794049165416
4,581219846418006	1,166572546125351
4,182532690913716	1,2080215386677315
4,948116540126246	0,9835066788715754
-5,886586186004083	2,071184383568922
-6,336586718344995	1,6443951282232818
-3,7834979853075956	-0,5355094340595372
-6,212104159322872	1,0832899900593118
-2,4670724736287277	-0,1525942345964486
-1,2862001784156947	-1,3867324031653299
-4,498356137738075	-1,4853394918432032
-3,992335877195556	0,7646329312192266
-4,996043026106981	0,8239000679986068
-3,3178187134920014	1,175306262426029
-1,4515128614924069	-1,0396112725777007
1,5086463555776393	0,7397889768140022
4,637381177119737	1,0705237031088788
-1,7720483654396466	-0,7902733085121252
-5,2104779271771395	0,5194321014007642
-1,306365488384964	-1,0364556038891224
2,813045857211598	1,2504017289649298
4,259350561721276	0,21203954990928336
4,650113576843565	0,053104145078593845
-3,4333903920767415	0,961522543891334
-1,0839904553222335	-1,8016480392224354
-6,1719873820464715	1,5054370830859092
4,538302784833906	1,2528396142218878
-5,983767044397644	1,8151571729049225
-3,8741863378156447	-0,5839237174024112
-3,3640526861410986	1,8114703027120174
5,090123233733352	0,3249473001024829
-3,3693116590428662	1,086725503887072
-4,468355351153673	-1,6324929815128149
-3,1333902494486727	1,4360450517276904
-6,297396734728284	1,2647748593365757
-4,143842270111111	2,313361298958096
2,112799726873966	1,049794236006207
2,4045686613266124	0,026003417150287977
5,133977872799801	0,7389404107719917
1,5492067919897519	0,4434017356032979
3,2531058128011154	1,1555711597203462
-4,079625397455049	2,015821290578385
-1,2464484791046442	-1,4366251263097383
-1,7885709512768004	-0,43111723515006095
4,809748777638326	0,44863695514314333
2,08951338924638	-0,0796616630197221
5,185793397935847	0,513899691915799
2,0260456349230878	-0,0239486313180145
-1,9556144480894284	-0,62488044073737
-4,445848255459682	-1,480614929739755
-1,8366674854752838	-0,7556637942626534
-4,284462955624724	0,6922947915808799
1,7987719464708622	0,27271327730511313
-6,32503642705278	1,3339708254231843
1,565913880407901	0,46008750014819483
3,318793202544319	1,137780344971318
-6,194809551440245	1,818534982561971
-1,2527621247238552	-1,0839822551354414
3,020394940989815	0,08843070565444666
2,647879910915931	1,1281305990950243
-2,6018268623807064	-0,24442394950749646
-4,561234576555027	2,2461346201316177
4,858586457513023	0,32168645493362313
-5,907741172574158	1,857874623475106
4,200897284064208	1,2560973470742527
-3,7313110122773714	2,0433529769318977
1,734538869844244	0,39838746969820715
1,9586427347419235	0,9686424856972922
-3,0942632940079884	1,2693620528092429
1,6362977515839556	0,8907298839672533
-6,332498225556643	1,244843157015226
-6,274429402599466	1,5899389435335534
2,889007207089974	1,4326316542001152
1,6760498945374172	1,1048015415147312
1,6806961300179764	0,3660590272237312
-3,2763429075188553	1,7530980944859211
2,1730718639512343	0,9895442458184218
3,1291905384730128	1,3963029949219918
-4,5467678376982175	-1,6006558888433258
-5,287275001478058	0,5159226432590208
-3,7858354358650237	2,0877666596727416
5,147908926872571	0,716343470363217
-2,2712644515226055	-0,22750146223680523
-6,245035321803773	1,471300066999796
-4,839108241820413	0,6743146759380302
-6,119736348000685	1,1806447995481468
-6,290812199630581	1,1496972193106516
-5,280203119458748	0,8742589500061011
-3,6845341610798354	2,0370339723662196
-3,9360679580889295	0,6741205000782233
3,750727083288523	-0,019337577929613103
-3,12320679324038	-0,19390843098164012
-6,234290364887736	1,7646033536367676
-3,1280180583473163	1,4801378344972038
3,061885991943094	-0,02494276688076047
-1,1022402013513104	-1,986808091489938
-1,1530833162190879	-1,5139634330061045
-4,411940098760255	-1,528684881413248
-1,1806204261372426	-1,6403067979376753
-5,693994671550826	0,8651147274906822
-3,3618765964575674	1,0361412840048407
-2,1855247023237947	-0,39918135756313156
-1,1553259614183802	-1,0827526049373963
-4,0898092562403345	-0,876978539864018
-6,193472174193054	1,7493923196682915
3,9624160823989407	0,1293095883962745
-4,917195119505658	0,5616688712375728
-1,2726151415168379	-0,8845086938274751
-4,375727907474751	-1,366960445143587
-2,30031728091216	-0,27079074792874924
-2,826651876304694	-0,37410959946493616
-3,1073214904488244	1,162865289766126
-3,9626338381139177	-0,8779937614381539
-5,933684325578524	1,9747601466586686
4,907483725636033	1,0626432779900714
-3,1508566035763588	-0,2982539510276958
2,7813917625639752	-0,04950516278028105
-2,3918528579051794	-0,17690305376302495
-1,1793262608284751	-1,5785322641410253
-5,951576812871971	1,9467276512556277
-4,920187072502067	0,6387179633157154
-1,8559990712122814	-0,6458955820027004
-1,6604519368687702	-0,7911850519938379
4,9615880444092895	0,528001486368544
1,570354411734406	0,4399200675031459
-4,195271609646229	2,1165272689144956
4,280042503049113	0,28640151307445494
-1,2640554334519063	-1,1343447856153772
-4,29735564234895	-1,0293152065284157
-4,307204140334612	2,1452462685903466
-4,415690544578147	-1,5599103986983507
-2,097303247424544	-0,5004283153696141
1,67842685413738	0,8516363558513109
-3,738322317527314	-0,46304439631656047
5,097668550981603	0,9891313044400281
-2,9562419577180217	1,3490898090506234
-4,353500934761585	0,6660408786729035
-1,4270443185444963	-0,6910147284874872
-5,533481390226198	2,0346465730355483
3,648640907449118	-0,14679034349288356
-6,061317738474156	0,8870881668718673
3,898085668536811	1,1026480981563296
1,6484354501626857	0,714416231266968
-3,9241497846254814	2,118272465644687
-5,9002638239990315	2,082527939787656
-1,3008274650785963	-1,0286482077366466
-3,55177109402542	-0,6763918424510655
-4,188756424127819	0,7174801186221968
-6,455883875513478	1,3427942763844345
-4,16449410770043	2,081955348415092
-3,448997361502525	-0,2727209368741983
-3,0699005337360044	1,0980735261158299
-1,3389823336625315	-0,9834066289749096
-4,902812721888778	2,187799645767263
4,507035868157787	0,1537898054444949
-5,526410804651351	0,5561378049935897
3,636255966195237	1,4012520077872241
4,616058836644205	1,0706297838447596
-3,3906610166385445	-0,49532740626862926
-1,2114655842761666	-1,4011084645477108
-4,874013376013061	0,6767286422431527
-2,7195830085645727	-0,36879468928935966
1,9655747053323673	1,0561463815326313
-4,159559506901939	-0,7771923096362121
-4,054244036277884	-0,87194395093919
-3,004969924623687	1,2555875241776175
-2,8106955650332486	-0,1974250030678235
-4,201517615914648	-1,180752261865468
-1,3825066336313987	-1,3112921695441022
-3,328684565011914	1,0735719863203557
-3,0892927809541972	1,1724530024076656
-5,173485720426039	0,7670189209051792
1,4776675881311128	0,8021900355568092
-4,446848917811222	-1,4669261426591622
4,324949117025466	1,3081320828677268
-4,267387777939078	-1,6762499942680569
1,5935712837579488	0,4088288702654196
-4,818670910539346	2,3782460635909572
1,6715665850537103	0,6241966902447255
-3,4151223464432277	0,9723850661609703
2,260236889667983	0,054845712551052195
3,4958726514108918	1,1245850054399318
-4,291058698543093	-1,0355309720436021
-1,2594237517750755	-1,5384624576528316
1,5305106052095963	0,5748047990612127
5,091265358446341	0,7680971230324394
3,9734420466583305	1,2449919067297233
3,710218640741136	0,03640657497462396
-3,356048114472368	2,015655736948111
-6,49120706200166	1,1500705222106764
-4,33876868715341	-0,9736398942804808
-4,925072932407978	0,538675570140087
-4,8391561217947014	2,254312559044851
1,897231378456791	0,9797003011683176
-2,6959869967957313	-0,3983503448022907
3,3699952957190527	-0,08676811019821795
-1,2652386424343793	-1,7948276974607722
3,7802273285694534	-0,07208049711430586
-1,4020789142490195	-1,064400927914852
4,883538134081528	0,8711445586853368
5,021886623796583	0,512616717696012
-6,1956339063023265	1,7780733191789768
-3,443157930248403	0,9937589503852327
-3,309680414456701	1,121494766056266
-1,893567874062796	-0,6110372829107902
-3,1399216732587902	-0,06284250047131268
4,18498131951866	0,045116288965715956
-2,2183708003695415	-0,6079074098450712
-0,8759733799697378	-1,713386793117483
2,145506999779898	1,1356167448564212
3,5481450298940906	0,05177159078992044
-1,753040497946323	-0,5702523885724013
3,900892081283721	0,12522106363019825
-1,6201731013272516	-0,713577607871946
-4,075679284747255	-0,7932601344168098
2,2482856295364875	0,16673823219427447
-4,012389564403046	-0,831884876641078
2,814564297783675	1,3919168654714107
-2,7620382722975476	-0,2846742106429554
1,862913854363271	0,1385615443912902
-6,192479806753279	1,7744961096518557
-1,1625938108507767	-1,217496556102476
2,366943796203721	1,0440880397171375
-2,930546269686374	1,3707850485085966
-4,296401945368368	-1,5351345915753598
-6,215079940943925	1,355852525524229
4,204109056406404	0,1486076640350577
-1,434523120519896	-0,9251606283252634
-6,446340134241931	1,8112204567754389
-5,099026710712246	0,6573112466783043
1,5831254774198036	0,7388408539291077
2,383806557356095	-0,10671751233228033
2,3818161270940195	1,409210632596239
-6,262647235393147	1,7106282630066278
5,162648666485926	0,6190996263426336
4,870821377099613	1,0056630638543909
-4,473957800821699	-1,1665883753325643
-2,1524500860369113	-0,48243230316434205
-3,1626513012155537	-0,33847170216469746
-6,231032947293154	1,0368729412644475
-1,3190411228149896	-1,4108666262299097
1,7737562996756868	0,8496375917228202
4,7147693413053995	0,9148453173257458
2,013659560579204	0,5011605857685908
4,951650546363247	0,41822650706885844
-3,0039359534252226	-0,26248039849961335
1,909581394784382	0,28289222094212546
-4,43552965608088	-1,474978528109752
-1,7616534691300605	-0,503745043933661
2,641341901343083	0,05512276069985422
-4,326916172538065	2,108696663951524
-1,27865955843746	-1,2634334471144295
-6,130614296452396	1,0694342309151161
1,6304882309584212	0,5685542990470975
-1,259984428978935	-1,5395893193339736
-3,099328241572384	1,5822886434267684
-6,06000493979882	1,0511824372839227
-3,203757585923161	1,4306258739719016
-0,9342850764161839	-1,7447871802672883
2,0047641917273467	0,06827626900519601
-4,254614472261804	2,1785461352629474
-3,116367673970987	-0,3745900714738706
-4,667304946603241	0,29506299363527
-4,328129508704915	2,23026176485732
-4,844658666256591	2,148738802388307
-3,250945878341501	-0,2125781806015652
3,560462613655769	0,07251975432895541
2,4187445761871906	1,1536908038510927
-6,454719556192554	1,652602905753813
-3,2655921265236905	-0,4135224059189424
-3,8892783173462537	0,4739430913927908
3,1694900755267623	0,13489526932423923
1,9650092816532831	1,121031176529268
1,7613585405188015	1,0056296450346442
-1,1417139917817973	-1,9664142190039058
-4,233822138273005	-1,0582338075779385
-5,963575270546787	1,9101714764694226
4,683495969696187	-0,04035697219753076
1,4957964888630022	0,5216866780165947
-1,511975117819271	-1,1823233255208019
1,6684925894439935	0,8831993785158474
-3,2745791245676306	1,155951270498381
-3,1943763925222513	1,7734798860108258
-4,327939605956078	-1,7056241835708108
-4,34721196597282	2,210781312960098
-4,594712549096121	2,2971902620191784
-2,4408962204306013	-0,23388260068591227
-2,6956209583326873	-0,14610992049147775
1,9264753557188266	0,3649814750938727
2,6355335999351346	-0,020547094097497554
-5,161344479411158	2,074921145920965
-6,2137795243602865	1,6151078409763269
1,5392631934050125	0,7353599241471431
3,650398741305841	-0,049383985216541304
5,1827793937652125	0,6642946481897343
5,032338090351142	0,4821524077889194
-5,4928240462682	0,5276371256017877
-4,381929290590651	-0,9661700039320233
-3,4155428994014434	0,7650557032859185
-4,098465033533509	-0,6080227637994771
3,84207714947218	1,2920543732889773
3,972971320242099	0,11160058034571507
2,017856616719996	1,2645625104275884
1,7659004322444165	0,8071090245297161
-4,117625495842797	2,1811864948004147
-5,497891510499715	0,7557989450456725
-3,59049008885104	-0,3934780502416322
-5,440267643648822	2,255914954090912
-6,00500479782923	0,8644034487812793
-3,527697724934316	0,774017789676238
-4,776985787686162	0,6153476453326893
1,4637731311986726	0,6043517437585112
4,9931197929314415	0,7190463077270748
-5,996764837123082	2,0114297178445897
-5,220210691903516	0,45738503055510704
4,301416804722719	0,23407221391467542
-4,473716022631102	2,350402838713955
-3,124438723649976	1,3618224132636574
-5,001865391263355	2,238042274282286
-5,606302382328829	0,6866293645397117
3,5719136338124753	-0,09104229857425805
4,107205041362295	1,1364020934595893
-6,38760924159829	1,5261511669390115
-5,324313539414943	2,046079871231253
-6,208297260903171	1,0361288570768221
-3,2159548239809963	1,4910682737759433
-5,994717909138313	2,0639788535502133
-1,6635973364570156	-0,7098787998438971
-5,901100608459483	0,7966838376998175
-1,208195661322036	-1,6383709779431537
-3,723645290976356	-0,5804258979915466
-3,9469742067626155	0,8407219060003459
-3,937075255658543	0,6283276244389263
4,56452906898552	1,2569879998063738
-5,979311413872688	1,0348045961710821
-1,2924128336034155	-1,597974346181143
-3,3430310437962025	1,1184943113141754
-1,457818821532281	-0,7005237174430436
4,581332489236644	0,307329801715139
-6,078671663848859	0,8899673409620745
-3,2165473036616836	1,0803421379502156
-5,397892900011915	0,7449489917817317
4,683494951562111	0,2438108495244546
-2,1927251963983045	-0,26929783888075454
4,300473567040235	0,0008489508013103109
-3,6589868394570266	2,133841564172395
-1,0681005050594021	-1,5919918883213435
4,3253995047407106	0,20143555827431875
-5,622377004412981	0,6884104778004937
2,653231626358474	1,273226209886124
5,097609922244191	0,6382148967735173
-3,082703267766686	1,2305982137877107
-4,834205020558549	0,613954819615165
-5,018768234518913	0,7241993087949716
2,6251636407658414	0,01817212699041415
-5,212227785132661	0,5737135878779902
-3,079558141073355	-0,20128026984647174
-1,6738216123424745	-0,7874600571560728
-5,943710987560101	0,895199586045438
2,197399596383774	0,020930593062175373
-4,307459678761917	-1,557214895881477
-1,4492108921409028	-1,0130048787600292
-3,6622904836435586	-0,43265205277917906
4,842896622795099	0,1911555348663776
1,4843488314474227	0,4124624067788213
-6,359880653209757	1,138005793969248
4,933091473829179	0,8273194127317401
-1,5979071967535332	-0,6155470867036781
1,604635949830814	0,68456199215893
-4,515096235152434	-2,014484833242345
-5,12069405711363	2,1643633952586123
-4,239119424684083	-1,089517188029701
2,073999364819885	1,135139335529043
-1,999006071641813	-0,35910882773840447
-4,429978841219726	-1,2668764751417863
-3,1343770227608885	-0,3039910347992556
-1,9021450310988777	-0,42822394018028564
-4,5630439400000125	-1,906733132822546
3,1394090431926553	1,244547699837113
-4,522513525356152	-1,919174586309192
-3,368355745503634	-0,14890407105353987
2,173925972179263	1,241786976771396
1,7104830711112011	0,9905865030017461
-3,2564684244608837	1,803033237241352
-6,320273858384273	1,3008156986921362
4,929549492253849	0,44103831752909517
-4,445069420354139	-1,8653240348023556
-6,122101674001644	0,9741448299038195
-3,868531538706478	-0,7509650907015146
-5,104964805521789	0,5766212009632863
2,6920717315470153	-0,00951198277215859
-1,7012301060828947	-0,8121509716574637
-6,071164939925231	1,1044930684144507
-4,126795841248345	-1,0725983083218988
2,1707778636764594	1,265364482908447
-3,7558840468628274	-0,551022334938275
-4,162998215256901	-0,9823618218517836
-6,0829637114444575	1,6703031857562245
-3,24776561331982	1,0782186907901132
-3,313069882739769	-0,3754889880638006
4,725222409936567	0,10596271109963729
-4,067332190515371	0,603316406691979
2,094473392330804	0,12804054350366378
-3,3729386057422763	1,0253549819113632
-1,234324729142636	-1,4952517917322898
1,5528967757042902	0,4663228991403754
-1,5878082762257921	-0,9162780097620771
-3,619914394112733	2,1515292173247977
-1,115294548419511	-1,6054992084854818
-2,8587750056779324	-0,21172206794548143
1,6820148521503275	0,7528424352146573
-6,014020854526239	1,2244918533679934
-5,760927630543465	2,168815856554537
1,5992763630563358	0,4906258153476848
1,46832190444306	0,662254783986788
4,8703327398197	0,3866147659883607
-1,7870850162582288	-0,518092670521747
4,776177461605874	0,9519251885084221
-5,742289078216039	0,7849479112024358
-3,1105050980395226	1,3230806803091557
5,102538343184383	0,4526206076842782
-6,222454166145061	1,6299554278235178
3,6203613182129177	1,2597441023390663
-1,0665502931999176	-2,150480963485866
-4,901245481148453	2,426182010301373
-6,537626826872888	1,4324693089607172
-1,9011347292879908	-0,5857860323525232
2,2326308013104117	1,2508987871496706
2,0179342818032393	0,7957271784731976
4,879909411172177	0,5479786406084409
-3,1110512852075507	1,4390258997519418
4,503758380171965	0,01425940108574486
-4,453214544639108	2,3067418599608662
4,803752180850364	0,9797555778020879
-3,2056655780007537	1,7171515169637463
2,859340480078959	0,044721224163496
2,6332195135041374	0,15960883192286868
-4,024543669340125	-0,8814882200127065
-4,48823279764153	0,6442167766623439
5,062019267599496	0,9694822188045087
-3,9210623941960288	-0,6083634202167785
-4,161388057341762	-0,8068299055487977
-1,8529978645295606	-0,7088850503528448
-3,133762697950507	1,1394131956781792
2,756387869669875	0,07331541110997719
3,5214342722094907	0,003169118951077965
-1,5604304306535253	-1,1533532184939894
1,6052001884759048	0,24202153762894352
-4,258846478178057	2,148908675651394
-4,140837250508559	-0,9274845504407156
1,6400900906051756	0,30879102723475926
1,4905902446533354	0,7890270909051583
-1,3772490812700424	-1,055829695122756
-3,740119325446654	-0,5170607324531575
-3,5626222546440065	0,8539894103860471
-5,148162846983235	0,7310903218901847
-3,1151812917115858	1,3506805026193625
3,128246583357045	-0,14880921532751046
-6,021881630016448	1,9068608213415286
2,357570695885997	1,2173446054208066
1,753922124990538	0,5631204003922489
1,2137331729258571	0,8859949461729686
-2,936126179926307	-0,20643922577590623
-3,8967384604923425	-0,6971160477999576
3,7107754043716312	1,4498927586825154
1,7940278372559637	0,31870895958671963
-3,493865423297019	1,7445305618939875
1,740687743851239	0,9969931039677871
-4,3912659275024115	0,5909336743702567
-3,2007086373994147	1,9482678012008963
-6,04326907293671	1,9022028901482422
-1,22807589771458	-1,5162463285843681
2,173756191534752	1,0924824265551485
-5,842380564189188	0,7040317513599811
-3,3024357829062416	1,0162714453855046
-3,3087208877390486	-0,322977121017787
2,164519448528802	0,06571570451021402
-4,826486196289986	2,173861817103937
-2,291155649570281	-0,38609863745740625
-3,1203125366658915	-0,5135558740091282
2,346591203343066	0,1446405332863035
4,419578933907122	1,0680310807417124
1,5364844057956684	0,7848325779571823
4,999932788375062	0,8594462127148205
-6,412004652140055	1,45757500550794
1,8238389079173927	1,0561678560095658
-2,0158251175360817	-0,3093442803680815
-4,267965180824541	-0,9641577349942303
-4,598795824546048	-1,754311462398088
2,315896055242419	1,1936060693675214
-5,624331312171136	2,0742642183611917
2,3184937051757935	1,2882669169529732
-6,208069895048419	1,9139337578141726
5,050770429344071	0,764519747973877
1,4413440574706746	0,5424692158811506
-3,407264446104001	-0,4396093276636577
5,23327448632743	0,6903208210273822
-1,116787715513374	-1,7204714760178632
5,183485133214916	0,6821390877514126
4,122393422793019	1,2177711212145361
-1,5158282592237973	-1,0165241800045637
-3,6313251020478496	1,910619099852238
-1,0816123308193784	-1,7393516393531732
-1,1951697746885026	-1,8990178248989356
-4,4647786170375205	-1,533844856653946
-3,803233941100439	-0,5716761668804116
3,538321444801279	0,05873467016323264
3,3330801231105545	-0,005208765221296541
-2,1795152156247783	-0,3893522488557053
-3,605858581269512	0,8326344488326025
-4,719257276024581	2,1721899454247335
-1,2555075209297433	-1,1482047770342931
-6,200140000747883	1,0655087345717131
4,660447304642935	0,2439985598535076
-3,8576997541424527	-0,6726410992534115
-6,362782826605747	1,482379959301288
-4,589312287203449	-1,9231426240916618
-2,4052788259154316	-0,30122219896108193
-1,8153910999358946	-0,7058455501289753
2,412161253073358	1,107122326343382
-3,843076127933365	2,1245596431677654
-3,2869643585758537	0,8750427108961787
-5,914120616765345	0,9920471235582635
-1,267749170932914	-1,459840267159322
4,732395392447986	1,0654547143124409
2,8252832466641293	1,2181631380575642
-5,521396228947254	0,701206464386281
-6,234000007142796	1,3735496100350526
-6,268394431591055	1,6318828436958064
-1,0678187158800765	-1,4635032192135045
1,5649569895087008	0,690767346988853
-1,0996822281989282	-1,820688353112975
-1,8778392814586495	-0,577126462835738
1,5534423538725048	0,6438096550676095
-1,7939618607460952	-0,6098609077582173
5,144446074018435	0,5817500780926155
-3,7400977434157534	-0,6917806026278668
-1,1171831135598234	-1,2657165039768117
1,6426912343998876	1,02587086834747
2,608373003262108	1,3418348292851108
-6,319886214873023	1,3306160973880987
4,074906428739228	1,1898825615367739
4,579278450340871	0,09839348586094987
2,681857297679783	0,11553043735932877
-3,082730666576481	1,2213101861915254
-3,2613428713755197	1,7538938397997903
-5,366308948589533	2,2631866001895102
-6,492201293876985	1,6628458768798995
-4,350499612095198	0,6696657278670534
4,845769259313813	0,204898910767166
-4,429380383816762	-1,7061752454339842
-3,7119265452788404	-0,33640756899747015
1,4540319525126255	0,26078762601039795
-1,8909732050016688	-0,3484020568350845
-1,6619372243234618	-0,6837006133782364
4,162194853711254	1,2392839437301442
-1,6484743222513967	-0,6483051482621127
-1,1449597583906095	-1,598278876407283
-4,282440612983285	-1,7151360157431028
2,299299560291784	0,021306353507488884
-3,0759067732064502	-0,20768547273767046
2,1906340916376887	0,22922394659087336
2,4742457517777128	-0,01020758211831252
1,5858891509333655	0,6385509560131598
3,767041960838721	1,2984133444235426
-4,94582877157878	0,5973354644849583
1,757973343280268	0,1719566289935387
-4,354511112461668	-1,1368181602699146
4,0981697072473775	0,02000530291059377
-3,348673108310061	1,797305638844313
-6,275500416755538	1,472026378382975
-3,2568673239542454	-0,3046849255360655
-3,499615291724765	1,9557867884583269
-3,2827671122625808	-0,42372797161778597
-4,521671721648706	-1,786583919573382
-1,7273777026416461	-0,5785066456528527
4,403864117944666	0,12855212446077063
-6,2786982591056475	2,0202187381844223
-5,957031566158613	2,029062132598152
1,6853145042588846	0,5284269940074808
-3,7670467565463825	-0,3819668061275454
-2,289049200738808	-0,3548559653025236
-1,335801619726804	-1,061130484103221
-4,030429456704644	2,3816901009877016
1,6137084256716374	0,6523079279089528
5,055751315062824	0,4462008245907311
-4,0353321352927205	-0,7491984804713057
3,474820562342825	1,28440127242667
-4,619609430140339	2,2810361527712613
-3,9909599168678094	-0,9452272233175696
-3,99702413723746	-0,5255361710680064
-4,515821550524664	-1,5939227904093007
-2,2604650962346886	-0,3573048852137526
-3,4938367038312483	1,8677437372721537
1,6286549015141618	0,9243699283214679
-3,4096361835591273	1,7545476335508634
-5,371361210377233	0,6495501007486407
-1,2138702619383732	-0,9586775235366337
2,095240870556456	1,239968032728323
-6,27761337303981	1,7071362566876744
-6,174447935923102	1,9329373705855837
-4,0157417329494525	-0,7745424697962566
-1,300471715759429	-0,9135415267655045
-4,4082152742724645	-1,8629585040379402
5,095224175459054	0,4066918355998316
-3,919583733029828	0,6366786943718963
-2,3328301392892534	-0,3369646884809101
-4,192723942066189	-0,9509085809681235
-4,365936683191008	-1,3660450597752694
3,3471112810791808	1,4043711993391617
-1,5007971434874756	-0,7843505066484815
-4,935029525842943	0,6753895972676797
-3,9151004305714436	2,077023660042996
4,380785303086624	0,9140662858542179
-6,363114265620016	1,4181567273910474
-4,319959971826831	0,5612398189501864
-6,399921765768156	1,4233120511885022
-4,4270841853958185	-1,5102629740215077
-2,2724141228776245	-0,20567478870120715
-3,4494858863195024	-0,382810683570572
-4,284184430452509	-1,241551975989621
-5,426496380678484	2,2001962988643498
4,8146906197824615	0,9466077269385935
4,50699652901365	1,1781663500857493
-5,65744522338976	0,7632781211837895
-2,459261268984332	-0,32871114199958296
5,216343706397414	0,6509022129093781
4,7076168546812855	1,093288245697511
-4,41197004195994	-1,4499382445602094
-3,409342844988699	0,7467913895906788
-4,621929997634386	-1,6471703972478973
-2,990708425983428	-0,32019333937504113
4,268204018651849	0,010392693878597759
-2,9244981325092656	1,4601401263290916
-1,712074388689246	-0,799633203523723
-3,594926722794656	2,00918893811047
-3,514739724945702	1,9808690339185548
-3,1315258713640897	1,235205945741351
-2,0219020652017976	-0,49706856853242587
-5,835166217741287	0,6250180933832713
1,9704431926630452	0,9861793850408518
4,826055355034031	0,9898231719617354
-3,2790081364374264	1,5866072318844153
-3,1091776254046946	-0,5626730836474152
-5,285808770839628	2,100594966057369
-2,927853660181303	-0,25346860556044826
1,4846029208871232	0,7721790206014241
-5,75017618940944	2,06308715266399
-4,315356760379456	-1,0116284185043596
-4,333878314936918	-0,7745162494340874
2,1664278588781176	1,006154437372015
-4,357857119283679	-1,4481900274578614
-4,501419061898861	-1,8579649183390647
-3,2279704038152794	1,267020977131556
1,5314189325790124	0,9751493553189877
-5,117396328433576	2,0706351898854662
-2,4028264341075247	-0,2078300515337439
2,3987380103855505	1,2056376286288826
-3,098605267593797	1,2834429201533983
-4,426854723754683	-1,9450802289851299
-2,5181171138591454	-0,23444222118594515
-1,281800423354952	-1,3712813267990558
-4,408520465329065	-1,773853692944602
-1,8981141348726558	-0,5001083395879045
-6,335006474847896	1,3050803459112186
-4,270728331227114	0,4335519220492039
3,134996326528504	-0,04167002769135775
1,8078552978114086	0,7963184394537846
-6,294264334255111	1,603649939294953
-4,783366839020442	2,1921497254817455
-3,1341727504207237	1,733236135864371
-4,551804722935725	-1,8197113189431922
3,8607532756136482	1,32253159372411
5,248768619539149	0,23099574520855143
2,0137605450263365	0,28771821677382703
-4,582498287781935	-1,7556542559022885
-1,5593583445297572	-0,7405796529278519
-5,599693451202473	0,6938040310195427
3,212553437170268	0,09255560111174188
-6,04676336318087	1,9049463963280573
2,6821799785775493	1,190483909086712
4,308250053932849	0,05405745046464605
-4,459617609037948	-1,3133278929724646
-2,797073856327142	-0,15729152362246568
-3,881735017812736	-0,3132073218367495
-1,61575908811253	-0,7597995226795649
-1,7765548837670118	-0,6749731653215094
-3,7356213644538605	-0,7723911900007492
1,6850430336084965	0,3693084314896625
-3,9757851105373954	-0,7557618491950957
-3,2241756371595303	1,2058587172967135
3,485826614945346	1,4098428188733596
5,17442874340417	0,6196478646902144
4,859917639800697	0,3299741306105464
-6,258573748567462	1,2658514530858824
-4,7369274390168705	2,382774904733264
-1,5621407910513292	-0,5664487873485242
3,7876956517959797	0,13994822466276385
-4,8717555325511395	2,2060264545433745
1,7117518454021294	1,0568306285657298
-1,9166057232869351	-0,6187571529185258
-4,547907508896888	-2,017074749938514
3,87339578436739	-0,04483250395239513
-1,46086645224773	-0,9076147018830762
-1,3978390924275041	-1,3246981095812485
1,5316013388920684	0,6693440090386444
-3,877031496867329	-0,2868891578265884
-5,403102858052238	0,860699694334828
-4,873711709587873	0,40672917103419826
-6,57636878103496	1,2746814575649563
3,0183149231138877	0,07375342757871184
-3,179126102760645	1,3793700359259706
-4,351851889153115	-1,343134512464456
-4,753547433666041	0,6613843047160455
-3,024480640684051	1,4447034023542031
-4,044030848804769	-0,720213689314948
-1,2502235291205865	-1,1212795837127
-2,6737028700635994	-0,17328072462507604
2,687498230735261	1,1841435184205742
-1,0578908762904156	-2,048306165913398
-4,122588538062973	0,6702984310266574
-4,631246377359787	2,2876269775716778
-5,1969717908039454	0,6953010304046395
-4,886778372607887	0,6176706607954792
-1,2981358174740707	-1,2778238940093818
-3,2982561076564267	1,9285841028965796
-4,212372861049536	-0,8796973928988532
-4,6203146852985775	-1,6652623454638567
-6,146998278740094	1,5567981208404202
-6,157430368471116	1,5998673956663487
2,735605801800188	0,09481220022421888
-6,081763463247396	1,6663422391376947
-2,6669725354601375	-0,2474335289578593
-3,8037819614791633	2,1285325115733333
4,906271225846866	0,6100351048804861
-1,60107073380227	-0,8311586176345707
2,0116768006246466	0,31595210950517116
-3,2732373242752533	1,1288278518798864
-3,1580268540826326	1,7779271302198505
3,881731859538564	1,2486902192784646
-3,4838639659923802	-0,3956550300728807
-4,741068544390933	0,3966340362160301
-4,893925217465284	0,7756462838072373
-5,320646139613204	0,5112939640391145
-4,235913379648936	-1,022172703464699
-4,359196885071201	-1,333692698281776
-5,677864417842717	2,194928622004134
-3,606163829795827	-0,2997638934038138
-6,092249386052813	0,883550590464896
1,8406351086190988	0,32134753155961004
1,706563135280466	0,39825052678169726
4,329528407094353	1,0046010144648676e-05
-6,386850225604703	1,4299681539997477
-2,6968069745993404	-0,2990419594616942
-2,6499915250938884	-0,29987981871998537
5,152077642528577	0,7598689239529706
-3,2104138388686003	1,9656105898241951
5,047819448348297	0,7906510204344294
5,096875937469863	0,4639787350415938
-5,147371262859306	2,331076212284929
4,3190028175046375	1,2159349739851288
-4,741390802453043	0,6550939668761352
-3,835417738564616	2,2592304070656652
-1,5709405436892225	-1,0146234545044983
-2,462085528512926	-0,2486031921334091
-3,4174932309715347	-0,4438559507416324
-5,835070228999247	1,9159472954287313
2,263003842874873	0,03324320188064178
-3,138222096795451	1,7883721554078564
4,34665105374069	1,2518466099152048
-1,2385902407286193	-1,2253954746644005
1,4596275907562781	0,43712119103080044
2,1843172365120918	1,3522347641748207
2,4612337330780454	-0,01947043333730636
3,488711135324285	-0,012792458851897281
-3,3223861111912165	1,7703755106469738
4,4542765314079515	0,3109148173175206
-1,5820263441911342	-0,5398455543751863
1,6951695068899064	0,8957897064645749
-2,4774704303767034	-0,38782550034937113
4,846606402297469	0,1849085644194589
-5,056720147477516	2,271758626812581
-3,451639467699236	1,8796410954578964
3,721720355961021	0,07586527965822609
-6,19322415731331	0,8843254384211907
3,8449826049773606	1,1954871453843725
-5,653147455109574	0,6854949000161765
-1,697005254891948	-0,7103608369810852
-2,7099929978653843	-0,13416825215963746
4,777500569204132	1,1045494914975909
-4,224878826132079	-0,953287594061497
-3,7496255788606825	-0,4122413939570244
-3,2720903729232984	1,249036344913497
4,568461320530334	0,14313582520754264
2,8087191825374322	1,2010346879805083
-3,9706161902323514	-0,8605251638027933
-3,163865337883913	1,1224465987153647
-2,7323635291063493	-0,4063373506892216
-4,116251839562575	-0,923819603114516
4,510931090337141	0,010867886927390491
1,898960646975786	0,2613799465950691
2,167596679953629	1,273449823220171
-4,654264273622359	2,3002630051418356
-4,9229258810795535	2,163369053243934
-2,863775578578664	-0,13950869695645207
-3,2458817278845933	0,9852434332985517
1,4894901584109232	0,5509855808293865
-1,3681912018234867	-0,9973562743299836
1,631643294322743	0,9485475376010446
-5,007527768253364	0,5449561167953834
-5,895711954638035	0,817066374722532
1,9544655807459341	1,0753189322537726
4,398001443478815	1,209056411377979
-3,5762893317308464	0,6397317716281616
-3,7895986026116364	-0,5787649179154684
1,729537003024917	0,9379282057806859
5,049801980698761	0,8879031809443849
-2,243392088950718	-0,3135819149248378
-1,4131489430633184	-0,8479983599995524
-5,04727581613408	2,4402633910567584
-5,690997536568035	0,6758619807686672
3,5082545042290922	-0,03956324978752601
4,6028484125413165	1,263310430194334
-0,9739197832721855	-1,7955605245316897
4,186978816608994	1,099791111655441
1,6382361558916638	0,7473238319715321
-4,773908994462954	2,301004175853153
-3,7047101453894946	0,6564334181359264
-5,195918839586401	2,2720862348284623
3,4680901194745775	-0,025294669900570943
-5,137418426183716	2,1874267860341208
-5,512483086532903	0,9064544843121788
-2,986269622422091	1,670705696965451
-3,2373386246429323	-0,47008889028297696
2,9956533837670034	1,3083299718653891
-4,61589288692007	2,369976041928445
-3,9326564892554736	-0,6978596234520786
-3,3712405612601257	-0,39200725594637875
-3,871197746907234	-0,6616613784210084
2,270118972464405	0,09573581638070083
-3,083704331776559	1,6709144180552062
-1,7231576488144282	-0,5944706058668363
-4,413246797552704	-1,4837691814597909
1,9502571180069548	1,137650562549307
-5,510083320801604	0,5777247979026143
-2,4233257525618725	-0,29511739664577963
1,7236203345844068	0,9557798556935427
-3,1902187144025476	1,4860653671479342
-1,300476101553851	-1,2214621151872223
-1,3487888982083382	-1,724825357234764
-4,412573159145346	-1,2757152631076267
3,5215626424025226	1,5482552091440844
2,169075904160775	1,1790803851434313
1,8808534781165647	0,18907021161534665
-3,2998351334990037	1,8470670130606976
3,9469773554755374	0,050769522422548174
4,25036553198109	1,1514697554658335
-3,5790475618995727	-0,32686042305330165
3,8490142463481565	1,3098494449279454
4,719775336650388	0,25213572846830146
-3,1246598786960726	-0,2288172296479225
4,719079031728871	-0,013218752731496863
-6,4155860686898105	1,2417274940287981
4,794879883947407	0,42740339209399386
-6,22475892927391	1,073296816924296
4,655696717211315	0,966523038968218
-2,0445495317584927	-0,4094273194977909
-5,750706487199755	0,7622210021921959
-6,400512191347168	1,2970493420713831
-2,5071898495478964	-0,3031545045928634
-1,2461966607951227	-1,7704249923869027
-4,61047968417003	2,2241766859289482
2,5132092702445443	1,1716719887976752
2,7818576148619787	0,08058133877959561
5,0147112642341485	0,7312083551596549
-2,9933594529231193	1,6660859824757677
5,13705736586291	0,403751722337527
1,4367513900517626	0,8660456440553618
1,5842768647640604	0,8588626787975298
3,0371327949101428	1,151074696657128
4,727665358570577	0,9905709908096414
2,851224174997924	0,08544811415910014
-1,287258803195146	-1,5156122581695153
4,160269004492692	1,3353501406224229
1,966880585305378	1,106023517221715
2,4178640169604595	0,09001472897775709
-1,1881325750917826	-1,407994084741375
4,127952145995209	1,3099781927087841
3,9157813370867816	-0,044559817855202355
-1,3934378029944727	-0,9664153566067518
-4,918219729251054	0,5975807040482453
-3,5138313801150503	0,8039417714905599
-1,5770144723826949	-0,9829245511443842
4,93247046601333	0,39616669116516745
-2,4331190093440656	-0,32854583268550996
-6,27075747845808	1,2242195477423883
-4,953732597652822	2,3340772759218638
1,8646192872345106	0,22225607380762719
-3,670864390155281	-0,5168485044326059
-4,04793925651478	-0,760792200749947
-4,341942739264662	0,6661902791958835
-3,027445167402868	1,7564184307718342
-6,032913953511766	0,9749822299357791
1,5558166151807462	0,5118735126242254
5,04358096145962	0,5650887841495786
-1,7218870806387618	-0,3423606978994731
-1,2754322185953249	-1,1911098217233742
-4,5973085560328055	-1,3264607225406826
1,476700297312114	0,6527424281389579
-3,19750478596083	1,057275477169778
-4,109055623297518	-1,0375320698348696
-2,7086706463187915	-0,07709249449353694
1,8573124243732437	1,1538816522507285
2,945016349561118	1,5045095510516278
-3,0654847420142532	1,4286553266175666
4,998472795201803	0,5809995791188649
4,958494225166419	0,3891519041725697
3,7712114737844673	1,2664069509682871
4,989021478072167	0,7261019016091808
-4,493743897773234	-1,8952156868190002
-3,201498566718529	1,1635343310292592
-5,340596720153968	2,292228839980251
-1,382115332574479	-1,0303354340423894
4,6236661683949904	1,1375673029984532
4,736577992908761	0,3324507534989918
-5,299354964884777	0,45502102676235356
-6,326843606723348	1,0935769312766637
5,023819487539022	1,0000229278961792
-1,4309383957465893	-1,3842142618612738
1,681518855210572	0,44459974451628176
-2,006365490153211	-0,40306683533110155
4,91896318344645	0,46915091001437564
1,9437380743806907	1,0562156792203299
-3,1381072488991215	1,4020331786173157
3,3148075732462456	1,2063323461083242
-3,635300226215757	0,8982670681589698
-5,572081223676026	0,5955272028575643
-4,917914446703428	0,5266975481970483
-3,0842820572954173	1,2450428764189914
-6,412748349056195	1,5369894172956258
-3,3223421706950154	1,0650849815663608
-1,0529225830593152	-1,476231441451517
-3,649893549360604	-0,5038384068296289
4,5218649472209815	1,1044382344162398
-4,484488623480357	-1,380089924322215
-1,1385938763826575	-1,5698994678373954
-4,06193431860561	2,1940308149283427
3,2873414231870197	-0,0705403597706804
-1,94553237868161	-0,3304603789190901
-1,1421917502712635	-1,7455493798235011
-3,4748087477426357	-0,30335842005986
-4,568554077412334	-1,7941146277651192
1,8735311883457586	0,9194022012508191
-5,297674492569947	0,7036918970663311
1,6429346416068085	0,9318987597858748
-3,2856144193522328	0,7873324945114587
-6,174159768861028	0,8936168541915336
4,718670585839263	0,9931873285688715
-5,553499121846571	2,279761821540919
2,182625225387367	1,1683677196912488
-1,193155220757989	-1,7427381631014054
-3,8176389847539998	-0,610317032864381
-1,2523837806693536	-1,1762960420671145
-5,665097594584706	0,8288600847748717
-4,557114630483132	-1,8180874454640492
-3,119034318287046	1,3999695693799632
-6,486415793530895	1,2429285787587137
3,7473526670939554	1,4346196233931479
-2,185452571927074	-0,27455428595551745
-1,9846607628824264	-0,4383159050701504
-2,245893571174411	-0,38117260492584415
-4,41193529791072	-0,9428596694435776
-4,241311204250135	-1,0274282958756806
1,3323590742567695	0,5573558510358033
-4,145421132657307	-1,160536779251129
-3,225818546036375	1,8876117767779579
-2,450044596335744	-0,2953060413760771
-6,354063425383572	1,1091330957374588
3,3475298256500445	0,05327364453237815
-4,03880263862423	0,6151170047442608
4,888309346855574	0,7144650201198157
3,3441583102683627	-0,07091590044317164
4,529437897465678	1,2045710575044235
-4,672124200603473	0,5076688544801246
-1,8719145606045204	-0,3539593334077953
-1,9089352141894085	-0,6620902713706203
-2,544632734165988	-0,44243814521667835
-1,280491752507647	-1,4458384096998724
-6,396714542393522	1,2228032934897934
-3,8255187496063523	-0,5805487211867311
1,5726532372824835	0,4875726952751285
-5,101895278914898	0,6166281718902699
-1,0764162965654358	-1,5466915816557414
4,670454697444493	1,1617184640993865
3,311875720056849	-0,07660725592532558
1,9606232994357513	1,0084336407534458
-3,6962883178156556	-0,4808226707473051
-3,6631427692734446	0,9053916417364101
-2,5729314843676168	-0,2500475828555577
-2,82018662956617	-0,36340029272082974
-6,339930605754353	1,337249973139513
-2,803729940524742	-0,17240846591551717
-3,9406968331828787	2,09918157514517
5,276278481883249	0,5485689725425946
-4,612393265173294	2,289870414086993
-2,1400321439054855	-0,44719892955064533
-3,7430394564561738	0,8800581300672342
-2,4612319763582815	-0,4420109272884116
-6,234001810305514	0,9820274644163596
-4,491890181797387	-1,889774489833679
5,313032792658644	0,31825987311522413
4,607109863789833	0,142090485200017
5,125639484943329	0,5272376268440233
-2,087864473216949	-0,42249002148147885
4,93765058049184	0,511716413039282
-3,528425443714392	0,825817661533817
-1,7208195484616728	-0,7772118460578352
-1,1508416361996132	-1,4220155088729491
3,3529142230735145	0,1566029869702522
2,537913941850988	1,2351726709269628
2,5987751016122047	0,09117446237388471
-2,212511961455908	-0,4119444970432591
3,5705182695305604	-0,12044642114427329
3,5323018953740206	1,1480297945778872
1,681024674084117	0,6914575706811498
-4,982987456547689	2,253702526750732
-1,1789737605622908	-1,2808084780210054
-3,6300013194696	-0,44140743198874377
-1,1292463368085277	-1,8917765389158852
1,5709260403154068	0,7395684780327928
-4,114376864425826	-0,8870535105794299
-3,5091207800586206	2,0205959213808624
4,595252020272538	0,2721126942090138
-1,9680821182088892	-0,37367253593797867
-4,457211147039368	-1,8525969239497952
4,716812624308917	1,1777843389055414
-4,069668612101985	-0,8443857372724577
4,188501665086854	1,3196144218630819
-6,467717515512792	0,8753129976694383
3,2131022086665335	-0,012598561659603047
1,4673426742293763	0,6696060001445622
-6,458226865237373	1,283659890715238
-3,27879251245609	1,92127024473454
-5,259677499893029	0,8328809167611645
-3,2483740800849032	0,8362559930271607
-1,96645339051561	-0,5360691562808777
-3,999983981372309	-1,0360048359663772
-2,3362113769079214	-0,2558445236378608
-3,293870547757981	-0,5065274785998435
5,032108019604548	0,6127299605919823
-6,279767665179936	0,9691723302974191
-4,419482746888666	-1,47676931116227
1,7254673506171894	0,9841995063157575
-3,0413051963358533	-0,2922143631222094
-4,557354534323827	2,0695784177700354
5,089398086865498	0,6480937790838557
-1,7395344957353087	-0,6344059817824172
4,7615351758552045	0,3873600662351178
-4,433496518108971	2,459930530431076
-1,3887413563817215	-0,9107888982560197
-3,158760279504269	1,6039172823160364
-5,624837649103758	0,7317557176082002
-6,154806370470613	1,722299627038177
-5,5285207414867426	0,7950167580602489
-3,7921904497106125	2,1276482254393354
1,9630757494625313	0,9840562758182445
-3,30614345894561	1,7785352003557509
-2,7385576934181257	-0,13206652544476927
1,4553080764202475	0,5688886753484343
-6,107418574749053	1,7799747921368099
5,192055334223704	0,7233824368088726
-4,455081789475029	-1,953409390514818
-4,87159538305139	2,310159149470927
-2,5003243071393935	-0,054681353518985176
-5,9011268424867	0,8329889115471142
3,847555701355497	1,1661582926818723
1,690854420629515	0,9348675260068654
-4,602129275754584	-1,7341797538094845
-5,020345792840498	0,5589194554595845
2,2109700295130157	1,2006639384313402
-5,621880238595278	1,0646148773899948
-6,472171159540098	1,2668471492317366
1,6942150936634002	0,06601788020441224
-5,217344998493369	0,7442065514391811
1,3960061803669033	0,7342180937609571
1,6917604721831672	1,054360987017323
-5,362544201747923	2,133966220292015
2,2815995021731763	1,2809918796307005
-1,0726119410134354	-1,9262698661559703
2,2538848723768625	0,14894778131913017
-2,83561016526934	-0,20508124012881268
-1,1886521449353016	-1,4945650706948022
4,7733475895034125	1,1150422669549296
-3,6934134567410704	-0,48665298905666443
-3,211058094627422	1,738540805698125
-4,286080698981395	-1,1223166778323626
-1,401975921035332	-1,1151143017838971
4,568705265153934	0,06987011843639512
-5,909708871841999	0,7895633215149707
-1,380349704644526	-1,2373475752369045
2,0534919727651326	1,2643153762918435
-5,735719769702335	2,128519197273524
-4,8963556769182786	0,33692854074981926
-4,5273256678560765	-1,5285512165641624
-3,112224182740343	-0,35907772172437347
-1,5827988356636058	-0,6333767373069672
-5,603978806656128	2,0701649799374193
4,996794673005512	0,28149676433024007
4,323001905972811	1,216379925867134
-1,3900333649497203	-1,0518716887869268
-3,190756986991155	1,5586931418836452
1,935768050510452	1,043829370596152
-4,04718671210977	-0,9979419500565038
-4,597955339020048	2,1448948349606627
3,7499404232417173	1,4546511201212513
-3,9743803031372655	-0,7802205829353257
2,3956287754751293	0,15707935744620916
-2,4491753960003644	-0,4805403970753148
-4,170407213041599	2,299699188057737
-1,7246552699011657	-0,5648594088756065
-3,07816642446571	1,5787300732553475
-5,465557862020258	0,6840957482357319
-4,171633749833971	0,5798169189134528
-2,9836337940256445	-0,2611384954349263
1,510221929005558	0,6338358548188698
-4,063511693435938	-0,7187259684465312
-4,544321888050023	-1,5486384689472799
-5,247192807251528	0,946302746159321
-4,771138259290682	2,210897367495111
5,250402107152235	0,8366326133295778
-4,34152091835991	-1,1535781441142592
4,191858598350441	1,228665806567893
5,156880824893409	0,6539411628676292
-2,5860590905319336	-0,14645698124376327
1,7012289871945967	0,741474207803297
3,481863623042951	1,3732747027622343
-1,5203385094627724	-1,047586943146562
1,5660200052970774	0,4265163357741507
-6,259693324787502	1,539753076560722
-5,5418458102179535	2,1163994722048245
-1,3612089637554075	-1,3001251351434147
-3,987664915007265	0,5660321289657286
-6,299605872687378	1,7859980675068812
-3,3284971313122766	1,7911855319122885
-3,209110974887263	-0,17071174717631732
-2,4312125406575746	-0,3715967167769587
-5,649634122823393	2,233694848958622
-1,1477791797880732	-1,4956060278912655
-1,1308852596112977	-1,8034318937590625
-2,4996494646615726	-0,1640190717431711
1,9340505622278263	0,85192617475776
-6,285866606777327	1,4306239106083904
-5,904289621031076	2,1907756121862634
-5,900179164655088	1,9852660276198075
-3,2219554261077716	1,4922767943919961
-3,385464635791777	1,8368230098209315
-2,967697904526444	-0,2807084969751399
4,829190388246274	0,38446933549307444
-3,8917226347161122	-0,7801473690952625
4,153613976463716	1,0855250844861823
-6,132774445923999	1,0042243388049172
-3,7155583097983844	-0,41065886181811906
-3,2144656969499685	1,0015237818891285
-4,438915263072092	2,3906381911698547
-3,353017161243602	-0,40281640705471555
2,9799461520466703	1,1989376688834161
-3,3544362515777393	-0,5917159480490306
1,6365717047108805	1,0038849850421676
2,4564825575365212	0,049491506474308
2,4468332459000153	1,2812369390752683
-4,310672293499744	-1,257577773899538
-5,787958556302034	1,963296274603396
1,5853050238776454	0,32633034444735515
-3,4736426463848495	1,791927640016016
-4,151851551344549	-0,7392733196127776
-3,0765997635482196	-0,20346405119939148
2,279947970673521	1,0903454060906796
-4,44835583624987	0,5546812925331912
-1,4629580840667555	-1,0286868397809315
-1,17824492944445	-1,458923912997557
-2,0596686305812444	-0,4847824721414795
-6,070449664584345	1,8008129853626125
-5,496577995223518	0,6393174701247342
-3,1061928735445177	1,7455556299707906
-1,0734797304452832	-2,0092894864252893
-3,1343393076356447	1,2288511512270817
-4,1048208311229	-0,930097769678842
4,285657227655385	1,0717629825313855
3,2162347726245883	1,2126955877572874
-4,168894429615259	-0,8862367111480975
-6,280059340539714	1,4915127908509151
-3,5141160357143693	2,000718652247597
-4,8801114464786615	0,5812665370436778
-5,6840253664509675	0,7846996956077318
-3,7379220526047545	0,7461776444812885
3,889024671669346	1,3815680999037037
-1,3256947793148184	-1,7441867665342083
-3,9709577653876247	-0,7504030845919853
-2,8187026076384782	1,524822940482287
-3,127834099130027	1,0343236123853492
-1,3491470598318722	-1,543866175089597
-3,3746434223941466	1,2708789141146777
-4,172594200485679	0,56905046490868
-1,0615860107811836	-1,763773343905322
-2,905675115496362	-0,08897722861113966
4,671126086093995	0,9805472547922849
-5,637508345274948	0,639691019654706
-4,311810973707096	-1,2095901953378232
4,981472582065363	0,9608295813635415
-3,853819554155228	-0,5004372654502522
-4,51392937530121	-1,8287388702236773
-1,5168490350373398	-0,8835874831131152
5,267595911556035	0,8693470524096074
-3,1085431851261567	-0,14698352566553585
-4,121988230408289	-1,0368362642723772
4,551316859936729	0,07778088255882898
4,504712338981037	0,17825599495525352
-2,0697020389306013	-0,16673977203891033
-1,2532064755298506	-1,6935837190097045
-1,314085955186212	-1,1975602170475783
-6,21303760313473	1,3674065999198934
-5,9647153053117865	1,9221809771705622
-5,5289383093236575	0,8858373765731596
4,62776089619684	0,2678748207015194
2,7432278107630754	1,268911743387572
5,151895876685535	0,7988376690585988
-5,324710672060546	2,1704958523435436
-1,8680901280564788	-0,57258597608029
-5,802957556309938	2,1998462431509496
3,1031016153179802	0,0484425062971775
-1,1230591566206873	-1,9721104482843392
-4,033765579217884	0,640818379242074
-5,8370782060623965	1,7949514662588713
4,809734661458306	0,9530962989797906
-6,14560280775053	1,1500639361124243
-6,080685559440372	0,9471401659073938
5,039956066122707	0,7003955671023443
-3,2645388922874012	-0,27077436457902304
-3,888544775271246	2,2355409473962444
-3,8240928773775	0,7303092467864226
4,509697732179992	0,9596070926695066
-3,7557367809337645	-0,4337530694109162
4,597773981653953	0,0004775141134090166
-4,2957280173073755	-1,4197217013583847
-5,927200954710828	2,2005079443324065
-2,5703787015748367	-0,20000193648462283
-3,4174698223652786	0,8793389469676544
4,929778457587158	0,2591929067097368
2,358451207946546	-0,03338809524178199
3,832975096709409	0,016849977566433028
-4,429987744868804	-1,3892197799220591
-1,1161374146834095	-1,7619993369303772
1,7274508799931385	0,7551069773033514
4,876106066672608	0,7134901366009954
-5,02084396474483	2,156178927308818
-3,9899213105751086	-0,5902445664313092
-4,437663571383968	2,3005407104899955
-5,898841043920417	1,9284304816996536
-2,949832771109264	1,5934642796421132
-6,326556568245666	1,3595591949569155
-1,3162198415697084	-1,2009455756255132
-3,27388826369094	1,1715466165266686
-5,438201550798212	0,7840993488767124
3,2307041399698444	-0,054115886143105696
-3,9536831683105373	2,262565493121739
4,206180450987303	1,1591360450722195
-4,230424527403476	-1,066725467735739
2,2398972576767324	0,16605092182950376
4,18913458035084	1,2220542426690981
-4,426445529968061	-1,4575760314327875
-3,5214280033193814	0,8779857860828356
-4,3323806900978825	0,7099798773903067
-4,63137442398533	2,199483600605637
2,832950699396548	1,344590976670548
-4,416957921422442	-1,7786008877697062
-3,0785619837815483	1,3188214698609824
4,421522799845438	1,2676597965715846
-2,937105844618852	-0,25565244956075994
5,094891847171523	0,9180494965012551
-4,3040608233325495	-1,4795360891963076
-1,2081571553713517	-1,8910525579203847
-1,218703740418322	-1,83211694101602
-3,752552596368226	2,200153437413621
-2,708218767649472	-0,2195114603587851
-3,4874723213358574	-0,507134330255735
-6,494123281285135	1,6028978691673175
-1,5808806393866486	-0,7972705411228167
-3,8137295121652652	0,9491902987781075
1,7592852590795096	0,5429419854545983
-4,311910918494349	2,161542800290491
-6,098506727740168	1,8159548931739626
-5,5099435691739265	2,100727275800366
-6,3703645338800445	1,3429376609804127
5,074363916769287	0,6488201825322935
-4,079247293648318	2,0298408949752806
1,5964766242510393	0,7269173612921204
-3,6090037950333804	1,8367313091257893
2,4605056096024263	0,9939988243227215
-3,91759318695431	-0,5783386240034596
-3,3024610147656897	-0,3135544030255464
3,1703494358909925	0,047262349720674446
-5,501600526739025	2,1310582863044454
2,2947689267171323	0,17300258184859918
-3,843288269874546	2,1721267335683345
4,89897727174786	0,4265582864725381
-6,363382347975778	1,4452491671814203
-1,3484775411048815	-1,1532212455031956
4,107425839557094	0,9364066537734
3,2370990536840494	0,06252887653715089
-3,5513717555369677	-0,5768242802405801
-4,930642888697567	0,629347683817346
-4,711790944000803	-1,338578085120382
-3,4480336146678745	1,0388416183081879
3,8041299025872606	-0,026567683490506422
4,85527940576874	0,5847794426148154
-5,237701443261436	2,142296120299512
-3,5979965317134797	-0,6516745659959189
-1,183899330773073	-1,7804985983801396
-3,4414840597970437	0,9231752739855796
-2,0013563241724692	-0,6655210312123065
-6,2246094365124724	1,736223496240172
-4,886170457052242	2,215796796277737
-3,012095041798675	1,436537835781637
-1,4953228496287538	-0,9607547421238728
5,076197026972956	0,6070836504745228
-4,955828183869471	0,753396632453033
-6,312579663232775	1,6178039657837777
-5,80492385813524	0,7544279298705038
1,7090305829189854	1,0409596016444838
4,223646299435475	1,1004901531521258
2,200734302857523	0,9488438311016046
-6,203514603645119	0,9205814166351198
-4,054889309809683	-0,7967950343788563
4,660825665260482	0,26271417790524765
-3,4375135138764037	1,7975066134716153
1,469372438143266	0,5214145581118427
-4,514556085588994	-1,3212927742094367
-6,462893507111523	1,6103886920473283
-4,892553315516847	2,268950162518835
-6,121158598029767	1,2469708511029394
-4,922323498152015	0,5694357378925059
-3,0760590427118206	1,7508618941054972
-1,4930808026892848	-0,8360457431230268
1,7788474495309405	1,1686974475846892
1,6365774619965407	1,1210866490353109
1,6140141655495341	0,931699355355461
-5,715393802303576	0,670836325109994
4,870124832329523	0,9853752348315983
-3,960113067951401	0,4704073394198607
-1,2362138526911512	-1,6490108762432394
-4,91527600421542	2,2907622061952133
-3,880383400236156	2,027594120691072
-3,7175141531729743	0,8123210697873674
2,424570862876454	0,034145714087091994
-4,4283882153574865	-1,4156646700114757
-6,273642415294516	0,8195306156564148
-5,1770607052301	0,547981471801733
2,4411737498741237	0,12593812320964104
-1,1061182163317962	-1,6344375836002223
-2,2562426039439956	-0,32459981932160553
-2,38101982557211	-0,23435467276817357
2,4872606937308395	0,14834062197585834
-4,4709601044727	2,28634097788815
2,7745538661191644	0,031360561562222
-5,6854260667446015	2,134346954077484
3,9027775917180794	0,03105801460922386
-5,892307379191695	0,8219675001766399
-3,9841168626611014	0,6296846365169024
-4,838708465721912	0,5249595353006247
-3,5784141598111097	2,203063484561105
-3,545147259786593	1,8368380867959564
-5,993352804461507	1,952014037621484
-5,650090874625938	0,9226876428455735
4,513168888979438	0,03930627340743398
-3,3413224047649708	0,9197908082313742
3,0667935590364586	1,0882562638201008
-4,551338197942647	2,189087349528175
-4,824444679278781	0,775779874146563
1,9810969240238159	1,0430088467327168
-1,8412108696395115	-0,6129684804565025
1,4508340720414985	0,5602597765377291
-3,993224606024844	-0,7777806994232594
4,811916543403538	0,7595903977604379
-1,8012719990217148	-0,6606024157595691
4,042129995179845	-0,14018323414800105
-2,207471639477257	-0,4819942039514997
-2,775644352053336	-0,2754760003356571
-1,9540535974410098	-0,6755329417715854
-6,031363917629064	1,6739190534219848
-4,106232422021379	-1,068724316483207
2,6199758797017116	1,1055047035831649
-3,909224537584565	2,206126434606467
4,776667352957205	1,2522408782884824
-4,119118090708503	-0,874008999311473
-3,251740450153793	-0,21872983768307042
5,187392103201848	0,48337573152053287
4,494228568639014	1,1372206414746764
-2,250348979978769	-0,46902023385246383
4,887435577479743	0,8243804579336804
-1,5194394890412972	-0,9448614974445055
-6,349957027161645	1,5203566950088987
2,252154638167163	0,22640371145764437
-4,269758842123925	-1,54801193376769
4,9968092762018586	0,5206015847367079
-6,210994100807544	1,92513197171965
2,6077554830614718	0,1161000438612747
-6,323297817812965	1,268157982565875
4,112166944471693	-0,003717844922443869
4,5323393472454825	0,2517029452074121
-2,3780115552380803	-0,15922093104767132
4,95252973195121	0,6534142406456703
-6,440847064063158	1,3583988927000796
-2,054728296804089	-0,48845874447767224
-3,928932945815589	2,2383341566638175
-1,1647202696645111	-1,0620823361757212
-1,4378495962407487	-0,7693929619770663
-3,6483078302014587	-0,6189583879520655
-4,414154726050682	-1,211499978269321
-3,8504032469498704	-0,657079629433436
-2,5112615103529743	-0,22369568519552052
3,93286282595737	1,0046516916919026
4,691301543296669	0,12905102989261646
-5,027104930494559	2,319370393582314
-5,463357845386822	0,5675296844694051
-5,780107499893168	1,8225919790114462
2,67030165890849	-0,13656382505460174
1,4433612401067544	0,8256375883129069
4,959934568827873	0,7710501563766818
-1,1394038760814857	-1,711801119004377
4,070950344284358	0,07401060865815512
-4,399540224944776	0,5613727023755266
-3,8038673139651635	-0,5772591631130077
1,7428346179250984	0,335478024792626
4,475691906559467	0,2022624206052826
-6,209950623279763	0,9801445838485081
-2,9458649538271002	-0,14346252452841446
-3,9093624232058	-0,6938014664857728
-1,1333324659794477	-1,777194944791344
-2,9588555336545204	-0,17875254754241543
-4,5646126006999745	-1,6593401395888288
-3,973004862283994	-0,6550341675957405
-1,3246539658323018	-1,6851939220571128
4,8436283805717695	0,10408834170493231
4,353350897946957	1,0907199902827651
-3,3771572504917646	-0,28797086677813644
-3,323630194914408	1,89006612861503
-1,4726996067692457	-0,7839601935257905
-4,405241585349603	-1,724641043809938
-3,611460275921572	-0,4071609998040979
-3,912041322865906	0,7818801985851057
-2,787911892897725	-0,3069878133083981
1,6035654743928098	0,4821233904082356
-5,193784297627615	2,269633751733688
-3,452211085189391	0,6923983014273599
-5,970616882447859	2,0636784150190874
-3,517542648337036	-0,5172536521484783
5,027388158216008	0,38470128955631067
-3,0856378903276918	1,564627081979023
-6,232353580415667	1,1914020669210494
-3,819106086657119	0,8389707308812854
-3,656565169477915	2,095518510924396
-5,771108383283269	1,9576114042487704
1,691393620050846	0,4134222097961975
1,9505357793049285	0,33031833420112133
1,3410863219392104	0,5091095286968063
4,276807362173145	-0,041828382138986764
3,521478962202006	1,129509287799325
-2,462709450657762	-0,3211489636292202
5,008404252033581	0,8447517383405763
1,5011709773220907	0,8859357370219823
1,626874583418787	0,545638779458544
-1,965553352033415	-0,5213849433352007
-4,214575791748639	-1,2227364681617487
-3,298102371059122	-0,07252042806547321
4,94830776754022	0,6524712381416111
4,987321737323011	0,442899699507994
-1,441134760951366	-1,1596815051707652
-1,545959988171094	-0,6867026363424362
1,6448687615659776	0,9391720302142226
4,775313379479425	0,14618129134662677
-6,274973028540198	1,525493900264131
-3,8068218825104	2,267713845506041
-3,8219260926662315	-0,6274087902651422
-1,8856517627811553	-0,4253885951637637
-5,269922301883535	2,1837773086340158
-3,522718861008261	-0,4366137991853034
-6,217643144464086	1,6850786870466283
-2,1479729093555733	-0,3330522898835351
-5,2834613969160005	2,3428689262587277
4,1573344059534545	1,0049741436656205
-6,420262697829349	1,6681813791287534
3,26003733780375	1,2595250333644654
1,6541025399680098	0,36997326182766943
4,129739700766047	1,1813517360983736
-4,517699784910408	-1,4624993276568365
-5,733578344212152	2,0725192431185375
-4,157358464476532	-1,5278172434542152
-3,6158401335707033	-0,597648825199788
3,776674400563878	0,006840325052601792
4,559876753563371	1,0014596319139943
4,183041056169638	1,1878162200976332
4,815056655722264	1,0325473199391917
1,9997867371254416	1,0780151966155043
-3,2722613394035767	1,481556917908875
-1,7205131232561894	-0,7439890549651691
-5,988099943718021	1,9348491745277512
2,011472535889855	1,3561980675802523
-5,656715727553473	2,097714667200448
-5,94949855474774	2,0336131711241494
2,4691986934043433	1,116457997674839
-5,4511813422341495	0,7380676552355403
3,8014689882424424	1,1800734033412517
1,6358070505696496	0,6635625873548162
1,4219249861182373	0,7509567984055884
-6,047452703448024	1,0961330136884029
1,5954771860113979	0,48084095966943485
-1,2017021950455333	-1,5671134369962871
-1,1868604957952353	-1,8197025905360666
4,2974338997373955	0,23944291549688068
-4,902780971223033	2,130845406925739
-3,0735682234976953	-0,4138046635848607
-3,501207342868592	-0,3077592999420784
-3,120625493969113	-0,35805979445543623
-3,026388903988905	-0,31644638671691006
-2,909982565186429	-0,25552193315370286
-3,242462790890212	1,2162474332574393
2,349206895544482	0,03601748930578785
-4,228761945169596	2,1933716467343625
-6,11730085217553	1,0422381905242637
1,9393364525286272	1,153187577330335
-4,425159320857508	-1,5554517747603935
-4,46151846501222	-1,5803269999999405
-3,3177268198883736	2,0217660032690494
3,1118840173636477	-0,02523613916874501
-2,3925076937909946	-0,292792388490694
1,5393373588970145	0,4103995083890707
-4,366595433762535	-1,1852392625096186
2,023404315276332	0,2266722203836865
-2,578902854613647	-0,10472956608139317
-1,1581976855125145	-1,5483010149450296
-3,2787309174072834	-0,2250572890338034
-6,438730370336592	1,4920222835446997
-1,5226217332009235	-1,0036426540970678
-4,392196996201912	0,498215519829056
-2,406498960745232	-0,3837043553064583
-3,007993448006064	1,368495030664878
-5,184847240007929	2,293677053850349
-3,0701477751211965	1,332034845990273
-4,998270004108879	0,6967924065752392
-2,620712678205885	-0,3497619441405093
4,3141777822329574	0,14743313750667902
-4,244938452285553	-1,2407646042572804
-3,164277971935435	1,67041363363279
-4,190438279465743	2,1408960369535017
-1,5038218831181853	-0,6738353269969368
1,9709856358752602	0,4575357309692834
-4,960858902802309	2,177461183464217
2,1959138836617944	1,287892212344086
-2,1428130774619545	-0,1489423185832497
-3,105575763788257	-0,07526868502955475
1,523474489574609	0,32572368966368015
-3,73209733335922	0,829395628471028
-5,417729940661375	2,178641008534749
-4,013583093458063	-0,9745852035544229
-4,081912659147194	-0,99797135519317
1,75142679365355	0,8772670226831011
-3,4335197438344984	-0,15690207455466476
1,382758365715184	0,6951046361805993
-4,616137546901888	-1,6620473353848406
-3,7505629021051057	-0,5379767706715182
-3,3642021051848436	-0,5749376956054408
-1,6623953348228728	-0,6380257281708999
-5,255690579146024	2,2213918596614834
-5,83648206295188	1,9354975207581488
1,6108458543050994	1,0378681675454289
1,5398152005657393	0,567814096835199
-1,5811254375369685	-0,8337387863508974
-5,067604680717258	2,168274403576456
-6,2318059809949595	1,6652833402529512
-4,700725219491427	0,472782645877057
4,83781945439762	0,19105981638594077
-6,1506741740867	1,155337544660064
-4,399019606363392	-1,811464169380685
-5,953680156006718	1,9186323322809964
-2,8728074194422875	-0,22247455488836776
-5,271080076512865	0,6113869992616469
-2,3035846543917837	-0,47285608136474755
3,0221263973598718	1,18008506120925
-4,301860537816755	2,1771269228472585
-2,5308348333908173	-0,2931895985730735
-3,2188623952798636	0,9994401112748906
-2,2127532953714244	-0,3000934706016689
1,6949698855841806	0,9012123442696904
-6,210104874842159	1,8516345512316559
-1,1520844494095688	-1,8167428118402245
5,019708620744787	0,6331686588154084
-4,723527362035578	0,6751030457986698
-1,2774697767786019	-1,2149785085182896
-2,326286990684414	-0,3343481021829511
-6,058190426797637	1,6793079973749032
-3,5640550819749013	-0,4425877105344125
1,4296794763209466	0,7949769632617669
-1,4260948149068047	-0,674251773931023
-3,469736733547556	2,1421391552546627
4,335768931658378	1,2013221556680755
-1,1265567402872354	-1,0342253046832515
1,746522031415382	0,6019983249811781
-3,407086595455482	-0,4926388957588659
1,4301897354607735	0,7301005563874247
-1,3159612488526535	-1,1834220067451748
-1,8301556759429376	-0,5322990715164913
4,2362631971658224	1,1255993871000567
-1,1191362451702473	-1,5776274863746123
-5,325919653112998	0,6444041929970392
2,661880689773856	-0,006238069232091026
1,9370514014558153	1,0176510273500048
-3,5820611918805856	0,8753525068500924
-5,959663252410654	0,7239190360202764
-3,6031529425581237	-0,3991664339650687
3,7551908810925947	1,263396260948637
-4,087637741513809	-0,9108255852600691
-4,484859595350486	-1,5218092849911247
-5,638590401224203	2,129586503418638
-3,2278698032871187	-0,407785164563369
-3,6983836328816775	-0,5183515851117391
1,7656329065252923	1,1143833421039198
-6,156227235310458	1,6024536169238284
-4,6064666650091395	-1,3113367330652448
-3,1894090532645465	-0,4072892968177175
-1,9918778524128276	-0,3265715857726086
3,903861103135161	1,3257537091583593
-3,773723232650464	-0,6791282985283948
5,1647342159517	0,5622780192878322
-3,3832425128345194	-0,2897419154058256
-3,6298390821767734	1,8847247553501267
-1,1915234789906195	-1,559041119932674
-3,3405267785425674	1,9181513974737483
5,183168259670109	0,5042116088353465
-4,664772254841648	2,2946098618167756
-3,754537259134863	2,2100513748976933
-1,497116620005781	-0,878535846261639
4,505446855099835	-0,07346211474453368
-3,1353439535155694	-0,33688362608194633
-3,0495676574555626	1,5468615100594036
-4,534121540465058	-1,5009698671645673
-1,2445871029286364	-1,4016777000373417
-3,1664970211130434	1,302551775520036
1,7287662482811688	0,9012093229191336
-2,426863360484578	-0,42841291251070723
4,984830544758185	0,5270967316679405
4,108654194326501	0,045884556110930896
-1,2598777881119616	-1,4652287120823877
-3,003874840240884	-0,2519157176084712
-4,544972512681948	2,1465888791947774
-6,083171633013214	0,9989199511488785
-3,1512885703596774	1,5940714442179293
-2,7728459928875386	-0,35778871210318774
-2,6635936601294743	-0,2675019449031897
-1,2611136899067241	-1,717078928240976
5,132521099317826	0,5400454193926796
-6,291966701583309	1,6077186661063263
3,7366690076703875	1,318687242157718
5,074909315851029	0,720803154118389
4,974499760806993	0,8218493360716852
-3,3313361542455406	1,1932675373444626
-1,6629948999543838	-0,6070531417611229
-2,8714880957946654	-0,3028419557823563
-4,3039520411934635	-1,169120270161704
2,4142003073776603	1,0689457060964254
-3,2712106146509004	1,011869357603226
1,8528117165586766	0,16545430743504053
-1,0594706278698687	-1,9051926744725356
-1,307032981341518	-1,2088330483680947
-3,060016367800886	1,5327219951889939
-4,1959703041788945	-0,8939134677459122
1,5751366812884722	0,7114060423398406
4,996331897064341	0,4529266800352652
-1,8573329824414722	-0,6436566194188524
-3,4796515341918584	-0,3473582006527829
-5,560877372643035	0,8218667769240082
-6,102528875196067	1,115834974910873
3,2773685490645166	1,2738258005579484
-2,9663483995719675	-0,21218340987190087
-4,273221437459634	-1,7786781568696837
2,739577573208904	-0,16295616322839013
4,007668833219342	0,05943041669073623
3,9322648624532675	1,2866603075494065
-2,0379451528184727	-0,5778146239675934
4,944134276169214	0,8753147880924872
-1,0841460476686817	-1,5795047037701992
-3,959082375674366	-0,7756800549615652
-4,584036636394218	0,40244805511232573
-5,794846666235581	0,7394584827111743
4,441487655678001	0,12148009655344061
3,673746178773286	-0,09581156951615877
-6,179953747170157	1,629388587565338
2,7859145411738737	0,16176100074395666
1,7007510238621562	1,0704849042472366
-6,270669766474383	1,604741683082617
4,577259329684633	0,2242575080661683
5,160061194675682	0,5007564695321458
-3,9269055504415142	2,297913492998842
-2,834743899773332	-0,3017626377492548
-5,8715855212282255	2,1583972487418572
-1,363980875886577	-1,1124106863976293
-4,452021106914314	2,3291798011391003
-4,896484745554794	0,5579751401475392
-3,446810100351688	2,019700341685658
4,543442859700144	0,18222422363363455
-5,651778720074905	0,9453910212485901
-1,067763316795057	-1,5050422990176169
2,0065195326229652	0,9062824689978026
-4,315659904502576	-1,8610948932809763
3,314967895084448	1,2699753831169294
1,5303712332603259	0,47458525806543106
-3,2475585202591852	1,8587696122490962
4,255611829938511	1,1868025729392255
5,1123383923351975	0,8391748938670052
-3,368781526102177	-0,5198748400596871
-5,02745063648434	2,3911924200356447
4,074077087038803	0,09063745951343427
-6,254453129730511	1,3200907882004862
-1,2006300072539426	-1,5929455389782845
1,797372696969799	0,2389951682446711
-2,2525783699140565	-0,38731271799410805
-6,242117211654587	1,7052831924679852
3,4722776285705548	0,1506120021210094
-4,563731885900321	0,5284728652520571
-4,266987159973248	1,9635120344497392
-5,786537494276343	0,8855502524923522
3,9640062669195917	1,1802605572548823
1,8149337823981	1,0081683651212359
-5,547543580999207	2,065439588590124
1,4363382046062694	0,4038166608809055
-4,47462426517489	-1,2791272611809545
-2,2465158504507836	-0,4511844929889164
2,3826518666521093	0,22136293393219486
1,5872873891801762	0,46269474737573013
-1,7967762577264086	-0,5380064151617023
2,9742750174527806	1,109299583775051
-5,507955214053392	0,7871400388743697
-2,3184173374532393	-0,3953007689869841
4,288008632293027	1,1934884344895136
5,100372685598475	0,6065201951017948
-3,197164586597942	1,6691692226466421
2,20879296557415	1,1455411455137043
-5,159412245960711	0,4904925813612765
-6,307088946384905	1,1801526857389943
-1,1058259097023888	-1,2782933662195803
-5,747014513275999	2,161247945245616
3,295442935864753	1,4445828664935003
4,699436889291091	1,226352332785304
4,253982229697976	0,050750367534918905
-2,511154442770909	-0,10963366776889849
-5,776548258588683	0,7916420562286806
4,690741196576051	0,9512107060020176
4,216039043951483	-0,2062577941146917
4,972303822948708	0,8437030313788818
4,602310082302164	1,087987499638176
-5,897705100670022	0,8711741944913789
-2,5944673383239283	-0,405729858062557
-5,592863110775829	2,016141995306507
-3,6896001255039854	-0,5337244817618394
-4,16836314350021	-1,191624299152907
2,706109900151576	1,0975650726711033
1,7381649698737258	0,9171565474116018
-3,4401994329717414	-0,23846228454250062
1,4378472141424432	0,47846965310521283
-5,025239433017171	1,9672288292916535
-4,4662720972189955	-1,6568579074758731
-4,517611209206754	-1,8505493859270397
-6,291869623653093	1,1458549962009001
-4,13828175746397	2,1012423616176608
-1,2763917912470935	-1,520282008316701
1,68059537510038	0,6219634966438244
2,647013032848574	1,181280988268822
-3,2011300084802734	-0,43487889340727315
-6,334970632638514	1,8451470818687647
2,3500290969953412	1,118918383019916
-3,1560572622149983	-0,2178869935765626
-2,8389583492915555	-0,25973870664344245
3,1875896578867327	-0,0004272156711377928
-4,56576516555266	0,5345706969226705
-4,697315533911981	2,169582526419578
-3,0402074833197847	1,567263467864289
-5,864290555397672	0,8983892949702202
-3,1895332868497928	-0,38313679249025334
2,7983820618213446	0,056891153500599034
-1,8628735850073375	-0,46789291229585106
-4,690358416356973	0,7025712338652804
1,7262995299760353	1,0045872059967493
5,020095678154119	0,403141145715218
1,9036163337493117	0,2829825961989791
-4,3661089531776565	-1,5515551628748359
-2,0860956484902347	-0,5879528611268343
-1,2450103821308938	-1,4170114762757122
4,027411909177683	1,191095416336331
-4,739942268534921	2,319485465517333
-4,3559377665768375	-1,2498175412479582
5,051908101483409	0,26595482210801835
2,64084179536946	1,1971494187385043
3,4686144539112402	-0,11222006813298646
-1,4001118713239464	-0,9508455805588129
-6,015944577056647	0,8791521178139184
-5,7946967714818545	0,8318468209746614
-3,7721545035523887	0,8134937898855473
4,646079326361843	1,0264396670852098
4,671973494803746	0,7555274556508045
4,660526020244157	0,9337188081808497
2,7302932704038936	1,3357791249937452
-2,640611211879792	-0,287317979748795
-2,973167759614371	-0,27645754675200696
2,6350109635190924	1,2460858110927657
-3,7807155697158694	-0,44882165799807106
-5,32222040295789	2,2832171853859986
-4,098545595664928	0,6647447430731496
-2,0000744218811977	-0,4372438639638987
2,408966265003838	0,17184158057393895
-1,9350941603916987	-0,41236185928686675
-4,433374685211714	-1,3400042672161314
-3,8531612613823087	-0,8460300666940697
-3,3763444140088366	-0,3025573454095116
-2,7247695514475416	-0,288679297948077
-6,1298737076154275	1,8085235788675877
-3,389923767661532	1,8317253337408954
-4,138441057075453	2,3077595219259623
-3,5243646919777207	-0,1801685217308162
-5,9250477567359745	1,904671912876256
4,945827091831582	0,863917859287868
-3,0459600240988576	-0,4015553393283
-3,570175795684059	0,8046984468227445
3,894176926804239	0,1840768411830931
-1,2104088803792445	-1,3404145851579532
-5,7535013673093465	1,9748024473399104
-3,2288630602358297	1,3862192291709443
-3,9435031201026733	1,9859737100903418
-0,9876663397922099	-1,8638565845706285
3,2525689264979083	-0,10718334725231249
3,271668853004419	1,0954415185257715
4,034359853249637	0,14519635026496525
1,9405997938504802	0,2570812380104026
-1,7265412781102276	-0,8381890693269183
1,8651021255264322	0,987455274113212
-3,8031193286521705	2,0996531456185163
-4,966444601204452	0,5976105241548348
2,3819779682533753	0,01853702422306658
-4,32796828935013	2,234061591280146
-5,342977106683497	0,5518641464787546
-6,309483533682711	1,220574016752464
-1,3460946737258586	-1,5065834687311932
3,994206451479207	-0,05982470338000567
-3,978187628547623	-0,5824544270026104
4,867546592001155	0,4160036781414428
-3,4128180575349365	1,8951325544157671
-3,241109428076974	1,8464031939844605
-4,0179221070447575	-0,9056226752640286
-5,126573609572278	2,2561016934320075
-2,1366251338358535	-0,27107680240214593
-3,8317915697723137	2,0556253169829697
-2,985615729643252	-0,2940748988439863
-3,237704324004696	1,2734917067772558
1,506464056468208	0,6647462695785092
3,6082893375543765	1,3368266891893326
-6,003030177065696	0,7940994829985772
3,3145949695743564	1,1158226351782974
-4,639649563765872	-1,7164844273760034
4,58871914898461	0,40682482944284626
5,24907367785521	0,5216230979987547
3,6121831952386514	0,06576558642947483
-5,532150238533999	0,631646506179448
-3,00413692684164	1,4321861852600106
-4,365306290108769	-0,9553394467062573
-4,261321262776642	-1,241986687638064
-2,997658363188725	1,7536911816905911
-6,1391533716011315	0,9290779446955182
2,329240468955576	1,1017349974951083
4,1034895842285515	1,1584378446786556
-1,3484990017469085	-1,2231715308311268
-4,39312936777204	-1,7492768443506967
-5,927546936260194	0,9382666154236343
5,051919595495842	0,37973371541608975
-3,27483687213907	1,9307031497702924
-1,505734501484393	-0,9571824734582723
-6,081173254968298	0,9009263191010078
-4,747604312407961	0,8132224890450975
-4,756230812803888	0,44976462955882834
-2,8661191040862746	-0,17580738704738552
-3,296404981385519	-0,2521690611674512
-4,60498791088566	2,245538020254767
-4,315328753740859	-1,118395795754838
2,308318866171224	1,151510261781434
-2,0524161939858114	-0,44432196899909115
5,0705476460342815	0,5288102519901745
-2,7331242972220613	-0,37887569202536553
4,251237913861949	-0,19982428817361264
-4,468658679096137	-1,561183640207496
-5,582405337348291	2,163610301061574
4,933387112488431	0,13153357669024512
1,5343779572841216	0,7840700081513686
-1,05457260396476	-1,6950343091025353
-5,014231579301569	2,4072346146954917
-2,307502798617952	-0,44053149249098245
-3,0562492014737055	-0,17426391809509667
4,072777123505264	1,2696518513777215
-3,3916507287390756	2,110109339946843
-4,518495451765284	-1,3397214233917558
2,6105181913268933	0,015685150735248565
-3,5772352476923768	1,8660319439180542
-3,1015782474431735	-0,5119633259073233
-2,545514194662762	-0,25090925161343014
-3,652391218658717	2,164142173610748
3,61473889838789	0,0034859778659424023
5,059434981328144	0,5954520520365291
4,192691946225891	1,0665914645065029
-5,2605561387778845	0,583296204736721
4,149518599782483	0,07668319291249104
3,8646618596383835	1,3043494230220065
-1,6625458243257238	-0,6500503486034188
-5,2297323337132715	2,120749158201818
-2,073625914548626	-0,6180118621644843
-3,273399124433175	-0,6422997796629262
-3,22282005041569	0,9158265830863722
-4,001012808188854	0,6771328873007252
-1,292890961909681	-1,569489339981113
4,347828271087827	0,15090419339234423
-3,230125605025919	1,641099162637511
3,9587474320752145	-0,03951370848214675
-3,5921278332720985	2,005126153257706
2,170640534877228	0,27861750105538285
-3,4378436448253678	1,8048880482706857
-3,843090169451065	-0,5906123061414195
-1,6843932831880397	-0,6597399920802502
-5,553784905321933	2,083757542558798
1,8342558654379735	0,12636127509005213
1,4953015966067866	0,798258460515715
4,179141870460359	-0,030012749796846983
2,0422934957919443	0,26254038942135793
-5,623147651854657	0,5646876727104839
-3,283092180725826	1,0521889212920406
2,509392534211333	0,022620107285927116
2,5959374992821855	-0,02684182362229015
-0,976995785138798	-1,5517841943582984
4,9314239792513455	0,8814416908161213
-1,846118890420743	-0,6386614162059501
-3,2868632169691536	0,9708460354590219
-5,760328928924972	0,7411073177009042
-5,999311439667422	2,0951025852475658
-3,2745714753824178	1,2512878089656954
-5,099683269114141	2,3704680545310337
3,195300057122469	1,274489888259318
-4,405036396152807	0,5707641701870696
1,9547780081910389	0,11516168390248105
-4,496550249265465	0,44118057085008267
-1,0861762544897515	-1,6597123794263438
-5,932488119384349	0,8535768891868022
2,0589424734922073	1,0501436087788285
-3,935338280259178	-0,69268314351171
4,543120995439207	0,25631973994952767
-1,3242402598010938	-1,2718379058233977
2,0856331872029945	0,2506742989468472
2,783965888791476	1,2965365343328126
1,731430299361805	0,33076106175614467
-2,9477654660840797	1,3344205975298407
3,1066810798507216	-0,09072614222569686
2,74027547012874	1,3519123939113165
-6,210461031624512	1,3229595441406423
-1,6715570978115073	-0,7987158774322509
-5,245465135012874	2,3346569538655313
-4,276046462188873	-1,3200454256969039
-6,429260901486038	1,305590307225586
5,148853679181789	0,651663092265373
-1,1051193794044092	-1,558720930780083
-5,818071894435453	2,1967392354885065
-3,6695223417507523	0,7547308823264438
-3,8971479301288987	-0,7846704126736794
-1,414126001618368	-1,490624513903342
4,884430064213316	0,7287700119104459
4,821911499234467	0,2438817785707501
-4,591123118186336	-1,71312000798674
-5,374388321804005	0,7636856502958648
-1,3841714598581998	-0,9964720409492275
-2,150027672852529	-0,42079429919880385
-4,3031996557285535	-1,4157175060986327
-3,6219034611944254	1,9375164230447104
-3,6416277387143827	-0,39565405544950116
-4,090457278957591	0,5727578421885686
2,250732286713532	0,07668941039067334
5,1962842936652285	0,7334217631616624
-3,5719446278876523	-0,25303518948055936
4,933211917645186	0,7749430969312641
-4,533200084005593	-1,4852672495126575
-3,4881064499204304	-0,1924086921411572
3,8801060936724205	1,241628615053603
-5,96882698371832	2,0437726745170344
-4,371179189263217	-1,8242605029802579
-5,374809388526408	2,210947777495753
4,960463223334605	0,5115474393407099
-4,572714447507819	-1,3019810513873176
-5,177034783247575	2,3923798641124163
-4,359600977672313	-1,557613288917768
-5,1068867520066545	0,6667682384937961
4,197854819681308	0,07534500679153056
1,8040030626632002	0,21879872175980947
-1,9905123908689897	-0,6009611004609223
-2,920316128555227	-0,3151117388581761
1,840709201148931	0,44549637500206274
-4,477613325609213	2,283680043974875
2,1717259901074613	-0,13905893635893496
-6,378669139885257	1,3467734056708518
-2,806690631417663	-0,31039813255317394
1,6456040764869364	0,8474371200169034
-1,1631538492639426	-1,4686863365334801
-2,4948949258794433	-0,14741503314045468
4,863785783370735	0,8043208616347421
-2,7589163186378314	-0,09133873172812401
4,43154289230378	0,10504750766519133
-4,222064713621066	-1,0162548118918657
-6,358786017131223	1,5817561546305758
4,9455147322994275	0,4689880575191437
4,699451183997571	1,1706559025933096
-1,744447489813253	-0,5519785617528741
2,2140628258591697	1,175355271226261
3,366083953456042	1,37143517370072
-3,2316352937319603	1,240868676887712
-2,199695209540154	-0,4623345967433987
-2,6542745080543706	-0,28975590122313966
-3,7819302110812387	-0,5114313671141044
3,3205912596935567	-0,07506026825970069
-1,2055372466219705	-1,1467720923288298
-2,128745279720146	-0,6413051450548575
3,622501460183039	1,3949505331392489
-5,932301383032629	0,889412826757202
-3,8871316017836945	0,6604899543244206
1,7343939159203714	0,32113582718165085
4,993523812669122	0,8401784258689999
4,564535530485448	0,14378119053284888
1,904996191106222	1,1754424338984122
-3,645089603808788	-0,3471175274776497
-1,5436711501655354	-0,5176207549103207
-3,2419203987147425	1,2297517576420491
-1,580803770626253	-0,9824663156254024
5,07802585504925	0,7778415784885621
-3,3945765784982758	-0,3406141795199764
-3,886076373639137	2,200429894404276
-5,613019705168397	0,6650926258437976
-6,107233520049457	1,001331802227238
3,9122320330731712	1,2763029281175253
-3,65915698577832	-0,5449181404089476
-3,6886563833351467	-0,39962912862214295
4,338547674246245	1,1173464383189773
4,888282185209805	0,6050982317985995
4,78223430478089	0,30092972462853673
-4,485310452930496	-1,7544294325343022
2,7555660728350593	-0,07718532614672413
-4,027810323725934	-0,8972829106461822
-1,327031963277427	-1,0683231525322188
-3,256774814847816	1,138326051298042
-4,102164834203963	-1,0044881423286358
-3,3287468135037437	1,7418312585838431
1,730477056454911	0,31411422871167516
1,6844447505168012	0,7326600376055676
-1,3800541880780308	-0,9219493190992545
1,9835765719756346	0,057761714535568554
-3,5635783886693506	-0,5172591345468194
5,115692686341834	0,7503137168737757
-3,0090629576539007	1,3452277070496552
-6,304159679896882	1,548595036502268
-3,9910113675298646	0,6621782787171959
-1,4860133588064943	-0,8547470535184587
3,1976065165624603	1,3739187629934495
-5,996762566587905	1,8553947213803237
-1,7373227349445655	-0,5658371517250875
4,688833863034699	0,14099326132277712
-1,2991451900214637	-1,6428100121683462
-4,406982075350981	-1,9028824874695518
-2,9446190786292057	-0,30781082193017784
-3,5592362105445163	-0,42766489988933065
-1,6450705533870935	-0,8598993079352995
1,391440792269272	0,7872644289139885
4,700364730294852	0,8854061125359933
-6,029048682179076	1,9665833501817378
-1,6934583740308768	-0,8241680918299605
-5,924018706182429	0,8582063784833472
1,5565551736496053	0,6768130432092307
-3,4766358771331074	1,7935892762324444
3,7885004258622867	1,2273681160848349
-1,4056038131374682	-0,9425864181380013
1,5697783444260853	0,5084510447967094
-4,827663985087825	0,4468407892150541
-4,935368109602394	2,2359639121430996
-4,234679354272469	-0,7917431734166258
-2,49337072982576	-0,19715649827627657
-5,616343305728082	1,976084107721711
-6,353831301641747	2,0090994420693398
-5,199213130062315	0,7321802044190088
5,060905653182362	0,870581991554403
-2,21470112991856	-0,48274264452207727
-1,1750968512455404	-1,7090237677389386
4,689308162801619	1,0108792730436866
-3,665559691495229	-0,5118334936330364
-2,5615982935156723	-0,46301063053162617
-5,865277462389136	1,8162837999609662
-3,510212620970714	0,7997446509772077
-1,32081896067023	-1,368517021380026
3,7957078576481385	1,424342703891512
4,415205011521245	0,024243127129728648
-5,393322966056509	0,5693309874716711
-3,427642895449431	0,7581726593397178
-6,33531445248868	1,4606682403734033
-1,6568508985054653	-0,8068260363725202
-1,4114129139710414	-1,218805444185571
4,564501128314986	1,1310860554751438
-1,2275063787463925	-1,6053916702400604
-6,444028626179804	0,994738525289595
-4,0730479224940455	-0,7959609165870123
1,5410801295709549	0,5763604230360008
-3,1872029294952346	1,2105294934627187
-3,9368823993962963	0,5802835618670504
4,92110105358848	0,5508506425172791
1,4395645420123349	0,46758197420380004
-1,3764886884676395	-1,213921133991362
-2,9609142292191644	1,603569016597878
-2,9118272056367167	1,6611683890588513
-1,0454358230263234	-1,6919634840234352
-4,393176190390473	-1,0511165108782996
-4,099085983396584	-1,0808103576662862
-1,8885107218749697	-0,42189776603151263
-1,2887849324173348	-1,670733602083606
-5,674460181079231	2,0615207239743363
-3,260415599904373	0,9641321979071098
5,057058683144675	0,570985433813218
2,3274138841989496	-0,004079162294900129
4,502741837560333	1,0636092454484258
-6,2322078511690275	1,2497481630234055
-5,336084347055487	2,0943536676996777
-3,8937561833608045	-0,5394530977682002
-4,211348753892078	-1,0103276399061742
-1,1265923070418589	-1,425705167901963
-1,1484169746609043	-1,8835612293604613
-1,9489755832751847	-0,5107269579164422
-3,2557849170208586	1,1973676874817953
-4,213038471045534	2,1828132818787873
4,926683816946081	0,7497760973415164
1,7063128608552596	0,7602968160175249
-3,5357892889041858	-0,2815515400921673
-1,1677189980781524	-1,9580642806469657
-3,1286677739440947	1,6858307817866753
-4,478627063667676	0,613674184687684
-2,960854820423725	-0,22409687882365725
1,4642513392769432	0,7771736181616793
-3,202224884432014	0,9731712711895052
-3,087421207624373	1,2329695557362665
-5,665801618711245	2,103043375846876
-1,247651038078036	-1,2292112796992947
-2,3450433336566423	-0,3300340373160935
-2,8761217559182124	-0,13589988504830863
-4,491829893259523	-1,54638751038091
1,867571777973645	0,1544284892676554
-4,496603958935568	-1,4620244548370014
-3,792737059707271	-0,562578644689556
-4,241712033148529	-1,2564653982554708
5,14218204536855	0,6505920293475416
-5,165014267652806	0,6241050954232994
4,989534697133509	0,8142186058431929
-3,9568665231517217	-0,8392152196369664
-2,148740101162429	-0,27138292356600613
5,174132281236606	0,5603653382529743
-3,8086972052163186	-0,6229795400762645
3,324713897624161	0,15364992308798409
-1,188663830714194	-1,4214469766187627
-3,217431871205106	1,7819369374313276
1,4489167366263922	0,6873594401805188
-1,0748565440062672	-1,4562382341376074
-6,035294822520516	0,9733036797132595
-2,3338009053956603	-0,33095484897112804
4,87493605253169	0,7273024857015552
-3,166774042002108	1,0732933039411743
-2,973105350148768	1,370521863027161
-2,6271609495569423	-0,14557529519098789
1,71699583546359	0,44006936378164074
1,7440564177490894	0,8277860582013513
-3,1309996385804975	1,4305249925349008
4,239499831776777	1,1092590425969164
-2,2712488889617224	-0,41049655638336136
-6,370129958740122	1,4198846291038005
-1,916210004582786	-0,426591270285565
-1,6846594181009544	-1,0635088173072722
3,3989572755349573	1,2547203682664336
3,0566010806317836	1,305814162691754
-6,062824609956213	0,7981980823369594
4,6112808672441865	0,27082263657338
4,2714990218669096	1,1960452695907238
2,9996388689118825	0,021101149290449372
4,65769938361621	1,1852623925790424
-3,8909881233282233	0,6266237973933804
-3,7124712683036263	1,9766825409589899
3,5578090148179675	-0,09564592921185966
-1,4368000594608015	-0,9901360241611081
-4,711242972944704	0,5292219559750407
-6,38419593795407	1,6721890306592884
4,309302148256231	1,2441853525651725
4,516397688608842	1,086667787598119
-3,8475786478677083	2,219206035002573
-3,29623590475222	1,4236221469541999
-4,331565808763067	-1,5314634042865378
-3,619087032953118	2,244804905478611
-3,5429275458695635	-0,6132031958154482
-3,04279007894554	1,3048552715598423
4,796319316884351	0,8581426539695867
-2,1951859082697345	-0,4078455820324982
2,823696330569951	1,275778794405031
-3,1023151347143925	1,063477529211001
-1,870172985499941	-0,579981086349723
4,947230362671391	0,9842831017693885
-6,460737429445686	1,606817947856811
-4,407758918699699	-0,9799952457357932
4,656609680503687	0,09954113831848121
-4,276904378855205	0,7121257085363638
-3,744141289626042	-0,5471487724743143
-3,9378919457614683	-0,7694906482142219
-4,4446758371814825	-1,8189240424662731
2,1111687399951355	0,9051219261593629
-5,565410158584533	1,9267591538141327
5,173239864646957	0,4152221015777916
-3,909477607009271	-0,7138022237032784
3,179593481413619	1,269549609464704
-4,462246026324171	2,0945724762220586
-6,336570884693513	1,6116056614622656
-3,0501936903851132	1,2700782483893573
1,766423833895907	0,9134760165254452
-4,452198720117106	-1,6021263926096059
-6,399573224546688	1,5179292919475111
2,1539491370710873	0,07151319991977523
3,223712102167639	1,1853571133855885
4,25863484315227	0,06441240449583963
-4,494731041479095	-1,1332321531164173
-2,4263231655113517	-0,3529422288879376
-5,70771250973242	2,1512231454470605
1,7614372807396923	0,3011047689315087
-1,1477082372033276	-1,5495120487542122
2,162027518890098	1,1772003071228254
-1,4091548050525229	-0,8576897421823662
-5,358581667576785	0,5704915235224143
-4,484690273217489	-1,6118267856359942
-3,198553552470771	1,6023325233018735
-4,682963091414436	0,7897670457477096
-3,7504346451026302	0,7341831935802408
2,95799881548571	1,2331740209218238
-4,135249327070816	-1,0398307574934775
-6,229834704096999	1,7461843671549158
3,6645760966332164	1,24145429577425
-3,516548700406582	-0,366033492674418
2,0507987424731495	1,1987386378035927
-3,4857305867446398	-0,5508195439137462
2,739548914200681	0,0017593628606966671
1,4569015314505787	0,8876201473412497
-2,62756167694302	-0,440102094244589
5,1157184906866	0,6290981082003261
-1,3887661865291216	-0,8761144855517728
-4,715781362167723	2,235797051626794
1,7583669460911324	0,39931440453128025
-4,150936177436543	-0,6539940946296106
4,764051240227397	1,0774007328729136
1,9563723397257315	1,1075045167137747
1,6395247739621068	0,19737528719372688
-3,818864120133088	2,1510800159667367
-3,0936858915682954	1,5928493396242538
-6,419851781636483	1,2673404657259864
4,970283459166092	0,20727643047833044
3,475185123581333	-0,2149623640620525
4,947892739148115	0,10274981141373696
-1,2309143488784111	-1,2659597344456328
5,078545244113412	0,4584937579569436
1,4838777553793665	0,27028985597915683
-5,4621794108266375	2,155686785796146
4,856378183425006	0,9484218892363739
-6,053362564738623	1,7907291665779868
-3,3272624763219656	-0,2985064255754777
4,248039878060249	0,00034256350542394287
2,7523426756446927	0,07072713509079742
1,5845373835059995	0,4164789764151272
-3,629180997532472	-0,33500228770289553
-4,0701710306370815	2,1883280518230683
-1,9289969134213543	-0,42641284097329146
1,613524749857434	0,5349984645168364
-6,321229676743596	1,5651654987281667
4,968880708969401	0,8238942166554746
-1,8070769447505872	-0,37898984584735573
2,0588119919479073	1,0334875774915082
-4,131144498509821	-0,9513749958421793
5,259108374029456	0,7763924770305053
2,592378334604332	1,1789498546509574
2,7369273827397613	0,0985227615667077
-5,881371478784217	1,8545102632396908
-1,294489471172842	-1,686685723732295
-3,4499439052828422	-0,33190997555124047
5,248777272944027	0,762414955493793
4,762148777864865	1,1091391010197869
5,0476617520084215	0,777892128571849
-4,460379939535058	1,8798779656259534
-4,921246473674928	2,177221256495221
-3,8781308692394885	-0,7803561230742502
-1,6203094576555013	-0,7922502635989688
1,884149950550481	0,282700247819517
-4,44678554251067	0,6946835847908088
-5,710598734809108	0,9217496303401636
-3,4319399293977444	1,0160394966929958
-3,5185373325197196	1,9866922185642768
2,13608555412127	0,07575548594167558
-2,8018471537218375	-0,12968445546743768
1,9201549588228641	0,23918610477386149
-5,513898614288209	0,6952629037348043
2,7134616552226087	1,1912634733704572
3,1256994015857353	1,343768276400179
-2,5323455158117634	-0,3283220450689519
-5,389006359122469	1,9607387575985697
-4,545192269871896	2,2858628659640883
3,653498588778958	0,07119950303793665
-1,245941935510245	-1,1880710085484725
-3,8020700866355064	-0,6561547318712089
-6,328492988558421	1,609567368594477
-3,0290032675197773	1,2162656578616746
3,5970213462266196	1,1910537074427054
1,43496792756499	0,48656255923916714
-4,515107020205682	-1,017701949277011
-4,929116505699317	0,6065051075679976
-1,8367156103839224	-0,5706150573491571
2,0373801152244884	0,27601818492671193
2,8373910980594648	1,3070643423938755
-4,425477206633335	-1,3873677399881186
-4,662434975893328	-1,866249942310609
-1,344008110969297	-0,7020785544047166
1,5235617653536708	0,40163059189771294
-2,5036517923908286	-0,3709385080158776
-4,4025239106757805	-1,3297226847089052
-3,7725281782683604	2,2792529028777087
-6,274817563987799	0,9067322239292975
-4,2662300722626565	-0,929821387243817
-4,182486174319626	2,042799316452582
-4,2526044661535725	-1,0554941076841926
4,7339699519300975	0,997505182547897
-3,0935700754625257	0,918128469867756
2,907300492674282	1,3571178394563066
-4,148736549475794	-1,0252940004797748
-1,0445424327704336	-1,8575789148960968
-3,14907429748086	-0,41017141993824957
-2,3264598634429094	-0,44875437322170386
-4,3692974252936505	-1,3467655782481356
2,7293981859995133	-0,08492915628350062
2,8239246830844436	-0,1779025590526362
-3,553925455583883	0,7920111404821837
-4,382978211078504	2,167127783339785
-3,323726152860992	0,85502341926081
-2,151470397147963	-0,3958045443465861
-4,242970294540916	-1,0899783653663642
-5,952582932858116	0,7231730122237061
-4,484603442323177	-1,547568224096746
1,7680403078645663	0,878849186880923
1,424004132197223	0,8010260083913214
2,593201026598764	0,1645896308780393
-2,0271905108644486	-0,4554940214255505
-2,18244734117883	-0,42097110056385345
3,291969619043269	0,0013793340351635486
3,56321905868481	1,4078841186112556
-4,013220320955972	0,6773437614366163
-1,637326898913997	-0,7669337765310522
-5,950577698329321	2,0607297846075783
-1,319451842370488	-1,3815630879779075
-3,180527192842449	1,610625903082667
-5,578201823114144	0,6436848010117531
4,962323375391111	0,5829354014823727
2,7501751220685167	0,04492114017066973
-1,9923641349041825	-0,6876351689378115
5,090272551024149	0,44899835509720226
-4,209370486475525	2,0941574731700117
5,075187764169051	0,6774540531357058
-6,350469664320641	1,2196746996543093
-3,212947728118129	1,2489699102483793
-4,571865186745013	-1,480638126432579
-4,396002665000354	-1,351454023259111
3,4996954797299296	0,00084586001716358
-3,862849211246835	2,3211800923894
-5,0398999676374485	0,6041668878030745
5,199639883844719	0,3861826014455528
-5,258744081873777	2,2301573234007734
-3,4438299152581706	1,8167017490478954
2,3037558734373587	0,22981321522578235
-5,635298661187374	0,7421709847895441
4,6228048141426115	1,054668791527122
-6,115796761841081	1,7378943102410225
-1,8854237155852285	-0,633244233465579
-6,051267283213645	0,6596495821904507
1,4197965015798648	1,1069213873637906
-3,1138296761314543	1,4824783208993184
5,050500141231249	0,2778143595001631
-2,7902243331080663	-0,15890100479158464
1,9719765609038191	0,20403265483552907
2,146034723969513	-0,07131563466844137
-6,378379421297932	1,703482655019902
-4,205781187570809	-1,2673788173483151
-1,311298084785456	-1,44225088139199
3,3882770971090763	1,1275039351093066
-3,7301810920904677	-0,6571950942559379
-4,511618065047966	-1,4517856442277428
-5,73707271246513	2,037089356002697
-1,672387366379947	-0,7975575570728735
-5,4906402709782345	0,7531232842658616
4,803568025383632	1,1082342355222559
2,5979264577056975	1,2836394419780808
-4,362017581374199	-1,591637970191647
-1,4704327048244203	-0,9637416981354197
4,164947907639663	0,07371808019001191
-1,1007622175248206	-1,6844560376040723
3,576629883027768	1,3119193209080815
-6,301854489081073	1,5808797533814305
-5,9596198148429504	1,0740167313786548
5,242827950868941	0,641385715771798
2,587508679780173	1,2172427861326856
-5,32296664163518	2,3452982430954026
-2,6430323173209604	-0,21192159492175078
-1,6404955517059165	-0,8898085190710023
-4,249673902900006	-1,4416837448453883
-5,57616057032108	0,6163424868675637
1,4501715951607055	0,8762172466026912
3,64960445564126	1,4065318105086735
2,494224826529165	1,3665954043858686
-3,9322710200333435	1,937807210401516
-3,0896996033156183	1,2999159541912229
-3,40428904732778	0,9103458145810953
2,0280810144889467	1,014055719662108
-4,287510827264826	2,090588037838581
-3,3810522465355644	-0,4236825571298346
-1,2964080003404792	-1,2322071446564622
-3,8326385751996908	-0,6417762289933713
-5,663560693544699	1,984581977648007
-2,679092676700387	-0,2738762300522848
1,8455158201370594	0,7933574322103436
-3,7247074997665575	-0,6246690977138512
4,423324094031445	0,03938020596193048
2,4274191665291616	0,06515275602088266
-6,337187120692308	0,9781765844065136
-3,1826758621127293	1,6828602338798646
4,441264987549449	0,27508530139894816
-1,7169176569091784	-0,9848918810003411
-4,253045266835435	-1,2684632781879808
2,2230573326518988	1,2765674689537772
-1,4494536616397093	-1,181540723984282
-6,22615286323364	1,7235088061582622
1,5607129378259768	0,847021626497533
-3,389045051385929	1,8979505783879231
3,0972443051487315	0,08019085419759875
-3,410195021408928	0,5548163732752254
-3,2952845610359494	-0,33324884134792954
-5,659424849167108	1,9031966202559971
-1,7068499626903761	-0,6271313961968681
-6,207567961266333	1,7121344434417567
4,590025482263058	1,051455328122255
-3,6714187947921832	2,0008200176669857
3,2159425665436614	1,4074578891861886
-6,016464410653798	1,830894874657286
-6,054707176140919	1,817261675850567
-3,765549316448455	-0,3726148330649963
-5,250532677280263	2,2104283761293804
-4,772479476442038	2,068031399503151
-2,887777389134687	-0,37329948351242104
4,0210088466594955	0,20253724134953038
-3,9961726601384826	-0,8015524964373597
1,5380921279757116	0,5370078630260426
-1,7570553944533642	-0,4183818289617258
-3,819674153270954	-0,5362865663820957
-6,276121035374102	1,5644050856404803
-1,132467421820173	-1,647969860876512
4,93967477813459	0,47537489587175275
-4,263621854507408	-1,0631420543696555
-3,3324654361673516	-0,45877681927124625
4,489804696015137	1,028128494862792
1,6333289052301119	0,6674643928645165
-6,080267430351308	1,6615886548729824
-4,123781982442725	2,381760409006085
4,9683796322174425	0,5531851366669841
3,8535902922376497	1,2582291971881152
4,852024090687214	0,9125651081722361
-5,66106380339939	2,2439089140989283
-2,9997558960541695	1,344792388998359
-3,1876649568824647	1,707137311634886
1,6286718797948105	0,5496016809087954
4,952728481433895	0,914252263636387
-4,431311285116896	0,6598554803509558
-3,8725956679013533	0,6304088095288298
2,8743857211802135	0,056351523461506736
-2,470533496800124	-0,37727014089849065
-3,58595942992308	-0,30636112857992925
2,61001245738337	1,0863348789226113
2,625422065419778	0,2077012398833421
-4,259808626771698	-0,849080026375185
-4,249973247071983	-1,0863162020902304
-4,2086150785711425	-1,0285043442044675
4,398195152963775	0,1483329872792225
4,217458605951494	1,172251487654243
-4,406422259853622	2,3187849622913346
1,3238705969664182	0,8227825887039871
-5,882825606022854	2,2107868946060405
1,7209134405526796	0,4302721099244311
-4,012954831488418	2,133970291323864
4,9557391169789	0,7184947326926725
-6,142814979977949	1,7537586625234698
-1,623316819832512	-0,7693541686541525
-5,920789332831648	1,7951213708336478
-6,213423384972943	2,0084210251460988
4,733983181621509	0,9374974470103923
4,1507851852009825	0,0724341580674972
-3,4217006596751656	-0,25356953450575426
-5,537911453550402	2,203642262255098
-3,232903553916448	-0,1306461166741315
-2,40326735509198	-0,2839986402695518
1,5103037202155198	0,4071823941470645
4,925990303956228	0,3691917486189581
-6,011849840776983	1,0883697607243785
2,521737276292391	0,0009657664470430483
4,929218202954894	0,9305078228830207
-3,9086770227942025	2,1723921894646323
-1,797697690876661	-0,49649119116815044
4,9031200659279275	0,23804628387577403
4,891462678851324	1,0864367711608032
3,6916341233174035	1,2034116438122693
-5,674173076974804	0,7012511203362365
1,5113177160744908	0,4923421359371558
-6,433022335647205	1,630264615539973
-3,484692799113967	1,8889736296208928
3,328908584059952	1,1857510816466053
-6,1313553416361914	0,7254826807772613
4,195014086929012	1,2541793082903836
3,5524261418360723	1,3980830191001696
-3,131482079877753	-0,2723947412200245
-6,014654693650771	0,8683229132743485
2,055054766446755	1,101610984149375
-4,32086696026303	2,24253733305934
-4,33543067541748	-0,8984989662889331
-3,3188465360348327	-0,3450990241580918
-2,288011234172015	-0,29785664332250716
-4,340716316201749	0,6021278358742322
5,018276544834243	0,821193673023761
3,3122036457431983	-0,08629531693747594
-6,031919009551885	1,0137788351770327
-4,294883706990596	-1,5114246422563897
-4,033359808457387	0,5645313173495033
-1,4318904034974438	-1,0690251633069598
1,5689893337825238	1,0733346085835107
-4,134689489786302	2,260067545404361
-2,5655306439687413	-0,43851926545443876
-4,194553198480703	-1,021207446657556
2,6809320886909105	-0,026212023066070622
-1,8033517686511116	-0,43662192297805213
-3,281770477325564	-0,45487149901574986
4,959904535068006	0,8389710543007517
2,8373634199991	-0,026489012894304276
-2,06821023438041	-0,5406901253774501
-4,342415713236575	-1,3992899484357335
-3,1781048323611687	1,4679790242059356
-1,4131225481946856	-1,12613437523816
3,4650099929521248	-0,005306148644165676
-4,203031405161067	-1,1638490377555553
4,4148450072052094	0,1700252956122818
-4,284050565694993	-1,8046091458413864
-4,139088357065072	2,141081240021077
-3,8129809426382795	-0,8181619884407074
-4,39568021665497	-1,83186963244609
2,1473480995880934	0,10942369363243976
2,0655444819701945	1,2240749860038544
-3,034749583960705	1,3704496848662848
-3,0406836424773442	-0,3507454138680475
3,6943571075847204	0,0731243777853523
-4,2210033332673325	-1,0321171866991996
4,94621171018688	0,577793471933809
-3,0974364010502207	1,6143361824465101
-2,943173258896425	-0,47736836222104007
4,374852598836036	0,06603055545085135
-6,427032065629611	1,7313572333207197
2,8281858998823304	0,17426752504653065
4,994094405409614	0,5173575649629473
2,0868390361784064	0,2652191767427018
-3,921784651466414	-0,7300230845087965
1,8041272427466877	0,9678054896479679
-2,7363429905197947	-0,31969179619141763
3,130580381332906	1,3961137487985618
-2,7085757026451565	-0,21786371799124638
1,574970822051437	0,4579081444271501
-3,0480020668207386	1,6561498997244912
-3,2109749002443144	-0,3493313215949261
-6,117283635033518	1,6907268591851827
-3,044889281915691	1,3684433486294785
5,0882307206333515	0,7816482201463097
-3,098940036274851	1,2431632752021446
-5,434704307234777	0,552356719986821
-5,45134025400084	2,023829156686677
5,077160335937711	0,5548930272232313
-4,538316061646132	-1,91323998296647
-2,8069520877813146	-0,3059291939874913
-3,1418902909145503	1,093489771222094
5,058783276975215	0,42588565424067315
-2,9054467995938227	-0,5089002225649384
-3,340262423889504	1,716099124688687
-3,074934589273454	1,1589885782435003
1,8368185399248063	0,15428272188350795
5,0185248095422725	0,7804580403565755
4,257571406934384	1,3579956731830576
-4,218966570456095	-1,0476209622090344
3,5442193430589017	0,08047147100430174
3,648859577904186	-0,04485465368825592
-6,399326406869619	1,3095147135269418
-3,6385983091803973	-0,4258946944245112
-3,163725196569588	1,4804192509010037
-6,07453463687864	1,6041838245481188
2,810873059274956	1,325818032090426
-6,155641645679566	1,7614929705431437
-4,293036535429435	-1,925094951775582
-4,456376898026003	-1,361793867991511
-5,925510611232692	2,003246909071313
-3,2445279202213433	1,8693052580417604
2,288165240124295	0,10186902258874841
2,731167924709285	0,016131884509666405
-5,042982228429598	2,064050259890819
-6,226758962347915	1,1245984892098284
-3,0135970741578944	1,3976968894789072
-5,556719811697857	0,6987237068121935
-5,094267664424238	2,3497507478639887
4,823060625183128	0,36145569229559615
-3,853514966840816	1,990907684562195
-6,350771245629078	1,2567353610557233
1,7218544648096552	0,272069623449063
-3,234689984946466	1,3310682133830534
-1,020278741126139	-1,262486926309723
1,7234978342559157	0,9919952329453952
-4,1111227042558625	0,5967310101816947
-3,113474915912221	1,1476516469236329
-6,246060593645989	1,8485305256019013
-2,4508403315443132	-0,3249321523687454
-1,1462139438561099	-1,5448749536282347
-4,330375154089468	-1,0582906343704397
3,339038901264633	-0,020084804430968384
-1,8431369244918723	-0,46854493074573167
-5,546380820950189	0,7050096000725199
2,3023595666790664	1,0384773583570053
-5,802170041307091	0,9126014881222817
4,5116792361919575	0,08539446113582605
-4,23540075901609	2,1505004838602417
-1,9136603691835852	-0,5708584917721653
1,485522575401295	0,8485920072963185
-3,9582172044753565	2,262103170510425
4,563403523036255	0,060953701196112764
-3,2343122475954784	1,7675433387924309
-4,571309614775118	-1,7845201589997721
1,9101885367279	0,1306913384939094
-1,6691732602318328	-0,6338493631146314
-3,085860093211903	1,385824629224334
-2,030347755363373	-0,5180612131840949
-1,3720171294949324	-0,8567972918916258
-4,3548971518845825	-1,3808173182429828
-4,3429909330199115	-1,4037423926728763
-2,1065278487111145	-0,4619926469248705
1,8678785317939268	0,7578265367667512
-3,688048803141324	-0,6772586507635023
2,093258942910661	0,26735921903348847
1,6562512655278487	0,7105104499372287
-4,243539447722796	0,6303481213585349
5,102464880302099	0,8944085021997368
4,978706270300958	0,8397225569197291
-4,673974972886129	0,5750029439049519
-2,5860374968687623	-0,14611496433506055
-4,659463035023923	2,1784387469052784
-2,727374354182615	-0,3663267552168643
-1,1134097326999586	-1,708701371644889
-4,150287768686487	-0,9834381869765438
-2,9691971750191373	-0,25186227360208213
-1,7815485719213915	-0,4243434851655403
4,987430626920697	0,4081334317603942
-4,5160871672934	-1,4812711138882781
2,0746833354641665	-0,03737478120651605
-1,4617142034857076	-0,8005766271880843
-4,176236393915861	-1,464098657756816
4,655163498718318	0,20321478391289427
4,883000886660332	0,9194698151707685
2,423341391275309	1,247121621272853
-5,755260211780877	2,051595090582445
-3,682218445929277	0,9885897833496364
-5,951238408539611	1,9607598502503265
-2,1052413317118495	-0,5649250034001594
1,509171213134452	0,7422460335617042
-4,442411623197296	-1,5776306096033275
-4,964853933550002	0,7353436855088392
-4,516831276033078	-1,343883919607761
4,107209026657891	1,0840148743154985
-3,172252846745225	1,2991170016494233
-5,792370506492796	0,7770058228936533
-6,369869386704108	1,454295992715511
-2,2171166912816567	-0,3231226686888884
-4,258385552436553	2,2054528495900567
4,660557305391817	0,19008926608294086
-4,161774443371031	0,6209536547327678
-4,046803274568592	2,1327756243384055
2,56315556785383	-0,09447519604226651
-0,9922514016271948	-2,0631869246123586
-4,484230658755918	-1,4469190237649978
-4,088687759075672	2,059242181992728
-5,711315535871011	0,6725263307953927
-3,023462637705745	-0,09433139577516592
-1,5923018732633314	-0,786374311883338
-4,829354450995195	2,322919471434462
-3,6056117290543805	1,8143613551154525
2,761974932027812	0,08533650059447562
-3,6790487703454415	0,7688639907415649
-3,3731576591924206	1,8888861240461385
-4,381655724142072	-1,2317792095371307
4,93603628243104	0,3576328564063101
2,753434580743537	1,2647178973919488
1,8053281370920466	0,3292049517963986
-6,191651783471494	1,0831477555428926
-3,085840240881663	1,661583614326185
-4,674444234145196	0,4390194284021185
-1,129506631146343	-1,9536244990111282
1,9993768962969662	1,1267513629976367
-5,535325505036966	2,254377980037352
4,090938297670442	1,3130577663413598
-3,285620970517535	-0,30235470380930174
-5,956283317007569	0,7768380908069562
4,0539880403417525	0,010942119725962929
-1,6874031310393305	-0,8283736645821753
1,7188136384281913	0,7448051663675133
-3,7715645351397904	-0,8290505928077812
-5,666241336811517	0,6980157893120594
-1,19790273026725	-1,4107186412686668
4,963468354708566	0,0900074889829543
4,725800413022977	0,8494018230239647
-4,780824967030933	1,9798122094495
-4,492862197094213	2,299601537154267
-3,8791857435423456	0,7534239242655295
-2,962331635155995	1,2545840923962455
-2,2045002107305414	-0,5337453406307302
-4,14752243136433	0,7096173333273897
1,5714211713655055	0,515149537625899
-4,891072385715016	0,5993296356377036
-1,2496745521451003	-1,8543187989797851
-5,668768713639885	0,7536859015936536
2,5852171708386065	1,2750230566400007
1,4629275546867062	0,5302527505598245
-1,4714467383025647	-0,9505823811655797
-1,0552968143045374	-1,7120016527218929
1,6819032073331128	0,5264341445508836
-3,4784450020220623	0,942442077301449
-4,4002764636283604	-1,700319696487282
-3,057123347794633	1,3662913534976435
-1,0639036035870586	-1,5881340990216228
1,8244797509561688	0,3406915613110504
-6,287309903935158	1,4417542442240605
-3,0887293776416165	1,0620169871485372
-2,9936372516335843	-0,21490640593649735
-2,81882235375906	-0,07875381820149752
-6,526942370783315	1,4353079590364592
-3,1943209530462804	1,804484777741828
-5,35561736786336	2,298320200967001
-4,398015071413039	0,745727398587088
5,05607312918811	0,9104327879253726
5,083217667874701	0,8191293383090321
-4,1303521274234685	2,2461695839279736
3,5299707055928704	-0,020781568153090513
-2,809417436998536	-0,26108294277357236
4,405455487008594	1,082604001293463
-3,4917943276954775	0,8082272040885103
-3,9487586139833573	-0,6705967709886862
-4,037415655908017	2,1048989666954547
1,5858059027052849	0,8366843554667376
-4,327991255021443	-0,9233826304350368
-5,676462176317064	1,9586796087160185
-1,9899975812428923	-0,5160927797125676
-3,8486122453992655	-0,6490006450874015
-1,2483256447082107	-1,2808225522129324
-4,31697704859083	-1,2104506149040217
1,646105789865985	0,6595022294946455
-4,115621513356894	-0,8771165481423124
-1,359924840911424	-1,1252147184412231
-3,3241265152791066	-0,3533323980197973
-1,2402522823922701	-1,6496059005697972
-1,6332100210816263	-0,6041667319363351
5,057310692961803	0,9077381427802901
2,5393755509203464	1,1875682787669823
2,02827776364723	1,0255870835697363
-3,501527714617937	-0,2521998649721515
-5,462464942990922	0,8897478140868955
3,9162552693280483	1,207266435932402
4,3113875610159775	1,0576286077601564
-1,3028890797230965	-0,8852667913396806
2,4521382127431695	1,2442480878763906
2,521370487308369	0,06684753991911707
-3,122264780452293	-0,2083281743785561
-3,2553914344852743	0,9317977339788068
5,085343161276727	0,8661795263583943
-3,0632971276039287	-0,19388934153370285
-4,319641990407972	-0,8637476706999991
-1,368015884392105	-1,3456427375862092
1,428283464621067	0,4865172219320367
1,6524529726297925	0,8665825168981046
-3,842026707239909	-0,7619640736840629
-3,060010658324473	-0,25162929904424347
-4,084429288474733	-0,713528790304099
-4,38111361172196	2,236396216846284
-1,9197295539372452	-0,3512841412678478
-3,394797750965018	1,7604634571421942
-4,800116386163222	0,49342661496521756
-4,109793305878589	-0,7929952399469524
1,6363019678713333	0,341889260231744
-3,7159191054760425	-0,49408652608094794
2,6519784083371274	0,15012015071569385
3,225510549041229	1,1756942057969504
-3,6448503680556876	-0,4774652680921805
-3,9057182160533177	-0,7230653548231858
-5,857836447155915	2,098912170137311
2,053770596956765	1,3022929184381846
-5,888343883234386	1,8309982019931792
-3,73957550532386	-0,7164282126583437
-4,441869937981673	-1,9698285060619747
4,850779688819321	1,019441663487283
-5,812077020164298	0,7199264497696296
-3,2184195955887027	1,2586261035509334
-3,02576208134031	1,6659097330095993
-4,432698048828049	2,2192245899122143
-4,363315957092019	-1,1797763728323174
-3,8303058260547678	0,9287031708262731
-3,809037464540597	0,6693525835330685
-4,526706002763339	2,3079852163529875
-3,3689539266700668	-0,39347555661677314
-6,128525035369514	0,8918437853871171
-3,527201155209611	0,7538622432568396
4,799446345041861	0,39313655931315106
-5,58755615449226	2,2473339145559246
2,941082083806069	1,2820489516865405
-3,127974937068461	1,6379151227452777
3,692517776936742	-0,00016927227287155677
-2,0126702054880665	-0,39294912766821577
-4,60216777688389	-1,9073101002231623
-4,206784296207966	-0,6929431204378245
2,3712506854441973	-0,025069465971209626
-1,2585523028651857	-0,905483578511413
-4,602410084829101	2,1130751601315474
1,66355266420547	0,9414101013003989
-4,593992011559171	0,6470811127544134
-4,241673315523328	-1,1121341390806874
-4,1563565447196735	-0,8349840838605145
-1,7522095924886696	-0,7429645415436958
-2,5505684246436298	-0,31519595088179586
4,959166949950689	0,7512821960757394
-3,077689257859055	1,481580897631866
2,3022762964337997	1,1199695011757955
-3,5679272876544434	1,864417254913561
3,347017683655779	1,2781130865780626
-3,0475630970395313	1,026575035077451
1,486321390794323	0,8448467582801148
4,004980435164169	1,1744411202136185
-3,1598615609269642	1,4160499725340947
-1,0134847949335226	-1,7847350046646284
4,734071480360777	0,9815079776061686
-1,6359697785716765	-0,5919671959121813
-3,3826658227180055	0,8794524760563714
-1,1140598765063061	-1,5599418034130277
-2,9009279915435524	-0,45455601662402056
-5,389069956767089	0,6929115459987467
4,7334458725162705	0,9198136983475877
-3,5770446902093234	2,096234555319565
-4,315827223142044	0,718242604618766
2,622493616141066	0,05723632249128574
-5,812493865071248	2,052210240289566
4,268507816933034	1,1571531775260078
3,5707473608529194	-0,17590500400309983
2,161773913210282	1,0404073922679387
-5,9784871564904005	1,0054927836973266
-2,8674859476594086	-0,29544931236505123
-4,538260797486933	0,6859176430710249
-2,5987762913992385	-0,6054437618672592
2,384782634159065	1,0938330687102458
-2,0228949474200606	-0,45847371644342627
-1,8847985355013672	-0,5969773519520942
2,851201376436491	1,1997674690145372
1,6420674742387846	0,37966237764673033
-6,1531993110995	0,9792323123256329
-6,24903650347804	1,1900080245321722
-4,500841760850239	-1,8268826771085949
2,5527861755738623	1,2595674089527467
-4,812861907709916	2,303870291378455
-4,04625123134212	2,197169170618298
4,99980970280255	0,48325210183509293
4,69511101694876	1,0387303998195436
-3,250238138733282	1,609059130578658
-6,229134661513455	1,186317847972819
-2,995254505818971	-0,2569061179697145
-3,4097095983573364	1,9196449829874278
-4,166724926539525	2,1411794189616407
-4,10938835064048	0,8447029420279156
-3,7379848969129728	-0,5008789963249343
-3,5839928685132216	0,7729385447026366
-6,00836228632443	1,8631295863236326
1,5780160590386956	0,5147689159041142
-5,8952358624698835	1,9282527130490705
5,122164750675969	0,7784660719011837
-3,239174068396544	-0,37437403058087093
-2,0567008196541474	-0,6337626405044048
-5,736791804807682	0,9039274932130781
5,1236311532942995	0,19748844884706918
2,7197960600823885	-0,06447395303653058
4,5899455890983445	0,1377955259805907
-4,091818524980186	-0,9640973001958226
-4,467606981951869	-1,4989332410799634
5,085317012181321	0,4661127948637102
-6,138239284712763	1,0398818321393404
4,359707375566177	0,12595000291447345
-3,1212195101234785	1,0541562656272023
-3,4747585485807004	2,0677602971487925
-2,2416185995193834	-0,38521947723395744
-6,250017423026694	1,1135201946744715
4,995244404966922	0,7878603212393095
4,895033928904563	0,9992480834880363
-4,7565345113375885	-1,8158927364356368
-5,860069156994667	2,137919320593981
-5,950264158970085	0,9640730684724057
4,584184853639913	1,1913756629347376
-3,4327864064998304	2,1046048434913947
1,8548226842884283	1,251328540112187
-3,6510009371024057	-0,5556904030869871
3,5158754981137204	1,3340272504574546
2,214120769011201	0,0516544370550297
-6,2805624405328055	1,3035700903235132
-5,377457451756202	0,7625963395456423
-4,3359494281527615	2,286795213713283
-2,031521015589528	-0,6309520274509337
-2,306879308816463	-0,4648752086643291
-3,770976277147697	0,9176640573039543
2,7539577560664936	-0,17370520528062017
5,172758579720803	0,552595708327809
-2,8748954437230583	-0,32217043549848356
-4,0931144173459835	0,5988340568852152
4,164118504390051	0,12323384783415847
-4,929010163031075	0,7284401215711503
-2,580198137513572	-0,19177808680515906
-3,93759268533657	-0,6731489034590596
2,1611301450295493	0,9017740469771263
-2,1310659488171178	-0,32668333321663257
-3,069202720549705	1,7654911149831212
-2,0781590970573562	-0,550750385482391
-1,3710789972914232	-1,1047624259796833
-3,2971641382660226	-0,5624856202282871
1,9746554645553993	0,11663119821021106
3,859703677329046	-0,11357228530606378
4,492377757390849	1,227974718387514
4,097358444734002	-0,03913701591243113
3,2060569132101424	0,06585044957472608
-3,690804782001112	0,8123546812235688
-2,5136221905534404	-0,4861834764034221
-3,1397140650587065	1,4716389512262738
-5,940545569434786	2,0641458835939526
1,574756404087764	0,420285626534716
-1,1564653990056977	-1,8963652178015438
-4,217687302492422	-1,00378164133103
2,622540325716652	0,26143857175572716
4,727407788551165	0,18604469978875238
-3,2600193075540833	1,8043321567392923
-6,266493591593022	1,3952454493204085
-4,209776359904454	-0,8061835474679573
-4,778227364016615	2,2743975937501384
-5,958544443652246	1,937251095792346
-3,1379707933094054	-0,2644133209689272
-3,275942023449412	-0,27836603006045024
-3,045778575226126	1,2275162074990063
-5,9518835798066805	2,007040422788216
-3,118141401133869	1,4294245375302432
-3,5854277876943605	-0,4418089212460836
-1,598047759976747	-0,7701846200424067
-3,1169913512308103	1,2521877068103353
-5,675310918740531	0,8221349169163054
-1,3878632014493446	-1,3162745406260408
-6,3719098114625154	1,1023105257489394
-4,497272411648414	-1,8367952775917917
-6,224101086266961	1,8657492539906992
2,34193825032605	1,113300160383036
-4,580554055764758	0,7484307454776684
-4,517649869303353	-1,389516622133039
5,233774894819786	0,746111620003661
-0,9623551827173991	-1,7555383357119092
1,6577533630767367	0,6448900755151362
-3,3748065353773695	-0,33107891057019345
-1,2289661831138168	-1,6627868852921641
-3,6349944539108723	-0,6806994454549069
-3,108552867824332	-0,41483392560530175
3,129407253408099	1,3069552812096144
-2,820068456881346	-0,1749003411020984
-3,9442050534116158	-0,638693494266771
-4,1597145723013975	-0,886382443257721
4,90360002434506	0,2017547259061367
1,8692531927874612	0,949964408598561
-2,9777674447279265	1,2307057426517058
-1,467890985597947	-0,671390648802165
3,129420442045859	1,240789885319943
-4,52556504879119	-1,0926196357020521
-3,1288343287075056	1,7079882677110119
3,535929590158926	-0,14537597877728592
2,102855059289447	0,03710901104825892
-2,442598279184489	-0,4375711847098329
-3,546029216068945	2,0995604024033705
1,6251688831915696	0,6682832545630901
-3,8069322038435955	-0,5340741203261883
4,88436093035071	0,4114728725213307
2,145868188847655	0,20267671953409383
-3,924755879466455	-0,6743393390141177
-5,445426749847981	0,6852275570582949
-4,591716929777249	2,3051289321648576
3,1787911322523863	0,05915268622176262
-5,853279512095721	0,9007103210193382
-5,594051518273228	2,2928631898635317
-1,8928672578632315	-0,40773352455304
5,010999232035237	0,6470154869030673
-2,1063104564729813	-0,2905246020897292
-6,462215113188673	1,5918155613223535
-3,4629778131476767	-0,11520374825224855
4,206909477029964	1,1644821156738088
-5,342728842206044	0,5402301268453797
-3,676918999495687	0,7033578461799
-3,543969239294431	-0,40253919320297293
2,3592992651891094	0,008782714531395563
1,860934410310531	0,17695563708677542
4,223729686338634	1,1893450602704716
-5,59089572069665	1,9024908306338022
-1,0851332203931607	-1,7934200522023378
3,10840233599434	1,2447547729500945
2,278772256664022	0,12907251956380417
1,5012986237977133	0,5337069277346549
4,304415973265864	1,1556446315964417
-4,293757619429291	-1,4420724819729707
-4,026240542218288	-1,0799901841499042
-1,3821288581605091	-1,1303117552822348
-5,732739623759706	0,8767556675964673
-1,19509234191865	-1,077282074499144
-3,534386173388665	-0,4777743610324252
-3,1632274473049087	0,8478919070920038
4,2826431592981535	1,2169704940658816
-5,603587694924699	2,194239757129605
-4,368000547075407	-1,9871517756485138
3,2907371062782502	1,36234174439879
2,5955172163844566	1,1891211093228442
-1,2041378041231456	-1,41883195525102
1,5640825498114916	0,2534564480368683
5,040733934037516	0,12243436291828047
2,905614718322278	1,3146008870652839
4,925254287867328	0,8350831308819544
-6,3304596526893055	1,7354159522155739
4,876188942278839	0,28615852422034566
-3,268905742576581	1,7528309306764815
-6,021890432852971	2,0563515531749923
-6,281379076480711	1,7092081092147722
-3,620933580387525	0,7362045305150704
5,07829405067624	0,5024026925631884
3,1553491002361853	-0,0672217731546455
-3,821598097325177	-0,3887609695515013
-4,42727475931763	-0,94389970298785
4,518587316843768	0,18371561613437026
-3,802940275072538	2,0622482130844952
2,875847473664569	0,08799133070531417
-3,410059543940144	1,8384767802840787
-1,9622457521906602	-0,32237391790079806
1,5827811343630174	0,7199419181031244
-3,4668409142875247	1,860186640608962
-1,2294251195882466	-1,4210170424836956
-4,2584364122288205	0,5126581395685565
-2,9506762670415387	-0,12053989133365195
-1,3611180105322531	-0,8867356167866822
1,5633448087103237	0,8980214780209876
-5,919038046958456	0,8246589365482884
-6,373735871314801	1,2895786881622637
4,067879770195702	0,23551634265399057
-3,4432990842516946	0,8899427900527045
-3,4665527378592054	1,0786830408458115
1,5005598423871236	0,2611984539300113
-4,670513979533093	0,5819755634828845
-1,2078291619181896	-1,363354867105392
-4,837866246222162	2,245893598095487
-3,344661132282524	-0,3896883068717214
-3,7210594845436793	-0,5262151042973939
2,809015234837477	1,148685945621387
-6,1325726578536095	1,5288034576777942
-6,213809557390986	2,0103105729589497
2,39768021915076	0,16058844515979775
-3,827631900487904	0,7190708127802803
-3,377729092726862	1,8028990210795635
1,9464301872143974	0,25690763846653597
-3,3732292866899622	1,7549879847225902
-5,087743336347412	2,42440661013779
4,970696232500029	0,5899041891446455
2,1391355313045097	0,11725040595455749
-2,3957546318050156	-0,32616023985779274
-4,321844322627197	-1,5974180775899356
3,638446177559295	1,1529877971884939
3,2401370621173884	1,194105727501377
-5,6985826588026605	0,8729893314759062
1,6075148717042878	0,37839151099076596
3,5588433516090214	1,3486122941553131
-1,8693961616609682	-0,4715691042628374
-4,241579585231106	-1,0968103438965207
-3,3106079081470527	-0,3500562216903551
-4,472837966087598	-1,4375875521899963
-4,862387409007935	2,3530580964870547
-5,5828923581288485	2,1286762093884795
-1,2584705386087358	-0,9854733988201022
-5,393063309282465	0,6567823639366085
5,083481513341785	0,6774672942363686
2,983712241079852	-0,0991437786933328
-2,925731998856251	1,1532981733483962
-2,8564015269904797	-0,38571561573297886
-4,489800829535597	-1,394683137347346
-5,077449696927173	0,6169116166566827
-1,3616640522765686	-1,2347917741167544
-6,2890508866633095	1,3657052084585304
-5,607878660939578	0,6663594672243924
-4,244989628236192	-0,8747786913660509
-3,253671667584089	1,1500134620207514
4,941374088005232	0,14653576972465693
-2,620643226653888	-0,30049790580044666
-5,102706809614742	2,254533002752785
-4,1336374271479475	0,6334362859592569
4,242510631290937	1,034415992842192
-6,406174888017502	1,6565519206015749
-4,415734722764393	-1,98199604268361
4,1341633024366615	0,09977072209359317
-1,5386886274996054	-0,7583973952271044
2,1220325227596226	1,23486570876882
-6,260668649852213	1,2980452039925343
4,973920888273763	0,4814437814792241
-4,260150209096148	-0,8198987316838213
-2,4138706863674555	-0,27208887157069084
-3,9215559699857323	-0,6235210375028932
1,3876664321947674	0,4904815248829365
-3,245190749526442	1,6996181803330106
1,5399828019434882	0,7692134976658764
4,3115388501115905	-0,10038000871170072
4,532537883506773	0,029768671824511816
3,2154346612705442	1,3922518862222666
-1,6962224096592216	-0,8678300447238922
3,3025085148638014	1,2003245293631417
-3,037090336801518	1,322627578618015
1,5867567198004633	0,4907310851586391
-5,302875189262626	2,215767380486815
3,8786676085560563	0,0004380431981606536
-1,3907058061794575	-0,7961184135432746
-4,068524856746711	2,207858887072379
-3,389079296227495	0,8659511275226195
-4,363031306472566	-1,418991502383639
-3,1943756339625455	1,9009726960859283
5,062724235461464	0,5325864488899655
-5,047493637549817	0,5602188919654669
-1,4383694321533451	-1,107912505732258
-2,257717306332342	-0,6065969734376915
-1,4343433458900674	-0,8627406689663006
-5,065970542714702	0,65668287419309
-4,2490925573483995	0,6583163938426069
-4,241323178173497	-1,5139031728335748
-1,572720397811012	-0,7242076162391848
-3,2275381364908906	1,8191446573117624
-1,8538139031586298	-0,35810069149861623
-6,27869349691913	1,6438212309784581
-2,729825185863814	-0,3059526551052385
-2,0629302606821915	-0,3273378340823232
-3,45078315462753	0,9031570912378363
-3,723458093880346	-0,4716192326909199
-3,7846900802161	0,7744182379409165
1,8324756085248963	1,0446674889950693
-2,959896213103018	1,4879247411424308
5,021966904971749	1,068301340917444
-1,0742556200705642	-1,6564245694488415
-4,872314652649959	0,5405135898992875
-1,5134188528273302	-0,7453146475872876
3,101268395632543	1,1594337214694552
-1,9371898587894394	-0,4080889335179878
4,762991069078981	0,06424868743757661
1,7104793905573386	0,24056491484504583
-3,8101433151995163	-0,9158441473928796
-2,825766136787321	-0,25656617865163844
2,8132531474380347	-0,0787372712396055
-4,220068512904626	-0,8339921697752342
-3,279124285556012	-0,31318318206566076
-2,2323614424631613	-0,07985500487385488
3,2162210903879047	0,011871206480747909
-4,2297111871687845	0,6273740851545806
5,023554610233279	0,6827136698273885
-1,3264101681616567	-1,062005095468213
3,9360130977298575	1,1208915214259032
-4,393479094795515	-1,3156473220280978
-4,091026677933614	2,0717051055827707
-4,473527734471733	0,7075326135187813
-3,9078818364912955	0,7518390386985878
-3,2762309445459836	-0,2816434252229978
-6,331160637954006	1,011802845663524
1,4802085018218483	0,8465702141479619
-6,429092702636927	1,2120261694466263
-5,2092981238089	2,0096604331021184
-3,2791354670395005	-0,24138556643873654
-5,500971035109386	2,087106910364148
-3,2208740394274553	1,6882299096235562
-4,491642561991717	-1,454715179050886
-4,376858802027541	-1,3046682653251773
-5,419577288732949	0,6015796306318055
-4,256245857359721	-1,222876618753908
-3,677945167451979	0,8135655661717734
1,8088713631675213	1,1658224576988305
-1,2434702877640387	-1,2969700026347433
4,782229450605322	0,35015680691294887
-6,300686968917779	1,3157237761747944
3,7886870562349273	0,1217699048590174
-3,793651613009205	-0,5509170929391771
2,041212848752007	-0,0030862628912462498
-3,414104111377974	-0,5629632914105016
-4,517679678175623	-1,8827391893691687
2,260917187357651	1,1348754833788535
-2,233000139867907	-0,2557134386548414
2,996249485755704	1,2666119425589586
-6,0344455734036	0,9038615094689355
-3,2673541887524262	1,3411216362567946
1,679477750542556	0,7647169872223828
-4,073836898223844	2,1914903276203757
-4,041433038984009	-0,6811199205243552
-1,9357586948276115	-0,553263639924777
-3,703524581392691	2,078008023459347
-3,485764960102865	-0,3765292151564421
-3,506378338394165	-0,21702302630251324
-3,2735916190128247	-0,06848838379302435
-3,861297566154022	-0,6059684377048997
-4,286842492704435	-1,1711579686547609
4,153975980263621	1,216762591602759
-4,298111901202276	-0,8053475000718453
-4,227221509475362	0,457522456890863
-3,2387674355321634	1,8528435773709837
-4,300556597907708	0,6528140702243019
4,227441649765197	0,08625090572824412
-3,3864712749587165	-0,4215880235652598
-2,053337573192617	-0,5524148191568787
1,3240723799209895	0,5963596337689613
1,6050870423906272	0,865499102762949
-6,158359324258129	1,878286690410306
-4,5282634316653265	0,9326857080737312
5,085664578285149	0,8870389905654334
-5,774355877128052	0,7685157157336118
-3,311846084803266	1,764327414225924
-6,019180439706585	1,790771691940488
-4,407273550973935	2,1722393256508212
-4,439077914523004	0,6911542407564837
4,864445824894266	0,37227892101038845
2,107078985595828	0,19755672077063824
1,449084837586612	0,5479803129082816
-5,88756257702742	1,0257074550409335
-2,257948154564148	-0,40168004707694305
4,6677349838807265	1,0486009443772146
-1,5406938172485423	-0,8625658342773888
4,837502359604732	0,27692318508436375
5,181896758527403	0,42821490933475437
5,043671457856255	0,8171402956965137
-4,163630456533058	-0,8246529752802785
-4,542992222013515	-1,9017168102252353
-4,647594166951742	0,6540509352522549
3,705804537604464	1,175922425231353
-6,440187643620747	1,7384178861982678
-3,170688425300535	1,3978288092834488
2,471130637944883	1,3163263592828107
2,381974063954605	1,1523983457435474
4,3326350782982	0,16447789215543396
-4,410193796165115	2,092579059389941
3,1033602345723543	0,01457445429321269
-3,415906765350624	1,0345714450862002
-4,510278644236241	-1,804868900514617
-4,586643537046432	0,566387627512303
-4,394605300974955	0,6385833617761992
-1,1134859775069603	-1,6643307172102444
-5,356241874659296	0,5338030208485383
2,0844830609886085	1,3895293935465012
1,5277563785850714	0,4726697845916168
-4,977451456937924	2,2828604619449564
-6,1254766564997905	1,2560274164400484
-4,389824783176872	-1,6327074310112986
5,142447982642712	0,5776426131265854
-6,277365310920565	1,193912947193006
-6,250319335595993	1,1185453470630828
2,637562090678055	1,2325969551894584
-4,9497355912724235	2,0998503792368854
1,5799751580809285	1,092453222068442
4,287981661647689	1,2917562406951961
-4,166596287544751	-0,8537580458730178
-1,0813832460788617	-1,3779554162096086
-6,384379299102241	1,6480546251450199
1,9259925609691386	0,8952472730635965
2,2900311222297702	1,3548865061425497
-1,2436459470300876	-1,8758172323786666
1,481639816835321	0,5300028986869008
-3,3991483369631927	0,9457409575162715
-4,245710397768648	-0,9945587949976918
-1,907938678827426	-0,28751509040168655
-5,403230247060838	2,1527686530504893
-4,1841579241753415	0,7996235690712724
1,639585268406641	0,9950937510285214
-3,5949270274388447	1,0515485938341054
-3,686661455424013	1,9804567415265903
4,629477014947837	0,2516732329331796
3,2989525954724144	-0,06629581930240802
-4,248361668752448	0,413878999405324
-6,216213562016568	1,2320823430742853
2,2452034186395737	1,0860253157767548
-3,9217524023685293	2,0695105575863386
-2,5017764572386176	-0,4630564254210934
-1,210431779122607	-1,1045956535896924
2,592218599928918	0,09694015456422633
-1,1476535271013852	-1,5594660093684085
-3,9754622347580226	0,7481637344830592
-6,235353870575489	1,8152012561989435
-3,935029677382448	2,1691188198195075
1,3719221659645013	0,7563637774635453
-3,110283472718133	1,6225173872316676
-3,00092355455454	1,238285785574865
-6,207960873255003	1,0948627120281686
-3,614104009603574	1,9928668506038867
-5,459761605256393	2,20716940018819
-6,059617908020471	1,0410789441602726
-6,090873477081842	1,324441265549621
-4,16490137298495	-1,3076945206868298
1,7791559971362725	0,19715068617880882
-3,8112586940793243	0,8840778065265807
1,6648875508783856	0,7109322722721331
-1,4564748675801158	-0,8573299494591649
4,57161315991037	0,011699700501535015
4,285399986592942	0,1159877753985682
-6,390015655172075	1,7358157290340241
3,4593813847490638	0,06327805288267851
-5,5710297095432315	2,1659855974027695
-4,8421769945421245	2,248547165027522
-1,2554265308282824	-1,5905894837108518
-4,062941834366457	0,5946556078324182
3,376016506287257	1,1600723652878946
3,1227097178778123	1,2146442450121295
-6,392566729811241	1,631206706437537
-5,241493617736062	0,5445397419337348
2,419439495032827	1,2002481719540317
1,7532172024382242	0,9436978275805614
-3,4044808534869735	1,779296969484215
-3,486203275672804	-0,5062373297130196
-1,6022579331813156	-0,9558797805590229
-3,098921808443215	1,9067498045465339
-4,1646652725653865	2,447759428690472
-3,016946085276828	1,6340996950665785
2,792165246492491	-0,10009487281577067
-6,056602268396567	1,7644361652610403
-4,766049124493695	2,2930611560282794
-3,221439289704879	-0,19524921142002483
-6,30076469846067	1,6515390247570678
-4,561600906551541	-1,606461127344649
-3,6169677265200315	-0,6365628464229505
-3,440918244089833	-0,313637978837618
-3,0009194133628285	1,4481140945672062
1,7390012447298762	0,798337145422398
5,029963292384409	0,7362328877779762
-6,177055588621036	0,9727594455870292
-4,335323180221988	2,238007776566229
-3,068828711375547	1,6900320000830233
-1,478055494218519	-1,0441115389712405
4,561715218183474	0,240346708786349
-2,9272030927206893	-0,13056474360951253
-1,1081049678843213	-1,9192093676597415
-4,612100217078302	0,5757575887642978
-5,5197753706482375	0,641108943912617
-4,380666398628835	-1,338623696339467
4,856227205045621	0,9939717950920004
-4,437000890676255	0,5648714274550011
2,988955142672138	1,1943756484293666
-6,3036653584226645	1,6128771609499741
-6,347376419750749	0,9771688443377959
-4,201630956919131	2,272174311416542
-4,1521919830176754	-0,5926280912820874
2,5642689136225414	1,2472549635179384
5,160103738593614	0,805101870166997
4,860794042210538	0,8398641606592749
-4,597096186841281	0,637391047481837
-1,9191565558803965	-0,4486560939012738
-1,5469229722262992	-0,7226142551697983
3,664048989723577	1,1731685163979546
-6,163955621882909	1,6351995740049836
-2,68530972332756	-0,3694191745048443
-6,298240122204076	1,1577072155303751
-6,224204993399601	1,7918137445853526
3,385664818471888	0,13119186512240322
-4,493702420791438	-1,8631007872655265
-1,1325447916126368	-1,7906017429056904
-6,009767003997963	1,0766339542634134
-4,082981884697292	1,9623200669507392
-4,359410967841605	-1,6030413153346106
-1,916412466595943	-0,5369100417205637
3,1220565486873078	1,2899544740537716
-1,0615778167993737	-1,5791012373085767
2,83580317158327	-0,10432001689403303
-4,263502773650883	2,207410247365643
-1,4549125723127814	-1,0153684550364417
4,227331129306323	1,10881297613548
-2,1902590342230996	-0,4965974544691214
-6,270757569016541	1,173625643170252
-4,444872219989984	-1,1715035213889577
2,6520500420423065	-0,04421133364470786
-4,4921967854953335	0,4905986072495573
-6,0747985275520815	0,9383639444928231
-2,1812425515629315	-0,5205815681445569
-3,17481084108936	1,9673492801986145
-5,501343268984882	0,5364702164217585
5,1814515489331185	0,5688180731560234
-3,451766727911214	1,857368270892895
-4,000295836871613	-0,5957157530643611
-5,919266032555451	0,9474558543641293
-5,798615962470865	2,1408792241247245
-4,479286148249271	-1,7209384525844489
-2,4857973452663544	-0,2613267556296155
4,9482956423485405	0,5998028858891302
4,143066368312107	0,13991081296982538
-6,109558546172552	1,0796566061552837
2,5175793076801436	1,2539279827484076
-1,3104411470712665	-1,396337203698941
4,979445833931211	0,47956530784634555
-1,1978157453692544	-1,4372353505706235
-1,999056738993628	-0,3468123784991872
-5,568690530272691	2,1333717843682845
4,943311626521176	0,3110945998040595
-1,513713974445169	-0,8377340993925464
-3,3596578589351327	-0,3740772348566166
-1,5941569847815251	-0,8891571228586053
2,3232753377104856	1,2934495895789222
-1,2539490767579078	-1,982401549496552
-4,129423582981377	2,215121141986318
-2,802789916039921	-0,23311467968143917
-1,8947920832300031	-0,5245117296955246
-1,8531216438004405	-0,6818179797674793
2,736844208740165	1,2537105329864842
1,662183725621224	0,6473417666514396
-3,132884585952838	1,7907752724309312
2,3987643263771767	1,263556242218626
3,7110009712302463	1,2567777450601234
3,6723286553303907	1,3103322951212402
-4,841150875155581	2,259892604821625
1,6816275273382124	0,755941820328033
3,5150907205473834	0,10194752976159949
-3,8901071160412837	1,9227123379916244
-1,2139900000535762	-1,4697380590804787
-4,947929275200132	0,5389319469544039
4,842816939692214	1,0514160150489862
1,8703283389960808	0,7586908971449104
-4,587224012022292	2,1415532948579683
-4,29921215950517	-0,8201750038561344
-4,00002597001098	0,5536809866455166
1,6404373864681183	0,3667935210043379
-3,597527400634574	2,2236514755960135
4,232902711854671	1,2051473139779962
4,758570723427393	1,0668634188496564
-2,614667531374659	-0,036285572724562565
-1,2943078154741634	-1,4022917157686723
-3,8344998726681063	-0,5021196314854857
-5,965578059408791	2,072856443540057
5,07273267117756	0,35201498017738453
-4,565055362820365	-1,8780686672138496
-3,096824258342129	1,2100590155329773
-3,416078859710824	2,173633171962191
4,964207121700918	0,7914051009228732
-3,860610786574865	0,573364830051791
2,6699916819577942	1,276764721711766
-4,837541343555271	0,4516624571760972
-5,22231827602845	0,665825942004919
-1,1779464414644194	-1,7013175121857196
-4,445306957424782	2,368089669426699
3,318084166516023	1,226345012109451
-1,0820563787320225	-1,7165353189794426
-3,277159466553969	1,864272861765292
1,6509661129976694	0,4905199280016644
-1,633075788894691	-0,6288490053403883
-1,2380494063762102	-1,0611881776426328
-4,451257286376261	2,1893758464927675
-4,197681095248324	-0,8636629173257175
-4,458708698278704	-1,3780819413217178
-3,0969027337056634	-0,2016513520231662
-3,0996023008619042	-0,24187587403673172
4,845230398164357	0,9783593703779689
-5,341347726857042	2,2967434940437235
2,096747032111053	1,0585186059801823
-0,953721233044484	-1,7301582582340798
-1,9015360185440258	-0,38371053776104236
-4,305038456546086	2,0661370460853634
1,576864562497423	0,4309484849890308
-3,498594937891898	0,8273973534403568
-4,380491414067285	-1,4400628716903032
-5,579487165959321	2,083039500408135
-3,206393050601317	-0,3672210603915773
-1,587930166642115	-0,8427171436314773
-2,1174246357758815	-0,49546034729128463
1,3777739348646163	0,49839518265078325
1,4572491913984928	0,8501936320626068
-6,314492204646794	1,4854670109663448
1,5663662024074985	0,8949392749793144
4,600029759385676	0,9532940823819938
-1,515335911800731	-1,088256491063569
-4,439130584088894	-1,9586176092042182
-1,6937561995300614	-0,7826131789809689
4,985715693461554	0,2929486018060621
-3,1030686505206395	-0,21468972725275504
-3,65835091295438	2,1052687674255552
-1,7065356098923468	-0,5921636509508381
-4,130019601627197	-0,9800022320705282
-6,075499832730804	1,1407700782507777
-5,105393657973016	2,115430345013036
-3,1717104116642814	1,6437840118213765
-4,427745887460895	2,2179940902358295
-6,203291134400162	1,469623307121629
-4,17731312598107	-1,246315188608055
-2,148557002940614	-0,38863592768534905
-6,380921732423675	1,1461868989729522
4,7025872211347615	0,12401098231112151
-1,4567373133936092	-1,1385936613672714
4,361660713615628	1,2891771038020463
-6,2624666132203455	0,9626304889880198
-2,017822116343546	-0,5334510259821632
5,045885447998099	0,6849737479683752
4,763253950444787	0,17492691069993144
1,474134724139398	0,5335868669254349
-4,76438952239183	2,0211748693448817
5,030761026544843	0,6160918462507964
4,200546814457964	0,21008987872520923
-3,0754123344872104	1,4958917986263809
-1,8604376165393242	-0,5052376255862365
-3,1060355243032545	1,1996636018191424
2,7161516940896475	1,1051966309335235
-1,7556450685070888	-0,7208830326852613
-4,549570355863217	0,646639700267185
3,2925255573524996	0,06595690962935508
-3,057724158609417	1,2011868983767129
-3,602135983427214	-0,5287324379254252
-4,504111955836477	-1,498260507011198
-4,199303128678802	-0,8673610985126077
2,93675697001081	0,09066439231126688
-4,769096615486638	2,3082645473973975
1,4929746211203783	0,5471486570526711
2,142193488748022	1,3231963356259646
2,4393115831328784	1,1663777907567112
5,069988747298592	0,41757354262872515
2,8940229888738243	0,22050054927126989
-1,2661683340163676	-1,5710939426309334
3,4547790771593645	1,2562194664492448
4,766606918736268	0,9757112927790608
-3,9399022778605888	2,2532546781026346
-4,178356326816209	-0,7223508827041123
1,589087868887169	0,8249771660806925
-4,139477573985586	-0,8545481804597754
-3,9915284411217655	-0,8711127454243397
-5,494699549979357	0,660788322748056
-4,512330629896663	-1,3473341992744348
4,88919689442085	1,0613078287665365
-3,01787496580113	1,530985560632629
-3,420801678691275	0,7472503478730005
3,396702181992551	-0,02149603560702229
-1,2647873947487722	-1,2801616555237014
3,752130769113366	-0,09978319380586986
-3,3436447785270653	1,7976956595704625
-5,3707187810144426	0,7633645674761242
1,676245881081318	0,9569808010419837
5,179598004829196	0,6312230292994151
-6,232651113208657	1,6764284556838462
-5,396733363808862	0,7291602477242975
-1,4785549754292548	-1,5059625895301378
5,118533929283759	0,8300067044460079
5,035091498509669	0,9158991043029716
4,879843880796703	0,34888964220412444
-4,198715543517685	-0,8113190144291
4,8108014649495665	0,8541322725086107
-3,2093910832736956	-0,42182520799088397
1,5912818368614687	0,47286683546417163
1,7025917098026588	0,39596227717047866
-5,767344750466662	0,8272209755683978
-6,026621644759643	1,976789330042605
-1,805224796878618	-0,5492723764152936
-6,046980369391875	1,0718093737789431
-3,1593195385184365	1,0433824600785355
-2,5822367574980047	-0,2699655370959959
3,057298789426291	0,034799556599991455
-3,9812664452477655	-0,8880714946775996
3,10999771667002	1,2470684917807389
-3,5027067123027713	1,8935503622560799
3,0577892519512258	1,2863353419555639
-6,193453343527728	1,4306774518820715
-4,818373690937707	0,6004648383506405
-1,148701369555656	-1,4331542719136563
5,040684909131013	0,876648966394467
5,005730960873692	0,9071173919921772
-4,112234773260871	-0,9029780434922607
-2,4110692856894405	-0,14052702103249626
-3,5170525974283278	0,8278532579345681
-4,049767552353137	-0,8355087598387068
1,5166482643235513	0,721679823810513
-4,673835610727901	-1,5941847989261384
-3,8210305899852806	1,9674283101756522
-4,397608315331087	-1,3012086924713078
-3,569197533154211	0,8141397470504587
-4,514316581741263	-1,589767015155997
4,028919019780565	0,10929837168285061
-6,036501465940009	1,9478159187108832
4,858371154215507	1,0703288166271752
4,517874243469123	0,08681589232586817
-5,3092542732091275	2,2303236917520293
4,106946736235201	1,0602754730776578
3,382844028029349	1,2053924066966406
-3,19552278261002	1,8111463079891272
-4,416697342993909	-1,0426784005841734
-4,409322821757083	2,2013484142397695
-6,150520757817392	1,0969035513856922
-3,3976595955592472	1,7915528337463222
5,103096604165993	0,5803386719048528
1,3998582854870443	0,4981628294365621
-1,3620443493454912	-1,3013157944342388
5,088901760617993	0,7716678146853637
-1,678734161535889	-0,7477384691296083
-2,0882918338781047	-0,5002512384096771
1,6107397505336156	1,0166832197259303
-4,066358908443538	-0,795035926835651
4,898904963252047	0,974280494809161
4,97742225194395	0,7102832354945221
-6,312220729649942	1,9342253967459704
3,0317742666359386	0,18467790621615032
-5,526611427871501	0,6630078083274505
-2,422579019250363	-0,2936708027386059
-4,541669192441365	2,26969637738061
-6,445606981302893	1,258472675213287
2,8168259016326163	-0,04116593097606058
-5,551009858803287	2,165853908000223
-4,089916964005516	-1,0479160805496701
-3,2604092782030083	-0,26862417562644314
3,886059187445107	0,20861930639255033
-3,7233744947714147	2,1119413389350887
1,6797765997967	0,7287950450272671
2,967879392124436	0,035617445775005696
2,326888671776845	1,2016155250902223
3,775843106101407	1,1667666597246353
-3,4911433104792766	1,0530270558439452
1,444262090778589	0,6957348406118133
1,7261664184314078	0,38083131238032236
-6,271265049230564	1,8075943769793308
2,501863008513472	1,2976854961509097
-1,7293836689637554	-0,5556232413890285
-2,6212752138813467	-0,09808632986389942
-4,283926938928716	-0,9242322615565373
-3,9902500052679715	0,6423537088752203
-1,5390130210625088	-0,6416765983689245
4,42969030612686	1,1087170492080456
4,219234640078217	0,16109632743944452
-4,781922730558314	0,5643758749681151
2,452812052814931	1,192608789470901
4,484294792168026	1,1687926387743053
-2,8042485411490055	-0,36571325546721156
-6,416484573228248	1,7722557029295705
-5,470891387478001	0,8030192931397977
-4,369611024279337	-1,4652161754586794
5,137650252358423	0,5473728525633612
-3,276079034539027	1,8235537856232913
1,9829244436962494	1,1622023064963978
-3,0847080886040787	1,3290047734107089
-4,597691192384078	-1,7732843352156027
1,5411001191534843	0,7950067823996652
1,9492269491705454	0,16422149888611193
-4,306268007554664	-1,1827785300763332
-3,6553961420030285	-0,47621241536301806
4,961409377203251	0,9361189039389083
1,4781711545468335	0,9521731346243748
2,957981977942802	1,25452791812615
-3,607308972309605	0,8602965958840547
-3,9059159868371216	0,7050854611165442
-5,486736908429549	0,7923550257843665
-5,466455533736088	2,2054843859470896
3,8339561640923323	-0,012893230625587004
-1,5947409223525115	-0,9909956731216645
-1,8332381926784231	-0,7566733957829712
1,7808158619216061	1,0585956152112987
3,0373794727152887	-0,19091162378457416
-2,576077003590031	-0,16377887011120418
2,6994040232677388	1,2829464350281845
-3,1777917376159244	1,5762271591336674
-5,229020732285635	0,6492325512063605
-1,2790533869418133	-1,2564109888772217
-5,214308326276713	0,693958583596922
-4,183888241216783	-0,7973737911981398
-3,0727616611071547	-0,359362430877765
-3,9518851850393353	2,308715606420101
-6,076645233606976	1,7154965102541384
-4,439796369823132	-1,3365952732411
-3,6996764720182203	0,576655130172796
-3,830863052631986	-0,38218853805437036
-2,706993734133596	-0,40392626574345014
1,4951948545655336	0,6848276222721983
-5,713610046294741	1,9633120318122614
3,3583804600898226	-0,0393390022290665
-1,273983172531522	-1,641229151455009
-3,275213593985322	-0,49227760041781266
-2,0202336004106485	-0,44922723877026116
-1,7328921703698028	-0,5806898924821855
-3,9003250224177703	2,2679948951986706
-5,120854833192363	2,356653763027948
-1,0923408292669738	-1,4809266598034336
-4,769046647719188	0,6073724370276444
-5,2079233188045775	0,4122131904376838
3,387914180945994	0,10967171755044292
-6,250443291474345	1,1300136740937896
2,9390295146564878	1,3920820173081603
-5,48346186742522	2,251776214688628
1,9967305265131001	0,10550181593438579
4,373276463999911	0,2259107992605347
-1,9240861311633468	-0,431921308699746
-6,110319080463585	1,9442763334966302
-5,330369835655034	0,7502113880811465
1,8001341058248714	0,16645140162750477
-5,550384485152071	0,6660074973878464
-2,7347990864186977	-0,34780355013179176
-3,408200023972869	1,9881662068548338
4,303468845962644	1,3108937373659177
-4,852581246104422	2,220627477004866
4,69594418985902	0,23646561630031232
1,7250056206097286	0,8758175428328128
-5,302726753284113	2,057179030130916
-3,537684614917703	0,962213051363823
-5,448472708944426	2,1939672488329967
-4,274490688226614	-0,8203470171768794
-3,099130072656123	-0,4443428127664477
3,5685422553836506	1,219482393820047
2,1226429532537354	0,16388145210938526
-2,654920657200181	-0,3984018057458514
-2,329171686139592	-0,19599512927458607
-3,3092751245669882	0,9847750298086346
1,5569383855507775	0,5907123684452336
-4,695425563053853	0,5720860085441132
-3,4268259226622675	1,9704677835354336
1,9152556354229116	0,28494830206168925
2,703094130801211	0,07147854353697991
3,929721426258757	0,20574964053187728
4,576422751720903	1,0333241967097808
-3,51736634741264	-0,5371940773490667
1,6545684195342631	0,2244582802743726
1,3383189962621749	0,6212790620250225
2,052990546590107	0,05177912798673534
-1,9549753011775637	-0,5589746300143834
-3,619073252756473	-0,2993408252601337
-3,123550627414204	1,3293960439740942
-3,1716947863509297	-0,343422317662609
-1,2457096137120205	-1,0174126285200342
-4,362020440476089	0,6207981531957639
4,844156103325537	0,8506728266802797
-2,2520745202144683	-0,25040030996986906
-4,098987592046472	-0,9733429036637053
-3,640136699685041	-0,48571940603991126
-3,636666932132848	2,02373935974798
-6,385252168079225	1,400656349483366
-3,7155785355400486	-0,5495439033351095
-4,311059460966635	-1,0157857321560049
1,9844366630420769	0,09549813129280726
4,942822379908302	0,828368727740314
-6,194060542297813	1,2690269884150642
-4,466618525689959	0,706405355844951
-4,462807736675232	-1,704153261633944
5,133157629180609	0,5144982834339861
-3,847499770695127	-0,7668152616399797
-2,892431607829579	-0,4819029860451083
-5,4293039725727965	2,1231483974388867
1,9141670226370864	0,3449012546577831
5,044268079286457	0,7679187521631992
-5,830331534084392	0,8646590009637045
2,8260045456893974	0,17468612671285166
-3,930715410086453	-0,541819142799288
-3,9100651825689283	-0,5111032346323541
5,05195307462942	0,9430093838322835
-3,573994647459418	1,7613410299863057
-6,072412061997742	0,9128586311710051
-2,8578282547732043	-0,3567419371052938
-5,12386220590726	0,7577498381754982
-5,414286435359108	0,691206418788037
-4,447364685764931	-1,4917310773493064
-2,559375170390486	-0,25231977777518333
-3,218605641449262	1,3946778235111748
-1,1308178944881206	-1,3965216290780686
3,949667864721646	1,2850680859402237
-3,8654778012696633	0,6510309229469955
-3,3339973195864845	-0,4684101169212518
-1,3953582088738044	-1,0801501765111483
-2,5474441701038177	-0,30094102444287474
-2,6439338867769635	-0,17984619111091948
3,4423071188246324	0,03543167468400321
-6,193661117367893	0,8841844893254522
2,03121755362558	1,189168345972798
4,453410120865843	0,05654399074374272
1,842012653882995	0,40325956170724464
3,4395070527136022	1,2278629842670095
-4,526051341348966	2,320467729351101
-2,722676970043653	-0,4871787829815648
-3,891791091504742	-0,699391765084626
2,8906072593882093	0,10749466248866713
-6,116033047665426	1,0793263002960387
-1,50557474351376	-1,1005530692577081
-5,881825143269075	1,742137465279116
-3,8242299485579707	0,7277550907495561
-5,537263625605854	2,288113274092865
-1,3469514344805598	-1,1151274729160598
1,4942139531768401	0,8754818098055501
2,6310504828673413	1,2108134507657229
-5,090124031157666	0,762385947983158
-4,415861707984836	-1,3329096709075192
-3,1337964067850677	1,871641396065022
5,04562193823402	0,8025879375987824
-1,145875220356482	-1,8448377370699383
3,7784659682023465	1,4584353232568297
1,575228393044849	0,738993723767386
1,836870718179319	1,1130328530940372
3,0612972019509597	1,3778103862775617
4,734592667980538	0,8915475503698587
2,387912833870769	-0,010597438356896305
-3,0667303460415454	-0,23675753748570272
-4,278103964805916	0,6233204448272377
-1,0893663159414495	-1,4635715585137687
1,8773477458442647	0,24468224548691425
-3,502728519304581	2,084701282388223
-4,014092316806575	-0,8431587564385294
-6,264680652915743	1,641052638124775
5,150639467996376	0,6284120570995623
-4,5161515695519965	2,0784912916834823
-4,503237124795245	-1,7637057552362643
2,783536734175025	1,2890217267225705
3,5282698455180768	-0,0753761232198017
3,1354924786492857	1,1964325884755782
-5,434155048370646	0,6088273228996817
2,3457463424173963	0,04404792211424502
-2,650635528740958	-0,3466346760726018
-3,207228488732226	1,0854285200100688
-4,536595240423288	0,7718477585159922
3,0664306711301363	-0,05815450062151717
4,099887602905581	0,07638880951894966
-6,153723928904964	1,64803890371935
-3,072891166796535	1,417518726108094
-3,6329915926141036	0,7642635915756302
5,247644234987848	0,6895357667485007
-3,602853561036614	0,7297751008488346
1,4708147963936338	0,7004522884525344
4,144257338376776	1,2799681341145104
-0,8806281293492764	-1,7717314499937247
-4,431877917426216	-2,0984843374168833
1,4108143069007957	0,8180960303419607
-3,152697098013167	1,6235357855950887
-4,429027175110923	2,227021476764996
-5,504254901197055	2,2038371673675834
-5,094560490304735	0,587989942051754
2,6801287013703083	0,03793303551994587
-4,206080410340013	-0,8882763599172094
3,3734965866215787	1,0991562867251858
-3,783441294397135	-0,5209488057004286
1,9344663811634883	1,0650499557677249
-6,292637466893391	1,811816597531148
-1,619036503772304	-0,8780167723351016
-3,3441733746130367	0,9967789191471881
-1,4772359483539335	-1,0185695574861402
-4,066198132688585	-0,826984873723104
2,607333306288658	0,1268167511631454
-6,287896812867993	1,828870532619969
-2,6857945482496275	-0,45862182447555266
5,013039080362133	1,0436666650267765
-3,5849471210606887	0,7034676576539549
-4,735693692934856	2,2844271879670583
-1,3040388302117594	-1,268491051672544
4,92043292744869	0,7939990739295355
1,4786658429099782	0,8108582318390923
-6,291880774609142	1,796882010825805
-4,523231665373341	-1,4669721677308836
-6,087142792216897	0,9136421981081576
-4,1848210075627	-1,0330073094641745
4,723701567752103	0,9804620844969161
-5,535792541615928	2,2039613679637924
-6,256497138106559	1,1134744113900124
3,6996624104466997	-0,026006261851834855
-5,841348378066385	2,0248342578319836
-5,114042813763566	0,7583706237618203
-4,4484265820125355	-1,4995860082423158
1,6864766477789959	0,8559047280910698
-4,951613276924101	2,351893465971344
-2,9704085188786697	1,533141165250529
-1,375184955952605	-1,2019271233214515
1,5622792878064244	0,6772731817667083
-5,849807968845439	1,069716382927069
5,08044856699676	0,5228490357615305
-6,2167358821171845	1,7397560481039622
-3,304182741364873	1,9235477425750565
-2,9735473062699156	-0,2486230885837677
4,214380442246762	0,12130707494962678
-5,118412360040207	0,6662389903742043
-3,710865899723819	0,8920505437213149
-6,2154247878971685	1,8493645755460681
2,501909853953267	0,1858631604652209
1,9413862998456706	0,9407250861810358
-4,040366305795051	0,6472352016603965
-5,386970566631422	2,3748117160838214
-3,9211130810439982	0,7690027386303598
4,775671372443539	0,838097655602905
-5,796661638878679	1,935209642045399
-1,089488591990356	-1,7843335221555403
3,683332558441668	1,2472532120656448
-1,6810120367104575	-0,7927509089858336
-1,041737518303383	-1,6009408557481515
-4,435987199751913	-1,337303121607889
2,9722497084241097	0,01792525089821506
-2,528975079767467	-0,18252209186753054
-2,423521910466209	-0,4734419435292305
-4,1508402948403775	2,0550863814921208
-3,536570077020758	2,0080566008348346
-4,005371474939433	0,8564410763626658
-4,396921106045321	-1,9175537983009425
-3,0977198704562396	-0,3547470387972087
-1,155194713593528	-1,9690166366395008
-3,890079914855805	0,6485308226361323
4,1236393876721245	1,0105837959430977
3,2223008016519104	0,055857687512360865
-4,2489655060524	1,9635620131649727
-4,155332869543428	-0,9107357834653864
-2,2692937293419084	-0,3894876391733899
1,65392630547454	0,36147305222743686
-3,4506760536898633	1,7888005097843447
-3,712896014794798	2,2288333409055303
-4,176492601722804	-1,1767287712715029
2,315755165360716	1,073202644547739
-3,0795508615059632	-0,3630108874659028
3,41730032055092	-0,16097685441573417
-4,176766844806975	-1,098674094972302
3,6071889707495934	1,3285867000524338
3,9790057785174264	-0,167247520530303
3,3260630215869376	1,2425187621626697
2,0407997075071207	0,1395292225932832
-4,285528240255722	2,2440194450792537
1,5007484204646915	0,37604817719991296
-4,273676240431997	-1,4322623063059345
-2,4336158965958985	-0,35180229520726436
2,3011158551886206	1,010437400725782
-6,3572096981345805	1,4754079090922168
-4,144266848078322	-1,1539223594084949
4,170732161704938	1,0869857472718207
-6,2770962315688505	1,5909832574741543
-2,1627921159287693	-0,4196155729003064
1,7338124848642917	1,046235057020148
-3,0189345479290135	1,658967063824845
-2,631346298430207	-0,25518360164721954
-4,063381278492072	0,7478107041855688
2,7825101957234804	1,137061293707479
-2,3854553224574677	-0,4034991979019311
-4,492787547264925	-1,8465781781787385
-3,529129913954904	-0,3588028338971916
-1,1583971171446625	-1,6678373127666377
-4,170173733400425	-0,7822222622708896
-4,086160960181617	2,286419106598518
-1,1276142450998607	-1,1592619961848007
-4,457414959447584	-1,7328053107739567
-3,305760980311046	1,0374482123067303
1,9252030249461598	1,0393226737765011
-1,1597046457442397	-1,9548060757678083
-2,097214202922511	-0,31312079235899826
-2,7709837648635007	-0,13684931711369597
-4,859513482280161	2,1207381787978146
3,8741039620908024	-0,07667319950245277
-2,3259394343292863	-0,5695933793892831
-2,572922288341456	-0,16751730030533873
-5,839904948923112	2,097777443237127
-2,4444810672453925	-0,26425174531525686
-4,691040116572351	-1,8648680643268607
-3,641301622799639	-0,7179315589787165
-3,788480405809673	0,7771510652460902
4,71285274316345	0,3647033099616719
-4,022320891079325	-0,6908348690732098
-2,557762912507218	-0,3194313262535289
4,6745488152844485	1,188009484231424
-6,217860544991088	1,6455245163093517
-3,3484645461132505	2,157385737684811
4,565675469017597	0,40210647749187206
3,05142600430316	0,04291709148379319
-3,8837392772793127	2,1423459086489673
-4,407218630318454	-1,7486154107026253
-3,329208115101869	1,2214620858977068
2,264389558155605	0,02275436552758847
4,9497312815517125	0,8501265340747535
-3,9485738326899593	2,1059138147628467
4,438001024961528	0,14879622499001605
-1,3188175823797499	-0,9472627114266288
-5,9922639837598215	1,2086105749565175
1,532838236154148	0,7062490369241243
1,6558020387392869	0,9661007311006288
4,915519487479278	0,549219001277809
-1,2488552976411034	-1,4834280836690072
2,021519413401734	0,193502837738532
1,8150854891999013	0,34082835770141406
-5,385588757337437	0,6872188584786431
-5,598022702746137	0,5800505053390536
-1,8429451141976982	-0,6915635089717105
4,202463712288036	0,06887019737726086
4,4927860235898756	1,0460439513073747
5,100978026792301	0,5667347844957856
-6,290654475716365	1,3192015916549942
-3,1510813606700845	-0,331825981103395
-6,019100417577252	1,7417047915104449
2,228559467195349	1,0737268811680565
-5,954925104599499	0,7787055772508374
-6,34084222291485	1,4098591555465487
-4,833791693120614	0,5444336213068768
-2,8624122381150294	-0,09877658041920911
4,800604857759961	0,1322502867931562
-3,5669499355550176	2,0243777562777514
-3,815648806581626	-0,7319888728796826
3,472315941275635	-0,07423201951209457
-4,577846021310999	-1,7600726753528324
-6,184786480430908	1,8221744064707308
-3,990903059198077	2,196466776015769
3,9334048469323486	1,1694616132227025
-4,540336819074207	-1,4429507958093062
-5,447044462167159	0,7922212640909837
1,8796613689393429	0,8797936814073058
-3,538822862827586	2,2373793904683232
-2,7628146206408357	-0,15210595352387868
1,8102007407123661	0,33401809979080627
-4,066998976027036	-0,6633852360074795
-1,2765027529407185	-1,5409651583813466
-3,041225352888074	1,3749782065598501
-6,377272098845053	1,383524096077338
2,4114650261831003	1,2868539852826442
-5,377153102932384	0,7348454147780019
-3,410252860822661	0,9356644126071112
4,554051919396492	1,177539426819402
2,952837330881265	1,244662031031948
1,5401878322844522	0,8753012265860407
-4,650164427250838	0,5371958993385422
-3,485808408422999	0,8740115677697653
-5,080443728506404	2,0579358995966146
-3,9270950154653046	0,7238722935622173
3,1231920100912354	0,10387833614520925
-2,8507933972655883	-0,34633213647669736
3,4092771829890274	1,2811314511655645
-2,80253690593083	-0,3762619723669758
-1,8052888033671255	-0,40713423993948306
5,0292474302600985	0,614069696977256
2,1013716909500397	0,0034144212842390775
-2,387407977271022	-0,2862510132956717
1,6080531242055203	0,8071091562891008
3,9357411498156276	0,12787968961051827
4,523038591419298	0,18650302025186843
-1,3922481411362608	-1,034678202716537
-2,813222427520827	-0,27690228443160136
5,220376517884925	0,9056525815934868
-1,2421303603014104	-1,8923240259050964
2,9901936247694887	1,1866830219348548
-3,744358384642279	0,762093747778287
-4,741255903218017	0,5577304202636796
-5,7400741219576155	1,938441692443416
-1,8299943575938467	-0,4439183813260341
-1,9374937804642163	-0,43864611319417146
-1,484037578019364	-0,6927644778966979
1,492715605281261	0,6315210495587036
-3,5664536471290917	-0,5548791070593595
2,499943397781913	1,034740220842003
-1,7730949933504678	-0,5173126866439672
-3,18547398097862	1,068737173556935
2,281372651582596	1,1327696037834984
-4,439733122263081	2,334551150700853
4,097454604668694	-0,00593671581853783
-4,847732668286017	2,222276094222764
4,493798271428287	0,0990465829760494
-2,3348965469488574	-0,31510859773757405
3,7151834808278306	0,04269044942748934
-6,59873277084561	1,4098476786510643
-2,4721523133147674	-0,322376592786936
1,976141866820548	0,16421832846978962
-1,2952375698164034	-1,7289183827178114
-5,636703883733575	1,9886990738560986
-6,390185822922855	1,4088744305713623
-1,1937425622617501	-1,5555970050829422
3,166621074990479	-0,13321135159147168
-1,9638844153786565	-0,5428604118021589
-6,188322894616915	1,0097172712827198
4,085012523751555	1,3442081694443537
5,055373529509028	0,41156902059685874
1,8489986704653663	0,18772670944681075
1,5663050023431755	0,35297332359871475
-4,303924627180974	0,5099594189287242
2,4932984765834965	0,09346489054746121
3,7732957384608827	1,1574673095154675
-4,607755774356753	2,2077190159825966
-1,898440567387269	-0,6743745250984507
4,254556737244634	1,013581178486055
-3,5148461691796156	-0,13387050987449278
-3,907853214200326	-0,6061038944918353
-1,3658975041585872	-1,4759513557607575
-2,5449879715178954	-0,24553872777810404
4,807667717856745	0,27413874932424653
1,6689814552029072	0,59988576857955
-4,475465649573608	-1,6669352477009025
-6,507369637917878	1,2869849116964076
-1,3356568268717326	-1,3865458146432936
2,1513145468503	0,15606200453705588
3,3265800576520106	0,08971327941927754
-1,2218202474740805	-1,6494835134054364
-3,680520118855216	-0,49920539347512727
5,0267865269773075	0,4450132351927053
2,8508965020643657	1,1787738376420587
-1,215209799530487	-1,4266374122659014
-4,03967734859124	-0,7127601022192882
-3,903934073063529	1,9668901800320682
-3,2575146814009974	-0,2735427132803965
-6,17608393669735	1,7682756929691492
2,885900477462494	1,1356325844962583
-5,401761440022481	2,2221413672397143
-4,964557838703406	2,195202750843651
-3,074881163422864	-0,054506282418002705
-5,218419064241984	0,5862612597209205
5,156661523141729	0,5601746368858598
4,2421311529911	0,1358716073811398
2,3783597141724804	-0,08940068590861017
4,739738309609035	0,20914666882896404
2,564103575037587	1,170117996167471
-4,181494185294824	0,35221074392213625
-1,6230127456872503	-0,6571500457614674
-6,181867490680763	1,9670565119920003
-4,881195184823019	0,8815710813034128
-5,434999082973323	0,7097639550577505
3,1901572642782487	1,2421694840941164
-3,2448308445091185	1,435310003490074
1,639954716425114	0,6178250611013386
4,973730440437221	0,2750096074602303
-3,8917655514712273	0,5851130194701522
-3,1540901969697694	1,3764535708734584
-5,715095037077541	2,1589059001291737
-4,521078829901167	-1,4626621218999827
-1,1063360067920422	-1,7265113908428251
-6,0589629920490395	1,832817627109567
-4,863261725426649	0,5022465134162177
-4,905264635683602	2,206676450004469
-2,7384910442410675	-0,3866578580558071
-2,533344988191417	-0,23368784681781896
-4,363629378521381	-1,33165884279614
-1,6706529453651469	-0,6428725008445779
4,17782712268687	1,3435434661101817
2,066380773603882	1,1492424311075828
-2,035788562445316	-0,5833403862265594
2,0139944551176354	0,8672064995261989
-0,9887446093971992	-1,7373941855230988
-6,1653487963014575	0,9047033593717795
-6,2640621000621834	1,6604178137263066
-5,396118831258872	2,116986385023459
-3,3571443793089837	-0,41783044548245574
-5,003985807722647	2,18708030794846
-5,789164550215234	2,0451234792174375
-3,2601609274628	1,9079868810550562
-3,177112742496885	1,0681291903769266
-1,0308975045663304	-1,4791339642021213
-3,555120140345608	-0,3212694025788312
-5,894252657449616	1,8574549587162281
-4,598091265205998	-1,7615454787436393
-3,038836272554894	1,7692131499589123
-4,003090723377602	-0,79670262429269
3,033738138619732	-0,09527154892173062
-6,2119517077923865	1,0604104761652193
-2,975074912199366	1,4278297781542966
-5,171624046806727	0,6719040020202798
1,948378573996525	0,32462962216373953
4,4274437245715195	0,1770179773360261
-3,802179587917669	-0,5019697172050939
4,769135500476952	1,0211415887179403
-1,5683684029890803	-0,5733771816090509
1,5556050446473866	0,1913320152456447
3,9417191390032933	1,182660771484373
-3,2981431839606326	1,1729660650944573
2,8787947633306565	-0,10745735833239145
-4,348288228336065	-1,7010612659423963
-1,865472223744099	-0,6306040968753841
5,044112212374254	1,0610831825541176
-4,60685960127668	-1,387846221803181
-3,5874254988901138	-0,45559264739078253
-3,8610982638414715	-0,6440992124314369
-1,0180910202703406	-1,7140150888774754
-4,049098858203337	-1,1861345929217417
-3,111475393117123	1,0810236789966408
-2,9161497202557936	1,7008386695718594
-1,2175362464858466	-1,494071069673257
4,810779332373558	0,9949276435214942
3,7592442391023915	-0,1436731810645474
-2,622099341816047	-0,49656083827465136
-3,355738625561841	-0,1785536944846502
-1,9796978932900886	-0,36002841258261187
4,70249261760161	0,21909011526160466
-2,1220276131680578	-0,40102868120099266
-6,321176387292438	1,5204016205788693
-3,2412555225780215	1,7183671183149483
-4,255841996753057	2,113517978830406
-5,1050595668596275	2,2395232155670692
4,601852260873507	1,1980622132583285
2,8779571411251004	-0,03933075799935448
2,093327840107526	1,1842195551094115
5,002646478878846	0,49877900250323925
-4,406913464570946	-1,064174201634716
4,376552074695493	1,2425960680896306
-5,277671600824931	0,7354717082199835
-6,417585976286902	1,356484455855539
1,6594303608813166	0,7925919295899928
-1,6783425314422191	-0,598297594482808
-4,437822308223275	2,256721783220784
4,955835580660578	0,6689934645395956
-3,5063011162559374	-0,17235266647211755
-1,7391114938861854	-0,5187454407260867
-3,2107288440265918	2,015133522797931
-5,094361415526455	0,7151097021953828
-3,5244312104131987	0,9686910370077265
-4,320068491311462	-1,5953080530680253
4,815415460898086	0,8525654500142006
4,874237799257465	0,8319081155140051
4,9155700921109675	0,4809826527307086
1,7404865258045603	0,2044878479952541
-6,325090751271335	1,334159944039046
2,1189861451292105	0,1717404886159387
2,872800681253824	1,1959237154257643
-6,24514296508697	1,6612951501094126
1,4954623724637484	0,6587576680158785
5,070022047712509	0,40599083552000137
-6,058491198247175	1,6989285494047333
2,4975101864553912	-0,11921688343453785
-3,413213995634805	-0,4954133927236517
-2,3722488930630026	-0,26488932108579166
-2,760441858413039	-0,1696670631763677
3,133393503332749	1,3180385203418092
4,156779926113804	0,12358801772843764
4,450053579054295	0,20605386896427336
-6,320658184941349	1,1757753479009767
-3,5960488328312805	1,8251795648330618
-2,997956839066955	-0,17203482516306345
-2,403682507216185	-0,34855868993221706
-4,422111403055705	-1,2287782799801017
3,394368380666656	-0,006701312607226839
-4,130703944183833	2,258155760263873
-2,2006504814981693	-0,3209621771091389
1,5057951073553169	0,43414252013579824
2,1608664831548356	0,2283664505384828
4,887489113187069	0,23853064417399655
-4,983924809832281	0,5871558602230631
-4,748702403414795	0,5662817730179182
1,9382960400780003	0,3565707254645256
-2,726973166817433	-0,30108417856499026
2,6320690410832217	1,1454032792147153
-3,1099853336319963	1,6197773666805457
3,4063288196111885	1,1407140561184708
3,800004795563048	1,1816801500555913
1,6594324938206146	0,570301093910971
-3,2341969465698974	-0,27879483812797323
-1,8258843150575734	-0,8138175966511525
-5,204417034111494	2,2290888676711478
3,859748514269696	1,2602440075380543
-3,517693016110218	-0,5047078383102399
4,199240725381622	0,06481935042276588
3,1567295386897367	0,17468835350058798
4,8677437556255345	0,742233425323642
-3,2135483513508962	1,2443231493455078
5,032945383869225	0,7646536511933679
3,842904857371849	1,2094035002495636
-3,088430610671945	-0,3675365927023688
-2,6275251258377157	-0,31369415654246824
-4,088317083949087	-1,122097216164922
-1,639042720564751	-0,6935305390676292
-3,9354306963280505	2,336775482911068
3,0752251946627776	0,14358141656416012
-2,565310685419105	-0,1812617846300011
-5,535342148877971	2,198114605391874
-2,419616660281252	-0,25221412867302395
-1,521319318652202	-1,0649113060761803
3,3185775002758104	0,13166139711115954
-4,440124600824914	-1,6642871601575489
-4,517857446246306	-1,2799502434762124
5,244654932509718	0,33748738713327364
2,0399269635580586	0,9826002284266266
-3,124337356024583	1,095790454466255
4,933026666732227	1,0044718350943849
-5,633402072242002	0,8517587039799529
5,106267656150231	0,8833038163363107
4,523890806462072	0,22462379561363388
5,268201878457527	0,5865391819548779
-3,843780961927022	0,8771859723941486
1,5450921213851314	0,30757169153517283
-4,244260797895253	-1,086227499887157
-2,9773124582500774	-0,14728010348127496
-5,073595338250487	0,6566126968468644
4,599876812491797	1,1747199584940797
-2,1653208391418777	-0,3205717386140976
-3,6579705901642576	2,068120857392947
-1,5827245177992662	-0,7786144529438357
5,044797733442498	0,8067859298016407
1,5862364613493924	0,573220507955744
2,2968232659749184	1,003404275516727
-3,6713640638182343	1,962984972575097
-6,232386277192641	1,9551328427527912
5,005874538282169	0,4587142341731308
2,6380420530464463	0,015148156066729479
1,7388315538130679	0,29484092659291833
-3,2880863741894117	0,8578772683854197
-3,731393961503635	2,1513475586668607
-6,228104664904442	1,6208149791200832
-6,380166975121037	1,2383929286749724
2,829724087720046	1,194329642185617
-5,952631893853049	1,033046739201054
-3,0884455628195244	1,8812529583339128
-4,0828995067826455	-0,8633348673129566
-6,28601585386024	1,1342439559160193
2,143817177192184	1,0061632370624845
-4,321539135105271	-1,7707501663851462
-3,0611086718568736	-0,29865390205150755
3,1830722132914406	0,0288670753112783
-1,355172185075455	-1,1586376909109506
-4,287956024217518	-0,954117333219254
-3,261403142894203	-0,2504504363819593
-4,939270470930729	2,3184897847992527
1,720745848395171	0,3596125317708612
-4,552358642228046	-1,499313967804997
4,175054014826086	0,11232147795197078
2,3991533501272544	0,0570781714015155
2,0215312734098654	1,1783918182947386
-3,964126257173047	-0,6725297379472381
-1,2852349462399877	-1,4096853346565732
-6,242995456191427	1,3272588133034628
-6,457093615977061	1,1099538727322664
-6,204185148740737	1,2438055244172772
3,9637627053821474	1,3401089033649711
1,6663458570241598	0,32993758618746616
-4,47285161452789	2,1987434370461005
2,118924442080081	0,08723414419408904
-5,194015202740394	2,2899483836162373
4,0276324928846865	-0,14986165946336538
-2,7868958003880517	-0,37758963321673944
2,436041016752428	1,218172238801777
4,680047922313008	1,0298218062361388
-3,1651707740011497	1,4813154464463103
-2,418150142607387	-0,3722781472893224
-3,1971933232678458	0,9948807952021601
4,945236555793727	0,696248325331325
4,794339228533596	1,0887576455416172
4,562922054645906	0,031560284602128785
-1,5825114543566514	-1,030941320910291
-3,06979453473863	1,4495720575549622
-3,608179609996376	-0,5134038549432174
-1,2570759602132715	-1,6946302172079653
-5,568129312708889	2,226765695129563
1,4730172251608815	0,753506863136645
4,626252226707436	0,2124004138848954
-3,223495325006907	1,0269744932215232
-5,841737630332532	0,7906797560361369
-3,3430963586994067	1,0487586919032421
-3,4004656535169704	-0,4047205976064505
-2,236389976928924	-0,20066399171122962
-6,066464944494943	1,0882904020947348
-4,240472941002505	-1,381951491097222
4,228240530314476	1,1370945943113808
-6,21539993098034	1,652275729966346
4,899929017688999	0,9893406723602922
-6,4045642674017405	1,0534051597881005
5,151863134299409	0,46001906843214757
3,8977220275761497	-0,11224566498716759
4,719307562472619	0,8322700256948294
1,7377841825918972	0,326124120343243
-2,3248430886889	-0,3310998360763022
-5,996418330916102	1,0475890224801057
-2,956765023276541	-0,10957645447886066
-3,097576348914652	-0,16803321249242953
-1,9065912194313523	-0,4232748643951427
-3,397359594925774	-0,4490066563608428
-3,0035756177215744	1,0906634372358872
-3,827844746808812	-0,4925633022432645
-4,285709215365914	-1,2111912729850096
-4,36816694002002	-1,4706392413691445
-3,1840183159026836	1,84803928179657
-3,879621465049704	2,134627765520281
3,523581321883695	1,3491871190548004
-5,38464103108687	2,1747692812896267
3,0442565644260764	-0,10113940118761366
-6,22284605987443	1,4879194076822677
-4,2336591887185415	-0,7900900185802566
-1,1761107878437431	-1,6048933855714593
4,954150272516351	0,6331209787913119
4,4875130611872605	-0,10786232967003362
-6,103876071746557	1,5845058537949333
-5,501091328243598	0,7543891645294785
-3,6029681476125446	1,0547915026940942
4,714342907453679	0,3748222729059051
4,712673847675518	1,0227439761612356
1,5654734483469852	0,93740561625607
-1,6513435686184326	-0,9997240144075654
2,8468018174969814	0,01765995208573201
2,4307733620071534	0,07319167961176354
-5,739629197321747	0,7743450898681044
4,907938595146607	0,12585901456847093
2,7999982895548676	0,028474627063756475
-4,4432798621501215	2,278611920622553
-2,9669069110142776	-0,26282029448537725
-5,848425140206881	1,9188615508323241
2,8369079945512454	1,138903227302852
-5,691587666285723	1,9748984448284919
1,4939838389801117	0,8286445660471371
4,508315645651143	0,1243652524757336
2,705171154348519	-0,0069337209466939775
-3,0662835718864256	1,7899752330822802
-4,58962918557399	0,6345891817947068
-3,0844872634714124	-0,30759846240892297
-3,694305929998412	-0,46079752971615195
2,833069499112504	1,294365893364653
-4,468510802842507	-1,5661942804862383
-2,980097133803698	-0,09142880335683046
2,528135752685121	1,312021647114956
-3,71389181655857	0,7042015625370492
-4,685855128354988	2,270262380979082
2,314833129967627	1,0545701708489195
4,165609756225569	-0,05151720517163505
-4,256053556859602	-0,8370042406909262
3,4021015668964316	0,02797862246736471
2,76624004930045	1,2455173116924674
-4,551710066361946	-1,389209306996479
-4,886066735050966	0,6208212802308277
-5,476061080815472	0,8595810318374163
-2,0709283422718174	-0,5271600924044004
-3,534384914667685	0,8022371879508723
4,395404177704337	-0,034585095418231515
-1,3726947023930998	-1,1194514592522675
3,5717840942547223	1,4033368870315248
-1,6103478567647733	-0,9922257349588715
-3,407718337602142	0,7612820109253996
-1,7900844522258899	-0,6809950801913811
1,5235789033987066	0,38382575824937915
4,485324967116814	0,2606597058217469
-6,284772158401538	1,704130447756429
-3,2008808163720044	-0,2934577377009271
3,389060921599064	1,4736095497625823
-3,001661089387631	-0,23267346847883008
1,6132872278977979	0,4870414760480146
-2,384093202917015	-0,33988363634120833
-6,065603036927334	1,8273009636822486
-5,183421687952594	0,45328567039479606
5,073963393480183	0,6010820843647218
-3,1714301641037594	1,8111749458207074
-5,025694617123894	0,7447689991881212
4,4655414555382595	1,2510388140629796
5,008769948502234	0,6166103429359044
4,540561370521513	1,0161005507048404
-3,4028522229581615	-0,32592514283186746
-5,454709108605959	2,2547080015032126
-4,261662071021125	-1,1800611486719368
4,289216192093	1,0976132778209722
3,5166257582132077	0,16961720624832916
4,117195323331169	0,03920224015214213
1,5594123980529764	0,5088645307005429
-4,097606425419345	2,270662707702546
1,789276230757143	0,33455687983183957
-1,125456137932056	-1,7900811410940518
-3,5379507223889917	1,7782482699484918
-3,9589703479789584	-0,8291434994805837
4,5162748678665405	0,200503678452346
-3,597654996054686	-0,47714785475513555
-1,8234427490462766	-0,7067189336429185
-5,067517888149347	0,6272089072932088
2,6277833005623568	1,3712102678912406
-3,3491449512010254	1,107129010113846
-3,143895097208061	1,4364091112271575
-3,222969127282398	1,1528215013550582
-3,986616905665757	-0,4865632283693626
-4,019422404538325	-0,8109851112717996
-6,271155293050621	1,2075516722804163
3,664946458145192	1,2709085844705545
-1,21818089047724	-1,0320735186435495
-6,434312499519624	1,3067863368296164
-4,185989459058396	-1,0311118743186043
-3,0934966804452206	-0,3200490225743602
-6,179461220666999	1,117441639988774
-3,209430014699177	1,744349047755152
4,685592029018208	0,21376425674198885
-1,5672903160407345	-1,0043245843945252
2,959601517677634	0,009031437799785769
-2,6873083816142955	-0,30137872853019876
-1,1776839972928708	-1,523468199370936
-4,9905798321325445	0,35998276644082794
2,161507841813375	0,9398712715149217
1,4765199282650803	0,39406628493285123
-1,7429457889660702	-0,5690213117441243
-3,7457086339487358	-0,4998642776990847
-4,895353129869214	1,9918840198308991
-5,21111866614928	0,6042318100730112
-3,30115682541374	1,6098246714765552
-3,3230951666565725	0,9224893350323256
-4,383722081957444	-1,2145858271294285
4,212224348921342	0,9164873246307326
-4,328336298304532	-1,507685560060142
4,888893734877995	0,3426315163171854
-4,025371880885876	-0,4348680837597736
-3,350308996500627	2,002524085900515
-3,1943708351598845	1,163167246321883
-6,306128097944519	1,1197423808096663
-5,884835187112683	0,7605696456102202
-6,25646253294245	1,0471960247763041
5,225626531263243	0,8304662691582367
-1,011396474319071	-1,6817070128603557
-4,831687496600911	2,0850704707802237
-3,8274495215430577	-0,5614924402438559
-1,0799142145108827	-1,9046882927202133
-3,6533819608094515	-0,45854337627335817
-3,653744789014215	-0,5843763531605941
-3,87508202333682	0,6741746016974652
1,6206405734858476	0,6759903507393901
-5,090070976903877	0,734277047092273
-2,5235763665570667	-0,37152192435020237
4,458023678891698	1,0691334029155257
-3,2094335763353574	1,7964908521542657
-3,143131743509783	1,714556418137719
-3,2753411675186594	1,4570968258586994
4,205351932905171	-0,004600509292478683
-5,470817283366453	2,174952805023164
2,8819438449820667	0,030193491163926556
-4,85299216968245	0,7583900423356011
4,667985179165968	1,2913160527914582
-1,3814487744719108	-0,7101163641917632
2,383252374647915	0,2180787121677923
1,7146917364370147	0,7236555174291291
-1,4063531167693784	-1,1290813738255157
2,1658754091771333	1,303717510310557
3,4681817673506043	1,2965727683282744
-6,451531929401639	1,6412882249557994
4,927258309808806	0,3795072806591617
-4,090191932664032	-0,9117237229071793
-5,127519728648156	0,5478708714647628
5,153439223689471	0,7791139743835472
-5,3112756297747366	0,9137891695432458
4,1932268749025	0,07472419001574149
-1,4870912639660956	-1,1361812789542447
1,6472325934674852	0,9438296044817569
-4,432010220309249	-1,551997886345514
2,539609756745943	1,2816059022276143
2,605939729246034	1,2093693741503284
-4,700087462002282	2,2263282671788525
3,9111599942180306	0,025934324667035047
2,1275079608166436	1,2110428639266295
-1,0746728116715802	-1,6984378331371943
-4,145006668050197	-1,05402435849636
-2,987740488079269	-0,22002475502956265
-4,590910679432666	-1,5787794562746242
-2,948359183029506	-0,21244241897775828
-1,8574573035161905	-0,5884981241331029
-4,153101770859668	2,472016262614714
-2,2223942710324356	-0,24917320070254334
-3,397804626107492	-0,30266111022568687
-5,699115718016763	2,036960526170361
-1,3616352752642933	-0,9315140067321541
3,9842748580881135	1,206620027976515
4,951944017040319	0,8308137702040714
-5,387349277417145	0,677610728374616
-1,2515333147651273	-1,3166879323127505
-1,4822166304180855	-1,017307264449403
-5,98550440307659	2,044106656953854
-4,338121369292327	2,1983895963489943
-2,5453820112072285	-0,3383041528710031
-1,3059433032679117	-1,593872927718404
-2,883051828732937	-0,10773185225765314
-3,086430592347168	1,828944562187324
2,2076281337865744	0,14138620727399448
3,6060547060135204	-0,2336845518251659
5,087417288413015	0,40952591810519995
4,543636091972021	0,2347914445146274
2,9293438353429013	-0,05626607461917843
-6,384509610622667	1,3993745326283
-1,6356998788948558	-0,7122828443725355
-4,679956792954065	0,6347495853529954
-2,11469551656282	-0,31024298661998695
-2,987924559374605	1,4628710301642205
-6,007992038845673	1,8003962966594595
2,821236455472538	-0,11644150552139931
-5,841273432784771	0,8391022730580733
-4,603235990536353	-1,4532830112500668
-6,34827010612225	1,4038241083633813
-3,4038743597721695	1,8993648976276076
-1,190371269704405	-1,6790489604209498
-6,111442308231936	1,9381965713304115
1,595281861445479	0,3825417903577477
-5,052373054724258	0,7202529370435377
-4,105966866308727	-0,8123928104754694
4,395887369025342	1,1995886633470232
-2,640563105865185	-0,283004316189293
5,026447320316316	0,6171546429826887
-6,222719078246071	1,6968978987726353
-5,665735907834781	0,899938686706692
2,9517733302135762	1,2703838900892093
-2,8729452771864796	-0,27460528650354843
-3,271692324967567	1,683480052218037
-6,2502688797234205	1,0677761919914663
-6,27457477300333	1,3254429962281769
-3,1525546479696835	1,4610914942700624
-1,2798739820060094	-1,3628952472697886
2,499032694812114	0,12811138130439453
-5,992091742964034	0,6280853507395892
-4,142269005057857	-1,0178500365497962
-1,119407304324302	-1,5252412655970449
-6,237413500527791	1,220636630289856
4,9856792625219	0,3553460347722598
-6,152554848967849	1,9342226969341652
-3,055841151149698	1,7061234859681416
-3,5636531797437216	2,1007632783725563
2,76208908492662	1,0670121333971505
-5,405315292433206	0,6727130977146711
-4,406290467518265	2,257567743602947
-2,582996138194967	-0,3451200323580945
-3,095397087036618	1,7061556369605202
-3,9083917908955996	-0,6809706891956882
-2,09261123692543	-0,46620009626562586
-1,2420473503660054	-1,3086934976459634
4,713135390413665	0,8575022057771448
3,4430107531555287	-0,05593854492652672
-4,416504365008987	-1,9135863547367988
1,9490172750415267	1,096091247687904
-6,30718858525052	1,9152470850259915
-2,1502922043587747	-0,4122010957682267
-4,993094565627738	2,1357468627653615
-3,573014403617199	-0,5228513236296177
-2,044233430911034	-0,46522992584597245
1,8258489437938181	0,3503906269908016
4,042873343838472	1,27738398930506
-1,3651184146846982	-1,2303055513022758
2,0639692110828616	0,23418367607674184
4,910890321454685	0,5259298597724721
-4,749130217353728	2,319231909377048
-6,35548967784337	1,536830955347501
-1,265202187088441	-1,8858423529012234
-4,252042624289225	-1,3150125382714986
-1,5279140429077278	-0,9756748828195608
-2,051971511177595	-0,4915959656155666
-2,9049832766346793	-0,3166182378179523
-4,607462805203151	0,4961034350377034
-1,8767297384181971	-0,5150671281733599
-1,2181899160836613	-1,6166264548050227
-3,0625069717898254	1,3252352062256834
5,127925813730851	0,5569968472593164
-6,005061252242485	0,8066569919839448
-6,1023141706274	1,2135635834174603
-2,2942983143046254	-0,2315524981557322
-3,682444010180779	2,028902384688531
-2,323658055705241	-0,2476877169840348
4,220656679214455	0,09551637533532265
3,6474943355476817	1,2587287717510733
4,563998532732359	0,17696924350599008
-3,6930486358550576	-0,500028501978518
-4,306678784016281	-1,5574224760568383
2,912973306653104	1,165104503261703
1,512084546268388	0,8394976733577164
2,101946344683535	0,10016816994426081
-2,3526614783573008	-0,4144397527256125
-4,957557752528633	0,6187361791162581
4,311293211990253	1,211003281399005
-3,21908536357155	1,162955533467868
-1,415604804099792	-0,9482824802701444
-3,756828680385612	0,6060503764621694
-1,3643659862734199	-1,296324887846433
-1,3175171453816006	-1,4772244064596696
-2,341596677165189	-0,2534921563921184
-6,3447736001500346	1,110012771901828
-3,2890509200695233	0,9406480202209303
-1,3995988673764215	-1,1705602356682645
-4,3342495661745115	-1,2869826532375432
1,652349828454778	0,8636329478703821
-6,346714721689626	1,3891644944537518
-3,6313600029728708	-0,5050296794494433
-5,045425363526485	2,13096916807432
-6,201538163049477	1,3396555707985567
-5,459157585436231	2,2761797601029103
-5,716605117203567	0,7686810060206345
5,15114623983229	0,4279139782304967
4,395156802213775	0,15525031086690538
-3,2215816395176153	1,2986107064661052
-2,0606340754147072	-0,5008588447253588
-3,8958779925669957	-0,6317899358124281
-3,3183800478297307	1,833837011376826
4,961343556874951	0,6854827741263267
1,4780512550807992	0,5161543893784439
-3,1727037071863227	1,5697547332555708
-4,42692647393639	-1,2820010404672182
-3,587548489393833	-0,6724727926218077
-3,3250792507322826	-0,4430891931985388
-6,08337489145206	1,8675461770748962
-1,4414409430850363	-0,9334185227201486
-3,4094817673358566	0,9227105260011289
-5,040938181753056	0,5739456160115204
4,5723807403374925	0,4052402077818783
-4,603151763822375	-1,6330855363748893
4,452452828276876	0,004485780193336564
-3,5161680450015362	0,8959649351173397
2,6601159927289433	1,238885018687295
-4,3403850413148755	-1,9499827552179
-2,9703587040752994	1,3009130196687695
-5,766829096981355	2,0845464360627854
-1,866435164864473	-0,412861404104655
-5,750910442520737	2,1303162785659557
-4,698937649321056	2,20642221165382
-6,141739850397651	0,9916855407479337
-5,1830211161652935	2,313516695408136
-2,6095802528593475	-0,20958740594877168
-5,665036822622249	0,8781550905312882
-1,3346774154543042	-1,2851382918746732
-5,639514020445392	2,0713674836297336
2,2324187040906347	1,1019543621848196
3,8160589786958883	-0,09274265615442201
-1,0674432021632017	-1,1580295557525613
-1,7771043939947848	-0,7608250728966386
-6,293569960403889	1,2270130466868348
-5,2976638306959565	2,1700334633140765
-3,356765812039864	1,8761031789416314
4,19691551563665	0,04120927834017929
3,2434623414125543	0,01178564282159189
-3,2849429576442413	-0,4534104761383104
-1,7281517200264909	-0,5832226107822243
-2,492464559074275	-0,49210859512993643
-4,485869730949592	-1,9202051900009993
-2,8516022414548328	-0,2249027653048723
3,5113174798517828	1,147547683558479
-4,356098800627154	-1,2221947014590553
-5,351282778394706	2,290234355534566
4,229273812598373	-0,08212061877605925
-2,0217385533217365	-0,4932829065193809
-6,092036831251869	1,9658386727111425
4,820557940922003	0,46418128881312914
-4,266005550944639	0,6807449838235817
-6,010026228201015	2,110631399628733
-2,0880871312349467	-0,5356950927791357
-3,763360313989389	2,0611671368390025
-4,752361259243129	0,7857892596089796
-4,616112606844981	0,5345824239568584
-6,237898295114146	1,666779800090333
-3,503605214226858	-0,2733514751735706
-1,9415222628371018	-0,43954577844260734
-4,410517990732354	-1,23234531146734
-3,040730999538523	-0,18926221352911887
-3,5489813008965694	2,2861118834154013
-4,109796832372772	-0,9582764167578659
2,681677757516244	-0,1518297239951688
3,414788218640316	1,2771593329662874
-4,40395377649136	-1,3622188615636568
-3,332579328834807	-0,5142514000370451
1,9939804990039076	0,04668534218486864
-5,532826518135133	0,5913492818004151
4,658493371381769	0,4682156784164344
3,0002198796618442	1,2345900460743766
2,4823920068578795	0,10400554358912406
4,85401790828292	0,3550616463123996
-3,461237968089602	-0,3961214111261091
3,93532204049304	-0,057023104228178245
2,794182882023461	1,214769070837389
-5,652379469192575	2,0679280598437697
-3,6477319906155445	1,972076388128297
-4,2645682755598	0,6931720858477329
3,9158013788325308	0,09053593380782998
-2,357604348478548	-0,3076480669755568
2,430349085267701	0,01611832018987558
-3,0391606169080303	-0,2515709585118433
-1,4942184201916526	-0,8879962443821461
-3,3589831862749406	1,0081415525087203
-6,270009124272393	1,4600065046752162
-6,374196811583991	1,0269378155717623
2,5192251801287853	0,034734876665670655
4,415052170339365	1,183265640443003
-1,5789872210822156	-1,057059919874394
-1,1244089020953698	-1,526156074434094
4,4975180285386	0,9459839544728652
-3,926793667041216	-0,7143218254746075
-1,2721640521485615	-1,2914514506435302
4,857765170110978	0,39335407883780277
-3,19192701276066	1,2432420267868967
-5,611358850683784	2,0110534833275677
-4,432683115476617	-1,5308696746625752
-2,135201223679177	-0,1333724783921073
-4,390520269672325	-1,4000768876953733
5,273440043746833	0,48481008973663164
-2,5777704648408974	-0,2304303659472997
-3,5425810247822094	0,7863780888143821
-2,9225331518735875	1,533274574080629
5,134693927776382	0,5086025019853839
-3,291191319816332	-0,573296258075014
-4,34972988897482	-1,3232271505571105
-5,858580059269355	0,8350498134953441
2,109131967361164	0,25686035473694896
-3,3460990395778927	-0,5013739538889912
-1,7397244250412365	-0,6359313097976755
1,6680473757461793	0,4478940519346316
2,6732496581930425	1,1761935910467112
-4,23123039879605	-0,8598040147152586
-1,5425763379829536	-0,881536073506402
3,6448096138428006	0,03307078012567499
-4,429091679678216	-1,5262945125979275
-3,3554806403640356	-0,4169752125201007
-5,270736273077117	2,312602578641585
-4,553862834749379	2,1913296383618146
3,733368513171614	-0,005543015654450367
1,8221063913589524	0,809122732695519
-3,6346951027256234	2,015279298241701
-5,961384945780974	1,0755802647020571
1,4487028258449162	0,6671815624265608
-6,1958171600481275	1,256120680276641
3,412325023822381	0,21796164177146976
2,370356747708361	0,1702927779326331
1,8115213917292112	0,9529194587789054
-3,626991559234594	-0,23111100228038706
-1,1707748415548402	-1,2103505702657342
-3,998537464235419	-0,6804393079863154
-5,864292099810892	2,1260139756980245
2,0314370072472165	0,07704762624231432
3,2496795654386696	1,4199464467559721
-3,1557364515154944	-0,2867412785334247
-2,454676266794009	-0,2625339368933801
2,0281951897146833	1,1853724380210144
2,005276777740738	1,1406771808534433
-3,2762303307755416	-0,2910310534733198
2,6981461636962125	1,1361334590460808
-3,2820752124196173	-0,3846844423186475
-4,343843561843623	-1,1766877902228234
-3,2484536318300874	1,583612046189855
-3,454579058612395	1,0925526867913615
-6,126193622254345	1,6301120673848288
4,273651772739862	0,051592058108177574
-3,3255414681365534	-0,4097007197098632
2,806917967005521	0,05283624594415526
-4,171211202452316	-0,7518872888638135
-3,079022633440376	1,594875225402988
2,907306088940226	1,2317479879592876
-5,586784700564523	0,7993887246824556
-1,6483795438514581	-0,7660984611306572
-3,986470572950216	-0,5686004362572912
-3,885540149333461	2,119205481898767
-5,2440986912635505	2,0530592671097216
-3,3886349347279348	1,994385164482674
-4,149655692985347	-0,7864244158017848
-4,5216772367611	-1,1620179126120305
-4,409228897070474	-1,6637988706333964
-2,262775076091095	-0,36017181742662774
3,223708279250184	0,002818353172376553
-6,138094187257437	1,1411203989174736
-4,536004834690978	-1,4527171306063527
-5,233252490553046	0,6221675122177339
-3,8324597826402274	0,6567863364479382
4,90748331047783	0,6163430974423662
-3,4861277363376297	1,7785779257246896
-4,238889924338791	-1,0785123289585339
2,189887872702265	1,186208761347608
-4,801061488699099	0,41610746102722773
1,7284716479325133	0,844500456955767
-3,113722042905711	-0,10475477108797282
-4,664312271740683	2,1091065382990584
-1,2099945093048257	-1,526681329302694
4,883963725894105	0,6926637732855189
1,5249281296679982	0,792316608749391
1,736538274560549	0,2639491800702928
-4,314345812770687	2,097479676119094
-3,922799909140953	-0,7196530779084431
1,8880241719934878	0,21893610173917027
2,901129385449925	1,4321666015197902
-3,003704562168058	-0,15600390451432689
-5,873908065272283	0,7806497548544423
4,475215315687643	1,3161228236382727
-3,0996078636261615	1,444464211214422
-4,554830156476875	0,6119741530354672
-3,880701437251629	2,234999360104838
-5,744632819115339	0,852113750284144
-4,253079558447608	-1,2058928053898899
-3,6119847673874865	0,9638681723771361
-4,255714791507217	-1,086717751810733
-1,5079686484866288	-0,7664327079510029
-4,36551346023231	-1,903106856952202
-6,1730628300126895	1,060838521657485
-6,382679534348313	1,1079938973589956
-5,511071967156644	0,7898743773543676
-1,9590651720394163	-0,5855612340730783
1,9958094350691393	0,9844701413996946
2,6936009982388094	1,3566356165491704
-4,3192336518459316	0,6992311262778355
-3,4185085196677827	1,9764268535531535
2,331375360687158	0,07483233512264631
4,693098597113268	0,7727666217825424
-1,3399592690841642	-0,9896803117603411
-5,846398741606048	2,13695287099191
1,3263520191244031	0,7426921964008986
4,510786981063513	0,9891453452441143
2,996849806147183	-0,030038829331920147
-3,760296163375852	2,0198725206316555
4,86192125456596	0,30704919313621987
1,7658975298411113	0,910773195862465
4,513016125064929	0,18461417236376587
-0,9666447941336205	-1,7287786651962915
-3,606802223276291	1,8337265229309871
-5,378277651732844	2,3837768750901493
-5,865611987908225	2,0774707821004648
-1,4843386655305726	-0,8280837806752404
-6,415084953185415	1,540785095537949
-3,153919537515327	-0,31898192811610016
3,8762266523834725	1,2438236123486401
-6,220759311857343	1,198754897163903
-6,053825175728187	2,0028755324998606
-4,238588253579984	-0,9222558901813573
-4,6138829073845535	-1,3587039977742674
-3,1814894864128362	0,9603541856698792
-3,591483390705042	-0,5556824668940668
-3,480134156955196	-0,34846900267968595
-3,161458416310868	-0,48162197909896776
2,903953640432807	1,026724809709258
-4,8348609513024225	2,150653513473023
-1,2865769849505817	-1,4356584161344261
-2,950227501315521	-0,23449748613860444
-2,992826378025073	-0,2258388420283317
4,55428104124435	0,22957631950727692
4,981242508210909	0,5964923437808234
-3,8302991917752	2,1516667533456704
5,117099858843919	0,7082710192298636
1,842022339967248	1,1406638186523756
5,014569673552204	0,5244950117679624
-1,398585554170719	-0,837613406292768
-2,8199597283913933	-0,37774342470369615
2,1521578269203427	0,1446498629463856
4,488102237156288	1,1409864395810052
-4,338600607597739	-1,305934329608316
-6,404424115751773	1,6417154759988557
-1,1628614092370417	-1,3891946067209435
-4,796650434769504	0,598684583151281
4,032637350181201	1,334189277660977
2,904255379242434	-0,037269675530197666
2,29343446621806	1,2174547528096853
3,7401024276949677	-0,08534061762228284
1,5637147820981778	0,5567470003436423
1,6816288305407128	0,48290599116713234
-4,827000909987724	0,42790438120923924
5,110052773590338	0,5622692587350904
-6,099573648981446	1,2449992741908682
-6,0128263646149716	1,2072474219481817
1,748703748842186	0,8828732322319264
-3,512320019165103	1,766472020837261
-1,6970110950399202	-0,7254018360322911
-3,940307889024388	-0,7183705599146415
2,1433726014932604	0,24013417870536363
-1,4992704898257607	-0,8828572650397897
4,840874594688958	0,8979770483167158
-3,5940870734286587	-0,3636388938999766
4,852454757552259	0,29410364128126376
1,461069175774172	0,45312695992628416
2,9198119025823583	0,057062972067800644
3,214302546618939	1,35280570264658
-6,279248535244649	1,740993047231594
-6,272888188263022	1,6279643297821824
-3,2651109764946673	1,7813863768994114
4,870921989233741	0,4755195809771634
-5,940629622888192	2,0947489827796257
4,157803211248902	1,0339709921279732
-2,6210789461984514	-0,37633527048243054
1,3844243461375785	0,6699778548526263
2,2644152785964966	0,09640419493289931
-1,3727516607012673	-1,2785081998037036
-6,092890939032919	0,848967178471256
-1,245884667203122	-1,061827478274263
-3,599949292445625	-0,35160051232024103
-4,565000688840489	-1,6944249250251335
-3,7428002737034634	2,2684529973200984
-4,931767924718155	2,176376933278636
1,976533606510133	0,12821697077613425
-4,141055328999272	-0,9492853178977357
-5,514370361705089	2,15634306346662
4,695962058637184	1,0368900201901028
-6,49776036846424	1,2486091543621303
2,996514106236612	1,1482621490881832
-4,845888587189457	2,2607114545627542
-4,3572330420588	2,099708379524412
-6,08337592953793	2,0197232401365977
-2,697546826106653	-0,08002338482912164
-4,817812023292644	2,1336546455508008
1,4367823080301498	0,5879277717284896
1,78789166873814	0,8444757586293536
-3,1793379084808278	-0,21849827305585978
2,7457517399847293	1,0902418706860737
-1,4601152453506159	-0,7449253699637541
4,589119004483534	0,9860299167722248
-3,9789162663658026	2,291220975211677
2,5960888813825362	0,03780793828019258
-2,106648683412848	-0,2505060775152568
-1,2398760672185827	-1,5259384462016563
-3,2447898150192573	1,7344937029092218
4,952096901702555	0,7320878579028339
-3,147580920473464	1,7717944489779236
-1,3177647074215246	-1,0990671036528712
-3,8603623214080285	-0,7366515543957735
-3,3828976509212225	-0,37436898927647033
-3,4223080949788525	0,900194221569896
-1,2545508966916494	-1,1297603806357885
1,527585479686541	0,31854873305978637
1,6871253735289546	1,0539932536371823
2,3435293030622195	1,0883925333034115
-3,912562731793982	-0,5193270886314474
3,049396715719902	-0,013244338518833776
-3,1068849101658076	-0,21877692984698727
2,010694389298526	1,1352038180622883
2,934314037239587	0,09979568254079219
-3,2883950725816002	0,9915945732242226
1,557806903834037	0,3192324998665434
-3,7330092258465974	-0,44077887454586273
3,9818216727225018	1,281076115476985
-3,4313258249018954	0,7699297934364793
-3,091404305008341	-0,16271538104319205
1,801196388694824	1,0211624682927534
-3,5490213862666993	2,1340495166569537
5,077154397369611	0,5957558534216015
-3,425375340324444	2,055209669947003
-3,9499872419240303	2,1516829680548115
4,097883275124399	1,3296810697960684
-1,9957706271268916	-0,5467042461580105
2,001435466834027	0,9882942336679098
1,7270226172754348	0,5203255181239759
-0,9129946602836876	-1,6973728454342434
3,2920332644801125	-0,06894337529635153
2,346603635313615	0,9962768675535452
-3,545028974601599	-0,4752859331978545
2,3520141435591286	1,1886004349851644
-5,331190868841478	0,5421695947151197
-3,1792008864283967	-0,31207088640823977
-3,0903359090031097	-0,34462924604723066
1,4709537036977802	0,9150226258205265
-3,556671973506158	-0,489520326227989
2,6318445412475753	-0,050435842384011664
2,4621683947576583	1,0903143486479556
-4,592999406119168	0,48475488156829516
1,7714780931997767	0,32274628445207915
-3,0029750360347784	-0,21413087953948562
1,8355047512311011	0,8504023369323117
-3,9771657638420015	-0,9623566502201419
-4,607254241589841	0,5837467431570723
-4,525997671291278	-1,5171504426219364
3,775466909660764	-0,1995415140996326
-5,361358260261836	0,5251946705313151
-3,3547655903172426	-0,43945185796793207
-3,034995936251839	1,2087044815422288
-3,995281372183244	0,8293273497085067
1,8398141456602413	0,3025958799872528
-4,496521470430708	0,6407601674221294
-4,452346540486173	2,3362936165630748
-1,2794872029167077	-2,021080324107567
-5,133888725165149	0,6109677761099135
-3,0080018727565334	-0,18033190410944266
1,6111737341558228	0,45760829621012966
-1,3388069660586281	-1,2314476893610204
-6,239168884381669	1,8055353040526134
1,9776986473679008	1,093689663565262
-4,633238647015429	0,5491255895052376
-6,533109644484802	1,484084406872862
-5,574456174578517	1,9786981574083096
-4,889130523605474	0,49235025548688105
3,7590268022691413	1,3448393745056157
1,689286060941367	0,7317938877133692
1,9985825743368313	-0,07218392834109721
-4,353289999544095	2,337296491860558
-3,1986265961942726	1,6043484755509139
-3,070903862639654	-0,327101404505616
-3,492593159050401	-0,453385570976357
-4,558417568787763	-1,7721072584345772
2,638633369003684	0,1859798823157538
2,1466886188257597	0,17912151032806933
2,4734031543578805	-0,2456456250774448
-6,268787615829155	1,6139167280727746
-4,539752841579854	2,3866797079856865
-1,3216904918412107	-1,3475775230938716
1,7664664725371788	0,3260753527500502
1,8456579404635578	0,15458085044971104
-2,92960252892718	-0,1405806771025424
4,2240704116334244	0,07760019815592634
3,3763336846901035	1,4589311687704267
3,414534964748338	0,10825387055300528
-1,1985453852143644	-1,9240715882755532
-3,7815968897061074	2,1229453232340267
-1,454461790189707	-0,9401335298087472
-4,664542110719748	2,3709808599956643
-3,1585870100026416	-0,41482038229892515
-4,0828536121282415	1,952010899308712
3,092024384356371	-0,07739568781180839
2,7245598086222023	1,2900800515501292
-1,847460738107148	-0,40961361135669616
-4,550691539718428	-1,9506138788546565
5,069701809175443	0,6950133638195204
1,9283888205934814	1,0490656547186237
-5,689145412045436	1,996358130196221
-3,359985091328662	-0,3660627228150284
-6,484342328740548	1,5093964735768515
-1,1633795768569672	-1,6131809394390482
2,3284217462480177	1,1804394827763676
5,074939799517968	0,878641051848978
-6,340347942563934	1,4992569214839904
-1,416179460480057	-0,8727192446349392
4,932767094515098	0,10373024048187984
-3,593026400085132	0,8884711510222756
-2,606741518462305	-0,3999257630383737
-6,280076966134522	1,2802364913733721
-1,1651311304113778	-1,6417804481850582
-1,0467212505111618	-1,7102262362461256
-4,681895429684512	-1,7951056070715214
4,772285041886684	1,0129240303680156
-5,234707462755507	2,3947859511111664
-2,6765282807509676	-0,3885606804296522
-2,5340514284120492	-0,34766277904802445
3,0037981621880836	1,3144343845453175
-4,241602374511822	0,5313324128714619
-4,155187652458228	-0,7661269327855551
-3,785645243641666	1,9950214606104284
-3,7507389041632004	2,153744300746083
-1,839660242219486	-0,6452885728562114
-3,159486625227919	1,6517794792262492
3,8406255764906763	-0,07594748897201442
2,82078679994078	1,1352514419647841
-1,3617473371198292	-0,6756352383009818
-2,166954964629822	-0,4603366951897365
2,1443631753436883	1,41947146886998
-4,50197015635988	2,309411659701312
-3,2185819953576966	-0,2658350435584236
-4,407150809792396	-0,9560353277119945
-6,182872789542815	1,0280216398826765
-6,037671333485412	1,026317049848001
3,7382673660510886	0,17360743100913967
-2,94668675694116	1,074528249899256
4,668597923347017	0,462591039461405
-4,077062450183631	0,7639431231539668
-2,3366066047276677	-0,2617821322977154
-1,1709107718970533	-1,861278519903659
4,9988545886499	0,9677747533488015
-2,49258889349598	-0,10972985947369063
-6,125449930947227	1,83438570816871
3,4799059232432428	1,2526500868481634
2,658809404559826	1,3375324294766484
-3,159409496429755	-0,2209646278367805
1,781293599219301	0,11028682515810817
-2,8464120328775264	1,4794954758775785
4,272309564176795	0,027269749775293728
-3,3857069946669345	1,6513304393909467
1,6190045916115243	0,8385122806621242
2,617718048417637	1,3576792976187573
-3,567953987353354	-0,1963975464293719
-3,4806273051755583	-0,4237026513990698
4,583577414294268	0,19893297765788803
1,7344331338326484	0,3737623144394729
4,619426594235926	0,25151304538292246
-3,8967854269817495	2,5065378697773877
-3,737582977991158	-0,7891421299074555
-3,676526688349753	-0,4954698980060397
1,6633459842500933	1,0174836885467167
-3,989042032067252	2,1978251002715568
3,529624711092611	1,2521371863832025
1,611119816451032	0,6891974874415638
3,3117713486216527	-0,03726950388005201
-1,084203553141374	-1,7539859802598983
1,5944605420589664	0,7106666049132513
-3,702566918147163	0,7926884035605279
2,642646011297222	1,01846696983664
-4,70388205556445	0,5869702248293367
3,973412324064569	0,057027268895956884
1,629952636973382	0,2465339932330236
3,122078264456398	-0,17263028425330973
-6,31411011644588	1,540893818492117
-3,9303806037204856	-0,5096455354933624
-6,053118011499414	0,8093242287705367
-1,039575338083836	-1,6921542647087455
-6,198564377461571	0,8843442785305656
2,107767991712297	1,072365126091504
2,3591730483026954	0,17310848510247956
2,7460794554105714	-0,11083472814117279
-3,1467628205157325	1,3842918193066163
-4,1005687306004175	-1,3175963580758197
-3,6890770330756677	0,8756106467754585
-2,18194367300617	-0,29747441175641964
1,7479726252231638	0,504961889097693
5,0622746057512025	0,5802274113502661
4,434674908730787	1,0985317609736758
-3,710111102496901	0,6892916448899451
-3,577305992784462	-0,5093488623227633
3,160524688990703	1,2161020257104047
-3,8130579239516598	2,100699772892911
-4,319597017239747	-1,7259155183055177
-3,611090309093697	2,043947011030988
-4,478712435531052	-1,7655147265964128
-5,611064093831245	0,5517593704640044
-3,5198957045753354	0,9996374679416592
-5,650447075275541	0,8815615989827648
-1,2956018656403692	-1,3097591973538076
-5,797428743299988	0,7698504532528878
-3,1025763655921397	1,157318647432497
-5,33575592927615	2,2930844145376397
-3,8607650418041835	2,1224582016241405
-1,4083942181594578	-1,3886385158536751
4,507610589258625	0,31442629858885746
3,704958286329003	1,2772309796175967
-6,409150488258067	1,475337873611919
-3,9951251386286364	-0,6265809305733576
-2,8701637313025485	-0,09249241744358039
4,7821905552584525	0,41876773782769344
-1,1668959039487838	-1,7002536042647916
-2,0725082676606923	-0,3477682405482556
-4,732364610413143	2,364871253851794
-4,403428397586268	-1,5187627599617088
4,713026174245991	0,9967445209439516
-6,180808606856461	1,133054624852786
5,149942394059324	0,9028607163181313
2,733015092166813	0,02086983547031196
-3,5325788571324965	0,972009860093909
-3,7741639331874652	2,178378549931035
-4,090556715305321	2,2818670160243815
1,5493414528844789	0,3400396706742994
-3,4919876573839335	2,008306494969933
-6,436581576500763	1,0998533440113007
4,907701426863652	0,8113744399978736
-1,1846461777830435	-1,2713347723673611
-5,559595896638565	0,7134404917641822
-3,1192283456481142	1,4069118852304365
-1,612170473100809	-0,678972108061378
-3,3539816991092346	-0,15437369946346058
1,438263811194736	0,7224382298741485
-2,9388141604492994	-0,1935002860317261
4,872807308842603	0,3367389693944874
-1,1722118034829514	-1,3050701466223786
-1,4595689472550388	-1,0134185145131762
-1,7823742190060707	-0,5090384891209145
-5,35680884948856	2,3325850952453058
4,933559317024301	0,3967513849889842
-3,2461714849933405	1,6330944296105852
-1,3220220432719438	-1,2882345418048358
2,059618273697796	0,18172319132708697
-6,370572891338131	1,5390723194485327
-1,2921060125002575	-1,3507295585270893
-3,5366465273945464	1,9733030780845602
-4,1110613230667	0,6074233515517277
-5,655145682709531	0,973284455458421
-5,38394002590192	0,7387849254163111
-2,063879786262828	-0,6055695942793873
-5,865121661869987	2,086281763136914
-0,9333636278908064	-1,6874415210239009
-4,44249406476665	0,5743094423383123
-3,748423754421901	-0,43061782122597525
3,236805627973482	0,10618738450984677
-3,259041711028266	1,4586525398847925
-2,977514411138993	1,1773184648606239
-6,075869537967011	2,0004065619620324
-1,2577854886349493	-1,8061432269807718
-2,027127484126421	-0,5682797692370358
-3,074441617755335	1,228757533016648
-4,4929470261840105	-2,1187147459400726
4,418876332238872	0,9242957373938819
1,5516234325766305	0,7097397055394795
-5,127012234042751	0,657348196650457
2,9403368642667354	1,3403761418031315
-2,4221689334400036	-0,37623300571978935
-5,134443978500024	2,352732286319454
4,143251126245068	-0,06869803659137153
-3,030550308074445	1,248050672112824
-3,3113605188268584	1,3634178774050179
-6,1954561827135395	1,7085254266191687
1,7707117562936094	0,3957550926680746
-3,785483666403826	-0,45330660857717175
2,1078869522562504	0,12563098990015076
-4,272653763457374	0,5653970128957729
-5,36636548945523	2,317397269115361
-3,9428884505569237	0,6959966454489134
4,030903984505642	1,3740557542949778
-6,317046896069727	1,2770715570475784
1,5828134613048415	0,8263501044700364
1,728716905403948	1,004331125950883
-1,0439810716058453	-1,8193675749465552
4,636055286847563	0,07078385325721315
-1,3113802796339447	-1,477854977676281
-1,2806967569843757	-1,3798237000474762
-5,596123354282907	1,8273109329925408
-2,501603387687971	-0,17478750129993403
-4,2830845057850375	-1,187512963347483
4,233312665672054	1,2051389318249461
1,9071252360831836	0,2503743945648907
-3,01663970040812	-0,3002533363896669
-4,467402181309351	-1,5567835286033502
-1,5358469223663647	-0,8155366174079675
4,591505794799467	0,8869017522015372
-3,925916779128314	0,9247079944193682
-6,30421062308928	1,425905918531352
-2,4294602841262702	-0,2086446327638769
-4,207191318980744	-0,7598977271825831
3,8134979251928414	0,06944635125611764
-1,1625964928536414	-1,7971079780131005
4,6827765623446505	0,05129394518689423
4,890309117656114	0,2462111243011163
-3,0762073566769947	1,4716503573831932
4,804126808895575	0,8843195373533899
-3,41885449109217	0,927102791318815
4,561718291061508	1,0295491914390167
-6,242157086448033	1,8457671481935067
1,8443052300831342	0,9507209136242492
1,7877063741179682	0,46867424659174306
-1,2255944147521516	-1,3639799437897708
1,8783268970480478	0,4182037789716754
4,469965620611268	1,2293829603960118
-5,040640637950787	2,2975218076117945
-6,299780482523764	0,9819175309986572
-2,9261063276918597	-0,10372974494134968
-3,0138890345875575	1,400698748043491
-4,248264247217555	0,5500976392408446
-4,454901654463174	-1,5747917185986298
-1,0758360880023905	-1,7154776927894684
3,939932038640032	1,3839988864496657
-4,351948058390914	-1,1369015604745396
-1,3631450289446057	-1,0457144403222653
-4,05936651245637	-0,7654591324739051
-3,90094652626697	-0,6207120875965408
-3,7774323858250547	0,6061421627630218
-4,852296606576643	2,251585938378945
1,5412114549026934	0,7898528356808865
-3,0942403150764797	1,0626833231369384
2,1509345363332617	0,03554987605164839
-2,3838386654856376	-0,386385859090274
-4,368943614531784	-1,3108786146666032
-3,096237496424164	-0,30652346370765593
-4,4395821839879	-1,0739650450240261
-5,404308929882442	2,15716005264093
-1,2559697440023547	-1,3277476317407375
-4,3060982603750695	-1,756302930427694
3,3357775620119314	0,9456769780461322
-4,320544049053248	-1,2837924012391129
-1,2694586106802734	-1,733544770795263
-4,786357301800569	2,217972159325424
-3,39210449334431	1,04886978584617
4,7437875664576135	1,0205477467669153
2,236381003880484	0,12563692680503669
-1,9379785681860895	-0,5082232635235973
1,572006676669522	0,41452560621605106
3,933911427600847	1,310819858835198
2,1835299669564026	0,07922612239696425
-4,577003702043702	0,6047344954576342
-3,5303236631006927	-0,41471253998298385
4,358063166278437	0,2738729760783505
3,5191898490497793	1,2324131872746145
-3,2651945589636435	0,8758404667849115
-1,8757100900954797	-0,44490275726750705
1,6522441915852344	0,30001310828450434
2,4323656441085566	1,252674709472129
-2,515939705675198	-0,28566047243666737
1,6138460304920517	0,5485976612345708
-3,1078968020403503	1,2762009009046618
5,066415690063979	0,9133001243346608
-3,142200492667091	1,1796620667070137
-3,2649175716702183	0,9687776686615317
-1,863120655877347	-0,7331337461178244
5,046973183257823	0,8575119440608844
2,3440274680218325	1,325682535927418
-3,2987412136802403	1,4634264269493131
2,6247233356028126	-0,08265526520029709
-6,692197780854364	1,3637890678241213
-5,79709668805032	2,0744725179662655
-3,7659642240759905	-0,524744976368519
3,393792230455745	-0,16509726263840807
-5,678066293700439	2,099965639269258
-4,788533411555065	2,219070249488894
-2,664737665258034	-0,1542647765144638
-4,588473476917973	-1,2637606205091603
-2,193489953570449	-0,3057231782057164
-6,357947443860122	1,3320037564249267
4,894364700955199	1,119190501363557
2,8008229178525683	-0,09594105819247467
-5,990053805764238	0,8825391057540899
-4,530909626330785	-1,9564446933555264
-4,182877873462343	-0,65960801000406
-6,031749905912543	1,864455936548214
-1,3160564444229266	-1,780338106565501
-4,879610740556759	2,332131974650248
-3,2306817099332004	-0,30786294539363235
-1,633836244969937	-0,944753627973359
-3,305112888044505	1,2951712594996005
1,5477830965666974	0,38083460644748973
4,639230240007164	1,0826686846226006
-3,3151133345070054	1,0216180185286317
4,332204192694675	1,2738066815175833
-5,4933782952215	2,203028332668103
4,00394996865028	0,0012046375849310564
4,513756431843265	1,0857466858925462
-1,8201453371353353	-0,5877417605632549
-4,036323102250579	2,2428057243856707
-6,153731762275745	1,9418983889704167
3,815792351224375	-0,10630015194203157
-3,577213219343159	2,0526057901544603
-2,6713096820094604	-0,21462330430360566
-1,4163903195960923	-0,9582879420943958
2,4150541739678255	0,050481469387298805
-3,903073198709934	2,09755501442199
3,951543366595626	1,2645499464580823
4,834217530866404	0,3202694098537747
5,292040732952755	0,5675626261808723
-4,314934503321502	-1,3085695659362828
1,8658817086655932	0,3950447754732885
1,7457690858206674	0,3915237109652523
-4,9313916639467905	2,248370614056108
-1,5356492787388314	-1,1627682017359193
-4,473868503248709	-1,8244486463456586
4,752005446901208	0,8870034780500773
-4,488594635969642	0,5142400662606234
-6,3162734651404415	1,1514225054152232
2,3951469622987283	0,24179803219258805
4,785584023351665	0,39414108734334186
-4,456842956927645	-1,909542088905912
-5,034788539319078	2,3887663982234137
-2,4475161182701886	-0,5702541460255433
3,5918302639897592	-0,028837086700791437
-5,768053597445844	0,8452821657591889
-3,2168729240384204	1,234869996231662
2,9405377962227037	-0,07600205917215663
-5,753772048703452	2,2312127552556302
4,872306881709562	0,7034600615705805
-4,711514553148661	0,6339737592748734
-2,3188820787475617	-0,29644012563211675
-4,34728641376497	2,123409862814885
-3,8423616255292545	-0,3874010811598534
-5,641571685164953	2,073569335753308
-1,342887445036283	-1,7879137439690775
2,2097458441601923	0,259524548652475
3,2945364619674815	0,09921194325164051
-3,1878161081367775	-0,3377900199469004
4,75961516036277	0,2559719685202978
5,135918623900393	0,7165055908475555
4,541615412442287	0,25020259280212853
-1,678515024997461	-0,6456242339403833
-5,834214777287064	0,697903167589832
-3,730074620720204	-0,4820671655272333
4,666545176429951	0,9522537818956934
-4,347063907770064	-0,9702238825956981
2,4512725717007124	1,3048221116361836
-3,221664892012461	1,4966668780043122
3,9839706390434744	0,04287478976294212
5,195688018464033	0,4150389748803169
-2,963111548387858	-0,20543835559774326
1,9744430912808246	1,0485663004317505
4,923359271286504	1,0083874457673152
4,950008593530611	0,8950613378667952
-4,045908152648294	-0,7164645946722448
-4,438875982684788	0,6404322200675234
4,329134627700302	1,2058967190523293
4,7112354600466135	0,1205816891982141
-2,3180590557135066	-0,29875564596999005
-3,0420268590698045	1,5547374249312371
-4,372849334726258	-0,9720657985069426
-3,89580636069496	-0,7001718170109552
-4,741434961862609	2,45207276194055
-4,056115463101248	-0,8790184632208982
-3,9146866458055323	-0,607075862661308
-1,2572613056998343	-1,8840876594005338
1,6919096120752584	0,7660541485499749
-1,1138963796332406	-1,7271173431110685
-3,1954780939324356	0,986490878699227
-6,178022616215112	1,3338149697688726
3,9068445664717926	1,2718724203301037
-4,059272631446235	-0,9132191204132754
-4,4950172012450444	0,5063473817643191
1,639303454983094	0,9063490216142465
2,4925164780119786	1,0491214079997042
-4,949350969896607	2,1480824788889064
2,2249359499561026	0,0951161231557156
-3,7806728439495627	2,0077416567924926
-3,558814651310549	1,9917151103470576
-3,514296665354999	-0,28602510165891215
1,649766617842101	0,8250745880112129
3,3348651485989884	1,1774142833375827
-3,643385243725798	0,9748037094745461
-4,341520151433253	-1,1308917748292524
1,553328627196209	0,7952827714909207
-1,941352709295853	-0,3546688210243696
3,326564008177597	1,2944756343236052
-5,2201107156197635	0,6236043977071036
-6,29035518712308	1,1900376149021172
-6,070458480994617	0,8600169473894548
2,9535558126013135	1,2351120147620547
-1,0428495715326866	-1,6626454539483382
-1,262237917098583	-2,0171256932241315
-4,475579686894649	-1,8446677755331198
-3,970893869527461	-0,6716044045000116
2,3310201349451103	1,0285718027760997
-4,326622447812441	-1,2589847671284908
5,0431954463152895	0,5976070857056739
-6,042907373608412	1,8171817135537345
-2,2182264268634713	-0,3941450345500672
4,663244165371854	0,21360943997532877
-4,318850362667238	-1,6041430227947344
-6,303587630197609	1,4258222287145335
4,2111397752688005	1,1846358763328078
-4,522462386704214	-1,8917685928092116
4,837479614600317	0,14876346539505025
-4,2807397474603315	-0,9362538858077472
-5,617608682418461	0,6719358946719814
-4,297740692516587	-0,9510414407636814
-4,231526559367714	0,677061516880474
5,210846233365666	0,8700195098626412
-4,7546703802944	2,3889438936414256
-3,707980213657531	0,7678498356183503
-5,2579050459170285	2,4272286946168484
-1,6875406830601225	-0,8218672262942561
-2,484291975880161	-0,18935491711207297
-4,5219566390978105	2,282854022563681
-3,923099616274518	-0,7536121845841357
-1,7040603283608915	-0,6629600922460483
-6,193296083423663	2,0066157216277816
1,8381751968449804	0,9816139353389177
-3,2246103252712373	-0,5306903439767707
2,205803255051915	0,8271877259332627
-6,039651820962183	0,9730461380430575
-4,322739454392105	-0,9712343896713435
1,5312916335183953	0,48831833457318696
-5,657921674173635	2,008268758961033
2,5341034156497995	0,051645215120136534
-3,2397870693440503	1,4283633577802355
-5,153591677393775	2,141700074875148
-4,352978481737395	-1,1989115181946137
2,4705491237116393	1,122157755167816
-3,8143559403830176	0,6147229649803064
3,416668946281501	0,07040317781611916
-3,334896106384364	1,8141399975111039
-1,2124229463680016	-1,9033465757210175
-1,4159611663170764	-1,3066069026266076
-3,6641771130284253	-0,4260437872269014
1,7937795438155777	0,306595230837271
-3,6829066848068264	-0,3000945000710351
-1,2313997242290224	-1,8218095037308049
-1,2055764183323037	-1,3410535937221284
4,538331270573975	0,10273390747214906
-3,9961009527954046	2,2116857414236564
-5,387920988474687	0,7123805479980538
-6,236531894939728	1,2994557077953388
4,974882582835205	0,7697998821021107
-5,426663770061512	0,6282912202533233
1,735240520229383	0,39326376997312523
-5,846806363521976	1,9232120561584465
-1,1234414104607973	-1,8526567156641798
-2,497917971777808	-0,1781449767013663
-3,3400183091977196	0,917857057671112
-3,907571822014679	2,0577230135098046
5,030519519278089	0,9453925325947482
-1,1732791871701942	-1,9413751545225493
-3,131575325305538	1,389514819702957
-3,163019137444684	1,1457721524836844
-3,514712241606854	2,0242229555051
-4,89172785819227	0,625050628884067
-1,768788492174364	-0,5383460692443076
3,39547298416737	-0,003984013898140182
-2,9765145775555713	1,3263639963420257
-4,19549900494479	-0,7538684849301953
-5,924649927661173	0,7914232021739588
3,8903825536832053	1,3171537026292945
-1,459868821898735	-1,1046959640091965
-4,327974886142465	-1,3920207114790777
-5,978291447460942	2,004234191160365
-5,964025022589083	2,001285589269709
5,148440648655514	0,6120622691532102
2,7635473628626315	1,5231609794240453
3,359699707669069	-0,04756902197177426
-1,4600321233961633	-0,8018088934021721
-4,275089029589086	-1,2273475798107218
-2,8374319431777275	-0,21906339179635848
4,358729264839463	0,04817764599472052
2,5355478802894442	0,15886809831493198
-3,6003448624291394	0,7562301619180061
3,5661955020949705	1,3625118946336319
-4,402948382598173	0,5317978515565661
-5,838143140805118	2,1296394865378376
-2,9521754856960545	1,3884213826958303
3,2328713190252873	0,09077716070838537
-3,4992295538771234	0,8187341592683178
-4,651605063736544	2,1385022284564656
-3,9377859955677135	-0,5135633939471009
-3,9991018330504424	-0,6368645828464332
-3,362248765210007	1,8107684038156577
-4,164472839161197	-1,342263861739403
-3,2747058589040066	-0,4564312235349226
-4,000306385636884	-0,5512764012263913
-6,1759778481627	1,815345248208065
4,918232102531587	0,2681340566762128
-4,172348255756208	2,4440824121005758
-1,8220578971527812	-0,48796890465429255
1,5308264565310867	0,7416156328012462
-5,042168179186226	2,1637075961120678
-3,4617796191859824	0,9937826294763568
-4,303757165375647	2,2369560779463855
-6,502709583057111	1,451833854561983
-5,410160663690579	2,0407917439796854
3,294484138451802	1,086538162371744
4,7080096207141064	1,1048309326503447
2,73982439233655	1,2379695740415895
-5,924564002628438	1,9541453342937374
-4,406809954437348	-1,2903985688797261
-4,22749090824307	0,5577179662142269
-4,9855184516190425	0,422979732577607
4,0707049859389945	0,1094166870812926
-1,8843504108317535	-0,5735553692445452
-4,529912582020815	2,3691721491135955
-3,855900012914187	0,7261934533014771
-3,856102288344754	-0,926101869031821
-3,6515684190147804	1,926246146249229
4,655119306568093	1,0334677517899789
-4,328237108424655	2,050542680508915
1,8320904727594312	0,9723485585781447
1,9709231128333364	1,119682830588068
4,247394317171938	1,2798575246328159
-2,3327779395182326	-0,3608203066473308
-1,159528433245229	-1,849611560647156
-4,228114745538924	-1,0081217632256054
-3,4719700955988984	1,0888693235442015
-4,7880470237667225	0,633407090642849
5,011766143468648	0,48866808248752813
-3,1046318689528194	1,159246547120398
4,051891570611794	1,1602909061287536
-5,842794499317094	0,7690002493403343
4,994510288740274	0,7753707871819604
-1,2155076343694793	-1,5233341874194055
-5,226870913613082	0,6430721298091863
-3,190107650791157	1,5207622783645762
-6,473616831214821	1,59691608081914
-4,197509605228435	-1,168774015990857
-3,9608883132229584	-0,6893716030070165
4,986359641497055	0,9633693910288244
-3,2268320386254743	1,7512284557911924
-5,669161963682756	2,0251233658555075
-3,8588085969176555	0,839172494473038
-4,471010472653569	-1,0151276547767996
-2,2174390144878515	-0,3481429529348996
5,006508112326602	0,7446683260284823
-1,3978166881448324	-1,0082007937027289
-1,1355097941762562	-1,4583387813651691
-3,0297527766273777	-0,25181287621678283
-5,129570511776961	0,586614156239565
-4,393214654893226	-1,780746888060463
-2,607524885211768	-0,3749424238634469
1,8417005042837866	0,22586031033999338
-0,9098455630220486	-2,065593121480556
-2,971503197035287	1,7659845168717951
4,770403401300096	1,047222813913194
-4,601318551919067	0,5516797130822109
-4,21293256537737	0,5268992672168634
-2,1852420312047283	-0,33471180001197065
-2,6351289472399313	-0,37370753289136194
-4,149910253003219	-1,0047871848589198
-6,172789175015	0,855064177877567
-4,0420342380088226	-0,7138793088314261
-3,516850475355116	0,9068652644020364
-2,007421240407819	-0,3834883697461766
-1,6081109860352232	-0,7482312864656908
-4,792046720851498	2,17650008006545
-1,1035761673644957	-1,9026474549901808
-5,940601547860185	1,7813939449019818
-6,281132654118512	1,7153529556264873
-1,1785457449415926	-1,597513713268351
1,5275624677115327	0,8410918349336869
5,013340267240006	0,9089787932116972
-4,504804471878316	-1,2349050124105863
2,8228928541404	1,0622224822934068
-1,6323052837867102	-0,654577308678898
-4,02181362745627	0,49928872308409455
2,388635509772067	1,160566598223361
4,929568924341032	0,5893749601166145
-5,4666362213171915	0,5637121965374652
-3,641801724874772	0,8619640435809042
4,856525093239824	0,26160062113796106
-5,038210385527325	2,258503789129663
2,705856176827088	1,254590050691661
-2,6470912306192282	-0,3742553784820093
-2,286273873720804	-0,2818896993238187
-6,251096980095086	1,2436711286016566
-5,6799982509810585	0,7293721445788871
1,8043303950580685	0,33261823508126437
-4,279936856877801	-0,924650858523107
2,938776084621951	-0,005712407882839887
-6,285265098833291	0,9025950667449475
2,1517400333542813	0,11914126754330434
2,3085520646272903	0,20865498564373164
-4,474955991513032	-1,7481739522723343
-5,093584718239733	2,253075392702892
5,0350453962799175	0,6215210377525392
-4,25542270956682	0,6028929610600516
4,811474688976686	0,21647913275095254
1,6017819405957716	0,4162082050097642
3,7831895680925225	0,09698554331968834
-6,288007403224688	1,6055618358202213
2,8820384850902263	-0,04108751796491683
1,6038391288265321	0,27998510122223996
2,5288994582565016	1,082005446652028
1,7969713829543401	0,10044695224528133
-1,6595983081327623	-0,6205053327379884
-4,338085667521575	2,3592241310455764
-6,307588278378614	1,7093144129686104
-3,4822100664835443	0,8691431720264297
-3,4221294755837146	1,272096994922209
4,62713047532827	0,3315162780339972
-1,7299488010363024	-1,0859980390089885
2,955434259119425	1,1896116518656514
-4,579647962631175	2,1604820558043434
-1,3770710133082174	-1,1489629971908604
-3,107659209244163	1,2123007726819606
-3,1463817888146703	-0,1291113257242884
4,314347372796427	0,07012682199816211
-1,6879852198555907	-0,560452311574019
-1,3348456269948497	-1,1063887691818581
4,307702918315997	0,1801271209119497
-2,1728819856680825	-0,593193466529125
-4,256361337137884	-1,5179465789753186
-2,7881047233383205	-0,14956098717689148
-1,43587520324365	-1,1808996845706852
-4,085422789243657	-0,9971235563712477
2,571294138232469	1,2261512998078283
3,646871482974953	-0,07506445547408924
-3,853110831578001	2,0250358504101147
-4,260456988697549	-1,0654886732244737
-1,5758228384149087	-1,0674788925452008
3,243596805116524	1,443593499850297
1,5538125365759445	0,2818601551286356
-6,320182739205715	1,142725895040595
4,9713790621393255	0,38606289224591994
-6,013760423540756	0,819243156185105
-2,16313778352215	-0,44099090489783355
4,6857387164183635	0,9667370997347432
1,8153349284465605	0,4556569878261575
-6,48912947135444	1,3161048183916684
2,9098858026616057	-0,0501749072271912
-3,1484924641076724	1,080130619430515
3,3211752593107895	0,06040668206033417
-4,390553950324804	-1,295689200801045
3,316238282421993	1,1587840262744948
-2,6050248624570678	-0,32697877222303706
-5,666811103553686	1,892156034110919
-3,7169081473291907	0,5106942612157849
-4,584678788390974	-1,8640386434801264
4,757164279924741	0,4162046773518312
-3,4878263570774437	-0,27330021974643004
1,8733373119707213	0,3216417649319592
1,8456716070093493	0,06996648506005365
2,8057241641002006	-0,018286169208588943
-2,8293778356167927	-0,2904960546508575
-3,3486178506294437	1,6705270086266957
1,583488333672657	0,5920433662518694
-1,8083394920958018	-0,7223485856959679
2,279504690090394	-0,0882098151837385
5,003051539256752	0,7580081447916192
1,771594307475247	0,4052572398825865
3,8832972129666263	1,3374830771874542
-3,069333408590682	1,1122258445415896
-4,401615391603799	-1,2037487688270594
-3,2950522965483744	0,8862357405117371
-1,2656539801690252	-1,5030116988841589
-2,8501046319991215	-0,35834469148771375
-4,986819511768378	0,4454012848575941
-4,0258913292098155	0,5459037529039585
-3,064125342875426	1,235975659600954
-1,3766828157914317	-1,1382613890530793
-4,266732304001854	0,6466069110506949
1,5021301441907438	0,553352238460687
2,5866153567425836	1,168902832926046
-1,8926821826427709	-0,5114054407036777
-2,7414425682801626	-0,1658696099215642
-2,9252888010625124	1,5476024146214233
3,11542490015995	1,2153921004615205
-1,61189681835787	-1,0281516610100843
-1,92800948719848	-0,4993986079158592
-5,309861515954213	0,678912169333993
-4,736500976848056	2,37439592241037
-2,206108405925004	-0,4246373281891551
-4,994565128600777	2,183293761130474
-4,054132061233379	2,279628963429248
-5,673534976960377	0,894576536719416
-2,912579487833125	-0,29060190388344553
4,896053230115307	0,40087287164271634
4,458233462732588	0,3189880857981351
-5,975073798658531	0,9308267707051855
-3,3364998900380147	2,0965813591465734
3,5208473729538428	0,005293947009775923
1,945402867591588	1,0309925814205407
3,5340743313488128	0,14190889629230719
-4,4656492943344785	-1,4756615865676443
-5,3377802473549565	0,5136789514725923
-3,8647532524203703	2,124854207375032
-1,1792888863740478	-1,1433323829146425
-6,269469626122104	1,5807260642876617
-1,7588042286353123	-0,5176899436433693
-5,855076925332319	1,8519550876934716
-3,48841274539241	-0,36063878195410903
-4,262309899082331	0,5366015399695325
-1,773674717532951	-0,8221588104095257
-1,3477117104461454	-1,201314331127163
-1,815781065507212	-0,5538755903066266
-1,0160870588081425	-1,9054856162230698
4,304129451171317	1,1856398632902319
-2,6571038980621657	-0,32625814487253524
-6,076556873011915	1,76237790427434
2,815672782926189	0,025065506319182584
-3,980120399342989	-0,6937180122715827
4,169645627824815	0,12769820309930097
-4,457423738379095	-2,0896965746883533
-4,223586619141528	-0,9663001017787688
-4,928385378213055	2,208692897777446
4,456912985725165	0,12492706827641609
-1,0590062258693376	-1,6500435917076302
-2,918486379911511	1,2271913287143912
3,857738090320557	1,3935258728177924
-5,443302067889812	2,1567511887266146
-4,5105125463105	-1,6277453986184525
-3,1771821683627106	1,7344504161667422
2,0058803648792702	0,905070652100457
3,4638284290483914	1,178869489545754
-1,2346036604236472	-1,4172809414328429
-3,324592269328086	1,0073513824171383
-3,626647249682701	2,124386627683511
5,082186725337807	0,5565177248431669
-1,200413225925138	-1,2616615797930668
-1,4228501011772527	-1,3498936172211002
4,552306389068166	1,2263895052628049
-3,0857263697651414	1,0225981051381963
2,201425874253432	1,2537697277349145
-1,049691572108087	-1,5403024699642254
-4,423289806365709	-1,2512606527296257
-3,63769204134853	0,9011402839563123
-3,3831818890543377	0,9632033316942469
-3,005530596153391	1,2821720107287802
-1,8066881335976135	-0,6316154404956964
-5,377746096020094	2,1493791706755516
-3,8021155641457254	-0,6123191339298972
1,5894561255299746	0,4622387049246254
-1,8170612670737287	-0,9049189142679377
3,256548248042871	1,3167397596793937
-4,697042671249644	0,6097952003761042
-3,1148550913184936	-0,3329446890483898
2,7112939875708277	0,0373967014531954
-1,1670038652541985	-1,2243736475630125
-3,1300350700037782	1,3733636679665058
-4,461257247542272	-1,4255255575225358
-1,4482365269219102	-0,7787664073192293
-3,040442998583688	-0,28799463829986105
-1,5614596212615433	-0,8539993581993994
-5,628929608946272	0,8880747518856353
2,064076464541488	0,25353094572826246
-1,3466858250616593	-0,8656839524954305
-6,22473459932358	1,323790003372437
-6,323677221227318	1,3439599216904332
-3,3064752012290652	1,8533540039411898
1,5637448686991329	0,987511688809388
-3,194918006772738	1,252809515395482
-2,0503727546884836	-0,4094482510033737
-1,4225805165650536	-0,9098273701603397
3,3138557748232174	-0,1808905201793698
1,7685085238357232	0,8932543958780201
1,8081309922552533	0,10560971563023991
-3,824446073832633	-0,4132755572516267
-2,9942109653253697	1,2216683051547816
-1,2793669826884848	-1,134757399579864
-5,988388253572518	1,970997617440243
2,0427929452265	0,19659767958703955
-2,6270930676744277	-0,284486153510489
3,496662667390532	1,05112672624207
-3,705144744050151	2,182164349761883
4,558108790753841	1,1433603912185242
-5,019407016094031	0,6484293243595253
4,408033408811264	1,1757946084235589
2,5872189780197474	1,2731348042808919
-4,31887620985558	0,7521089104430797
1,7689967226518584	0,2390597626578298
-3,8771783787931504	-0,7805958332508003
4,433884491749108	-0,021965574624616457
-5,097063730870977	2,248053207788473
-5,144729001074573	2,1110738714626613
-1,1582476102031989	-1,4655425683100196
-5,780796589396593	1,0368645318668448
4,211115367620329	0,14366716529821072
4,618800137241901	1,0739171888151344
-4,869179690871939	2,233784449473725
-3,135023458593808	1,553839302373941
-4,370604878500803	0,6599353042795538
-2,808383374082463	-0,2943886424803659
-4,471746975760479	-1,3360973766369417
4,481828670806715	1,0102734816801133
-4,227349385291753	-1,2147383280820203
-4,108423188126521	-0,5873132855724144
-3,0674527269774345	-0,31672237913671064
1,7843300166652794	0,3381937169051351
-3,8979733109216577	1,9987490020388048
4,602276260543325	1,058387999289364
-4,611554642608131	-1,8860251634856398
-1,2601602795746127	-1,4484657564664096
-3,9973759968359146	0,566793761233427
-5,652045709449525	2,0778874302499077
1,414076587939498	0,6666562258426354
-6,068476884995874	1,8595981503597239
-4,559389096058262	-1,668060872165378
-1,2141420413030224	-1,7056724577492985
-2,4071901476207667	-0,3272808344994378
4,768197880265612	0,8960324796212155
-4,397576381822187	-1,2251314494691288
-2,393072367258169	-0,3550306803468197
-6,130579670230134	1,7203998469893103
3,4217243684975154	-0,0680032228423394
-4,169272730101864	-1,2073073186434378
3,4295385512767984	1,173060270081741
-3,3876078517400408	-0,3608066921678861
-3,277882206995961	1,112103910553008
4,844340641620717	0,3121679434968276
-3,629725369536855	-0,45732893912610484
-1,6360460990168517	-0,8237426285962033
-6,257519116721614	1,7388416945146528
-6,427883195576431	1,5252058339917076
2,8490931659100815	-0,004083442658958214
-1,4089556448119072	-0,9047953532560904
-4,670718020156285	0,683764797116845
-1,7616945053488284	-0,7536511128124452
-5,507447723872953	2,1259113150666
-5,5006267863901295	1,9447149751533346
3,0444127711822553	1,1018636066642518
3,3262330860731293	1,222206348653955
4,465764206590755	0,19622102220085702
-3,0297054290811625	1,4807961734050243
-6,286598552556864	1,4814219232952093
2,7131635936856293	0,04617480581008593
-5,831236981110332	0,7159575534682046
-3,731758561374429	2,102792045699734
3,574708620202559	1,2902713893078435
4,394329070976728	1,1138946273708488
-4,256822240166041	0,665186221494897
-1,955736942264828	-0,4636270363780981
1,511179041201654	0,6095994667478866
-5,311428737321905	2,067709951184092
-2,8455817250304976	-0,1404809574474455
-3,1717845030495817	1,8069716774071676
-5,987537417126125	1,0410943183358
4,203019292888203	0,24925047610771922
-2,0696784108224158	-0,5690991180837184
-3,33958578222712	0,8831073269962251
-4,582428045947134	-1,3449796039509276
-2,102838169479961	-0,4323330550590654
2,2947551411171987	1,131089272383037
-4,371396871283472	0,6747640503442007
1,7691019702952215	0,8369204548628678
-3,1859453591849825	1,8336027980534462
-4,10210321364985	0,6977010453860644
-3,363712086640037	1,7326654642282158
-1,471606751469285	-1,0427521130170962
-4,841090407894918	2,099881137955974
-5,200790898924936	0,6182105214549599
-5,465019613806718	0,7551626600272283
-5,935449451008687	2,111979067342083
-1,1992091160951377	-1,3565098927824608
-1,2273808289708903	-1,9712593442127937
-1,5443060261710606	-0,9162504235830633
1,7202932602364587	0,8295137814783591
-4,333282961942458	-1,5339292870084462
-3,1184619095994774	1,5234568725832234
1,629765772442804	0,5793118810180818
4,979104929477036	0,44631151205660785
-3,254455134507305	-0,3440525935158534
3,7640995565748283	0,16852579293573278
1,5679192695306678	0,9377048416987124
1,8895554120493037	1,35044570006151
-4,026452033312837	-0,7345803897235683
-4,561628882372224	0,5585200592074882
4,030850013596451	-0,13198263294612733
-1,4535436903419994	-1,0284490673895712
-6,200128865239126	1,8861041627605029
2,758266259918237	0,07905443523724298
-5,6165145091909	1,072643460257735
-4,0080156845084325	0,6274068141922792
5,088696620139869	0,24324988719266166
2,1554455913150106	1,2276159328896203
-1,5987559305631154	-0,6092576599697401
-4,001979275558005	0,7905814481427457
3,169380649371359	1,300902599360009
-3,1469195824336595	1,2570284866930566
2,753720355729701	0,12154563582382427
3,451539825898962	-0,10674264399260214
-3,118027989688756	1,1769167333731816
-4,7373332844118785	0,5411088189545923
4,059781343535478	1,2822299589693875
-5,350717304174577	2,1670069937911007
-4,9906032228632435	2,2654651948441717
2,167188448449404	1,1967799193050186
-5,884642183999239	0,7716994509572264
-3,9725404764575205	-0,7170181497722357
-2,959484416054409	1,8219554282947703
-5,985556053980634	1,8132420621843086
-3,1835938577485567	1,1140491791646365
3,523695870829397	-0,020529931982902982
-2,4390030359484185	-0,05143270837412639
-3,3504836990288394	1,9352189163242812
4,91485699060182	0,5735543213845523
4,0579937181256165	1,1903164670135493
-1,3377691427708025	-1,234441639258601
-5,970937404754977	1,0385082065121076
-6,1949623780331455	1,6230670606042041
-3,8190488647566743	0,79485828493302
-6,033703432692089	0,9982914154938973
-1,6646063329932157	-0,841884136746869
3,849249936938527	1,0856651150348648
-4,048160194577665	2,1254497983019305
-3,2635126911727625	-0,3676241963841078
-6,243534134310212	1,2364041780119954
-2,6369080404883745	-0,374505436541255
4,831860656773602	0,7775591184762713
1,6306455721121558	0,286482887627439
-5,761325882010628	2,03334411948818
4,677710700367996	0,19536305233319506
-3,3944304689439067	0,775873337647445
2,2747270868247274	0,245215876192575
-4,208015037999215	0,7387220386575335
-6,308169584083567	1,5909795224731478
1,7004617255346937	1,0296725900993293
-1,3587835033401756	-1,0325323907734225
3,156357687175881	-0,09053663276175716
4,107614642305326	0,13510853293827607
-3,194435115915697	-0,38450565445824325
-3,3799273550940736	1,7099659925559876
5,013291949904242	0,13113015586700294
4,247232572598136	0,08947115601058808
3,465909788571073	1,4638144592916682
-3,689437370303327	-0,7266145822862686
-1,1699368908220915	-1,3227210789959392
1,7463267063154306	0,33814547293081365
1,6253841305278858	0,8218464153062651
-3,260591644553421	2,110138363740846
4,013234028585226	1,0554701641614055
-1,2099637037508812	-1,0643209756838128
-3,277617397379663	1,9114641028927233
-4,293216630188041	-1,2355544136602714
-5,537889145510067	0,7181686262330684
-1,1510749800293327	-1,398183755945946
-3,1361158884199587	1,7862510573021724
-4,506964360395149	-1,7396776539065277
3,9549833561632046	1,4019544250986038
1,8969343939900518	0,269233953664293
-3,000419851618139	-0,3508530404596244
-3,0741397807271227	1,3132425675614015
-3,332175435040453	1,0858972773584554
1,9153892304437665	1,0960315867697665
-4,281159288684002	2,105459410226554
2,3856599075066396	1,2073748153378288
-3,1770397607830194	-0,23196697476828132
-4,3935712398947455	0,6651000076224011
-5,873125579571619	0,8783477055337915
5,002550579559344	0,6711254325875078
-4,606533807137449	2,1398163031459814
2,967901543064385	0,09384063791333741
-5,905712201763066	2,0018441773928277
-3,7092560157307655	0,901312647037794
-4,249853269263865	0,5559246701576634
3,6458877283148325	1,3324655625753432
-2,0096110046013957	-0,34128340983519445
1,7138544217206866	0,4091213292253014
-3,0012716294807795	-0,19777790995663969
4,390591826885687	0,141848313108344
-4,46489912088435	2,244672110318598
-4,056894144328147	-0,8406744061619444
-5,136229883124603	2,1496124683485647
-4,161103588527121	-1,1007512299361668
3,4191437594071874	1,252540556392012
-3,2511725068814137	2,002950951978872
-5,650490158305021	2,2122833986994532
-3,6982914542321867	-0,4661635502904491
-6,194390778636237	1,5884017954336749
-1,6666267365587224	-0,6684045444024171
-3,0310379523055544	-0,22419443025691743
4,1614928245299065	1,185896105192938
-2,3045256027988055	-0,1490712747767482
-6,276570916612306	1,2857486436662173
-3,5434332517234677	-0,4953061853669736
4,523147610215425	0,31235006560105516
-5,425567868444613	2,1892482284941446
-1,527393494625719	-0,7064377361728666
-1,1056649452401384	-1,6880922522374298
2,657967812730801	1,2306286456034365
-5,615620537048117	0,49554253242442026
5,007170159851778	0,5881468394986221
-5,975421729575336	2,011068086092605
-2,422065576364493	-0,31190510754145984
-2,4109122489179704	-0,3929632573502886
-3,428383830947971	1,0347294163416596
2,391995752275963	0,06556868427115703
1,6489967093170568	0,5740873184046956
-6,2783561800589	1,3693855176432848
3,45591968560054	1,4284064202669358
3,4196331188149327	0,1219408511165434
-4,512607376609758	0,6396033285816278
-6,216689592313238	1,500993989034795
-6,224333133254676	1,640692524176972
2,0856451959964373	1,1479177807138061
3,705159031044964	-0,06583278994252106
1,4549801464801941	0,5817934777257272
-4,227106028726564	0,40613960567244334
-3,238161850879382	1,4897880934083665
-4,426952442404982	-1,874787913243904
-4,3864046248391375	0,6874818940592556
-1,6710288406058798	-0,729014464876037
-3,389825270357888	0,8875095166866369
3,888944370162405	1,0902413371508182
-1,4106197049306994	-1,1564362120720535
-1,7702532274066478	-0,6355165886284413
-1,5626667130481966	-0,9497799439772738
-2,8809247715049593	1,6706871588784602
-4,472353703958984	-1,817661622623542
1,726778235931368	0,2293332964732639
4,8933807957384285	0,7728679583502205
-4,538631695193341	-2,057757842589728
3,6542268039012784	-0,18312261291627163
-3,3618715671391732	-0,2856866505440119
2,7022434642591886	0,009021283527528956
-3,6410542550698164	-0,6241950322045025
-1,102360207949873	-1,2738524477617956
-6,269424214278532	1,7247823213177176
-3,476077942505607	0,9811084701000201
-3,299642011576964	1,6967869251391505
-3,365539114549656	1,7427859341489074
-3,6267255341543576	-0,5328229026064992
1,587777996776525	0,27733519888519403
-4,459889566832649	-1,6286463396193183
-4,798073681341597	2,2607004518764304
2,055490327125336	1,1485301143167348
-4,188704758904335	0,48311536548063394
-3,4413456237488496	-0,2293715405762411
2,617024467427369	0,09468187548594975
4,961555064022909	0,5355215668115788
-1,7659854640430188	-0,5703757509640706
1,7134800635047942	0,2395041972968639
-3,7675571228080837	-0,7498180406825907
-4,110626300454444	-0,8941598101282688
-1,153944121637063	-1,197618147172728
-3,495918032487161	2,0654866509307936
2,9826275330560392	1,2808767992641497
4,011135942287318	0,08513527082610606
-1,2663681498463188	-1,2666227577239408
2,2959762317850885	0,16120882032682943
-6,011271891312501	1,8447238266587016
-4,285477965522167	0,6982235583832153
-6,013562381868832	0,7185230847094053
4,650666460827541	0,9930234675472954
-3,4082015358790683	-0,4392969058329286
-6,414272564031779	1,5784967747225005
-1,522560039741911	-0,9514527997661191
4,160520779736965	1,209453765302389
-1,2162131695092586	-1,34052057852454
-3,5024818196255394	-0,3462555047092881
-3,930771945630754	-0,5999331560265087
-3,026990018518428	1,4125560346544628
-4,19984664013707	-0,9865296678202081
-1,080307307457943	-1,5872045425798373
3,2123938162184444	1,2670722443328697
4,967427702044594	0,3054525436326777
-1,5903449822808895	-0,7780304621269898
1,446870003384185	0,7805270776488911
-1,9921716961011748	-0,48655532710336713
-3,122244059592943	1,4048759460245228
2,6563066265242905	0,07383535355196713
-4,580670087572458	-1,3942805486966552
-2,967647263779096	1,2549088955249943
-2,1683262537576944	-0,19425167294316914
-2,4332275708560607	-0,26486437466618673
-2,8977108314142117	-0,40710366136966836
-4,423006983219066	-1,2806010047437963
1,6623962429813124	0,3684024285320338
4,3718867434878685	1,0667646235955328
-4,5812165749657385	0,607865316235474
-3,3424145202826585	2,0403670706101913
1,6385389761018645	0,5136129705086635
5,249804461175325	0,6038001734920968
1,6470709328626294	0,3999910630724623
-2,777672514019741	-0,25806305309031363
4,68687816759788	1,0590319688722372
-4,302483646519406	2,2076492044833547
-5,922182974538405	0,865455684024121
-3,885936063949641	0,6896526828873573
-5,561931752756926	0,7392183579993541
-5,0757671342618345	0,6294718874219623
1,7454785116779072	0,11640814294305901
-3,41844528722376	2,1192130616438845
-3,269336170561698	1,640422077686039
3,9053010409287063	0,008870492600851154
-4,3093335117926905	-1,2119753386185903
-6,363618514605409	1,4845161437333658
3,2254220818171158	-0,14545515852038127
3,9008434512598593	1,3298564465428617
-6,151792385789454	0,8982941943953289
4,09428191158135	1,2816911710990428
-3,5180272962102372	1,9199298330174814
-5,80061647569748	2,036935621962086
-4,356582646545469	0,8001285913204026
-5,720192395239818	0,7121732348021893
-3,571014373617564	-0,5535656077998303
5,272534688240417	0,6160791779995476
-4,195182526476724	-1,0323404184865752
-4,511665987622467	-1,841070305992085
-1,332516649065481	-1,922162675842088
-1,435956511059201	-1,1197110879549288
-3,9053929403320202	-0,9386243629281255
2,115573932749993	0,1295970021118461
4,41348907978989	1,1943056087189041
-3,5793100132969946	0,8739985256935676
-1,1707667499919978	-1,16728012916324
-3,4445683336149306	0,8389335742317976
4,070387279968596	-0,07605702846854556
5,014596401322992	0,5373425753802195
-3,560071259312831	0,7686868616446543
-5,187218688090076	0,7328979518343396
4,037536847477959	-0,03883651369690777
-6,483425860827429	1,4811313931676438
3,2255483546682147	0,01676114545942764
-5,921375132361837	0,838393125245232
4,553495714436604	0,9205918740868255
-3,973376519050543	0,7363386695045869
-1,3103349921359606	-1,2060586947892975
5,035704577084656	0,9319368155318266
-3,8246780459446845	2,0172291847713604
1,5481190569107133	0,6733955104729034
4,613148086768955	0,2205949080018102
-6,314511164026926	1,2897868733400712
-4,379636322773932	-1,1582461544676979
-3,2026634766602697	1,0428655339987998
-5,953041525708919	0,8316375802143074
-3,5796909222048154	-0,23077968368329094
-3,057491107488419	1,2263668517597404
-3,9428434227943163	0,7556095485952968
-2,891816590638849	-0,108029908107236
-1,19750975828171	-1,7386949162855254
1,6232462054063892	0,3133533461883523
-4,814547856024574	0,5673711022844903
2,2937256821467145	0,01735012534328162
3,0441995455747386	-0,01671145486016956
-1,3104954389775056	-1,2256626211317974
-3,1580479789697584	-0,28253006379765977
1,6513290819344795	0,8779541886224227
-2,5462465776944843	-0,2517926512073343
2,589159438702633	1,0147177868588049
-3,5490925362305408	2,2474322171337793
5,026545960918487	0,5981214834193396
-2,3931613011189077	-0,39586666581268193
4,847239355399533	0,3186688995995669
-2,8927878321784846	1,387129914171879
-6,146588864470715	1,4434288863828393
3,2926791557788126	0,12459453844436119
-1,1735493374664003	-1,1237188758617886
2,6618637648781096	1,1614059337552787
-1,9740012553514235	-0,5608787682787109
-4,251199664643906	-1,0229233765437937
-6,219079298319572	1,8983628972895956
-4,56750580590726	2,213987359505984
-3,492669116519726	-0,22347094540826107
4,202097291526019	0,0688086718100086
-3,2164029187026317	0,9819993804505416
-3,2027156016403735	-0,3521005301380862
-1,309872534727662	-1,209018804029457
3,436580790998698	1,1972911280879504
-5,857792844079725	1,977168974755477
4,923998725068326	1,0241087983016905
-6,1763434685621545	1,7342889484125028
-5,665820491715709	0,7903365574686319
1,352198477391949	0,6941633595610803
4,184295411864064	1,2129479600321573
4,859345647330981	0,2573940782613853
-3,4517593250168397	-0,3367950525391412
3,3652512117707025	1,2497786499727002
-3,5744471147689234	0,9244970059389961
3,824989714779582	1,1052242001406882
-3,384214934292622	-0,43270727110790075
4,995584352793259	0,7840176653043698
-1,0641231494165817	-1,944890902003662
-3,4449704636204057	-0,3881754972354494
2,694651285918444	1,1908845544058084
4,921723553094497	0,42585830929589413
-4,3778425730146395	-1,9243875995346267
5,079011928933443	0,46885251836049374
-3,688762225730186	0,826378549967645
-3,3330458710928164	-0,4766436497147044
1,664567138302262	0,727911638870926
-4,498225222853653	-1,9298734459189735
-5,200165289241321	0,5358343332630252
-3,1131633892585344	1,7001846002884402
2,886422019558353	-0,1472714411946776
-4,747295688378426	0,5532996595834855
-6,13413811933016	1,0676964911085094
1,8976808104444458	1,1635763792818667
-1,0706695845099405	-1,7522737199156064
-5,6299137996782305	0,9116124425116571
-3,106635513444878	1,2074683028437618
3,769035158507529	-0,05049145119998
-6,185821338639103	1,620445615624151
-1,359336126708182	-1,3031557520341364
-4,468284815851056	0,6287242006237418
-1,8515347233988053	-0,37740433759378766
2,816277667203712	1,2534368190064553
-4,360316924665693	-1,0307867885902142
3,4044923169937595	-0,054722415156920556
-3,2270814118554836	1,5064643247091
-4,117437026752092	-0,8999083909327474
-4,426337026169907	-1,2804731763315693
-1,9786148945506108	-0,40929161646745715
5,1319961115085935	0,8110402723996232
4,413216731743251	-0,12023441693794212
-4,033861812558041	0,5273785318815136
5,120817801800284	0,6014055886613396
-4,5673131174306585	2,1691936602398894
-3,1223209382178787	1,680635413848778
1,7857586266359196	0,9926899870738289
-3,4126182628817467	1,076275459230704
-4,704436811192103	2,2870927626606816
-2,3614194730184277	-0,49893842272873146
-4,5064838886573835	-1,530447837293448
-1,9952314537876645	-0,2558275012026039
-4,246599697995523	2,126265044333424
-3,2825845401814355	-0,28835622182414244
-3,1364730306759117	-0,2282220617631152
-2,2732577226725454	-0,412187988323252
-6,288787841209416	1,350892103382329
3,4645703943715773	1,2955309491596259
-3,314350875729544	1,5950981004828324
1,4911044007432444	0,6676413143027398
1,5710010790507947	0,7177118506412892
-6,147764026388302	1,2490864126548828
-4,271301800024155	-1,4646416377260956
-6,2674261497030965	1,6694741625476768
-2,271900769168447	-0,20102148194468472
-1,1170516206057928	-1,8968612478009885
-5,8374219813320085	0,8359168351194444
-6,110274313599177	1,5411221380529783
-4,828531359337166	2,184019519305575
4,912597512491828	0,9304548534169979
4,779094694838269	0,39508306787557423
5,270909460953635	0,4859921400038959
3,8003138523101123	0,10817030006699424
-5,331909115913455	2,337896791051831
-1,6960773232711532	-0,6032215587167797
2,9666779475433955	-0,09997080149914517
-3,9541041472469654	0,6701119383414167
-3,164143008817418	1,5864511272508088
-2,349703820008847	-0,5247715840112379
-3,958993332424053	-0,6321279673172389
-4,1673086556840735	-0,7923492455163603
4,578952101292893	0,20954030779829375
-3,3356872843622996	1,7968617502372415
-6,011803946031549	0,8776071796485456
-5,750663525072135	2,2883483084015515
1,6063709025171669	0,9359365983931656
-3,423748174002723	-0,2621843941349966
2,661860668492325	0,0637102191128962
3,745159107891669	1,169481329098819
-2,3924417781173117	-0,3978244042819139
1,7916529731426865	0,26367099592293836
4,438589753986655	0,18476248073585022
3,671133136807099	1,1767405299939329
-1,2362098871973397	-1,213947500672879
4,497978932901132	1,109132753563478
3,2612166777958485	1,1342095834329686
1,6450034896715942	0,49852103663587405
-4,38411069889851	2,3334274211761397
3,105754713188199	1,360919136477492
-3,3800996964107526	1,039233344634917
2,0740351208974177	1,0628740370996814
1,9239674805624383	0,2965282528943788
2,539070043945124	1,307483167715501
-2,6187303245681615	-0,25022665248411835
-1,2146504567452028	-1,7778317943413522
5,1371777191108965	0,2908485205753813
-3,030081045308212	1,6169339854290639
-1,2133131295988326	-1,311541320519054
-4,286761901104207	-1,8330068884843695
-3,026946826691484	-0,25151454393811146
-3,409663795582695	-0,3988781846681879
3,2292240341314407	0,10505413298966915
-4,4468837787346995	-1,5053380029339647
-6,013623601854167	0,9757672897175829
4,772586656861735	0,7844614409657541
2,160104570754915	-0,038067356742028546
-3,96443919300283	-1,0015972854071964
-2,069208439130817	-0,38279073300856137
-5,842953982663648	1,979047221699369
-3,390173114899956	0,9103504753202598
-3,7651774610119952	-0,5055754311252973
3,3995900997526154	1,2071374398336778
-5,087853198547647	2,151445181974653
4,898719057556536	0,40286762196258696
-6,1965209154808445	1,0439741141542884
4,238453405230857	0,28428854092650047
-4,075891085801917	0,7396654246215969
-3,1903966326383872	1,2779704802500267
-3,5122176086997854	-0,4081319389449609
-5,762214906042383	1,9460034035577372
-3,230997474828001	1,1907154814661531
-4,523916927005209	-1,3564676556995072
-4,500773987566458	2,020373058315511
-3,8388425693344645	-0,6640148947134672
-3,490087553292421	2,053820235244307
-4,3170349132805805	-1,0206399203664962
-1,094283022318435	-2,1415366030924394
4,586012509506559	1,1152349806210673
-3,161452318241687	-0,5097672796419255
-3,284371769149362	-0,1585817521631212
-6,3525094426333055	1,7341964358338817
4,646393457746644	1,2850104933252648
-4,264434476680876	2,279134683901713
-1,1209859524908279	-1,5279084717960276
-4,146284156237751	-0,8647183762247461
-3,2251593533538543	1,4134058629091506
-4,194156213758195	-1,0013878113655585
-3,7501098344510946	-0,5412184961203368
-4,273707019100475	-1,6554797410565287
-3,956439585073081	0,560024884057346
-6,16988560783874	1,0797266989358458
-0,9642957634586173	-1,6805615652015216
2,283340819937192	0,9227959101901471
1,7755510352034531	0,452752738374129
-6,304525481387523	1,4013556827804552
1,7643958020208481	1,0060097640927559
1,8979460746295516	0,32500222230068887
-4,347992773419136	-0,9380932585695136
3,374704748773337	1,3239167825960503
3,26657909255695	1,344484408467458
4,3645274909092695	0,4138981054771971
2,215236091484921	1,1545241415904453
-4,515006883129793	-1,3140744084051628
-4,576758168035958	-1,6944598642224036
-5,5028986761710765	0,7431407266256393
-1,7222681917862859	-0,6645839751290856
1,6161903253489045	0,841505106658373
-2,5990444351441546	-0,21214457687436306
1,69093654868831	0,45347655209420207
-2,002898053762687	-0,4947187993707125
-3,919972609349241	-0,7061445857623254
3,5719320332733426	-0,1658824186961122
-3,5920641008450223	-0,563299954799606
-4,118696590794588	0,5918666989764186
5,03873793182693	0,5041084130089935
-3,131403027732853	1,476960835607084
-2,232668039995714	-0,255862485780773
2,209282562296739	-0,05370701851345083
-5,1418006372267255	1,9486334222443835
4,955830912977451	0,6104464443626199
-3,5501038356132284	-0,48172962706687583
3,4369797050209887	1,5653725879032223
-1,2090823242844602	-1,7097707812376788
-1,513620845472647	-0,7988732635130869
-4,298924698768952	2,1827527115828422
-2,426899784837504	-0,21669469812347208
3,7016507488969146	0,17874682782526374
-2,6963091728234865	-0,3586769035684827
-2,7323413845765536	-0,22620702250242575
-5,604000123625313	2,1997808056642243
4,38221582656795	0,09299521468644334
-3,4544579114853784	-0,15084947892692435
4,830646272298754	0,36443789265551063
-5,207507448775766	2,2745870394158443
-6,425427182789866	1,6511760610200041
1,6356034251820286	0,8594134035910937
-2,6581646330593385	-0,39517336511352585
4,570544189564062	1,032270678306822
1,5907656009574638	0,8671950769677361
-2,6830594451082908	-0,2581919376970019
-3,1001165784782927	1,154102751119319
-1,583624266323891	-0,8165794490940581
5,071733667503685	0,44669785204629603
-1,1013818353078824	-1,2072577943593705
-3,2889979846988915	0,9457693386319526
-5,133403468913304	0,5518872608755645
-4,369249168598739	-0,8836676199871076
3,9908256851270294	1,210118851467505
-3,822435877529833	-0,5589043125994047
-3,844795202186091	2,218513189288117
4,775198547507422	0,3362305772305118
-2,647573723414963	-0,33508280310163086
2,977407141282803	1,349185679131141
-2,0570970492493474	-0,4999851919664353
-3,3645352721175446	1,7806523092695465
-4,451366230196301	0,5999377371226678
2,1699805818098636	-0,0698190351453698
-3,4089197040158408	-0,35464490795477643
4,754248232918794	0,9685939866923554
-4,101900302511095	2,16271883860757
-3,1752334490793723	1,0425621834259036
-1,4506028181710164	-1,1388927722348394
4,365365212685228	1,2408470342938953
-5,906677477937719	0,9130911960369849
-1,5761687822799029	-0,6794470938689339
-6,249590021818654	1,4132933867502167
-3,304407863650057	-0,31383779591516525
3,9524964143407084	1,1507965757872372
1,5183851274422824	0,7771713691777932
4,792232203870554	1,1715280729183304
2,451854589495129	1,2236314105607309
-3,1430270466678816	1,024220391365563
-4,312863711187826	-1,4468066513736364
-4,464897083165622	-1,4149594485362553
4,378497714468478	-0,021952259907792482
-3,2053022776321067	-0,3155941020509987
4,177161323578822	1,294203226194613
-4,341257316767699	-1,2658850653716893
5,067233916661339	0,6494814614033243
-5,949904103837014	0,7477787476432378
-4,346432473321469	-1,237480078831667
-2,1252749711340906	-0,34809385929497827
-4,609872473299893	-1,3665268890304603
-4,9067904777568065	0,6860640195057623
-1,5451838668926996	-0,6822624042668155
3,8639491856261	0,0023418148092818614
-3,0448632225761014	-0,2858573984622679
-3,670133118522343	0,8126103628181296
-3,367712833199441	-0,5298865450577717
-6,448509259934609	1,298801328686898
3,655316013327179	1,1023585373759248
4,260952857279856	1,0027849226923833
4,018799701474442	0,14087571919209174
-4,429974625049519	0,771733642870576
-4,364433636451206	2,1250597095801678
-5,2052273579353	2,269715802254
-1,45040858146566	-0,9622194244448161
5,054822280818971	0,9168415821672572
-4,738660719697374	0,5663501801134476
-3,5575896494714856	1,9536935812057332
3,890971879516411	1,2908044881796024
-1,1883690041678068	-1,705131489685936
4,203899273139201	1,1160426629207287
3,4833759890480147	0,021493743556565525
-4,075406399886116	0,748263842417299
-6,335514173499698	1,5147953906122082
-6,297676338884568	1,6577502377672604
-1,2782962749322961	-1,0467856164626794
-5,062778185298772	2,144536348691884
3,5905878697137465	1,2108069250210802
-1,967609330759696	-0,5977872980654806
-3,8492981072411103	1,9439125039035752
-1,824895287946637	-0,7114306193314073
-3,4583298074638464	0,9591160619141675
-3,543539464193494	-0,5155330829951259
-1,415011572716437	-1,3336381160017763
-2,6042437765232513	-0,24534007510555922
1,672917349755251	0,516773147312346
-4,444118553571047	-1,531936324386809
-4,049491550736791	0,7503493424831563
-6,362061697004181	1,4285423789572858
-4,101301314107376	-1,0954706789560054
-4,349779941611851	-1,5526206301090404
-3,5059863684376205	1,8695794475028928
-4,2295448920310506	0,8268473202007098
2,4800045945398668	1,1223549102576915
-4,839521456310277	2,256310459682489
4,671183524198399	1,0189439361080634
3,62719998930923	1,3487855066816352
-4,360747971139753	-1,126566087704219
-3,7178433808353395	-0,622640820773243
-2,481936991852346	-0,39331305576166864
-6,253307194306515	0,9776917222641228
3,3845516019699833	0,007146279446516801
3,7269828187624294	-0,1994297850593474
-3,102417253660512	1,4167653092810597
3,4678633313604386	-0,056257608154633876
2,746526529911778	0,09712013760338045
1,9973324235622614	0,9695418207453277
-3,6490561695228276	0,7062911313877009
2,602815447888435	1,3833315352951736
-3,863954005607889	2,187696640663812
-2,623086529847275	-0,48962192905969437
-1,900787650192456	-0,6414917262747899
-3,5371831775636524	0,8527797230963232
2,5055692034884363	1,017936579229508
1,5735199245664384	0,4895613316951973
-1,1287673537105547	-1,630115988549294
1,6842760346770052	0,9439435932238588
5,0523581008786635	0,48984443687081614
-3,3674394900239903	1,839578580374725
5,135321371936807	0,7039241136883994
-4,469018522902422	-1,3309113926753153
2,893770599217463	1,3653980643555188
-1,2475389070459935	-1,2333232860626842
1,5624865491480016	0,46886713306310746
-4,099609728899054	2,2684942956409486
1,6114240433618492	0,8745743923053897
-6,18332768350549	1,2620184960930496
4,974342110661425	0,612464836179449
-1,8661795341149774	-0,562596577626169
4,557613948332016	1,0820594451297574
1,7148984327370909	1,0399985298834769
4,647836017243042	0,8947692901874469
4,802533747576069	0,9781116749976435
-5,69062377646529	0,6575185161470632
-4,585944073112577	2,2724809317867463
-3,5434381870635034	1,881323914039821
-3,4081076722642063	2,092527497121249
-1,401917928519576	-1,1815543965767694
4,887677894968586	0,8295245481723756
4,03110760939254	1,3745833491374664
-3,0261178100993766	1,6245003927135202
-4,583469435463238	-1,6880349169367985
-3,8514767327592643	-0,39129387463836807
-3,310350117230355	0,8405409838272504
1,707620824816663	0,4097606114780029
4,246745814036159	0,038255628560584176
-2,7235367378450017	-0,20718285016053883
-3,7407152395494583	-0,3320957602032537
-3,9901771937788464	-0,6199356995997098
1,9683270416303387	0,13167495659239403
-2,1948206385611875	-0,4777210378207688
3,5110087473775025	1,2495007748355358
-3,2551123860716116	1,8097259538324468
-4,936599913569577	0,5694090688399788
3,276214077666456	0,050200677334282684
1,9420924900449674	1,1864952304459142
-4,352142558424468	-1,2004310613421776
-6,216874577334707	1,4545976259100126
-6,298051093448992	1,2078443361306275
-4,3854138948632295	2,2982983091818947
3,9384488966933042	1,2265110108339397
-3,476788392733184	-0,4893526690243384
-3,4141779327476396	1,7147392788238598
-1,2250411078277903	-1,8869539764397216
-1,7446082941876266	-0,6762717514520415
1,7122560834044314	0,8931847382628937
4,793284911951607	0,9909234304729051
-4,468040064770446	2,2902701257638785
-6,053800281785043	1,9201847484648267
-1,8892694149939515	-0,5420115041555393
-1,4381277721893924	-1,1301111518076556
-6,0417562853108935	1,034445146194393
-5,74216755214035	2,01797073135114
-3,1852805649958507	1,7263222105810512
-4,1677964328392045	-1,1159834451627832
1,6823808705189447	0,257926647899943
3,2261922617140186	-0,10648962443060594
3,1583354751711417	1,2846970305715437
-1,4861549540070051	-0,7173157994454378
-4,4415703940650575	2,329982278996711
1,4356825541028528	0,47256450835010566
-1,3043585167055798	-0,994603653527161
-4,1501629221566585	-0,4538254324981541
2,3435374955662063	0,13338611363606717
-2,7196652103638783	-0,32387405685443627
2,159411129432163	1,2402561486187467
1,5260819905935923	0,8026027069784751
1,630043290596485	0,8683786482521181
1,6692931881341568	0,4002349775093177
4,392836507749159	1,0203628592049232
-2,321075274193389	-0,3801382414077381
4,938883939373651	0,5509344972718468
-1,7046338108834551	-0,5442494967306417
-6,09076491249955	0,9526682416869374
-2,0872863393919587	-0,3355466773601907
1,799653920654376	0,19512977633588824
-4,6503239832040215	0,6389342276469112
3,8568061713353994	1,2198849816196504
-1,7332858676463483	-0,7113181893387304
-3,951890214701809	-0,8762287059402638
-5,079596623223429	2,028891639544204
2,4365491498165843	1,0554456282246096
4,9006933322120645	0,6429402235382053
-3,5574882486412642	2,037049230426793
-2,2846835557427805	-0,4295883534757936
-2,4409249382494806	-0,3861285700438355
-3,994218283907775	0,664562670428774
-3,0742413867783416	1,3845270554640252
1,9794224315049171	0,3043766290792574
1,5587146688122406	0,8142669000005107
-4,443534206178334	-1,7115906784391663
3,7391260322119897	-0,12107533461244457
-3,3456845315815116	1,6869609694945953
-3,1704480009343383	1,2520529792068804
-4,218866127259908	-0,9467605952263445
-4,37878862004728	-1,9584894310675818
1,7864046671984712	0,9935611804167342
-3,0712658478667874	-0,3330924737812444
4,464324698129575	0,04592073515051509
-4,079127961408096	0,613440011768677
1,7076237981866287	0,9931594328760931
2,24686737713077	0,13929441690726307
-5,206661576159936	0,8030220594250681
-2,7016527662501852	-0,29535245433825197
-6,280201061800516	1,2674954354378065
-6,160038472278217	1,0865048035961236
-3,0457843518342376	1,4221968410195454
5,073483348009409	0,5813068232626957
-1,3307299214600175	-1,4851440191847087
-6,306992791657457	1,3284300002959915
-4,094366175568789	2,256540993209824
-3,1391153519411854	-0,36195795963124144
-3,2999985927405406	1,7620963413594448
-3,475611140072963	1,8815141188405151
-4,550824923550476	-2,0213867405256183
-3,448852060276719	-0,37097422451424267
-3,6270445754776777	-0,4879816157110475
-2,7165060908102183	-0,11220009524393415
-3,056911521640708	1,282107825444157
-3,196841297801459	1,5194194926390632
-3,4144861680345397	-0,5618548268841592
-4,422318076497317	-1,6776657580149865
-1,4740502714155495	-1,312505706152749
-3,553237600203081	0,7105504980412582
-4,297964267471783	-1,0630154048631633
-4,298098228111849	-1,1610403370250622
-1,1664947482407706	-1,963212394864975
1,9060496460471679	0,9330179620727413
-6,190766172747728	2,0312088765241096
-1,5325926629791857	-0,7797817900775723
-3,665778416854041	2,004431762576444
-1,8744749607050633	-0,6145023334442081
-5,962869163266034	2,035541105735081
1,6973231767317332	0,8672062971696074
1,6867218005613953	0,15524869851008405
1,3778791887000446	0,694760903486958
-4,373882485837588	0,6276272743807669
-3,7444146490346553	2,0175060460237884
-3,5335347216372703	0,8890856844602404
-2,121616023411461	-0,66030588861109
-2,10022147105699	-0,31977769791950283
-3,3027830562414553	-0,3470784580703359
-3,663085181021872	-0,7265322134459389
-2,3111604316508463	-0,3652771030599722
-5,822741158367151	0,7028101079927414
-2,9983544635121837	-0,23665892582199866
5,1057282350734345	0,4085066004745758
-3,570237338286366	-0,540540502596673
-1,9606429716475289	-0,5100480034663741
-4,30953691583831	-1,4572948812255242
-3,1235736837604815	1,8370738928707777
2,6970570270849596	0,06475241971256052
1,4267942225041388	0,42799610246173164
-4,168364772300064	-0,9992955551528478
-5,618796459159481	0,6550679922948073
-1,925312607970282	-0,64886172833446
-5,136568282693421	2,1953277410199927
-4,087919235355554	-1,0374883026391455
-2,369938879354925	-0,43810578895284924
-5,9222596779858705	1,7094136012370122
2,664171258105962	1,0444629278795798
-4,322181446211328	-1,5158555946114618
2,206951004581107	1,3040125857934621
-1,553423979115602	-1,0494993259195708
1,8821063953839494	0,3729559834638546
-2,8464078873689966	-0,269651668162733
-3,280113943078443	-0,2061618690819964
-4,429201439038707	2,2303400963947477
2,0856266726492816	1,1331166679883142
-2,8067448611677968	-0,18258858988573046
-3,4567567725814925	0,9740803055762751
-3,14072661264467	-0,24787122804934958
-6,351095234596286	1,8891909634167794
-1,3177237422365935	-1,3255410065564814
-3,1362470735296055	1,3084091380388443
-6,198066348277064	1,2071054036277136
-1,2682850573693165	-1,953853129504217
-6,348890566973606	1,6709350043756261
4,7121050853713005	0,25438941100821877
-6,4127564866930715	1,5565585208191468
-0,9774455117511924	-1,6107214743781408
4,700177087727115	0,3263763306726554
-3,698484129419452	-0,5208322738459392
-1,4539486874434344	-0,8903091772054361
1,5686535157993888	0,660310769073175
5,1970562413188945	0,42806692493097764
-4,487778441603073	-1,548316707034622
-1,4247254612754576	-1,0059154570575264
4,993567121550813	0,7478025219728863
-1,6971182983609912	-0,792217849173716
-3,325577945257437	1,2411988059725398
-6,274211799597212	1,1617684233740144
-4,280494576865778	-1,5752603835154662
-3,419088039252794	0,8957678920181095
-4,25853983604939	2,054881257438918
-4,418018246667035	0,6815275985295868
3,6208660472531706	0,08301232440161244
-4,289894369164326	-1,1182932664001808
1,5575801057198546	0,5671881866878626
1,6478548195986573	0,3542899138551341
-3,367154129058841	1,8993769768646023
-3,973047681142695	-0,6667592948450183
-2,314242880743325	-0,4474066862556285
-3,8902025953678248	-0,8573785341147389
-1,2770589562738623	-1,264470526109101
-3,828271450151173	2,1545714489961547
-3,587759626025654	-0,5624727739871962
-1,8854219715689107	-0,5230575507710993
3,391440650119776	-0,24435423031080605
-2,253682231902827	-0,5014824307255541
-6,203113552812516	1,1280865157235695
-3,540165248225235	2,0282330244134235
-5,036754625812288	0,5194530437658826
-6,183891321263009	1,0998618124976607
-3,7364526568825944	-0,4366253156215789
2,121460119176814	0,259856026864254
-2,834155447667219	-0,17801763528516945
-1,3606830114991202	-1,0322069409604067
-2,4336384188439566	-0,3225033218308331
2,098116096371057	0,9799030711449601
3,471729189113311	1,1093582483113007
-4,5632279342177275	2,2009193143662857
-6,089641709176835	1,8597545627675975
-3,1730054184295167	1,835244269740683
-6,197374655287984	1,8125405647169952
-3,6621104496782277	-0,6426083809461145
-3,815516193745256	-0,8101963761547464
-2,3071030797648078	-0,494092025454302
-3,0063914705399624	1,398337289758278
-3,1932304820732407	1,8490769422637867
1,60041359104284	0,31480817398979427
-3,790656806491584	0,8824281120921899
-4,067119208995458	-0,603507366902402
4,186607721217599	1,0844954630522068
-4,50078684498164	0,6935960747610262
-3,757324365370378	-0,5632496555799178
2,824226847413536	0,0016721396944843203
2,177998766967775	1,2578661518247134
-6,228321042912561	1,73121545088698
1,4349325886663118	0,7607390558392915
5,0268885554022695	0,646041148849324
-6,048370584536466	0,9264129409920119
-6,148450576309552	1,785104199593597
-3,5767921057966676	0,9584628931654045
-6,243768524985196	1,4229321273288882
3,970686043661969	1,1868648353268014
-4,430782262243043	2,3107538697093215
4,043229715443614	-0,09590134316765142
-6,128275963917793	1,6264442488291144
-3,9088271862282964	2,1739555738539105
-4,304047056667276	-1,253081663877178
2,957074717370644	0,08288964750173988
-4,224749625675131	2,2442107315259525
3,3382105859238833	1,3217185953175021
-4,093549097976087	2,288254666261514
-6,066526678356892	1,0466427446646012
-6,232717552091248	1,0913017986381632
3,73123600346882	1,1218046496286393
-6,371832126617105	1,4528855573778288
3,5791245986319606	1,1700472342728094
2,7014330189472204	1,3172856740849528
-2,554812792214199	-0,32778331175046893
1,6329480873300344	0,9950177413011616
-3,3071496782215233	-0,24050171391196917
-3,8276209069529656	1,9488580801437279
-5,499747066502511	2,1803315085329533
-2,1274917635489325	-0,20895315776485823
-3,720043635010785	0,9655443248251111
-2,2064575382159974	-0,527894924260492
-4,425469497107375	-1,3274372955604496
-4,02033204673398	1,9833688948968176
4,359657414728702	-0,010326905836491873
-2,939436319814189	-0,2827685599347687
-4,732675033394918	0,6960510179905113
3,070020593190369	1,3486568192838932
-5,232988347010932	0,5230601485192378
-3,48053551141792	-0,38784966411670174
-4,689225911456767	0,7284166617577561
-1,6903341113938481	-0,6020517859619876
-4,856972404977609	2,3128839163816455
1,5039617134617127	0,6122287948178582
-5,924762250858846	2,039307710402079
-5,918739319460519	2,25768519160263
1,6776741368214998	1,1214006797740463
-2,654451708831704	-0,07654533868603375
5,020992467870917	0,7149439376892995
-6,0751745503230845	1,9354747372715777
1,5291581493736688	0,7470906647645742
-3,267511108002523	-0,29716043812656423
-3,186877198434273	-0,31934014307751846
-3,5880828122660495	0,8684914224589759
-2,915956990243942	-0,2251510534566341
4,649868331736549	0,20548329065157328
1,2891325866652008	0,4821732651839062
3,9790672320785654	0,061957348535101375
-3,377905526689895	1,9865891532742115
2,772176589547106	1,1025380792759205
4,547073319941779	1,0378874768698179
-4,560609281220881	-1,275023643931807
-5,652256345029276	0,705891025593423
3,2692852604237883	1,2025459722832195
-1,273527014630928	-1,4800653588168928
-1,9389329429015159	-0,5795620165808133
-3,395141241504637	-0,3685993438598625
3,583030874341226	-0,07624464992129765
-5,849376360850323	0,69448045973336
-3,1453647683230725	1,6337642414464488
5,090015266779092	0,6119256966087467
-4,178925927576129	-1,2671081703931935
1,4610354354491022	0,6184183248880359
-6,237858199771904	1,3830301082817993
-3,9398760501575074	-0,5271750724088144
-3,705965261024522	-0,4660025651301305
-4,588907116494636	-1,9417608189898468
-1,131207399065651	-1,3620159389299968
-1,7110489956448292	-0,5344861882988536
-4,396177003321719	2,2573201831967915
-3,1864328432834097	1,4420759621302355
-1,4392868684087021	-1,0976242804705272
4,9100806398403956	0,9737230207675893
-4,097359616865207	-1,0027888695284513
1,6354822337811241	0,3971729146087117
-4,40553546048113	-1,8320380175743294
-3,9892810531653033	-0,6507373097532312
5,075499130740534	0,4729231555945734
5,027613247970353	0,862087906428302
4,865739405261431	0,38306318628801106
-2,7522790873222465	-0,187179143822795
-4,439525919854911	-1,1612128450659913
4,5873274985746	1,0069565288151459
2,608347183291782	0,13940494694584976
-4,38791174992405	-1,5194550658820616
-6,380581414851691	1,3377002622617118
-6,412341897233375	1,6004946672392735
-4,175801542602901	-0,7942494095522765
-3,1798158677623354	1,121687567256652
-4,342406610236365	-1,7245332191549554
-6,003152999078749	0,8782713527207486
-3,5167703463859334	0,5898775279252604
-4,081127400446436	-1,12217543781778
-4,513424298497386	-1,379015396442135
-5,264724558807988	2,374714044750114
-2,762582239976058	-0,22290224715412243
-1,113337560856045	-1,6135882557352594
-5,935388806031604	1,0489704578431673
-6,288570964546955	1,466945138797996
4,910973439486131	0,6553004705669279
3,1372116669173447	1,312873142608331
-4,370578943711315	0,5608951022643115
-3,0169398041037603	1,2374531787388394
-5,1760251802558255	2,110534362746602
-3,58014968438733	-0,6245636937306149
-1,4855947746138911	-1,099412309239022
1,7735492563337207	0,9158496445568063
-5,188893614695333	2,380120353248961
-5,579134049062108	2,0395181125532225
1,3214210945326557	0,7984077111980232
2,7010518351970605	-0,11324205190699188
-3,7620279018423184	2,153928896505405
4,613690115838078	0,8510217234238311
4,416902530151487	1,2100223290396865
2,180505924286341	1,0520366580566094
1,6729275390771103	0,35200180739575665
-6,007779355182998	2,138609985260077
3,6284130486026145	1,1422098470985644
2,560599694323411	-0,014197137026374929
-5,563267564037623	2,340711383890701
5,083850873826169	0,3603141945432933
2,4166823941534674	1,1954918122758365
1,5484538464869144	0,801486152702425
-4,130519714362888	-0,9469543592861749
-4,4415303365786	2,3002885645518005
-3,402565591158015	1,7487494903273733
-4,0531860949252945	-0,8534428211450529
2,075296590596852	0,9944995107066337
3,888670568809948	1,141715064187423
1,9687941517275482	0,22776561114819843
-4,387406612635825	-0,9532817444254785
-5,6553723267462725	0,7142019580656191
-3,5228765262580866	2,019108695445058
-6,219913161985656	1,2034110286126283
3,562019224771099	1,174225823585346
-3,998392021116645	-0,7339624054502072
1,930377017745474	0,12439263640929532
-6,301551441917169	1,7187388226778673
-3,542370883052167	0,8614033397656349
-1,5690032704316617	-0,8771871065338204
-2,980249581506332	1,3664657989192255
-1,3190446170854206	-1,4940675527980427
-4,287115506577614	-1,013341219853479
-3,0755276554325413	1,5590219101428038
-3,32625113792255	-0,3225479923590202
-3,8049883782041576	-0,6402851202031967
3,9452293274196117	0,03559451900485322
-5,824935652173894	1,1526091115995876
4,086899433970522	0,13319142781492727
-2,395648906705273	-0,3202880681747402
-3,443197428419754	1,8985764849306648
4,764196314206644	0,7149519381953149
1,8676159722515393	0,14916524078939503
1,5369128884577175	0,8146641106273944
-3,179960870688456	1,6597546642412004
1,4819511080320096	0,5922893940612133
-3,386581111753054	2,0118354473799114
-4,2205471795672125	-1,1893338745887996
1,8619708648592064	1,1905371829567888
5,101281644348038	0,5200364858636036
-4,244706283544317	-0,8139355728478148
3,425210746541088	1,265369087741624
1,5445628022281994	0,5536933894820278
-4,037270610341093	0,6981184027141494
2,84680012036379	-0,09058347028485214
-2,424010040926744	-0,37764243079612503
4,570282141759304	0,20915229612191572
-2,2699181644988355	-0,3707543494148118
-3,379941054832517	-0,19387819910060666
-1,4841200570314017	-0,917689656412565
4,810137618139749	0,1948578641546284
-4,313346215074473	-1,2019293478296376
1,4858552350074041	0,5843757881611881
4,928582061894176	0,7008208689133616
1,4277509886446034	0,45293966501157024
-1,1607779159212397	-1,9254707241895799
-5,830089970067444	0,8917725786638057
-3,8613229053857627	2,0383292538858417
-4,235810508452891	-1,8208127814977908
-1,3077425355968624	-1,1985463122926292
-3,0262435646843513	-0,1708539587334934
-6,38751762670238	1,554141365508753
-2,4300575792551697	-0,2185505457794834
-5,22941732814377	0,6380027880455568
1,5249485807728747	0,620777501339437
-4,59872819851472	-1,9055133059121707
1,5938542155429254	0,6570645256057732
1,4552085311008285	0,6830649500990283
-4,470237533360896	-1,6820245173641406
-5,348751654952335	2,2548527653485757
4,738866453347631	0,9716384478212913
-2,6926216836340373	-0,19462439114910146
5,091078989432357	0,7502864083523897
3,121971060203621	-0,05167981834210378
-1,6727928123554525	-0,815425121258641
4,445614805179179	1,089810464159233
2,080147252837766	0,28303481381126594
-1,9204805281833002	-0,40783711563150216
-4,424389894811772	-1,5006380142056854
-1,9265199547855099	-0,4163402511946066
-3,9765984141429502	-0,8041481703854865
-3,5602351260908205	-0,331766988532465
-4,184137739853492	-0,6710980810430169
-6,240501627895467	1,5926550781824549
-3,039975903099749	1,6459313483214086
-6,335875619231086	1,7190685221503592
-4,451537518070574	-1,1355203031604688
-4,67136245906617	2,285762840406796
-4,293422038180028	0,4831144955411033
-6,229166525375694	1,5846630507362922
-5,80403793093552	1,9924245358948371
-5,377476526212471	0,622690562109457
-2,1199816286200273	-0,3426808535018504
-4,75217363902948	2,2575192655225704
-2,691503988445643	-0,4294826880545837
3,793086245013398	1,2838508080398228
-1,8181109909593198	-0,6967323847880269
4,89010712845611	0,21292903750204228
5,171632411536109	0,5425319803153936
-1,536425872153943	-0,9970582147892544
4,4325135687049375	0,040184511647354926
1,8245504151722949	0,417922334744093
1,8435363597996726	0,25660670393474894
-3,6855221783979006	-0,4999764239369011
3,744477969137684	-0,061162624643320784
-1,5873327759409135	-0,7717795741708524
2,2192100863555058	1,1001429538846688
-4,233965641348954	-1,656337256605096
-6,180920145841819	1,907030956890436
-5,3380971080293484	2,188604903501987
2,942166243509025	1,2308642679773745
1,603223397283511	0,8226631904563031
3,1328332723877246	-0,29684631432593944
2,47033205242527	1,2185574655551612
-5,450079906773221	0,685385376768515
-1,7111442170253708	-0,5763171793395221
-3,0629478393382943	1,4843898147728563
4,963896818492843	0,5413196195525447
-6,046887766792921	2,1253234724468126
-1,172711453507303	-1,0672481750685638
-2,2366728126333313	-0,35194890347552876
-3,8738149666126462	-0,7443526858635048
3,3055771384952286	-0,008394762182122428
-3,91656208031932	-0,7129956553771364
-4,946901974384457	2,4096832104586836
-4,351962818760093	-1,2484340955703774
-4,086505343002143	-0,6275110367110828
1,7940557307478346	0,3700995492500128
-4,123739499376465	-0,7258596178435015
1,4841220942236382	0,6295582214240476
3,9550014084658422	-0,06252981844491645
3,7111665860587615	0,016591503559263088
4,98115198568336	0,41155827709413506
-2,5131770286680837	-0,2161930952085025
-3,717609796101682	0,9554102657454032
-3,643494674055942	0,8055971650081797
-1,2627032110758998	-1,1613301981704374
-5,8403647483869445	1,9062199398688962
2,39587017272359	1,1147502455765568
-3,968138561600045	-0,8123073907003124
2,6273923349583987	0,064936035210034
-3,331918850484498	-0,36692084339914355
-1,5799931759512453	-1,015732590498741
-1,7632536183856367	-0,5184125341713264
-5,764795095910997	0,994644633177797
3,615804424152169	-0,04007098585512714
-1,0679580896237841	-1,4272943908797728
-4,52565977956172	-1,7071251068100208
-4,506259719265649	-1,897823822728612
1,5568557754543957	0,9007543975246106
-3,056012271103219	1,6249646938575801
4,701053919264213	0,18424397528008307
2,726247296957201	1,2698642930464357
4,577465264029127	1,1361345281115889
1,538062503272939	0,43393501425249686
-1,4092460458851979	-0,7658851050889119
-6,292582428346253	1,7378023102123106
2,4655947596441865	1,1030885120870806
1,9598766341699467	1,055651103122405
-3,261030227229663	2,112800119644443
-3,004553674430518	-0,24031254880698416
-4,089487563406672	0,8415625758919125
-1,2524628140779754	-1,426120956288234
-4,15831807792955	2,333128302059257
-4,07371070134968	-0,5949877586213559
-4,059751293151404	-0,8224940932526557
-2,111448652602581	-0,4119060321313579
-6,177186234956191	1,2017896270040473
-3,173539968723709	1,3622416496742817
-6,366784482625273	1,076522414341197
-3,0589036683510638	1,5112947520979507
-3,1367714117267385	1,497277333711019
-1,4014130977719736	-1,0542268220362252
-3,927902903368521	2,1341010521308643
2,7639793151708867	1,1115524779941763
5,066238558943002	0,5927212386279408
2,2625014355820756	1,0597729648323022
-3,2342970096971473	1,5226486304240356
5,199179703687039	0,5560874200012507
-2,8594878125094323	1,4509639409562958
1,846716185860155	0,1436005564915176
-1,272856433241912	-1,695219365706143
-1,1101047979505416	-1,6566214697560493
-6,2748066595409036	1,1326861692616783
3,040958352680985	1,2622018176952083
-4,928968403418429	2,1899718758189755
-2,6885637881059172	-0,26949703409827364
4,982948106140111	0,40616721432912795
2,5497805542747574	0,1555643998113021
-6,332530601724161	1,7630866732463364
-2,113880579116562	-0,4196862924515554
-5,50779592454919	0,6124196982203183
-5,9744188228178485	0,9159138507111576
-3,3015061063685924	1,7792643025188457
-3,035200600327627	1,2518985980676864
4,223419970986821	0,03306430323778686
-6,0344165904999265	0,9027598353045753
2,007913590657928	0,21560690080957146
-3,8297148715987137	0,7707286218104231
-2,560830068546746	-0,18789749360478014
-3,7800715508857197	-0,35309415182036963
5,023948025958682	0,6501430906640584
-1,0967170364950511	-1,2345469221702556
4,61710618984292	0,23085300034630912
-3,605927162848383	1,9238051623499937
-3,1909572432909896	0,9860248742651916
-3,263551258563088	-0,5675647441915896
-4,511586205819859	-1,4220713190941452
4,16355693335366	1,0555276484786305
-1,0368547793383613	-1,6538566364826224
5,045873935900964	0,8460315311732123
2,482747058033533	1,1229540958843591
4,399161025208834	1,1094693028779339
-5,894175788573326	0,7949657133702619
-4,350508501964113	0,6765889788874437
3,9712619568193146	1,2805064776116106
4,389577259178357	0,31442053822904126
-4,540377473132292	-1,6711945540735873
4,9751033493157255	0,5057263142984953
1,8812431739487914	0,9604528429116992
3,87645712596811	1,3127462769935185
-4,455411963676307	0,5749041278650905
-4,072944219075224	-0,7830008761115641
-2,26434765192057	-0,35820082495092653
-5,469727430829693	2,1704386535110918
-5,755887334436505	2,00896078936273
-3,7517519106594763	-0,6279632985136312
-5,766839942320988	0,6432576599405531
-2,730891987420599	-0,22479190735840548
2,3045065946936774	1,1573167178254349
-4,415391602488299	0,7127494557604067
-3,011381960060008	1,3918217126798635
-2,911188704431653	-0,5436129501080196
-1,1560492884082663	-2,0743344798632104
-3,9356903512668606	1,8748755569913085
2,737058656342259	1,2610683621683196
-2,262826252365361	-0,26798823190631826
4,712945688253333	0,18278138823732681
-3,0204531969715744	1,9321590015402659
3,37290006401396	1,2119149163497847
-3,211718414098613	1,5425574855550948
-4,408113588578731	0,631492621571796
3,1434827934824	1,1463930596825538
-0,9732290797370595	-1,5722560602731983
-3,7708283906361095	-0,5633269238987366
-1,0943187247622836	-1,3827537699606989
-6,2577672411652125	1,707599294776228
-5,7344899543609085	0,6722971126131277
4,610516592659343	0,31892578506353964
-2,890639014310389	-0,3140400778885446
2,283631590993517	1,2080684104030364
-1,5233714792922526	-0,7589049729164152
2,4879982347837015	1,4021151163388204
2,0531325849673197	1,001074469376761
-4,298868537553881	-1,2348879481029262
-5,397637370405731	0,8638221759118463
-1,9835111080819845	-0,5606894622802479
-3,1218876248710496	-0,2674694714494319
-3,3196973780000043	1,5333867634393363
3,0881146325515108	0,11012704641232662
-1,1332796011264439	-1,7534668463801855
-5,128510298594288	0,5135935617396766
4,070792640291183	0,03108904668678958
-6,1655749299603	1,8385388506995668
-6,217714831843641	1,0579528574273491
-5,657483855037274	2,081685714128436
5,111531274512371	0,5088294817953317
-6,365789967765613	1,2377688147462462
-4,116496306529967	-0,9722988145721754
4,932126266500865	0,6959975827143441
-3,5199176440491646	1,74697037144914
-4,482932416969245	-1,4316465925511888
-4,312812616532358	2,0694158767311834
-4,380592852860131	2,141474611684277
3,876328294305404	1,1941598172371952
-4,384245854351155	-1,8750549986780645
1,4174330007579456	0,7654071825562583
4,64623848332297	1,0708095678555054
-4,452730132760418	2,2793291028075133
4,971868493470877	0,7265300393322535
4,9229046447131335	0,3281172232448362
-1,2910244117945902	-1,3211570850861571
-2,1427896075568267	-0,2982142344039018
-3,2197700288376665	-0,20098114514582854
-2,316610419423099	-0,44684458439058616
-2,0876845495520673	-0,4155603828876966
-3,230211248841666	-0,3976352029384209
4,311388642933421	1,1091217353402023
-3,397932910998531	-0,3611931447697063
-3,0299871094982307	-0,37079637381802844
-4,133207679070931	2,346372124452419
1,5673366906279838	1,0321873428462562
-4,398419334328535	-1,2418652946732114
2,7291235300309817	1,1261295105767641
-3,6609475300896017	1,9421082583049345
-3,7506811954223607	2,195900696341721
5,121301053949674	0,6889659804899917
-1,1433423301965728	-1,7038160558578188
-6,15413975553475	1,718683760525333
-2,2310175677446966	-0,43315546040832165
-5,435040828522836	2,209864143249237
-3,142772493730265	1,6571678745728025
-5,725835285891768	2,131869785988364
-4,209503373222243	0,608925721145107
-5,849194768700565	2,1112250652912206
-2,03522615734438	-0,36926939401935455
-3,8337111546252682	-0,6623226883024835
-3,153961287999585	1,637345265425816
3,229273038860679	-0,0260248620400656
-1,795194416064773	-0,7611611593191301
-5,877857683572107	2,055593145116633
2,7888062139526992	1,0864418405070504
-3,6604455738371633	-0,43644612791099635
3,18118861202432	1,3446446185013623
3,7367284451944416	-0,057703131440767996
-1,4986626020786775	-0,7115582230533544
1,4969634717561888	0,7321252352045454
-2,6213669519560643	-0,22703694890306325
-4,143140472938266	2,230060996133111
-4,51903750486336	-1,8830440877367265
-5,173737319952465	0,5867348406545816
4,064136182725526	0,09894397663167087
1,9882792461403949	0,2700438924313691
-4,421225523037604	-1,9654280315862076
4,191634274415676	1,101160389521655
-4,541909304984714	2,178779178503443
2,252983269104532	1,0157442223710502
-4,303528271945014	-1,1608104219544604
-4,790277117928206	2,2463602940649494
-4,523328163425284	2,1981186526530787
-4,240671011679003	-0,9099371228676638
-3,77126324934118	-0,7461964992716461
2,634628496722054	-0,01883182256662852
-3,3261061673662	2,01852800360584
-5,302646030634106	0,6148820555311736
-3,923635268328463	2,1112251724877393
4,314612516642701	1,0804308590179454
-4,517124329762375	-1,4642866037687639
-3,692521126034041	0,6639350575173648
-4,081805794020461	0,883087583626117
-6,150437740194891	1,4251788164240304
-3,2935951726787627	2,119477969290817
1,6026436820261876	0,8578915355890262
-4,582161365856665	2,2345930864330086
-3,627812969562798	2,021362673497799
2,4908855952313322	0,12484667403606209
-1,1125032656207576	-1,0195572378225486
-4,060644880080043	-0,9312401453689572
3,9780826492529062	1,4131211763892129
-3,153446547610786	1,6899953339761398
3,3924465381987097	1,1412165667031982
-3,471629726296546	1,1864137011234448
-3,308944480996839	1,7540541535247802
-1,6262025079002658	-0,8940897831775978
-3,338529595880921	1,0713264484813
-3,156981427011098	1,4538516214650035
-1,286381917567695	-1,7121339514314824
-5,214407606768382	0,608953442256716
-1,104169570733525	-1,9727069192412754
-3,343660006729484	-0,20436298556373145
-1,342836554102668	-1,196120802319111
3,1566265846579906	-0,2088187212122441
1,5547956692208917	0,7307844296265662
-5,2337167892884935	0,7097033939792231
3,715172887430882	-0,18856894501636434
-1,485737525706677	-1,2877448004281584
-3,7090653904782824	-0,7028374175015815
-4,404254439353178	-1,3162348160973396
1,7227833394491616	0,797183263061612
1,7268351714392698	0,9259843577344502
-5,9687445290488315	0,944138604564425
-5,855393959997281	0,9155033942877141
4,441096985120943	0,273556096952192
-1,1367448133125169	-1,235443086522962
4,8951210926669555	0,6704489177753656
1,7084445010048488	0,9748869732705548
-1,7081243773075572	-0,5636486505852858
-4,4535558508007025	-1,352386984971659
1,6398126875580659	0,4425616467728463
-1,5129253168682735	-0,6325524355321996
-3,166880393181989	1,2385897469764668
-3,399295983204709	1,954560511950032
4,590547960297711	0,45459383041074125
-3,0776832629201354	-0,20094675340432522
-4,315195976780925	-1,4751716922406042
-2,564224840941424	-0,3035916084815191
-4,3468013877282985	-1,1986673395436962
1,9004935848563014	1,0670474878426381
-3,3793705689390063	0,6972787385140169
3,1363460590889876	0,14793741018340317
-4,567596424575293	2,4000895688844235
-1,4667700484475379	-1,0114754892837
5,001486041799699	0,5076876531975989
-3,797866245901255	-0,7601100370746547
-4,776293409599578	2,192823392253152
2,0445634449544263	1,014073350502893
-2,0365852593568623	-0,46215163963779093
-6,221673027090768	0,7404952993136122
-2,4552036971008495	-0,3492575896664194
2,295822124650091	1,2733650415699866
-5,8251233449786435	0,7957538053827458
2,327033864360552	-0,08505815008210749
-2,2260180896041932	-0,5958277540086063
4,971733763600593	0,6534296622570094
-2,3818180699171516	-0,25510745925911515
2,8489850815321525	-0,08254100209122806
-2,8340089779617714	-0,15863535947599572
1,7649789034131242	0,994292405238786
-3,9004741925324944	0,7731701686727392
1,9111157356038	0,0635876585296985
-4,263414309623766	-1,1288245643690873
4,5590080442056475	1,1544866813337422
-3,5326542852605938	0,9037787580872452
-3,5312081663064556	-0,6545788022229759
-4,926089858543093	0,6887894849387307
2,512829296410479	0,1442047087683317
3,7096109491747207	-0,027804877471437672
-5,926735849998881	0,7662044193051618
4,726755000535709	0,1340536084749951
-3,543788672829711	0,8223896692927304
-3,442173848671926	0,8265307623424096
4,898447518568484	0,42454209301744056
-1,773694331653165	-0,6093766663515974
-2,009632882238569	-0,4060532510905255
-4,4872524449481155	2,1600356357112203
-2,3794363902445665	-0,4968837661952137
3,816995245998484	0,20009111393992185
-5,254652972537625	2,1962336660885535
1,4495587458516876	0,44488889316190694
4,34216048945559	1,1339939480722463
-4,047049745588845	-0,6521131564394711
-4,264878252117393	-0,8739040526628457
2,931178739282562	0,048400606175358574
-4,051702077239765	2,185151070178986
-3,842519808308869	1,9287691343699516
-5,7201970449402	2,155591821525399
-1,0946817152828219	-1,7479471391511536
2,834932784981076	1,1634469020898632
-5,573643253267527	2,0129583908839406
-4,003146714154429	0,641068264231452
-1,0967080501815034	-1,5019642926733385
-2,3599069110684434	-0,4908511449554087
-5,137561743325717	2,1493182932652735
-4,480984007190995	-1,3146195163619527
-3,2267399408758095	1,5570475267031785
-1,7701055758746487	-0,782501754725204
4,387935342072669	-0,04745106201269267
-4,473531960441779	-2,017966678025029
4,51989577643667	0,2102571826594482
-3,134404650908783	-0,2472845175734646
2,716977155530492	-0,10176887943232993
-4,455272748715929	-1,810592686369747
-2,7011166226096344	-0,34609801428876064
-1,1205668283135737	-1,446548072769877
-2,619847169711767	-0,21784242577379276
-1,6034320554604846	-0,776418431307129
3,679725500040047	1,3716814648650506
1,6394558425820194	0,8139161053021269
4,373578380841464	1,1362174054420349
4,6197282695428425	1,0470162635234006
-1,2338945295354165	-1,1098472407965418
1,9755689772121283	0,05484837985547775
-4,248494328267646	0,8067675608282874
4,964783352806357	0,2599579770066569
2,1007553952610243	0,13319156991085024
-5,306468767997171	2,105762523392002
-1,0297933717204637	-1,3017993278325215
-1,1234766202921167	-2,071053740661375
1,8583409034240996	0,9173515700279917
-3,1415613681122982	1,4529589912750525
3,961987539991498	1,2350138644560857
-2,7402318328018693	-0,22684012641974238
-4,343114597369999	0,6061716906399743
-6,074270613875383	1,9116228162857514
-5,958729219959417	1,7714041342293068
-5,794297292940248	2,058740928128471
4,387083637650592	0,13750501622864514
4,634417502632682	0,3033258468227553
-2,776564038135997	-0,09780181078880212
3,3442156515847232	1,3302377168457444
2,894798822270277	1,4023115419749943
-5,298434755434596	2,1794613385234323
3,4882860801734856	1,1295303149663403
-1,4775763061182696	-1,1348818160231298
-6,125123730345502	1,8111324929110075
-3,7046087480104184	-0,663231632582209
-4,524651580679353	-1,5543408961665712
-3,4591589736211614	1,9133241496921665
-1,8837154368657432	-0,3661432374255469
-2,3605440992218134	-0,2804933974513779
-4,503461182132848	-1,677612561605978
1,5360443533613524	0,5793062931502222
1,4248806343507645	0,7152996445755752
-2,9414867055980434	1,2831482198806465
-3,2290986602255662	-0,28230976458409596
-4,063139748808781	2,0465169392178457
4,895589178321304	0,9818740902586337
3,98187847627519	-0,0749457671983339
1,712777831489511	1,1181849756160138
-4,09337863611993	-0,8102856682042441
-4,383641760508014	2,1683295946436267
-3,9675164753575323	-0,8429194606744423
3,5300954323107594	-0,05976296229796341
4,891696095337724	0,26577935280891213
-1,429390414379877	-1,1463248238202783
-1,693945418032222	-0,7236267957625928
-6,295245485409593	1,1204491523989741
1,7077066194213049	0,8310740964870607
-3,1387152883073783	1,1276305306533816
3,4835236635940143	1,3510263670900984
-2,958465957008552	1,391408033849762
-1,098735134427713	-1,72454227705352
-3,735643013967626	2,0771400423762456
-5,887379179936689	1,8923334108902932
2,1291959485398406	0,06087196700599251
-6,478782088969279	1,42280762735152
-3,6530818261072477	-0,47954428169218644
1,8956485296111107	0,19774332470247435
3,8769675316355374	0,05270888882883873
4,336689603478833	0,20710786457840874
-3,1532380045679425	1,7967324341718376
-6,216319432330039	1,3021432759331395
1,7807961096406886	0,9771270564124201
-5,200684245811302	0,8114718151263676
2,5247243071063408	0,06638923598786328
-1,373774779436913	-0,952779513532307
5,207085403713583	0,7516774984577774
4,316403510150614	1,1823548722887987
1,8556470847113193	0,18233949169901992
-3,4417563020509423	0,7930833600962417
-4,553711196036549	-1,8964891278686895
-5,2233070987096815	2,3059354600055033
3,7957685017848473	-0,010893542485861607
-3,6503289133148558	-0,3291350843375527
-3,9818911289095906	-0,5136633983943075
-3,9702881130483316	2,268435712629085
-4,446942750209015	-1,968269652977765
3,2674462289404467	1,0767908778706365
4,041494804152501	1,3596138378434537
2,9139764192009894	1,2560594081591754
-4,37290236353687	2,168879096038734
4,351761290215138	0,19129980121460677
-1,2272567833924288	-1,1111179491945022
-5,575052276682853	2,2404481446011104
-5,807998617323515	1,9986604261509524
4,657430476512293	0,9564049819758798
4,261794159055944	0,20833539675748441
3,2908797260091456	0,11030224666968946
-4,410314071284235	2,0851782842103446
-2,004140166912382	-0,4343588915021568
-4,05231022222754	1,9822115390079942
-4,229403744991328	-0,6667754150005738
2,0612114755426414	1,0743506312989475
-6,474928431578158	1,4574600081446398
-6,413940805664789	1,4355126047413134
-4,40217781686681	0,5895296424572761
1,811716333395677	0,47289532493844233
-1,8985752288508932	-0,4865668571625892
4,330700573152083	0,032452421358879824
4,736240503993712	0,3430275627438284
-3,6016208039093955	0,7990901629887731
-6,001466793016305	0,6349313120625325
-1,4766309946201424	-1,1772273097348418
-3,4895685617445524	2,0115031489415163
-3,1245642970723555	1,5602515057727107
-3,933483563348465	-0,5207195144334913
-4,71665052082343	0,6439176086828986
-1,8410774632357294	-0,669877885726915
4,973189123555277	0,44109540025614385
2,29650427924112	0,9756461336704038
-2,2985906165641468	-0,38577264706104786
-3,6410536061674534	0,887006955320356
-3,9860728307456332	-0,5966012589507366
-5,692845758656729	2,1327594412537714
-1,0965590029531793	-1,6070646127135437
4,308872746645091	1,2156274042651705
4,0020883542312005	-0,15866631521977248
-1,8728866244717182	-0,5363165521450883
-5,724392620935971	2,032960370421062
-2,6885660306265105	-0,40356361084098413
-1,5991256915380865	-0,6950407227608413
-3,2030885205534103	1,7970141613927568
-2,014592175131045	-0,5214452868272557
-3,66395261741474	-0,7738980497915549
-1,513361198802365	-0,8402404481520975
-1,5211773505085502	-0,7687243634390668
-3,0847399891591416	-0,41781202162222764
-4,616424949367698	0,5779402325363381
-6,0659595140198705	1,3032176445246935
4,719538930007236	1,0677010647614056
-5,833396337387846	1,9993610069961671
-3,6781969703097865	0,6415029843509569
-3,1573583845848834	1,0928234150808815
1,9009859270030225	0,18246043533417639
-6,096530763945277	1,748912313958366
-1,88461927207405	-0,7956103514185076
-4,560350829353978	-1,3973850831513221
-3,644826652294816	-0,17400537752664214
-3,0784049951948753	1,4983053601957659
4,9406339142413325	0,5999967795855559
-6,2591757963681065	1,418874486591335
3,2899740910371458	-0,07598928464341947
4,535878223727417	1,1239808028049114
-3,285302918690189	2,015631860763368
5,175983559328161	0,46102438022778736
2,250507514674963	0,12133040709492482
-3,2601399261710355	1,5900444889787801
2,4088466218896594	0,033789432850171996
-1,610170460314628	-0,6300400681929865
-1,2111877231247026	-1,8375097146720318
-5,99654132086075	0,9612306555122356
-4,449395432856382	-1,558380793396801
4,637633362395347	0,2591455175820557
-3,726168496843374	2,218765926091908
-3,3007711376872644	0,9480330973934534
-3,233926063268895	1,2619203625182096
-6,03106194776238	0,9524467461889197
-4,47099335516563	-1,9711286187471082
5,109168043688117	0,5017633039080153
2,9550814904915432	1,2091776015730036
-6,134215638309468	1,088497346887558
2,6128673242126093	1,154363746722521
2,9080937348229305	1,1262967211458954
-3,453857054613804	2,091179086108892
2,283548664528479	0,16253858312905473
1,7660089549962468	0,44539731548059425
-4,0876639870315925	-0,7442526485813656
-6,1694236086258805	1,172271380838082
-1,172195204010669	-1,8373104542949308
1,641372014156279	0,17895531218142557
3,0554449275355275	1,276955079573909
-3,325646262149049	-0,40694865657332335
-1,4078144328928204	-1,1136329224040182
-6,152069594486424	1,7529571593160886
4,2206390826232	-0,004291992827257007
4,075590400181808	0,10444196304813946
-4,404226214946737	-1,8408128198945277
-2,943342662208899	-0,12808473531955444
-6,399737033029464	1,5468859342861159
-5,707201774782295	0,9106366882930947
-4,44878963776446	-1,439536898006756
1,601464433706173	0,6760431003484971
-5,272684114383909	0,6907944661597325
-4,427310714039483	0,6614081899174111
-5,834444665161228	0,8950605606788731
4,83604461974641	0,15058797458100787
-5,716348251936911	0,7888141137924789
-6,267750460837962	1,0956522776371578
-3,1225929190790858	1,0687709305479296
-3,3288986472545257	1,9358265310473795
-4,014841845212642	2,108036399353197
-4,165104703279502	1,9213995534941373
-5,883298921204178	2,2110035174433023
-1,426860854293462	-0,8646087924342767
-3,867626476900135	-0,6883897146772766
3,0830863734488543	1,268400057826673
-6,478745892384019	1,6449884194093158
-3,6294441105500934	-0,2867408948684955
-5,357985052574673	2,1671131999308444
1,4300249740902407	0,5154336736716952
2,79280857448597	-0,18247196191663684
-5,3553634353212916	2,3393867868517013
-3,4739682406613674	1,1300940142131792
-3,411948360057211	-0,37732740749306903
1,832842268989967	0,3816476700183151
-3,6571612122486234	-0,5802290696057673
4,984908089008362	0,7449523521698039
-6,263051927551478	1,0709455301613442
3,646226464743315	-0,14770403932676546
-2,3255607853563505	-0,22034390672859705
1,4569088657318254	0,6254908873804805
-1,4994374108450008	-0,9321376656218336
-3,7025398658588493	-0,5054551221244794
-3,2390653997920698	1,7426221182139585
3,7008592600643273	-0,07895362540677553
-3,4845565303990043	-0,24420716256659714
1,9859647188283887	1,0036394697232995
-4,212199801186587	-0,8577946723783623
-1,051995182941184	-1,595886756569777
-2,2414423221814195	-0,3314552349962123
-4,106165203795465	0,7388117390103532
-4,242382041056634	-0,9168404973125077
4,4392262393566995	1,0434005706579568
3,608103063483731	1,37307764379873
-1,8848870146096157	-0,4678431986327527
-2,6804468475694336	-0,09236987674963637
-4,689446444796134	0,49676242471030396
-3,8765412244509436	0,7351661519346735
-1,7790822109324682	-0,6413411133297044
-2,630576119381161	-0,29196801351040746
-1,4494606480411918	-1,097556331251787
4,273379050398532	1,1513228003500062
-3,4772656506525204	2,022606523694768
-3,4145395460253036	-0,4020204007772761
-6,216400209515653	0,986692009471353
3,5900189454398084	1,2624881993778132
-3,6415637032691595	0,8756950617680046
-1,5181679682467122	-0,8028873078718572
-3,9715289746232254	0,7392972547295622
-5,731416384453087	0,9546558277126747
2,0780665954475173	1,0990048442961213
-4,496263372127848	-1,940380495871941
1,5470028784185947	0,7975055980602617
1,901893815547934	1,03749611056172
-1,6914502416742088	-0,8246320377802747
-3,274545265192553	1,1367865960208565
4,617644359204253	1,0841525976721982
-3,9761019916124933	-0,6730849908935925
4,733219023596908	0,864579270376769
2,111645938332911	1,2445577156821734
3,3495236984010566	1,2450657839476902
-4,081720273324933	-0,8030214649089658
-3,4504153034575404	0,9698670245840009
-6,244872065974333	1,846979750626414
-3,2173461196273103	-0,41395271775447773
-3,8889104643189816	-0,5353328953703149
-2,9214158656953995	1,3361666399229493
-5,268367248625284	0,7055334980325357
-4,395565985622461	0,6730640440115492
-3,755487198607132	0,7813433248720615
-4,160825720989376	-0,7799481931156309
-6,330731302713351	1,3814799846310923
-3,4490370756606086	1,1769020718467245
-3,6236422216668185	2,0931618568652937
-5,527683409066315	0,7505511639803343
-6,060447497214202	1,7961425446945498
5,018150117952239	0,32915592803938315
-2,7877451683242676	-0,3196461579819623
-2,5331265153994473	-0,43408976671064514
-4,448644498658597	-1,2389271637230532
-4,20392940880091	-1,8061023180062696
-4,441098594356255	2,432242581703389
-2,0531875434909654	-0,3944653374284952
3,5424310401139736	0,17256920716539892
-2,4388952256542473	-0,27700232391125135
-3,5211930922450887	2,0648339703576357
2,163625299321965	0,0691409067206803
5,121092644376391	0,5575317012869633
5,06697387395705	0,7003240462366194
-5,202839422457124	0,6678349139688824
-6,002125978358861	1,8830848802592184
4,063340516556361	-0,010512383979132789
-1,237539153068297	-1,4729227748186189
1,565167612964784	0,5603619212747578
-6,093998696175364	1,5537112237585702
-6,162709455760688	0,9553248760591575
-5,978652114433496	0,7015496603449455
-4,482881296994698	-1,5201538760913627
-4,405106746292931	-1,4091459107041016
4,362007874126774	1,17115382774107
-6,2388817693451575	1,5128826711112944
4,451519515189418	0,9759034288771391
-1,1220681872170613	-1,9495268968578745
-4,8582333581451635	2,037838242073351
-4,475675519454643	-1,3336117300556285
-3,6346148416617483	0,8343463512572216
-4,476531794339443	2,166447243271325
-4,053289167717945	-1,1538214747949778
-3,4322740223123502	-0,24474047464136017
-3,4279998993267737	1,941408409515403
3,816397293833857	0,05755797407018726
5,000523518208582	0,7719262532832618
-3,2346770970192167	-0,22895120411202807
-2,07860741235658	-0,32091882094386803
-3,0826924800584283	1,4838823270289045
-3,8272867889413007	0,721936437093831
-1,8105980279672507	-0,7366024055861147
-1,9667830621229947	-0,4881555207347694
-3,9022872706615686	-0,6628990228673313
-3,0676117564596153	1,30087854013552
2,5758495019890253	1,1424164345746575
3,7059551156048927	-0,09831067636899005
-3,6939776649724325	2,052125060017926
2,9049685764644977	1,2411188086357514
-3,062414693018141	-0,26919304156730783
-1,1390970573112822	-1,8602484028133652
2,4728634574483275	-0,03039584929965855
-4,361984019322996	-1,6015904410915547
-3,0667140544745717	-0,363362353239189
3,6769100195594744	1,325957006517142
-1,9857038468670791	-0,3347832041675194
-4,248845090728304	-1,32834397090087
-3,045876502071892	1,4130803103927931
5,120173648992375	0,45153860049578004
-3,201057350927284	1,6102924959258702
-2,9717154760114552	-0,05158505996229534
1,592093260550075	0,5460896239050999
-3,2657245781888258	-0,46822668388692534
-4,426021848122183	-1,891035388951769
-3,4427602560720567	0,7763374313584468
2,3588306824476777	-0,10853673036916178
1,6601722789222324	0,807396096979384
4,2019591067318345	1,0686442416544326
-4,48903440290511	-1,8217164963621761
-2,99093182751644	-0,2345943445208527
-6,115719569418056	1,1881338044744154
-3,641235900146274	2,0122203358908974
-3,6082117026229943	0,8506486300424134
3,790978783130818	-0,02257704196274235
-1,166318802392693	-1,9602931056082977
2,725817930607043	-0,06322675879029394
-3,6991222668629833	-0,5333558685655035
1,745258269075745	0,7910183279624946
-1,3573585810991728	-1,600288881650411
3,7141904572083764	1,2371039323565904
-6,221242515295718	1,5083028594638164
-3,382333105295111	-0,21540208370453362
-3,569325318088679	-0,3842215242342766
4,727846719080088	0,874515800353518
-3,5319353978616013	1,0400978122929323
-1,1058338465201851	-1,7724492340480116
2,4452669073460576	0,0837820913301468
2,3098263093344364	0,11230046364293556
-5,494891983585561	2,2879517277594617
-5,552867227998938	2,070742115639619
-3,082254990332496	-0,2619453440373851
-2,612455672179187	-0,24510787022462677
-6,2058483548991905	1,0447232562066782
-3,87576628353685	2,1710533046377183
-1,0456113241426577	-1,6833703955766826
-4,379438244572766	-1,2959655412143913
5,107550302317335	0,8278929101547011
5,010764622126164	0,6505665578743807
-4,149844321418019	-0,5929277911122719
-3,993604218617964	-0,7736402351341591
-2,258425065032789	-0,48614020098435584
-3,3019914121948957	1,1636703340638994
-3,258375002538983	1,6133189066827118
-1,7038702419968	-0,704600841259652
4,790886405139066	0,11715635335642793
-3,169348714728413	1,1795053572255358
-5,515819981553605	2,121668732856958
-4,3146293915672125	-1,112128626106175
1,858704285091473	0,4748597179747105
-4,392364117300048	-1,2499749827861193
-5,432338965179409	1,9958377534263922
-3,5450552697920577	2,030503605612867
4,1424528043951785	1,2968860282139225
-4,13348631561032	2,2830741045860483
-5,149122880762584	2,052022713099804
-3,586862690860298	-0,28832945836312707
-2,7486668310092126	-0,33950363490146507
-3,156348217818363	1,4924962434744693
-6,076636056143673	0,8800848406902624
-5,719738529761257	1,949075903120701
-5,515056920406315	1,9750435162354905
-3,5770671212480023	0,9739836635053816
-4,237391454301763	0,5809381241489053
-3,5106658079837123	-0,2978562480797393
-3,7478452138930196	-0,4726451653067003
1,5123916304752874	0,9969587479840247
-6,0170489758490895	1,9237589101580543
-3,5087314622625296	-0,49687317985611124
3,8459765731634934	1,404899155571037
1,6061737695446145	0,6531872530697931
-1,5328180908630766	-1,0240148628959669
-6,3306772348503415	1,3152760113500441
-4,645381889470155	0,5245637758198122
-1,647922196636244	-0,5638469462248221
-4,4402891739990675	-1,2550737355205048
-3,8710703357648093	0,9017807387634307
-1,6147865375358055	-1,0852453826025203
-3,3071073173813024	-0,39699097689303464
-2,36814360740029	-0,34391738622395884
-4,000113431044115	2,3018041432750924
-4,664563240360031	0,6220443045105609
-6,3148900247706505	1,2018780094022457
-1,203336014235291	-1,8231043396573698
-4,271404308861883	-1,2324597555927386
-1,2292893233310762	-1,847876604675922
4,914979932507089	0,33463577980466946
-5,112414969526345	0,6960463138846801
1,788727160451139	0,9347639095776243
-3,0324138991114666	1,278880727092258
-3,3048704487629763	0,7813630827369361
-4,057177657469552	0,7718968281294248
-4,016966764359114	0,651827954544298
-4,070310439512193	-0,8627390362473069
4,946739283635985	0,4789758776213735
4,019489640405832	1,2757666215633385
1,637413190128885	0,718888202985338
-4,010341144765448	0,7036213867254907
2,2019670304741945	-0,12953746736326333
-6,322521234122742	1,0212046520521914
-4,615985607304717	-1,6303419704473403
-6,109944785736501	1,0534533198169291
2,6945758378677365	1,0653032114486547
-3,6988482328259904	-0,4148567737516351
-3,247860730269103	1,0853188595266965
1,352448906755932	0,5385447409532823
2,387581077579213	0,14792027451096895
5,098207118977668	0,23823279151345134
1,6928715404027161	0,9859333001786423
-6,039748378390824	1,8675437696800565
3,5709468177224735	1,4654714213725286
1,8492359579815532	1,0108432628223092
1,8349064182444506	0,20583096208931184
2,4906732940522667	0,13040125093913119
-1,7215763571304992	-0,568045310080419
-1,3152466455327192	-1,1996336558645035
3,348835775842708	1,13523320453253
-3,9044744232583075	-0,5113022043682203
-4,128011983696889	0,6408730741112377
-3,6355925907987796	-0,4992703114487087
2,9592478339473915	1,1782052739291449
-1,6776303779923967	-0,72210430207467
2,9109619945389076	0,016634474679551814
-2,981473484329456	1,4890282134891242
3,3459154519182595	1,024393906675705
5,029303504630597	0,2677260089586307
5,042229058830323	0,557875549682903
-3,261595142072532	0,9469519034706775
-5,901283804293248	2,056209248294998
-4,206819659557371	-0,9378177468995568
-5,927894804029075	0,8003855163787353
-3,940905396568171	-0,7432294766363274
-4,162851923621266	0,5485292919964759
-3,6511959026207066	1,9142139936613711
-4,210304611891316	-0,7305639384304623
-2,5911020100833215	-0,2350969272392096
-2,584794771641261	-0,24624575766223922
-1,5445880664356746	-0,8685766998263726
-3,2688756974615947	1,7020617093337216
4,673643493659054	0,3323787965499576
-4,903288360666162	0,6490673626420992
4,392866094027326	0,05305831340547573
-1,1071869452537957	-1,6641626969585388
-5,715041196505655	2,1585170291138356
-4,316854913415314	0,5826974357235716
2,587550249516143	1,0165036125388471
1,4886736899990312	0,3952235144011801
-1,6075642837130308	-0,9776258779555848
-3,058360883562571	1,43149504575286
5,047335175208769	0,31622760983875864
3,4256515609777014	1,210135359891039
-3,0936959328168037	1,6840034302944944
-3,700516273336331	1,9649804146868515
-6,378892777401484	1,616533113836534
-3,5656291108266265	0,9176370233918711
1,7204018790456814	0,9170972565332601
-4,410077111537582	-1,648428871484956
5,1196337234036235	0,9176775426631527
4,937056908312066	0,7944534872567737
-4,251351598979554	0,6674884633406946
-2,412650269103663	-0,2871088198942282
-2,168845168393684	-0,4495348038544271
-2,6247542037100424	-0,11847963573257125
-1,222467050850842	-1,395022209529382
-4,919859300831275	2,1141173252846728
2,804088687040275	0,0801974377542265
-5,982221332694498	0,8641348280263943
-3,777530145412289	-0,39473667182216654
4,961826388212363	0,8684914680458204
-6,4280189161920696	1,0905025946206295
1,9893866980394428	0,0016519412234403674
-4,520824909349553	-1,4383124212177316
-1,2151557701407063	-1,3068775449459036
5,112591946323486	0,852352103882815
-6,291106223701008	1,6017384198752702
-4,171865372343775	-0,8877642697513548
-3,8362237461192326	-0,4298099044006045
-6,274671605678719	1,9498990144409958
-1,2728904744758314	-1,3872220333225482
-4,130078082673567	0,5717723619408277
1,609231747206381	0,4635623231284185
-6,564681657566519	1,6276181896748187
-2,5119863532231306	-0,2325436588933869
-3,864069880739166	0,6833539625665958
-6,4961960674480155	1,4013710847731742
-6,278847568959993	1,8235808764623682
-6,242912928596988	1,4479216684645664
-3,0527941905238585	1,275840375284636
-4,483339822499794	2,4316461412302095
2,2560490876410455	0,06251226088270667
-5,388299769565534	0,551946734615289
3,685663693880875	1,4175484827246083
-6,071639431683377	1,807198486122104
-6,256280256411912	1,2189045438451376
3,696375700114639	0,1635210553850307
-4,37019076260326	0,5057143432751623
-1,8556790306815154	-0,4463595629801622
4,743987012648075	0,3310441610491636
-4,012833347526325	-0,9302460216689663
-1,3705301751932033	-1,2214715063494104
1,7679812698219048	0,8975445261518288
-3,168717506210289	1,1291568590424852
-5,53407829639716	0,6976955673009084
2,382008172880502	0,1739622887559869
-5,988192525630305	0,7281208943670536
-3,470608203352645	-0,4179968275967163
-4,384983587466834	-1,8245774321234023
-6,465615933961002	1,2866819701538144
-1,4797528068639567	-0,5894755587385301
-4,351980224187456	2,177488691846907
-3,2284133641677992	1,8061616389219792
2,8480366476097627	0,11235115226318859
-6,284591148318399	1,3834024263184739
-6,343866583770675	1,7710693299856375
-6,2653335991035535	1,3614873381308685
-2,5287245792243414	-0,40164789858734307
1,8235250149896312	0,5166094223017781
-4,136458946601983	2,132109585613614
-4,271553766670476	2,2726292668776584
5,064046159259831	0,8178916688387822
-4,598383544917694	0,6120304935547234
-1,6155113384478144	-0,8335752762127484
4,853767527763386	0,4230835589616948
3,0643977628110797	1,516474695843682
-1,0375383113494963	-1,8515120101804232
2,948957716227913	-0,14868421073079185
2,1173786611251746	1,08746671603593
-1,2709452959908296	-0,575555619224895
-6,237666814022167	0,9551089029295159
5,017509139539464	0,4517591134106095
-4,192077440153988	2,126409298713544
-3,1902586197045575	1,5193042130065324
-4,487998629303846	-2,0936112177645225
-3,136265237479195	-0,43526285768909045
-4,026505863859979	-0,8062300806587728
3,4461927161337496	-0,11528087856066227
-3,0624130084587677	1,1800636476386583
4,371825088853166	1,0779292961853908
-1,1976057081789326	-1,0731182128424992
-3,3854769171872583	1,9204734052200614
-3,5408052665875243	-0,29922522040028454
1,5641955286120668	0,6317408293808504
-3,738972215713117	-0,4303424666954443
-3,2488521006598834	1,8573918256724287
-2,7561576693700838	-0,3064754327893202
3,6521712481058817	0,19147330461439338
1,679574661807718	1,1245519089679716
4,386493851956378	0,0834046238207633
3,5503891326468318	1,21587273212177
-3,9136303058208726	-0,495516633380243
-3,1788962551827953	-0,1641407930948895
-2,9891517796506366	-0,2490400622253237
4,27305607876002	-0,042477308493275245
-4,492012571404737	-1,6106257285173924
2,0974006045499616	0,047062478584269374
1,6542885108350702	0,5224302923559654
-4,082077589689376	-0,8464076511172522
-0,8938512763575952	-1,754741561657546
-2,8745933645333226	-0,22102202459307696
-3,2849306172865482	1,804174333290891
-5,212575650213219	2,180872457450616
-4,70173385089868	-1,7101795398474784
-2,2365604453468877	-0,420191576565875
-6,455219728801508	1,3383182262152187
5,024666317917618	0,7498674695673947
2,1015219710671365	1,1124335190271297
-5,1869526247104885	0,5248004758211976
4,380615967006028	0,02574509614786935
4,677963771118627	0,3769194111594203
4,809956785695148	0,8765778904890926
1,671675979631108	1,0115254902651316
-2,4393957416391094	-0,21969607497887278
-1,3500081988511603	-1,0464785178070892
-1,9305673552985108	-0,5797774717586197
1,9599455172331497	0,17068504960395575
-6,358859656621174	1,2635609044340321
-4,704485659909345	-1,440180353001931
-4,747541623198158	0,6716123008255689
3,662550386136886	1,1583667560263027
-4,373670139826502	-1,0455300431210095
-1,1146158729956899	-1,5119681419303437
-3,5098111378268726	-0,21996676777647095
-1,6579749632057297	-0,8603390029848426
3,19488037519782	-0,0942901686206904
-2,9310899467840192	-0,38820389292953283
-4,165579504727484	2,07438406254751
-4,058284228954692	-0,8754026879049199
-3,416329909710101	1,9892821462800314
-3,9579844003399343	-0,5425812880497296
-1,2760386778078976	-0,8040944195290591
-4,58245330021773	-1,5946060106983442
-3,0653822807430924	1,858084347070004
-3,986169199074229	-0,6698473855239953
-4,49327088963621	-0,9653930614495274
-6,032931382239694	0,8695481779023742
-6,04241324105918	0,8804310761460435
-3,974747930627515	2,1580946533288587
1,917841792360782	1,0154482845474682
-4,217389007309451	0,5797841814609381
1,704247879299073	0,27444176092582373
1,2702108689063119	0,7561869558257197
-3,2699809689832753	1,5186268292194745
-1,2035651367021927	-1,157061384257636
-4,802495469146233	0,32820521634811994
-1,2801809376292113	-1,1114735563885279
-4,601004928007938	2,2065953833812793
-1,1932121136943645	-1,4037779722705914
-4,335545937476868	-1,1609242700754514
-4,235959699827655	-1,0269950820826201
-5,69110128349307	1,0074488535986688
4,861430278744762	0,869289431020127
-3,383423851007968	-0,5581976524712304
3,9985732386955917	-0,012946174468559501
4,968398239674624	0,9679073559105503
3,5581482536426403	1,0832774823026823
-5,435608419563017	0,7098840778422584
-3,1179276549663126	-0,3072308961288377
-1,2388751666981999	-1,2996324606021592
3,7497866282029126	-0,134399841034599
-2,438271326498326	-0,5099387504925563
3,4052222021357563	-0,005203876409791364
-2,3734868287492974	-0,30543660549898477
-1,9982401158475365	-0,7186327279587279
2,3910831862336424	0,08401848311278459
3,8009803497833543	-0,0429465959275146
-1,4351659748212409	-1,1023462635696237
-2,262993706772204	-0,41603370107098825
4,159119021656437	0,07043553429391669
-1,1926664427470164	-1,1185675629642198
3,359990103399457	0,09315125733154295
-4,1199036648104315	-0,7826979350832064
3,797963123532692	0,01145532398313931
-6,234294463788807	1,2945677976480565
-3,9705049345337784	-0,7226401347088838
-6,068765320501678	1,0431797368638784
3,1091327309578647	0,23517314322325078
-4,997409751280947	2,2870974677157903
-1,8098708267965404	-0,8992347797477964
-3,5324903663972345	-0,527318614357742
-2,9771060018602493	-0,3297301057106552
-1,2985241971265604	-1,613326273889824
-3,8689091402858677	-0,46906150230294696
-6,294756050012763	1,1774801878016043
-1,6333155361312954	-0,6755866174792144
-3,746937157968875	0,7235506929436663
1,9106458384638982	0,2796605401867456
-3,4093322568602944	1,98741169721574
-3,4899026218245828	0,8572587359462372
-3,918919154098603	0,8351297771115194
5,223097348107812	0,4244786577376728
-3,055572784241702	1,2059666001611546
-2,57265429918884	-0,3450514453454525
-3,72021644804937	0,6577784416857565
-6,259315446691506	0,9316117924157744
1,3398310303792358	0,5256085643592585
4,3792969229131415	1,1341241905322577
-3,2092935385928945	-0,2722482703993574
-1,6424210674220654	-0,5651642250058673
-3,698333793118434	-0,4445533617652999
-4,599414083157949	0,6947213672143582
-3,8165361630807833	0,8522690418540502
-3,0224823875745566	1,4217473254723196
-6,0663726750681235	1,7358883398004827
4,943586629581694	0,7291668012263329
-6,279516272243425	1,212625047497164
-5,161643777026569	2,061053016174218
1,7313784279186133	0,34497757112769034
-5,732901430742298	0,7427513987435783
4,948902654596694	0,2929198549335099
5,123673524567957	0,835489320378032
-4,355549680196074	-1,7495284068458932
2,2090786806675355	0,24226599828815132
-4,077860060675432	-0,8634332334713302
-4,466143720638812	-1,9479916690458032
1,5467679828689394	0,7924246371901686
-5,950382299093312	1,9154001542881753
-5,550449505193594	2,2803755291185235
2,3234208029743915	0,046319979022077185
3,9751527920813845	0,22098139676092976
-5,788339010070266	1,0105290172185355
4,030248826903487	-0,022367989163136204
-4,2834223052492035	-1,2918719381064503
-6,21623304498951	2,0333754521225584
-3,251137820486559	-0,38330280505912384
-6,134322024376868	1,160630441184674
-2,0450367613976095	-0,558557145520908
-4,372505766977673	-1,615687640258979
-1,4431395663971127	-0,7870948824200337
3,218642218305188	1,1361714297085905
-3,917069463166565	0,6558545994489848
2,3490400034998276	1,157123400061308
-3,937631494062968	-0,7516451836357432
-3,2129257022782682	1,401572363680496
-3,825726307313631	-0,40319542543588915
-2,387502372260944	-0,45601709624517595
-4,319498143985499	-1,2575912215325076
-5,215899239119042	2,194250053952347
-5,1595116041982365	0,4452487240358456
2,080971540777401	1,064625920915494
-2,5156349610596473	-0,3592237080805927
-3,858060977595218	-0,557727671770744
-4,575497691928815	-1,8715002264726701
-4,4622008934455355	2,277958564967695
-3,476412948275231	2,0053345636333146
-4,040497400714022	-0,6715438940380258
-5,9791932049224	1,8301745037450905
2,0730290715916895	0,15036282037496612
-3,366472651680499	1,7392483269361803
-3,9043786328727386	0,8585674922791418
-6,057672002064148	1,8595369970017304
-0,9611028789305747	-1,861192439727989
4,458645595323598	1,3097948060317348
-1,2543981715703345	-1,2699800837919781
-3,7716311999875405	-0,48784619457768974
-1,9289536849566642	-0,6793830303685062
-6,275062370535472	1,4515384516279175
-3,517399144728702	0,8309240628924731
-4,272500421159139	0,6648192307362386
2,429387007128943	0,0625273133883466
-2,852169042401946	1,4093486731556641
-2,773833185320275	-0,11845791960035368
3,3762151871342745	-0,06661392514533193
-1,2470351677282845	-1,5269660992213643
-3,150585894434734	1,9349013872153096
-6,2701948422205644	1,4746097215079486
5,008680004234873	0,5646704305629879
-3,0539089054806516	-0,23590706759962599
-1,1355900395340566	-1,3883578296394266
1,6578960208057987	0,8492753350754577
-1,3841796442360679	-0,9735647969702066
-6,084278880838825	0,9310200968852544
-2,7491419583043752	-0,3097493869048491
-1,9331222374050157	-0,7426447226699129
1,6293766692840275	0,5481390587016518
-2,671002783589108	-0,32530164638479864
-3,3522312969822616	0,8565602377600486
-3,0053805500390114	-0,24558086329496875
-6,203591238390336	1,1053742121179897
2,8175629561182456	-0,013381998725091493
4,096576575413869	0,12674733354286427
-3,3338971641907387	0,8340298406948065
-3,8123864737480897	-0,6725811229562781
4,881506549910314	0,8804916447893396
4,935843754778197	0,30640817171169166
4,494328426022715	1,193042224409933
-1,3060957356234364	-1,1565476949260145
-4,742250894040688	0,6675299553800907
-1,0511243632462042	-1,8950279520609719
4,254628167414477	0,015517311301052938
5,006914090611856	0,9565729487560641
-3,473379929942542	0,8729817448205699
-4,400026828489975	-1,7103626390186315
-3,0316824961753697	1,261231321929686
-4,438723927691862	-1,3519024949673886
2,448641786800043	1,257903786972176
1,605308956402081	0,7151009000733426
4,593694087164297	0,19957510783683113
-6,298059356049629	1,7495721266825304
2,9455669609966653	0,10278896528231396
-6,305201803787144	1,1299660011478485
-4,1141252180454035	0,7615679644685045
-5,826398208593313	2,0086051713943407
-4,542291323320648	-1,7791192910831262
-3,1587299968443365	-0,2634696334201321
2,366173082155415	1,0734793090277757
-3,930083578228122	2,139628187946731
-2,9998692571228753	1,3883152203720641
-4,984212732060534	0,47385729845618985
-1,4764218784759147	-0,8150577689713394
4,7836917662350285	0,18166212653478464
-1,481159953624163	-0,9032082770538241
-3,9208576998801865	-0,7684936394140571
-5,146747799264336	0,6157054987828139
-1,1979977195460088	-1,5264142658733422
4,941806788360859	0,9491710835233104
1,6035512581963542	0,8721827550715063
-3,5518411077429075	-0,36099886221271893
2,4945610926450286	0,13571005883570247
-2,675126320462129	-0,5227579002790002
-3,6216077977030174	1,9734201995071947
-2,8416775789616544	-0,3085499306061943
-3,713087254275302	-0,35008534220195053
-5,79825495600755	1,0294088729626494
2,781298644696121	1,3797075260555707
-6,227854468084111	1,4907561868269499
4,826965724874671	0,2154407470885168
2,6356733064963223	0,17502716727892653
-2,663250275713609	-0,31133692548112224
-2,896693607848949	-0,21777227459184267
4,71955323503217	0,2812582595723018
1,5009867253571925	0,7903562733940185
1,631582162373102	0,9549523735212107
-4,45626150873084	-1,0059738687567537
-3,480384267279133	-0,4230255440469355
-3,154515561937143	1,3339808874829413
-3,909679454941094	2,1601530515725798
-3,2860378252603777	1,1019151692798506
-5,666523573602609	2,1572281391153787
-5,65715161935713	0,6691781155438425
-3,5542235787548977	-0,4423332176642045
3,9938889949426684	-0,02306985989953414
-6,33347883405244	1,1301878531031355
-3,2948137648396703	1,0498407611778418
-1,365825379148349	-1,0549199778280496
-1,1312131017169877	-1,5598317455983048
-6,123515818498809	1,7363206992840534
-5,56943740223087	2,1267804668976464
1,921702032441519	0,8325521084817666
-3,6060594199972176	-0,4319045869524578
-4,362429427934485	-1,8932529425909914
-6,048495338578482	1,0001047366360736
5,3122252216791495	0,46303992190985244
4,549739254379338	0,8448530422771676
-1,3201303156511413	-1,28922482998929
-3,362139136761364	0,9459564706776087
4,200696708123417	0,09152933993512102
5,099483004678786	0,24635223144668006
-6,263638112639196	1,18513144515699
-5,213582277800842	2,186591912687328
4,908867204321358	0,4091456987162738
-1,1953318177079746	-1,2824564569203816
-3,079566798757104	1,5892272683233741
-5,958977645072745	1,8418174022485903
3,520992619669618	1,0278803533683816
-2,141167468055774	-0,19344635902978036
1,789269743694246	0,9929905500182921
-4,407037873006537	-1,0455562005122472
-3,8764978838255706	-0,5797259363317058
-3,7292093965382893	0,6711808888488722
-4,174034656046029	0,6391751164507771
-3,1506655857108554	-0,2904858982507246
-4,055489297187439	-0,678617691019648
-6,462927380713548	1,2173647661531157
-4,219851795512003	2,029165129570984
5,00125654936942	0,4112617061907451
2,967662745231538	1,231151190401806
-4,457976796102678	-1,193058235427638
5,146146036629257	0,9273953808296088
-2,006200583919687	-0,3942791183879275
-6,186795576708198	1,8207274597552867
5,0581357118145	0,8364325232247327
3,427205008076788	-0,02922731691388669
-4,2878189673693266	2,2208220942279637
1,709786448493468	0,27428157004722853
4,395961218191815	1,1957773071297166
-4,310221124177255	0,6512659356227843
4,799022805019275	0,9223968173200564
-1,3170800937190001	-0,9946754856481218
-2,111288309319965	-0,4351165959330452
-5,1633833894561025	2,429854887988262
-1,235457628989598	-1,884002729760535
-6,349443104713691	1,355652269209127
-3,3798467131548446	1,0480378624694042
3,659981048058498	1,3555265256714093
-5,907506162196217	1,914351593110702
1,6683740496542807	0,31638574803209546
-5,599813101324832	0,7346005247867389
-5,20565292452606	0,6688455312636618
4,0166192935465945	-0,18377184194512342
-1,9695731407393668	-0,4420425086093953
4,953820907425116	0,7984011274713756
5,024575965763597	0,2039995335375977
-4,578782763886447	2,203118260530499
1,5246330934931165	0,4471497890967236
-4,45987911140111	2,241102740272744
-4,726857210529335	-1,5346481010624566
-6,398511796628934	1,457102956269166
-4,587258414613322	0,6206897009828084
-3,110743637394861	1,3008227444484959
-1,242970955660898	-1,3978064172796114
-4,021728535285689	2,154914411591298
-3,5538338628692316	-0,6008597110075251
-3,209490584519581	-0,22944575160592873
3,9968921725618145	1,0393713022031954
-5,841661305493261	1,8769915509477724
-4,4485230808101734	-1,545484059498992
4,334804534410461	1,147437998765787
-2,3492957271215764	-0,406034638257881
-5,210043748239232	2,1541938266622997
4,192011989802266	0,10655921936527957
-6,318876965387053	1,6053260783088577
-3,835214125291044	2,127966973783811
-1,1648398918425278	-1,266465191312433
4,154172507848689	1,1533374689274871
-1,6336332431831921	-0,555622023911178
4,297554323224962	0,9429822957046508
-5,6734304191929406	1,924860707478632
-4,345963450090442	-1,2491345650332102
-2,460000733679114	-0,2954562901071571
-6,191039178554657	1,2098313566303638
4,58728778683504	1,2644550151416483
-6,399492768821272	1,2812186417888587
-3,704746071642372	-0,47440494052940174
-4,0672855140772	0,6734989522806932
-4,338491285387829	0,5824687099646771
-5,582421651213971	2,200908645471101
2,4332691584246566	0,05833610817061141
-2,6904845930723615	-0,3751862405424118
-1,2665636268991975	-1,4340741483418014
-5,704988366838485	2,1057875205736654
-5,017315966806413	0,5907869611211013
4,926659167846006	0,32924441781805897
3,361427046635125	1,1623365474649585
-3,2092581298951486	1,737221680594469
-2,115493439375458	-0,13437667497356065
-1,1564659218659443	-1,7544372532860324
-3,972245486702655	-0,5838173939938858
-4,2879302342897105	0,6231367299529958
-4,411531807086165	0,4815627497467099
-2,9857860244479295	1,3506389341378235
-6,356806629876825	1,363010701231388
3,025517683714031	1,3148025855189807
2,412353043067328	0,15605473597905506
1,6411539781175781	0,8184917877441573
-3,1766842741524153	1,4564967625676553
1,5916141928471366	0,6230960036109415
-3,0107163491347	-0,36718302131083647
4,445472057576815	1,0340518557348712
-3,6469443597060374	-0,5280121712125407
-1,1284441755893944	-1,0098759372748032
5,143382532421641	0,5112803000527034
-2,0394746814851477	-0,5377968174613281
-2,1716336132676153	-0,5868469520458397
-3,9313177590934827	0,6246951509917197
1,5765004557920947	0,7060709757337463
3,2452218986959998	-0,043224723198360016
4,884962108453902	0,5138298467423097
-4,474114444569837	-1,9305748853621756
-1,6519257885932104	-1,0494252333665561
-3,4754069364754994	0,8453754700847214
-5,829521327052875	0,854363493639461
4,753400776302738	0,951595364965812
-4,610389987903088	-1,6592552373756226
-6,076627374814453	0,9822622074659247
-3,0308634433945234	1,6123558012492274
5,254661378200898	0,6838654708600025
1,6845364638979572	0,32461976561391837
1,6807703203392579	0,22593505035393768
1,5178834713459464	0,37374480385294284
-4,335659573630511	-1,248859770494253
-4,672417239519216	0,5271919110015104
-1,017841195448517	-1,6188619554958192
-1,6252152636098562	-0,5837057893386355
-1,149110828463616	-1,34352379176595
-5,874305955979709	0,7535833504957166
4,675843618989794	1,1200450910570183
4,249980252949254	1,3319465714426408
-5,91824829561957	0,8636429394069571
4,877549632457665	0,20909126298973768
-5,914614403664894	0,8443992697390552
-3,798614734003626	-0,6961613432652047
-3,5955084963422173	-0,2838678468351854
-4,352332102727318	0,5813001759482943
-3,505820299117392	0,8168866034878686
-5,493903476951157	2,209367600256548
-2,4511483253753545	-0,26630039886509427
-4,098952065887648	0,574427946674946
-1,5947160693241709	-0,7260616066023322
1,5727100655287514	0,44290233135864987
-2,490797104182904	-0,32151488532852657
-3,496864834714922	-0,23375145703879618
-5,632342303949009	0,6475401640448973
-2,976861865694742	-0,2993522782689877
-1,6028029630215506	-0,7964468325925314
2,659328695641925	-0,044203540189704404
4,083739542451426	0,13724222082029436
-4,380192495581335	-1,8074709373219144
4,783637475320192	0,34211086863117196
1,5983168678047663	0,47071425960802593
-3,6564696257851996	2,1826884358510013
-2,010544639943464	-0,3506601172206214
4,651955478883963	0,08259228553163189
-6,211113030154859	1,2931225518737388
-5,135692878942493	2,1777998520543576
-2,6133613803253564	-0,31349541313821305
2,106409714151832	1,0910150730684793
-4,061032513809483	-0,9013820610012973
-4,532375897370023	-1,7863480122674469
-1,3915685436267002	-1,2527715474768795
4,743298487630687	0,3099522417891928
4,385167076186495	0,07077524506870791
1,5487070318707385	0,8967232913588503
4,495372691957464	1,1738769391741752
-4,404285398777739	-1,4984730655880658
-4,5114250169478955	0,6803183534185198
-5,530730274905036	0,744985128054631
-1,7772229144936562	-0,644858283265235
-3,4880150324661168	-0,5002151134700035
1,7853384827583236	0,5172307291275919
-4,289147169387136	-1,3268420310115727
-4,838175841903979	0,608780151454907
-3,23564050248576	1,0962961112694973
4,978199311443338	0,5090953349887232
-1,1446738304839836	-1,6241441536121017
-3,2664156440867487	0,9842625457747691
4,893446807242842	0,9515344678968773
-1,6861746520425158	-0,6781957824998539
-2,8365357545997787	-0,3851754371536078
-3,2569468877678713	0,8315509601127216
1,8827894757126726	0,15570190154237817
-3,9811984459924066	-1,098388429051857
-4,718151696706692	0,6018041210327172
-2,9745110095467773	1,5916802017052067
5,031377514313316	0,44927049300563837
4,450482314575229	1,0831099266229118
1,6889477926157581	0,34144829543462435
-3,3825370914434094	-0,2076212754597715
-4,367718259820013	-1,0853022101997198
-3,833942784400335	0,8034831013970777
-1,2929994946741223	-1,1920198646765043
1,9632705868425004	0,11150439320460526
4,926736818927036	0,16030874760295855
-1,213638349940729	-1,2970711200198115
-1,4574808981110563	-0,9954621105941223
4,0038617286172125	0,0306044478596188
-4,1289773470040885	0,5030898002983023
-3,1715576252092204	1,587716178176719
-6,075839105275836	0,8852296314935703
-1,2249855113608115	-1,9110981118346402
2,9196638556514607	1,3205554739184402
-5,444127175627562	2,155482810225076
3,762391250496681	0,19246660434955365
-4,210617679364953	0,6558375588948291
2,9721547125411973	1,1468015646710685
-4,447395176045808	-1,3871852319348874
-1,8896133962673132	-0,6510336395887628
-4,469101295054733	-1,62870910909812
-3,492339952857073	2,0209762943817458
-3,290700918622563	0,8558199504684988
-2,874308277950925	1,3941850655646222
-6,229141395320703	1,8308000272758536
1,916638436726781	0,34950698001234826
-3,921696243879686	0,7680302442382073
-3,708280152299206	-0,7744391976701301
-4,289822395402033	0,6893493205824012
-3,250643865499581	0,8811329486403524
-5,935386650513842	2,229571697438135
-5,69956447068704	0,7942510215054028
-2,27650121799062	-0,5403540077985298
-4,444193527130541	-1,5371734858996435
-1,058704491667468	-1,4035940710580057
-1,0055898482030436	-1,764318122241974
-1,049380125612807	-2,0129437276451374
-5,462775596029738	2,187231962936252
4,641766302621359	1,0313861743825532
-1,2112230026399584	-1,2890828890326875
-2,489212814029834	-0,3142681777197167
3,3834507867243437	0,18534837716147357
2,1453838622276553	1,1390436907170907
-3,6790796786977644	-0,36397322352693084
-5,047758706949066	0,6343787640147198
-2,2701984569378864	-0,33172118587511834
4,860574455910595	0,7778892410439273
2,00856252880591	0,09869774627988925
4,554935577409846	0,1694754409792899
-3,077517164210354	1,10661902482014
4,90128358660651	0,7802468584297523
1,8000479748102876	0,9344235116825457
3,7133552103608536	0,12705390457647847
5,090670866301583	0,5708126220478821
4,964202633623816	0,4539954844623298
2,5206309320427813	1,378460367559938
-4,165945316310581	2,327604987228919
2,0264556269264915	1,0394639237000456
-3,2699375053916784	1,324096199313248
5,021184293271176	0,9762321690094118
-1,632754479142197	-0,9659690310360262
4,582647898674527	1,1413193146684315
-4,193952209167879	2,2325328335162355
4,538158398750469	1,167869583528206
2,434001003585389	0,015171198348514658
-1,5415110378883767	-0,9623598181199968
-4,171161954752557	0,7332037477082489
1,77336281591264	0,8593204902460617
3,1495560216330265	-0,040414222713627046
1,893330058231209	0,23952012527639238
1,8232430403783282	0,1975697547069526
2,2207758405756266	0,988256506265459
3,9351194925584396	-0,05164113812239213
-6,069685728038989	2,088397916423701
-6,2097048207271905	1,3394863343955483
-4,144869874726745	-0,6282333490659286
-4,557853301152965	-1,8762944042934722
-3,093593372132533	1,5565686624145687
2,55902217750936	1,1997286699142014
-4,142285953481308	-1,243789395080786
-4,489747455896088	-1,9004614883384867
-3,8210919420092746	1,9545032024746196
-3,165501468593848	-0,43540264720700117
3,7490870094714337	1,242661105407464
4,038491611537049	1,3517479309836196
5,226017102180823	0,5838803286446393
-3,208008886913598	1,7946518127535636
4,129382743288676	0,08327151340489092
-4,425924956550331	-1,7517798055238365
-1,6896143168998041	-0,5760269768771027
-2,8839283493847887	-0,15660115452860746
2,2454063963803557	0,9907117352217297
-3,1267920324410485	1,214004332817964
4,944804077349723	0,7972992484973418
-2,9960102299592024	-0,3422609305460349
-2,6903406324603614	-0,1812645040601597
-5,087819545813069	2,1916117960058186
-3,3845910176481544	0,9402873169889123
-4,155035837071527	-1,061886130273502
-3,823557235854649	2,2619940732729686
-5,692970767330562	2,075458593305302
1,637664649256431	0,22316443535680447
-1,8521844546334951	-0,5591915863967152
-1,5042660591597414	-0,6295107517194469
2,6293063484512746	1,0642235317327804
5,064273162177425	0,48222940336594555
-5,089788056140536	2,18901816921358
-3,074077800330368	1,7315872954485925
-4,40563778277941	0,600197515525203
-2,5699003295385485	-0,18609924251914767
2,4195516011061367	1,444408303734661
4,245855813186015	0,15462574280175279
2,352982625895182	0,1474769910411345
-5,14495926935152	0,6473404422344863
-5,485057687588605	2,149533377855356
1,641482288676852	0,5799160518908428
-5,221347173051902	0,7105537503609337
-3,3246319915929154	0,9225192323062477
-3,5459513039563184	0,937478280752321
-3,241720459757659	-0,371180840611401
-6,357387127083853	1,2376980939966675
3,998785871080106	1,0800132520214687
-3,842050731462946	-0,5169668571360344
5,0994835943970305	0,6136732380701586
-6,066566347913165	0,809484347633473
-4,5200853203014235	0,6880579040245052
-3,873226656174893	-0,6272635597297005
-2,924752014994483	-0,37870994945679515
-1,6593289689933837	-0,8075968158499489
-2,004192897537546	-0,47400453135045373
5,1772760443968595	0,570945298951791
-5,1025756326283895	0,5909401095180935
-3,0201615929989805	1,5076754169748525
-2,7647737899683125	-0,13058329445669514
-5,464294894970252	0,6214208676748656
-3,110962644370843	1,268414306862513
-3,1227073735134994	1,691933665512253
-3,589943893684626	2,0373700426866086
-3,7944992468309247	-0,4970583175742551
-1,8537257531176707	-0,4625547963168839
-5,292725420587145	2,18681014195282
-4,935654130413409	2,2990689151221635
-4,113111432945474	2,2917276704638545
-1,3441565355735894	-1,2154253690333023
-1,737122850055698	-0,753704587082026
-3,1771146796923153	1,529150786939348
4,384759729055259	0,12337158437834839
-1,4336066248657944	-1,8390121619893662
-6,141832943992142	1,8734077545289687
3,36395900869047	1,2768771183697878
1,9688937751518796	0,39653935582174704
-1,0461612776747304	-1,8642931502374855
-1,5501043374328731	-0,9053120203791396
-2,5379321886985644	-0,36294796373295357
1,902835762735748	0,8458945143216495
3,5725510547443045	0,1660408631189058
-5,508509774139865	0,7338000479082212
-6,2101530569517465	1,1214718942424873
-0,9781614805984675	-1,6989159398370954
-2,53629341886838	-0,4516601404673457
-5,972913237272087	1,8019296784994743
-3,932974318575494	0,7197477011743412
-4,560220775149276	-1,6295645340941483
1,5169172462140799	0,6011789520278774
-4,292703188256136	0,5416053949757117
-6,137186245941973	0,8323658234939718
-6,34733594063608	1,7132449338707256
1,7572884753461133	0,4081655882629431
1,4636346285331066	0,6637636718157178
-4,4047442951338445	2,3506924301200653
-2,6125976125910437	-0,353060896607464
-3,3784758396595675	1,0563838845906561
-1,1014988640525427	-1,9024429799002274
5,062933597318687	0,4910961793550706
-2,1827742363735334	-0,34616751199239015
1,593901136074365	0,8519267186119293
-6,196221526241086	1,5306074642974559
4,971710636581948	0,17061395043279193
-6,333224877054228	1,3979614085700813
1,9092068456095332	0,16781137560839554
-2,954973613785894	-0,23805135718880788
-1,6535924624856329	-0,7057547578986165
-4,140454044394097	-1,0228308724929398
-6,257472000658785	1,0046804383690922
2,158749406887853	1,3129031731959877
-5,717291517592778	1,0030754463800942
3,941987996511017	0,08506216304180159
-3,459205779296755	-0,24593941819526943
-4,133732390314172	2,21370862836445
-3,0976343355506946	-0,265698940063291
-5,070440757844579	0,4241757799822583
1,5459285297570502	0,5545113570439663
-1,1614064260374497	-1,0128840826725471
-1,6796997618689375	-0,7609017808224945
-1,3802580965276336	-1,274268175196931
-2,1898423129403533	-0,41032629784999974
2,2485866449318888	1,128674618420988
3,2611550977457244	-0,004485651475439556
-1,0580813069184638	-1,4090471542126606
1,4681636444951787	0,5468992480314008
-6,010083159067013	1,8920722241502572
-4,523846871771816	-1,629917889529672
-1,374852384918972	-1,2294510850281248
4,440288759409737	0,2655833898841006
-3,3280086487411094	1,1250474417737835
2,963524062114872	1,2840799612107532
-4,377229720920114	-1,1600583618116458
3,074363949373829	1,3025689586546856
-3,0524068759013945	-0,20029806804680028
-4,344482484329353	-1,1182348879982649
-6,191031790682485	1,4165142334854015
-6,449914854459533	1,6118601556644643
-2,4440354089483085	-0,2715136636574471
-6,359196129228936	1,1208671913117938
-1,1953717160840227	-1,7907994830638547
-4,375050058976029	0,7345171532331283
5,092081025880895	0,9100348450461614
3,3912899606165063	1,149878823642593
-4,0577934005950365	-1,075871164186623
4,0296262760545565	1,2097563982687776
-2,52135029487447	-0,4694966483623326
4,097600920336883	1,1553178795329013
3,392427167619947	1,1093189258161409
-5,944640649502598	0,896453261627985
-5,605512164630781	2,089156133443768
1,8849298286349776	0,21612225176413452
3,064821784586156	-0,07015598575762017
-6,235496393827279	1,3228412217852006
-5,1718978327408305	0,6045617286653454
-6,124315864578533	1,9811097296395106
3,2275164855111838	0,02634748306300949
-3,4103813493431856	1,8592486201144744
5,255045465960807	0,5777173836441806
-6,228246848505471	1,1062179606542517
3,1193617759498067	-0,018187246551066072
-3,304302564840606	1,641500049052213
1,5629787740592287	0,2977376363779072
4,711826666965352	1,1362419027673434
2,9081392099416283	0,014102978008883604
-1,8683455020451953	-0,7453751815415592
3,3529263694722635	0,01339080804697379
-5,6723178327587505	2,190910213716703
3,2796730710807016	1,135656408401589
-2,6267227203697385	-0,39988294081335396
-4,0648436185588155	0,7500721511130208
-4,888839692698544	2,1995305246509997
-5,791322354125649	1,9447934781779903
-1,8329526552204618	-0,41423339046193686
-3,7168807997705455	0,7236428311875139
4,205692247666541	1,0438120270848765
-2,202296390555328	-0,5324289382572764
-4,517249882333466	2,229111298512857
-3,3068680129991215	1,5875057480832073
1,514886330312244	0,47196069182056966
-2,293498049583763	-0,34153477481719174
2,125049207830279	0,1827026111763529
2,9998394876020926	0,01261589535155705
-4,035778991954331	-0,7703179656787313
1,7590277100778133	0,4096203814049584
2,913547999317485	0,04897603637129688
1,9838735294066185	1,2090710542915413
-5,189102385088516	0,5893647574393865
4,942386574660259	0,7065172078558285
3,3176824248935746	1,436265053886072
-3,476432614618484	2,039509399347822
-3,0244290131083766	1,3902150686143293
2,206324646722807	1,1307405310412175
-4,42863874635663	-1,0635934383280041
-2,2800282265732355	-0,3052672834728316
-6,039606028981738	1,8214253992619855
-4,1147077732799975	-1,1462198481837784
1,7521670703239027	0,5961989032368887
-3,824498831529602	-0,5109603548135586
2,199203335531637	0,09627951549496383
1,9976663620645243	0,879151092572247
2,2069884982161865	1,162425584249911
-5,532166792315971	0,6816854804601885
1,7059630245054753	0,37695423153989027
-3,2406799217411613	1,1835353906097654
-4,907887195329855	0,675635103140826
-4,01732913752894	-0,7377730652643459
-2,077631403676804	-0,362310731805759
-5,8189110944223605	0,8315643773389086
-3,1838072281951346	1,2031429936043163
4,737893946002716	0,23716659248794136
-6,212686362690768	1,8211735639718194
3,561024569578051	-0,03883609510194841
-6,1494943137275095	2,0020868422014964
-5,628760831048512	2,1127631594230576
-5,433837809435986	0,5092507592907056
-2,741415397303074	-0,5102136249647014
4,954494708907239	0,17738905865451338
-3,092599598479286	-0,17131616442945963
-3,344910612805374	1,980689743609313
-3,064066980046191	-0,532913910144454
-3,9543893795977625	-0,7155602912081673
2,0709376071552628	1,0636776329573294
-1,357669196615836	-1,1495127906927598
-4,501042952958366	0,6544171001474458
3,97926058868149	1,2951541128760562
-5,666020726532725	2,095768209035884
5,018566663606773	0,49686466054634715
-1,2514029330774115	-1,8961759805951346
2,8315372819421136	1,2759589514368113
4,039166590757387	0,14727524322609553
2,5539104320218975	1,3584222359729061
-1,1101455215848846	-1,423654422563609
1,4793339852616538	0,6703881857790369
-4,255749380925121	-1,0226331412125362
-3,0778715679189563	1,2351941353816176
-4,986334045922768	2,1135943570657383
-1,2576054539727861	-1,2920801393271768
-1,078130160837505	-1,909325737943949
2,1213924624959484	1,2734226458889788
2,9474051889314175	1,2067252276168445
3,556643456827843	1,2301708688290822
-4,601805253957479	2,3009656723800127
-1,2254208906531572	-1,4046409009970178
-1,7850189303190647	-0,572156055431698
-5,891686640840271	2,0167091975604325
-4,544411395550927	-1,4673110125528777
3,470441031806538	-0,14599909220273277
1,7679709468995601	0,3094473066617632
-5,874741384864097	1,0116038882232359
-4,599552475644428	2,132231082405383
-2,307798526839708	-0,3300536307289934
5,047789776461162	1,0118668945852292
-4,975311708970663	0,7101647281519098
-4,210630322295657	-1,3665980653656484
-1,9766737369715675	-0,4637604327476499
-4,157990830310458	-1,0085525328232379
-3,368902836282966	1,1231460132546405
-3,9655377741185336	0,6502964729021881
-2,9779353149947463	-0,14048665160466212
-3,3871981484951816	-0,2382026142541913
-4,265322994341801	0,619109240008303
2,10975414184571	0,14602139494009447
1,7605358730283276	0,8631251392058525
4,470165113187816	1,1626047858087434
2,419203769265141	-0,029638016767385422
5,026070012565988	0,5293031719794896
-5,631453594772379	0,7128999420831473
3,727340161225606	0,025227966806121827
-4,8033524941425085	2,03953607295628
-2,1823113717636167	-0,14990878979500422
4,960369902678008	0,535091238585026
-5,253564355707018	2,1654479224374286
2,0011356480296523	1,087992903456088
5,1482877618883585	0,5538804121859402
2,2287786162146395	0,1657589972184958
-4,1496320353330995	-1,0616746064853744
-3,006685981896111	1,562955165028033
-3,4465786755066885	1,9686890493902418
-1,6216072457235728	-0,6859847572887683
-3,5126323887362374	-0,17811014591462926
-4,79879948804815	0,624476460020838
-1,7410092592801445	-0,5856312791869287
-3,265037171593613	1,78152023930362
4,413222598703186	1,0705335862310847
1,9467478920591585	0,15751571169691148
-3,5325097347702545	-0,408776694068429
-5,001834760775036	0,6843077467667622
4,775007549976533	0,2944628012216208
1,5338644689205652	0,557803320715108
-6,185996994942439	1,0977638379638663
2,1824761309863367	1,068116477743085
-4,383228931003222	-1,1067929638535
3,0370040614475466	-0,09056631255816261
-4,9936512156163735	0,6193050240655833
-1,232314729457686	-1,3129659910687748
-4,434292602127202	0,4792681004941405
-4,414319957282537	-1,601496524610507
-4,164067647561521	2,2455099451686227
1,590468456155966	0,8720028809128877
1,5214823694696369	0,6352859114890463
-5,657181774831465	0,6473348003810052
4,69166096555625	1,015714673654643
2,1096234425963325	1,1783773388211445
3,667758432187194	1,2610239949137378
-6,271743528778007	1,7579374758766533
1,570705279024126	0,47798391449862154
2,0515126441178166	0,32096644303058713
2,381936652289065	-0,062263380762293985
3,5732003098342964	1,3209532018267467
2,4991669605420124	1,096338809843827
-1,2200538284607858	-1,2273405266488373
4,811912129974726	0,725894366505852
-1,2939492091647387	-1,0485567355923622
-4,030568388030181	-1,0570565221604964
-4,452329049788163	-1,635715618822621
-3,2790930770092146	1,2352645165421143
3,243896932478042	-0,01581838468877106
4,123125159128465	1,2465066757778647
-3,5586639375977063	2,0209250827120986
-1,047457596775124	-2,015293316208897
-3,185369782662649	0,9411424349903963
-4,018969169654673	0,7780723398713227
-1,476888068487909	-1,0583408608152824
-4,339368061113783	0,6206988195347706
-3,942213732166244	0,791302691991452
-4,0282413601698215	-0,49428361820999434
1,8624586769734324	0,9856382555158297
-4,216664969225827	-0,8051445108097603
-5,240276751127407	2,1607323473279285
-3,7768564122934727	2,240372321716574
-2,5888962601975227	-0,21338977060771547
-6,406563522698984	1,6630905655378991
-6,225043848741966	1,4437621340083593
1,522799055487489	0,8815837614379931
5,137811680134878	0,5845879658125551
4,964986770254165	0,6660479670710399
4,981368717625051	0,8498523727567178
3,6410083606411776	-0,10302407966970417
2,85139049262292	-0,025137613118060842
-3,5918144808051182	-0,497159885414703
-5,4527535569659245	0,7194841817261199
-2,9555872321807737	1,073697794351431
5,125415118006477	0,6236304261272642
4,7670485602765185	1,0271535239305232
1,6940986722717097	0,48911128609116594
-4,549736824654673	-1,5962306351244164
-3,048865148364534	-0,11403356239759632
-6,051765745078837	1,1776239230547174
4,55985310593236	0,9861335721453948
-3,4665567088488283	-0,4826589048212575
-5,020350362648116	2,2145729257326963
-1,5175681676218926	-1,509782292730869
-1,8961316698068114	-0,542077378669378
-4,510839253704558	-1,8743292764263757
1,6093466608766838	0,43527212981757557
-4,232267467581217	-1,325763195683651
-3,326928708606575	-0,4798276551325824
-3,0475942378751126	1,317392682897369
-6,267154154556287	1,6497858966386096
5,09881332357492	0,7824636936555218
4,257082352695177	1,1423809748380405
-1,4513774819227654	-1,1474988441749032
3,990078671451582	0,06395100783783392
-4,056167895393667	0,46500179809547526
-3,5514517896439846	0,8491705884342339
-2,924830281073313	-0,3665624290429548
3,0492105363307305	1,2032714107279332
-3,498063761223853	1,937700421300431
-4,329518730875153	-1,4260266271713407
-5,747398219397492	0,8351076069916052
4,99339017556755	0,4774264398710577
-1,2531702390863986	-1,630372035519485
-4,460359226355838	-1,6149852386221313
-1,3665968889459263	-0,9745596684321274
5,00844302309043	0,36157983173452213
1,508942991708529	0,7217294831386574
-2,9577379251060227	-0,411400959755855
-1,1974903411218143	-1,7037772787962786
-1,3089847725633095	-1,8070047124368473
1,6823541989454067	0,8385977134806325
1,3956172940546148	0,8375913494222273
-1,1731722201835897	-1,610280350194154
4,46525898556865	1,0747347367772764
-4,068075501464248	2,133736652340955
4,704683018476305	0,35145107127410785
2,8456048888754606	0,0774476166934589
-2,9069350426381684	1,3166557544235906
4,43240700052064	1,1787916420424278
3,6629921944163546	-0,0033528880664938088
3,8088127861539625	1,3752354055000464
-2,8255494644777848	-0,3197532358240931
-6,383476092294233	1,6376260159587388
-5,4417694625045	0,6634214927787997
3,4671158924100367	-0,014012509656971539
-1,9490890673817123	-0,41906555075404284
-4,448157508042837	-1,8837543137184152
3,627503833442011	0,06357962842305676
-4,4390522864909485	-1,4722770970886288
-1,908263982289697	-0,7400906419818718
1,3517610011467827	0,6844373196497882
-4,1231503651392165	-0,9173854773318795
1,3792022189762054	0,7401860459304472
-4,058871698700308	-1,0317764564482945
-4,0341793281791665	-0,5145798402459738
-1,326047463025195	-1,4951906472283047
2,2790011318934913	1,1442540072571568
-1,576427792532236	-0,799097663240226
4,028131146441114	0,1133241828204885
-3,7813592348944725	0,8806921455937382
-2,0139437043119015	-0,32216354097069644
4,570204855031278	0,8755535614564554
-2,5088346966326203	-0,27178082823917804
-3,5390318865846724	0,8019244358176474
3,0873315397368244	1,2686680315111452
-3,8831890501960076	-0,6280272709557766
-3,2907971354007355	-0,3271831999233885
-1,9248338324447147	-0,42338691104802795
-4,401595909641439	-1,3477047891716822
4,837618124703655	1,100332248231695
-4,414794210914524	2,261760904696799
-4,691091242816309	0,6100748658545734
-6,3161310230813825	1,731548240719849
-3,9830796549038894	-0,6006193630493484
-4,051610010362568	-0,8465341965504865
3,1727524802861975	1,2460215215881534
-3,4676909660678072	0,8687139918135819
1,3871321977430275	0,48867114970494885
-3,0693151709159787	1,4444623501020208
-5,064674358439764	2,2261359893943125
-6,346307432530202	1,039645782505715
-3,5151138122295382	0,7834667176534638
3,6635335427113622	0,11867562622918626
-4,481018055624514	-1,9433400014042284
-3,3094221160231507	1,7743049278140148
1,8729957216462645	0,26425314328080174
-4,198200649422267	-0,9841054622439749
-3,4887906021238604	-0,3276708466255567
1,7300113691204224	0,46651787468861217
-2,073194175649633	-0,3293350409331053
-1,390047710953411	-0,8676578850605796
-5,529062024994185	0,6985356374141418
-3,915844647297063	-0,5020496251806938
-1,7696488133252775	-0,6065959371893368
4,951166564859346	0,5434516656189649
-1,5613656079099196	-1,144386359427358
-1,2679944501491498	-1,5519417788734153
-5,960407990701542	0,9093442365513829
2,2858273978378874	1,057865905448475
-5,652842244540227	2,0213674980319807
-2,2859730675403176	-0,4244153296510569
4,9397647756397856	0,5167898873522213
-3,4350745407628027	2,009796120586223
-2,223310525961722	-0,3177768833448955
-6,2474231563611085	1,5156968722401538
-2,1878201262180155	-0,3652352852085252
1,5235663059395241	0,3780406634354246
-1,7308598866706466	-0,505631249371723
-3,014990126902884	-0,2661031318128926
2,090621904048938	1,0423058143299628
-4,28503556008611	-1,143199371044132
-3,279565106087237	0,9780961675766306
-3,755850081316875	0,7282411500948831
-6,343349651951557	1,5405943055826459
-6,410956036481385	1,3758192484421419
5,31459599540592	0,6839128407675266
-1,7291918310356762	-0,5719477694646369
-2,096522347676327	-0,3225259801681255
-1,074581832481363	-1,7292343720232584
-3,837971325910222	-0,5880299165720746
-6,034977468043694	0,9826842583146663
-4,178047658161759	0,6956399991439299
3,844509286810156	-0,1375540956773248
4,805368592416451	0,2651941184866957
1,6055315417235672	0,7542300519766331
-3,8887313322719406	0,7275003386883617
2,6544309140082065	1,2637391722688873
1,568748743210532	0,5894510943353425
-1,4161158003127086	-1,2623103402036306
-3,217797182927412	-0,38332916380906057
-1,2108770052864148	-1,5013941403955955
-5,619733478099359	2,143154857192478
-3,357081522881881	1,0204013156454952
-1,2535991828233095	-1,5141524029130786
3,939456835070371	1,3487574818751629
2,542761622492539	-0,11705775762443016
-1,174045435739817	-1,1037965128048246
-3,7603124182109	0,9389802098853828
4,949066545013807	0,6941787013604033
4,164834954269487	1,2602833265973228
-6,081568738306048	1,7986144350846547
3,8109698384600947	0,9372457432184409
1,4285465605151793	0,3603281598342888
-4,370168330686118	-1,3618255436981812
3,851426200086935	0,023274558168249637
-6,076608094427546	0,9832380062767466
-3,3865083209670894	0,9094968697027569
-3,934173916395708	0,6833906657628108
3,2215855550146704	0,030643290724145955
-3,960003123299794	-0,7255339141859019
-1,7449864363395329	-0,8095611475088744
5,107698705068141	0,5068989245412653
-1,2875867384880249	-1,4184051518162968
3,4235752489361664	-0,17086434201388356
-3,9952791782240373	-0,5971592566108468
4,633437327473226	0,23587060624916423
2,2092895292397685	0,2971678036960205
5,200927354933767	0,7661190109834475
-2,5220484418632765	-0,26685580632206496
-1,1524686812561107	-1,7533646273852228
-4,496858651677069	-1,8105371938363533
3,499109148821086	1,038191664799568
-3,266410233632717	1,0051750183184318
-3,492533197599857	-0,20582566069339014
-3,1092076228213226	1,6867892506670148
5,081506560488404	0,8830178366103474
1,7519805027072026	0,5222000486824028
-3,3270717726328773	-0,45428419037662704
-3,168071121586891	-0,2244135890890766
-4,523008110192444	-1,79628024999945
-6,390422759141083	1,183533982334507
-1,925819383349999	-0,5831864786919456
4,010222933418107	-0,0384822856626621
-6,347868731783029	1,3876833670280027
4,953067707311618	0,8742701858722782
-1,3560087796195115	-0,8761434413429303
4,684467361698954	0,8848512054775511
-2,973718732986631	1,5808646775141013
-4,549130864137538	-1,6029103028386484
4,359983823829776	0,08978837179069032
-3,8392804910994	-0,5898023367045833
2,1599081144560666	-0,0006751888169176379
-2,8275865028690736	-0,07918641359154055
3,598501396464043	-0,058247993808007825
-4,186895602812589	2,3084607757480162
-3,371489232423057	1,9639088844530237
-5,754763915681747	0,7854353324483616
-4,71300887840484	0,6554271787305784
1,6625268845083503	0,5254730443686079
4,858087436192499	0,4602938610808326
3,6194263581148087	1,3507621966866876
-3,3981626242174467	-0,35903882523046193
-3,354768418173711	1,1327274725214513
-1,2072515192792523	-1,6372090995493105
-1,6218033394986746	-0,9929072362549827
4,179494077851439	1,0741498482029819
3,9420366895635603	0,03208049447373151
1,6224403839222998	0,43579353087701855
-3,0008893403308203	1,2214397371055872
4,794959108951925	0,421564860879903
-5,2239758121722835	0,45496521159076997
1,94893187773046	1,0472032956375552
-4,611132202976019	0,4668475173055622
-3,4107564813444773	1,8558858671692113
4,312412347551231	0,17410424722437345
1,8496871408245064	0,2324074668765863
-4,155260133572039	-0,7435852763223283
3,6409586957133064	1,3859213389618918
3,4853902730816846	0,0258272170463425
-1,4412744661699604	-1,1934757203505177
4,717429277801667	1,0409164153418693
-1,146255939754107	-1,5339150606907865
-1,195803619174399	-1,4464949392783055
-3,0121896608827936	-0,16992588399998043
-4,82727026323675	0,6388504280421361
-5,672582105536134	2,254024017151019
-1,2922403968168936	-1,4726011033079671
3,2780033140433726	-0,10680463850638922
-3,8976150425503207	2,1517791475323884
-3,6911655586439194	-0,7584847623477096
5,019947579862141	0,6022249006626271
1,747544552904354	-0,006979099511656317
-5,619956667150138	0,7407231190455886
-3,973196391581875	0,5782926942748441
-2,689831939028085	-0,31397834446796224
-4,441780412494597	-1,505729064600699
-6,210724679010576	1,8872236735528156
4,4968952201899075	1,2588135615457312
-6,297709851429694	1,5710702204681928
-4,369768803077239	0,6226117157150887
-4,32239500704689	2,118821289438899
4,159110207709195	1,1344920053720426
4,99708695549436	0,8990679815693194
-4,3713359522007975	-1,8576482846053954
4,007620790306778	0,12702139179514316
-4,31967520944906	2,1417650969220388
1,8415133525768463	0,9971458918468801
-4,067427228981931	0,5995450983005197
4,671641556878159	0,12919511196362654
-2,318888793563047	-0,07199502947751557
1,5741732545287066	0,3746354619770613
1,528115575039213	0,7278141002705513
-6,325600598989405	1,3419963074768393
-3,831577412428393	0,9710437236098229
-5,195617136591326	2,216373335052298
1,541794420400016	0,11974524790632479
-3,0715152058859863	-0,35270188873783725
4,093359377874101	1,0663360799530437
1,731660383330387	0,7438274574267004
-2,0201008363916775	-0,3925308196044608
-4,461693451201382	-1,1919248010447485
-2,927081453135039	-0,33057653142011967
-4,302386299435005	2,267042444739142
-5,956339013645109	0,9598617907215239
-2,675465185072278	-0,29833052868398946
4,53811381734809	0,197782810588283
4,099911770123843	-0,04515716182377594
2,235938746750927	-0,07142933963718745
-2,705063779491335	-0,33984851537051086
-4,208542553985882	-0,9279375547108846
-4,0108712068950325	2,2361376032472573
-4,766571577468446	0,5134930742819638
4,784964330817645	0,2877940265230502
1,4611679194758977	0,6182439996799841
4,880126507041041	0,9596549975671325
-4,776902527571982	0,536017296384152
1,7075132329402833	0,8505201664567725
-5,281278538336588	2,252893806536891
-4,652918515990475	0,5273775060507117
-6,186524321274488	0,9452650920185732
-5,422453531258731	0,8631077065736279
-4,182208885993694	2,0584479175536905
3,10784658716239	0,05495148318313303
2,356359954797299	0,05925792315962508
-3,2934998928513703	1,738868362731059
2,101542280003982	1,1744697357658551
-4,1073261211898195	-0,745059705789777
-6,244263846171212	1,2912029587082354
-5,804928896445892	0,7511440879329938
4,780033412444736	0,2786562057478089
3,5176677521453295	0,13162547512470568
3,624350263223528	1,3884608033010764
3,5689510965489832	0,052938291929359504
-4,222080440958442	-1,6128568395541347
-3,788497443749369	1,9281542413802633
-3,9915411451972025	2,2841706759317324
1,7917789013162346	1,0765913525120454
-1,486195498383093	-0,9043292219012473
1,8471191823671413	0,9666221096912511
4,145554226080442	-0,02227691874947646
-1,5834820022773455	-0,7656561704618376
-3,109648188673071	1,2196229322918868
3,4184774546591603	0,02530122210611041
-5,1834286553177735	2,3037182811075083
1,4214881570117004	0,7480476492189938
-6,013166102621385	1,1196571341394597
1,9280933180326914	0,18843972301112372
-4,277895487755843	-1,299052212746823
-3,0158849490250277	-0,2198182362424177
4,964409337623754	0,34595310164375676
5,07349915235285	0,5679895612154832
-3,2271274879444083	0,9469314170914082
1,823540829463716	1,0975845117607614
4,452581798126417	0,15113289793919915
-2,180073020553982	-0,3133964209412765
-2,00437806730607	-0,5245393190168388
-1,4673860877728915	-1,0064133034010732
2,7516444551224626	-0,006000329950891503
-4,522485419536466	2,104907118575327
4,409265434227727	0,18580395047660736
-5,402954630249527	0,8182944673625263
-4,471745431034131	-1,7498206253060367
-1,1572442657765472	-1,1408075027651976
1,5890914886324476	0,8994497772803404
-1,4707040431863165	-0,9074271458253345
3,6158742682144567	1,0919849891417646
-4,254084420034318	-1,2600318893816782
-2,98108670704062	-0,14970206540794306
-4,013301888278919	-0,5772911470481312
-3,9214049921420866	0,6601338212804104
-3,493736280968879	1,0235763253390289
-2,8300025652153615	-0,12162702846357787
-6,254946685036842	1,2292146288486905
-3,4819650329485876	1,0668255123549748
-3,808910032702096	-0,5346559894461034
3,8230186257315966	1,0535539221091934
-1,6730129905844637	-0,5054553314180532
-5,182487261450062	2,2461923937785686
-1,991658538476557	-0,5931997885548606
1,5330091028590611	0,7282440161438077
-3,517347545337658	1,9795714808689184
-4,459585968540603	0,6182407654734766
-4,353216660709457	-1,1201550626287664
1,5415992558142029	0,32064961798643665
4,024716976199802	1,1506281646731868
-4,3091317267702225	-1,2781878960238584
1,7533566829239495	0,46196659187038946
-2,6251584729510564	-0,326308068472436
-3,430999038261355	1,9708670193992797
5,18711207349933	0,46221106113801136
-5,1530907883251995	2,2354771408667844
4,818511633050235	0,36702557970936434
-1,3956187209205035	-1,1235581055083599
-1,4133898247774312	-1,1598124871668487
-1,0560658448035296	-1,9612298207133576
1,5454855861780572	0,7203523917095084
-1,809332523301311	-0,45687001200582555
-1,542265502783681	-0,872486721462062
-3,4555410025139346	0,9956733852209703
1,6393779635880015	0,7136321682592645
-1,521335198237587	-0,8450392763041941
3,853593746706184	1,1377722100630778
-3,884285326360816	-0,40703355180449896
-4,488363634676812	-1,5463728456425234
-6,239637791005178	1,9039227123537903
-3,4317212717729264	-0,25945216925097414
-6,121819461561083	1,7777852239664176
4,6909913883797145	1,0751763665746672
-4,3327360257685115	-1,4967258041077882
1,899121330342326	1,1010508520407067
-1,7461418716939499	-0,9221105324646088
-1,686225107119223	-0,8638242914047214
-3,6951711127740907	2,157984655690952
3,4974806896260993	1,3733611387609193
-3,203265525838302	1,2403306365058566
4,851376703160167	0,24438403383856816
-3,5714503984959585	1,09143692925452
4,696382550985765	0,9696457191898619
4,535046497292665	1,143650688328556
1,7407360787760913	0,23412688320287556
1,4737594794090525	0,46317520396608236
3,3210218473907	1,298582699996341
-1,949131156894569	-0,5597782998549499
-3,370079322994595	1,1174698507474319
-3,773977564314439	-0,5486804644760754
-2,5797205175579396	-0,21374364859481698
-4,0325916174764265	-0,8348041736446579
-4,312157598107221	-1,6835675072288352
-3,061130595761883	1,4338621404482033
-6,108621519221691	1,7770132001891008
5,141271391488922	0,6063801023892738
-2,914575752483678	-0,43128190023218793
4,937226686497492	0,567591587333853
-4,621120089438044	2,239423595374923
-3,9276867627019545	-0,5832014261895702
-3,388505226869177	0,8557697264110732
4,866219199623725	1,0265895839959214
-3,1493861258376485	1,9158983266931562
4,114597845173745	0,05867977170769423
1,506586639042238	0,7227741263584831
1,5439637717933112	0,6033972911095264
1,5506891090421089	0,6604974889339047
4,819743726651606	0,9740272010319194
-5,839508103491042	2,0858913947507673
2,3022722552589796	0,08845570977037609
5,0474049428750085	0,7616437583092754
-6,079201135622217	1,8375129025071768
-4,020371625132464	2,080108894395841
-4,445108526655822	-1,460304378502503
-2,307766446210289	-0,2763110386275074
-4,561964204044006	-1,86711828652571
-1,290205046813238	-1,5576542900010677
4,855973809637326	0,8588985551389001
4,645956530968012	0,14150761943867218
5,2850572523888975	0,8844764637623854
2,3779381389477487	1,2762377813410066
5,160512669176058	0,4301665540459463
1,5163412854882932	0,9809788543941371
-1,0939765180087508	-1,21911305226803
3,2029926044147867	-0,12225350749870956
1,622685709435885	0,29893443192143515
-2,013746292884459	-0,32748501957015175
-5,988578495567361	1,774637150988896
-5,172856277922708	0,6943801107269348
-1,1937615149796648	-1,7637092122391298
4,019946732168053	1,329742097410695
3,1955723216305314	1,3008890619096487
-2,964527764399062	-0,1767633059419158
-4,836719201997808	2,275532321832847
-3,2881680487678207	0,9696941188962143
-3,2359679023823724	-0,39075116790341813
3,152438006171388	-0,08628054555549536
-5,562195693771228	0,5176160526573862
-2,4114489758190483	-0,44035433663477797
-3,583754400037126	-0,5314873727941387
-1,8119670016068263	-0,5052462348374358
2,6000403844088225	0,19682416737391084
-3,22360176808672	1,1521304269690182
-3,593528891823847	-0,6073279955057649
-1,8553607498621316	-0,5718249632261054
-1,132983570414415	-1,2196106285593475
-1,1883055916147034	-1,5703339294378547
-3,651278775091172	-0,5047541198446015
1,6056499069512624	0,44272220722996425
4,0917533821706185	0,007529306302966221
-3,026889281544242	-0,25002619764168776
-3,6866108921614993	-0,3346668767017298
-4,531765394325816	2,2112694598256786
-3,3422792780596255	0,8924516662222794
-5,134936596687853	0,6572244991915939
-3,789460706357028	0,7847267609898256
-4,959873689707615	0,7609643872359051
-3,1681276477811435	1,552359797569323
-4,005354848035936	-0,7140848258482984
-3,703672770361672	-0,4388021602034169
-1,9225765314903214	-0,4507151629643309
