X Y
0,028079439234647 0,47395451902392743
5,016533959000364 5,472912554937261
9,991441381413475 -4,499109578399693
-0,04274612712557016 0,5062728984783533
5,019985311510635 5,528059734398963
9,982404135011071 -4,512565955623041
-0,0036543104427303125 0,5160472969335953
4,992647707740559 5,502362761506983
9,98758286225139 -4,514623752535009
0,031010129182583536 0,50422091577082
5,006048512472815 5,5119061861042375
9,964069449466711 -4,4937352721055515
0,01393685303169668 0,4900216304847938
4,998730917256507 5,475517952190853
9,98009838926506 -4,517028205381956
0,021808316708099344 0,4960678527304151
4,996185572150866 5,4808119907867665
9,963616340131935 -4,516719320320505
-0,01010647091948671 0,5077690263053821
5,003733801732798 5,486672659753673
10,009906604727483 -4,535871210051364
0,00896106325824181 0,4970555492630539
5,002100495005475 5,526468667402503
10,001116649356938 -4,499093915230225
0,043099095763249655 0,527057139553959
4,997019851251756 5,508799442837402
10,015976956713507 -4,511451904673174
0,01579039304494494 0,5067748885759294
4,990703791956502 5,52997307599928
9,978637200879083 -4,511051471670829
0,008053721073657972 0,5375860626705837
4,971675223061867 5,521103082088715
10,020360685683235 -4,483025958024056
0,036520387119424486 0,4948040504751504
5,0314175797205465 5,533011698819543
9,985763570597955 -4,4637756847819965
-0,016736597917477072 0,458322853077325
4,998367267612157 5,503594856488231
10,001134510432891 -4,509326853955583
0,0030367061467919143 0,539879369080328
4,9887334161673715 5,502703276342098
10,014686940103548 -4,481185326140959
-0,005495163479950737 0,504048675449073
4,981763963947886 5,498379019721768
10,004092725273008 -4,4871550582130295
0,03067537168136853 0,5527886298095477
4,997793629086385 5,497792775039161
10,009278935238765 -4,499959749919728
0,012993698519570615 0,5108190880283204
4,99582677364248 5,490846768227087
9,980785209835478 -4,471389078439037
-0,002776826309959288 0,5232672848458493
4,989565073576188 5,50580459595312
9,967070816042142 -4,491236693832628
0,01882169066624525 0,5203552635155597
4,999863391080522 5,531140568636943
9,963978027799161 -4,457663919087399
0,019778737527638337 0,5408396436525391
5,008902946850682 5,513338605462754
10,007715126293697 -4,51186550433513
-0,04574240246308396 0,5290259429438702
5,029286827877294 5,528845483499251
9,99138122728546 -4,45877229618609
0,003014741940289945 0,5542131706608489
5,027051882859728 5,533433521367918
10,027312594672653 -4,467750909836375
0,018091469007446345 0,5187852905104631
5,047453515540337 5,534347823594103
10,03933725821353 -4,4615616982465784
-0,015499862867257201 0,5236643475308091
4,990770966437687 5,543111494673732
9,979267289131647 -4,4641852659021115
0,020290719960795987 0,5466406749664221
5,0036841270513035 5,513630173567336
10,020342892204482 -4,481772509787611
0,011685048955023314 0,5423739962000251
5,027512377427022 5,54000589273511
10,006704797025881 -4,426313029541423
-0,021595530959283505 0,5520200595918919
5,044022569826765 5,542195638256377
9,97956512129532 -4,456794258103271
0,006189635235567651 0,5636768852252828
5,02769734153377 5,572972183548475
10,022036365699874 -4,414162320109929
0,005171677826102837 0,5439334973786173
4,998730542458998 5,56482990224006
9,992049731330761 -4,456323493078946
0,01807276915355923 0,5690716483658655
4,996963634016945 5,5549492937059615
10,01665372237285 -4,444547453175819
-0,030086349369015233 0,5610373670725273
5,000589735892698 5,555858771029967
9,982988472011055 -4,402343885689987
0,021432602374699947 0,5700621620687225
5,050659719486789 5,5575623820996585
10,005081356409724 -4,431921930411123
0,015062951150342665 0,55572696855188
4,995839491204164 5,5725757798379965
10,010209420628943 -4,441113693584331
0,0065237737643327335 0,5757409125879852
4,987674873324897 5,592714680201111
10,026780137179005 -4,439544045682499
-0,0007854571961667476 0,5767109134515668
5,005288977277341 5,554539652449814
9,988487638649705 -4,422062772353181
0,027135605745661845 0,5881207208190018
5,0368181083991646 5,61838232412935
10,000499046856106 -4,420388922100435
0,030918628466980798 0,564146190754644
4,991758009740407 5,6217901099999255
10,033088952005217 -4,3948048548789815
0,024105238492030022 0,6096981170744769
5,011488181516196 5,585323249230526
9,99184145956027 -4,422489017465542
0,03971817060247974 0,605153714361807
5,0112545455528075 5,605847185737509
10,028226743424034 -4,3867244242162196
0,012878231985834014 0,6141230009721198
5,004384641223411 5,63976251375574
9,989328947452579 -4,382397753808328
0,03376645960317769 0,6067912874483401
5,026570607674396 5,6526449470740285
10,003604719698878 -4,378749171889606
0,05338006867123241 0,6164063345256281
5,049053956396945 5,6136988965689945
10,05321886237937 -4,362509194480849
0,019807246261259487 0,6308186939568728
5,050053476037924 5,631834035120391
10,022527578114818 -4,335382591650504
0,01422259571893478 0,6240919820068227
5,011214882416716 5,639152384274236
10,023340450480783 -4,37133635120734
0,065310421090462 0,6368126248691419
5,0527098295669575 5,618686457397766
10,038892185614717 -4,344002649654867
0,03295980584563119 0,675624637989334
5,012950614914085 5,599827263401927
10,05888947769007 -4,384789193327953
0,027884042893777286 0,6858922250113738
5,054557782549728 5,695442519761345
10,049896448778616 -4,361093345378554
0,021941843939595595 0,6568756484940322
5,039079226355801 5,659041247616201
10,040305615295033 -4,354613361094214
0,04324419719299291 0,662315155574975
5,029591189345323 5,653366847466413
10,03147468674331 -4,365690435261046
0,033871440532729724 0,6587836027234468
5,047613633492374 5,702739798768807
10,04518872649887 -4,315104578666661
0,026852939945492864 0,6542213116471629
5,040802239904965 5,686515462246471
10,04449621949614 -4,320239257508117
0,03518955224165983 0,6921851489717441
5,094953699958834 5,740338912515992
10,09138250291414 -4,325533379616739
0,04100877494381734 0,6520073918191048
5,058516679624242 5,687209101667152
10,037108500417428 -4,315424463137082
0,039869472006296126 0,6808733843647228
5,071506493397572 5,6977286077401885
10,085532548885695 -4,336695884913527
0,0861520122001746 0,7161055386263078
5,017563102150361 5,719494537049278
10,073616478504505 -4,2983836571543526
0,047177655124170985 0,7197484775535316
5,0762545047786425 5,74133337687449
10,067158626268478 -4,269048604259132
0,05994531612382424 0,6948565181755489
5,058393778986379 5,720258541983405
10,089218772182711 -4,280504210820257
0,09639146341381517 0,7343980166601863
5,08963369736173 5,716732317688614
10,053967203071675 -4,262947699704475
0,08750744871487717 0,7320511653006588
5,070993582897898 5,736399677818221
10,063955967638885 -4,232723435700882
0,0734395939226833 0,7206272645470717
5,100561392925198 5,70602271976556
10,067700694652492 -4,253866875645346
0,09315240988353331 0,7749474168438963
5,090814406941748 5,755039699661063
10,054193875121333 -4,2454229138558865
0,08484789486497862 0,7908582479023911
5,048262120581967 5,765347364873528
10,05175566853136 -4,233047787325427
0,05591329223202536 0,7796541165468728
5,075258229221597 5,776140855713722
10,115919298974445 -4,249956643858801
0,07836333232978568 0,7527875195459679
5,099481363361531 5,755527875439701
10,104138455434196 -4,260777866242859
0,08724479532208063 0,74852504866898
5,1289147824042995 5,7567144562660815
10,10788042576012 -4,239104918790792
0,0725720092649182 0,8002339906054736
5,076817948057091 5,805978328180304
10,05884793616478 -4,194999425810483
0,12056934231286612 0,8303089743852808
5,140102893674826 5,768126766460426
10,078432166133892 -4,231819741064922
0,10230971054280456 0,7902054021757803
5,120791216652529 5,79879467893519
10,114638657440443 -4,220293894137888
0,08401584544549665 0,8334477858159153
5,143134821554452 5,816178948080032
10,100656563272642 -4,177907314770545
0,10698150383857827 0,8317188246169588
5,123803721632258 5,851790026381471
10,10099263738717 -4,2052881029923235
0,1579774951551922 0,8191896692020947
5,094935072544205 5,8003863430310965
10,138764277265537 -4,177737561150096
0,11761086841625054 0,8258298085589174
5,12951516050441 5,849205346813671
10,15493411154958 -4,135680341435723
0,1591498049848644 0,8213136656889577
5,127058279252735 5,827523480606477
10,122473023408142 -4,14163541965268
0,1367150470905972 0,8271973049881426
5,0874043290494955 5,833919607930083
10,130385112872936 -4,154981309152337
0,1737043590373301 0,8671023316348948
5,167546175671651 5,8555033266380585
10,153106377603356 -4,1623142773542305
0,13566389563533207 0,9086514398270524
5,1594241186743 5,85077922845814
10,155146272115257 -4,163072389274983
0,18402604197147218 0,8572894451856858
5,178442613066471 5,8891883834638135
10,165521342927338 -4,123350129700383
0,1618389673203344 0,8925702052624666
5,1677319942626 5,851260470308106
10,174317313467176 -4,123608017501445
0,1503765756392713 0,8957831832583149
5,174277528828223 5,877328785647119
10,196836329020742 -4,137893550977095
0,14370082113866023 0,9142665540360181
5,149436083893948 5,924199560889132
10,133908649159888 -4,130721855204711
0,1788304453738069 0,8872013794780426
5,201048049763179 5,911573753443983
10,178778585682473 -4,086827581383644
0,17702577829819396 0,9550761911510207
5,189812230340565 5,904181574870307
10,190966143433537 -4,092749656258215
0,16910513011299447 0,9100875930051262
5,193735413438871 5,897737804822327
10,187782886342166 -4,093368789650452
0,19775259434161638 0,9402881470974912
5,184539947735229 5,908676076997647
10,187262081158556 -4,066783879084165
0,24396202225090807 0,9534248874610429
5,1871918559119985 5,929172088140087
10,21969036219722 -4,084581304722121
0,22959313490898403 0,9505370248453946
5,1970567207581135 5,962477104928913
10,201268106355574 -4,068875108694267
0,21829877406794643 0,951336367716512
5,174795730333127 5,959425950698735
10,222598898989864 -4,053319784520455
0,23511056350478612 0,9733106650484104
5,21730166547392 5,975964572918348
10,252377550479261 -4,0315140477285984
0,24099290663752082 0,9585749400763287
5,244147299686726 5,996157710872298
10,249828000253354 -4,062709401578089
0,2336311534473783 0,9742477051362066
5,238856439318058 5,959925595262927
10,240032904162513 -4,033786168817624
0,2741386780202933 0,9643806207165718
5,252837444118981 5,99535345037581
10,226221972916548 -4,025868823296829
0,3118211559943971 0,9242771122439337
5,263053525664249 5,996665101242242
10,227489633035178 -4,0530409420663585
0,2503278554744675 0,9699485470734492
5,229239570888789 5,998078295592636
10,278710902457062 -3,966970958473452
0,23886441396012403 1,0031872242286235
5,26590142429284 5,982829585940709
10,301722342229747 -4,012985811201092
0,27617690339450596 0,9899229418553824
5,310749913464138 5,970880976638565
10,261857916018217 -4,0343122819035075
0,3256046499354684 1,033463602899739
5,258012375191107 6,041787008021981
10,281629627563493 -4,014242908252229
0,2716236320367616 0,9995907208324599
5,279169835787442 5,978453437918809
10,300078124939173 -3,926241447019031
0,30637899545281516 1,0424583318000027
5,328128229087835 6,004689391964866
10,298479991772503 -3,9960183721073723
0,3596847567264813 1,0235904473283848
5,311999474520248 6,050383707935073
10,314664870462405 -3,961927038589804
0,2970883224958347 1,021232696882648
5,338697690235314 6,040754482518109
10,325616581911454 -3,956785229199505
0,33486549784796704 1,049961695278345
5,355909615736949 6,041849034950569
10,317809414347577 -3,9653091908318223
0,2867973422400896 1,045378234506909
5,349817807909382 6,001926053631097
10,348871806807919 -3,9557588918798356
0,3379720089299511 1,0102436157532686
5,302505046905607 6,059922315516648
10,333632456337105 -3,9548962495282485
0,3460165130264157 1,0507441919247975
5,341260339713515 6,0775245808097935
10,348506309998806 -3,9654785258404477
0,37149431270816724 1,023915566654922
5,388900687701742 6,048487342849833
10,347401833853956 -3,913337260811423
0,36786675690897774 1,0951988915635607
5,35392412928637 6,046051906742998
10,400586948542195 -3,9264140939814567
0,40750973702275123 1,0748430310658763
5,382096334328847 6,082226146686829
10,412398888053227 -3,943388017586896
0,4077730812331155 1,0609847126566707
5,383924744962919 6,107104009421739
10,384631143570257 -3,903408978705642
0,41658175862641095 1,091524520467109
5,428256742485621 6,1177070725999805
10,3641193343238 -3,9192089113498634
0,40067247648887844 1,1095072964720958
5,434699381295752 6,11651088659737
10,382080832066238 -3,887857562364722
0,41051472929509736 1,1038558073863973
5,356259350594906 6,0990446876503235
10,443628384376147 -3,8983517291521284
0,41851750680200606 1,121689189349142
5,406904880189021 6,1197032585970135
10,412266272482425 -3,898965879403565
0,4364133846676385 1,113683985290912
5,403100144143653 6,063232409216392
10,419308291619133 -3,900144926311951
0,4515578210069827 1,1401629783902945
5,457185606477885 6,115691436319509
10,448762347334721 -3,8765578794296913
0,4466415818991359 1,0993045361499771
5,442922952939716 6,125571350915806
10,47926045280869 -3,8924401423325237
0,4570423867600883 1,1150333752941306
5,49464638964231 6,132226224624619
10,473678446016297 -3,8559006780557854
0,4643292723964347 1,1337235416543154
5,505979626205489 6,114895941960035
10,479551022644861 -3,8566281681277017
0,4999307128103493 1,1270987572518676
5,472473035638782 6,1434424148769
10,45378672583966 -3,8627797833472433
0,48006403131063 1,1417147946260822
5,485935731713428 6,152054311381889
10,50734108915227 -3,8112256018629016
0,49465138596145014 1,1365479410815655
5,520938675185968 6,1390739414621995
10,519995731833841 -3,8817018660787097
0,5196732642203133 1,156874014263372
5,523635266286484 6,133420037955753
10,502050892743426 -3,8582635088563113
0,541058964081746 1,1597637818981872
5,539536684745001 6,148689704746816
10,499459122159553 -3,890544768923056
0,5725227492251804 1,131025965278565
5,537842618309327 6,15201758296567
10,498542966620175 -3,8637498937521157
0,5540028895422802 1,1235165959675795
5,559308414784608 6,172452616646222
10,571256337762776 -3,8860507496388728
0,5504248858379016 1,1620252939006466
5,5153221247098925 6,174950443420396
10,582721125367698 -3,8338106636947233
0,5595486424860963 1,174146030818558
5,565564989969771 6,142205674331928
10,565567266749882 -3,821814820245662
0,5928828681518469 1,1960095829037998
5,586182893975805 6,181815002645279
10,563963833877148 -3,78721381726913
0,5653197907037433 1,1756720784846642
5,56112694170087 6,174562306585888
10,552389246278514 -3,831199252529027
0,6114554460530376 1,2071734135060366
5,626712883262778 6,176413896924872
10,596879135353735 -3,8108834277459476
0,6248583996424653 1,1758618345229213
5,608329892983245 6,1755403102559185
10,606467611775331 -3,8371720323793244
0,6313038247272503 1,1820007249412554
5,622926523170057 6,182963288592605
10,635244910351982 -3,8252854096253674
0,6376313662946218 1,199867808754084
5,620316889382205 6,143462896337713
10,617319333826202 -3,864638810952082
0,6555418499970614 1,1636294640075124
5,654414064440583 6,1961884755414145
10,647909638607468 -3,8186259235369864
0,6652759111255121 1,1778979050807254
5,687463308841454 6,172391038230505
10,652339739591708 -3,8269993372108133
0,6394711555886866 1,2236761487002095
5,6144925024780035 6,179567756217154
10,675153882070324 -3,79675286490304
0,6710644823791465 1,184806158577708
5,6940867547040455 6,17280444345153
10,67925721434846 -3,8132516387176434
0,6914885517137824 1,2028158088462846
5,657919389843939 6,13791916077778
10,681266581547508 -3,8436681922688964
0,6826255716831119 1,1985219231445106
5,706063489214942 6,193908719952951
10,716071487278894 -3,8036228651067288
0,7041891947347048 1,1982282315414914
5,700537009161707 6,2226419488862845
10,705728960138286 -3,773565501781689
0,7095536891528466 1,2084733358071158
5,708192854793701 6,163547076424291
10,716462695551257 -3,8173076671894752
0,734369955154838 1,1879299522329292
5,728326597151698 6,17829071956051
10,737094087228298 -3,8315405726875134
0,7475685123666721 1,1977710018727157
5,7491471058745685 6,229372631867763
10,72655029118394 -3,803179014397279
0,7447781386571051 1,1775431379920163
5,706979787027853 6,165784789207935
10,76378615603138 -3,779796979363987
0,7263309530281846 1,1948790134681848
5,749558916227565 6,198074234506477
10,724508392625745 -3,830874519430678
0,777263540963739 1,1931023554094407
5,773880137270156 6,2003565297033365
10,795066765345187 -3,8110782794969777
0,7720667923531992 1,1931775080832792
5,820358858255671 6,162951736772237
10,786677204215344 -3,767179331007736
0,7819101040923208 1,2154706034533345
5,7843795978674155 6,205647830999048
10,808177465859245 -3,7882131144592983
0,8407382571133748 1,2060099238005044
5,839599170068264 6,168271395523802
10,796858527361799 -3,811224860989175
0,8525995479219972 1,1964678200188386
5,846398913475173 6,168320330659391
10,808921952830001 -3,816580425566765
0,8566271291141878 1,1874070669592427
5,880700424779504 6,175460330017425
10,863669232510862 -3,796881084733448
0,8343110038353931 1,2011068415115598
5,81222785461229 6,198446712898985
10,84378389272029 -3,821215617828897
0,8803083534007339 1,1676126117660017
5,871981330032985 6,188227980803076
10,85747036048071 -3,805381166382429
0,8698497351274097 1,1995640671673093
5,870796613356577 6,200208777010691
10,892890197336808 -3,8079040636129635
0,9068591290292258 1,2112086297354023
5,872428132533951 6,159993712758218
10,88336171595505 -3,8083494087493484
0,8729988062431379 1,1658256331532102
5,86631191871156 6,169231966331116
10,904841410175429 -3,8180768740356767
0,9229119072357427 1,1701242965128493
5,938849536058793 6,145018824670083
10,925138596864281 -3,815441041928701
0,9113689662359168 1,2170129024324903
5,905555677279787 6,172831792415181
10,88523792907966 -3,831059782654041
0,9379563733912522 1,1702309494850822
5,974507589778415 6,17013561262076
10,943464968587817 -3,8069021376946672
0,9571044864489241 1,1775386857866794
5,931515489293925 6,174311600836807
10,951373527212363 -3,837054822627614
0,9502761051027331 1,2047107289815808
5,926053739111095 6,194015596721412
10,945729439782433 -3,831837218158337
0,9538132526098979 1,2024132815245114
5,980637694977392 6,177193651126261
10,971796893185187 -3,8360958393105205
0,9818655260230097 1,1776363135664862
5,971264488982386 6,161448715668789
10,983772362004055 -3,8124229015616646
0,9637455552622304 1,17372237574242
5,979864294181318 6,192978784037087
10,9644541337764 -3,8352645910023315
0,9832834145067476 1,139301912864394
5,987700825762614 6,157601405411954
11,00350850910346 -3,8508603422496956
0,9964649643233002 1,13198826187326
6,011821721926866 6,152810607954164
11,025142256310405 -3,8662652715207844
0,9911093123022608 1,1648682320130084
6,017366980558819 6,1726928081062304
11,024575803076383 -3,8797792846360752
1,0358627832294012 1,1479034069473366
6,049415517605907 6,1410445670626315
11,02640483824897 -3,848285810793481
1,0226680996591149 1,1499311298994717
6,048364346911285 6,150828939005448
10,997315584939633 -3,861901767639724
1,0521747754559263 1,1707205837030845
6,054367401911156 6,1883526892772425
11,046327044945377 -3,826942693986674
1,0512743329920984 1,1250026159497648
6,082555612235968 6,157221251580122
11,060433499792964 -3,872441646093496
1,0368945572558452 1,155050260055065
6,079871929434756 6,1546311572960555
11,052661305554457 -3,8718838441886816
1,0961096304907847 1,1169354066542536
6,088905427174676 6,151215704690196
11,062733595657749 -3,854376244056365
1,0961256379030608 1,149447422927815
6,068535753994839 6,148230887755524
11,076488584702318 -3,884696425512623
1,1852558217044804 1,0985770440146658
6,117548508001186 6,090647859895575
11,096176301211669 -3,9011838166695325
1,1049333613595318 1,0593897442375158
6,1427088020969025 6,145126160914888
11,119261865629637 -3,8800606807361198
1,1512539491185896 1,1529103068302766
6,1440705462174465 6,141865944953477
11,121342380803641 -3,900189265567297
1,1562772210852594 1,0989458648607289
6,145366089284856 6,131781952466888
11,115540871421382 -3,894768741663783
1,1260371727017013 1,12604369488835
6,167884622496234 6,104283647688057
11,1412647504797 -3,918842472654567
1,192698596934977 1,0810172030268843
6,177093469010523 6,073163043800168
11,19434448186936 -3,9245777048830566
1,2004248126040726 1,0773025210186795
6,195126250464708 6,074702834404632
11,16637467832849 -3,9194758891374137
1,1738864689128545 1,0617533170515745
6,183994647674042 6,08614524576327
11,170890426217076 -3,9048496303925933
1,15986003497648 1,0633942337956062
6,196871562401546 6,053350664060251
11,18803380556792 -3,892646960880727
1,2141873565783137 1,081606152273944
6,204554616336422 6,060657802473835
11,225677550383493 -3,9228387315870186
1,2325505418179161 1,0605306826956955
6,210871487013972 6,036258101754372
11,180414004563405 -3,9591401104004804
1,259101948554944 1,0418485179640724
6,237541553524069 6,068414920827885
11,199224101504688 -3,969695231366009
1,2262636584116027 1,04819024795971
6,21991869716072 6,01439308299648
11,212548256075344 -3,969745474300107
1,2174840635970599 1,0702341343726127
6,255067684434172 6,043764570271271
11,246852422780353 -3,921843013168245
1,2666035450922855 1,0389610160053915
6,246538548356077 6,020120855214737
11,271955447427707 -3,971189120376118
1,2535748272560614 1,037687079552496
6,256352658026368 6,013031291049537
11,257149510786979 -3,930802095287622
1,2529080018846843 1,0079432591086739
6,262087067340128 6,017319196575228
11,281039943440494 -3,966404070418419
1,27315626388828 1,0205941227391042
6,257721400014646 6,00596329115549
11,274187944973106 -3,96477667561784
1,3058101924850696 1,0435209383352972
6,29987338723735 5,999314996861535
11,312121550210898 -4,033824173940301
1,3211559601433318 0,9897029024929213
6,28485581508423 5,985089267329474
11,336252981045394 -3,999984646679211
1,3062031806776304 0,9675324060327131
6,3245374605833415 5,989386732425931
11,327605935295427 -3,991109990564063
1,3292404156558284 0,9833271463232842
6,295926527786437 5,960378677577792
11,310879861160501 -4,003734930590786
1,3452075163314692 0,9928879814058483
6,272322302367329 5,969199739380269
11,353833956077107 -4,063070958986514
1,3327858981552145 0,9455926971950877
6,337253206743161 5,95284450667696
11,353897207701534 -4,027647450137824
1,3695522479549047 0,9672372146858472
6,3469497778744755 5,955923963274573
11,337684238302488 -4,062834264537253
1,3368413475144347 0,9222664977721317
6,38208386323921 5,954614662119372
11,351083881888758 -4,039841883355494
1,3737516403880863 0,9501152097560364
6,397599370300267 5,946119944140306
11,37625580001461 -4,033984504498942
1,407967435493413 0,9210436428423775
6,3847424793757135 5,916707826827216
11,383001598563975 -4,071380522951551
1,3516748833506131 0,9619451608488042
6,419815661636389 5,948729696072974
11,37509508584044 -4,07943411460527
1,4015146236327984 0,9111181584521201
6,387021653215159 5,919646890544901
11,361346906040852 -4,099737707316211
1,4020888157881721 0,8980500071046916
6,401211274696998 5,915401664230342
11,399443171119193 -4,077603968114698
1,3947592878689983 0,9055356166578673
6,421392840903344 5,899446973302623
11,399929295359037 -4,1070012580581885
1,4430290424940635 0,8895560086268923
6,414311502456457 5,890452673852208
11,429008115071724 -4,117129840535616
1,4255022550841259 0,8841740575854556
6,438103846038154 5,880725309379808
11,433502562795363 -4,117366385915736
1,3896507657521306 0,8694302204055786
6,465181083616751 5,886602268187819
11,42765385161278 -4,157454005312386
1,4715031016187947 0,8634009104137498
6,402228924120351 5,84240398436205
11,441078447133346 -4,180133864824087
1,4505436393720188 0,8509780380192893
6,448508368031141 5,873370993388946
11,427987550613429 -4,163727685590214
1,4555715206389528 0,8553559205453939
6,4222585541301624 5,815898011490535
11,423064801146696 -4,1499988629866
1,4712905447877291 0,7895881661172693
6,4461503611480575 5,855454378027882
11,453690313337608 -4,173723972389681
1,470514111180858 0,7913898178179707
6,451355540344004 5,82337665384635
11,456982110457103 -4,160918247974189
1,4620135156774081 0,8272771163101614
6,480392257369465 5,837914994803121
11,444702501845395 -4,188848620411301
1,4640842122019186 0,8203859765639081
6,452184780695838 5,758947983369109
11,48654837954887 -4,210030162971059
1,506611266882047 0,7784652465531455
6,5062805349699 5,7843769807531915
11,476127539894499 -4,196822572051653
1,4919215868957054 0,742404222355225
6,532527345805952 5,77601153465774
11,461942228202407 -4,204293027296069
1,4893659203528697 0,7678398956835574
6,486883927679839 5,777560214843923
11,548058700769772 -4,241483469824541
1,4913537215954729 0,774332653706421
6,529206105047203 5,761745681123909
11,555200102597905 -4,257100497790974
1,4810778676778884 0,7397594078745969
6,526561941096283 5,778860616802251
11,515431732106922 -4,270558210222481
1,4909771034391903 0,7328514803671684
6,544932689296446 5,737488848750264
11,548090046142557 -4,248104973652825
1,504663257751861 0,7403810668885559
6,54151462068996 5,746454019078897
11,557163184245086 -4,2429368739868085
1,5614257769877982 0,7207623644391613
6,520249976312517 5,724281885731148
11,539029252612206 -4,302516306245877
1,5428430590239093 0,6865724021651382
6,531510694249149 5,71550078215844
11,523843184050515 -4,301696309122865
1,5364082347819508 0,7135306631971123
6,57709288030155 5,677181186119922
11,553084258200712 -4,333804137363908
1,5565357197428722 0,6790989247637164
6,559854388776502 5,710042024704164
11,54049721753714 -4,288658173787865
1,5581193208855348 0,699020945925214
6,566508505904987 5,670512252744831
11,531378871531308 -4,350603761027198
1,5421884942964152 0,6600628052179632
6,546822965595971 5,661984606585481
11,547792596555794 -4,337896959021773
1,5408363163685317 0,6315666989705057
6,604159982654111 5,682346195279617
11,527341132337874 -4,334537991268128
1,5405768282629966 0,6213744047914534
6,549729638584699 5,641259260711797
11,559818065563487 -4,363500892468632
1,5457390479894204 0,6089608594975048
6,565553257278632 5,612767223342178
11,59450295832134 -4,380179317034704
1,5392106911195313 0,589064564067956
6,574476926744517 5,609514983200989
11,548716673921424 -4,395443934866273
1,5606063853388923 0,6280062359457397
6,574078577636715 5,61596798686598
11,58641667316696 -4,374876842970704
1,5869136176634175 0,5900466885491112
6,580330906359643 5,615963172154665
11,566097629067096 -4,443640900057648
1,577932665412283 0,5855066054520162
6,5423523092772395 5,592243364695105
11,57978303353961 -4,432959699999952
1,609978497459289 0,5877188586997062
6,572424875357582 5,551356880253654
11,552690998842383 -4,445510980338605
1,6078938607914497 0,5681063490842098
6,588056760665289 5,5926961032336
11,591326213444747 -4,472931204934328
1,5873811992149733 0,5129840080726249
6,587266518415678 5,549294564503197
11,583834087643744 -4,442916150135956
1,5659283604818284 0,5650203350133898
6,579663847852884 5,525911544775772
11,593123328644783 -4,481792961745697
1,6112782590430774 0,5126222914584098
6,5813795209795 5,53946248778617
11,608987949561111 -4,458759120425931
1,5780519203122243 0,5339355145706366
6,602990757393473 5,491848206554039
11,610216990566759 -4,492528490284077
1,6147951811693346 0,4760529248802136
6,605606506140516 5,5336758613781605
11,612723717262242 -4,509537297130961
1,5690292649763389 0,5170385421732665
6,598799892800049 5,490395148155704
11,645423069244005 -4,500774811669945
1,6132947478314223 0,47519879187960595
6,607756891214311 5,522783855338244
11,593873404479316 -4,527709133952139
1,5890106007086882 0,4877857216632177
6,619580436449239 5,450653186860957
11,587329079635401 -4,52306461236198
1,5852483701775604 0,4513211329037451
6,611735016060803 5,419169138762009
11,612728402692348 -4,569796956335308
1,6252828133786588 0,4404897976412961
6,639318428254575 5,432417902214091
11,609238797083425 -4,536793378764752
1,580649938047143 0,4686064168298936
6,599026584960539 5,430031020662006
11,626829471303852 -4,598588650233848
1,5970504740152092 0,42815562679549923
6,65835734008434 5,416307031465645
11,581917630803602 -4,57383133685774
1,5707955492133123 0,4129524605231926
6,596516302570063 5,390247489884384
11,615301605992173 -4,599052428232536
1,6166828841947571 0,364643595130288
6,629857045613881 5,413954144162942
11,617105965280855 -4,570867717665518
1,6136989187587423 0,4022686493998959
6,615104723375599 5,3877586223347125
11,584558295191213 -4,594343053673931
1,6162812180770076 0,3805601766637253
6,6017236233140215 5,335754915887947
11,616595307646298 -4,614038596391385
1,603370602003047 0,3654934895413
6,604526935034078 5,3899442468530445
11,581276189773604 -4,6384720357278635
1,5907977155471131 0,38276643792220355
6,645019951688585 5,313844693476858
11,633925329500443 -4,6568718143764904
1,6156960707188195 0,3403318319130583
6,5873933116520345 5,33873735509651
11,588582380781341 -4,707773649727972
1,6068939897670698 0,3139182669292608
6,634467664818142 5,295663149390519
11,611120842423164 -4,647457831585018
1,610521437056991 0,2971941787805267
6,626328496245831 5,339503311624165
11,587494095520084 -4,654406924382795
1,5750678273366678 0,3139876525774997
6,583902351193801 5,307684405637976
11,612288690585547 -4,697002511593156
1,5642899852300758 0,30101681274936787
6,5714425151200695 5,316228583496982
11,577084279859518 -4,708865521294284
1,6006414157621736 0,2908022554759632
6,572630140019453 5,2527802836365405
11,566567548288727 -4,679599126974324
1,5917899063128238 0,28267454721973306
6,61091177524471 5,23063612096495
11,588454719291638 -4,7438053478729
1,5513375428593932 0,22435176565206758
6,611420115788301 5,232321781302332
11,561344642392875 -4,764615946535932
1,5728826865592758 0,25131488595049994
6,597144457836973 5,244946785520505
11,59000694461231 -4,7565611813472195
1,6130400748408034 0,2074713301085846
6,5698060013906545 5,210345919143187
11,602679893695123 -4,795999277604329
1,5727152969616747 0,239774955302906
6,543406334593279 5,23455722599121
11,542268126808082 -4,778139748563646
1,5759470193274974 0,19991890990857636
6,561672734395927 5,23511376438831
11,575380710908847 -4,793713846945707
1,5506714989499442 0,17127825470385966
6,55790120774743 5,1796345888281605
11,58526143464909 -4,7949301045033526
1,5961182013042208 0,18799471829963957
6,600291048550535 5,1913074133241865
11,580813020977553 -4,809581437050422
1,551280641155306 0,16451996995494012
6,539968087752359 5,174593125961838
11,534634966013357 -4,853508974884347
1,573525809019811 0,1613318735881205
6,550685161177008 5,173967727789015
11,549549940852804 -4,8492971487598835
1,580972961641037 0,13037896355204956
6,541008230739769 5,150744503937351
11,575731030684338 -4,86763073509227
1,6039169792306442 0,09766490039387853
6,5160694626871924 5,095584943936627
11,538939668299209 -4,907577919999624
1,5616715183204681 0,0980732507140414
6,545582463346038 5,140925465129684
11,546417393165148 -4,858295314054545
1,5616262916022952 0,11343271486635392
6,520825784817412 5,120641980583946
11,577668619354979 -4,862386323174552
1,5023125331416722 0,0787519707110313
6,547928428800638 5,066759457681343
11,484209329821292 -4,915116043625286
1,5462920073112765 0,10122242900795118
6,538087146107508 5,116679092860227
11,515525352824351 -4,870881487249246
1,4992281172022146 0,06716720511250227
6,529053493956121 5,050570081685177
11,49848720355868 -4,900971152479878
1,537513640408876 0,05401949833620517
6,509098141659497 5,036371901163435
11,516456824029738 -4,92594546825764
1,490901338696898 0,030616015864809366
6,5303524682390135 5,019028384719536
11,534351931608697 -4,941516666229063
1,5255406740410709 0,00805641405232135
6,514094652650562 5,003199928632457
11,545864566860914 -4,953214348509932
1,5416802985150067 0,04016577829788486
6,482702817880171 5,043736054530634
11,473674206064794 -4,971211110635776
1,4821596836130166 0,026162716126882597
6,496163569229871 5,026834898987136
11,513591184187083 -4,9732725726432205
1,5191875577214011 0,0025902812420867767
6,513740436571939 4,988041200479641
11,520802859645071 -4,987528302617694
1,5192858259421353 -0,017868556214780847
6,481749003699874 4,976563737209776
11,475574520320407 -4,982507124240541
1,4814718571363092 -0,02722380908631844
6,468751519739041 4,986952748304581
11,44845624586654 -4,9960358498766535
1,4512289358765607 -0,01968991359126318
6,45007988171684 4,960949511076958
11,444299119708592 -5,042989820403432
1,4550089558424197 -0,020696472252157587
6,459271627620644 4,93270716782886
11,440961454750564 -5,02554432773584
1,4633920701544096 -0,05250972921232612
6,5134185664390225 4,952590015449961
11,494007620514566 -5,0940120916289935
1,4530414974815484 -0,05895337073094098
6,435472470916079 4,980173773581302
11,453960167078222 -5,052756550288513
1,477037174967955 -0,09688222865630455
6,429232393374459 4,8805192093263665
11,420227439633548 -5,08592271197058
1,4445199219639302 -0,09161361380056372
6,436083566567162 4,90129467965888
11,429616365656441 -5,095511160076621
1,4595730476623416 -0,11335366607038254
6,457983020409146 4,872487783443748
11,430144614448066 -5,050459206148702
1,4190865922231575 -0,12927304808887452
6,386247670400598 4,854629058587204
11,466675776667897 -5,0829272238928
1,3806693294985901 -0,12261655236548566
6,4242093963592595 4,88053345258967
11,412263186186479 -5,123454166971325
1,4359633360262107 -0,15512068356994968
6,442736119540291 4,867540292760701
11,380489430032505 -5,14484680771991
1,4167610986836683 -0,12553494630253118
6,380503781922951 4,858197107982683
11,39308181814422 -5,120713968816877
1,3841731176045142 -0,12302042254486617
6,394057731269833 4,839913660137143
11,395789159980183 -5,1877936821753
1,4002743449729476 -0,14198267271471487
6,402490018485466 4,840978075773705
11,372410247820122 -5,169188317929032
1,3634362420814228 -0,1623573396217008
6,368882408625998 4,849044544926696
11,365023659986846 -5,21385544272753
1,3779639917614894 -0,17913789026347704
6,379201759239726 4,754845293397267
11,391169565142707 -5,166390433912329
1,3698017790205745 -0,18560348305739482
6,332350245796057 4,78012620765238
11,324581334146554 -5,178613465160153
1,3918308527974195 -0,21479769497841622
6,385059218990636 4,812628723933286
11,365295568049362 -5,228551665175863
1,32861121026205 -0,2317007247481846
6,31651404697292 4,752695349184607
11,352532555848198 -5,2159064731709615
1,3497220362522269 -0,28555845604844626
6,3481933700041955 4,800657086588075
11,319458292216076 -5,232944282713046
1,2989205599193427 -0,2673632633817661
6,343651126143552 4,7447599863163274
11,338160278232857 -5,261677590798341
1,3223233490583204 -0,2766445355629748
6,34700862434788 4,749746927912916
11,324900016709798 -5,255290380872375
1,3439466983043211 -0,2712257808888482
6,308919823698313 4,744401790857726
11,330730761046487 -5,285592612245587
1,2964355261878158 -0,26874542707330035
6,294547338348213 4,692339776716216
11,276249790723242 -5,272036847769735
1,2927669330929126 -0,3173143373504509
6,2976956813256875 4,672716493217493
11,260296201329517 -5,303487798005788
1,2826884327213564 -0,33197390498526114
6,245978255860165 4,676442415950023
11,324270508613372 -5,292680770168212
1,2780338473601474 -0,2905216888190037
6,257600287395782 4,695055020688037
11,280361586899481 -5,3196185233936895
1,2798450521290654 -0,3246797975263485
6,282189871666247 4,676787762166222
11,239131967422049 -5,336491651719038
1,2631983511262872 -0,3552057835437698
6,247751079137883 4,6093461572896794
11,248124943134187 -5,315261918505795
1,2585301886934437 -0,3451033589333135
6,277033324259957 4,627832766817331
11,268220458376497 -5,347832401809608
1,2681080869901502 -0,34010962829917457
6,259707592734646 4,632163281472155
11,263671665409182 -5,381110770436968
1,209932400950711 -0,4089542721666592
6,2116671456088435 4,662112564391026
11,208535740005788 -5,364657830414238
1,2001575345891828 -0,39422708323737155
6,203810711476824 4,604190894885322
11,254481653521166 -5,377974624125894
1,1985674063533907 -0,38471564200150177
6,18672001398406 4,585008969470654
11,211574298667603 -5,396030185647458
1,1978838467509527 -0,42087201023118936
6,212876409160659 4,613145898475073
11,207848055919344 -5,405192526487945
1,1759268687273996 -0,4308883296105346
6,2015217562384 4,579371822201162
11,170831294323257 -5,415956698196663
1,1456065394474428 -0,4041088491955038
6,175679899238694 4,563664623257303
11,180131030433333 -5,4055152835685325
1,1573030902790458 -0,46833311114855886
6,137353069360874 4,5629335817498475
11,200958275625775 -5,419578791122852
1,1879211054288206 -0,4450925995813562
6,151426837070514 4,550603972875793
11,143112394754024 -5,437850586775983
1,1281641538421672 -0,4577874032764754
6,1422190363536515 4,554272315837887
11,133026946467456 -5,471803853467024
1,107188493025435 -0,4854731790652454
6,13901412514048 4,544079130545314
11,108751871679038 -5,452215914898698
1,1191012239955884 -0,5302060149770329
6,126119273772505 4,541764939809517
11,099652433768588 -5,498002540190662
1,128783403101652 -0,471195863961292
6,100055185106475 4,518867656465064
11,118025779124498 -5,493272527937461
1,0628788561341724 -0,4683739841528317
6,08373144167849 4,4934314738263765
11,134358750892265 -5,502931187184889
1,0573380138171995 -0,5101504218742474
6,07579861922863 4,4976871410737465
11,073517245885334 -5,488216302111954
1,0762865198859275 -0,4669640776564299
6,039363235801653 4,4820228089983045
11,072728809065698 -5,494798427135358
1,0809294589486498 -0,5098348436168387
6,082440749676504 4,473975705156985
11,062385592993488 -5,541744121387594
1,0583697589130472 -0,5280628485629916
6,025645051728458 4,4235665057853915
11,036997585668024 -5,543088844817431
1,0306228558681088 -0,5626735787867518
6,025242406249636 4,45476460395027
11,009377536874299 -5,548678074468549
1,021213902326308 -0,5619963231504853
6,0143400629848065 4,456793996813034
11,031031624731888 -5,574644695124521
0,9968037689130677 -0,5770803978075938
6,056263187150799 4,418998857432139
11,010098529393181 -5,542572131554216
0,984860326795086 -0,5605897511379391
6,021233387580772 4,41816479313826
11,042482369437527 -5,564426818339467
1,033258839826905 -0,6012534346999951
6,003276584216166 4,4000198210817745
11,006965189526339 -5,595792634215299
1,009746766744565 -0,6140173609043224
5,960253587070863 4,378796657777864
10,987614536499931 -5,601989847211906
0,9665438250559008 -0,6044244832028487
5,954262603974307 4,414808667001459
10,970251054132358 -5,562492278520372
0,9453583721464643 -0,624914067154456
5,942189279292618 4,380302814773253
10,950508055402066 -5,5853376634103125
0,958795258430368 -0,660761040548292
5,951160289788333 4,3836430878853205
10,905625846230489 -5,607160497723252
0,971146752733564 -0,6362602225757865
5,948948914163983 4,362581640985054
10,93027837108261 -5,6363364927900985
0,9398587825226016 -0,6248176101054206
5,949926283805574 4,374045605309855
10,876169457271477 -5,654326595142471
0,8544173358965985 -0,6701587600031471
5,90628084254078 4,343948380901857
10,918584239282668 -5,654693398007417
0,9016959110276246 -0,7199160068581978
5,891241782830908 4,330371266546047
10,885396097612377 -5,665064800907475
0,8910916195579193 -0,6684988371432745
5,8666188186942465 4,273742739903975
10,894327942796627 -5,685868017647308
0,8816610273498268 -0,6637471125517727
5,828600996449146 4,327806491159137
10,855399572869551 -5,6592298787386905
0,8642977602278438 -0,6809853105314774
5,834974101352836 4,309554215967977
10,889820097856765 -5,681499173454534
0,8588875058311854 -0,7263737459159524
5,864153551272889 4,298075566871781
10,823308471391488 -5,7047307597994426
0,8400314288498422 -0,7171775833733833
5,791251549761914 4,279243445725368
10,866721121622877 -5,729039824239217
0,8392697270497743 -0,7177069667947404
5,852300289473154 4,237714562452809
10,842348696892302 -5,7414497178361765
0,8083064727849387 -0,7529545715871319
5,808226390790926 4,270358907450089
10,78853620874092 -5,762538205204643
0,8042495397638734 -0,7606322636979765
5,8176031046967545 4,247771751659515
10,809521974009655 -5,813357818476763
0,7627692042457516 -0,7901681756481378
5,780656210831079 4,254112999711638
10,815747727555609 -5,758016045449975
0,777736489398393 -0,7856642802877702
5,785868468029768 4,221432663283907
10,727077418819842 -5,795862572544752
0,7772357924986328 -0,7702955864338887
5,784355546260384 4,21546514587175
10,76327538096119 -5,823778310664892
0,7964342407039525 -0,7853897530516074
5,739490143557156 4,231305013537843
10,766575249700557 -5,770221686910933
0,7642026513906789 -0,8174940741516414
5,75847407634188 4,190640618552282
10,748781337968593 -5,790570154931864
0,746182909075086 -0,801099532356277
5,7404863163530955 4,184968629717962
10,742485237035073 -5,8090046955721055
0,7117121812217809 -0,7933105390342967
5,730631822461721 4,210067611236656
10,70942870662929 -5,847895283376038
0,7288352170556609 -0,8272299462852776
5,716897396086225 4,2171872091194995
10,72002785872244 -5,845931745890101
0,67956640224765 -0,8563939505980299
5,729924713591752 4,185716051635944
10,702713022495441 -5,825617414955328
0,6938839875179452 -0,8656252523073921
5,68352793376257 4,129627268402572
10,679699768441619 -5,857997998699571
0,6867613050352999 -0,8540833151499422
5,68006625928587 4,137887957734279
10,679039256051833 -5,831775173047072
0,7189507223475573 -0,8656509305860228
5,64761915226396 4,136195453390771
10,688416571397187 -5,867561103799243
0,6967653584532874 -0,8813536071299931
5,670266426648765 4,147091576464229
10,643377875065179 -5,874178217347278
0,6175528317170957 -0,878134855517987
5,6464603909827655 4,121589601137113
10,620315931161977 -5,867687428044711
0,6114260527636117 -0,8915671643763939
5,640044255268821 4,142113537103716
10,625388119691682 -5,8985117532393065
0,6511368165140896 -0,8893498825182519
5,622193966014299 4,092164916387524
10,622083278145642 -5,902342466618643
0,6498653595424134 -0,9188745076137468
5,614910776843239 4,100801473718025
10,609599429894075 -5,898274909028232
0,5935972759060753 -0,9119812315743557
5,648066844600337 4,0942313246088755
10,619181075062702 -5,9135311974270515
0,6049629972363665 -0,9685373393744057
5,61150692691183 4,083018326649857
10,59627510434492 -5,902944681482475
0,5803899652033192 -0,9230273629717654
5,600858494716445 4,061669669422362
10,582283924906 -5,936288123521361
0,5859484969971832 -0,9605226605362889
5,579040649052655 4,012403289092713
10,594257398741922 -5,974769203679858
0,5903310014936461 -0,9527403440272875
5,585070845681862 4,050907062034967
10,544652146871307 -5,944726420894114
0,5449663420858938 -0,9534801807847039
5,558853514215095 4,06396326882417
10,546744326123743 -5,989709029731547
0,5133015789778994 -0,9654084374760219
5,550354443081549 4,069100138924999
10,525880391107457 -5,939456495884753
0,5028943700577628 -0,9699635662137588
5,578687272343321 4,02702550787402
10,508238923388454 -5,9533532415030725
0,5300795222005895 -1,0205194354601497
5,515383940623326 4,023138431313913
10,511077030147618 -6,028033210145766
0,5042759743335241 -0,9863472636749504
5,525357713306171 4,003238989008777
10,522283034865618 -6,008663116297472
0,5174470586424454 -1,0023023669328501
5,50853444894251 3,965884040708747
10,496081085176607 -6,013604620547054
0,4905583210445425 -1,0466473747269376
5,508238698865857 3,9636235012524788
10,505573078673486 -6,073082356877615
0,47250374957840857 -1,0717534303978566
5,4836036290495995 3,9658846545986495
10,507384610605765 -6,035102597276595
0,4757120028954772 -1,051478634401436
5,421694228964054 3,967735999985283
10,45276566152762 -6,065543349914963
0,4671540103411641 -1,0221936354379533
5,441342353065268 3,9381138403536817
10,447399115998994 -6,077320594963673
0,40287882164829913 -1,1015549510236007
5,431677275782633 3,943531105992678
10,43249586239339 -6,049455881962622
0,4327349536717818 -1,0696079694333527
5,448688428189944 3,8814656622036057
10,450555452762144 -6,058995134709128
0,46597630598609974 -1,0827273609673689
5,460694544906173 3,9246131821155084
10,432865108810969 -6,082619877942184
0,3679962230545222 -1,0470038219694677
5,427488222276218 3,893850716862746
10,43854098675029 -6,135768178842906
0,40846857149429133 -1,110216250017057
5,394375349255583 3,8489170726739084
10,414990542827981 -6,118354751064688
0,4213902644839696 -1,1277009097373156
5,385485073322057 3,8761072354777237
10,412548118902777 -6,097850098922558
0,3720426766115324 -1,1012996375589348
5,390779607412214 3,8681295592469067
10,406968601351208 -6,108069445377542
0,38968370423450294 -1,1320964812613925
5,360814987753295 3,857129679249103
10,405981497882031 -6,151047835783826
0,3443661071459134 -1,1241661085908563
5,370191823097676 3,841813687955222
10,350080008456693 -6,123429711623487
0,3840514588005573 -1,128477125381491
5,386947725798959 3,8389346566641414
10,351081394667911 -6,134750479034177
0,3493889655082204 -1,1618968769342597
5,346837510234268 3,8227158206674603
10,314378590077629 -6,16496491808018
0,36243265295767546 -1,1496767527758527
5,3238479408471235 3,8387359437165616
10,302064721158006 -6,152363225919785
0,3584349199857841 -1,1627063727218323
5,348876787867043 3,8093795147113143
10,31955022536335 -6,186988492285248
0,33612442310522306 -1,1416540493823735
5,345376005680009 3,83860507204418
10,35643775426469 -6,203703689535843
0,3582535218195309 -1,1766620180374727
5,321590561385424 3,8073471755693498
10,34235374822306 -6,207380066568798
0,3195925144581491 -1,177638375048944
5,2997775837896155 3,7812846845569354
10,317683036833454 -6,186382460645946
0,2984082219563244 -1,2399711404421885
5,336122126689893 3,79849975412756
10,275176134205461 -6,193251315630064
0,27993739792964356 -1,271462078575522
5,274090559504206 3,768945663853713
10,295792219183944 -6,229921133779189
0,290528255318376 -1,2280643950424555
5,3032933406173814 3,7788383265392262
10,27994129189331 -6,190599373513815
0,300301720125681 -1,230010463545432
5,278234799601239 3,7326878284350724
10,25825128513701 -6,230499435544975
0,2868967719754438 -1,217730934062544
5,267038866413746 3,7903009977292843
10,278446807778499 -6,23011479470678
0,2601618173394243 -1,2240894177012256
5,264348604950611 3,7062518143892396
10,29409084090564 -6,2753720093190815
0,22964896284547587 -1,228381739394288
5,271269599580835 3,719967596383953
10,282213618111237 -6,275821824023363
0,23385385140815926 -1,2747107924444838
5,264655898588532 3,6956175729950136
10,23171686891166 -6,267653419473204
0,24787415398918308 -1,2875687019155635
5,219906530762855 3,709017809885211
10,256210934850458 -6,273851786455761
0,23341364940401713 -1,2818299850788042
5,218253626431377 3,679965766417911
10,219178528010538 -6,287055025413909
0,18647368316413335 -1,282743362581521
5,266849113318425 3,686764647042815
10,211442005215325 -6,298750115959273
0,20730714712664386 -1,3024091247276977
5,201316183013323 3,682236337553741
10,212079240113779 -6,304702359961949
0,17653701991829085 -1,285724034562631
5,2250802886225225 3,690986692852742
10,210102726035645 -6,288438930022763
0,22565151250395427 -1,3325346434861352
5,212060838873955 3,682036914917068
10,20513952806264 -6,317917702647365
0,21012813097462157 -1,3321370127536456
5,2031743328631475 3,6902076856038883
10,221280130091262 -6,315088166455109
0,21052637138043823 -1,3729566780018752
5,179601667279898 3,6322207736675014
10,209187954074219 -6,309918312019468
0,19666052124265365 -1,3244896473687502
5,189446449787486 3,67063362387501
10,200058665922977 -6,361915718747666
0,1758993048228204 -1,3441954099205593
5,1783063071080555 3,6476672400606045
10,193162928076339 -6,323466351703312
0,17362438605861788 -1,3365650510095235
5,163191628628318 3,620201364979944
10,16572433725863 -6,347557008378032
0,15904233831733627 -1,3563568535929589
5,175258327795015 3,634401060678363
10,184049757887152 -6,308029185474793
0,14508751435112205 -1,3683177557506512
5,159863606225745 3,633882988334335
10,130972701364184 -6,363796534021204
0,12967278299625373 -1,3627858462691458
5,176511464327064 3,6055840280063856
10,167401477915405 -6,382689824539557
0,1888685374790426 -1,370021452096622
5,167197057721885 3,6424503462151443
10,13805588153436 -6,393190683625007
0,14460879184483952 -1,400994915639152
5,162688972600313 3,6081851905639137
10,12619619996167 -6,390188103676782
0,13812454362330223 -1,3828193588396096
5,153536610226 3,613400719064621
10,177083300427823 -6,390524871457123
0,1394812448423919 -1,3947981209447413
5,145466882093871 3,5981617868314895
10,127314616431395 -6,381696755379724
0,1405392879471154 -1,3984911479260125
5,115839264063777 3,588686312802045
10,140325492530684 -6,366301139574695
0,11322392295976588 -1,4281008636003196
5,1230711747414155 3,5744738146675794
10,146820420560761 -6,423157866051007
0,12606989931913218 -1,4284469685580883
5,079422732865242 3,57247841263222
10,104028162889461 -6,4257097474669
0,11697752622607166 -1,4509976894001646
5,109264662700641 3,5532984987145237
10,115059717314612 -6,447453765667955
0,10376506442743363 -1,469876660799886
5,113874371915629 3,5432225559562958
10,119599263892454 -6,434960500036172
0,09313180145573692 -1,419776176722424
5,113724337327884 3,540646583995348
10,102054380414836 -6,476330459075611
0,14722243524832507 -1,457048156345025
5,098381494413883 3,5279189340709687
10,096295729223709 -6,419332020535147
0,12754961144194105 -1,4982458726540182
5,152424893189138 3,537173519476603
10,097078645309313 -6,478647681245196
0,0834320511832147 -1,4754561729801174
5,095770608339361 3,5076259661724065
10,088675138644977 -6,4590925210725905
0,08047173073274037 -1,454133312473072
5,061378920624906 3,5105702388172
10,104915363687454 -6,472748291149772
0,0778923947013556 -1,4775716557183556
5,0805243480099955 3,5285705413300614
10,058179226245942 -6,476518406830264
0,10585116337863483 -1,5336226179829868
5,03004627308397 3,503233300248724
10,085324040255308 -6,539841339765856
0,07949034544025285 -1,4965915997037114
5,105411241692542 3,4991536830264263
10,070076716038292 -6,4637022191342846
0,08538251985623856 -1,5012454430917337
5,072334794580898 3,4886425089797655
10,084916604184674 -6,4670159243333
0,05571110170558039 -1,5263071850892351
5,068493869084355 3,4710145454722827
10,038443427097535 -6,510176098578707
0,0529963034287928 -1,5035645165688434
5,07114498758207 3,4798539808572975
10,022118972889412 -6,5350977473499015
0,0910317633635984 -1,5167069716674406
5,060422642750392 3,4803097275000305
10,0842673157536 -6,529255606193122
0,03922989365087244 -1,5329466127732778
5,099127321197611 3,5186321310349435
10,092048983286123 -6,513812736807676
0,06554488161387872 -1,4807587256820325
5,017157573140575 3,501417838017589
10,068386210321528 -6,534563054727547
0,03692506620083316 -1,5477141943120492
5,043218022316154 3,42367693448561
10,012345897126218 -6,5277322380497615
0,035513600588021714 -1,5516645595759762
5,047865758078211 3,4623748881557685
10,046050138430957 -6,580491451689161
0,03422844971341373 -1,5629962877280206
5,036877440732119 3,4448271790270666
10,032307077027072 -6,532336633712739
0,06086496500127992 -1,5886535439169074
5,054554783581721 3,459113127968802
10,058452958915334 -6,5814168103116515
0,015302577367686674 -1,5565875728949055
5,054216227514101 3,401272357815023
10,054168680267225 -6,539248935686572
0,07741144382269617 -1,5752748617887713
5,034789335506657 3,3982835936597926
10,0674337223294 -6,563800852001464
0,04656460989089675 -1,5929112646536365
5,028149029066885 3,4266554091231267
10,04755032491922 -6,56979322733217
0,04440344047212835 -1,5764559635889162
5,044463052469503 3,452694122757512
10,04267648045641 -6,582420432627924
0,02779122451317806 -1,5849725450891698
5,03001261703757 3,4016276559547345
10,02580912660411 -6,631973593794115
0,023703574263549167 -1,5943929211999086
5,0021867908110735 3,4187669769868823
10,024748065931572 -6,581749811042327
0,07095801102616922 -1,599343551286896
5,010381059811871 3,462658568497014
10,029494810808472 -6,6246432562602955
0,01751713596596899 -1,5859765997812547
4,992054060682073 3,44203653581595
10,036578707271218 -6,577381211548292
0,02046000526431259 -1,635110312081091
5,03348050661143 3,416589809175319
10,030373435567542 -6,600923493380456
0,0015878814542972033 -1,6058521584320757
5,030492193150645 3,4132436276305604
10,041501323622091 -6,578229226465543
0,023357745398839048 -1,6103003252459844
5,025164447109321 3,396596226930955
10,020029845135412 -6,635876901589814
-0,009363471207773748 -1,6447399840484522
5,024335103622178 3,3778173824306412
9,986365597717539 -6,6092440226992535
0,021890485721997404 -1,5953623919565534
5,03620965046447 3,3961244509479247
10,04161704532217 -6,6091894268049876
0,016106157309205654 -1,613307092803461
5,019849213573528 3,3486315059234855
9,986902309436665 -6,624410493502322
0,05501986660253189 -1,6658170117367745
4,960686191123379 3,3693530026743557
9,992891793721363 -6,629980276670287
0,027539803686036157 -1,6403224964040757
5,016862831239263 3,3522752817380987
10,028567693932041 -6,599869713071232
0,011941125447484834 -1,6235509588972354
4,977794607739358 3,389288196878276
10,031952648788064 -6,616851534534426
0,007339537695115107 -1,650676915824716
4,99373444710046 3,3655800171507493
9,997391316852651 -6,651073392850191
-0,004489176010528891 -1,6578873707611566
5,034943350404409 3,319103270157719
10,037749092513623 -6,6762507232231325
0,054105178237853005 -1,6234899850333304
5,045759349575097 3,347483803426914
10,038056596244026 -6,65863168325399
0,053426938294583275 -1,6319378575619603
5,048155059770246 3,375648948956623
10,020421680406008 -6,61522779428587
-0,0003337609817415134 -1,6544208486819556
4,98633215868862 3,3662929835748034
10,047039917491096 -6,647072316722815
-0,024839282335634674 -1,6549130093075135
4,975477929763765 3,348768033514045
9,992783450609126 -6,630357014595895
0,02019557626427855 -1,647233835306687
5,005548242411813 3,34549823299107
9,99527102232017 -6,6848422634419356
0,025364491131802915 -1,640424337436693
5,018709399036523 3,350866678544981
9,992729756683197 -6,655522136809498
-0,012004612078463484 -1,6513737147381788
5,018053674573563 3,3372018580319764
10,012317152337763 -6,651112206735974
0,003536446010528563 -1,6758493879087468
5,007073137636588 3,325340106875805
10,020212348204177 -6,675037920111451
-0,011540041388946959 -1,6565921057258595
4,994487332458983 3,312062425615888
9,99347638562343 -6,672291487667038
-0,011165254086055018 -1,6833550422037482
5,026632341342904 3,3405522127781833
10,009020633011298 -6,664140236961093
-0,014261483766821115 -1,6961516320561971
4,991907342146955 3,334361974027222
9,980019484829473 -6,684664462814347
0,017616470437723356 -1,6713172891920758
5,043581165872784 3,2828543425263406
10,02136545884904 -6,679575962323528
0,05124944424541178 -1,6995935867029082
4,972091343732507 3,30311753297065
9,989938914092388 -6,697228815268496
-0,025873781690449654 -1,6728722286627549
5,000424030392788 3,3049914013616677
10,015056180721427 -6,7022596040576365
-0,0206020102882261 -1,6784389383769234
5,039469995664361 3,3380008053054926
9,985455858947955 -6,688860647968346
-0,004776994257527676 -1,6600157603624586
4,993912747202081 3,325222528984624
9,994182402842164 -6,689116956445364
-0,0006096548341885219 -1,71256053670994
4,997978983499378 3,3165102076248867
9,97981288520433 -6,702718688824128
-0,0056806327614860016 -1,6826218011729457
5,013701097357343 3,298765994594282
10,01178200067338 -6,6665466727863345
-0,009492236211916475 -1,7066650617357024
5,005787159628579 3,2966427007251213
10,042044169829987 -6,689662870374765
-0,001960259207566576 -1,6701562105857863
5,0194021994653975 3,3177082586371704
10,015384593024953 -6,664426842088849
-0,011737072364400948 -1,7353338135876597
5,013200502987112 3,2926905609026984
9,988863780780239 -6,656541310995096
-0,006270527894318602 -1,7175918928966538
4,992926529962959 3,29845648322454
10,034289836275843 -6,661153702433074
-0,01929121265269854 -1,642529022255134
4,974174219019106 3,293482226682419
9,998062158022435 -6,708728417775981
-0,030409992719013214 -1,7271998244524884
5,040142861360972 3,290070634147795
10,01158235618609 -6,694424525611551
0,01665781796660371 -1,6721541122456092
4,996028635087962 3,3084564703568016
10,025652858070586 -6,68702677526293
-0,0034353957722201576 -1,6672791279274939
5,0007106307665525 3,2834541615172084
9,99444447895739 -6,6718280915667325
-0,0027723084722392688 -1,6754552375899017
4,999315334705483 3,303576514007213
10,029028086449692 -6,745452838592806
0,009774296502462174 -1,7179247861947282
5,026684529896407 3,3174156421669916
10,012508489189951 -6,676370535810767
-0,02247292459533555 -1,6800836280773634
5,024873772881051 3,3100400043607823
9,988808629434565 -6,7250359381721605
0,010933971019515739 -1,7067121364005167
5,01360174438814 3,304106118255278
9,999677946628863 -6,729537187794542
-0,0044049347309481 -1,6897129548358683
4,987706199424265 3,33670301608014
10,009657899355764 -6,689370596554763
-0,019273045313040138 -1,71045881038676
5,03017854504697 3,3083160412701504
10,028146771102115 -6,69691321848695
-0,014019933899985059 -1,723135865270228
5,046041273712362 3,323856366227387
10,033633482646099 -6,708372136158341
0,044151647349512976 -1,6983281227392497
4,985236154451181 3,3217841870398472
9,999988964779915 -6,736968496257174
0,018315999758815038 -1,680060749429175
4,971922095809923 3,330007754698528
10,02370144999021 -6,691474958997878
0,021243300934409362 -1,6797641445885012
4,976035101853 3,3134281156003875
9,997916914804367 -6,71045686858083
-0,0010842022260303813 -1,6985178722152046
4,999176081043271 3,3354780616102335
10,003199309108199 -6,730343352989586
-0,0023410616447558583 -1,7095495601728599
4,926862698361429 3,3274302821326427
9,9807498910474 -6,694333988475887
-0,005433242089093609 -1,690061933082144
5,002515684240629 3,3171343667339293
9,99018379754449 -6,70834145493116
-0,014073311040903029 -1,702155617405894
5,030535084775179 3,2789626265434832
10,001606763884066 -6,700474573365207
-0,0005670143268115175 -1,7063706187730046
5,027598348878332 3,3300492890091995
9,99703250379022 -6,6759704241334195
-0,0006519214055732463 -1,6295438368453339
4,964743625927334 3,295459065214452
10,038900444856537 -6,668003081626101
0,00011445813333862086 -1,6909903381049987
4,9817280858065445 3,292155986815122
9,985566493796194 -6,690183556019246
0,0007405700889725579 -1,6880091186186397
4,970995523426716 3,278348262701155
10,011780063912155 -6,715561214337189
0,015759282133591557 -1,6935482389353778
5,0011427996844136 3,321457383040865
9,99524756278007 -6,6525223694578735
0,023299324434031706 -1,6505119723216983
5,030788099509496 3,317274717754559
10,012135938876945 -6,644662926752191
-0,016650656894752768 -1,680860895471003
4,973653817763081 3,3186025403886066
10,030203985784162 -6,683436240648684
-0,023065575203697217 -1,6762432856201592
5,031967632547017 3,3261876382681814
9,9892937814388 -6,658354410974456
-0,01906157299904409 -1,6640424564450575
4,96588287287402 3,321947228870351
9,981522111697368 -6,680974487795865
-0,001931733773419093 -1,6853601252539427
5,046866714131745 3,324560666700703
9,986408546576959 -6,665137920284027
-0,024379589873661282 -1,6752269972287857
4,997116181625196 3,3586309710998155
9,982098018043313 -6,669900793053182
-0,03417145360544675 -1,6478418329819764
5,015669268920695 3,314024102344451
10,033873366875989 -6,681546210370196
-0,02539328186773604 -1,6544136620976257
5,0124832639930865 3,332666301379911
10,006425872748217 -6,697342121722004
0,023417587833900036 -1,660832564902443
4,988059834730683 3,329514185622842
10,003409118013762 -6,636109819991289
-0,020994674619254593 -1,679205716483896
4,984596607063618 3,351086814144788
9,984915015643267 -6,696562629128333
-0,014229656168435325 -1,6686060511422636
4,996602999407385 3,3205793103147587
9,993280998750281 -6,658592317223206
-0,04917256106214868 -1,655944239607818
4,995290958128865 3,2935600701992187
10,005082166889572 -6,684461620265844
-0,04099616022796001 -1,6696415918505216
4,9836173614075445 3,390271555263439
9,993996772392604 -6,641117816353155
-0,014078724999415124 -1,6447591670013562
5,027962419745966 3,3717081474635453
9,989405520691061 -6,632905758024346
-0,008477671922458747 -1,6063739278216775
5,013825153043145 3,3223987436679496
9,989037320043815 -6,627772857241001
0,014833776865469621 -1,633889882579949
4,995803134957255 3,3742973275350505
9,984687718172639 -6,6672540688127375
-0,02240596637983071 -1,6762105646121883
4,997022958265242 3,360428660874566
9,95191157923184 -6,664467819671671
0,01891546986644964 -1,641102371308224
5,0026817456901895 3,347848901618997
9,965702784886998 -6,633452758028102
-0,00829692742437771 -1,6331910836602133
5,0008347180500134 3,3904983115361325
9,990092832990367 -6,605312349750284
-0,03225634425859962 -1,6503990555632588
4,96320402586154 3,3939954244156354
9,99699231017758 -6,641710352997163
-0,0006127950002477664 -1,645860808509495
4,9929377360887 3,348281574690455
9,982321468160304 -6,6513216006413
0,0026234821610943357 -1,6286138788398075
4,971546961301144 3,3680898577322065
9,983344348791107 -6,614216187855563
0,024700214854699407 -1,6196066165594551
4,9687413656260295 3,4077204325119284
9,989910930224196 -6,6428468878391325
0,003706646986810471 -1,6202261808334633
4,976099518519023 3,4086995215164317
10,008952419206356 -6,620311035027698
-0,023342263609067923 -1,5966277599608607
4,97750640052725 3,381004603817789
9,979977849140544 -6,602207261183739
-0,026253172476188757 -1,584458567929086
4,952016944895565 3,4120553378289626
9,958974572424145 -6,617445078300818
-0,0361996941237964 -1,5999713555522246
4,951893416945229 3,439001841178072
9,962174553772794 -6,593609848280845
-0,05159854100177748 -1,5943154821518133
4,962941528681555 3,4241641432973955
9,968973060846592 -6,571434131036999
-0,032453036844363965 -1,6171303304857985
4,999577064985495 3,405131839194165
9,974930416572569 -6,569038716789546
-0,04801112120647237 -1,563267354735048
4,953925890809949 3,3966896741563475
9,945912478348578 -6,562121439617561
-0,0014911546994300362 -1,5527317882860083
4,943477890197668 3,44479807687755
9,982945691630636 -6,607136810671563
-0,07630431962745948 -1,6113165957479347
4,95978939060652 3,4242935891057047
9,962497922754654 -6,537934781178178
-0,031359198102879446 -1,5446863054158149
4,958594974440038 3,4147109039735284
9,957457183929689 -6,571289280963697
-0,01184857763324973 -1,5706308218088172
4,9875217751011744 3,451509612847218
9,9605407018678 -6,528216893610637
-0,04473090828335105 -1,5569180901945439
4,940816429130997 3,434839907876005
9,958198193884297 -6,549960572074108
-0,038118975895911865 -1,5524860825449378
4,964139611253679 3,4296859753425424
9,963449623208616 -6,546528204202255
-0,05017138519106561 -1,5453866719039098
4,930281976295552 3,437187874146645
9,941372544211147 -6,567214249075867
-0,06379092134645416 -1,5661133106764584
4,963057750848914 3,4614486972639003
9,960692033799726 -6,504013076123981
-0,05175797238452573 -1,5495832067643736
4,924594148326993 3,4825101313942377
9,935316345550893 -6,534225843597525
-0,04974377122742169 -1,561557134571478
4,924829425470078 3,5068618746326803
9,96566109689544 -6,510801892421056
-0,09104997247898235 -1,4983112949289483
4,916397441042478 3,4958322295622843
9,944218212640902 -6,51621736560993
-0,042592560539393504 -1,515317388869815
4,934740807670818 3,5082907110855066
9,923445629555285 -6,504458808322677
-0,07044136655001416 -1,494551363209472
4,896797096082122 3,469260692165117
9,897497940270389 -6,493798133516813
-0,06576483058000249 -1,4687484572777383
4,953402673596325 3,5025716345635907
9,94295208990379 -6,5095693613263155
-0,05785179393006215 -1,4819213411439947
4,920894044383403 3,4675047490407644
9,908716252146608 -6,515125276356374
-0,05017963056578216 -1,4610419057962267
4,93079965429722 3,554202486180921
9,90546325598294 -6,48740068047286
-0,08022567550844623 -1,4789290456099753
4,9269999965135876 3,5338775630982107
9,90533806290077 -6,499229119175254
-0,05145699704404723 -1,4705311693862464
4,8797253298229 3,5607721194223454
9,917708926763039 -6,475050848333376
-0,11020406350081262 -1,4590749014979014
4,899734197140505 3,519161639119578
9,899706730388594 -6,486469945060739
-0,12030811805259617 -1,4781781841285233
4,898510737956615 3,550672112132689
9,90449822978159 -6,471369349335159
-0,10211072017783743 -1,4402492396672908
4,908048291893658 3,5404549684483793
9,90319467990455 -6,441602821350937
-0,08420457530616396 -1,4682173167055286
4,881158256852658 3,549629183025157
9,904112844901164 -6,434810979598259
-0,10374161961024304 -1,4474084079156344
4,891009419500668 3,5480637551074428
9,885803825918765 -6,4839395456810465
-0,11114370252610531 -1,4086490611571176
4,895130544452592 3,5597568120673935
9,87299628689864 -6,431135934693765
-0,12033677109855793 -1,3932642792360506
4,892449313515306 3,5260753715331186
9,862034999042702 -6,407986830292309
-0,15280057623508717 -1,4056350895021754
4,866718208053313 3,5957505048804936
9,890158940069155 -6,443576219072638
-0,16736842509962185 -1,4153081186270253
4,890071849431884 3,5758370667402666
9,840990703770013 -6,3994803335746315
-0,11105528186339492 -1,4221400035310594
4,866450161927703 3,5751725511864043
9,838744572574024 -6,396478741007898
-0,13275829318907534 -1,416198475078213
4,863836841646693 3,6145373891078805
9,876180077915848 -6,403131618266677
-0,1358695213564352 -1,3860347105426938
4,8494535982109 3,5578651200141826
9,858234297676738 -6,386095067807229
-0,16789572934020952 -1,4138641200586632
4,831722284402035 3,6266308315378377
9,872509620006019 -6,368957397952577
-0,17360984916462086 -1,3510653425447814
4,838032660320418 3,6203277411124426
9,815773210149354 -6,390665656895423
-0,148930216160677 -1,3925159089791008
4,8335028976489705 3,6348121236515953
9,808312587114012 -6,378061979387322
-0,1753419420618187 -1,3564756999651064
4,821728864471806 3,6130916951686265
9,827459897085358 -6,35901496471904
-0,14727379645790334 -1,3441807746635894
4,813460609247692 3,6577252907286804
9,829659914383493 -6,367239326577173
-0,18603385608141396 -1,36052524151506
4,826774985835495 3,621689937869861
9,809144301580428 -6,353063829288583
-0,18678647258796452 -1,3755462224395758
4,812772756430487 3,687135878712062
9,794215103294304 -6,35739801295456
-0,1915265581733844 -1,3185232881244289
4,806949233846746 3,664998809906384
9,79416067144626 -6,349682693887842
-0,2021523145780009 -1,344165157499881
4,799229599706029 3,6759779754409956
9,838620136420907 -6,335291729609835
-0,2117541823842295 -1,2850843334386568
4,8082973649843455 3,68376208826336
9,797037975412284 -6,320744122350437
-0,2099120028073463 -1,3377878432456036
4,746915926835394 3,6950174640651494
9,785715571883596 -6,3517139280535595
-0,24968515382680204 -1,29136813960769
4,79908013213847 3,694316097677269
9,782727817753361 -6,32857427209781
-0,21206834015296183 -1,3286999965333444
4,802336777315723 3,692927135759484
9,787140459576625 -6,291424837718754
-0,22937316749851597 -1,312131627517831
4,765547958041976 3,741578857277941
9,781488210075374 -6,275249957495557
-0,27378650046005043 -1,2472929189568653
4,781964415281525 3,683754827312735
9,756422748646166 -6,246505596767455
-0,26785634377432377 -1,2701798043569
4,739423890831839 3,7294034419895783
9,721219225154787 -6,307940003681501
-0,2518449056341424 -1,2488350597576268
4,733939303209552 3,73546537359559
9,74130299913286 -6,273314136587261
-0,24333425390921098 -1,2767663087330032
4,7138675003064625 3,771984361407746
9,739557747451201 -6,224961745530039
-0,27048642593021177 -1,2460464518904284
4,712762862497365 3,787692758497281
9,736368063322637 -6,249182335892311
-0,30308980752999987 -1,2233128153578483
4,718576444536799 3,746830732442267
9,718993104884872 -6,249586461432666
-0,3121681194796434 -1,1906736891523237
4,727675911334035 3,7800827074654895
9,715086296366094 -6,226052075834211
-0,2748752965063832 -1,1780699701527209
4,724516407904398 3,7575626951456713
9,655341335300228 -6,199391386579154
-0,32937965142572456 -1,2178290769808107
4,700631928387059 3,797828309711802
9,671542587473597 -6,234819655909287
-0,3015630103265018 -1,214704865318656
4,716969620856154 3,8118743213660102
9,642351822616915 -6,195850408528583
-0,3014557990141847 -1,2055322118834546
4,683073938011846 3,833653437104175
9,680595503187112 -6,218720954129317
-0,3343012822665394 -1,200630313639334
4,6955041260006025 3,821343124570297
9,682549355173316 -6,183783948136043
-0,3322203086445125 -1,1540583399691593
4,663548989925508 3,872516638977141
9,656068787888984 -6,173098674247695
-0,3747623378091304 -1,151380493138594
4,638744426946815 3,8461288162191987
9,653752697029836 -6,133907110207646
-0,38320962333396175 -1,1684994111383744
4,608349525943551 3,791855733446972
9,633386569828804 -6,192340960165114
-0,35286789538210517 -1,1489675211312418
4,632973451772763 3,85401661209235
9,647022352484738 -6,136479133106566
-0,3446570486377947 -1,1117268544795333
4,617461328072794 3,9001306781832787
9,654580601657635 -6,178234229059142
-0,37302602547935443 -1,1521619274508421
4,628833872301764 3,88848051040785
9,605292111515464 -6,114674036581726
-0,39527759966002685 -1,1018872101089667
4,618928625144379 3,875695692507745
9,6202379023603 -6,104145301000893
-0,35299438336568734 -1,1415766445653464
4,583953567768141 3,9017309533248152
9,596003783226253 -6,077217647101711
-0,4010968955627232 -1,0914490256002862
4,606368555888138 3,8913016816889647
9,593822452905211 -6,120873636747898
-0,40701401892315436 -1,073704834094739
4,58681539576065 3,933067805605124
9,604775901606217 -6,074268714653242
-0,44988379757041175 -1,0800556037426348
4,570983947243156 3,9272456442860126
9,571646401595773 -6,074062472024335
-0,4253622354163356 -1,093844034979201
4,562200441586737 3,9377136853753707
9,513262448781717 -6,0846322916158275
-0,4501021479858637 -1,0869376635942776
4,541882842460776 3,923719799937345
9,548889330913013 -6,087682885494681
-0,43924698354693475 -1,045013970823107
4,514392648986499 3,924322249917511
9,533009062192823 -6,089779990579261
-0,45932745408819836 -1,0287945896305382
4,537537039349287 3,944396207268958
9,531362253713473 -6,059812748797181
-0,4853087700665698 -1,0616651154058752
4,532175147864446 3,930828476582631
9,508497575290308 -5,96354493439173
-0,511966956600419 -1,0237352648350768
4,546503616636106 3,940991152844113
9,518837050716751 -6,06125246311312
-0,4920620344834882 -1,0133327357218116
4,527194114649239 3,9855006699396998
9,491611471036595 -6,048329243057126
-0,48795861362387116 -0,9967779191789187
4,477676383921015 4,004484150635252
9,459437373342398 -5,972874844194605
-0,49204502382076587 -1,0390633647977547
4,470264669649497 4,016870067093584
9,488970016171695 -6,010556247556688
-0,5507302840309187 -1,00522860102933
4,4810822536035175 3,9959056889428193
9,481614035946118 -5,997072780553572
-0,5232102213952932 -0,9742801237161853
4,41793112923474 4,041996094426543
9,469948903023587 -5,950151320074899
-0,5922987044125818 -0,9832729647166399
4,449030308256757 4,025101309102769
9,436621656381385 -6,002214338802818
-0,5423029112951814 -0,9963802196430218
4,448319088647403 4,008888884612353
9,439487003983887 -5,955859471184757
-0,5479083159840145 -0,9663437251756746
4,439265631684426 4,034375339452471
9,434604463646709 -5,942745900667648
-0,6233690041343913 -0,9724373146199928
4,42678475791774 4,037093714852275
9,41884183287155 -5,926157943873951
-0,5952441445277571 -0,9485271642496328
4,3828166842608285 4,059188596100014
9,452187555546002 -5,930709767771428
-0,6518044388347023 -0,9044910604046472
4,398006812587656 4,054125110270184
9,37161583211998 -5,933805361009586
-0,6058986080059653 -0,8988865621814838
4,358589144031246 4,065084870581838
9,359826077377832 -5,901819861636917
-0,6298949858945236 -0,8746533298838289
4,400277101569118 4,062492467316295
9,379539536948238 -5,8891003081909625
-0,6428501937451472 -0,9092226946477576
4,374746483193006 4,092956144902527
9,347449000203591 -5,879233238622062
-0,6372271994099842 -0,8883630292238489
4,3501547654945405 4,114070262019197
9,320561622956806 -5,885824734368967
-0,6556082447333912 -0,8976834061369581
4,360216079529173 4,1180237415297105
9,369169138183224 -5,870209245664525
-0,6884755954973907 -0,8797884929971971
4,332071221245227 4,142286250698494
9,325848541497804 -5,871171690317235
-0,6699371358549612 -0,8614986390387523
4,3369664685689795 4,130781936142108
9,330490160118481 -5,842828285494408
-0,7251279212213924 -0,8714932190264164
4,322923641545513 4,164475120221091
9,28845129751252 -5,830040310599605
-0,7110364568916179 -0,7956823546048416
4,318487178185833 4,1333392144917545
9,28109717315278 -5,895768919136998
-0,7256198605645463 -0,8299737741752973
4,2862774422744865 4,181706125249467
9,272123054846535 -5,823123938428582
-0,7350117453983702 -0,8267451284834862
4,230690600298952 4,19632615533548
9,270922687680516 -5,820598884641569
-0,7183056442396248 -0,7797919270634157
4,227952320918182 4,209996429896543
9,271165095168767 -5,806317075002893
-0,7321141427473886 -0,767415824853955
4,274071550805136 4,201036041687236
9,261808813676737 -5,812103052040839
-0,7848369630336164 -0,7853274680826967
4,267019315855638 4,229863323585316
9,244804556113909 -5,787578643344055
-0,7641491634150887 -0,7986941024961742
4,223849121653796 4,1988760870602695
9,239566341060257 -5,772759030216583
-0,7945141724780856 -0,7712748198051468
4,24027972570731 4,221983206062467
9,225729634334193 -5,761815378718651
-0,8090709126316661 -0,7520008804188565
4,227055753214892 4,256404613205509
9,2174979231716 -5,745474086598536
-0,8022444995849932 -0,7625675690684702
4,198621258482562 4,264724398619784
9,171469800881528 -5,769633182806681
-0,8072486820711646 -0,7496110078904268
4,171387118298112 4,249245651647874
9,161747817120009 -5,76789601233112
-0,8127511676144621 -0,726107565822452
4,1837355635809335 4,313365049800173
9,193718143833582 -5,75790053318941
-0,841212857069619 -0,7546730070502062
4,156836828043274 4,2836939695458875
9,154284281366412 -5,733744409071297
-0,8455363074602307 -0,7269731417220231
4,180489313652435 4,248688293907926
9,197787387727638 -5,706766855254938
-0,8485921124250522 -0,7040799043013727
4,142191780867281 4,275270734316905
9,13230785106443 -5,703793247885573
-0,90979355618174 -0,7031748886602626
4,116325518122606 4,313833595619127
9,119188119481327 -5,669809836554178
-0,9125536674325357 -0,6698473746336578
4,09832203787877 4,357313708208878
9,065342987389673 -5,710820159836677
-0,9146804521848353 -0,6696726826154157
4,096763956229186 4,326407838559691
9,087995197022131 -5,6582606691680075
-0,9166646025056004 -0,6848379937480592
4,073602935283887 4,327771751883433
9,091159953664526 -5,675048481108691
-0,9786327637953276 -0,6684093098721279
4,088455580800287 4,350433120618397
9,101192623747576 -5,693404914718862
-0,9941335733221975 -0,6666854230582712
4,071639626101228 4,349331518503642
9,072723217315067 -5,636850990953374
-0,9844215281318562 -0,656542098183705
4,042840417638929 4,349814121388674
9,045035027110734 -5,6309508418936165
-0,9666117193260246 -0,6462005190602311
4,050135462311777 4,397369639998003
9,018662772755933 -5,621667896812944
-1,0059630021441865 -0,5823148168742117
4,045321559077209 4,412512825607156
9,013526369752727 -5,574285682441601
-1,0021157724083545 -0,5793848012628914
4,00759326203732 4,400627083726166
9,016910121239512 -5,61354169842098
-0,9906578206579217 -0,5792968708607434
3,980904019428263 4,405541497985613
9,012975579681742 -5,552576053185763
-1,008448952238477 -0,6033634528649173
3,9739156063354093 4,391065090033418
8,98984052239432 -5,626173601858971
-1,0310184934181408 -0,5870741615617631
3,96957115389743 4,425865465704867
8,968353930790133 -5,54920566828093
-1,050767416116428 -0,5910107806998739
3,9564861650459537 4,421408395978809
8,951611068520032 -5,52872114896118
-1,0022558098570449 -0,5390695653273968
3,9591195669706996 4,49132841497903
8,977001499118177 -5,537633947274524
-1,0605872706771293 -0,5162948848873181
3,971197120943332 4,464299384827413
8,959095266822711 -5,53342042829273
-1,068199634941511 -0,5275877640713016
3,9453597029390095 4,474944606171223
8,934486113659858 -5,500731832916403
-1,0882952672528712 -0,5128431501067517
3,9502084165854896 4,497980300134572
8,909182223809122 -5,527156308754031
-1,0577267713325267 -0,5210017756303338
3,911590308360565 4,466745359037029
8,921521140340133 -5,5506654719413575
-1,0732742639988515 -0,5128422451993042
3,9241946028776384 4,453240009167202
8,925295167844487 -5,4873034894618655
-1,0816846402079607 -0,5016320584125392
3,9303147042298927 4,472099678905655
8,879211310527188 -5,47112277656895
-1,1234695277741722 -0,4515055628138274
3,874050707339467 4,500834275459452
8,872025284225112 -5,475300132910162
-1,1217596913957708 -0,4537156400961349
3,85083306538065 4,546318608548836
8,900147867727185 -5,456926429692077
-1,1219168389486238 -0,48540796109943185
3,8522662000463987 4,545855638645869
8,837801035613582 -5,501651137052812
-1,155015635928271 -0,46523780726563707
3,8170603554790943 4,564556052999259
8,894137803169604 -5,446853010383086
-1,149030338648837 -0,4039282533700601
3,841041228054253 4,572345945135533
8,798472073564263 -5,457424225532424
-1,1644472804005772 -0,41766202058507096
3,82465362016984 4,6111777912268765
8,809250120328247 -5,434559405199209
-1,1870843374192446 -0,3986378093654677
3,8300121973605687 4,594369494255582
8,831544331175825 -5,450292305586161
-1,1998985255622872 -0,3844406157851893
3,8282841512727335 4,610185543223162
8,81240644676297 -5,3729388184938545
-1,2019111237532314 -0,38430287562815146
3,824074258585783 4,57572887744583
8,787627441088848 -5,348180785028479
-1,2056182842479486 -0,3851518803391285
3,7432431608040395 4,616762071677543
8,730805935292175 -5,365997303700435
-1,2223443819790074 -0,37922483785599714
3,7769995102656972 4,636257633597787
8,736095864088176 -5,380322505569883
-1,2529616356810414 -0,37035337319903117
3,7541273479381387 4,631088118155652
8,771399419193758 -5,343359569675457
-1,2356956758214397 -0,3065544801524553
3,749255421312659 4,6864831720944355
8,77238619024034 -5,306137740091794
-1,244035512055239 -0,33234299440713716
3,7626633807978442 4,681787536458441
8,726408075097268 -5,3324566798143715
-1,3007209624294203 -0,3274710166223411
3,703104738679412 4,676740549368203
8,768629656133598 -5,330684066032496
-1,269009523428838 -0,3100701844611106
3,770470184774459 4,671843614124352
8,725534333306072 -5,338076852279298
-1,3135612669664893 -0,3295227884924318
3,7205696017054204 4,700417863324245
8,724849990623145 -5,346452765886959
-1,2942027396919762 -0,29393301560763735
3,677603393202431 4,711766301192098
8,675674161153594 -5,295237420395023
-1,2873034125235723 -0,3283597980346021
3,692125832642505 4,727535370863887
8,70422508813298 -5,275629735184789
-1,3185872268410206 -0,25773122092923734
3,6754901598846943 4,745074297894797
8,657113096391825 -5,248051406087856
-1,298300071499336 -0,28766654041601714
3,6773675109437165 4,750951228546437
8,64831346278335 -5,273724316074159
-1,3166418411491985 -0,22426564694355222
3,709985313060851 4,764655256255836
8,686366468754601 -5,250901343559555
-1,3670943190644467 -0,24553207462890725
3,6780920860284874 4,750184525368414
8,675289678878102 -5,228796718717361
-1,3266509523831023 -0,2319968289880828
3,6299198746030883 4,7517494118880865
8,674132953796773 -5,20487897479287
-1,3564324146067774 -0,17484906149267973
3,659491870922471 4,785582358163469
8,679117666367077 -5,212014638739244
-1,3721963442936664 -0,21896696789855066
3,6655469766890083 4,804958772428244
8,650891446517523 -5,200450898954706
-1,3329131567182757 -0,18954532082392095
3,6020100897821625 4,848189495387536
8,607347977418117 -5,173236815799552
-1,3652589764138299 -0,17783128071669496
3,6036341333194417 4,800730464020306
8,596556924327249 -5,169985761443899
-1,386250115269462 -0,1692129004686581
3,560920213162757 4,851253154411253
8,624454961776012 -5,165820544451405
-1,3916925502332238 -0,16178970900214146
3,585503013559168 4,838913606134541
8,579588553310804 -5,156737525084362
-1,4211750659639848 -0,11660163673821569
3,625464689260939 4,834883324083712
8,561027381399171 -5,154360845741593
-1,4505580880171833 -0,15378915821402597
3,530800699214064 4,881623959061227
8,599251570702213 -5,139084334044544
-1,4265632379481885 -0,11809371662695713
3,5873793278941406 4,875191159951032
8,611130150452524 -5,123059110952719
-1,4416826579531958 -0,09336295801756227
3,573309814073917 4,883305576065562
8,559962311733088 -5,152997015938453
-1,450772348654943 -0,09300385859947781
3,5736601646006143 4,936393063505972
8,591541321273526 -5,054810543594818
-1,4283923918567611 -0,07366902810766374
3,5532869135544325 4,908446044288337
8,58647096018072 -5,108188111787229
-1,4900899313466207 -0,04379218302177341
3,545402220588234 4,926734006532476
8,541368179101243 -5,076240650989938
-1,457994350437391 -0,051405047150244854
3,5332502098229663 4,946581627715087
8,560504914145664 -5,066876751818483
-1,4614216060778078 -0,04684177079896534
3,555559920591255 4,94302870986206
8,529585683007648 -5,07640154994842
-1,469850437261267 -0,04338728716222896
3,5425336084058645 4,9762203153516325
8,54678334791771 -5,010171496066591
-1,4735250630026777 -0,002859896446921483
3,5245161326736674 4,970219303165211
8,548611306745235 -4,993144620393882
-1,5007851576170923 0,0015292585574972067
3,5077201974497334 4,995840132217761
8,532838548084284 -5,003150644972354
-1,49819893815869 5,788889939005795e-06
3,5070392525827057 4,978869946316952
8,511293460186584 -4,995694086724978
-1,4576802058307483 -0,016665129157261836
3,505186750441752 5,006477632239545
8,516433698245546 -4,989961526508249
-1,4643455169871071 0,03029789509749569
3,482149712301079 5,025484180010843
8,47464520122451 -5,002133223036947
-1,5054485614600868 0,04657292726474888
3,48267435665895 4,987711321068942
8,504088331148186 -4,94011746341925
-1,507172899453578 0,02716464679242222
3,50056860607704 5,049105755581034
8,514826842877362 -4,9563433394473675
-1,5104731061855599 0,06734937564590125
3,504021840460439 5,055796946181116
8,481040573462368 -4,943837167524954
-1,514862199584172 0,06655510161000514
3,466375748199517 5,061704330100402
8,468784832481255 -4,929345347655556
-1,560919403800521 0,06678427404152355
3,4608644876266177 5,089675104966441
8,472348521250758 -4,937297763706425
-1,5219123666225984 0,10153718909918683
3,4772225183369336 5,078019027919999
8,464997352867748 -4,9458517690404795
-1,5279544931704565 0,0882800698840076
3,498043075167087 5,111202574583255
8,454236114390822 -4,910353737221708
-1,5228507045604769 0,0921080448712049
3,448356463206279 5,110692541744603
8,4858968597485 -4,904807778001796
-1,529807809685358 0,11581978833509046
3,437150516766632 5,118232332820866
8,454791942431834 -4,87188950103103
-1,5649097380718702 0,15290190176097435
3,4339596085355146 5,108424608590306
8,424851736430048 -4,865639715842078
-1,5669784924167607 0,15083832911391057
3,446119682536327 5,1575324913917795
8,437895873809085 -4,856977522132882
-1,5463760375008226 0,12042208895251424
3,460307256211969 5,142893803633419
8,464878015397172 -4,855099745226389
-1,5628472013189079 0,18214127839014713
3,4399628038047894 5,144949944091932
8,426363623115078 -4,845106721737323
-1,5752576248411005 0,19179100688823122
3,4818116505170953 5,17028507939093
8,458684339636385 -4,8405160709137895
-1,5717053762686028 0,16079620862054275
3,439687610317945 5,170048331637974
8,444157689052387 -4,847715597194902
-1,6120145098046714 0,1933394260311133
3,4294601924418404 5,219278374130821
8,421941496515464 -4,791595586201614
-1,5693800589191873 0,21027972673800252
3,4479193501218885 5,216504837905052
8,418639728480553 -4,789957343973882
-1,5711886265801562 0,20726535483843717
3,3926124467367123 5,2203243640852905
8,432202723240776 -4,759873520080446
-1,5640673323732501 0,23437891409672895
3,3755871690123116 5,211463247737472
8,413753164411114 -4,742798725984718
-1,6267128030343831 0,23875936165132974
3,4142761261334242 5,248453069909881
8,416202503783662 -4,746238133815429
-1,58104288561302 0,27038442559472153
3,3883946006193155 5,253808735637262
8,4256470588199 -4,710540504245825
-1,6092890437979892 0,27271048791678937
3,3949079504595834 5,268844879439191
8,415995180350622 -4,769823032958026
-1,574205719338063 0,2844452913304689
3,453896292878254 5,295373288071585
8,41121135090355 -4,732817457544945
-1,6077218090432615 0,29622581214778376
3,379625393634015 5,312595890975126
8,392085262724517 -4,695005837853374
-1,5987443201653595 0,3187900591508066
3,4039687435049846 5,2748722329322915
8,414312845481488 -4,667958003042686
-1,6014356681813005 0,3358312649099986
3,411015312626459 5,350183243630968
8,392274590912937 -4,67203054382338
-1,6172440948564788 0,3659782267953194
3,4351948891725717 5,345171592090881
8,379297631542377 -4,617859048929335
-1,573023073850963 0,352750124746682
3,423750854872751 5,3453254153100636
8,424524944379234 -4,680252467895185
-1,5886378247643433 0,3556968292992393
3,4066318617720426 5,397052948553337
8,398874353830058 -4,641744854013763
-1,6163100029113613 0,3380559822676974
3,382382670305675 5,3737602723650175
8,405154289942942 -4,646837286211098
-1,606304950306619 0,39024097806486024
3,4044324568058975 5,37339095103654
8,396399657343988 -4,629120721263668
-1,5704808968514479 0,377401475289347
3,3863041692965146 5,399670546981426
8,360034063667294 -4,6145018905898585
-1,5771626175815534 0,3728317488958643
3,4359511571402375 5,420233976011144
8,392684579751633 -4,558793085221736
-1,584731163192795 0,44199319693549316
3,3811819141162154 5,37887557409312
8,369793946068889 -4,573711484063918
-1,5680559447059652 0,4220500921043709
3,381376008748902 5,417948993988562
8,423306066687172 -4,571089222359346
-1,583663373324319 0,44265262810989187
3,360792977739257 5,457442362268607
8,371661728963344 -4,551122742494015
-1,5905261694618131 0,4551455936073342
3,3874884177498936 5,45970396702798
8,39369443134405 -4,561160658197225
-1,5728827202948736 0,47209045790996884
3,435459649202294 5,4838810578385715
8,370808208183451 -4,534523444229603
-1,5795036743046549 0,474578802180477
3,3627685283247515 5,4781133233681025
8,399474147075733 -4,5237096557025405
-1,577291102175857 0,4833132732994235
3,409218414755099 5,472432971548386
8,375801809251154 -4,487539934316381
-1,5951529530259572 0,5083654878252709
3,404383898020823 5,477963663877661
8,371291766981102 -4,494531578978507
-1,569688480737453 0,49639601746851936
3,403231278274935 5,514137755822105
8,41687254019391 -4,460332412543745
-1,5720423914669444 0,5525664394428302
3,400138994491399 5,552584023974479
8,42004679278683 -4,460488804578249
-1,6082803525602782 0,5157682485695294
3,3688671904516854 5,592549949541845
8,409139516245066 -4,4564151145551305
-1,5664953189836528 0,5626287634703264
3,4163358755022717 5,577145845109864
8,430036727185216 -4,47496044618602
-1,5672625802243145 0,5719044668329065
3,3948703141971603 5,549126092324141
8,376247846754941 -4,439451990954238
-1,5774224058260964 0,5691850031194122
3,425067279897476 5,580454554782949
8,406963108672675 -4,454100362699086
-1,5867199607278952 0,5913126453307608
3,401485132820826 5,546259037048517
8,399564942937364 -4,388097112464213
-1,580261955434053 0,5831041577143674
3,400540877379388 5,62401946136845
8,432331488220713 -4,410710836417808
-1,5819456136789527 0,625918865997346
3,4439841018261874 5,622973506079254
8,439614292799089 -4,395713464201969
-1,5469030806637802 0,6058100594009982
3,4168076641426186 5,641973067071807
8,44829186730418 -4,391580431944576
-1,5687791047245945 0,6196863359616339
3,4361699336639857 5,6352492391096005
8,461716468011707 -4,365650148742705
-1,5598334877454376 0,6437577543851366
3,4895768878535494 5,650507336243021
8,457351222611106 -4,3852741663128425
-1,5490044421912397 0,6878641811130535
3,4324924343201992 5,649526685169108
8,39603522260971 -4,348476560678777
-1,5550222843132009 0,6547773316943475
3,4452159083165537 5,650179921420794
8,43203921219068 -4,328919662076748
-1,5610315595335542 0,6727316837593287
3,439886484771027 5,686187510393902
8,457344449633132 -4,325873249846261
-1,5377179775606553 0,6798888171619774
3,466857326241713 5,717703898288339
8,459995488113751 -4,315522491795504
-1,5501783852083197 0,6798561472413499
3,461656474237203 5,706208287716397
8,470196453559362 -4,28270279834244
-1,5372154160788272 0,6924769565268769
3,446337208370623 5,698799663868472
8,462000965155013 -4,30107701956547
-1,5199624667180587 0,6939882274601328
3,4549013603871375 5,726213019681912
8,493230602956851 -4,295166766106357
-1,543329067425119 0,7038970031220433
3,46727304709004 5,736540902278371
8,467906129800046 -4,26192062704609
-1,4865948614908444 0,7701822652163717
3,4839021112226107 5,721383462702406
8,482896214119478 -4,252606890715701
-1,5148485160471088 0,7584978272995822
3,475279159483639 5,71475775531001
8,478549572314634 -4,238883238464377
-1,4862036227730986 0,7755512950162393
3,477731594815193 5,799540155121297
8,527108601148557 -4,282305297107479
-1,4654861205875087 0,763516539871654
3,5100530330623676 5,78359677964895
8,480216891797307 -4,261530040676116
-1,4835764143848076 0,794603676904796
3,517751832826937 5,8172100660351225
8,487458314663765 -4,200000726812959
-1,4918018851471535 0,8175780639468124
3,500717915963731 5,786206101777441
8,533321335457419 -4,226489414524071
-1,4815150301437743 0,8249637737826672
3,523206481914222 5,828000447158406
8,502113098910591 -4,208536164301831
-1,4731082964152 0,819563830018053
3,512058274163784 5,85996907336122
8,50641120695634 -4,213651209055638
-1,4805276681785735 0,8457589926656215
3,543479416383633 5,7864278585361655
8,527979593153923 -4,198874675034538
-1,4668740105488929 0,8033744983711176
3,5570125433664446 5,8227651135632605
8,505735069044919 -4,167574925012299
-1,4346741956944222 0,8448967309032342
3,5697139971836775 5,811623909880591
8,569250052015262 -4,173391305049514
-1,464330695718702 0,8812276728316603
3,5458593270910237 5,874375144552888
8,508379156448937 -4,145750458038811
-1,4112670736307327 0,8559471464034959
3,5662433965318336 5,88399538966666
8,60332595439491 -4,118907896620066
-1,4428546689353918 0,852203383688147
3,5739452379712304 5,872786819299731
8,57251424892296 -4,117660763787133
-1,439159078007938 0,889168021341838
3,5607670542391157 5,878411408138959
8,567782634972353 -4,099247267236616
-1,4020490091232627 0,9117162612404145
3,6102554646088203 5,910103709348079
8,583767892806817 -4,118538600209856
-1,4211089336558385 0,9065733971086467
3,5797290144919427 5,8889726506653375
8,60671589132694 -4,093675388099549
-1,405183561230831 0,9104913957236518
3,586084494578454 5,9017066657567865
8,562632348748158 -4,101731733926569
-1,3498809295284977 0,9022557285269107
3,6000731234359065 5,909801850011571
8,619347112679913 -4,107937422551579
-1,413329345956758 0,9241945127580835
3,6144334548829584 5,922857738947503
8,617109723312742 -4,079382778079898
-1,3871620272386402 0,9572485163803585
3,616130524154574 5,915036709215234
8,640470449337396 -4,0751472590586575
-1,3599343224841383 0,9435435480280963
3,632870933174296 5,939472188713826
8,63404809533527 -4,072345081247635
-1,3740094706854664 0,9374275396993311
3,650436990981953 5,9734294125754355
8,641407077563807 -4,042127020942411
-1,3426423587838028 0,9713980452183824
3,6250534176460087 5,9919078393441
8,64931196996045 -4,039776420850294
-1,372851858319335 0,9430076170970032
3,60794918734614 5,974655607496846
8,67148914398004 -4,034239422621928
-1,326037249225243 0,9946007695234849
3,6839004445115893 5,955514853482204
8,650915095165209 -4,017938353832229
-1,3570613168069088 0,9995312954881074
3,693087542813647 5,997533634585226
8,682991982577905 -4,014995632210706
-1,2920137089286134 1,0149565800954423
3,6688449698816017 5,998345682272466
8,648750606356991 -4,041218065116469
-1,3035279724898143 1,0161297947146233
3,71184997909898 6,006348011061635
8,69661551528598 -4,029723975776438
-1,2881880847739853 1,010456665387155
3,720279739782504 6,016905712788593
8,693989508258632 -3,9994888306204444
-1,290687258584158 1,008571817473579
3,7482006069031435 6,0186035324729135
8,71533403077371 -3,9515925659125393
-1,2934952055529976 1,0015610554327221
3,6970201802581557 6,029427825634292
8,72555291176396 -3,9676912957037214
-1,2542022179562784 1,0291441198429374
3,724090855491983 6,032460919082555
8,733349810326603 -3,9731781308288014
-1,260511916228104 1,0101537402996814
3,7591671249464587 6,018477283157324
8,764985400994084 -3,9781569306469224
-1,2376999806941025 1,0627106751450497
3,771648805779393 6,089794514716803
8,753194124024644 -3,9690929393233043
-1,244456322689475 1,0443217297642728
3,7675503624914297 6,045933525719573
8,772576093197562 -3,9359576784666332
-1,1841073644180424 1,0270495430661943
3,785149247115082 6,101694194090834
8,778194762392124 -3,9443460205215546
-1,2159375865992554 1,0417322413503418
3,787324693504918 6,081017059805236
8,774780848116155 -3,9155418268402697
-1,1867833332248139 1,0702735830862506
3,78568633134873 6,057156840287147
8,800481095864678 -3,916054546852539
-1,1687776205581308 1,115827832661484
3,7833877995837626 6,10944588620214
8,808698112259183 -3,933830294278546
-1,2042162033336334 1,0891176271782619
3,7948691796295613 6,102789762681334
8,808973402758756 -3,894703479715242
-1,1506968745598376 1,11634872116259
3,8083989438379198 6,110269570326221
8,805850375719208 -3,943971548273543
-1,1485030692707938 1,074914176258106
3,857841722706707 6,053738698467453
8,81436855454222 -3,8902961905206275
-1,107690544161512 1,0719140920998502
3,8485208720535837 6,0940985779871095
8,81384737724678 -3,896531376638735
-1,139996995845847 1,1022920244696086
3,8481129113299826 6,090948363897225
8,830733058688823 -3,8569078700317236
-1,1226206049972343 1,1212571146318164
3,8752639163006504 6,105704371586731
8,831558310875263 -3,894542803990464
-1,0756125975499993 1,1114634454482968
3,8936887481876425 6,1070863050910305
8,887549113551513 -3,8991380157660047
-1,1257755398745137 1,113295481042606
3,9307940337802028 6,110594078490476
8,889497382895048 -3,886375110585847
-1,082528630855948 1,1209113880350603
3,888093319774074 6,1003879339492455
8,883612333138425 -3,9022025195587426
-1,1098424887479448 1,139746713031591
3,8843583678856075 6,147315436744621
8,909017187767162 -3,8782285851022054
-1,0765825360978527 1,1249904292866397
3,888807202994541 6,143240687087338
8,947727217502086 -3,8128177714623335
-1,075311028487867 1,1998327709971848
3,9519575037038606 6,120293425597316
8,897009628666712 -3,861892923558102
-1,041993493407985 1,140615868732102
3,9318798997308333 6,178915144684151
8,955597435236935 -3,8654435169974586
-1,0124292516805424 1,1258185426334026
3,989313813136097 6,150885813354616
8,950086683463018 -3,8551918188300385
-1,0612486019053635 1,1774154045422802
3,9305781579933443 6,161656109669716
8,941109488867644 -3,850425703966687
-1,0177743472491982 1,1771052600502503
4,004332719706006 6,1536206372774185
8,990759149210563 -3,840009646302506
-1,0065397926904402 1,1215592749938987
3,9778463561202257 6,156599075902444
8,987851218054429 -3,869635917458713
-1,0146761761030563 1,1394043461972452
3,9966142240285363 6,148275245679959
9,026521460377174 -3,8194100907476525
-0,9544358503463605 1,1580856232106602
4,0247317461483245 6,1952089801341215
8,991920394774132 -3,8646640717081326
-0,9554836343399513 1,1821066566461942
4,049473859449271 6,168349898000743
9,030336904482654 -3,8014272512179925
-0,911882901387802 1,1843963035369816
4,038178951715455 6,194363664817048
9,05501512373941 -3,8224389250852595
-0,9398626445822074 1,1861545694247126
4,076385286316603 6,165304849770232
9,0129253313045 -3,801677942200201
-0,944263801784524 1,1589254854953515
4,0522827468042175 6,199362988120627
9,043616671508657 -3,8449167391078056
-0,9356834834018463 1,2072213924385056
4,056311539745196 6,182497707422641
9,06716524783247 -3,8045231506690036
-0,8973125002807391 1,1728714289681201
4,043708543675548 6,191116231347342
9,096469753946547 -3,816857494039993
-0,9345494272162405 1,1757363721084515
4,113389803712197 6,18990350980178
9,125499874149376 -3,8161629067833878
-0,8985588334867697 1,1642325692312059
4,128058749056426 6,185816662277941
9,105166757168782 -3,771859173983753
-0,8778876759248918 1,1600338673017043
4,096039392692191 6,214265209202576
9,089454276933465 -3,8071430894782026
-0,8442047844151546 1,1833349626623895
4,114995195292083 6,185084822927381
9,106711454342356 -3,8216979498259405
-0,8537933253763778 1,2289686784035365
4,116932829206788 6,172939695576856
9,169126482044387 -3,8271994002246976
-0,8685698785938386 1,2369390900427466
4,137999706368442 6,221555084287178
9,142126591927605 -3,8384823942243402
-0,8358359433797284 1,1912604973746115
4,125587381391985 6,213394955648064
9,170470866551575 -3,7908560207019755
-0,8053339829024929 1,1764517568848192
4,1541467624481285 6,226824638618399
9,177523138187224 -3,7689490554373513
-0,7925354665128432 1,1815688348411033
4,168527273380168 6,215537839915296
9,247672124316608 -3,806168176222327
-0,8052009157717925 1,1849597756923902
4,183490851981419 6,190733320263251
9,233170307129118 -3,811839416326994
-0,8077418873753237 1,1582644796564596
4,215331180287662 6,164367488914803
9,223846868914046 -3,8230099206866486
-0,7693992731044833 1,18399751159781
4,212927439057287 6,201087982537887
9,208149459853265 -3,7874598394803263
-0,7697287059589435 1,2165706123446918
4,2323407963531645 6,206945104937187
9,208790808901599 -3,8177935757523858
-0,766263441978046 1,2000834942745893
4,223378722201363 6,176456432593264
9,26752100291745 -3,8326905806533094
-0,749700414586466 1,1826371816470291
4,275468678673158 6,194583481484735
9,241253913867963 -3,820355000910252
-0,7141635095709123 1,1612792552377196
4,235140234948293 6,174272828703699
9,241183258252473 -3,800693619631495
-0,7287707032589017 1,1998386524207578
4,2667038991305875 6,134205758245806
9,270984924184479 -3,8222281586843554
-0,6999629157678686 1,1838698060666757
4,272327245211277 6,203453000444842
9,306436209843236 -3,806943871478738
-0,7186049071819619 1,1846793318073765
4,306694028725397 6,199209173841242
9,307601073278985 -3,8226823076461183
-0,7188473290843954 1,179579073688573
4,337120750242478 6,201569595990149
9,333317182763498 -3,825656803710958
-0,7128037015169304 1,1760561331691437
4,3327803523822785 6,182079890506243
9,293263172432031 -3,798554920098772
-0,6856211167831042 1,2056885586085566
4,344038816271635 6,191375261567108
9,326554773408898 -3,8086387150783603
-0,6525247880616091 1,1552463048465997
4,3485316114813015 6,180934093951781
9,377050282948927 -3,816404580372803
-0,6535681078023499 1,1884018659030224
4,338858135017602 6,169328432626386
9,345192242643538 -3,810089273944476
-0,6505435829073395 1,1734610172854183
4,329454442995547 6,14433328451879
9,366113853986525 -3,8246228548224885
-0,5927662282955618 1,1734619125849266
4,371222111734771 6,170560876575655
9,375607742351983 -3,8192893904346015
-0,589900336685162 1,1684955079597124
4,37864398848556 6,176613727076069
9,394266513531665 -3,8513077336012276
-0,5838728483228713 1,1580935342228877
4,3914348097733935 6,164479134613798
9,37441912824366 -3,8364648930188885
-0,5624157124515623 1,1942106797255267
4,399643303660721 6,169541574657196
9,403812796187063 -3,8344054145721347
-0,5776662889585712 1,192017084620753
4,450420614894717 6,166042529629842
9,484256838865019 -3,8050323689052155
-0,5706355773684145 1,1730327860276744
4,424196565262824 6,204126597485678
9,423011055643322 -3,824841698010289
-0,5701335994932901 1,159533330020256
4,436055992468605 6,14935004357605
9,408004935151434 -3,8486987289580417
-0,5529013442497386 1,1648231569229428
4,4455204916944515 6,153375086950829
9,473735318765204 -3,8356367293992766
-0,532028514304016 1,1493672633265328
4,498770103946902 6,15307348385672
9,497819453774914 -3,829135420045489
-0,5237290625165687 1,1795040378650168
4,500612234072411 6,1412708006598935
9,447145234535968 -3,87680700778356
-0,5059562352860586 1,1336764453526638
4,488999576440944 6,148610183632223
9,445342062658158 -3,8360283836847784
-0,5029034582622751 1,1180279541191558
4,52409731965974 6,0988506845180295
9,512090415764016 -3,8832086095181797
-0,5113056496525891 1,1500638104940553
4,474249584267388 6,16630257158242
9,53464309539677 -3,887215775950378
-0,5023049200868812 1,096257209750008
4,516567668842261 6,132754239623502
9,570544041213147 -3,870005581079316
-0,4574809979382445 1,120896642871553
4,552086122110922 6,116512331171422
9,548337898502298 -3,8405099385866537
-0,5003396593760503 1,0836722030150332
4,5443793088825695 6,10611159480447
9,543946821489815 -3,8385982056970525
-0,45543856048488773 1,0997156063797708
4,561615659285361 6,118604302313588
9,554806487499029 -3,8636698773346168
-0,4336338853145298 1,0785669162173062
4,553861152349753 6,093146802688046
9,550377402349122 -3,874556830190597
-0,43466150929307606 1,1234187505971902
4,565304040916615 6,140491577186293
9,582550428458813 -3,8826331384976784
-0,4413774940069578 1,097914917288099
4,597127226529845 6,112387623544072
9,616753339816924 -3,9005149208613825
-0,4343826546596738 1,1123162283337507
4,594990639617844 6,089466531405721
9,601550389178279 -3,9136478469606106
-0,411164910870994 1,0555706166889745
4,591125385233372 6,097406087163809
9,581761680523948 -3,890982159456824
-0,4183597181460813 1,1140050647986703
4,59871549306834 6,057126389879593
9,582072076663858 -3,922844645494119
-0,3537286918429028 1,0788869146396087
4,588660298432411 6,054142144349722
9,621507236185806 -3,898703856763191
-0,37733684803357237 1,1008012588438454
4,65781082914062 6,044927244691503
9,61600740597607 -3,9158897235824885
-0,3812888992000041 1,0980948781566644
4,633337352265448 6,083773357535565
9,612689660483763 -3,912828772303003
-0,3937482881018875 1,0467572174934383
4,632154345800067 6,0768525782896194
9,621526169117404 -3,97145223370422
-0,32894025526688364 1,0891838815521264
4,662149600277081 6,032175895261435
9,640665039597156 -3,9645360290837126
-0,331942772194777 1,041018371517217
4,647566005566029 6,030494736606938
9,643222809690275 -3,931110094203951
-0,3271049492285342 1,0259697531983014
4,645090714548933 6,048139409896609
9,675980921063282 -3,9389213036873385
-0,31703770063579356 1,0684614861787487
4,637248242312309 6,06066048913303
9,652025045264613 -3,9447278686773286
-0,3060252496592913 1,055822526097012
4,648406798137134 6,06123648526976
9,6887904460895 -3,9854113823177966
-0,2750320268684753 1,0534962937582089
4,693221583796215 6,048709880446869
9,6686534053954 -3,9759644806447088
-0,3133707143471767 1,0013158199814398
4,692103350687368 6,051606227015508
9,657166534701853 -3,9662526912768588
-0,2916704466431809 1,0224447111286894
4,679886561458858 5,96932272971602
9,727577997050798 -3,9780303343418004
-0,2630575812284437 1,016916728082977
4,6946651278329785 6,0222984274448335
9,70865934100589 -3,99078146365701
-0,2927549827474618 1,00149259332277
4,731592512745508 6,0152482924739115
9,746476208796135 -3,9798190013302697
-0,279593289508223 0,9735574496558053
4,761158575479801 5,96824991627972
9,737280903532197 -4,0058351494064635
-0,2653570313567787 0,992531945893186
4,728134776886112 5,986287823338445
9,732427505932899 -4,0362757552377415
-0,26651553271642303 1,0236217438023594
4,756237863704601 5,953472231812427
9,711857666951829 -4,015458786480077
-0,27851295535857784 0,9751551622897459
4,776811619738616 5,955903084483557
9,737804754863431 -4,028187194782292
-0,22463171085902375 0,9630900319028176
4,76023202008373 5,992727940806131
9,820493973430148 -4,0666749452222275
-0,22809158707969365 0,9366521381383491
4,734759501700504 5,942949607550972
9,775469368695255 -4,0501167621128475
-0,2493864626916112 0,952571204843639
4,7499810448249535 5,969486033765402
9,774000649128755 -4,0570130583455475
-0,2170257039736075 0,9433365875195896
4,793447827291855 5,939694764878194
9,786183164208277 -4,029403943531219
-0,20467001213139752 0,9354864421118945
4,782665825166939 5,982226860755575
9,75676953563502 -4,066437262815822
-0,19418457591111898 0,9712006944884616
4,798216944917449 5,935076117694562
9,784184221153886 -4,082679163884532
-0,20734070818370293 0,9299231552282139
4,790780422480317 5,92868689255866
9,802751323546309 -4,076007383257898
-0,16579044134849183 0,8937174282640082
4,819434318982817 5,9045133346450625
9,8032971190662 -4,087633055837582
-0,16751612701809496 0,9128241939623806
4,8206473301070485 5,897799713506282
9,800009973398716 -4,062220046604933
-0,12720807685622304 0,9127131762764634
4,82054575834211 5,863739021353464
9,812853406210339 -4,114664417106119
-0,1872576631735993 0,8834286416697982
4,810166692748446 5,889392582150175
9,827543057964496 -4,092904121893817
-0,14781101581756498 0,8920274650886748
4,807749632001875 5,893645583289891
9,827627508303536 -4,042144701515627
-0,1821224172579359 0,850371306560048
4,860776846569508 5,8913171898214625
9,83558974794193 -4,131415823345681
-0,19794715005806301 0,8687552755392633
4,835792572227415 5,864033232912354
9,8169001566003 -4,145999057717594
-0,13021111062447285 0,8547843713526698
4,807924257088964 5,837235948672573
9,85672245535408 -4,1152182947642
-0,16172061245475236 0,8605480461118262
4,863669872624547 5,880855010617974
9,866084356295747 -4,142828090596038
-0,14116455516814205 0,868246629084347
4,882695437805055 5,831473337129103
9,87062465194766 -4,153102225793452
-0,1417062790474549 0,8538394722374337
4,887019661105089 5,849986940494162
9,899921383629426 -4,176208557565217
-0,1102820873690844 0,8490441481052754
4,843873814686336 5,815848411724139
9,858521035449886 -4,15241526386187
-0,14031774861572735 0,8217381139947123
4,86717337306913 5,808012487558487
9,899510819692727 -4,172247037367261
-0,10971094736426193 0,8255503795004422
4,869608911667663 5,789545598699643
9,881283994727083 -4,145374160291444
-0,10826409013620948 0,8089268896588615
4,8942646008229955 5,801773911703647
9,895521660522501 -4,169866088875765
-0,0779128643982308 0,8169397163689531
4,897147433678767 5,797923511928039
9,896972094090042 -4,185414546708692
-0,07748636199264425 0,8374044519484258
4,870633532392258 5,775222603266397
9,892566464585661 -4,15579056925542
-0,08081371556184067 0,7811715002072556
4,901933857840643 5,780312759583021
9,90107172288707 -4,1839337978592415
-0,13407613998907986 0,7936951912579996
4,903084435846411 5,789894909450782
9,91567028239272 -4,216426444570529
-0,11168396974951081 0,7873747692728104
4,960137211264257 5,77377514220907
9,890798018241302 -4,210331312874285
-0,08711273391180954 0,7805925188334117
4,922431321217838 5,790127834880467
9,914461673559128 -4,280217727775906
-0,09904369340210807 0,749841340820057
4,932782257581712 5,759410589944457
9,932444515799423 -4,263875797281061
-0,1058564638088954 0,7617469423044659
4,894938377769243 5,7475505470238755
9,914653355601681 -4,256521988457401
-0,0661352043342792 0,7613122933470085
4,922675783751761 5,770976464341787
9,943050819879339 -4,272010456981474
-0,06337962703967437 0,7680008815165312
4,941725756521038 5,765292086348123
9,967568573574328 -4,257768201657211
-0,05159121905280653 0,7428476892840464
4,934251168444624 5,7255396326180765
9,907590722640526 -4,289785670176058
-0,06097237046340858 0,7136857822324201
4,948035998996315 5,71664671739968
9,94254158276152 -4,279211461526587
-0,09743598780428175 0,7407574527120554
4,9092521085443686 5,711609126974029
9,938121030460149 -4,256615182792812
-0,04908808488768547 0,7344489354964359
4,954448972343902 5,704427028624665
9,887902458464088 -4,310011445646749
-0,08181892130201796 0,7072814767173722
4,926857119570207 5,693398681051493
9,907427794838608 -4,286745654965035
-0,07552108687301878 0,693554600044663
4,951738959043922 5,680059415721343
9,945653816719716 -4,327172773349414
-0,03928929419565115 0,685749317814198
4,953651674101125 5,678054595641464
9,933758418893804 -4,317067502371747
-0,07633723072378101 0,6978010460789424
4,935532647376604 5,694621962299781
9,955026817081063 -4,322707903172438
-0,057268385620695 0,6713579723791727
4,980757139823747 5,691807829586875
9,975121492210041 -4,341513723860852
-0,025208090985080884 0,6601319628081785
4,9579066423857965 5,657959950523939
9,953663637283626 -4,311266933940507
-0,0019411650270058367 0,6607766544383028
4,957934352728831 5,653915920806663
9,977798939091215 -4,355321228930642
-0,030286532002622844 0,6560162863045833
4,992442708645027 5,647875567319668
9,983868665961076 -4,32581036649314
-0,045436275427857935 0,6188074655250787
4,958863877777832 5,69217612818219
9,980753632986188 -4,385771893664044
-0,026474267703952514 0,6206893350646878
4,973240359716277 5,659592607721744
9,951261736695663 -4,381899078613825
-0,021165083223281502 0,6483188407654777
4,919634082665017 5,621578452539244
9,94058149202458 -4,34940798615835
-0,03239350395214846 0,6593353825132188
4,98148925510134 5,638637026772511
9,982117453113403 -4,378346306329813
-0,03323224296134071 0,6378443789273456
4,9760471112379205 5,648246532392644
9,969395696413935 -4,359301822172637
0,0028283248720607328 0,6115488196967517
4,95768547452435 5,637956327835743
9,959772812886314 -4,375679576293886
-0,005818788182177313 0,5932498202330915
4,967136922305147 5,612890199611406
9,969009710946361 -4,394437631931069
-0,03555121944014843 0,6250839570517531
4,9889538570544545 5,580610494125149
9,987508265753483 -4,386590497193368
-0,023647350142481816 0,5555243563670174
4,972028974510347 5,626475034232046
9,990108775309457 -4,371712493495815
-0,017981691109803372 0,565050740616727
4,9573612441459405 5,6008681457277865
9,960547409503668 -4,36475079547784
-0,03078811896214357 0,592690872596976
4,985158098778865 5,619640440283558
9,985428301626571 -4,3946645731031975
-0,024814162057440383 0,6187507444129025
4,983532590286914 5,599970408501797
9,970659230148415 -4,42897944988037
0,02249964038879051 0,5720828008094563
4,9531738535507825 5,596198334486534
9,953283046916837 -4,374736990936209
0,001674575311795115 0,580808085446092
4,990661655487451 5,599363454673111
10,005887701093995 -4,438799354681103
0,001486289758469676 0,5832643862879614
4,966227542032267 5,537769556520076
9,996301972948073 -4,41863363592235
0,00223322707723741 0,5528140771649641
4,972633357373561 5,575396584059675
9,940487598857825 -4,411406284414427
-0,027157923696459606 0,6078397067456092
4,97332740266213 5,600372665018618
9,996176001521563 -4,436537485697904
0,008415854623397773 0,5909865148767868
5,008477379989475 5,550365592914039
9,967074403078664 -4,454495829734122
0,0008048540158435164 0,5586183415939197
5,014974031467577 5,565901931956779
10,010581395640143 -4,447815403092617
-0,018818602767827215 0,48047361199572197
4,976576720574585 5,5836140342772405
10,00058405632025 -4,460159247776009
0,025686827748409753 0,5375093598098033
5,018819508993191 5,533516426363024
9,978332407964471 -4,46176157776319
-0,0009284866521582823 0,5456228409064461
4,970837899109438 5,5540053867564305
10,002725385292257 -4,4509784908854995
-0,0010767860995377254 0,5127705224897219
4,966357110571879 5,521233176060988
10,003029750760822 -4,446380103933256
0,005214048306967454 0,5649564745583344
5,028679376337341 5,5330549977069605
9,971378379399386 -4,45899421368807
0,008105843177362352 0,5288233067098037
4,983059720332152 5,50610928242466
10,000969081098926 -4,471761443305869
-0,025789038122917544 0,4958429727864154
5,013439036605318 5,531268925222509
9,969885623336378 -4,485541348453547
-0,02793864895623329 0,5651920139324067
5,005922613565042 5,5202912338222365
10,016823654815843 -4,462061587007372
-0,0007798974268840926 0,5216851169559235
4,984826298062888 5,544131352501998
9,959437576291773 -4,466001104449208
0,020226624983996338 0,528532055435956
4,992025111567603 5,5138731824824925
9,972862975644729 -4,479218110999634
-0,01884672936803964 0,5019832338631404
4,97481679788691 5,543278366634505
9,993537111273604 -4,497362829714244
-0,01124034380401188 0,5185200783751667
5,034908183131778 5,4881220692538655
9,999658443080024 -4,459876381569019
0,017618786291010474 0,5101454543537423
4,996685105704236 5,518295525244577
10,015294982412602 -4,479625791956489
-0,002466679848383701 0,519125149426456
5,012213459189296 5,504568574442132
10,006362303572335 -4,497035512166172
-0,008431155326509227 0,4990451123080488
4,976682685112007 5,554262514741573
10,00854913887259 -4,4959032376739385
0,0017142826405398036 0,5171849053644263
5,024634467640444 5,537047456657912
10,011503217592859 -4,4949480659604895
-0,010050822377586253 0,48352394327637493
5,027472808136697 5,504758029444672
9,980444476343889 -4,491567124902124
0,045828903584049355 0,4948551747274531
5,014935304332212 5,525481777949709
9,99229448822257 -4,525295647864111
-0,012390822392016316 0,5066560271089765
4,9733722107681535 5,514364963529129
9,988306349682137 -4,4887231513311106
-0,014689420202029527 0,49589219180273847
5,011562939738625 5,494386499676183
9,957469860325231 -4,460844094819235
-0,028079088959545563 0,5095627679983021
5,007016538002436 5,488315122340035
9,991284494782546 -4,4955711538399585
0,0005588401289235276 0,47165056571104996
4,9745233212794036 5,491633834372646
9,970181216736274 -4,522939558176515
0,0005666339371000506 0,48673993539485716
5,028692199235381 5,490420595194342
10,031030626153589 -4,529819696701501
-0,013350261013813446 0,5315690175156086
5,035320516720552 5,50982398824947
9,999202634347638 -4,51560323663352
-0,001796491485765723 0,4919668820050828
4,972292530540411 5,482262157755998
10,01561262293754 -4,479569306315732
0,026511726754526677 0,49596298455826243
4,999630302160037 5,547516587061384
9,968343924966788 -4,501023117257703
-0,01834005709059249 0,5161035872946654
5,0054254453442475 5,493948053207022
10,021049750026066 -4,502948486433649
