X	Y
1,0243195356518404	3,0481305226119644
2,905653064083096	4,0267156852366295
3,0325296607966914	4,077819838073827
2,748652869455827	4,065326852085423
3,493361809001348	4,181511040331024
0,9770868370967851	1,8282985740732813
-3,4914397912141366	-0,2702525019632386
2,817588950009448	-1,2498778439768556
0,21717875557910427	3,6569301810175845
0,6224071836894236	2,9917455105691815
4,931497366096465	-1,9759357118742638
1,8180277859822302	3,950048110268086
5,13070169628559	-2,5274768573018336
4,352639768261383	-1,4536377704367183
4,491113941260396	-0,8102701764030731
-1,2879046548497253	-2,45121120933966
0,16135037011769038	2,8338065624648827
0,854065898558912	2,63556704016477
0,21628206861580335	3,072650581355008
0,9003262172618596	2,1517705047744373
1,7978989068206745	5,0057602735742766
3,4108454772683743	-0,560140632878857
3,998144634729334	4,31477601765151
0,7967437971762683	4,238163774264159
-2,8825335997142383	-2,828049623170179
0,6947076201430242	1,955117632140363
2,053619611758961	-1,8652158950275322
-1,28501481102361	-2,4294995179835777
-3,306973644704354	0,19934462046218782
0,9197375840004165	3,4901028445155307
1,9011583494423785	4,316388852160886
-0,08139899388117433	3,186758449946372
-3,595701921976092	-1,99753147465977
-2,4331498112969365	-2,932054254249255
3,9517837908872693	-0,7471068087385109
4,168479511302747	-0,6974104683734574
3,3744737390115027	-1,4948020010797147
1,356884214246355	3,4604594899577803
-1,063946906620382	-3,2471891312783443
2,7150687186471703	-1,1603409240797675
1,1047978567350625	1,8892693316292215
3,169299504387915	4,860504203529553
-2,9854062194969835	-1,5801668461307665
2,5896106735619857	-1,0877963375359836
1,7253823760150513	-1,7906620132256614
0,5218991733918095	1,6564410557916827
0,5047949965270775	2,2104304864811244
-3,0674635261422125	-2,874937998488166
1,9326602570517137	-1,8034088912144202
2,0897678397143222	4,0899913939044445
-2,6395040933191694	-0,950289300703241
3,8531172533511446	-0,976067322457008
-2,324980635746807	-2,5785161801920182
-2,423716623196879	-0,0897754602842199
3,053946809079234	3,9541757590817417
-3,0513297771749155	-2,3096127639456725
4,9435387575031156	-2,6932172619972325
1,6435966078402802	-1,8060367798900572
2,0157314380513256	-1,6902259872060736
5,131307688961494	-2,425504511031728
3,4486732809133533	3,6754802686976227
4,340341760144263	-1,130524532467136
2,512391784805037	-1,6341405041792436
1,6806689945762106	4,979743919601441
-2,8356332385587684	0,39607214210294006
1,2750236983370433	4,212860539140797
1,8030673169124807	4,5806483343782
1,560618341042929	4,315022350478961
5,365006495837994	-2,171194010485591
5,025929345554195	-2,436897502010381
1,917233322597395	-1,5486531312690328
1,8750749417024315	-2,0682828597582903
5,270834751720381	-3,3060795395347298
-2,4658216822820545	-2,2185083222828874
-0,6063607374972624	-3,2640425880870527
5,018326163998917	-3,5276427481785753
-3,2677292931485047	0,07414320545904451
-3,6951670306311177	-1,9045404753701896
-2,311668821703752	0,10777847115895978
2,3604766469365432	-1,607768327068594
-3,5032777859204223	-1,758306347752535
0,5880930407781855	1,927275166067848
-3,583964822877494	-0,4184284633868631
1,4670202104196037	3,825168150089881
-2,9666914651868694	-0,4738175793111843
1,9032874822824621	4,6443567219764805
-0,7147152791081663	-2,944681717354948
-3,4442011018356604	0,01732121544559151
0,8294527567508472	2,468747996162959
5,396760302515402	-2,8783903296510887
2,948175451162948	3,809815768175855
2,1396321423105293	4,799032414841693
2,675671603512422	3,8082276362687333
1,0170000132058181	3,8844152730637687
5,326147222159918	-1,5537883203395373
4,787732118678463	-0,9498668300593252
3,962444526780013	-0,493909289879348
-2,3079151719764432	-2,896878397507286
2,288789921716221	4,139309254727001
-0,5372076051334064	-2,4979208085364153
-3,106358513400764	-0,3145862960658886
0,5246324509412861	1,8078367606842713
1,000122859332917	2,8905281946006562
-2,8150544438313783	0,8506986093255926
-2,3190534914920793	-2,09352897759549
3,783749101759418	4,205505082871772
0,649243549082938	1,2608698013158586
0,7086074356187426	3,9132764710136887
2,403073168019807	-1,9642094043841902
2,699177347859054	4,534200984455271
0,414899628241864	2,0663095963397775
4,707372925661369	-2,7172178226209107
4,313983908276984	-0,9620290747056941
4,734609513495627	-3,2931024244620106
1,5235363115179907	4,604924572589933
1,376222820680166	-1,3327192102050969
4,7065964035587236	-2,467627030535606
-2,592050230596568	-0,00031922726739508356
0,6624600755711665	2,5849726545014904
3,3310860293960083	-1,1696349113802162
3,0185011301821536	-1,0494733202204807
3,8425375495048435	4,247298790741414
1,47255920382305	4,545212240783505
0,22881842319763868	3,880350396311247
-1,3946429082626803	-3,363444987235364
4,765677053392705	-2,5848327167859244
3,03911401987083	4,602185513683917
0,32738154618184323	1,4554343201148456
0,24041857628383756	3,441601918614575
5,421981607547552	-1,8211305569641334
0,816835499446819	4,46602805785217
1,3426489230929537	-1,894017597326179
-2,766906649048892	-0,7324283582326064
-2,6491613835197496	0,5728239387005079
-1,0732970438015117	-2,9309030278631427
-1,1161030037865363	-2,8195100275153995
-1,957363083592646	-2,936408659089894
-0,03226252687889142	2,970059884614992
2,423764532629305	-1,4443691941357162
0,055366203802599934	2,406817967555626
5,289945805395826	-2,1906899072533808
1,0018195543881352	4,556645145824313
1,741679079574743	4,407086892202047
1,5101653883845931	4,910521926443682
0,949476416376011	3,930431950385649
4,777800926001263	-2,29064456886383
-0,5273584596061086	-2,5422626249063027
-3,2302009749950367	0,24226679903723225
2,39360256640397	4,897232215870181
5,265936727327658	-1,6335379967553543
0,38534221250824086	3,279309957255021
1,3777439952728616	4,2699752457013185
2,4774785955581535	4,815148374649818
-2,4903455865952817	-0,05338042531765119
2,8167339362449866	-0,456784556798397
0,31638509558324124	1,2722750899979336
3,1566107559407035	4,881649512794129
2,028300995836563	-2,179190363861557
-0,8585013984480421	-2,8367095181880755
-3,6039231927499435	-0,0972823794902663
2,533119631037151	-1,235687088862354
0,4898145437009891	0,8951367810206423
0,8909997389863764	1,4282832171893451
2,7680253233802894	4,644781752545216
0,8759703660082905	3,4864581546694633
2,759610572662005	4,937039539956594
0,7242927692174703	2,8084637884089427
1,3282010380182325	4,051785186019405
1,642291175699241	3,8177424543686227
-1,0993382245681786	-3,12714649986038
2,9398279226520767	-0,5235991119077656
0,6599876920332579	3,2908464538652877
4,497840162746134	-2,3283290210732055
1,0664957490654907	3,246623116518551
2,826620162819686	-0,7603017099492795
5,033400621299803	-1,8224434338760351
4,91246236787932	-2,6603539499971687
2,6493469948455957	-0,5329149285497725
1,3315840205787983	4,126617268212049
0,6967199719070432	3,123436984251323
-2,825913356157894	0,8960098862829766
4,175649025816376	-0,7812379954267716
-2,503713052583883	-1,6327705569551019
-1,5277045123648274	-2,858045368154377
3,045722400418998	3,901712259580407
0,7714326414399764	2,6865965570892034
2,4002212612024323	4,610524436509104
4,767253715327193	-1,2393106616922227
0,4493003531324897	3,0078168239357064
-2,728666044421238	-1,2778512460145668
3,3237123421515813	-1,1651163275224645
1,6578832184084185	3,994476400575972
4,949713934290699	-2,805269833010528
2,380388708195578	-1,1819172911348286
-3,597105788429396	-1,443703019395219
0,40339844862900653	1,2106973177989437
-0,8156142839856929	-2,8024633592237596
-3,5378247394353526	-0,9372004568145567
-1,8194487172675846	-2,903977091221788
-3,333197406475766	-1,8860064474836333
3,0741262672966494	3,862279058843317
-2,6417616687996786	-1,933757212011162
0,1119686318669113	1,746514611724903
4,6034584024614436	-1,3639811213110402
1,0584717513285216	2,453178507666582
-1,7721984444199133	-2,906282458816889
0,7090521391293758	3,028240924091208
4,395160540021231	-0,9049505889986853
3,2845413656925286	3,535372699396075
-3,6112520103426062	-0,5991228326900974
2,700650748987459	4,32382734298946
1,3667602533927332	1,773795052357435
4,191600995804348	-1,5095645613679103
0,1419620777817796	1,928964212946409
4,834416380664661	-1,9517791112880587
2,216177197904102	4,1932744423408135
3,4051141256316404	4,669850028077327
2,714064814932417	4,12843274173363
4,886689228261325	-2,9869330545961548
1,8182013070404826	4,416230837455968
0,16369087414874173	2,4927898110406
5,106181427661325	-2,7435692322205076
-3,014301291600911	0,5913601790686405
-2,8943927782132293	-1,5463450756571562
2,542313730549423	4,663713178153702
1,9589568126433266	-2,122258866065314
-2,5193306814050676	-1,7768650925710312
3,0411580382520667	-0,6944826594084201
5,623815896879751	-2,660415192388001
-2,0116651321196892	-2,6551976757537576
0,5345769693205116	3,4129605501788456
1,5529687303076551	-1,9102231976180923
-2,868576576521998	-1,0557189793509045
0,19485204148355928	3,5070508570846717
-2,800041600865804	0,5621123178611809
-2,816265097524218	-1,7418341427166792
3,5774765610643424	3,839401503291225
-2,765112614756269	0,6451364872993823
3,2424996219069673	3,5507701661333773
1,0141912900993246	3,374579973754695
-1,560633071243157	-3,2765375865017594
1,1194817996219695	2,0408334984283805
4,745583131609438	-1,5919803625559612
3,422042908017396	-0,3925027193194812
2,3232022262813112	4,207375197201684
0,39801622940441206	1,3349940722176332
1,26788581016875	4,109430349153221
-2,8135553846646086	0,47647878487947337
1,2061618615403356	1,6823492215116524
2,1957097312107834	-0,8622975102203667
2,4369785232905707	4,5709633417539495
-3,553294771710095	-2,190431636783062
5,353087489720404	-1,6800552175202004
0,704757750543147	2,9579143260851657
0,25969586197243366	3,5411863535220145
-3,5427313372170337	-1,8070530995757876
4,193810315206561	-1,4182923722610388
0,5248094287872889	0,8797965379763939
1,7727635480973851	-1,3949032880282326
5,313591087129676	-3,413617154825806
5,242902667682285	-2,476492313757577
-1,6338653395927831	-2,3096873788160153
-3,8732362276203505	-1,0443240898890083
5,19067055017315	-3,320486056307936
0,5475849614039519	3,1188655880119276
2,540310933232236	-1,4429191936069097
2,770533615539007	3,939959012426497
3,2641117621433455	4,368211682905969
5,570796530516752	-3,749137504705333
-0,7511863769718423	-3,360407672402743
-1,778095770088933	-2,5563689874263558
-2,769743560468698	-0,1335838481056827
3,864975420965739	-1,3799785492331005
-3,2494874356146544	-1,6002203886428321
-1,8687462870458411	-3,0820610627835463
0,4431415951058182	2,2946584774536607
-2,812448032889958	-1,486688481097096
3,7832048781320995	4,167696379206327
3,5347146748473914	-0,6936617773557723
1,2014755152593348	3,6502555374883094
0,04030377297376031	3,1761525089025087
2,8419269306051094	4,9901900746125465
5,242492111924873	-3,4810360880571025
5,538751192704165	-2,950840827239227
-3,150557713156379	-1,4155238059787076
4,898162592460327	-2,1568172087352533
-3,450912990030648	-2,3053988998338837
2,642902705138632	4,511903408251787
5,591768420394293	-2,5127987728872307
1,093987460516671	3,488708097131422
-3,7434831824171377	-0,7883155494170546
2,110903840730433	4,68143836230416
-3,203999728804221	0,13333687811980277
-2,736945447266634	-1,3916759461393493
0,9087519462004154	4,31846302504886
1,7013719723602707	-1,4278023782977955
1,4353565192271707	4,040776860274593
-3,229174935931125	-1,3264264616115211
2,7405338001725235	-1,4543722367955578
2,3535243598446263	-0,8327936013742341
1,6377327804593032	-1,5155254736471706
0,8324790610851769	3,0161952320775365
0,5547902327359677	0,8984879207595822
5,6873105055810695	-2,05504357987302
3,835980268927851	4,536543206405668
2,47822834964687	4,380601737414208
0,645254811607455	3,69307098079338
2,962597465385995	-0,948138900287453
5,152584447169749	-3,548846876590863
2,6215769307789945	4,259966097295036
-3,0608799153809176	-2,7601668147459186
0,5934742326789766	2,6599109882575043
1,326914429963262	1,7561089248472244
-3,1594554662870533	-0,7808248540632959
3,19998017590716	3,7788168188840046
1,3945501774403577	4,876187446735783
2,750535287311818	-0,7710677268706272
0,7576886823843081	1,1525755892248388
2,110722110456281	4,8599284399216085
2,1102365296702263	4,471553196671076
0,6940345189339538	4,126144755352449
1,9578851243484374	4,034083729424821
5,0856167596502635	-2,3577179448173067
-3,0196043244993813	0,637941602456868
0,5128151207256344	3,2069722142935273
0,17004907154732551	2,7803101178090546
1,1876674706293064	3,6293257093076186
5,064530166703123	-2,5427514589230076
3,2054040613588066	-1,4386516473747866
2,8167054256700936	4,00490901185474
2,802012821512161	-0,8883895653946041
0,7424869821471871	3,7258287765018383
5,0854950187262995	-2,4503566016073544
5,489027658818284	-2,304375519190138
0,2615517263313385	2,317716696333834
0,588806394742508	1,2539212099752854
2,3918041680042124	3,8448507953302284
0,45241869769240894	1,9406993817772125
3,256836446816228	4,110807842429574
2,5862077828530126	-1,0722462670320552
0,8364129526932498	4,126747547285911
1,3468542178420007	4,014522788447483
5,525915684386575	-2,749004403317363
3,1842500924167156	4,184123635820676
2,5547540093158703	-1,2770428545911563
-0,9901586939039364	-2,740513962615718
2,282096321463447	4,564637870483361
2,41238843979904	5,011593072981211
0,5600371942503435	1,0319688824289015
-0,8892122205236163	-3,2796675670630795
0,5025142100501703	4,1303832258848985
-2,711646682721308	0,25243196214309194
1,2768462976343173	1,626505152159179
4,429323984093816	-2,0084155129861045
2,035676454018761	4,680093617763905
1,6806553615150448	3,964028378973365
5,562384500000501	-2,392916290668606
4,159932331920388	-1,8366073431786796
4,542177084596725	-2,386934379045393
-2,6180778817459096	-0,7949748907514519
3,1844621541086497	4,891738799223879
2,9626452057900448	-1,4643170573768038
4,1391009193896675	-0,6891683088078224
4,569434425551895	-1,3500702733432663
2,055248202610012	-0,7330469300883329
1,529102979842921	3,5689998880157807
2,4375598007395003	5,071945270977399
-3,0308681421412222	-1,303444384966259
5,202586505601463	-2,9568591809064326
-2,9139393652613705	0,14636910816704862
4,5899749509204035	-1,631957048507768
0,5995533945926008	1,5870819554878737
1,0052974213657717	3,1884458032539875
0,6134970303583347	1,2277260224240716
4,192926384999737	-0,731626415336859
1,7019788548049113	-1,8439079012427753
3,163145256862262	3,829281470386248
4,3175780647017366	-1,69512056722036
1,2253439300009235	-1,7548401237259132
0,7534334421879789	1,5934260513761307
4,811726704896662	-3,3246102633729753
3,1642304535158288	4,081488649377682
4,600686368561867	-1,2468926868608676
4,797424350825743	-1,9829249228841987
2,140636053467512	4,496647813017995
5,405311309590214	-3,2807545330399437
3,6788279740153937	-1,2296186093714128
-2,5328187387727623	-3,2097663228186075
0,3269248971185683	3,40681326349954
2,2130367337063195	4,869170582553881
-0,7007130451424342	-2,5103055907729734
-2,8074897864902595	-0,6486699919712028
2,0112905894787487	-1,2697045918391416
-1,8077296783933776	-3,02302247250776
-2,689672783817274	-0,7865356466516055
-3,090036942029524	0,30255484056219273
-2,3442549043519123	-2,0823908368934934
2,5076085000048645	-1,3762307241675809
3,0758030430507644	3,8392317328922814
3,2559146592485675	3,9700624354698335
4,765433143706574	-1,5567029573384414
-3,029340836066758	-1,5249916915949897
4,449639933767086	-1,688607183197524
-1,2532968929392454	-2,5162189964602066
3,081540109277866	4,071542951117556
1,7793742802537673	4,329609547577192
-1,6962387098611038	-3,3020965263090396
2,8018092388821643	4,2013690312810645
-3,446949099590544	-0,4368169500887813
2,1042067974212135	-0,8209019193917011
3,443000540583959	-0,9546254236303842
1,045240256095323	2,174242087824728
5,6992151139177984	-2,4615136438950898
2,2681397572983393	-1,1433572325852106
4,184759795569377	-1,7478433950004701
4,9576908954658006	-2,0207214107720968
0,5599857246735662	2,5397498363407647
0,09510299489179719	2,4678270568253247
0,07719595696666204	1,8263961755202875
1,905545165520021	-1,2570498304689814
4,657173517283273	-2,8805695139737484
-3,7262124079601615	-0,5567433588072499
-2,710294689449557	-0,8594087016438061
2,7285376321021486	4,112693736822894
-3,5268996434839712	-0,7778177111778354
2,1776313963670564	-1,8158985225293678
2,191150919634188	-2,0334638215072918
-2,833560708945725	-1,038794532141957
3,870885598900455	-1,6534778115105444
3,5459841825248017	4,208866970490202
3,6696369571679432	-0,8444310417503573
1,433923087152147	4,306143642089183
3,241249939063683	-0,46462328082749416
1,0357979530243506	3,57662122471915
0,7658494644091483	2,714900181495311
-2,7337369003945744	-2,0099841016489473
5,0210500828240825	-2,8585116502583894
4,575524151841046	-2,8841804095626613
4,464709785959501	-0,9850209402666454
1,0779210945917435	2,898258087173834
-1,532575670969325	-3,2567951294396242
0,6834413114573046	3,2377823772434575
-2,6589357958294073	-0,9246439959818137
2,3915895974044266	-1,320793788682545
1,4965207643752065	3,695608670642743
-2,51751494744492	0,1441739359531471
2,954084925178961	3,972679950296095
-3,176368979135281	-0,6032255554651251
4,515833023150022	-2,0403350322739517
3,1889685252781543	3,6873306598249282
-0,22597862152035852	-3,067657018339811
4,229124453050712	-1,4758331213859395
3,607839439374631	-1,0023739745226274
-3,0350026666172703	0,41684287305784906
-2,7189599363334853	-1,1103234767427725
3,6582092526881924	4,398091190563514
5,426322802531786	-1,5817703694507632
3,3610589959567694	-1,252091770921369
-1,124720575212531	-3,2131079001625467
1,207195803620115	3,722232133294133
3,3089245456473813	4,8403369742897215
2,135251535763221	4,158679182219848
0,18063300555749784	3,390841725894817
3,7132308078937672	-1,6193806214319622
2,4705557933945337	-0,8888705192546458
3,281172024357067	4,6525270455538195
2,561606084312035	-0,6054726817506988
1,9567431531264754	-0,968297379448817
3,301906976145296	4,242431077187813
1,4565903359392802	4,479217963526009
5,508476466840397	-3,4180154587208342
5,726527383450591	-3,2396972050318715
3,4251615920190663	4,437225231322559
3,3837315349907424	-0,6956292768312937
1,3166752487878406	4,097984006402473
3,919529265446152	-1,3992656261032776
0,6622928496913789	2,9063450485783946
1,8854072967375024	4,8415806517538496
-2,790776492353758	-1,4849934486494019
2,7873847098851177	4,279812294654098
2,3677281966772696	4,725775308187316
-2,7147070464366423	0,21239801370272282
3,38294647862795	-1,5374286313212961
2,8461620885288514	4,149021308337845
2,1033343075300377	-1,128603008651712
1,4408174741368214	3,819098780704614
2,4110383305028513	4,399898764088192
5,19291472043619	-2,3322157823439635
2,922903912219723	4,032725445421763
2,6435159422035914	-1,6619405449960434
1,0799798845858142	3,6205548730759958
-2,813109868810015	-1,1460272129565061
0,783560127220039	2,204725011600325
-3,363956809622719	-1,3793989765219075
2,6409359809644743	4,7016135453417265
5,349674988721613	-3,6092181401472234
0,9072562020995294	3,236381297954984
-0,6322373615247576	-2,8718645347517784
4,53084362650644	-1,662310186561342
1,9873332932469516	4,157611146505627
0,9603341345488832	2,4772484312479617
-2,5934872901247346	-0,2202435966472931
-3,0616840180905136	-0,7561016176329353
-0,06048719019775506	2,372098489648611
4,899545252665243	-2,696337287508154
1,8087616066417271	4,538243484552062
0,21548350350465295	3,435383584614687
1,331602081076489	4,210909373536959
3,8249020216301015	4,04171993643374
1,2973516886925958	4,513186514678748
0,9884199722927427	4,166530852798655
4,2146593383757995	-0,6074159978265774
0,9510764341130786	3,102804837753265
3,453753063744446	3,973516988081837
-3,323844349451177	-1,2669317096055548
-3,7707954627117184	-1,000901083591402
1,4396942250699665	4,580245947680037
2,1846627394304337	-1,5882387967695597
-2,376191509846258	-2,4835800991213492
1,1741566104462045	3,850989167832723
1,152518279689056	1,6975617412244102
1,6376165458548833	-1,5360551212663833
3,413477212251043	-1,5265181994435673
0,4522208448806766	2,7104337952503297
4,006832296544546	-1,502082356675625
-3,2500950790961767	-0,25040760072305934
4,225561869837935	-1,3925893236289835
3,0711366351459968	-0,5356035203641296
0,9533636000126977	2,5322101022139556
1,1240411451737322	1,785624702389157
-3,1354380299424967	0,08141921488072446
2,2905299363180482	-2,0291941722992926
2,2329605491111786	-2,1747561514252927
0,9301127787483463	2,9263110689240435
2,852011028884757	3,995561168055656
0,5131247625681972	1,340095834651887
1,2403493901922942	1,9550395250755481
-0,5366724464669016	-2,7560951625734864
-3,3213883804382696	-1,4776076413957155
1,1179822925414489	3,8672142371455065
1,8846072311213034	4,017153085202301
0,6869143459321247	1,3355072902387515
-0,48735079142492643	-2,345642673724859
1,4363350043664997	3,7134045096936807
5,284150413279901	-1,7644735145729435
2,8519304425275327	4,4654995272139635
0,6056440922188666	1,0176029899914258
0,33412839043886056	1,382862649155408
1,4069003517946868	4,283390694145225
-0,8662834778349922	-2,589077524746579
3,273485101429274	3,7136612171517394
5,764699487458163	-2,4095381262477007
2,544450986932471	-1,6617292590082406
4,710763577713772	-2,1307861877042837
2,010704002437592	-1,4880525517489205
1,5474882861230776	4,941951931531538
3,5381136540415348	4,255642250467658
4,91572035224798	-0,9760360323924875
0,8609635386711136	1,8822913425492964
2,2134762180788456	-1,3983283548471581
-3,107724600301813	-0,228039649383181
0,802827254645728	4,276655521901361
3,1536747706459423	4,859506519546892
3,1693017583289746	-0,702748703471102
-0,07287658795328156	2,6840335646463833
-2,743218017940295	-2,5558954333675388
0,15982733818611194	1,7141276988389949
1,9677868287662834	4,703673493775707
1,340697014357587	4,765399374095021
-2,396751781729418	-3,208100935840285
0,8146765693334497	3,0947699442371888
1,188717169527091	1,8247287558583851
0,7308805138335503	4,4621076342158466
0,5796775443755542	3,072187977864635
4,40276720579065	-1,5845912119515182
-0,18943742639894046	-3,10261452013204
2,136895322800736	4,328975413935674
4,627716149570443	-2,6946498840710116
2,4156609419872277	4,718997822600246
4,625589384444052	-2,375087987810853
4,930125776555858	-2,545035627560611
2,2172543820019976	4,56398978134113
-2,808434975521968	-0,34172912526606636
1,5709396978214434	3,9310362555194684
4,5282873410824624	-0,9911883081303499
0,8823280064501582	3,81183792652504
-3,10490363360483	-1,6344415273199244
1,5893914493745651	-1,3341021905876698
4,512387822423542	-2,27309453265859
0,8609523655594842	2,991806050065989
1,6396819011233927	-1,9719954742633503
2,0603783333678836	-2,1464576810741445
1,1810237221119009	4,725940727157044
3,4454406178227677	-0,8555553997113969
4,375372738363592	-1,402442651405774
3,4817610803491403	3,734891448178864
0,20170410852591214	3,870851057237919
2,5964158970370277	-1,503844237497551
1,206301252259748	3,5143211625567403
0,9468776882632934	3,985679913214679
-2,7459348166724578	0,025858217348156298
5,736871859006332	-3,169351977182704
0,8876763572339452	3,8502608808294134
1,0890885316260563	1,7849180876920527
-3,1919841419020765	-0,14110521396027909
1,5106380196909126	4,102231972987639
-3,0529837915219407	-2,390678125012429
3,5561477959280348	-1,5451878936707688
2,187984567491359	-1,2064876790272416
4,968530899130091	-2,7274791564586915
4,592878397607309	-2,241268144155102
4,387968090195324	-1,3905723350217492
0,6064855067849955	3,9774237293899803
-2,664371868118567	-0,3464170954889738
4,980746075835224	-2,3514716171383157
1,6405202526302893	-1,743287979569692
1,0208462286738547	2,5114593784816055
1,66808441616348	4,660073052388661
5,126980486840068	-1,8586465741104325
0,30904474631560497	1,340414157132135
-2,8851247447422907	-1,1068765610667917
2,2554626322319598	4,6081873820478245
2,5358620171138244	-0,7163142311905539
-0,04178994292263427	1,8597396921728782
5,099548937953033	-2,6020585252900688
4,547800991761923	-1,2708677106593511
0,6191188881002534	1,488031040030064
0,6901548399688466	2,0931225776685976
0,9984261515258184	3,735982950591687
-0,4882099240088851	-2,765190261984249
1,109873000445044	3,9573327394968336
3,1695814512115734	-1,4171017546233522
0,8430099540521918	3,8768378864197803
-0,04420521384279619	2,674527124733724
0,5273794250495554	2,272273486061264
0,32562112939673327	2,933161926160186
-2,5082088461967964	-0,3190611844002218
0,39131454669498433	2,494117843986843
-3,5528263161157363	-1,6952864833816728
3,03770921533303	4,345871196707369
-0,4089900923691502	-2,5823917298545505
1,734168096887221	3,6753657164224354
-2,9750174657990143	-1,3075111365877155
4,526824608587332	-2,154875554820957
4,573642794343383	-3,1070484941116865
2,485329923319365	-1,279351315831141
5,124988475539849	-3,4943372168016475
0,2371596114497585	1,3449803500552493
0,906914179362377	2,921526550938363
4,954357336102921	-1,4531576755276703
5,464832014613569	-2,527903811593039
3,61010273399349	4,3058678647239645
0,8236240786254267	1,4484996500196723
0,335580409373629	1,4731506330257225
0,6355947060537903	1,9472948109424078
1,2681424726008435	1,8143135908310715
0,5878492788652552	1,992599297328315
0,7198444438473814	3,246491517373019
3,8169812064989777	-1,6215036879654774
0,9535760710913765	3,122355228939985
0,6546692404196248	4,334916877173844
-0,848668887501138	-2,840476227135026
1,2420620737922488	1,9296316619601046
-2,6500585089006323	-1,7215551222486942
0,5374511555015458	1,806351412557405
5,474746712557958	-2,452748168842054
-1,848048681697326	-2,407674941771111
2,322823274296546	-1,6064723997595967
5,074894755218469	-3,52276769306962
-2,3949211170154756	0,04325210321247752
1,6841927614014773	-2,022310414325783
1,9014177418455098	5,013934857797369
-3,1663827624564616	-2,0267912977043734
1,3058247487011956	1,6748736904537052
3,2012251205714204	4,21074703674539
1,642812097198722	4,50364214108661
0,4821451717318077	3,2955894664619514
3,800083290643195	-1,1046485834900555
0,7588149249656493	1,6527145342388696
0,35007672608622853	3,2765911124211216
2,9757506439630417	-1,522440598724714
-2,608630811817725	-2,4014130760744785
2,766236837325131	-1,1022537371784353
0,12750130388111947	1,4862489246144968
2,217009047567224	-1,3111001778279734
2,0154801626904426	4,033236751835203
-2,6201831693670767	-2,410571552065506
5,396225643501545	-2,4019891120417585
0,37697303613095934	1,061392137670084
1,2839591379861273	3,503045274111752
-2,794065589232508	-1,941275284645335
-1,6947591498733319	-2,9703213484270856
-2,6109303263174306	0,31933119964349443
1,0111985950358433	3,359763874416896
0,9094607581417118	3,279490248319869
1,226724798407799	4,753512256699058
0,8319188363749506	2,8782876619177227
3,652518245404861	-1,5006393476654967
0,42517708026536694	3,2638640516921016
0,9019635468141676	2,1736278684682193
-1,578671772394235	-3,0286365973497684
1,1325240068014835	3,169569945438919
1,0972048742756373	3,2611316792226432
0,8039960234705261	3,2780258230058186
-3,064655836431087	-1,3020838826412904
1,1343828373538445	4,497100966998985
-2,824597354857614	-0,8811274034965023
2,034731994639624	-1,0495591318535649
2,380024913640607	3,964155996721402
-3,3393150544755077	-1,079970902730376
4,074221246938783	-1,8083535715921848
0,3998961996536623	3,859301435844423
4,695419245472842	-1,2756656136356463
-2,6613863068944803	-0,9163668303886656
3,2852338264372984	-1,5806498735217593
0,9457001049425107	2,223733618616625
3,431239561965246	4,05054684346991
5,48166076761322	-2,290730437545527
1,0422988508928772	1,5181897466614231
5,132409688940737	-2,609009876704352
1,5205586359789725	4,500380788298823
4,689392104452482	-1,1118463328788
3,0927488174437023	-1,2566685497601409
0,4108405012038363	2,1310414163522364
0,43699419712681564	2,671522078905343
-3,07171859420258	-0,37062193509481467
0,8595608470288632	1,6006900778634519
1,9435398239893593	4,205738222859029
3,4554767025366697	-1,5194653143494783
1,0249597841137388	3,0048524658971543
-3,1431496366566334	-1,8348884130433878
3,180316613311285	4,675122253070785
2,0650383283064233	4,026302836969404
0,6906061779941175	2,0460380193980052
2,009881155718567	4,023926251571554
1,4515495861910248	-1,2425228147512115
-3,4203159046569716	-0,08188977065488035
-1,7275484544091655	-2,372404881054277
-3,2113624220116197	-2,027894124708499
1,1270824391546683	2,070521992652461
0,18064869638283643	3,235358207808
-1,4696716431931274	-2,426663156034029
5,285730456588384	-2,8857687852615936
2,15030683612682	4,992331247992315
-3,548864777537653	-1,259168866850666
1,7178261348543238	4,25807579887974
0,4265121005348549	2,7302662682200056
1,7464899502109925	-0,9347758713820618
2,0530709971397565	-2,183825205019605
-2,0478087311941566	-2,121293962108882
1,8254747266457876	4,1349980828515065
2,850713792184106	3,8905772644214482
3,0553060563814065	-0,8191974981541783
-3,1352543416121637	-1,7141921113938452
3,552115509218578	-1,6078811172016074
4,928786150216348	-2,1809372653057997
0,6162757122508971	1,8411649331435203
3,4355192441505817	4,0091384081247545
-2,929273754800219	0,025724291669317
1,63437359877612	3,669862987866777
-0,7108460266140877	-3,3682312486871577
5,541397131253328	-2,323071891553424
5,419208617712749	-1,717806525493184
-0,012241040391972824	2,319271546096008
0,5520904706966394	4,231051415522485
0,3783659936366559	1,8196288242975625
1,9966474533024967	-1,6239137796556138
0,8118083594573917	2,0741218131373356
-2,811000090164878	-1,3335120112090744
0,9078364225392876	1,484484885259552
-0,012262094970356685	2,3574068085852558
4,597422749980591	-2,710134682541788
1,1767402659742814	3,430962192329831
2,4190479582867193	-1,665269841761964
0,5860432964406133	3,4318957043956537
2,1417470943662873	-2,059897471123815
1,9884848096280083	-2,0155203808355617
0,5783857400698542	3,32026416054301
1,1365428271518505	3,478452724088959
2,913453530984294	-1,1280828448386735
-2,8448335786238137	-1,484483958017568
2,480708777047393	4,307388998509328
0,8388414597474578	2,2743045645306905
-1,2647620235070862	-2,4049889615622733
2,5971226813622366	-1,3819342703530604
-1,1938205404802482	-3,4884916036585287
0,10786183992010212	3,437605971895155
-3,3598472986556454	-1,7064909726419701
-3,0308248536313873	-0,5410841945768654
2,0353596567710843	4,217300780936474
1,2042013338334665	-1,6306204146318428
5,443695683997735	-2,9194247584742623
-0,4591823929062555	-3,2217958554284913
2,3217650751009917	-1,9217731035333498
-0,20327888529063443	-3,0618204019563784
0,6762143825933131	4,099151454642168
2,530372975775596	-1,0087249768327087
0,9449513793387807	2,2477395316506774
3,5723844100665922	4,347781899805907
0,03519109611320115	2,025229627219255
-2,7792315490674295	0,16770678345668633
3,879369399255051	-1,5155910752653527
5,541430959351861	-3,575638199991987
4,605011655728288	-2,753115113923556
4,205790763839553	-1,8870916598412981
2,1887168011124234	-0,6138960338199393
-2,443627727439853	-2,773119685793653
-2,567132257451512	-2,052049014861593
5,718251980294293	-3,4146033517345304
1,8592421616506867	-1,261273185701313
5,322218907875674	-3,452125752169257
3,123968289462235	3,9803826314295296
3,069812243451489	-0,9663893141298161
1,3963062525134062	4,401262095228976
0,015677658984063925	2,7986171095813033
-2,682445430182752	0,09937369378996341
-3,100234405634913	-0,018463905600533126
1,1668019875805837	3,8329942619733552
5,524181455409999	-3,1739113900294664
3,9466164029277806	-1,4264591347923
0,8258822697047963	1,410662917095788
3,233062299932198	3,5194336472332974
1,6629086417350327	-1,5183221431551577
3,5930479972869316	-0,7937901742381563
0,4659305794410451	1,9980956945823127
4,542305063426429	-0,7268628332739966
3,5256155022070628	4,031463638396174
1,817081092195843	-1,215458791537959
-2,033217233284915	-2,2305285992588413
0,22439819959150764	1,7734455286682684
3,3448334510304276	4,075527372962589
2,4772346608932296	-1,6121714774206515
0,620233253695216	4,069084285290261
0,9508763297355656	4,5310572722660085
2,625402054144369	4,590359416337182
2,3551334422849024	-1,3364814535467044
0,017078434976939505	2,7890707685980125
0,23947290449015002	1,8608108544279558
1,0501580181040842	1,7758182115012078
4,5435781502444135	-1,1035810859991977
4,677651751210519	-2,514949832335202
3,9025415223252518	4,402546686941713
1,5500718917789833	4,017353846407427
2,79426026969377	-1,6913460981919965
3,2911755386328627	-0,8214556962815212
1,60825948021319	-1,6612713684556109
0,40352546407631373	1,6154840889403204
-3,1707952429841946	0,31877578509921545
2,1066575590978798	4,416731522670637
-3,023628815823063	0,622887535745072
5,19856855383124	-2,437424327663195
2,1079106640099083	3,868350443464313
-1,7662232209742634	-3,2441560919082217
-3,2375822593591126	-1,1618904452985341
5,238030059532659	-1,8803925910015629
2,4736001041492948	3,868687440604398
1,263200221617251	3,4468358102320877
4,637757342032457	-0,8490392511285405
-0,0682900499084722	1,9491103448921971
2,836644853874284	-0,3904638368693072
1,473238218523775	3,8834219915127433
3,2729617737244703	3,7213588231192203
1,043262760288674	3,2872215550605985
1,1266851451713162	3,673388741847262
1,8757630418019442	4,878275727742944
3,5358410090337604	-0,46924591161726426
1,812152363441065	3,742811806001797
4,716409843085918	-2,76180813369873
3,8543038693920235	-0,9998984716517567
5,427776918714772	-2,8510206979704975
1,0271353782642187	1,6216081673428373
1,573538748885635	-1,9943769055281677
4,767860621013641	-2,8005443676436013
5,76767460922442	-2,9517466211391663
-3,426632804358609	-1,3347899552353697
0,8319013228451972	2,521513311663269
2,7882375075883465	4,014157398135522
2,4204580629722345	-0,6083775148096797
5,3718351195404725	-3,6467613062428805
2,0812526085279086	4,302168857810184
-1,969357605133276	-2,72143648502363
0,8557033902989422	3,608732500064195
-2,0474459391324427	-2,4220884305868617
0,7688605292798392	1,344587022873435
0,5797831882747757	1,6730479606062052
-1,9145345942779404	-3,1554602713768367
2,807709647326834	-0,7147161911272564
4,664503700741923	-2,137341881273627
0,6936831508599717	2,8024804856170884
5,308244105834267	-2,537983423301906
1,0101841795773234	1,67357726124908
0,7443233037376977	1,6779021052401872
3,2698775284244195	3,8833021010664357
-2,5573156642296007	-3,2037425554645127
4,728394401739733	-2,741269807696603
2,517828727190682	-1,4392194480890528
-3,31070962256343	-0,3994756697585182
5,058216856172964	-2,4123929394169794
4,605402011028406	-2,834095432575908
0,8094290075734889	2,2804915305153806
4,763280592759644	-1,1837345304720006
3,4499865786931054	-1,234892530000864
0,18143426925198858	1,482029255497085
3,134010705342551	4,660442638022136
1,0100867481927893	3,4508793976392695
2,6328299239765762	4,376904162388288
3,8737529701094813	-1,2753976175684958
1,7969754223739831	-1,1547873650675677
1,685238726756545	4,269893257968024
4,876663710275192	-3,375665028377308
1,3670050195707815	-1,6779239032318474
0,2911133189254578	3,729016366656237
5,11912303561015	-3,218702032881613
5,15814022599916	-2,7988943048640436
3,4760867138473612	4,428286862597599
1,2383080665730244	3,7631744609529236
0,651114295742834	1,024027608846251
-3,5428700930690704	-1,977791153621287
1,565324217836739	4,71100074959228
0,7009860736654632	4,409978958121591
-2,5893784360812884	-1,7338133275976721
1,2988498619268252	4,29569936268198
0,6700447061867234	3,6833760689838932
2,1718358756189975	4,843265889107397
4,985166722962713	-2,6326993749702248
0,3297558776054035	1,1321698892355547
0,9095187775869706	2,2221133315608923
0,4280942978989368	3,5083390207400824
3,8175038873310445	-1,5940281974545252
4,819064186300397	-2,5391574313797203
1,203270158330295	3,187910484938598
4,4885817584356245	-2,275076063530597
4,56345814086788	-1,89212586115869
1,0552737533786825	2,642896853960272
3,7874750305791065	-1,3002116903244074
-1,861503225114732	-3,2104956456315854
3,698379821698694	-0,9479652949940511
5,284170518334099	-3,2909893857481975
0,845365283680144	4,586575010908178
-0,06292703141768907	1,9542431488982843
2,276406497386429	-2,1144246696125526
1,2664088605106076	1,7682596457126074
1,3644070814234628	3,5269544250409997
0,8367598722891416	3,353901412014041
-0,02705660683025357	3,2807864659799137
3,2377007861743667	-0,8475018550309712
1,7200423760868029	4,3607254418783485
-0,638310506289864	-2,2254617691095278
-0,7594882145422682	-3,0472889442242335
3,746799370509798	-1,0867608462872091
5,1735365160384195	-3,3488337605561798
2,859142406195284	-1,2776317206730232
-3,0253623627030697	-0,6964126793726901
-3,209506793782497	-2,4414323765010923
-0,3739769501318675	-2,7316278707241946
0,9851579780668991	2,20727154104533
1,131132006450242	4,072841350824474
5,510919049107276	-3,6442287316770563
-0,06235503396953401	2,2999280893933376
3,1090031706371217	-0,6759834151433108
3,774372072694292	4,337449531819868
1,664259101698369	4,31190064211298
1,2270543042303483	4,01043772931131
-2,317128740557876	-0,08897218663805662
2,21689269198319	-0,7991118752870716
4,371853419953436	-0,7843914385853985
2,7020216094930958	-0,8745681624207609
3,660838653465353	-1,2216048818033882
3,877534537761521	-1,4207580648457783
4,876845929451332	-2,143811070049619
2,240297809491084	-1,55234458594743
-1,0378200300985596	-2,8919320549732817
0,3741307827082698	2,344290359601879
0,4435979530608918	2,4464934555465336
4,971658690740905	-1,4529808204543788
-1,3197885859923444	-2,441587676250725
-2,4297894872957517	-2,055201862692997
2,7112956363643343	-1,031586088744815
1,0720632677071673	2,14646013758711
-2,1280658440647526	-2,1425448854124007
1,2826317869804371	4,17721011976923
-1,0575417891902048	-2,768834930410511
4,0523344281424745	-1,3006278916773335
0,06958446035902854	1,9427974788705071
2,9864887102161024	-0,6219829204465515
-3,1443363095372403	-2,0569459092544475
2,6183025093021786	4,736869945332698
1,3478696574267892	3,5355307560604015
3,6266104494530325	-0,6108791389195996
5,206929445859717	-2,2180320828803883
0,5001514193565362	1,446833723414341
0,28280244919002007	1,9109848953718143
2,197054663089758	-0,6331594982231001
-3,341632464663051	0,2678911286221006
0,5435597715120934	1,7860642272437284
0,5426742027991769	2,277739492745048
0,990847683344142	3,808859340504564
-2,457938175617695	-0,1905035465646261
-2,629689833369186	0,11256793779401164
-2,636906968147982	-0,36247559620215997
5,19340065731115	-3,449348545527472
0,4803708712921544	3,73321281530518
0,8281267523049618	2,7422273021393417
-1,6128641728609117	-2,8894365817707124
1,3482796842509244	-1,8770623268317075
0,02759976355049787	3,1946408854759083
2,550240698192033	4,2307473942110345
2,6182398777550384	-1,1208167387593004
0,7751410559091503	1,9218607530284177
2,0423332955589646	-1,304462290902764
2,369368634367972	4,875251363980724
-3,256760299471539	-2,405580195855457
0,36299889000258645	3,2739797384274563
2,257505460998182	-0,9393918735585367
0,17297204035245795	2,374815597620906
4,307050193390934	-1,1175203740719555
3,1834736469194373	-0,6329742884740086
1,943300215290929	-0,8840971575002161
-1,0148998189751306	-3,370508134503849
4,033359457702269	-0,5974522628595675
5,19778920948142	-3,133617421446375
0,5983987056172211	1,2066468033633133
-2,968615598989532	-2,8724190673382055
3,5686519306774995	-0,5442231399649846
4,826892365486545	-1,6465082318438269
5,301531819862648	-1,8513507831377507
3,639070313338419	3,9174582557491417
4,6944449989272625	-2,6074943437013056
-0,5801157229396867	-2,884896778083519
0,4361693526838346	3,7814312967929453
-2,7000475008413627	-1,3029680560938608
-3,0189360328020234	-0,7213514173722887
1,1353677221309113	3,7801404656736604
1,9883565118022126	3,82658643823467
1,0339727970348873	2,6595714459605087
3,7434632132118546	4,33318236986477
-2,724427328655328	-1,53213107275971
-2,0291761104455817	-3,382175066374893
-2,9899715060283327	-1,4796591565856592
3,1687422626286277	-0,5026487410888203
5,114327836816317	-1,6166679935564328
2,5044728533715777	4,798691192588051
0,12993127761787715	2,489806498031065
-2,7116907610700647	-1,9142474354014318
1,0056356619922509	2,03546852076391
3,1650543608187487	4,124805065221605
4,67168296813615	-3,151685319585116
-2,5291076658908773	0,248488146582732
1,6833131697758807	3,7485267209438167
2,1607265462143483	4,670822946891004
0,7992888982997857	4,413161636162175
1,9866891907543818	-2,1464953650269303
0,6919002889667794	1,4759052785853877
-2,171025290943051	-2,588822712158407
0,9155144939243991	2,8151191014382806
4,687977725877587	-2,5208105374206498
4,482109985375068	-0,860637025052281
1,4542908162189385	4,029654557995528
-2,1196238788268804	-2,1141013555414805
3,5449315322122943	-0,8402896361793368
-3,557791679445929	0,04933499259510876
5,196495752477709	-3,275182056013216
0,9566087095714901	1,4278031925989882
-2,8156276684557047	-0,9711953233865738
-1,729155944277613	-2,9359884491967225
-3,5948934044941545	-1,6402008706720785
2,050066233088922	3,9378656979010316
2,681344799879426	-1,068443449311522
3,203909399062768	-1,371990083772863
-2,695292768310896	-0,7801481468210593
2,16098017793998	3,847415694947633
-2,567244573363795	-1,5496170691312532
-2,1361759135725293	-2,621350888171084
0,8171727951406422	2,0313396618269213
1,5311840616335626	-1,212293965953144
5,34087947418684	-3,521292595672014
0,952694774926802	2,7851560215816606
0,8000943171208359	2,1188587701522787
1,1456167298063649	1,590181090358221
-3,2436487786678936	-2,4971159205988656
1,4779566835268443	-2,0195546065249528
1,4146708683251161	-1,232398535867795
2,915933665056458	4,357600274758623
2,131882211067327	4,258492401880591
-2,944121895064331	-2,2635502733158726
0,3153048516154833	3,330219392786595
-2,1352063808820207	-3,284730466312704
3,4874577932465165	4,1382553959583515
4,100036202758263	-0,47670277339056977
3,454730998042391	-0,8425574617761602
0,7646903411092842	1,5070447156678781
0,12570084192283426	2,334538188568217
0,3760467031204948	2,173450383057853
1,2162038268398032	3,266767852043641
-2,4542657341476106	-2,220715235762819
3,1400708905260375	4,632571390388842
2,7824863176914336	3,949949257100159
3,6811845409834336	-1,4946998615380582
3,181649777036752	4,173081560029927
-2,9801568850477747	-1,4819576536894632
1,4221508861023824	-1,654500095942649
1,712231944078121	4,469330475265177
3,1230074863505415	4,13011835892859
0,4202425127930387	3,840071927069226
-1,7709841522375303	-3,266508148659444
3,532840490811072	-0,4083551031313237
-3,695832036672904	-1,6322252415549054
1,0277814631064364	3,3164554576083276
0,20956294849501322	2,7044609500785874
0,2946295118024467	2,0826823075569805
2,4275538743396385	4,16870926783924
1,419647145549817	4,574155661899546
1,7110241091623113	4,964124892456342
3,710911038985178	-1,0444096344670069
0,7794761717142604	4,100165234095012
-3,266767878073924	-0,20585484060411496
1,1582233171402758	3,098007620471488
4,839259685163393	-3,1507297062809556
4,124360904804629	-0,9946347414785466
2,168142575343839	-1,9566880994634785
-1,8923364800883138	-2,750954431920011
5,149135161680375	-3,3316911573291144
-2,741732040719847	-1,7529810485133424
-3,1453208192927757	-0,4405087258847342
-2,4951927282730386	-1,9119729699956083
3,2810762061500522	4,600742797769396
-1,2361409489630346	-3,0832413453483047
2,64271384441226	4,57169104641914
2,6077843667235756	-1,6235697089336738
1,2029686631936185	-1,7848921201701533
0,609867022761537	3,623299420083919
-2,6886910188803057	-1,7070122747025689
5,168675333546558	-1,4254764595058402
3,677849762672289	4,083189754322979
2,491966255543996	-0,7396412983091136
2,565148109586911	-0,6135926368696714
0,8346355621379224	1,7061860726204672
0,01708846266495545	2,448511228533694
2,663157698649082	-0,592225567779503
2,006237858969814	-2,0092534527665116
-2,8315316767148513	-0,2489713043756664
0,46432227674970816	1,5166828858229993
0,3888501285105981	3,0544308757668386
5,240355587449137	-2,6045732861517976
2,2116303367257366	-1,8411434937470934
1,9370782922084069	4,58093154549857
2,8783968551787815	4,137212150089203
5,437774474428942	-3,1646390336538928
-2,272705040799494	-2,0800065876827416
2,5081761142509746	-1,4284578221244792
1,091141303597507	3,161436589744324
1,7367340972284206	-0,9563579683727941
-2,6156327842491516	0,12384960593663874
-3,042730482764469	-0,6702408147500365
1,0764123847026064	1,7886127129452345
4,904240355196343	-1,4874681019989238
0,7010584302762182	3,5338761325808514
2,0764597037823505	-2,0915508968169796
5,171847632208706	-1,452687313082805
5,798329572074394	-2,49780944994317
1,3689912276294613	4,183868647366731
1,0297515510636561	2,39959086410368
2,5521697494293383	4,705330701880416
-2,429816593257178	-3,2928361086562177
0,976373938805263	2,347887370309743
0,9714837287522382	1,7731285526623912
3,471331539894965	3,883913801333989
0,7731960378175815	4,107941971337068
2,4151308756521765	4,025191927298693
2,637701789139938	3,8748220556496373
3,1091028997454475	4,752221611650756
-1,2692843229350672	-2,8766683340537518
4,114603935006507	-1,6555179749926552
0,7163097974482211	2,70143314596439
-3,2924249515039414	0,5484231187516717
3,6756663865468897	-1,532414529868967
0,6055216847115172	1,3594950035145117
3,2823209285048587	-1,3195596221495327
0,17356181237822765	1,8415265848933235
0,9935302386652318	4,4412360282283565
3,8543953150872556	-1,6208587008435582
-2,942356520494385	-1,1581054946799103
4,461157137509042	-1,6122098295905125
1,0046233750594435	4,201327501831338
3,7129829826509724	-1,6453596551298089
3,7522058399456264	-0,6899232340898069
2,680934753863236	-1,2451440397671636
5,399957578240382	-2,8483562843884522
1,2526766402982115	-1,5628932985048354
0,9898220241890234	4,341769756680199
3,5456706802595033	4,3449868783209125
2,797186063657419	3,7807075434309336
2,836131399716493	4,803038293665724
-2,4304296153477303	-2,6151875127566395
5,27034583871752	-2,9099331378037236
2,7955217929114933	4,045542280627498
4,6913002978020515	-1,3531013157717138
0,11847303559269928	2,5145524977242584
0,30027052449820424	2,146568085831292
-2,5936393135729565	-2,7508480472921253
0,8760120520926082	2,278239383763148
-3,1856249508447805	-0,030539929935211596
0,9747565730732624	4,514621163159305
2,849637098795176	-0,45644709400574257
3,827065289691996	4,194942817203054
4,757140358163088	-2,369226004336806
2,7973322182195544	-1,564256597864825
2,123924053018233	4,82516686500814
2,802993198299347	4,173741603069324
-3,0075382714552186	0,8117180996720266
0,31493616224496046	3,11145852098544
0,4183531656017374	3,336065623065003
3,4362100660516095	-1,4922172358761747
2,675675494110983	-1,6665330380030254
-3,4110705683226934	-2,1622927756879737
-2,3825835893883047	-3,31493683232347
1,6144678236102443	4,768350476417704
4,646348555991362	-1,0081662416695787
4,402384331521381	-1,2206715255067624
0,04875637290045587	1,6346498743155613
1,7365795646434257	4,507448150474463
3,6039026173598474	4,486448216217016
3,2705970616460265	3,746413507928776
-2,5515243905088005	-2,086939229558376
4,62878112327853	-2,442983309389991
0,845165658958243	4,018310114990584
0,28633066527818984	1,3147906003109435
1,998077062932354	-1,823456216599379
-1,230215094621229	-3,216815332439138
2,5276916761950883	-1,3892461335393638
5,021179873740829	-1,0269212542335662
2,2908227401432937	4,582451122197045
1,362248000724037	3,8359463609244697
2,6470621144695405	-0,8582414617387877
0,9746757956668957	3,9273899519296194
0,8109782430730617	1,8767203783234363
-2,589444609924495	-1,385018433791377
2,234864363384871	4,173266788250425
-0,4873635895789532	-2,9606261822935904
3,873096608475354	4,3762968593348806
-0,917401652770304	-3,1392910855310356
4,367122659050222	-0,7661117305100547
0,9140078036678281	2,0307275551186876
-0,7335946379063294	-2,1855488069282822
0,3191683802348293	2,00225026804576
-1,1388665310899904	-2,8598387024127967
-2,731880124982794	-3,0730900448573646
1,1837266649348464	3,09618696798946
2,1192529771173754	-1,6116967730444125
3,8227954888394446	-1,3397933305497765
-3,740721405584668	-1,2357338614513536
-0,0447915298177497	3,256002277856939
1,7380141982677149	3,8508958972473915
-3,3998797405410563	-1,1915320218137404
2,876875554297027	-1,2222461314500863
-3,1866390298204177	-2,5325999217463666
0,3623223180361492	2,8025075147800997
2,4491688325962873	3,859596312002565
3,8424202700068006	4,1028293332351655
1,906851624459716	-2,011765146533727
1,200719210826673	1,9029007132759703
2,589986961910378	3,879210434418658
1,9656829850887862	-1,5576364301075452
2,148915702214155	-2,1279250648569885
-0,47724398141334445	-2,6823672358194455
2,9235975252953876	4,296020425632417
1,7701494008078784	4,2427468691269965
-3,1498126486418614	0,44489188147972714
-0,16165575219915285	-2,909301719646429
0,44444914332603447	0,9747296806392689
-1,6639075259350071	-2,4764313679046
-2,3781556998337603	-2,546834909269701
2,938837702266234	-0,6730390047198593
-2,486600529255658	-1,7826235488408835
4,5461511399726655	-2,1480804269300444
0,5870898455637452	3,5898705941009834
0,7401682426459459	2,930313863097789
1,1829082100806343	1,7899595333409126
1,1553556427740306	3,2885371659993328
5,032646201814893	-2,8739493188963205
2,7696356193137603	-1,118990107048576
-1,212747245221838	-2,284783644235832
1,8523135717481178	4,77248754940702
5,507074587716199	-2,654804775936616
2,419517709434254	-0,9360093526322086
0,12441280172854885	2,631156762787083
0,3958613176260455	3,3287505438098743
4,028600460709335	-0,8485921655508981
5,577270160131604	-1,9446360200746329
1,675808254330415	4,735903461466895
4,3423066253831095	-1,0039088787635202
0,9373886602812445	3,997589420564483
3,087391121732518	4,569143879599958
4,325679813668735	-1,57434164703109
5,6549373357597625	-2,3495300889556145
0,38395146848906836	1,1340220112173536
-1,0978488074593398	-2,3844275904524115
3,21794504726382	3,479917135626806
0,9429590614909715	2,4094832766014056
0,6469053501999118	3,8138580040845342
1,1667935275070234	3,2773380091006636
4,905132602136126	-3,18749854568297
3,959512756837669	-1,4331259702639747
0,9743402530444889	2,0244769286357838
3,6414110618141553	-1,4797630490808518
0,9274970280834891	3,2204760989628656
2,5431333559559937	3,878983928211392
1,0868859041041237	2,9218167926794556
5,251059281667153	-1,6198491566436686
-2,187455603126531	-0,050418748514129974
0,48235022847196696	3,7133980080028612
3,485159241676712	4,075631721677394
0,1878319241727855	3,3625206987043574
1,9178812042125797	4,618742503611186
0,7404971271861158	3,454894901941334
2,782428812776552	-1,524575667044176
5,670051501502908	-2,9737795930239836
3,3428306708153803	-1,35232385754764
-3,5807379572430085	-1,4470861797694603
1,139254484936339	1,8660831396400948
2,540378370768348	-1,5585447348380752
1,7565113612430514	-2,1980323323160893
3,779539629460748	-1,1089919242064383
-2,839830209169922	-1,1215559009885174
3,163930634141442	4,119424699032247
4,778153953670985	-1,4069815966007897
4,614299679204443	-2,928483162445014
5,1952512562261735	-3,355282851895113
-3,0108315825862864	-1,2029400275028737
-1,5847555447798394	-3,2985426135287015
0,6570633625291518	3,5991504226234943
0,3823022280011199	3,122906258771619
2,9141660555910645	-1,3259617369020726
0,8646677273751029	3,143280338541962
0,6699097279951809	4,255481615340928
-0,3892318753714591	-3,1594909411979053
3,1222053218770824	4,5825336540160055
1,0368124466773068	4,134930231403821
4,402288125520288	-2,015121988347971
2,9867195240741746	3,9924838953507598
-1,823698418009608	-2,5722754658273432
0,029527572209909536	2,5361393760729234
-1,6674861162584316	-2,972576215484135
5,565557003985528	-2,5351320648798503
5,604666496086739	-2,2061718268095105
0,9620444902253815	2,432560911743091
1,2187862168667984	1,8467578293071973
0,0188399346707544	1,828930921957324
-2,8018656143167737	-2,72578530076338
3,0868037903642245	3,971209486142463
1,0441109991125819	2,395531377646492
1,3326600621102171	3,8438247626652764
-3,1380306447828215	0,04786198653408613
1,356360637113897	4,045261503258934
1,1015884644741405	4,236953501633938
-3,4691074411370826	-0,43287055137734876
2,736347041519797	-1,3958157477797144
-3,63902575126839	-0,011166737859214404
-1,9379112972070134	-3,3085513476091766
-2,364101411925773	-3,256333917470537
-1,7731446653730774	-3,1423598853520236
3,003333062132503	4,820351340867526
5,548759748744708	-3,6364132323299945
-3,190221790091004	-0,5248394477011413
5,427797675087675	-1,7100948627245796
0,4375471017852419	1,4245099470379432
4,752447393506592	-1,4966744171762076
5,004691458542672	-1,8577643305778933
1,9425239551724014	3,893954942723349
0,14293455283517265	1,4533168362092255
-3,2101565284604816	-2,512333801382521
0,4229301650335644	2,5315777502276147
-1,8805196463247627	-2,492799132210519
-3,100920228932628	-1,2211058934050407
0,9900669973855645	2,5853544154645456
4,918773403504135	-2,670023506376892
0,6083842582106964	3,299536792867218
-0,043009501946870365	2,7328182929928344
0,5917420012406958	3,2496529062911166
-0,07280039103034674	2,47934644364846
1,1711507992563601	2,0232364938911602
3,1941206756226115	3,5377091960928166
-2,5957972361031185	-1,5102085333809065
0,8890254497350825	3,783494575804699
1,1902690352151197	4,761777823178811
3,1124894515292625	-0,5963265045821124
1,9502768560410613	4,971966572513758
-0,3920118120206626	-3,0622459100573987
-2,981067602767955	0,15333987356397372
2,9597761355661274	-1,3459984808572332
1,809441966976215	4,869794974128808
1,2077570128244974	3,8543597729300236
0,24715713936227868	3,291432829800491
2,404183981771949	4,090348648084133
0,8803714747980582	3,564514791633964
1,950950830594501	-1,634746061396914
1,0129893122292026	1,5834932654942286
0,3889191831367902	2,7367853131599866
1,0093943083544368	2,5086904937064785
4,975511138265954	-2,238159691349085
0,30410477995184815	3,3797519868835133
-2,711907004541433	-0,44456586599129666
2,1107208475890875	4,550060020400107
0,8117876770610231	4,440980202412237
-0,015579548563411816	3,2193833545401693
-3,561214005258306	-1,7121788109084761
4,102169835823712	-0,8765140827517055
2,140864352756223	3,8194722262221776
1,175463401357116	4,766151988307072
2,0649386721982235	-1,3711517040944363
2,2689565738120265	-1,1544350319680383
-2,406510817136808	-2,5184015668278454
0,7011117555153925	3,321046754225958
1,0313469068786167	3,31056211026751
3,0743727151954268	3,8279819539126847
3,4123907433070757	-0,46542250506488614
4,708163254860496	-3,0092242431982923
2,494744326153211	4,092413077658642
0,9877852849807858	3,2408631018608887
4,565238182117784	-1,763678136301499
1,7239480441435235	3,6714118487157865
2,6688351913944146	-1,5573470903775843
-0,15042869560376548	2,510172282041251
-3,0652149644959703	-1,5153675635483483
-3,168832491436463	-0,839845829233351
3,299769018839203	4,685388303704002
3,247197898255674	-1,0745484203103792
-2,488268721962547	-2,470125744993559
5,104164242567768	-2,2849165892923082
2,9676175758071626	4,162715440087036
5,327516934918784	-1,7989169824412445
3,5309026866552395	4,161505549167341
0,6699355588517608	2,045858531966778
-3,1031363135337817	-1,1033271544074439
1,3475751562361489	3,568483780440383
1,8146954720775659	4,9212131181246725
1,6658513854582209	4,374338932753679
3,8442074649971962	4,344050321448732
2,604657317764321	-0,7970196611785809
-0,6713301394976952	-2,943679291960046
1,786609082163261	3,884105222120354
0,6713811110798764	1,0890122568628766
0,1686444761742072	2,6701747957507522
3,0335156341105787	4,659276664139282
-1,9274359986263994	-2,7524614116467365
2,2701433433407763	3,8946175658666364
2,310922922681933	4,064527590631193
-3,3556300900061737	-0,16202297669893828
4,476319624642091	-1,5133987792595947
1,0357178534218614	1,7017461517986954
2,3756300431197817	-1,2967397356616481
-2,646756820312107	0,44706137386709566
-2,6392130031455574	0,6697271978070409
-3,6209878574171013	-0,8121863206175619
4,781680000069779	-1,0856876602410261
5,366366967871383	-2,4784336929904387
-1,6233006961226075	-3,0618498181913916
-2,8199425900310544	-0,6115764989463788
2,5661210127849605	-1,8411515118026087
-0,5588705261830391	-2,789603300801084
4,324748059901362	-1,7060030376077209
0,5053615189664411	2,046682973153427
0,3322262726457297	3,869466241339441
2,3818350247241473	4,978178957881497
-2,8795864656548376	-0,5360181993882294
5,389929882704978	-3,383156943870551
5,078655042758052	-2,677598756378487
1,5388525710667653	-1,8628995971253466
1,9894148870268837	-2,2852921339264345
-1,3944526639011752	-2,5113373580360046
1,3097919203924258	1,6040094312713031
1,157648172094143	1,6982742623678702
4,009265771554711	4,3371526488489645
3,80946679164	4,4982071398388115
1,1837994346766647	4,632868290282639
4,515158132471523	-1,7738467411631929
1,4449765474511693	-1,2853751313754878
0,7628809679017434	1,2801404645869632
0,7445483316267174	1,7824936855890658
1,2997099115140922	-1,7432637091096463
0,5528415878117978	1,921056250924254
-1,0198055452185077	-3,3995594927441983
1,7173379993910953	4,013011851864952
2,256776989222338	4,455627262718954
1,0783299288260615	2,5607706877996845
0,3251888583988345	3,126587001749467
-3,7035142133473613	-0,42477012700621675
3,330523839800051	3,8124565387759435
4,888947057654143	-3,2027260133921818
0,297850286977539	2,126740508201124
0,8682581218640428	3,8367974191791077
4,284244892520051	-1,572695765940639
-3,482135775084911	0,2111979342442305
2,9123905483464174	4,657564916807253
5,054079750255908	-2,4166050324002235
3,9515124189656383	-0,8245373581250233
3,205129216757766	3,5757227118138806
3,249276512565406	-0,8247551123890946
3,492881767335111	-1,521111775525929
0,5637958842954554	2,6069216104115234
2,7558380398331743	-1,4957504498108138
5,523242531315276	-3,3758007625665343
1,7659860301710202	3,795202683238613
-2,4577726755038523	-2,0498935067379422
1,8281006399128383	4,846022023568208
-2,959932447888316	-1,3577763037287631
-3,080623274614847	-1,0463352838702524
1,4221097927142403	-1,5559649828926563
3,3574952466285275	3,6547372373200133
3,0397412852763206	3,8945157773786088
5,181467779647506	-1,2651811056455349
-3,228863677915727	0,29742648861604204
4,874449196163807	-2,6548039262444134
4,558582267993396	-2,583897429636036
3,3643422766100657	-0,3710001695660541
1,840288499710459	4,476705391886831
0,7067012678179567	2,7602921629541504
3,5866302772219756	4,599115059096739
-3,3951729705941385	-0,4500614080484938
-2,6828162981843504	-1,9064468931672578
3,5516922667791584	-0,6148477913184909
2,132798732450996	4,28683252723631
-3,4020768024451913	-1,27665304203662
0,9568240548474582	3,489469116626745
-1,3685062480896426	-3,1943943186527273
1,7158842514914239	4,594674919420331
2,6431075154053914	4,1372779402667215
1,2108085789179173	-1,8088245982100137
0,7676059309336738	2,7064404194501153
4,253335279990231	-1,893423934770977
0,9022649800667555	4,462143276452481
3,1195671902069932	4,772037387807907
-3,2101709106799756	-2,032089379572348
0,49978907377449744	2,04215980256401
5,17260238358259	-1,8933423301592238
1,6270157063812922	-2,0273506586876855
0,38088817474992087	3,82763027149058
2,721991622935311	4,621224188821362
4,587943837387268	-2,9014965358541818
-5,960028348098178	-1,4143812829523181
0,5457565126997623	1,0041046490365626
1,539013613847369	4,3808835264312025
-3,422655318457734	-0,578823325331716
3,576801528892887	4,609096544911569
0,8424651430238308	3,542133439572838
-1,0611647630399648	-3,2351700986740415
3,3941268666036954	3,6539330933944787
2,6971963018732836	4,2893308404082635
3,6207812947888782	4,217217548022205
2,050008208315601	-1,1648059165768565
2,8213776490513442	4,17001022743724
1,2246569661993094	-1,725075478212335
0,5627106753235713	3,895639624252901
4,409922884616744	-1,1281830594316749
2,714085520557874	-1,382785182372147
1,204554741600971	4,635662850244453
2,1671880943462636	4,242799330882276
0,22629693553905872	2,4416101649655584
3,703675595401587	-1,4118169806696497
-2,7225803415133822	-3,10650257692566
1,9240480357565402	-1,6613554968035538
4,896968204256106	-2,035843062238106
2,2644089832211804	4,3028635677493074
1,4702867583693606	4,303875315629038
-2,3607404549786226	-2,936405241430139
3,649405490820432	-0,9940068347275819
0,7662052385100644	2,189297349329096
0,4012059075595624	1,1697277687790364
2,349522497656935	3,9142510064974725
5,307226271162515	-2,8558969413407347
0,9053968528429324	2,283427966148354
2,0911032573809996	-2,325226695484175
0,7545688173635337	3,0553505823075344
0,28976057177161607	3,45395605882085
0,6441673467694886	2,5593253131978306
1,5864124165621047	4,761197857851069
0,3095501112210619	2,55144222331991
1,7179297138013454	-1,7762453823636783
2,9669696890528927	-0,5983524230155104
-3,3359409326168583	0,40312247270273627
-2,0939765443538416	-2,457807765110883
-1,8656684672981025	-2,716145162351831
2,3472076939247972	3,9674594257423195
0,20971770147985414	3,212483823174147
-1,3910474885226876	-2,9709183677257593
-3,304586330813187	-2,4708186980841216
3,656530904220089	4,466792932184451
4,115887311741517	-0,7256613770906188
0,8125099385489414	4,226799871477353
3,322397686146526	3,8072807494109906
-2,3968672351625577	-0,15453889907498075
5,363884402342765	-1,57454353290859
-3,324042805662483	0,5405765834669483
0,1587750389850795	3,6751677282587885
-2,562594791671526	0,4606126504775152
5,000052431941063	-1,2699618565541377
1,2410998062692156	4,726771481105095
2,132011909629302	4,8426711965201825
4,344701009956623	-1,7561508820799774
-2,8905948774909804	-1,0177929762580764
-2,7872892538530016	-0,7201561955466188
0,1714491893345329	2,6579624069575374
5,203634816477788	-3,2981869377529938
-3,3793210626678216	0,3117174195608281
-1,2346103013489502	-3,3368095005757987
2,108119376664373	-2,188205879970165
4,436863557694439	-1,7178754228988553
0,526394426582278	0,9317176724695326
3,4700796202251865	-0,7093835752335425
0,6273364103673964	3,5014637857370543
0,5244817519473499	2,592814946414876
1,866410865774831	-0,8403982825986906
3,08998763300834	-0,43551247072946664
1,0685162989130688	3,7823964164665753
0,7389037809485841	3,2501279409315282
-3,843843859573478	-1,4021625317584312
-3,1436033066462787	-1,4768181727733172
5,251973368091944	-2,194814865968996
4,75294741707902	-2,3207768858027293
0,766603530136367	3,936865412598199
0,9626844458078962	3,0369045092750446
4,516727355096177	-1,0225186941521112
0,8383108179142318	2,8398420520336725
3,598830186439277	-0,4082167540957946
2,984391250751999	4,172158522594957
2,1729308620205883	-2,174671280804781
5,403593707562679	-3,220984226734772
3,3871432785496465	4,3833614185971745
4,816089485430968	-3,0057891836018844
4,664917240754861	-2,051905593220398
0,8544809039638981	2,795610418889925
5,652413644715777	-2,621098887372597
1,2749243822928644	3,2918369870914095
-1,786770006179631	-2,5328190963547805
3,383259173060735	-1,0328633215680871
0,5590161549490877	4,166492252956247
3,9551065251334707	-0,7575949154887747
1,62841352196198	4,548738357199452
-1,2385667389631392	-2,7778205497305635
-0,5411454445042925	-3,047236685318572
2,7173765453998957	4,391382874809096
2,9985364280303095	3,804531079354015
5,496306952205748	-3,571352809967424
0,870233523448708	3,655873264666254
3,070338668843406	-0,9846398312226659
-3,166865986748296	-2,381289503480362
1,3755147385980933	4,098627602066378
3,4695450301964934	3,7094062699207404
2,1053631307239504	-1,5658645369598363
1,0141364922015925	2,538724104888114
4,871120074822161	-2,512318889547894
5,721278363267976	-2,7979262777468135
1,9324903772716977	-1,5475177110394909
1,306286345014906	3,7140179098734114
0,39808977160031	3,5699170646394567
5,326880633485748	-1,565578854811795
-2,5095938402960716	-0,2924250622537782
-3,368944169502458	-1,2823532737067194
1,1348534574174705	1,7903095956664563
4,592454125373125	-1,5731874625408198
1,9520738332978231	-1,9371143959739636
0,24894595521729013	3,1450231793545123
1,1851595426821415	3,1980805286639336
1,8770797779113482	-1,696709036241285
3,2982918493732063	-0,6352776940077338
0,33784686631687144	1,420849956257146
2,62341980518432	4,158573729624429
-0,0626863779856639	3,041649129648169
2,9024136175221344	4,8836144659423475
1,8325660704061084	3,762899314398295
-2,845096539193747	-2,5198831497042904
-2,581673614587374	-1,4669443992724451
5,613797289645709	-2,151170490378762
0,4821118526746835	1,275772745247406
-2,39493243769055	-0,01785862573043384
1,1908449482816772	1,7982447702237385
5,354606469874351	-1,8914105649694495
4,614877656167154	-2,348267068019228
5,245464883702958	-3,006059484461343
-2,745790129718843	0,12489639952238152
2,9525944920765186	-1,4465345815190807
-2,403730857520245	-0,04197504377298733
0,8618233923178986	1,513880256537153
0,6040356534985336	2,0691981081080617
-2,8906516993941316	-1,4604101519957555
-3,062863090886263	-0,45933528248807654
2,0345287909239267	3,834704118405843
-0,7814397193549367	-2,7419970142905292
2,637950499544564	-1,5602419925527624
2,814442511034681	-1,6640095625324478
-3,371354195899621	-2,4803995439638653
5,1562028061211125	-1,5245279065396464
2,9584913335016387	4,072837766111727
3,3218379452299693	-1,0797088312782868
-3,4716495650383785	-2,386505731831604
-3,239688590708833	-1,0100420487080322
-0,00332556021414554	2,6092775142292446
2,6277050771468273	4,757232099974242
3,3796885285601084	-1,19267998432277
-3,748195771728821	-1,6734660780759025
4,064661698825438	-1,6684071608965998
3,054955496886729	4,681331822067946
5,659214811090441	-3,1035447643946497
-3,166208262758417	-1,5457574720122853
0,292651108106857	1,608963542471252
-2,243951126517769	-3,247692066131857
0,08917006129223193	2,672966793244692
2,773751391912749	3,98608455760871
1,9524594439457916	-1,426668614450746
-3,143814591330023	-0,462194441412594
1,5759407968788228	-1,4497141198335686
-2,951645678896022	-2,293400570975357
2,8729623758852494	3,8382224088529755
0,31098297683028653	3,2145059016601247
4,830466157233769	-1,1058219286112843
-0,625929596493997	-2,8297075433943846
-2,2177395117563616	-2,8147328058309857
4,405235566338644	-2,0050817349827934
-2,9601643304856515	0,566691350257047
1,006763277053393	2,629229733088935
2,5413219675923218	4,136372177008802
2,423252132470546	3,937566347950644
5,2752648784548715	-2,0106789795476767
4,322226938475083	-1,9087658069269033
1,9951395893182342	4,265881734789387
2,262161942921132	-1,1268210438607582
-3,1912585704717342	-0,326303002031299
-1,9302317406512626	-2,74194362508279
3,112137739867681	4,159305869589097
-2,3493119236210718	-2,269248591718775
0,68316604110995	1,8318151878815119
1,188883754843646	4,632555934923091
4,189613910426175	-1,2752515433600475
3,3803476318869574	-0,9092850854843946
-0,3198252713503851	-2,9398315564621136
3,7412355938044253	-0,6922055891107424
1,1205078769808154	1,7696868140874868
4,749899468182003	-3,397216120299203
3,229683366558093	3,5366908887356088
2,9122257278235786	-1,1890897206854798
1,9004551542607528	-1,349566319419902
5,079394069111746	-2,9181840355052273
0,8088092702175058	1,9525048144870263
1,978707152583262	-1,2596876740553777
-1,329130991738559	-2,418341232865296
1,4327265955687651	3,990511555030307
1,0338215794888304	1,5365725374526782
4,1367073097648674	-1,0283257125138032
-1,6286812888520321	-2,2869332427610196
1,8254616183576613	4,34542343445326
2,3792661151803247	3,875386131239664
0,7614815638069219	4,328727693824265
0,9416053916359326	2,440238486159319
1,0082008855004074	2,5321440792965584
1,122043502347133	4,256045567582056
1,556585106353514	4,573041694243546
3,236341458568422	4,514566083044683
2,45983343052234	4,2400509107031965
4,186687494255668	-1,141620454695047
1,9870091877326053	4,11436377143025
-2,7194556502863247	-1,9391328752061998
5,2837654154777045	-1,4650723473182314
2,838810335604591	-1,613719063571804
0,9821709536704728	2,5937158131714844
-2,3166082665574312	-0,04853481516682101
2,3682157895208533	-1,7961797521207985
-1,2883024548859354	-3,2016979781997303
4,878681382588345	-3,3493713436605725
3,084954891546527	3,639910603908051
-2,3618327481989945	-2,970716658888757
3,0733392509962	4,282246880638244
0,26687617554729304	1,8549477491143451
2,014226856964986	4,2988008143607175
0,2933374375452753	3,663992378673716
2,115443270322947	-1,0483785882648795
2,3678727168882006	-0,7016676511663804
2,5339087322778	-0,6534284653553528
3,026331509457899	-1,0822652312258618
-0,07219985561256115	3,178993450498
0,6439510652600009	2,2333778001197935
-0,12294758194253852	2,9045992193902475
0,9025383094954393	1,2559262010007706
4,283128894972853	-1,7305804057758378
2,9539576732752963	4,19370979508474
2,2410083760139905	4,90084840980812
-1,3082235190760827	-2,8024519720817866
-0,8495542074724602	-2,791495011725247
3,037842887589341	-1,3468402008815483
-1,1836767678520563	-2,8210011107990294
1,3229797542453752	3,8015861725829554
3,6534791063174024	4,481169122730758
1,7965696475677557	4,727855024438192
1,9404539192116377	-1,1524476253471745
4,6617401916326795	-3,3153135142353607
-0,6081710019071894	-3,2254239868796795
0,18361352549924215	2,726482670636454
3,1022940091164286	4,1700327796102865
1,25073625135846	1,709476044780533
4,453540205908299	-2,160791504261189
1,106933996674452	1,9269180338677097
0,554692705437617	3,2515529395479255
2,0807083356442586	-1,9737813800313702
2,3151261511547823	-1,5904694681765865
-3,683607916045567	-0,6615583590844591
4,767037689205933	-3,384443676033129
0,05362680012250376	2,128926820890005
0,20716576418628385	3,0789383299837736
1,055337503539163	3,6367211146865883
-3,3535624169011533	0,3542999317525335
2,5882144940221976	5,058470298414313
4,617514794497646	-2,8847625886655814
-2,538707209453705	-3,211161253869917
5,374356598331772	-2,010119794596617
3,3734570947775984	3,7976227372987923
-3,5483083587840913	-1,7078335801971858
0,8313841733421103	3,8958183818283922
1,8597779804910286	4,716289791678885
0,5685077065682274	4,154969665926558
5,359043800559725	-2,409941425933338
0,18051667540371863	2,082492023184104
2,0241786331894853	4,673341799276329
2,421038905907743	4,621670154378485
-2,774702271725964	-0,5300444462694134
-2,8029105950408506	-1,7656842044379806
4,579641142894221	-0,8795141492150844
-0,8775410119797975	-2,4225802484979493
-2,1880080991161495	-2,9488746497183507
0,4590688518872177	2,42704603052156
-0,4922388041573703	-2,4533435680941453
-3,1603940689969656	-0,4573366955408521
0,9587604643090661	1,624958662390212
-0,08011650992157326	3,0915080912713653
2,1934942511250286	-1,624331524653392
3,078706759026417	4,446884485627237
3,6911294123559917	-1,3487891201818092
5,297947982729832	-1,8982064754152121
-0,4964092954512911	-2,669225381516095
0,4357898980707393	2,649545291030014
0,9410000847820859	2,577461455135814
3,9171982038622746	-1,0024774079400633
0,875631663457777	1,7176892303532714
-0,11553359824032183	2,362796983859738
1,0243077379451195	4,003986399358416
1,4680788849824578	3,8508974977635946
0,8110914809031977	3,8122587409139435
2,341333117439536	4,455894920248729
2,855954735233952	4,277093456945991
1,310442251571774	3,4005211382369134
0,6936029160536179	2,2276430624844057
1,1489059397161814	4,019554294568287
0,919963318899764	1,440503053040601
3,769953053204287	-0,7012137206994651
0,23814138038991306	2,1403187896635507
1,6981622554643288	4,452684350375469
3,861717440567415	4,113519774907535
2,4984590726615235	4,16007752952769
2,1990245364816055	-2,2956073136596955
1,8203132819838688	4,986530357280676
4,449189399880787	-1,6481795724494148
1,4888608167770105	-1,9409781120523237
2,9935096095619187	4,074187978745603
5,334821995557322	-1,4010984407213782
0,5481724433312212	3,4463852710964726
-3,4760755542790904	-1,2079724864077424
-3,3022088042562974	-1,5672298318651539
-0,8986960744634831	-3,091296159833655
0,21266296709693355	2,0736506365069
5,140514226057377	-2,472288656636284
-2,5285661527025605	-0,2484503516577039
-3,017377173890033	-1,4640335045263326
3,4243209593348154	-1,2915213623613475
-3,802558191079577	-0,657685839818144
4,523073953263884	-1,7255909669127862
0,31884877942607615	3,228183102551782
3,711965033376501	-0,9094052188847217
2,387978398356914	-1,393332186995444
1,1031099720611717	4,51192077221598
-0,8293077635332075	-3,4627003278266355
3,919562728376846	-1,2527856247404077
-3,1288611461409515	-2,7315266188254377
4,726146266779266	-1,8132730680688185
0,24428424898433887	2,6677249166064563
3,5043542547489945	4,490245374765632
3,4054531086930484	-1,334777251785338
1,0823575116983801	1,5356149152899683
1,9964188697750211	4,348908815191882
0,3353429907317984	1,2642025514356439
1,553087288154652	-1,452526922071776
3,7711227271053946	-0,38113318923657724
4,64561141015984	-3,147270270437208
1,610843920744514	-1,057418713972586
0,4163219449674749	1,3593649446631382
3,7128411649955906	-1,4912340333788328
0,40820971250664684	2,751324531983835
2,878537803096584	4,948946625720016
1,808744241958358	4,577166491773287
-0,8170524790593183	-2,5087906974543035
4,957078787267148	-1,5642393207303402
3,297414272031036	-1,2971862139943608
1,9282774310980566	3,9054357671854394
2,318609024899032	-0,6940496171654216
-0,09244315209672482	3,169610474536703
0,7800278465256518	1,5066014375482961
1,042055273442181	2,62736806285872
1,9384869203070074	3,779054047852232
5,161890929719848	-2,376167715761577
5,704377636128619	-2,716502529689121
1,6563351854594552	4,565608133366984
-0,39584412661094304	-2,9414909008052073
4,173229693574778	-0,825016738616906
-3,4252089866484603	-0,5023490770614197
4,673766657407142	-2,9634682270116564
2,9310092042211338	3,766374869922239
5,608632858752225	-3,44815001251093
4,064758348570987	-0,5890869969368886
4,686491695498108	-1,4633282583583143
-2,8014267800455346	-2,6074389074248225
4,741860406319912	-1,2202706330603303
3,594539187273524	4,662774097623749
1,0933518037113488	4,361677757595882
-0,7768761047758789	-2,141278572338136
0,8733012566836673	2,4394444648585765
-2,3806315813663996	-2,9263924789478466
0,7186303675804793	3,060104548665429
2,779341638169244	-0,7284690815831238
3,4039050748875743	3,907071333646501
2,2435304678942756	-2,011735919563569
2,8063789474808334	-0,6789200430440774
4,312854953223079	-1,5878276572117866
-3,1057943877368714	-0,43323145013497677
0,9956612903743494	4,681048539097372
0,8391764004769091	4,155322500731282
1,3594938687014035	4,441078209928507
3,4142269548309474	4,218682338440977
-1,4207472656803817	-2,7816666108941885
2,6534237025087632	-0,8813498413247207
-0,711071318360809	-2,460839278416353
3,3194309657406107	-0,7119830234327957
0,7415966242385048	1,3422243294271148
1,1776679399801258	1,867699075646666
1,0416048399588431	4,601985685757601
-1,9202554602441797	-2,285818208498723
4,874297924601391	-3,3998715106572472
-2,105123901423544	-3,168275868362623
4,286220563463493	-1,3517295322086256
0,8129731152345807	4,009922336113224
0,019429888355623426	2,969503857869127
3,0779525047929464	-1,2997133847186217
0,5836963722009969	3,987352190457663
3,603449022890463	-0,7339640233280087
0,722195707827993	1,1295465252562586
3,4202127451451148	3,6455032763276236
-3,0079682818301516	-0,19367082018260295
1,8317600121371518	-1,9296913226473518
1,314480711179281	-1,9628845829516137
2,001386734986692	-2,174176212955428
4,110544388013524	-1,080031874651491
3,8554385935319164	4,22948111510654
1,1182744330857366	1,942153256566515
5,289867780182917	-3,3013629209835527
-1,8373815653140264	-2,7642088804628626
4,9007800023409684	-2,4789616710223603
3,139586722935563	-0,8710605492189714
3,8909622926394394	-1,609294578467852
3,325108118992687	-0,8034979696080211
-3,5646005625514965	0,040751357327981186
4,595387223902087	-2,9918778078454964
2,610725171088502	4,3895689708227
0,2379939056013014	1,6175660704417703
3,577134199943032	-1,078843279506514
5,046062384245707	-2,304293104248499
1,2148548113258775	4,421531353546264
5,633579229117453	-2,420938396837779
1,277678909411702	3,899002656614471
0,5935853776728679	2,061950122673929
-2,46891360654616	-2,4858062900080276
0,5928583898406188	1,004424407799082
3,157792203680634	-0,9015851087248119
0,51101951316905	3,264140645599504
2,0457509828078444	-1,6440064313763794
0,9444556778620039	3,651257670575303
3,839203805738804	-0,7042113828567635
2,2253955218966603	4,459912362130153
0,8443595566988209	2,156316138743906
1,2728586285680796	3,861679346439585
0,4541658959901125	2,2908049708834293
-0,5537597903266435	-3,247816607720148
0,6713991452322232	2,3432753970760825
3,1111912150702237	-0,9288189658885859
0,3033921571924636	2,8942412677767893
2,7305314900720186	4,3381431245913955
3,310475544881755	-1,379694250485572
2,1149315532468558	4,496859919520909
0,3870418916750946	3,5228130947250826
-2,0334010182793683	-3,112710668882708
3,014307787668034	-1,3474494378223603
4,889687880856153	-1,0125088439656085
2,6841984158992855	4,918445883795917
4,490690170094272	-1,0303914229833588
0,5897032457787093	1,4374247869622243
2,0200785834465127	4,653820239307772
2,6975386580976988	-1,4754543972651322
-2,505340019196745	-2,174900279188591
-3,832922031373225	-1,1206547365109545
0,022328845584385526	3,033763429951761
1,2627597720291008	3,804386206766625
4,184183651926003	-1,5558246790221886
0,892094489819139	1,3015507953867818
0,34733797767861696	1,135874577098832
5,369187913882178	-3,284115176990886
3,479374888173951	-1,1909416303340556
-1,1761950546586053	-3,303662439633771
-1,5189454812172256	-2,5192431957025407
2,594768251047105	3,9711524287745
0,9622237902625159	1,389980957029775
2,471550447426444	3,8401417788160193
-0,8557026381336652	-3,0204200295060595
-2,8020507564619543	-1,5016953431572455
2,4733353824636723	-0,9631134281470515
0,46500143922637194	3,705885102575655
4,656126786137016	-2,2228675195482284
3,8868727130085876	4,398501442514309
5,333995382794386	-2,0338725042326438
-2,3353752862818125	-2,7403564128763613
3,372571119190229	-1,4698589675363636
-3,5291428361363786	-1,9073128493614382
-2,8527512453008868	0,5268306674216459
-3,1692452965536893	0,5201007746323887
2,2886743319482736	-1,8838372267077905
-3,5699694674298104	-0,8864633886203361
0,12683211274269102	2,750336428789697
5,164194353717198	-1,6591570274117373
4,087354395774722	-0,9863264946181589
1,7598183160480476	3,8955963395151443
5,606018288835365	-2,484337925021078
1,9710423588519732	4,678875343821735
2,3888517126142155	4,744553499617277
2,423465170026082	4,380288543532603
1,022400154075341	4,041771774467451
-1,0328461465463488	-2,715986742337532
0,1618365763711398	1,8027281242367497
2,755816764078964	4,775457701250241
1,2767082174527566	1,8597498960954058
5,181175748985517	-1,9873166456349005
5,051909739868312	-2,86954289184933
2,6030946552691905	-0,5474908285507909
4,907307770643688	-1,8632294140763246
0,2826313048420701	2,0218995453915536
3,0435362141427027	4,203438866979257
4,871424634306164	-1,661481317620032
1,0178420560519843	2,544808074973508
4,833254107830076	-3,4393877088472826
3,4218858164777877	3,792721927894058
1,368816920061641	4,413508717184438
3,290522589577026	-1,4614201875130908
0,9316503354086014	2,772167328735878
3,391509744845102	3,6264385943695086
-0,051274469279442236	2,340701090045144
1,000153512677883	1,9578161308188307
1,4749737429069103	3,6027864135799135
3,071325511018693	4,120852604181398
3,7055215247296642	-0,4010192790373459
0,8402677819964401	2,7792954111058656
0,6883577960448135	3,9925162097008995
-2,78557396733504	-0,6173323174856308
5,254621033027445	-3,092375818615345
3,8855867043028987	-0,6288106973805383
5,300220153285598	-2,192047114096606
1,8659160757660698	-1,7219338272331406
3,800731388316864	4,261825631029784
3,308988748651227	4,681992973460531
0,5982576747851105	4,366652012464948
2,0879345828215876	-2,2809958348706165
-1,03277669208384	-2,6495803934027387
1,8180744357905418	-1,8177791058514845
4,95826284391844	-2,7624034540332687
5,3852236861830765	-1,6235345733172992
-1,1003938389179688	-2,831971149618286
0,4436225149581259	1,6189447678674984
1,1393342161047433	4,557102287029997
0,43362112648752005	2,4192246479163417
1,460258007006928	3,5825866868774954
0,09228663326363673	3,336082236432801
4,762494219017141	-1,919059944098307
4,907159932628885	-3,005465947244301
4,612037983805892	-1,8633310851624039
5,348970991891879	-3,3510752220363793
1,427109998100523	-1,834782717113986
-2,6075851483771197	-1,784736430312491
-0,49121386085148044	-3,338000215171157
4,21245692971623	-1,8033664813932933
0,22036480943012204	2,2460832473255823
4,885222784050111	-0,9029357969067628
4,4767744903825735	-1,1408832490206486
3,09704308734005	4,048055856583418
1,6854907986137952	4,40555584848813
1,1277751420037752	3,291638744541526
0,6970743157544388	2,4407145963544923
1,0989131306169786	1,9915903585785386
2,118526596163664	4,981392002051768
4,74575392864669	-1,0292326469675472
-2,7203606978558565	-1,326632533417541
-2,428384129862641	-1,782419139858352
0,07012854841393024	1,9356036120898321
3,528828948029219	3,822181171123263
-2,62759758147238	-1,6931264575488771
4,557639355222218	-1,9015917696685256
0,9879754247960941	3,643809707116012
0,408369461454392	3,264452105945894
-2,1375041697947803	-3,27757477115541
0,1541939594191568	2,781559534540463
1,0589242920862707	2,962687700613025
4,91769205738394	-1,1973658467257156
3,200492877233503	3,5669241133039096
2,624003344205547	4,081431409457318
2,7718816903561736	4,1835828005110605
0,12151932567524293	3,48211963714417
1,5768804336276687	3,625753263214742
-3,4042518783209843	-2,305167891146691
-2,528571117174363	-0,2618338005878844
1,843326934889505	4,042589597209438
2,4047065283796423	5,03870442404708
-2,7690452552294236	-1,4261030091523785
-2,9987201372984895	-1,6421859702660029
-0,38549126353382335	-2,7105100829319206
3,8197444026914673	-0,4969597351876254
1,3244984562003506	1,730434429902148
0,6271421294251145	3,86179073653625
4,181769152662765	-1,868825784196466
3,8274186961403873	-1,149572611078432
1,3162247673984115	3,6415926359610244
0,647381016522363	2,01606798785967
0,961711045081552	2,7122989090645424
1,0309541413254266	1,4673412084681046
0,4256798111584046	3,97376997430272
3,4941837059937266	-0,7270893958213551
0,19085549086820652	1,476005734270592
0,9266009300842488	1,3277780022465597
0,6720860137184683	3,2029192244195404
0,25059630965498814	1,2989258819225649
2,186926128954199	-1,1995080619328267
0,9039777563084208	1,5308422970109
3,3011423964238737	4,709693715477222
-1,6495976103722958	-2,5781992478581706
1,5245916999382476	4,61126106072204
1,238762098563104	4,122923607456352
0,7996432390504733	1,4286597258534373
0,895955873859922	2,2769250728359913
3,0861470672414812	4,090114376651628
3,050548459728971	-0,6431226425131449
1,0602863355360772	3,953432135854598
-3,201994121817339	-0,02591433472609883
-2,111202746928345	-2,7429134838662574
-3,6492133809074354	-0,7398044621776971
-3,2375921903293152	-1,5509454505600537
1,5144412282896824	3,602959669877304
-0,4758424144347424	-2,976906148592935
2,9724278690432655	-1,2484211901778068
-0,9050439097696741	-2,4469159904450883
5,006940431061573	-1,3473130757135743
-1,2237764649590432	-3,1008443058121964
2,2517318407319378	-1,087203551288151
1,994952627543829	4,605490265581015
1,2468086791587758	3,2425984393579252
1,6648258910270683	3,931017433270753
-3,544037184597912	-0,47746466106998253
0,46783001315061856	1,8994603931781833
4,72443761021463	-2,0824165884046244
2,4282314691615703	4,042551915924658
1,6003910350530555	4,340553425347615
3,0751624053477125	4,874947894993255
2,268171043375868	4,161400494219793
0,35209765915094104	2,9396721168859608
5,140805336388504	-1,7861557129212997
0,7695731896555538	3,539841796805006
-2,711052066589869	0,6994890389949864
3,051758732445518	3,596192847294633
3,710789681450632	4,385321858891379
3,4798642984999413	3,7879480012569156
0,13596134461207532	2,7847600810908544
2,209295060902299	4,690872590589679
3,134959133677059	4,445303718912212
0,43259357077056526	2,244337284803728
0,7188801297375684	3,6475014738816673
4,85958303985543	-2,9176009865828036
1,4199796808043557	-1,7953201319291106
-2,7804090075288426	-2,9344092159670088
1,2409910708045264	4,793492310197874
2,9294095613022444	-0,9277948171144048
-3,1580983968885428	-2,724104775159164
3,220056910122605	-1,301734479832906
3,2014115644784598	4,618855333741644
0,826216002837445	2,2749947050132553
4,9609617710732845	-3,4772557213368627
4,973967466050398	-1,2876030035044808
3,7432130175651137	4,5926207863035025
0,8548562426348645	3,426833509134736
0,5756839470798238	1,896354747760141
0,19696060364561108	1,3680517389462552
3,0073543709229664	-0,7691485533751052
5,275317746903985	-3,511505530979997
4,774760503062403	-2,1564610209795783
4,983441244154294	-2,3006077078413636
2,7310782441152157	-1,6740407919433182
1,4015704099410622	-1,9852823554216958
0,4315191718783793	4,0312906149931305
0,8521546052556663	2,9578259621817065
0,8822357895695825	1,5174882405599557
2,324155988892386	4,581992551104639
2,602318408765644	4,796534221696183
0,7001685861610505	1,2735363501906858
4,258886925757396	-1,3003991899314011
-2,6939639105471107	-0,5388318034125774
0,4342812325299894	2,744652835169248
3,036612263584038	-0,7458922243559671
3,892043603338329	4,223697961490885
2,0604190772369617	-1,3055319873830722
3,455378069781273	-0,6771819175210543
3,466976944171485	4,436203822444756
-2,898527749702718	0,18560275650540636
1,5530990039707304	3,621710007027868
2,7326185840173576	-1,0657573174746324
4,514213202876564	-0,8494111063723384
2,7375673427298732	4,64205618388252
4,1758081930646975	-1,6795809478382346
5,039499060282182	-2,8638496350762517
0,7869219916912273	4,01410047342679
3,5233460740641473	4,324197223142999
2,2869043587075373	4,637074063089707
-1,7258661707152405	-3,3430316426323397
2,2308685246738236	-0,6933031361882365
0,08483218697144324	2,0894843725425964
1,4090421070576296	3,9643098942383084
3,4291622018410814	-1,3797356941005487
-3,282461061839134	0,04170685923114581
3,2439526212934062	-1,5444531200814955
3,1462696860884845	3,520546512836108
2,4681785264717213	4,821248778436331
-2,5293263380693167	-2,0610738281934697
1,4387527479037168	4,4369283114583595
-3,248289630100192	0,5982971409070346
-0,8040190549694368	-2,577663623465663
5,456546776651471	-2,0449117041215725
-2,9014985527843105	-2,092271766736692
5,251509094870594	-1,8978981194958187
0,5197936928978972	1,668197444717971
2,6076924272111097	3,8482062869428892
3,8240016393565393	-0,9161130915783327
1,7669660742263331	3,729460834092513
2,617281099114673	3,987027567483022
3,2848384222941918	-1,1999109877580438
3,657362783342051	-0,9715632739827424
3,178978114823846	-1,4903144858870725
0,7628982402630831	3,4567224047349647
4,77228040358824	-1,141037256105446
3,7416322486708746	-1,208598715824543
-3,6513596009616167	-0,6905148249371302
3,540318615465493	3,9791466089152117
1,9415537731758463	4,273961464201651
2,393747315575559	3,9688973623104022
4,41802459605171	-1,3756631511396722
0,4557391259040773	0,9441975513339831
2,0598563555233174	4,6237617101085595
-3,526786331055684	-1,4231424819794767
-2,551045155697726	-2,8402640203295904
5,51993255235031	-2,650185300609195
2,0984122616056657	3,8900608200757034
3,345313399220718	3,6662123892492753
0,8505957549887166	2,262186617678829
2,3589211593162442	4,046075044284832
-2,9959771905811556	-0,8315647930729395
3,0036600116464576	4,059355157640052
3,047565495227743	4,2222800795258
-2,7992849198546446	-0,8937350405390042
4,266819886362787	-1,6996217236615287
-2,623870409799027	-0,6479670593833002
4,079702794339892	4,2875982593009425
-1,599352145661469	-3,336479670640709
2,8650464029808216	-1,5874258609458558
2,449377657534707	-1,0343450574862834
0,8981714736494713	1,726349534372445
1,4431785326363447	3,9972051989695547
0,8013402413859598	3,0323145796887356
1,8128050008057104	4,902419324844446
1,0584819034102728	2,1400965931888822
-2,96047120266529	-2,4056970919159233
2,349531214270018	4,235733620937244
0,15118726656170667	2,7943703819511163
1,298744921175439	3,412165297484854
1,5086819661238013	4,718544295445642
2,42825565193318	4,729316153322293
2,2868676418196774	-2,1229066050469343
-3,220933694462631	0,5514872901810186
5,054159374485576	-2,951671794784233
1,71408884501733	3,6958132482939545
3,525560697512518	4,633724273130511
0,2335618771109833	1,3078220546344683
3,415394195961611	4,652987268095614
-0,06843707175103164	3,145669823695118
-2,672401474919383	-0,5801726806191094
-0,7184266086824735	-3,2255872498566562
-1,5559021560064636	-3,213113571825872
-3,08800298379699	-0,47082336997242413
0,8605139493960241	4,304982077030331
1,3766405355419	4,313829283626607
5,222509677768139	-2,2588285567284214
4,792935962583252	-1,5159925501384568
-2,7756874753304714	-0,9550278798978316
-3,5031556591216377	-0,5382341814878628
2,5036286954061624	3,9563392085573352
1,5229720928288075	3,61735658441144
0,9906308806091526	1,9778847249664624
1,0443580362026363	2,5440703156147544
2,8539023178300984	-1,5845543118306502
5,6854606691150895	-3,4368805778445224
-2,521234799200273	0,022504498764108094
5,009805158553506	-2,5753178515763206
0,15334285772492962	1,8720176494618888
3,0749189096077143	3,958217582026523
3,26824284446917	3,6728848130155436
1,1813195339857787	3,8533412918564816
5,335367184867909	-3,0015725285654127
1,957626368904162	3,7974704056729007
-2,6960060240404493	0,2819566125064057
2,171204112673355	4,151084105858226
-1,9970548013306253	-2,5214068120760205
2,4310768972466033	-1,8000563018337892
3,6594960519547612	4,039807388078339
1,7632916722566365	4,345084414711623
2,195382899352523	4,162864585554937
1,1042745055711762	3,769748590744996
0,549681090481579	3,6233305009489656
3,8747454546027447	-1,6962113518153796
0,5537570795605868	2,1530048780247184
2,8003625420300446	4,934761847591947
2,3305626985130354	3,9048760260613715
0,9798047339255378	2,015599967387171
-3,1781968792045836	0,27005048115591235
2,704504702281793	-1,677351025427004
3,830395069837126	-0,9785971847920043
0,9409897942829355	3,066682453793236
1,155752110912096	1,8092239251198623
2,44078025705538	-0,8227929165468519
2,9523113923199564	4,419026835799016
4,86954814646379	-2,4606572968638183
2,713341653057143	4,968253250252915
1,886206673124602	-2,0980207173450385
2,8644966277327204	-0,9402391864833519
0,5944120152035164	3,9676474257922374
1,0270283857001625	3,813184612512732
0,22658617266116554	3,383354049658495
2,413210833541481	5,0182072336313235
-2,7853257160643854	-1,2743006597272482
-0,008607678895089066	1,8919765480095905
-2,1880407039017435	-2,9079641117672907
1,5299389878691045	-1,8418150587186117
2,9126615497577024	-1,0811744058425032
1,0410171317755412	3,823484900314078
4,855041381580518	-3,4539807322318543
-1,6137682298304667	-2,587784203285052
4,573787191537929	-3,151596726057102
-1,8538746318387829	-2,9739190599450227
2,118438274494249	-1,4420378850634403
-0,5085437952373761	-3,229078178605506
4,427330113156329	-0,8302022708228001
2,7164452005522475	4,685603034121623
1,5629806480608566	4,93985325525232
1,8196116941775267	-1,4319610563731628
2,062719904577088	4,163043382609049
3,160594374758786	-1,518496061043333
4,613827911825171	-1,4605634102445588
4,772224089770392	-2,9999722592385014
-2,092510764337262	-2,958330490292635
0,7644077662939528	3,2642310178649447
2,779062641828702	3,85320678723874
5,1286712258018605	-2,4149700025522565
0,9895731033895698	4,677494770484845
2,9451289507561724	-0,39844310921965986
0,8384415792790845	1,258605347332334
5,46447491682069	-3,56738928938235
-3,3406898585933975	-2,018784232885924
1,043021871840128	1,9044908420134947
0,5610399310450784	1,652312920470452
-2,6124026010331542	-2,1700324600790672
-2,3179272930756722	-3,317902400700924
4,927592979069743	-1,6914900388990834
0,8779437152382201	3,2791684189506474
5,245402653885809	-1,7896060652692507
3,396903977687814	-1,489968462588287
0,6148373872744168	2,1945400743497254
0,6851684334636203	2,8831113228572076
-1,8701403607103337	-2,337180220991066
1,0757158529520257	1,8146625983061107
4,895530949505061	-3,075135774255581
0,27872456194284245	3,927797822678439
-0,7263612127361274	-2,370074290721454
3,0297322253545698	-0,7045861162313165
-3,2639066277891056	-0,6545526892020398
4,642541395270639	-2,6472209602164645
0,1979292911163344	2,803836675102086
3,457378683470922	4,5177055711893885
1,1255081601125532	3,1794696483207963
-2,9025647714379295	-2,2233542234757584
2,6885902488505637	-1,5829621959394056
3,953021633867419	-1,1222083613365976
2,0672436253610984	4,761026740760768
1,845192724656852	3,769185107376546
-3,139576642429689	-0,8161302790337321
4,014247917148643	-1,7650729989818037
3,297390195620408	-1,2460578823380832
3,9072258020301085	-0,6165571131700971
0,5879900382064469	3,441359962083462
-0,7987413074910957	-3,358745698209653
0,6791968158943884	1,862276559655065
0,6550745788407324	1,184557108371874
-2,0156929025087247	-2,4909632991678006
4,080147309170345	-1,077224873019898
0,16415037519715536	2,8055251550299554
2,1016311322119097	-2,06459824847979
4,985650666335089	-3,30831208829435
-3,26423370315741	-0,9841160064201442
0,20373061804596437	3,340267013983048
4,652712216750233	-2,590590182394483
-2,8709295739826315	-1,8143602863878039
1,3677176107858575	1,736460605774228
-2,5092892344630013	-0,2700417555276442
-3,2069831314340886	-1,4604178440354167
3,764044644274751	-1,0687559840074423
2,1192593723178517	4,221843942586942
0,5122205745573138	2,9115868989869482
1,084281992566916	2,2628075660996414
4,874680399361299	-2,8789627280980548
2,1790669099938222	4,733106189641672
0,26315191740931976	1,3735227366244707
-3,8691009022133347	-0,8895500527098819
4,086583072113779	-1,157379620821368
-0,4636444036756462	-2,9634094434489704
2,879403828221518	3,844942519719682
2,122779996048635	-1,8092604246315158
0,8487334588180317	2,846828921466474
0,8537944193243787	3,366084414045912
1,1536530035192203	1,8925700782241968
5,077505539214671	-2,2700775151483485
5,440925571929956	-2,1478190196582068
2,460558572187597	4,58860691683741
2,1665064983443494	-1,8771186578619332
4,621407644190252	-2,4993393026105
-0,5605552176284913	-3,0452066823537587
-2,8262287643023094	0,8966445409232069
4,202980634159705	-1,5177843480395665
3,3164496270871364	3,8651062237089597
5,038608080176792	-3,3095462448742836
1,0737690347117002	3,7035631400649303
3,342418047319598	3,945078548971404
4,932377838414936	-0,9861626528060736
2,1930916625186203	4,723393548575519
0,3248001628367829	3,390190917503428
-2,9892151635758273	-1,0398661593647482
4,809901128067596	-1,3526055671556747
1,930922304602072	-1,013339686725433
-2,5273880351964486	-1,8630037022221735
2,6042054585335466	4,343460472714851
5,717155220521007	-2,3725357299189844
2,016379319786684	-2,1174153003550114
4,973598837563773	-3,1182212806484753
1,7944010130275836	4,348572259971179
5,560439260249342	-1,8211627841602471
3,1786850406092446	-0,5656799627874491
3,6714655183690414	-1,5963349955923845
3,0886777540929273	4,599864966349282
0,9691447048157438	2,4681187796047066
4,323940306504346	-1,2170277918790624
2,3794659705013324	-2,020305174719499
1,1792929736454751	-1,5940171811776216
3,950831262015274	-1,702701962500584
3,556587758505576	-0,732999367857035
-3,0575090414085757	-0,44831292823170144
0,5551017930158166	2,3677054418562293
0,18361780629201574	3,6001171480219147
0,8715640280789672	3,7718941650747624
0,03274245213268312	1,8442145807707808
5,361465344792766	-1,9447144558854101
4,711670428325453	-2,434900004283922
2,1898207352699863	3,9906487031368285
3,969377298270648	4,157744217880286
1,280819260820244	1,6410030541299463
0,821913057651068	1,549120518357844
2,3925842914171276	4,6188204512913495
1,1974277071034922	4,340413718823777
1,1695679982396245	4,706866773395474
0,6010627681407308	2,2381533102664437
-3,025894371539098	-2,4832395800515323
3,6832094570485943	-0,804141758223893
3,782286156480037	-1,5814482591881147
-2,6657124260164533	-1,06531328763545
2,5823223207650075	-1,0125023087820741
1,919918812031586	-1,7989683091427646
0,4155864467525623	2,1092089544437465
0,6840973445473935	3,7339402027539728
1,7391331722899164	4,535690560561431
3,661797460980152	-1,1150883399455511
1,04730941439406	2,1426513520391146
-3,1814659737517896	0,6377917867677503
-3,004171127316335	0,01253348864124515
1,4750875805629216	4,898208497381889
2,931900942956709	4,872953694897215
3,847222299932329	4,376560511871574
0,9496382489018749	4,225595824241684
0,08334207078476297	1,629891918851159
5,610217006562483	-3,4684626819056588
-3,2351332013100826	-1,4795445204297413
2,9550144704951595	3,716798718779664
0,6915683842872635	4,234726979277325
5,315051265476683	-1,9720855691740784
0,40322734243521197	3,714117114564138
3,1012218919570866	3,982194068672777
3,1156098573946704	4,005720504612468
0,30909364598702727	1,9923223880341712
-2,9114569696978383	-1,5543268781586592
-3,580626504782604	-0,9549479005330133
3,746188469033598	-0,8981201581485823
3,325991556282566	4,711154029345723
4,637641477621336	-1,0454226742828088
5,665122453085127	-2,2813383726916396
-0,9719232267761151	-2,7547062832698144
-2,5190138165304043	-1,742003619269485
-1,9182470964511866	-2,871544241583861
5,229173256473138	-2,353278652984614
1,9203148086638218	-1,5029721221562808
-2,5743993113755033	-0,1738811830616498
4,837101342074067	-1,3849372211632054
0,9193780567475633	1,6939356308719784
1,0908816057892305	1,904256386878659
1,1187007973299021	1,8089060393413898
0,5178536139936776	2,8429471133190676
1,380466357064752	4,089106615556991
3,2917424943290734	-0,558559435103986
-0,13471770087295454	-2,994075053592492
0,4678849369775233	0,9206503402676258
3,918670252213381	4,362097657243529
3,6954817314270807	-1,50577672876426
-2,8579819501758714	0,1332859226097327
1,7752908375679417	4,539501976803107
0,26703734895212783	1,601221516431944
1,6799598223798273	-1,6149527574798141
1,3274592829721328	4,560121903194542
5,741476473457646	-2,5742139788481535
1,0014886274871588	2,928216609184134
2,2361967514200596	-2,0294316981474845
3,083436976907014	3,721840485874023
-2,6271059242301207	-0,47734557149571377
0,8824230394462202	3,1233051648011907
-1,4270047321921209	-3,2829362139529112
1,669550768559092	-1,010402440290886
-2,9651317648566717	-0,5387092456360248
-0,8304904541068433	-2,262625456119948
1,6229147977933462	3,7213186233879467
3,985854124110343	-1,7191773158281602
0,8469670242182508	3,3310182260498604
-3,2952040716902387	-2,143680578163461
5,502923321804828	-1,949874093301284
1,4471907636486392	3,9307825266945207
-3,044025404823876	-1,7830422688973493
0,4316220362202634	2,1231520168422007
5,198122144946427	-2,920930625973029
1,1907776568288617	4,239659669499929
2,9486724511067104	4,676531504078966
-2,8226817277811467	0,5958052666099358
-1,200074643816531	-2,3343979819116116
3,673712186722595	-1,0534906352136597
1,6718632506778923	3,8484078088803644
2,8042430466258472	-1,423115005016932
-3,003738727348143	-0,07229376832263412
-2,951386129962666	-2,5839776760467936
-2,591128849655373	0,39329065544890107
-0,617724830479788	-3,36206532204723
0,8101927418167238	3,675832007124476
-2,7344535219229797	-2,702984001199374
5,387215359714153	-2,8036385521948963
0,9754765788129958	3,3002679723691233
4,328043463586556	-1,5072471113937131
5,545960760706546	-3,1240843038248385
0,47788149221529963	1,2623682927400623
4,9695195042404166	-2,5325587682550337
-2,210183003203243	-2,4210791281551147
3,110824212120043	4,18322297148296
1,1771625774424743	1,585171463663992
2,162724193646281	-1,9841056922366918
0,5910157431148386	1,130740234011125
3,252146594209276	4,733444594916417
2,459560421032247	3,9681961127797347
2,0054554464302603	-1,8758982924409822
0,9809658184393211	3,096466973957612
-2,542784220022578	-2,9734633437366855
3,6539483355674367	-0,932054451770552
-2,504549267124714	-0,4312230203632945
4,216945450307853	-1,0849531782856165
-3,432814136473327	-0,3754568421921842
1,7581417809190953	3,8138723610542433
5,143716153607977	-2,5999407923703504
0,9375272224217155	4,124847333604805
2,3804834846447442	-1,0978659503300738
2,9015112985465095	3,793774035317316
4,537669685835416	-2,492278306730532
1,3762606234217045	4,431367543715776
5,1013275174584125	-1,8257073851527554
0,3801686203752126	1,0216041107072913
0,7266128509401284	3,7527905048550716
-1,866491565005163	-3,002739453367895
1,364853853519902	3,7365808685993285
0,5867393073110834	3,8631726474614716
-3,1226719003741072	-1,4664292167820348
0,7448621740908448	2,3851678751050525
-3,456677906357525	-0,04355828323502264
4,686083978334331	-0,8987282792969122
-0,9285584159816688	-2,364145538985478
4,263405887042538	-1,056668554771127
3,284065476048143	-0,5272563196411149
2,6268876899421834	-1,4493348777251758
2,7668329477685036	-1,3182581589774833
-2,827558465637401	-2,9667875182728847
0,39705197024465955	2,913655618145506
3,993975539438627	-0,6460734894937308
1,1906159709718946	3,1793725015820433
-2,8076254932969396	-2,176996599142864
2,217402618080584	4,126600945148567
0,06775779665884807	2,0462003524477685
4,61481526454993	-3,3180389147299847
5,315846422740936	-2,4809523240079723
0,8050074024417511	4,223646666585542
5,752573549526025	-2,9207478529698188
2,233719408795464	4,510938518965287
0,4465695667355496	4,040250010518069
5,211913327877481	-1,9470831542039715
4,36131907957426	-1,5577157183624784
0,7378417401750943	1,525393512667497
1,9781070330331163	-1,0705591750269803
0,19037725932956562	1,8184581473425787
1,2021829480847757	3,3241986077109176
3,668318113196959	-0,554451646250115
5,548180304293574	-2,461274747419974
-3,0690975946948233	-1,4485428088886567
3,28896082257829	4,144402572787071
3,603680365553161	3,800800707767266
-1,0917193061794968	-2,8902892591728753
-3,400988011339636	0,3106033248951783
-2,527349585609652	0,05513239276310622
2,3947506194007597	4,500876659321596
0,9390760970862642	3,5144642943668503
3,2936787166715114	-0,7602205464979899
0,815382431285141	2,2499800933905414
1,518058204838559	4,253719355105693
-2,4772932521645203	-1,687109531355189
5,2925227631208385	-2,9115891034697916
4,138468479646189	-0,9741446878818247
3,8498286509658284	-1,5916730019728238
1,05034029331809	3,6193823445888835
-3,225835176515696	-1,855860395559267
-2,543285210828834	-0,3429762714586614
0,07776161922239222	1,9598513396986394
-3,114870336894474	-2,5085622329881723
3,250659442393304	-1,4797835633898877
2,0763894900201327	4,917360508554558
3,0367334492555846	3,899003479065523
-0,7711027117695118	-2,476407173598654
0,9102151156769824	1,7029540327008115
1,8394428937263827	-1,769563588249793
4,990870642192579	-3,302626504535235
1,279740485557756	4,688853164394903
3,180437295792122	-1,372276534415246
1,0969902070814719	3,086167228222029
2,8212474402237944	3,891526344283106
2,4743826128070254	-1,305830600385074
1,113355324398861	-1,809533962454954
-3,627697450910962	-0,033144416559562684
3,678580986203948	4,315233868860036
-2,9675587788933724	-0,17387794508867738
5,065642295624338	-1,5175078495302012
5,526810177772117	-2,8977774371243674
3,115979727980504	3,755210917644221
2,886491796823546	3,7657533267848504
0,19306485986795874	3,305664021689606
-1,9676883871565292	-3,2399000922340155
0,9778243665870952	2,6209595680196536
1,0478201171937478	1,9000978715955752
0,6211695345001154	3,6726873523419035
0,4144872019815855	2,1686383590476304
2,925947181017155	3,8803940901161624
2,313444335321693	4,299977361026891
0,6158807930305981	4,305953862621477
0,72528535131488	2,8871546832009223
0,3636409728964711	1,3810627894032919
3,0494730992418466	-1,1841224836197655
4,464570143818171	-0,8846631600657902
0,7796646730485273	2,5697419702487587
3,054449619741362	4,046007323781481
-3,797999160816752	-1,205108868560108
0,2759465307595348	2,007799140264862
-1,2000487228201882	-2,3183030441465116
1,6962003955769522	4,220782200934318
1,67733054558055	4,217694588466221
5,223898190771356	-3,0719340484470585
5,6194745432284385	-2,873081162353747
0,4074339006976042	3,3121692364232693
0,8109231286607099	3,0917651725327056
5,806568474901653	-2,5856416826256092
2,39765295466891	-1,1835357889857976
2,117476012204566	-1,2677954670320624
5,116940387307984	-2,2885191562808185
3,82678740337563	-0,6644187705639424
4,784768682226678	-1,7854844475766818
2,4295048048443424	-1,2306262267857462
-3,333502970243186	-0,22484027000061213
1,0250833532528254	4,104508038700104
0,4692687092799537	2,5659763007694205
0,7266258697168115	4,252094163430088
0,6288741000946998	3,053755731136036
3,19204191030372	-0,8256143374358542
0,7245219347251255	2,465194598511699
5,6631811945646415	-2,7905319784618863
5,348643018865978	-3,280643487808793
-0,3953007501492133	-2,4885929743648916
-0,9615167926016764	-3,1073108184048666
-1,6037466325564163	-2,7708302670430625
4,536060645576317	-0,6570205225004737
-2,6930351616009442	0,3045860840993768
-3,2751302881889583	-1,2925445336665802
1,461568836163333	4,704494229205469
0,08479780282281801	3,4754369737384474
1,9364415759547446	-2,1692188215283235
4,517780188688535	-1,5507428790267925
-0,912168843128806	-2,2414176479331203
1,1131945130167318	3,5112907442089516
-0,059846228666465606	3,091950841202311
4,9140142408582825	-3,297483858354214
1,2811166559093778	1,7521814771739639
2,8641707047174334	-1,0248651265251503
5,4596974884344185	-2,82553318969062
0,42270936198468334	2,745694492647523
3,34174997024959	-0,9242992177636111
4,384763410779259	-1,2295746489051964
0,4843784950652359	1,8862062356746643
0,36728403927509934	1,3873135165408303
0,7763916038242016	4,19309595816551
3,791885572468384	-1,01961209708025
-1,9798175495788204	-2,6237508518155757
-2,2756246077337288	-3,2178628344289586
0,5645475838503948	3,2664922473446065
1,2073073918787562	1,8045675158942407
4,244636376730203	-1,0441971378481005
-3,146271616100292	-0,06470121257894645
1,8636293624088156	5,019800066118829
-3,1860199136933254	-1,8018035334023461
3,1005248532741616	4,5728305647294025
-2,4384271266465762	0,37044834419787764
4,153172341318458	-1,80742776063642
0,7742148964954163	1,6883240885175674
3,652813490507605	-0,7809321855909634
3,2754732230512507	-0,8820570883985626
5,220535801295805	-3,0883337092186527
-2,4509493825068986	-1,6903143665834572
1,251821209724074	3,324686914160001
2,4801599697773336	-1,3949880574053042
2,239081433660076	4,078383826547295
-2,800316918670833	-1,1524328443754839
-1,2667659733513432	-2,805365823178726
-1,4642942867336886	-2,4979949871138705
-3,047392776656964	-0,5405588644644111
3,9541334999609186	-1,35145745552907
2,612384302917451	-0,9438844837036438
3,12248266755336	4,660780819205261
0,39655468944566374	1,714665810582569
2,254489979505753	4,459533351047611
1,0378213653632375	4,026844454978939
5,0834390000250735	-1,4714860636056157
3,6951580012268703	-1,1184317957048469
2,0492791027728994	-1,6295008704859995
1,2462228086969294	3,6386199744283223
2,894714414244875	4,945242193589184
-3,0424706753746595	-0,190318788696326
1,058870335484018	1,4863087974574247
2,9272882044690007	4,210894724884184
4,924232026793875	-2,900919194443708
1,9260115085473966	-2,2511835841571886
0,7570609127895125	3,1745435678422482
0,28577093937749165	3,767298392158575
4,640083653593491	-2,6021938063038648
2,946184837265409	-0,713155583229033
4,099131664873248	-1,111094956393916
-3,6550747849209415	-1,9354329948372173
-3,483363996703705	-0,6726188234032124
-1,6622126653572702	-3,375469453851556
3,3220128696085376	3,5664899583342295
3,0885664400484636	4,899039994903469
3,184444300871511	3,82462468285996
-3,6214310021038334	-1,1747719820236848
-2,0518135771294848	-2,7017367331007303
5,052944211382966	-2,5184898651615866
3,31991079504182	4,847845904616861
3,8643334571843475	-1,1448502166328025
3,0501767765358627	4,037020470824529
3,593850965699075	3,897458844765608
0,8876529727759148	4,332540819279819
5,334735935022722	-2,0989225117836234
3,422059048779676	4,660766900540633
1,2796473663192411	3,620051564116702
1,7060822397625675	4,184844821983266
-1,2047950478294776	-2,5397282877369602
5,104057896566911	-1,8941692967537385
1,5221968341098737	-2,012789940498365
5,516627516894966	-3,465314334749041
-2,9919779718996393	-0,8522145865190919
-3,274802223965838	-0,23965882908994895
2,28016581693151	4,999391975862576
5,441481872793933	-2,6595281250510276
1,1415624512012372	1,8409767176694172
4,378262235649859	-1,3772097576876297
2,753465325933211	-1,246372811965069
1,0417671137228421	4,548050764337394
1,7943474255615817	4,807965576742944
0,7773262069226556	1,1435979948853088
1,3297807370750718	3,658278483618073
2,4665703353722424	-1,3829831973439077
1,7621256474283624	3,706063927418314
0,8539163343826175	4,366272336178573
2,4811966350083656	3,9131333668065813
2,899934385113517	4,431742335289158
0,8986945513860718	3,344264397910274
5,224289783696155	-1,2965744129419945
3,1120470537995453	4,569544884912822
-2,1522013203133454	-2,4076065111053833
4,698091413285606	-2,5041104234275617
2,744276115605901	-1,555231995493544
0,8165579888860617	2,2724271684522224
-3,3491768134083744	0,30615100226655634
-0,6258768545770165	-2,5382725025545305
0,9648840019198541	1,502492734713797
-0,09587888535232292	2,3268707337908467
5,178709340168766	-1,6534176554570208
-3,5135633569999207	0,13473212036707571
2,0085836644674404	3,8976835514928103
4,659858890674464	-1,1385913029976238
-2,777136056273706	-1,7406849379213996
3,0800206228594913	4,265997257706077
2,9331109559387936	-0,7117836983100045
-3,14440594970554	-0,8415811110038226
-1,5080759786756532	-2,666157472135389
3,0240432955261647	3,855530064545673
4,718381287768766	-3,271002517229258
-2,4229574232318254	0,1649763529185031
4,5815760554720555	-1,7092280597238374
0,8126531979443645	3,2780292679705667
-3,638865798823651	-1,4697944669481253
-1,3764735780639143	-2,9491442742159073
-0,5118571898589644	-3,013112285862298
1,7922745414785626	4,148499131697529
1,7752152369314183	-1,475379276418747
1,9821182138832032	3,866842037160407
3,563066845769145	4,292809982412423
5,043517647806633	-3,1244063430090083
0,6415885480554588	1,7172830926461184
1,40218684399307	-1,3096349246056804
2,135365287591686	-1,8304402679820695
2,9402332951682895	4,015585990288992
2,744294361680499	4,964787779256341
4,9011845106698235	-1,9330603975025422
-1,9447834582575134	-2,808627843375848
4,723059720432702	-3,2002790671669894
1,146243256969448	-1,8857369939094544
3,225038823094348	4,161628466537827
1,0705167183764277	2,7585638573197118
5,420659726709788	-3,216828536048446
-2,6908576688344774	-0,9061293133702617
2,772089907195863	-0,6587565865506924
2,652702728397405	-1,3969756616060354
0,9632260388699532	2,9400165997184025
2,868846328905393	-0,8805520169241161
1,8990308268227927	-1,603378835501152
2,233981095570031	-0,5951268863257178
3,5700857178597127	4,376450157066376
-3,0447218182578224	-0,5803711611149143
3,167134443047652	4,879421828155714
2,1762683535987835	4,6953345904831965
-1,639223140216345	-3,3687811263169873
1,173672853025219	1,7307977912091839
0,355158579344355	2,498483951226377
2,257887339744072	4,408785082446399
1,810893722819336	4,887674604092151
-2,6685724420208636	-1,386877445423743
1,448119524868271	3,6489517240768796
3,6415800206683837	-0,6354416271186469
0,1951611599999814	1,3692602943190004
-3,397348384701317	-2,17260462641093
1,6431129410115828	-1,3486550070892458
0,7672309237226329	1,5473095906680991
4,043944402435909	-1,122218294830511
3,26607802475793	-1,1333050854701603
0,41843544372390795	2,3591287899410918
4,305365858113207	-1,797520377731419
0,6302081943733921	4,0103624324162
-1,8148663657268507	-2,9387107351719557
1,307627189715982	3,3462300568768644
1,36418519372995	-1,9162150213858657
3,099067619977423	-1,2722895933932192
-2,805480123017266	0,21660363756717738
1,0677204593475356	3,203518339989565
2,7657081559034005	4,361649939004834
-0,09013661415248642	2,780834578008368
-2,6803617283515324	0,5430323850361809
0,4843252304880308	1,8000736498227639
1,2346415867791871	3,2205299427450225
-0,7754577815815793	-2,9164130898885774
0,12423341196762472	2,2289910013341867
4,007540510202773	-0,5537562232253399
-2,174340956228654	-2,9941279681742126
0,0866569951805598	3,086997592564475
1,0278619943460532	4,574720868690621
1,5287070219510155	3,6273759851494343
3,543494502861523	-0,7903802645612319
3,3877992814088076	4,355804698858725
0,7538884769996832	3,6960239056964683
-1,8787864986590115	-2,233649965871981
0,9185397639058077	4,232452990823596
1,753823423289786	3,8066341087886872
2,814234209942553	3,845216473968597
0,6086912537640816	2,314038223062636
0,9745396410721243	2,2665613061501944
-2,204109372892841	-2,427489270460346
-2,7243239045309853	-0,207585903587433
0,8363194498044935	3,3546378286163154
2,038632297528353	4,767424068953715
-2,6755623822859773	-1,407299008875321
1,444113490565124	-1,940188663816024
1,591400167816999	3,7125643298561135
5,220950702910665	-1,6534539458826705
2,3543493503794393	5,065815795063269
1,3386354992011376	3,5973649369493432
5,631719462219781	-3,530100426583316
3,0103414373475395	4,468782688934288
2,4328507356841325	3,851903394275383
4,545688395368742	-1,3334765953751468
2,1485653888978264	-1,8430140025976498
1,2104485551467223	1,6544182792025208
4,62714121107668	-1,3171691166465864
-0,8514560337947487	-2,560977610126559
-0,8199685841803328	-2,9943399604594463
-3,282035740096985	-1,1659602379912846
-2,827686059296959	-0,767811154208338
2,3278118854869394	-1,87257756486243
1,3224196194138438	3,391423555973046
3,149479195503803	3,9600119847160484
3,5773815645023284	-1,1678366146457444
-2,9834776040735815	-2,7301234218707338
2,565741098534753	4,759459153607811
3,4428850589811653	4,007167326169453
1,5073534508727067	4,077348391516873
2,7075215228029137	3,9869982073536554
1,3382238218529734	3,3793715964708064
-2,7173629188176296	-1,2373073650433764
5,616127671343969	-2,4896406519623073
-3,561826614350988	-1,6779911039849673
3,048963147924346	3,8520285091181177
2,6512863451276747	-0,7442205144291645
0,6892479739635577	3,292665920882385
3,8284449063365913	-0,8954336610356457
-3,282496757550236	-0,6515713462745746
0,9947449514608757	1,7121510876692607
-3,7213510802628718	-1,4620428946986046
-2,697280610460118	-2,194932412333539
4,926400201712326	-2,455650485440862
-3,426337871032106	-1,6117060244357293
3,2039834483508245	3,699036728402006
1,9061504104301026	-0,9106963603257832
-2,444602708472061	-2,6976655046126257
0,31598729530041414	2,3864693416515275
-3,4831592769233013	-0,0018326913275417134
-3,6298502837579116	-0,0720792080587569
-2,5873231557240923	0,5585501108955504
4,234350725274311	-1,5232572130422197
0,43161389491928426	1,0260351300563786
1,0568037606995628	3,879919588553999
3,2350841532665866	-1,1558724342202786
2,7127911517645398	-0,5367165099959688
0,8552126784488896	2,1132076886026367
2,5193883870534384	4,546355386262415
1,074320201238614	3,584638316205286
-3,0574431216757794	-0,8147346218884132
-1,831460771634335	-3,1497880574258916
0,6144601997549168	2,185081748505917
1,428797398755561	4,06985232216334
2,5840754742676664	4,279633480760057
2,6315871866957132	4,160249675696594
4,623535190711301	-1,0686334756059492
1,9060904796383882	-1,4585270720658372
1,2170919535594633	3,5004298178034183
2,1155592307776585	4,672879909567794
1,3914230338461135	4,409737122252652
3,1593482349089035	3,9277641688366174
0,8689137696002442	4,114254420542057
1,0221693060442198	3,151103188987477
0,7695361547967534	2,1327955505812697
1,4342921754338667	-2,065092428990012
-3,413381081367883	0,3844640149845566
0,857457583807359	2,0042604725894755
4,640193495814072	-1,0659438565299486
-0,7308063635452992	-3,177667576976508
0,6412858860714983	2,324923648502901
4,573335551202697	-3,090531506281318
3,8546564429203958	-1,3072040019659397
0,7056377227337864	1,5956493205271964
3,0504772621961105	-1,4555414000253204
0,8523297081374037	4,565047937653092
3,222133507534554	4,10421231301623
3,290556437414505	-1,4502803254725503
3,136794144474203	4,548900701455986
-2,780353884693602	-1,2471080390822045
4,930274066131759	-1,3150937036935286
0,840941603917682	4,522594809419868
2,2713467178779774	4,102309158236465
-2,911486873576684	-0,3314819769146127
2,656792263093288	3,99213290297046
4,6462109497531765	-3,0823629168651845
-2,5470778456478724	-3,1328271461645705
-2,929050277957375	-0,9556198356785518
0,11892001632872207	3,4708783486077808
4,651791397786889	-2,6629094451084026
-0,0570912038145992	2,221297086377409
4,472554195543948	-1,5713720051836786
1,065991294223083	2,49153837508444
1,113949197016365	3,042418547299465
1,4816281235550859	-1,5596234391063462
3,1022311325165877	-1,2942102890105913
2,7325586896021754	3,918412273498552
2,823262908589838	-0,5927882497185237
3,5501892783293454	4,508957454402495
1,3169058223582457	1,8080169148441083
1,471437838472105	4,3926846039395215
2,1461823330010303	4,676732304696921
0,459788473204207	2,9976583970617012
5,574163970979353	-3,6786411961813226
-1,3534486156664007	-2,396871800280768
0,9800192786402726	2,4972783080822083
0,8654073714071873	3,9525386335128845
4,256380431295872	-1,9603867623973148
2,6908390801409463	-0,8741233123644707
1,895348063316399	-1,4257427746050624
-3,5100207388701015	-1,9321901598746527
1,706564923476947	3,720635006826325
2,1465113818596726	-1,8511320003046114
1,6055488908573827	4,16054590820276
1,8323855366943795	3,8909992320814792
-2,9000467839521233	-0,37591243893919635
0,6769619358969483	3,311514859596926
3,93588411266283	4,30033107736125
1,8306790980607222	4,0556167036303155
4,913242067296495	-1,8976100514511072
2,3503186552681417	-1,9694000872928905
5,334606865234705	-2,8428424133662484
-2,612705653947696	-0,35930983257363747
1,307139330374004	4,100991057874202
2,8641864978054152	4,083420016525396
0,2818544479424352	2,3940967343165234
2,2189890265880896	-1,9522184567709497
3,9034784271625322	-1,4283174538781556
3,349145240020195	3,6242347495891463
1,9901399740089452	4,776082726314293
0,29775484372842564	2,9621973447900944
0,5255220471939186	2,699903588145901
5,285082986885252	-3,3609914018123535
3,2489346899725264	3,6212128877873933
-2,755048874355875	-1,9447455824962383
1,1165472536712207	2,1281902706340743
2,5230998596225698	4,08596828184799
5,194187991346645	-1,294815255173292
1,8285255481974603	-1,9877554848937091
2,839395531519116	4,510792717155557
-2,5766106512814586	0,08100402440813803
5,718455974790242	-2,4329921541435278
0,5857918036302336	1,277518066865914
0,9694533211707814	4,435319077796892
2,472476904965858	-1,334110420878377
3,0907534392675973	3,609743091796368
3,1378193772541456	4,615483345010076
1,9967609196102194	-1,850030963366552
2,203062526819636	-2,2070434654405733
3,036954111710216	-0,3971585724491189
-3,448394083709349	-0,21467111663654725
4,240053892477778	-1,4767052005528758
-1,7998564224004099	-2,296600812908515
2,0563041575587135	4,296323323901709
4,000607448836816	-0,917271448079003
4,251700332421616	-1,644765276528601
1,8070055769259987	4,137485848613075
0,34419010948956763	2,8058154738329524
4,679035784693264	-1,2626909774353359
0,9104154861399025	2,7225592462388937
0,9230208605123127	1,252213361507251
0,7745871166216902	3,7839486013850614
5,672753145984369	-2,98696501254828
-1,564116797744979	-3,5274957627467667
0,9651098815050017	4,222915941633091
2,124397078891353	4,583886843089251
-0,009344203701963316	2,335624872930924
3,5008300750987313	4,06271328203808
-3,634341514115226	-0,6821875400589796
-2,142467309761795	-2,200886920060279
4,638969441388422	-1,6516827652281805
-1,6964089562008589	-2,9030613594239556
2,326142281258287	-0,710640982989716
1,9970546832129874	4,2207741111141175
3,4446226972073193	4,647317050096646
4,10542741192723	-0,9155831422093201
0,9636395498427666	2,2673242562689437
0,1416033259224636	1,9654799365098128
-1,118023185169554	-2,649602242197534
4,9781478654433595	-1,5088400835133238
-1,3794062656664212	-3,3112648601196644
-0,852348350619273	-2,251595875204389
-1,9089468160887062	-2,6175833882348902
-1,6088509772506647	-3,258826387274299
0,7859410052118574	4,453885941689242
4,801323720117092	-2,9600958911620197
-2,6528521694355045	-1,8190081717648336
4,9246925149132	-2,6938429132063275
0,3865464251826207	1,3598978561824882
0,40921731886513757	1,1315309166658223
2,62396221994413	4,06856353874082
3,824604793562751	-0,445588758244861
1,113852042403673	3,9940032171234856
0,7354225064877806	4,350246793429704
1,99724896063347	4,025206058860419
0,37121010659342524	3,3391479242993185
0,8774209178236347	3,078924582778031
1,2469203287399684	4,373516150297371
1,316346526895503	4,16716551586183
-3,147131555158662	0,030512684981028215
4,923951393661407	-1,0433785600707104
4,858133238446523	-3,3892368454098802
3,316328341308095	-1,2605107480004205
2,059386453938625	3,9926372035656335
1,123841707049364	1,637751420184125
3,010441232924964	3,674317397208446
1,8116891425760226	-1,4907692251416984
3,8454311375524517	4,418249705132241
-2,782385606137681	-1,9253429087870102
0,46656143807553674	4,208192343662196
3,1846600317748854	-0,7144769581226598
2,3473854312759843	-0,9241922150348647
3,126026518267954	4,211542246322148
0,9847339109118445	4,424025710400751
5,667911209598364	-3,066160630003941
2,0004024208108198	4,787186274464908
-2,8806455494807346	-0,24296136555937775
0,48056570100082263	1,951045565850934
3,305736596531877	-0,635656782528851
-0,7539599361207185	-2,5830267112402208
2,5748701553465727	-1,26547035251286
1,663566029428771	3,9363806829819867
-2,6659977707835636	0,008764635938798948
-2,2742307142541094	-2,5117911103131836
1,0814084064665332	2,0013931929813187
0,2800963280776716	1,8174847175764923
2,5870185698596324	4,497176117562081
3,584765644592779	3,8118089571981573
5,568244202670336	-3,1152022960853296
2,597064946039707	4,617904684228568
1,728411806932871	4,918700536285724
1,4779376258999777	4,410512830282006
-2,9483580599466466	-2,805280657074043
-2,410151433897573	0,03362673116176884
-2,618787542595478	0,6820711576455729
-2,5204528066471656	-2,8493631678003646
1,8060801455092261	4,160138046177891
0,6795068116708802	2,5747187003937926
5,570356749504253	-2,130356898707327
3,1499924584959724	3,785782607798895
5,380220481022258	-3,0679270911456413
-1,1961702008877872	-3,0275915723932005
1,227954306487105	3,87754355491043
2,9415610767094673	3,9803152688086163
4,943627104220466	-1,7116483987767483
2,9302473174458394	4,049172837619603
5,189192303597599	-1,3199488793846315
4,323440197703558	-1,2040862013494802
4,998212528542867	-1,5575153232162513
2,2621892534227963	-1,0968671341515237
5,796009362825324	-2,522482177223456
-3,043221840906938	-2,429179786145042
-2,735362424158999	-1,3554160083617541
-3,3542460928696816	-1,583722783014844
2,2407204856398506	4,296868688521908
0,18630102800657156	3,83721456543109
4,014781844411613	-1,1471713747291616
3,382508135738813	-1,3920554838814274
3,2819562351468057	3,781097219214993
1,6173155308127753	4,887221011173154
3,3075453641819066	-0,6625024306437757
2,296872835454071	4,076656633756331
-2,65418388743438	-0,24790874065808166
2,5798722222078565	3,820276552669487
-2,9361185370886984	-1,4861669543620373
3,8263544500140694	-1,5446548934666668
0,14509842761087421	3,30953870959567
2,5162611762149307	4,342562472469708
1,416063854624285	3,8647871068399358
0,30420501607395645	2,507355224000518
-2,4833946578223105	-1,6451830576729223
3,4387631945517367	4,66555915160629
0,6528777511181063	2,679765955966584
1,8459818808186588	3,8153632293743276
-0,5182623313751219	-2,326297565348579
5,164681098555551	-1,1601067903231006
1,5156974974633384	-1,268948923117235
0,16122266258580087	3,19797736115683
3,1060244950802387	-1,3079669682930117
3,2331359491816896	3,880345610729316
4,412880180337437	-2,010777810789638
2,9614182669283036	-0,9728781805140758
0,22432169163931137	3,4013458437334565
1,5369978666406552	3,5670270220991656
-1,8146815076474656	-2,6906900591891687
2,0225258523447462	3,873579310673348
-2,143887496061177	-2,1331322841415146
3,285021653948145	-1,086719741917724
2,06911915787497	5,0339663440044475
0,7252081296195532	1,6902158734736143
0,9469742907972047	2,183833048810249
1,6727015595731978	-1,8889728746989602
0,7607081455772482	1,4915805106373956
5,402413442941977	-1,8653790903771865
5,529421419629294	-2,291238235196051
-0,6736757871873301	-2,395513885785796
4,849561729906905	-2,6622864061244327
1,8716724392075808	4,414541431837571
5,320263171913417	-3,1009151983166805
0,45875892755475034	2,9459114280631105
-2,820687130103203	-1,674763957890344
-3,1565367140998157	-2,734413066860335
5,55891191137326	-2,659588276645434
3,055458008093538	3,743709844869855
-3,289472639480067	-1,2048094996820677
4,561681036035073	-1,7551172445910352
-2,9374059566227793	-1,3160476830997756
1,2176131223408366	3,3863399077343477
-3,1133421720216736	-1,3030064766323066
4,199032597389365	-1,6017592822041307
1,0868306504536394	3,595267786401841
0,6172837671404727	3,4568178995778385
2,4476772751698097	-0,7924854132702075
-3,2852116599567	0,08566563004796923
1,058629448834031	2,117117711219153
1,0990205471642052	2,3441075887766054
0,9383440576513828	3,5376113911590235
2,6675764013054692	-1,1583240217622106
0,7210243167734653	3,356850715527945
2,647077614287155	4,380800142251473
-1,2033426599205654	-3,2184954631689715
5,195640509339827	-2,890629750265662
-0,8196064551736215	-2,3449941761949455
3,299174680933494	3,931071160670075
3,4326234277399843	4,143872867263148
1,0262181317667383	2,3882346639370704
3,416013392214647	4,249516123233248
0,7389290159318713	4,120185050386411
0,45278620840274586	2,329101415331012
1,47577232650558	4,5366392278543985
2,750351588124847	4,473010994836004
-2,0281323635208306	-2,907842409765924
0,8630112437215176	3,335248795314645
4,362513962985211	-0,9928186723488661
2,491848274064328	4,729822367630232
4,143767193811593	-1,276171914539406
4,165281427352704	-1,480264622406295
3,9378060525726326	-1,087284262634945
3,0433093660268526	-0,7555298500221213
0,8021852815958508	2,2180555275641582
1,7603720671537308	4,1383274184484895
2,9162758281858636	3,832701187966153
5,085607930817475	-1,1855262536411941
2,5281922386315783	4,173127000732035
1,1697679825495648	4,298525031235361
3,5354056488257157	-0,6447146508550778
0,04694048305190002	2,5225724838940744
0,8313697869592931	2,0308829317512878
1,8261438668230885	-2,2225481326376166
0,7611584621230063	2,7937071435936667
2,7346601783483693	4,440532913460611
0,8038707552854623	1,3811654255660584
0,911243904950289	3,171520099852531
3,0786670663190865	4,823914578636708
0,8457463006210162	1,557377946030796
1,7445256760655319	4,619707469967109
0,7053526973472657	1,5421956306076963
0,3301720971139992	2,688549552804417
-2,7831729772509872	-1,8368178181948898
5,541796839339778	-3,3356308089699915
-3,1323252725069044	-0,48296678253284386
2,3042660637923262	-2,074127061621586
5,291446979643022	-1,9559678930765396
3,2427326187678482	4,401573335299661
3,7863494476031962	4,1537973937328685
-3,4034530896809407	0,2885449944985359
0,543840462307053	2,980661349549739
1,9649178208467784	-0,8090023314476915
1,2630597554691878	4,449916678043517
2,6626049201413746	-1,1926740712704604
2,538653736909761	3,8600052760001597
2,2957294510442106	4,7171565614035575
2,823777813330982	-0,9045049350992571
1,6061259606909934	4,952694795295886
0,7421197128125316	2,610786753587931
0,15347608416391978	1,4315406064700749
3,674154017492391	4,493563287062121
-3,062622943484212	-2,1484187990250634
1,0412659154339345	4,263938512442612
0,11696790767513665	2,1945228088336517
4,683638644796303	-2,231251546517849
1,3264784250835624	1,6666476322836254
-2,1428476506988217	-3,054261491638483
2,8884197752898997	-0,6124171779313925
-1,4319836794854979	-2,3002118810567667
2,9418659543351455	-1,020458728750655
3,981786919167606	-1,475845430481499
1,201025774557539	1,8280303509769842
4,231159086205659	-1,6615828466067013
-3,04824456891581	-1,3655080189594184
5,407550939658237	-1,8939077888407554
3,223973521843692	4,085052857055564
2,045400670929844	-1,7913689945701274
0,7705500804527767	4,4057212972161235
2,165847458543982	4,794832588559327
4,015228718808844	4,330394983898771
0,27207329496339305	1,7274486471200803
4,7571293994776385	-3,086776295291803
1,9667637199655768	-2,253915850127033
3,4197367613225325	3,873626231235792
5,065619661512555	-1,2802290517532866
4,588750397879288	-3,0309500545672785
4,239660088265337	-1,7878740103758421
1,5312827272797944	4,453541631970527
2,391649186346573	4,682814277322569
5,335650493332831	-2,946146500086356
5,529211810196005	-2,4718277940608075
5,6974183164505945	-3,1370853547478865
0,4590406040643562	3,9623982310894132
1,0055772608039264	4,6674458693573255
2,0200778557670827	-2,0760512642981857
0,6783164791390965	1,5069337116680253
4,841971735674614	-2,1601242436214965
-2,9906655964791495	-2,4502872096877084
-2,960397125734106	0,43466306824585765
0,8754031964724407	2,8932604530009165
4,404788939041312	-1,6822599918131567
4,052030138530051	-1,755269394945114
0,6821983191086218	1,975412847622541
-3,028291260292264	-1,188443108285104
-2,9661594552318937	-2,414764575011382
3,318364679169706	4,108971290751825
5,58904699222242	-3,104597032868822
-2,945782600168371	-0,9516484832572975
-2,232894191964413	-2,7145091342227627
4,017814775140059	-1,081244089564917
-0,24849152777003147	-3,2340641327522976
-2,884122711395321	-1,2749792283549308
2,454641828160268	4,121567501060172
0,6068790707860852	3,3668037614733697
2,58250958399162	4,7877938387844905
1,2165469441681867	4,376099331885245
5,349116929244242	-2,156321610444737
-0,14364754867707874	-3,1001569318522018
2,9596519951799696	3,7229303512108114
-2,5971362191160416	-2,9347221506573256
-2,5104144464055143	-0,34862750859701785
-3,041805517101124	0,0322543032288396
0,8168554145804048	4,519925819157727
2,61545151761787	3,872970337168759
0,175665882348778	1,3693748292437788
-3,2140644142022743	-2,6737408788278105
-3,5096357425722724	-2,1851432493627723
3,700102285542429	3,9575355983717744
3,281176981646528	4,640485686925045
0,9176210341510673	2,28941090351723
-2,0606292738396954	-2,1724334066598625
2,43240365990068	4,80230766338366
4,002558606175185	-1,191088068500519
4,257041376757656	-1,7549366758685068
2,4687827725184426	-1,4931960292848172
3,7460916600103937	4,026497782642618
1,282624097006299	4,280304587567012
0,5544738648835139	3,2515976478766113
0,720394240870355	2,7209249543272778
2,568689406980595	4,832299190890921
-2,6664939560547922	-0,17499377630700774
0,2773651822078307	1,7993339470253125
3,1855757341629016	-1,5504358228671253
1,4645459237346454	-1,5327687616829184
-1,1407225079218288	-2,5252680730204764
-0,06762276750421936	2,067351129298818
-3,3066692152529784	-1,0198135004748956
1,3388230501873375	1,7681889869074143
3,244818565709461	4,016162463898215
3,656339228246784	-1,5547790719427803
-3,206156296470878	-0,5856951707181318
5,1428583319835495	-3,329090551617792
3,169428969381351	4,104956987167369
-3,192731716759659	0,3362607307721577
-2,8330272025380303	-3,0112715168350204
1,1505758712665282	3,723783740272024
0,16849370262890595	2,103041795440599
2,801966124917932	4,006952076709624
0,954435439897761	2,94256315970845
4,737061087015833	-2,5563727519204114
-2,9642660822288214	0,21388224593780514
5,514059766165632	-3,0873542808359806
-1,101119297741927	-2,6014739812281222
1,4338379006976092	4,016586766215147
0,23436045152728147	1,2915967098632444
1,1357906879852875	3,2388089807122182
5,293932036482743	-3,5966346953455037
2,1106003502387276	-1,0775571822867502
-2,60476659920688	-0,31760226048798457
-0,4780734068370084	-2,7492056029076837
-3,462637251470656	-0,2205353961636526
-3,2851018027527994	0,36096233682957557
4,950966690090238	-1,2728925309363823
2,5366130417749497	-1,519374851843029
4,336314497474609	-1,47299922132482
3,2193718269683247	4,353023008143623
0,9745918748887832	3,05214015167549
0,11410258600909629	1,9373750433391466
1,0398804754895088	3,9744515754338794
4,935773484603046	-1,0327312730423255
0,6082338757829384	1,2501097295055597
1,0367085249562213	3,151647229128275
1,9798500133676498	4,733374288664027
2,118895207699099	-2,0453334717066847
0,9354133359447443	3,8829798736524648
1,7719363477911785	-1,5742442239400272
-0,030231659135563138	3,3272326916076627
1,103701261005931	1,6151219831110795
0,1333942891172799	2,201150909876574
5,114807315932154	-1,6208457855814944
0,33737242228357456	2,390861169208316
0,676995059937368	1,2015932000046825
-0,9907114848722135	-2,3233716215633606
3,9699144050347646	-1,7570212715132245
-0,12319794938255058	2,716456596854669
0,9348076009310311	3,594421436239732
4,815045794706595	-2,287829850713568
3,651024792581372	-0,5380685410589083
3,244685677068688	3,4911467186497096
4,685158158013895	-1,8191444554144494
-1,7921893525386232	-2,391814453340457
2,110561949831837	-1,7176592061459184
2,8131396692486548	-1,2949984802437777
3,37611072026502	-0,4020098169730546
4,074122438286853	-1,1402274674988948
-1,0780483105322163	-2,5406235539102555
-2,702526555178916	-0,3783106874259552
2,6032178256832625	-1,689084693965816
0,7323039165544352	2,045273404352242
1,9859715055809102	4,855172966725046
3,213702557077927	-1,5495346722043388
0,038112946782713486	2,099941846016065
4,668502682283616	-3,3309532279663765
1,4701225837016905	4,63364904995926
3,9221718175795663	4,192500211478471
0,7535274404821704	2,87451035091916
1,6484855965088685	3,696086495730787
0,6020430748078827	1,8631307304140992
1,5052239170761148	-1,6082902289417786
3,471876102487837	3,7817254339612716
2,5789263320702784	4,315506395312205
-0,8014627031025183	-3,086042181448706
5,055646414470813	-3,365669240458472
5,751467311641584	-2,6290233187492595
3,7778479731333863	-1,0661334879644466
-0,9392895862204794	-2,7269288280658173
2,8363594796044715	-0,9108347053113817
2,2671513213684977	-1,063430860941743
1,0489559056129933	2,4666741342373957
4,581306987890166	-3,1888586337582367
3,5682356450244623	-1,077637306539578
2,91687005132215	-0,8725624715108387
-2,623229912553037	-1,7328755349908367
2,302614461773359	4,1162875277050075
5,333997983704413	-2,1330060254850167
2,151175463458057	4,726970483268154
0,4515948398083507	0,9898602854184841
1,3388599724322865	1,6763955136270172
-3,3504082224139653	-0,7316189260611797
4,825014104014636	-1,617029449348676
-0,5944054734334422	-2,207347218787575
4,720039048623156	-2,561534493822565
4,7914494025221215	-3,329002068043626
-0,09910422738386981	-2,995170941414166
1,6079755191586758	4,12189039255413
1,8894564126055904	-2,098752317931443
1,4442077968745612	3,975615704240857
3,443543164323178	-1,2327951857081778
-3,2406004714749432	-0,39624490486828445
4,576279997973096	-1,0212187193385436
2,22512748365465	4,474992274560872
-1,4797030687610233	-2,4998641626958547
0,9759278917963652	2,425813029006282
1,7402785463096173	4,812409725730557
3,143136845343368	4,223582880634879
1,4054936346210316	3,7145913165536975
-3,401437964458016	-0,6067405030324431
-3,3992915821357763	-0,08696545737633288
1,375583974307428	-2,0438817803345692
0,44771461351123243	2,7795384632420204
4,653368552316045	-2,6962036898639754
4,619046976382597	-1,0943453295954044
1,009137033446867	1,3190173297783698
-3,2858764591253773	-0,6767320883856912
3,636226947850291	-1,4118926639147735
3,466667915771099	3,885931925635922
0,5469179575335668	4,121102816188895
-2,800458493709161	-1,9914885098229715
4,6689271017233125	-0,9672861421210366
3,3453800684897486	4,403781889977555
0,0191778083152494	3,0505846654341817
5,399672015876477	-2,8889568290176735
0,2848307929148062	3,6880056994052106
-2,7579510405036833	-2,339022201903733
0,9831349091984329	2,598113537218235
-3,474323251089835	-0,6120071236436868
5,584962651992658	-2,674030967982464
2,0357239122915125	-1,884138098304093
-3,3411605923134586	-2,4830269717790716
2,80534343320419	4,89310892466962
4,042546341426254	-1,6045183571887163
-1,080047614371265	-2,99879994409394
2,517397234502808	3,891620166549804
-0,8735271395214572	-2,2989706079425014
4,824589879446773	-1,0783438134425873
-1,0909098262502455	-3,1703982048384134
1,7849111936837712	3,832128580822639
-0,06318751772484665	3,2412980313482485
1,2360560729336616	3,4033349497430967
2,566585694086754	-1,7753048737973247
5,483351548641975	-3,6466752733008656
4,964230450106527	-1,6864042998092852
-3,801502464441517	-0,7614964277647658
-3,47720256656691	-1,8517445441900828
1,6736495509485019	3,776380834375458
-0,7055042882179251	-2,2766289313575467
-3,018153958149399	-1,2856175906004914
0,4148349743751518	2,232942243949368
-0,572682344905332	-2,746355928019306
0,3000537715065379	3,1789802133972866
2,866371235414127	-0,8709968430290398
2,925306190600188	-0,504139401793287
-2,124149403122944	-3,123932328767764
-3,804345377757601	-0,8554945137210148
0,5026588150937823	3,509768970439807
-3,0504612671665456	-0,7965205994243785
1,1213194521165273	2,0294335712073073
2,4158149172285635	5,007733399142609
0,6043916004511618	1,5543594800244518
-1,766356376193425	-2,2642126755119727
-3,047745942539234	-1,8724961608245472
2,011674590654651	-1,519736199290004
5,732623987858461	-3,515729221520407
1,9877433286347173	-1,3290445050882762
2,1258273155910103	-2,2512509029323295
0,20776014019800915	3,5127457146043684
4,294752818156963	-1,9097279477240219
1,1790323126722544	3,456522901712659
0,9112915923135758	2,839661886177441
-0,9708248774238522	-2,848768787485359
-3,57435259508147	-0,47070852581877354
3,1132841682375654	-1,0965742210327944
2,8099429228037023	4,0358796970753295
0,8616295576190482	2,4554126701554004
4,757600380443806	-3,2380428150958114
1,0028687021285116	1,732563701892691
1,010810785362501	2,041138510014039
-3,4362095964285984	-1,2385723287437487
1,1088286353571377	2,2310248869170826
2,065735352407396	-1,4564306999510417
-1,7501088784917957	-2,4140912368504903
3,6298049090136772	-1,0713913730600026
0,08360734555877247	3,5695380486755437
1,725254641972082	-1,6295518059572431
-3,441377797901915	-1,603579132743762
4,419876221741456	-0,8892181490455593
1,2069475702597994	3,203356697207549
-2,9952054198656604	-2,901976077057035
1,3463923012367036	4,136670127542108
2,1080573815764305	-1,7272053517919455
2,973938693341002	4,415269191902124
5,524067345983089	-2,1884080698922723
0,5747154346790957	3,115762396876902
5,408675227427888	-3,1268764663054287
0,8489246389616936	2,841156384201231
1,1994563354127263	1,6586374452046722
1,3423953075257278	3,600285034595429
3,1033953533099714	-1,1324296611037286
-2,807035829741836	-0,3480949219627667
1,8257492319915798	4,106662200895787
4,906948605956783	-3,132919116718332
0,18389261006041657	2,5461802435452903
-2,0392727103686554	-2,9395052049053927
5,155626634033976	-2,074080387835261
-2,6126361644390714	0,42152727534125356
-3,8553563220302545	-1,0402085359621727
4,799505235673653	-1,5563912206102548
1,102592168991949	1,8376436515431855
1,8627169627395093	-0,9225046272105777
1,1229228167740564	3,2452618891802567
3,066557173351003	4,574393403570173
1,1577985541713496	2,0929514152321356
-0,4086282706082838	-3,281697615271803
-0,4796886922780672	-3,098287838348387
2,1178129454424415	-0,9037246899298992
3,3856068930214205	3,937660799209544
3,5939685373236534	3,894720482454323
2,1952797647450497	-2,0193462922522984
-2,6412740211033	-1,1737460896488605
-2,803217318784789	0,08132231661342315
0,5620217212210901	1,113073131007527
4,434041743672119	-2,1881429511037966
2,2102580205064575	5,015564369003323
4,690617056249959	-1,7749419993696192
-2,0004154505245353	-2,759622199185923
-2,3019520998470364	-2,5217197921558423
4,519042191001688	-1,4916576312780463
5,394177341393171	-2,0115004693292717
3,161839179028511	4,03067019275522
3,520832191574078	3,987014643163731
1,994521367806485	4,656616039119509
2,6938917926559283	-1,7182608233949344
-2,866656720445156	-2,2944548383586834
-2,7231142206473384	-1,5091563626523479
-2,8770683429662673	-1,095564598238285
5,534768522607881	-2,9874307609869817
-2,6896584253194047	-2,4828928141505724
-3,120147769870857	-0,6968733877839891
5,622091519172515	-3,2515999669829556
0,05591690579051711	1,5551101250158714
-1,9335264607837828	-3,044884449282155
2,320190333742688	-1,9873896160698066
4,286119430563299	-2,006731096621456
2,7282392703117475	4,673416924642268
3,484244502354161	-1,056856539397066
0,43530661427071804	3,2819902788946025
4,5759623549105655	-1,9036329374793386
2,444446965738389	4,188486124833986
1,1287758151504936	4,302349204540687
1,885021827116746	-1,9486754706513716
5,198896471759711	-2,589521324916025
0,9072129841847032	4,4980518077609455
3,3036480537966875	4,530705769342074
0,9330622728845448	1,759376415007989
2,9741600066683382	3,9763459299455954
0,5174572149548531	2,239064526380494
1,7006509249295314	-2,0872735782816245
2,3754423082068055	-0,8232149918543858
1,1014227798701184	1,9723394301451287
0,7527652411507408	3,924943706558174
0,8098370233686727	2,5280520682940733
-3,2359567635668336	-0,9004626026682414
2,2727110022074966	-1,1375745153614711
1,7714846324511224	-1,6721788673545215
4,65266036591553	-1,8553023023108968
2,636093844659057	4,242366851046637
0,17521055413698194	2,764637147759381
2,1883534637910187	-0,9672544954264204
-2,541386317481634	-2,323198234393435
3,5730167014513383	4,318914098273596
4,941289560195557	-1,8006224884812716
0,6391473366570364	1,9482794913302834
-1,4163904314052091	-2,745577472272749
4,846235222215349	-3,1021425306570363
-2,473728149311744	-2,29728757900752
5,109817097191806	-1,636732177218997
-3,4456083734539162	-1,8977390470037552
-2,9551453069193636	0,8052808061898655
5,333763281482089	-3,2834509547939748
5,009270220709811	-2,411064627772097
0,9783490847742806	2,3662266925133846
1,637910434878755	4,775897011643044
-3,433191280442204	-0,5575159197011167
2,3759697530471606	4,343379801674436
0,22265229329333458	2,6576510130758884
1,1114930164764418	3,781694789201877
2,7325659469938386	-0,9751638250530594
-0,9609101228450827	-2,4536247463490106
-1,297950218423042	-2,8782740878782738
-3,257343148563727	0,4237699473102656
2,1758937635310387	-1,1494961013154672
2,3376805760720725	4,273924961396245
4,668057477627004	-0,8506914185116246
0,917843428985617	2,2850505665122887
2,103872851978451	-1,7327124884577938
3,348611465429695	-1,4434927563657296
1,4685705705752963	4,2065461635133445
1,994605375907362	-2,1453674190888266
0,12215885151611117	2,3429333032327873
2,8523830041647553	3,727935818703869
0,9416501017781713	3,251757108600077
4,545947193451066	-1,8166141888837612
1,7718546348748583	4,807631464412759
0,4529894676849735	2,8281401479049313
-0,8356010914499644	-3,123149666056916
-1,7765337345001724	-2,57443226092606
3,909060489529278	4,463613451399345
1,76754099299144	-2,0550886140677895
3,0316768296754857	4,4532562989912945
4,99036472916824	-3,1345740736528507
-0,003570698728253774	2,7735478284509343
4,183474297487803	-1,334959540213956
5,4210525943584535	-3,4289769849560674
5,518845709040797	-3,0545297058650687
-2,619311303525029	-0,4316725363853722
-0,64512547823323	-2,1457792330597503
-3,406762124848142	-0,8604263795348713
5,4530013466441645	-3,4646482828108995
0,0314350333902107	2,1416371141752424
2,6971573492767407	-1,2611799558708414
-3,338149588102465	-1,1331386022862457
0,7819012993442274	1,3209960253079485
0,6333584174941755	3,1704320957191614
4,468436943725468	-1,640201279804555
3,6162113197344214	-0,9906791203320313
2,362637677814816	3,9353902950941375
3,4932047018187613	4,765399334857268
3,06222433405802	4,196917113658092
-1,7999425322411562	-2,5580239944266387
0,126376071135895	2,72398841487538
4,727601553520069	-3,288332893047656
-1,8015489749069316	-2,6745041242650336
-2,93276943442951	-0,8896566048022113
1,505223429913007	3,7860683776876547
4,777935809809007	-1,2241942912124197
1,2560137698933613	-1,9533361680710515
0,431218832066679	1,727031144136039
1,8012215688769078	4,697743614329191
-3,2015943199899466	-0,5251428487246877
3,2096211075951153	3,9391403160384337
0,3737380475673442	1,554292893706867
3,7234563235029063	-0,7314911211665613
1,9424821793377156	4,0930348810998645
1,770877345212355	-0,9532290147041635
5,614472057857768	-3,4995608972698595
-3,4656546481263883	-1,7471206108072466
2,299762725967228	-1,0957672488908425
3,1400606271201634	3,719194548533915
-2,775064830206935	-0,5775625574987988
0,516565444073033	1,9926781599071437
0,3518103607291647	3,3960781509498634
3,7504919508102232	-1,5625573363568024
-3,838193759689652	-1,3275186361696085
-3,8389082986297653	-0,5658321263953598
0,5238097249524778	2,6776467158415764
1,831803576207317	4,003763579885842
-2,643668861756349	-0,5670235593094053
3,1394834924470882	3,600473394983939
-3,4128826331124453	-1,5059135029202584
1,2922852074863047	4,611208683696606
3,0345059018643963	4,1784425829064755
4,757057574496458	-2,4947185035308994
1,926999529783168	4,585642862555062
2,2432503710951432	-1,011641583451067
3,804304158258697	-1,6714110866088903
4,911688909007813	-2,413521576767721
4,57707349591203	-1,2997171510538537
3,942838501641475	-0,53742171522447
1,5305068071615526	-1,529185963405313
1,6937687660594403	4,0202015893422285
0,731766364098815	4,3017309248139055
0,44070950150408494	2,19890091701569
1,75958400459248	-1,8565978497329911
2,7563085152946876	-0,9452470233838579
-0,4987638721847696	-3,0134258054538967
2,0124337519823725	4,489444876107525
3,2048590921230176	4,1838524513798925
1,0499463455160811	3,1290876657400393
0,2973632437079785	3,707277212862692
3,4401107931597785	4,389425330750784
1,862194517944787	-1,1284007628585528
1,5089406096504336	-1,4800319035530067
5,35921187594475	-1,7351770793098218
1,8966907920524676	-1,3363290199520528
1,030702070479106	3,1556517151899284
4,796419400390706	-1,8128738282685164
1,8346263191099546	4,711279274528065
-2,4540069655113186	-2,819072186102452
3,090197873329898	-0,9395082232880134
2,286918276205008	-0,7932855491543132
4,749612948804588	-3,1753075748554425
2,0768056107697968	-0,7626686586741482
1,1190305283148476	2,0744384694339093
4,869351558850332	-2,608525260362421
5,664775030184538	-3,3768006323250956
2,9216599428540793	4,3558379704703905
0,3351364452496519	2,1289372942463487
-0,6948580114885112	-2,354723075795115
0,9042849532846438	3,240355061554207
1,3393826432252711	3,923699937321428
1,8641511127649832	-1,3918623677855062
0,790353820188274	1,4578485871945963
3,016723069590175	-1,6193997399477649
1,3311053222826763	3,7883447312241323
2,5764093078533907	4,132332998688903
4,265253711760662	-1,9744280898082227
-2,3828701233864873	0,29331452744242137
0,4753538178018726	3,4658054277474273
1,4938112068078082	4,431380648787744
0,48818949813149937	1,346601799495754
4,707137317989799	-2,5369156807910263
2,5484624598613763	4,89775134352046
3,4008314834924986	3,9966591902170463
-2,553912813337848	-0,5458041787073271
1,6229998404486143	4,075377718994337
-2,992279865889535	-0,4124467831790434
3,7476214236876455	4,423040755702328
2,310423289948897	-1,4394721819788545
3,338028610236947	-1,3827789177082979
4,34014173505368	-2,0092021563671563
1,8945117742603617	4,718527517450726
1,9898274104633642	-1,4047643963757395
4,874227478998391	-3,093996908716256
-2,981445612065706	0,09136141772664064
0,1706385771479506	2,8985172551158773
1,884629449444046	-1,8482992032878882
3,7008621214594264	4,3589522126482505
2,5498482817027233	3,8866242192690903
3,394917135001796	-1,1086723667169365
-3,339390253599846	-2,2192899774716546
-2,8418167824995875	-0,6066481342014939
1,0561367002218431	1,9606848099046874
-3,1885864678938995	-2,3007449449942117
2,1796378149980913	4,213416513341256
4,877543161199575	-1,387022845251502
4,8752511737600095	-3,100369728290329
-2,6555350744112864	-1,3725834678679776
3,4641669814917067	3,732524655753973
1,5553521194143671	3,6021170501971467
0,897880108411782	4,039190544254829
2,9848811833965008	-1,4309025705027272
2,5449934548368836	-1,3739202117813663
0,48997080030255935	3,226445800969006
0,9404085017485704	2,300174452208261
1,7007658233422445	3,9013611646955435
2,8040688078271927	3,905589069838074
-0,14494948741087654	2,5116914797252914
-1,9056771513339297	-2,2383347361034236
-2,2868803780849234	-1,9646986364754262
0,38396698769097704	1,6746868841221243
2,9916284290107145	-0,9694499207269129
-2,8991155846730736	-1,3405591542023498
0,3315151518702908	1,325125210857253
-3,451449301575159	-0,46763262176466946
-0,953066056798832	-2,281223980971813
4,628254131179552	-2,628215350035093
5,423236307058812	-3,23196781553245
-2,254743625849491	-2,4390228239843457
0,8473315073408771	1,4459091315082149
5,559865005330601	-2,5036473728388415
-1,141936301046354	-3,0134337026182716
0,7722009525159357	1,947629680212322
1,451774071020935	3,5071022096648594
0,870600413867844	3,1563907251792283
0,29807151860688696	1,6326098239362046
0,4940167866114311	1,6160953009741286
0,5857342328497657	3,0049814398902197
-0,7716079895710297	-2,8812887364419675
0,9621908363900187	4,048779276271581
1,4714851288591997	-2,080089585593054
0,2977044600303449	2,2257833071725686
1,263412460052502	4,479165625176491
0,15716347947349307	2,5625876708151267
1,359003701613062	-1,362647954114972
-2,9882261633215785	-1,4444985239924621
-1,0450093466925612	-3,1745378303797116
5,048085816649569	-1,9156715828503026
0,10588709571831112	3,5474712459179263
2,339731040549453	3,8534160623032157
5,293654652479226	-2,86090101943732
-3,5581234763815566	0,11647996798761318
1,6259710423594007	-1,0561097591207345
2,397942180005768	4,126187803780831
-2,0290105352290815	-2,969401681977634
2,0335051800108364	-2,2441388359853933
-3,1949643898898956	-2,48768073891053
-2,5697585261932763	-0,36181403237717213
2,850864334491233	-1,2579093667667596
4,7861838806010635	-2,2232677870206334
3,608743433627328	4,448544575974415
2,2722192449147998	-1,0666903804801904
3,772660451247302	-1,0838298084039928
0,7998382277367391	1,2786143889972383
-2,8418258664971248	-1,661485016839417
0,8662978157777776	4,556333269058203
4,5792618013642805	-3,1622537278716343
5,34641875301377	-3,211806208898315
1,732945301106149	3,9289757865819857
1,2310448792493796	4,490666797741843
1,8113652264256657	-1,6298693679942664
1,1492951099792856	3,763491623153126
-2,820144840449222	-0,2754366394181995
4,09924185450292	-0,7937416176239966
-2,725199047734881	-2,0222800689147986
-2,0809289639162727	-2,9098621438636063
0,2624302241291794	2,651051284900916
3,9710815119835923	-0,6608623069495274
4,491034235989394	-0,9926197482905277
0,5121835015668399	4,195202205567445
2,608765571235179	3,867921102739944
0,37696951826437	1,5996403697455641
4,270119143328978	-1,6049702834562065
-3,1941250256698046	-2,3212720412367
-3,220679290312986	-1,1573721511774548
4,5987712452847145	-1,5988721308407476
2,9785652336792285	4,146519324652827
1,5712591624543817	3,9289540105457474
2,2115222488527904	3,8675779086390016
1,4203690017984303	4,32151778246223
1,6233525806712896	-1,6696904572276898
5,148400015555589	-3,4366945551576564
1,9528580798975792	-2,269216222105775
-0,03811441841114149	3,371028212298446
-1,7112961912198195	-2,8084320193359122
-2,3247679780915513	-2,2110387553183704
1,0372863016754885	3,3873354584875868
3,4627844658085607	-1,3592329162817014
3,4238592199199207	3,657334267030485
-2,7710048450540796	-2,080208756402189
-2,9094204166029494	0,08319508935273534
3,8079928735470343	-1,2176379596197158
2,0517655324287394	-1,9189703847225492
3,4757095397901905	-1,2837985473186397
1,1354071258469047	3,509510591679187
3,9953420936747657	-1,3759549433904537
0,9972103346596484	3,2042844660499794
4,574746604942279	-1,4512681546447703
-2,4988871043040817	0,04515960089347315
0,36807074411978036	3,1885376604487274
3,1883601717093883	-0,8482681977363322
0,06716429696677384	3,1903700232564773
0,4862307339197818	3,211284312733168
0,39890051608409083	1,7663458065199
3,922206490448203	4,119392175864644
4,369150927678445	-1,6681799592395594
0,6116336187385487	1,8700515287520698
2,457379564160132	-1,5206750024487452
0,12170993375160677	3,2855307502366795
-1,3958775815371047	-2,3166372868749012
-0,14982634287524066	2,6570739336262807
4,886462186955801	-2,079653685264695
2,459991244043972	-1,932231655028993
-2,612912607068359	-1,3506729346269792
3,842737158645536	-0,6402859222138253
1,5555762341642203	-1,3267439924079
1,5921963429383692	4,885390774991828
2,1281239831540844	-1,4285913063301616
-1,4538754921892338	-2,7097651570874404
3,7849155189017325	-1,0911609935305582
-2,4785922120115664	-2,0550825423149055
0,46590732797710777	1,814615006783001
2,6067050708951065	4,208752671281035
0,5731680626811322	1,3487513807607827
1,4755417682085832	3,6612719406458902
1,2010832295182574	4,412887761701855
-3,0220598002568133	0,5085992017157517
3,7799918552194423	-0,8402119499161904
3,069852090174969	4,331263424091544
3,8170060312309175	-1,6358891255005503
2,094702226549529	-1,7804511100322493
0,44617105217007635	1,3163301150874613
0,5071459590890388	3,716083128906172
3,3624947462738684	3,844729087587606
1,954267980458491	-1,7102558804193422
1,8010266171700169	4,725991993389375
-3,5520104559363883	-0,4430594570006474
2,3978352222329113	-1,1450807960642848
5,042027655032923	-2,015488875491039
-0,18933245425553347	-2,951774779873622
0,9378817236753159	1,3455761966751036
0,1651990206278553	3,452645857547732
0,13111435604486	3,629358727015517
1,8124999417552632	4,239545505684191
-2,3579859480778973	-2,2513952574377614
4,526008908423839	-2,0586915905688
1,5891642819724214	4,1966318541829395
-1,6297160277827025	-2,3651470070986176
-2,7951682533999707	0,9776056945569254
-0,06634878007565481	1,9574696003855856
2,6391363518375455	-0,9465799881631431
3,1075279465524153	-1,2541561464390818
3,9171481473562384	-1,3642580742702424
3,2178672643394197	4,624535890352898
-2,3645829020181957	-2,1303888373325637
2,807658680134539	4,994010673117601
1,121311079542611	4,248823140777585
-3,212155273114919	-1,54364210775002
-1,3057933462627196	-2,524914482810806
2,054021452431836	4,516109745126302
1,0085919830156138	2,6685720974071354
5,042105574847195	-2,6261086672134413
0,3762443201874488	3,719261908281239
0,24801004862406995	2,147476285294777
0,20303550801908177	3,4994678157055907
1,126810659675523	4,435751831701891
3,1368475719739575	4,008477462845146
5,0832350683221	-2,812269075926969
-0,1486675302333933	2,76066917755369
-3,1995429743290065	-2,590059929425421
3,1154597673861	-0,6103286487778399
0,6649436171282885	4,031929373893159
3,4155587148342286	4,0894437194212125
0,30129761496372787	3,0551670118993615
0,478629556432836	1,8787115731488582
1,190883271948124	4,168876284485123
-1,5677317644203943	-2,4340015665036274
1,364060979270406	4,4749204605893835
3,2430414621344497	-1,0516585951487534
-2,4488630947016823	-2,351154125128815
5,518473898759408	-1,858923328034281
-3,000451179844127	-1,5438687701988056
2,181281081066479	4,707462604314625
2,157695095129333	-1,0502779855708377
5,478066281431729	-1,609201505778707
1,8012888573699464	-1,8876093160552962
0,9253759674171183	1,7424697063782315
3,818909257850665	-1,3144670874835207
-0,16836998265667358	2,470467562590917
0,452888461772188	1,413821808501709
2,8934051175091122	3,9623259423231123
5,471580694226133	-2,146309656449167
0,8185664564251494	2,7851504950487396
1,0688556088684504	1,3835280331967483
4,325857173595018	-2,043533358606935
1,8771930296183261	-1,7589688698503136
2,6348013819895018	-1,6186396447367
4,832655365484629	-0,9996468756783925
0,2547456009642053	2,922890186648041
-0,12301801167145676	2,60007434440167
3,4886605873624186	4,211879862626888
3,6826890150594283	-0,5356265506757434
5,241836332775581	-1,555691118158462
1,1325430279463804	1,9175854622271653
2,300328065384152	4,331374594984316
2,057339399524077	4,12743147494484
-2,968291264403469	-1,0767838041726212
-2,4220695122916704	-3,271170926670645
2,1500377247591995	4,585048454487214
0,7483061459636948	1,4846817693819627
1,5748832831368633	3,837254668968766
2,1944837607802876	-1,5663712717009775
5,187221840647139	-2,528068929131407
-2,3181186982867565	-2,3563630544576633
-2,2748222409775227	-1,9538736051469583
1,7659747889578183	-2,027421162368288
3,5739148836841235	3,947736294924411
3,666127076202895	-1,3416906192028657
1,8505082880206	-2,170506928175716
5,075578083321014	-3,435172139641661
-1,1229949957410508	-2,955883517018615
-2,620609768953755	-1,6169002381079998
2,1258245167234158	-2,260994469036793
3,208735531346422	-0,6719269670690955
-2,898938455207241	-1,9854177697928668
1,1210208001274116	1,5554781052683315
-3,2016838976476993	-1,8029337456182657
0,9914669664535598	1,8417741603717657
0,9100282127213339	3,098134432866341
2,93060848451949	-0,6750932908666729
3,26493398928989	3,493721279047696
2,7486922371799034	4,6031058140034435
3,094446660626534	3,879082157146912
-3,006504888709406	-1,225449690862928
5,478006417481408	-2,3746696048477123
4,2339049828564495	-1,1885615547271886
4,58647206844142	-3,323600883949757
2,3440651816041624	4,076804241441349
0,4597876410511448	2,421332714439644
0,5965355946958986	1,3674956571404997
-3,322773727074396	0,06485373825683372
3,820321003284785	-1,5937995710628916
2,190665148149626	-1,3887237749474375
-3,0779694840667418	-1,5186500688934481
3,690337341358867	4,532099791331485
1,6379424339772948	-2,0158669837530985
3,725026298915459	-1,3721689951209162
4,931095649918868	-1,8433065752452236
2,599669042438975	-0,7675544961738692
2,6557378504688995	4,74773615720399
0,5073827885641142	1,1039056098994513
1,988025691801117	-1,965675472633312
-1,4806741295419221	-2,7952873274914234
2,9762215299503243	-1,1497677383714116
0,6789975870770648	2,414892962466046
-3,302559047019288	-0,539798429304306
-0,6940961423662949	-3,4318100104226694
-3,343841875748894	-1,058020128468403
-2,9806301076806894	-1,7786361666138952
4,258381523249232	-1,798808510614579
4,112735953699961	-0,5807131526590426
2,3384450681654676	3,9409458877023265
-2,896321532658991	-1,977552009807939
4,19489603515452	-1,5774323622622886
-3,6264511619470245	-0,5415058531126004
-3,3274187303986746	-0,7101142240759645
1,017824324390653	2,2902219599549687
1,889045619230143	4,233447399213591
4,209369545287606	-1,7262424626066653
2,2220615487576594	4,29610315170571
3,5125060552736462	-0,8421673499554887
-2,2629359397660145	0,15968892304095328
2,932706161001076	4,8610081746033895
0,19044635416086475	1,7189351473923238
1,7095163408655287	-1,0687356166872095
0,8133081094949783	1,29326328326024
0,35983702144622143	1,9710831645333349
3,643972666646364	-1,0841457766779905
4,602868909869818	-2,665965607788377
-2,542623135315224	-3,0989110268021767
-0,011380886092005937	2,669671093373646
2,4361880406609755	4,828367164713941
4,865849896575487	-3,23667108573515
3,400437883457737	4,82198032001474
0,2220777575974564	1,3796110666851384
-1,7574249139037093	-2,8562901070245434
2,5554934324101857	5,047211067662235
0,2640703975674117	1,6795816768963543
1,3189621452092097	1,6977694834930146
1,9577703893755063	-1,0986692649802223
2,868332252770438	4,1324755548855885
1,3861486353409291	4,708515038130136
-3,1333760116688447	-1,0537562966195646
0,049300404222413	2,057963179597749
2,136636470176502	-0,7624673411606708
3,060207620736373	4,171740071509843
4,86499050061852	-3,2561682219561225
-2,2042782600724102	-3,2996070214358797
3,000238290992962	4,7819372517656635
-2,2631439503244217	-2,673846327413122
2,785536668154517	-1,0175088137985522
2,303062874844037	4,895838916679652
0,4091424075653065	2,591459970412759
-0,10044600803585446	2,1390775096559262
-2,669318020232383	-2,7060611131348495
1,2538069475442992	3,2529014780081775
-2,4786387657548485	-2,4140088598408234
3,2167974141321563	4,361234982263676
4,965392509476459	-1,7828661715295409
2,0783831851335126	-2,241717329149589
-1,5850749280893652	-3,5157923618366627
4,111790494200043	-0,6667291111060694
2,91570425316728	-1,2257297752302567
0,5217341047483957	1,549860583805796
-3,3035104885601756	-2,26504662915144
2,5870234043294627	-1,6001629048190598
5,458760365984095	-1,6821555656348712
5,422787118837226	-3,6003258853248816
5,3543210616687835	-3,1077884688219455
3,363406908647948	4,35586168700592
0,6065479329484813	3,123583776723346
5,3563095708976665	-2,6520030622494755
0,589810508302723	2,844515268635279
-2,187439260919102	-2,0009997523656233
1,8282110013203492	-2,071170410227378
2,26887791709484	-1,009923615767116
1,0336518844948777	1,8352329215640686
3,7156237047689373	-0,9672509881973412
0,2984487028593419	2,5505060850329455
-1,4327418131648968	-3,153511098255589
1,8570284568985642	-1,279757656796488
1,5800211430883084	3,6458469559530067
-1,9460549558845006	-2,2870029547239876
-3,5393103226033507	-2,0601288751472207
3,919840066715493	-1,5517393997801017
2,754515940262017	-1,380972203653321
2,781572358534855	3,8300509155641382
3,221443270011558	4,136118618375276
0,13671059834473942	3,463767341345055
-2,360516410197695	0,1777897798095407
1,231615045221102	1,9470322580876633
-3,0225374326546435	-1,8384422390623611
3,7821838890336226	-0,7646971930641464
-2,4680298402048004	-2,397870634402231
-2,0942349084755936	-2,2645278596686986
-1,6319635944758222	-3,042585015925848
4,946328136702305	-3,4682918405223484
0,9332091852139652	1,7012013614555257
4,301521482903757	-0,724941913010622
5,6834318242472275	-2,8028475839283225
-0,39281509793043146	-3,182185831802019
3,7140944579562882	3,9634876999840647
-2,4125132438656145	0,25234186033688877
1,8645726024227551	-1,433143489649225
6,243268173452282	-0,880975498188322
4,820948325949857	-3,4261054638187676
1,688364251900155	-1,1226071400291286
-2,8149240880389366	0,8564273576182682
-2,8733185257769307	-1,0189602073395678
0,8162816604049057	3,8627794245313307
0,7504680744028249	4,342266193527434
-3,6309455618649373	-0,4044477097086272
-1,6739211005792516	-2,407012352144419
-3,501167177315586	-0,3734502383512568
-0,5249400273679938	-3,0799546663634363
3,132552186680115	-1,118505101516174
1,0779206976604383	3,216820333478845
-3,0901975434633653	-0,6696783506933773
4,404900569723725	-1,7975847575158748
4,625547530301999	-3,3627517602154864
3,1831867022959486	-1,1656900899406746
-2,249171601287804	-0,002436101449152961
2,2583028276124626	4,505512104913263
0,17947488437839532	2,270052617990335
3,4287617027642505	4,7728637653134856
1,4538526321874785	3,673339525765196
0,7169031835420809	2,081918290109987
0,1846474521277517	2,457690962597808
-2,0762343290814913	-2,123244491139152
1,5652973275339235	4,120600520126873
2,917487158630392	-0,5514930888664256
5,271409496956594	-3,3460639463780737
5,176778597657926	-3,3967692847295465
-2,6346659764230127	-2,8311237485802314
1,1455040713462807	1,6238628197850473
-0,7809790875957946	-2,5243939637679387
-3,058704833279183	-1,4940023132256766
2,3795740561168257	-1,826302317994617
1,1494146217100472	4,4071844237475775
0,6669936762062378	1,2053462044713998
5,227307995365984	-1,8298143340810842
1,2177715432877665	4,449979013460297
0,73091008371993	2,015744755711361
1,8028360946740598	3,8363332644485335
1,7801995877127366	-1,1687942856167728
-0,07430523164976188	2,5161763688020944
-2,0455662592788943	-2,46239825927566
4,787138759189813	-2,736590638353201
-0,6282849804272775	-3,3689678637106444
-2,226981105347725	-2,92625638321839
5,478630886973622	-2,2926589602349337
-0,1076177429325822	-2,914188670415718
0,7811386618046188	1,1868475356672734
2,610332304816232	4,327292174545407
4,834713535015002	-1,8220383235204896
2,97605096921347	4,076405455265137
1,0113766618030346	4,662128594175741
3,404017926409165	4,535384240195911
0,7907489372735388	4,1525804776171835
2,8372593212270574	-0,44911053001536105
-0,37025972467139256	-3,1899503995299767
2,0630945334584654	-1,916138918459304
-3,338615056154179	-1,0975771426131615
-2,7491351563556075	-0,8707442379134301
3,3239133809047097	4,759418252238552
4,6509074685723775	-1,5162399381831317
3,862073632667556	4,455550729086191
2,7989240018702066	-1,6970911710417165
4,519774151761274	-1,5668860973301288
4,943447957866217	-3,401788378649804
0,16591794349538702	2,8300988788823087
-3,454890034005947	0,13914582353525562
4,522293670579873	-1,9117700481831401
-2,9928377442828693	-1,6357183823161416
-1,0374959617503317	-2,8498659304345195
0,25017889394786375	3,355641597449291
5,706729752289779	-3,380175973825195
3,2071943897688096	-1,108775077564616
2,412033185134672	-1,747515468543127
5,7210280934341124	-3,0446702950952114
4,210579892667404	-0,9362844928310441
1,0093970654495386	2,1153874474759293
-2,2736797080315223	-2,6929837837675987
1,292545619866	3,7025444385463553
0,11325700258453919	3,203464790589139
3,773737075054796	4,35734027545407
0,4964428886696015	1,9285293254104454
-1,2324661141357818	-2,7976657903828834
4,613768622331565	-1,7732265957525541
0,4860785338787861	1,9732251956166547
-3,4359410116187656	-1,965913869839971
4,666596772527578	-2,7533978167452235
-2,9757402732855947	-1,595863561729294
3,9407659506698827	-1,2462892597462034
-2,588997646971459	-2,3946673348082
1,747500235735161	4,464847008026855
5,660281755752758	-3,0099162296803383
-3,3559112393658124	-0,6234090693485348
-3,0266913783221536	-0,8232003435628755
0,7005113362951356	2,4286044124755413
5,132127953871634	-3,159777079711438
3,0345559013688046	3,8676267609816386
1,489684910019777	4,075080803872153
1,4434589536402274	3,5857565487802403
3,3295420554581265	-1,131419838139894
0,25525559409118337	3,805965928318636
4,115328865446252	-1,6939355561598048
1,3668727597890507	3,4169460673099312
5,195699103813972	-2,0676504096948354
4,962053347567539	-1,4386111558067507
1,6935644772754965	-1,9325496878471005
0,11482369952376459	2,4713615201891916
2,774670667184	4,388233040731423
4,221373902030285	-1,5076266371973617
4,142728645443957	-1,0114785488584745
1,0144557470193512	2,4974073527516314
2,7344712728057736	4,054549825183287
0,8038699425007336	2,637084767549352
-2,7232892041431507	-0,4260906953292425
0,4940811169940913	3,6908817363004136
4,230554661822484	-1,8970917881987974
-1,2108336123593464	-3,48120375374655
1,2474852237750533	4,12186853698818
2,989778972595907	3,8997760508236388
0,7498688510815819	1,1590868070771387
3,3862757119587146	-1,4677389283951838
0,5369402288570115	1,5448835670257075
-2,9351065810786774	-2,945170359346352
3,7416117231288872	-0,7952031598956695
0,9880769629441564	2,403319177113156
-3,200731108858484	-2,4531310015443935
1,8629145680455084	4,203657478255871
1,1597704688933763	4,0555035086819196
0,3616244880878554	3,085178039390665
-1,3071648579995512	-2,7584168599264607
-2,4094680742138683	-2,2210990501725454
-0,9631156302076621	-3,302014864216293
3,497194556601645	-0,3946978807671262
0,444837603860297	3,0877090124284807
2,676521677821693	-1,6381326239128589
1,665647014917372	4,8878114908388
4,865019325055332	-1,4998534765562632
1,1067958356894914	3,7159556043435367
0,5955404646673204	1,2634508079611828
2,5714885792771227	-1,6826163533685015
-1,946812219991743	-2,6183432507326923
3,0681908595624625	4,592580319146606
4,164805907474891	-0,6947920528345164
-0,6629676537743924	-2,357965633626912
1,9529286804265258	-0,8847667889070503
2,4711547548013826	4,198461436892757
4,873627930092718	-2,1706891689047736
3,796371130482409	4,105260549580118
2,102894761466796	-2,2376427286160445
-0,7311127060128098	-3,3629886469640327
1,8359108932954253	3,7433856288185394
-2,718735984674106	-3,0615696502961613
-2,729030499007038	-0,4464458410938278
4,463901312801759	-1,6229765753277667
1,2493697783883984	3,325155605975511
4,804542979209245	-2,6057372596670327
3,4389405524613155	4,582321544600264
3,7033219572653473	-1,6112046521946604
0,6435382838140735	3,577467900288233
0,7842687238824027	3,748470468268142
-0,482496583879893	-2,905794930501634
-0,07597444994868408	2,5210214634703507
1,0343848477052813	4,599920545868316
2,3758156862890933	3,9314977877518973
3,1366874239446516	3,595106427546098
4,014670730103953	-1,0243886075713189
-2,8386545820318263	0,7765711777405282
1,7259631019927808	-1,5932040518459614
0,6387934658499654	2,1327066087993742
0,6819907784535879	2,105239616337645
-3,755734597895572	-0,9206311894746
-2,815233230008876	-0,4380958167060707
2,166324398111268	4,171770261640188
-2,0540209559858873	-2,8999099411119102
-0,3345923470459746	-3,2588771776666867
-1,3381750368625838	-2,848696797299796
4,524652131905107	-3,2052946017576494
-2,8582760248361034	0,4396536824854165
1,8341678289524588	-1,2127152598560071
5,487801330456671	-2,286369666450265
-2,78686865826314	0,5131292477679257
-3,0505766965457286	-0,8197087807339825
1,2743532407453744	-1,9024413809324683
3,1177605943203384	-0,4440207700550527
3,6334605136383975	-1,522025308964319
-1,9164658852513845	-3,2836260927722365
3,927218158066314	-0,7801613613428051
3,9836440044949923	4,447445078325839
1,8512978607857504	5,000871878685372
1,4731778954435382	3,6296642411714517
0,5148610049196054	4,2474588676682545
5,220575912798269	-1,7649235197072266
4,876952499361938	-3,316365361704737
1,334927321009204	4,537204745019119
3,284084720030071	-1,5400687943637252
2,4004459334365427	4,982393341262698
-2,21832468922742	-2,092845759925746
0,30560913832036896	2,8277036691787742
-2,6347912587806244	0,4546415530751968
2,3898935233156253	-1,4067462828428328
0,6619519001225806	3,5904561428002926
0,6913908962136066	3,839426825151473
2,224738268156041	-0,6223302805082329
-2,805661705932404	-2,0021962429877442
2,3159182718514235	-1,6081946045224687
4,7166330600408575	-3,202581014885209
5,346022591216959	-2,8306939132634024
3,1038055978662493	3,933669149497393
4,387903106037002	-0,9064935760158765
5,294512083885547	-2,810463997534212
5,00453020061021	-2,335771672811065
-2,47045285496573	-2,009548210543859
2,6336910064930024	4,686932931399044
4,572968514234544	-2,983761439312243
-2,58758416891632	-1,7634931702377559
1,9908556994651334	-2,0308562372089836
0,271725197406794	2,9603743666613513
1,8851507685807913	-2,1678629332670347
2,099277518186917	-1,7664776196303262
-2,871736322592102	-1,0816180097616022
1,0776756800068108	2,2318932649691128
0,08335805503805904	1,723657524801503
0,3043663909994212	1,8617704504614243
0,4009872987864973	1,2208514358270275
3,088683985465367	-1,5411497771510554
1,2010013910866113	4,211438543315754
1,7680030242251672	-1,2879722760115035
0,8206057914621523	2,244620999186255
2,9250496963180215	3,6886894358774285
0,9813477164103555	2,051703846272775
1,8532691852989809	3,8795229390075376
-2,527425415135258	-1,933803311303874
-2,729093575422067	-1,5692396560846569
1,596072064237936	4,66845136449143
3,3670290080967407	-1,2977808671963118
3,9091212855443027	-1,6543500124498736
5,390921458550816	-3,086496636150574
-2,8324389392390783	0,41288533327261545
-2,6274900150173837	-2,284168731090147
2,697652702809927	-0,8827140153397268
5,627059902495544	-3,351819577294838
2,6268006836287876	4,137283819223459
-2,019328470075021	-2,3508870900417165
4,051424297053001	-1,391857679464843
-1,9651444121427295	-2,3656460410146884
-2,6082000493424222	-1,3478295043571793
1,31558863586406	3,8189378469973905
0,8156216845292095	2,7689163362123197
-1,1264717961942747	-3,000798231318492
0,48769096132082823	3,132148124493824
-2,824289474592538	-2,6934048999868367
5,42097405510762	-3,0173794761148205
-2,6555831240223675	-2,047189355303874
4,766283463365553	-3,0724726484293448
-2,6366146567977204	-1,1242218521816694
4,899961843050882	-1,8339274072020328
-1,893418475712532	-2,669718786553772
1,994672638346135	-1,074421548787766
4,786997121308952	-1,44398004242756
1,1577973634899585	-1,8903876626242841
-3,3596397904369217	-0,9865999248529851
2,9302052643168848	-1,2025387026733747
4,892817695558506	-1,7924560695920566
1,075076200745902	2,0276635873188056
3,2170828905529536	-1,013815485673777
0,8920276494169648	2,010055545144332
5,597674208862454	-3,454714413718264
0,6837579052298355	3,941242187373253
-2,8618688345116703	0,14036235450947432
-2,4375479035282996	0,22288890256708038
2,722491494020954	4,313729616578654
5,280829935123246	-2,361947237372957
-0,998092067448634	-2,372052434187246
5,382196854412772	-1,611174209026538
0,849221941797011	1,939886586555168
0,7783422332820984	2,9956221170025747
-0,26698225280830945	-3,177308757920668
1,0059714182927855	1,8326829083792504
3,403011337715588	4,666022077902829
1,9592483586010274	-2,1283467875245874
-3,0020077844338657	-0,9601871553186642
4,581752384846956	-2,190877201317409
3,2159690319601166	4,0219787098281286
-2,5776115787426015	0,49371243090275074
0,9340574539183921	4,322614762108541
2,11076239296811	-1,0819659778585422
-0,3802779203944653	-2,970638923861183
-2,768671169185594	-1,6146921734486237
1,034049579785791	3,345935002241831
4,608673429301527	-0,9472631928288617
5,205045900239387	-1,9652002546438208
-1,0695715643665031	-2,4297012824193303
-3,277549265955498	-0,7688060185654253
-3,3180905214175134	0,21216874086091453
4,696886313222366	-2,298758169109264
3,0625173490827735	-0,9136974649394527
1,0662837100139855	1,416505550757112
1,2491701786476392	4,15762675365403
3,9936247483830125	4,4261047358382095
2,069295075513868	-2,2006159921609747
0,7929056663576901	1,908182319062814
1,6265430909683576	-1,5927138949354964
1,5186769085251843	-1,2837080272271684
2,499464740914645	3,9098062897298154
1,742235298368414	-1,2070643921217368
-0,9654638637691704	-3,3912697448590503
3,2956477005882876	-1,4660897963258925
3,423814424707371	3,666539025471428
1,2027623173836541	1,7324544567426639
5,136523582225725	-3,296697301449704
3,31836985750807	3,6212441128502495
-3,6011624173283043	-0,6527827863801562
2,4968032047649205	-1,7273930161620308
5,666169619314074	-3,1128445202235855
2,7029988358961567	3,956363755935821
-2,7910360171290263	-1,564622280889165
3,6556841570960126	-1,4489713472406944
-2,639731017331788	-2,1174262405090873
2,7147487598759037	4,736813047884371
1,0894589397932712	2,7553283614716797
2,407420932515192	-1,0417070998307152
5,722520680422445	-2,9529485507807633
3,1445941728025195	3,573850214582597
-1,737541453373026	-2,7233477762376026
0,5486188595864983	1,8042610319005117
1,172840405854238	1,6842180481927438
-2,9104407490955633	-1,8006148163678155
0,7276007792917529	4,190621003183776
2,4752689319325407	4,82949418890097
2,8677270553377046	-0,8323361146630921
0,14821229176832684	2,799020722754076
0,6267930012513812	3,6702301958477834
3,6557944652958856	-1,575410023618874
1,0140802901344428	2,1121282526578886
4,841374158358294	-1,3047852063451648
5,224225396426564	-2,377257387153934
-2,527833482811032	-2,6658443535917726
3,2462140392818783	-1,2157285235192872
0,8733426810890355	1,6242255771375915
0,17946295435425652	3,7566773166602676
0,24002663022402881	2,3404088016767712
1,3751330295373005	3,4838418057195595
0,5709856907459199	1,2515245762186704
0,2261442128502278	3,5720579923520157
1,5652798371097496	4,061766703756893
-3,4172131499193377	-0,8522430455328545
-2,7990335458445594	-0,9938391062009058
3,542475524220016	-0,5199948580242006
2,1988754523608636	-1,7466541497900998
1,046801867961486	2,125599322823624
-2,239047129444584	-3,3264410488186487
2,7689887295325746	-0,888104295511889
2,9559886054730153	4,6766685216018535
2,166836094963542	4,418040213506097
1,46351657089336	-1,3087722619944673
0,5043099452428892	3,6233251186735353
0,8516292089948618	2,9233446510741037
2,0796161688989176	-2,2784894505865916
0,39916056217951046	4,060703030406707
3,44643219886409	-1,3960969592200247
-2,6838383294997534	-3,0793267484633735
-1,8284868782668842	-2,2940118982656323
3,162743005889107	3,9505470426282017
4,8060594952419775	-2,4768698021811884
-2,9006533458669814	-2,0958741804354655
4,379105185171621	-0,6221214815562925
1,749802390474682	3,97404972181839
1,5685898715840945	-1,5452486523581022
3,8325779488329372	-1,681798019176651
3,3784016231107104	-1,4016511797462081
3,390088895959151	-1,3578659136870252
2,519156231042448	-1,4852585560418254
2,724591694790369	4,941107935363263
1,6973716166366415	-2,066397704897448
1,1243631946649935	3,287074153731403
1,6343302699211368	3,978113848045778
0,33038764134504683	1,816835035784973
0,08421146528438683	1,47394598513328
5,347045850819681	-1,8604924285190299
-1,8210702520481377	-3,0894394052743195
0,23183427880088603	3,8168115808325136
1,2343726999929556	3,3043157553463476
1,475693800272234	-1,3936620538413804
1,6279697491922176	3,7853970060612108
3,6178170177470887	4,050559267730344
-2,719667765736577	-0,3110804038498358
0,8776073649928404	3,3391763318749383
5,716007698977142	-3,4881419808505343
3,8317710948442425	4,543429045308217
1,4751653717781348	4,191887530590505
4,749060420361888	-3,0290885418115905
-3,1731254674946694	-1,326770546376258
2,4098788455781595	-1,031280949515287
-3,1445884027493283	0,20365635711733132
5,49535699641581	-2,852732341936988
5,409707160354084	-2,9437544153549444
0,5035879987622396	4,082728759471443
5,6277862438139525	-2,2719458818288056
1,9689972734012469	3,9054351909386575
-0,4303307843001546	-3,1730282946629425
2,539192242950434	-0,9360769252270602
2,250935372532404	-1,598425071907076
0,6523751289340622	1,8042568861584427
4,112482583565454	-1,0977050760679796
0,036192144498529366	2,5364564629954147
3,1660836829754615	-1,1917928301392957
3,300784653606564	4,336964004588909
-1,8335378239845208	-3,0335991588167692
3,021753261829291	-0,8114115569881681
-3,275344704360901	-2,207259823091138
2,5373130791552514	-1,6858759660687452
1,5503750641387	-1,7644286697350184
1,121939757059257	3,5085835530236036
1,9532619148662314	-1,2527579662999657
4,250056450837808	-1,1088708902629651
3,1049432518959414	3,6607453457481167
-3,7103994732872665	-1,2885914888539336
-3,1726454592606834	-2,0395612619391716
-3,626606555865756	-0,7402652428040021
0,9362994639418067	4,00119739003972
-3,371185659506683	-0,9416802413282983
1,2314349089048315	3,8679356416804143
-2,92629392043448	-0,21858818104287248
2,3189667977306865	4,392104326879379
-1,195060055729338	-3,1752746504905986
1,0598475548447293	3,6079638804876635
1,5861617161132187	3,9167116502669677
0,7345386486118946	2,3953661603452234
3,4259858738844247	-0,3410095169628722
-3,4241728431749037	-1,0336261705577559
-2,97557022058923	-0,5480948174443343
2,499050573632928	4,061002977619575
5,629401509446654	-2,36992999595103
-1,278273429645141	-2,417887891423235
3,3769651498323907	4,0048855890417565
2,980408457689408	-1,1098897325839734
-0,6188399554439981	-2,506339069774262
5,550272511686764	-2,1991254549176626
2,5813516726284274	4,139832310530285
1,8353252563475193	3,8970230965520956
2,061081618305444	-1,1588489628518746
0,8114766734845587	2,7844173969721226
3,7556000463776513	-0,6439306075105038
0,20411242886174774	2,8205456682227386
3,2476389733144657	3,9197056378868087
2,013429768782431	-2,057186993298636
1,6064377631654803	-1,879892221551802
1,7656338071842421	4,028469477995065
-1,8471084160875133	-3,438119382556318
2,4504259143665585	-1,1524658534122922
-2,9144745410035044	-1,845874481990049
0,8473185898420197	2,3433415079239612
0,2580865712634597	2,1998616525113994
3,035879282253992	3,7201400956330986
4,317703647363155	-1,043680458950476
2,5125624175858987	3,9551315892805143
-3,2519489458482917	-1,79820950038202
0,23605896708167684	2,875070734880625
-1,538891341613065	-2,9214969242631437
4,831054127341749	-2,9462665651361446
4,2499295396553896	-0,9323887238475119
1,6891613983518188	-1,7588971815164471
1,9794427597027324	4,538387397932555
-2,5761697989193544	-0,5845975253112127
5,375888878518938	-3,298583447085608
-2,7981429558847393	0,5711874215951751
1,8812605250628716	4,34999739324284
2,4185531180486124	3,9780953776360812
4,747112956371097	-2,8395989367411105
-2,981306429128476	0,04990035201586207
4,004616719090835	-1,430013984422465
1,4040739885323976	4,297942272117993
4,821953427570945	-2,561568598788807
4,909987839233239	-3,435357441537923
3,734816373233627	-1,4887403376674337
-0,056106580156347174	2,1746767333839863
0,8291905401406017	1,7093297367775397
0,3345653747609607	2,1997953264447765
4,748216469374545	-2,6413286122317414
4,714395284804989	-1,5414467373385046
0,688638405538041	2,3620407529967586
-3,2610183868388485	-0,034073242443775076
5,6736335351995315	-3,2735870721568214
3,864738411859597	-1,098722056874354
1,840701869142395	4,357361748521081
1,9125717094658206	4,330710087110887
0,6704458720570512	1,514970539221602
3,6003908555276127	-0,832523247815105
4,541686496628788	-1,066700750171841
0,32883465188003114	3,8123904392352554
5,381621035489665	-2,506981237308298
5,554968201992192	-3,457447135455063
0,4461140431601629	2,524755034166671
4,558392873551982	-2,1695146940218626
0,9278298237969254	1,861405734676905
-2,981700053774422	-0,8614891357073601
2,0063617887688467	4,00725519322751
-1,7682740817303124	-2,35180534775192
0,4318982463933385	2,7704962569374914
-2,8543952363134606	-2,628591345746351
-1,604957669255361	-2,2933893332613353
1,6886863387905082	-1,6183952773685397
-1,4168158424074098	-2,8105730542399603
1,593492674406712	-1,247057003219186
-0,07657262662596898	2,344904544107153
3,479081634094765	4,157412780443338
3,168795848872831	3,5480310977411937
2,383721915930675	4,039585456951242
4,587932398155482	-1,43770614202983
0,7978965203349444	3,3000833851433056
1,9493816846259195	4,296955442394612
5,318826424949572	-2,702193375668795
0,7224075309659042	3,2153958491657413
3,2551575084188515	4,186815220368967
3,286288493888669	3,6574124742591936
0,6242187804277424	3,5886428325988953
-2,4510825830382843	-1,8818235999740434
4,184509787387195	-0,634221806957489
4,782521696468263	-1,0314970154043204
2,083797849448453	4,367444693568606
1,8951067358592908	3,7472685008770004
4,457900940328336	-1,31049575732761
3,9215349552922643	-0,7844403698576792
3,6795925066409074	4,600444129154208
4,623547371691085	-2,320658103635332
-2,793237778921042	0,5779426222308919
2,1647814460088086	-0,9879962471191805
1,0131570107098087	3,0656704073771226
2,826302221690097	-1,4563034706711444
0,07877620616014802	3,232522454724065
-2,94954592241658	-1,9899801990513655
1,0016514559085792	3,1389829396739275
2,524735860317709	-1,075452097133396
2,8090207249724495	-1,538974253230574
-2,7509374875016297	-0,07788350643769193
0,8983863155515837	2,0551388677283042
1,9653593193728423	-1,4317955057144007
-2,5247851146712867	-0,2547170651307473
3,02402211889971	4,410896838182635
2,8771540090936947	-0,8660383631548298
0,9868695247397685	1,4721843852673449
3,6707888764143815	-0,4561331041700649
3,3133117333135527	4,538806909161094
2,162262314323275	-2,1119919688068145
-2,2824196516721447	-1,9606323048476963
-2,644324498141705	-1,6825107729100703
4,264166225252313	-1,644829578692306
5,2153541184038925	-1,2485843721171206
1,843800161717148	-0,8937974564298354
3,3400555003441252	-0,8278863582666411
0,7980355882764603	2,055035100382238
-2,8750899981435385	-2,3392569921217308
0,32052879415811786	1,3254425040996662
1,0233000040847573	4,320026095723398
3,801136137412592	-1,151338779797471
2,6531255564916267	4,5134475296694045
2,030313521129645	3,9010928896040515
4,922588912871561	-2,0992339614313993
0,607916955121454	3,1706288845315154
2,3764225468012112	-0,6977355886203993
0,515635646782431	1,5973699960246814
-2,5158107928119215	-1,7146078941831555
0,6026723484769949	2,3177972889378817
0,8901249160707665	2,754106547200096
4,4220074997717935	-2,1896431728143586
-2,679252506993958	-1,4987016150625037
2,045377459941749	4,076107484285186
-1,113113457586154	-2,414043156110827
-0,6502878878275983	-3,3373189708085933
0,8439615145494126	2,021978751467673
4,7982080525081745	-1,5978849748854236
4,343617116801733	-2,0972448222822737
3,072416359166315	3,639881683388663
4,306677551556955	-1,8698139860605805
0,8775498830629178	1,6871943455458331
5,13320873333125	-1,9939181205871805
2,2365146399170603	4,504361414423877
4,0846264404425545	-0,9392556358015858
-2,6491284985184294	0,051122099802972
-2,390684704679435	-2,043802883818766
4,589952836347638	-2,484461184187921
-1,0264759967580226	-2,4151347494675957
2,4877138855211607	-0,7125753150720384
-2,6206730889904497	-2,2811812857299625
-0,05342415157976399	3,1035723812466287
-1,0196981874951363	-2,8403306895820766
-2,820353132336831	0,8167508298655197
3,264366705511776	4,293145141218413
-2,0328738944050215	-2,1925801792997417
0,8577626680001242	3,7463246424096477
4,849059281335073	-1,907805341105921
1,0844188573234013	3,5031701386222562
1,1530832060938843	3,8611309479324496
-2,611445688936114	0,2961370731686137
0,7913166355412917	1,1984223654869963
5,426325862234172	-3,617988926611047
4,085739138075379	-1,2788706632805849
1,02605473912853	2,05578227704355
1,770174189743347	-1,1472809142535203
3,7364928645795077	-0,5371454676970875
2,783870849538067	-1,2177426507668712
-6,60803871249337	1,6491827178348366
0,7475461153106964	1,4919909485387408
0,8452494465800728	2,1623979498060573
0,7701541426709562	2,702230139401512
2,5880870103744655	3,947410512531478
-2,783693265967827	-0,42670994806511775
4,87460969232043	-3,3072398997823758
0,6638893366889707	3,450428401986951
2,161468340036203	-1,6704020353209406
1,7313687984198973	-1,7928414056535027
-3,1484500410415324	-0,18152077477193063
5,20312102761277	-1,3714574780974444
-2,952147753713705	-1,7641973981850125
0,155873137852784	1,6554723279391128
4,629527643998881	-2,3291215678678823
1,03756143619652	3,1618412605303527
-2,9332478047191675	-0,07222387460735835
0,8994950338273786	4,502991172049123
3,0577506078867502	3,7122413024694776
1,9787348276133525	4,731849476618217
-2,7283418095174037	-0,5564684328367148
4,823973154954249	-2,55012813641672
4,287069320830056	-0,8193692350542463
3,8023541641672067	-1,0757170431132754
0,9025295157718167	2,370832133729779
3,5874598461440512	4,0020285943597145
1,7507036482960463	4,538230770989741
1,3670394421140997	3,3875198284567647
1,4524495735950402	4,347069949400593
0,5770878643000521	3,215818574248025
4,263739003291094	-0,9708622991880682
1,009879670982535	4,394434026915972
-3,238762370137994	-0,07293231411876755
-0,9135442053243477	-3,1140615441509274
3,069284340875582	3,710800357578453
-3,6893074801305437	-1,3575655173801806
0,9617580773371339	3,9447104950209324
1,912994781800464	-1,8520869541190623
-2,430164151053491	-0,058613976694751435
-1,9024110298505121	-2,5827612519373524
0,38979518669095836	3,4769876628717187
0,2947075117974167	3,827563564766243
2,2390374271061937	3,8429748604919745
-2,0007688433966466	-2,6187049469418073
0,43490075368846015	1,4367210221565196
3,6072538958956835	-1,3719514028341984
3,3138255641697114	3,5641284810977782
-3,039795800253058	-1,597824445686154
1,9798952996720116	4,110950281421912
2,537705535699738	3,8140986720359606
1,0830688436085993	4,197504366015317
2,4659206972554966	-1,8064448348095596
1,1508334686068369	3,736873248397259
0,46762010917158214	3,391629740771477
2,2606601129738624	4,120401061458888
3,017694070892364	4,952762635194903
-2,437580173059889	-2,415617795502854
-0,3083073273801751	-3,2467062327763645
2,513877325121758	-1,4373345391352992
1,4759882910517101	3,4963368615434502
-3,7859707678494994	-0,7213622627047858
2,2862541143889312	-1,1220273213792384
3,018296935042484	-0,9290772328105603
0,893940214782551	3,5575543735860773
3,373731439527847	3,6700435326090046
0,32341769821729116	1,5107590884070266
0,5538100724180501	2,7834592117909485
5,581176922659458	-2,946091999118061
1,7284271810531702	4,26980177077637
0,2151715056825978	3,062131136899048
4,609448338460928	-2,932885319006058
0,3789490207758539	3,3910363683101306
3,4115559838274416	3,9306228614106966
1,6059767454597682	4,811302859538059
4,5484928996752485	-1,9881679810779889
2,2988190532623003	-1,336415214516635
2,565495000418789	4,680281416801732
-2,4058380077050674	0,4082746005086131
0,2730923547652173	1,5707525237755626
1,1903623932211143	1,9036499409244712
-1,4179727987019475	-3,208069474212958
3,326131500897893	-1,1800126731847553
-2,658386459621796	-0,9501679467266255
-2,2589761660189285	-2,078279845490476
3,8504717424533688	-0,921350054590435
4,910834656123285	-2,9784086587968672
4,215208857298476	-0,6577611440421705
0,8101125467830967	2,205491445550424
-3,3548522803577616	-1,1671065555793951
5,191628684915552	-2,936693125874698
5,559791614869612	-1,76689544914258
0,8355600701093464	2,2603227922626727
0,6746125452001672	1,6596012526811894
0,3701198635332892	3,2706837492103444
-1,8507466616419226	-2,3641759339081982
-3,686162372299611	-0,21301396958825114
1,103815396392202	4,737112507249248
4,2124353571424535	-0,6018101753154608
1,1213416663851428	4,4344474890071774
3,755233122260692	4,383112143383328
-2,4416929994674064	0,09295261233796359
0,41567934923436134	3,0851483688660837
0,5242053528202637	1,5335433721421081
5,551565288360065	-3,38202399143747
-3,330205912938567	-1,9384469425250586
0,76484710266734	2,265678040335036
-2,412750876046063	-3,2020540468420453
4,96532962919851	-2,4772550678390015
0,2873494914482726	1,5967434860092555
2,066555352737793	4,047789987591095
0,4380916820775129	3,2276601377397753
2,8363744393695085	-1,3982623589986882
2,7453422543113475	4,009216281774646
-0,13630132566500897	-2,8636928919714566
-3,5369641625315937	-1,4394324708962907
2,1062184946833966	-1,4557323068607049
1,043068672586921	1,6209626836137607
2,007715835086241	-1,2247550058860623
-1,2610195369242307	-3,2485471529883627
0,06812482638026118	2,7118266608970987
4,679519147649234	-1,0111445212340935
0,3829310444764513	1,936946151018073
0,46036488266200215	0,9384152926632827
-2,933916927438343	-1,417525558172373
0,898416606069042	1,227985059111656
2,413117385792722	3,9121634174274913
1,1206951911171403	1,9453777359044861
-2,4768990976244893	-2,921835301221283
-2,555880845375092	-1,5670261752299433
-2,143983338682625	-0,02580425397775965
4,4812961414905095	-1,9783263461978335
1,9398473146574289	4,550759929941013
1,1969653046931887	4,190827432892449
4,599768892596739	-1,9360232269304618
0,9801429284011642	2,130827666027342
1,0644896205593932	3,4880589641043125
0,8725003912306177	2,449664302625335
0,16717139363962374	3,457431879952424
3,358582602459765	-0,3408151836511242
0,40285073618138645	1,3383953428061865
1,5846043036787893	-1,3511796940724423
0,7832033302887478	4,190640175140649
2,5921046212308907	-1,4020757957152963
1,0024156195164782	2,7596938346204687
-1,234326733200834	-2,949222113175131
1,1571101402314627	4,157107552825842
0,681926192805125	3,0376292467859423
-3,5007331439336618	-0,17349528110902313
4,90285646688324	-2,9282589215770147
3,478202109586155	3,973496456954925
0,23525034951557	3,346137950413051
1,867689626754017	3,7367771103538963
0,8995678565576162	4,303711505333257
0,7758832769842481	1,532259377314876
-1,5652006912502374	-2,873576505026861
4,246187730811388	-1,674314644644954
-3,6347107010506994	-1,552213283810427
3,2326172824430346	4,654393772527273
-1,4922295107862313	-3,311261723651397
-0,8605373393695681	-3,255302288597677
-3,2358794864502096	0,03663402732605414
0,7588463874015512	1,140030909624824
-2,5395391056669205	-1,6927894389955442
-3,5572082236608913	-1,329322814368145
-0,8989159944880014	-3,001665935142882
-2,6484702377931235	-1,0512466452579252
-2,5411282775831787	0,3227386886610646
1,8163662863755075	4,089761014389325
0,7159289045546346	3,1899855857343287
1,2315481193481637	1,5328154844521273
1,3207075144960458	4,392410491682648
1,0336527134611817	2,826729854323089
0,9171274214254912	2,3511804404537484
2,392297542700602	4,240750801728666
3,620566226065561	4,0781355001669315
1,0156591793268854	4,468450448096235
0,6498889767513671	2,278874588561071
0,7718625803002874	2,5969529778325677
1,1006196801126396	3,923153651439593
2,314943933281959	-2,0533371279018877
0,008481209221128161	3,0766645974154243
1,432131780715315	3,5289047422646824
4,636640023959368	-3,1020730712798597
2,452893722515971	3,876374216358922
-0,3986246657175524	-2,5515959521293317
0,49574915478821113	2,8159345305777705
0,6821067797619236	2,966296814948676
2,4146728812002287	4,979712360620808
-2,6295359608262183	-0,20628771622552566
5,193695097402516	-2,434757241740671
5,351430983071664	-2,613260264749564
-3,213603771588944	-1,5931227753977883
0,5426796235131552	1,080627837936386
0,9120240391854306	4,078866232838495
0,48371853031314793	1,1291939748295838
2,0823463476200788	-2,183087684654851
4,477571898108609	-1,630960208637875
0,6690102100030095	1,804215731961227
3,6901665557498453	-1,5131831745069126
1,9061326811305879	-0,997784456231158
3,0251872213638076	4,88157847909083
0,30572689226911987	3,018731279000044
-2,7941237494420976	-1,1889327732085107
-0,9835657699849983	-2,912440211751076
3,723148635895237	3,9465280768510054
4,86598567978749	-3,2617600319416216
4,746964219367134	-3,208606254939569
5,470575109651547	-2,741328261876194
1,4142975151959187	3,8985900822222854
3,027609646864793	4,405504908645183
4,591935134425405	-1,823206803225981
0,7051110050855782	1,3240417276112946
0,9410468821954425	1,8908510592105054
-2,9004740476676965	-1,182854661305547
2,9975221625008945	-0,8100937790347404
1,6004936835114614	4,028621171831957
5,484082502859234	-1,9793489620191922
-1,4725099465324791	-3,0784094464256047
-2,141329324469722	-2,9018320144460628
2,573058630267795	-0,7353038036221142
-2,9290492461014708	0,7121110007241662
4,778001792316155	-0,8767374440929103
1,2005508263531581	-1,816041257830095
0,31059542335103796	1,1009271413693977
4,841522803062498	-3,3573877022433964
1,230619971385804	4,775944210777233
0,4752456740037312	1,2336510977727233
0,8496588997276546	2,7784383335469114
1,5594394338241775	-1,669486753914815
1,300140680100344	-2,000492226328638
2,3066278710206998	-1,3146401540882948
-0,014679900680376168	1,9067312961024756
-2,510657578468535	-1,641676313500847
-1,2914743048093371	-2,8359369487433996
2,026789410185671	4,582357250930398
1,1076807604011458	1,9731293883253105
0,7466082957977282	2,2831940376992246
2,327864860528633	4,696256565483184
5,333232309019585	-1,8192560766405073
3,82438725508154	4,323977470397216
-3,4172447669374484	-2,0804867217454595
-1,956996844872013	-2,860969327829325
2,913776686908516	3,704268550807742
0,8810991511807846	1,8403040857238495
3,582346636671493	-1,3933076983797006
1,7989381322715552	-1,4524786299629033
0,6569305588979519	1,788292952320224
0,7401137755273672	3,699331350786443
4,283630454354351	-1,9392478788637162
2,1112821283928245	4,042277966831529
5,467948753959214	-3,5373854133156986
0,12765067880042658	2,763264750776038
5,190733574493038	-1,6282686890347802
5,307665056807712	-3,4180885197797135
1,226796514969858	3,863500537201811
5,306481552666823	-2,656890649277322
3,1980194753559372	4,2368739163501825
1,8788035277254207	3,855580838268165
1,2135782236567882	3,8689229742731923
-0,5155532781104204	-3,3070524828880323
5,371844042935537	-2,6236528000382187
0,36259455351470793	2,0039546403456727
0,5586047721021692	2,9647559873751463
2,9214490777908058	3,7892660395483087
0,9429172225430857	3,289785037916254
3,7528711858102453	-1,3167631982076158
0,15293987575266899	1,4503944636674462
-0,7178580687631347	-2,409248797842196
2,7659594455636536	-1,4943770547866695
3,12655092918378	4,593265098409568
3,135967002184824	3,607764192449136
3,4745204660152087	-0,8432132591948387
2,7296587907597267	-1,5651502662581454
2,2112475878174775	-1,002119431142523
2,5376797682246166	-1,6948734737243247
-0,9949585157601535	-2,655906265360618
5,566837671263527	-2,2214673894656345
0,595612666169612	3,5052046989209953
5,647750780607903	-2,7140940311675674
2,9705593840703446	4,948833106960697
2,688790438660765	5,0017787799300715
-2,9149403895517123	-1,1468138788910718
3,3612690631556372	4,019855159468026
3,244212646722278	3,9978555956963073
-1,5779488352182665	-3,209550004458654
0,6632474863689521	3,3572338925843512
1,3818096687950443	-1,7227908895388038
-3,0257611296451588	0,6093749874787207
2,337131644478573	4,084538971333693
2,6728105814424428	4,642543920312252
5,47857595533682	-2,193189505299321
0,31843527799357396	2,829567578844468
-3,453071468247895	-1,8296742123465748
5,4396586187244855	-2,560409398975157
1,9060772275251372	4,967686195036607
1,548631835121514	-1,1653944567858305
1,5857001483244184	3,821410453336493
0,4163131971275802	3,5244791549855776
-3,6975343324762684	-0,6741729240145775
2,471649013304441	-1,6530818415438366
3,017630090073285	-1,321891621456924
1,3743138661425918	1,6805150671787847
5,469263954948829	-2,7180100673756513
-3,3751291168516366	-0,7119838141389458
4,862319779233117	-3,263850990384566
1,0645476056776269	1,4109797805188442
4,914400878866153	-2,4700330082108133
3,2704041991132544	4,812642018701981
0,5959642227137678	2,4018004743511696
2,349549505539193	-1,8997763879096836
0,6975683754757775	2,843053023837066
2,6425043937938506	4,019427463020362
5,468289634556008	-3,6752949430440314
-3,442767021449001	-2,032528345364269
1,9917517808659977	3,8050857026855334
3,715762391609874	-1,6479886417281446
4,428522801335528	-1,2502630127492491
0,15828376327769655	3,356386691978224
3,2278895110404893	-1,422854537979964
5,1173201842997935	-1,4533005867055673
3,4892823069922994	-0,9298683589051628
-0,5201306746185079	-3,0534997749613435
-2,744570110825162	0,09615173710683367
4,833818160830576	-2,916019704249747
1,7902036829203984	-2,183197724576672
4,2616754395622785	-0,6253705136956729
0,9897880072901939	1,7933386608426296
-6,9907512652242385	-4,978303150993791
3,9548161698043147	-1,2000195600708163
0,9378093940954271	2,1798202414490113
2,9096434734478227	-1,0571059168137378
3,5640350168913804	-0,6056153021185366
2,1000488317574533	4,420980446845739
5,051836359343783	-2,7326827612958002
0,9102341528453204	2,4975107112076005
2,392973219750967	4,961654688249381
2,4501026964746484	3,9481202764384924
0,5691057419582721	1,9269223842044205
2,768169993811969	4,7034412220216435
0,7842047733839519	2,0704199221337145
0,6909254199554846	2,0952433039818614
-2,961596766164062	-2,1216842953029555
2,562175415277736	3,8836898368899746
3,0195140390881967	-0,4289576119562706
3,061184186830525	-1,000692619377492
-3,355761266803636	-2,408214427321221
2,5696385402257818	-1,1468250005944056
4,90822471434013	-2,54747972685552
3,8004383215277278	-1,538293706316412
2,8126611996051185	3,9335400714623505
-3,825166386218929	-0,8535666656748842
1,6045346176009039	4,246866979805512
1,9467175789299906	3,8924621327890785
0,9673282528348441	3,4455614539731303
-2,9142098164106667	-1,5373934592759466
0,720112971825146	1,4726406586441487
0,5726774082932591	1,2586614316935143
4,8277438176023395	-3,2849153518956316
-2,9859076261235216	0,6296269739122993
0,998174196032638	3,308048277928866
4,629737450496565	-3,1234046358883623
0,8841657781833618	2,476260016589323
2,3414612911492148	-1,7292481377642517
3,5264045797942063	4,73096448332965
1,232870124330181	3,6061323076493657
0,6241646915416306	1,812242920206382
2,8370228421906556	3,911056330977429
-3,471041207578273	-1,6295407447931234
0,7584380420750154	4,490199365946176
-2,532255246353881	-3,073679704882593
1,5891959915128526	4,028736353226562
1,0089357456252637	3,4849314368378175
5,395437281703174	-2,117634054336801
3,5474195307585834	4,119933602971922
-2,9087771902506683	-1,8155350850628222
-3,428654430093054	-2,046939369277715
-3,402233157461646	-1,7239565276181281
5,437536692534266	-1,6144136402005436
4,384750531407959	-1,921652208313681
2,1224485263090305	3,9123348449970314
-0,13891123235417968	2,848991622295012
4,855900412657586	-2,9627141960525867
0,7431983495155463	4,484576523004769
-2,251857193945887	-2,1067935344252726
0,7555541706512419	2,2621689764359942
4,3335552595272055	-0,691190253625269
1,4880203444383606	-1,7779446973417614
0,20118903470315264	3,5895528526247813
2,1516754913918006	-1,2125021738308992
-3,1678983989201877	-0,370232477182559
0,24625061895567812	3,917773759318362
1,5791750620240033	-1,9127688959324356
1,4163516837734216	4,803923801493344
-2,740690418090935	-1,4000928321978106
0,7278749639443309	2,7601495035902146
0,22072783264487938	3,4066480120614417
-2,3459332776861674	-2,2341689566392335
3,437486916458433	4,437295171164193
2,983179950299955	3,965579224850287
0,9545850237825546	3,3345999066489584
2,8944320142338	-1,4637858072058156
-2,3920410454282353	-2,6716016481932545
0,9463703787625675	2,899123525222096
-3,330564978364883	-0,9942809142424894
-0,5582139498671312	-3,0382118895871812
1,132127893702118	2,1607361596171755
3,9298589999998335	-1,578516531553949
0,14502312321116673	3,084418371017372
2,7035795364363535	-1,1329003574207182
1,0454330706255712	1,6371230253356444
0,7634247852799569	1,1069311194594624
-3,432995700556132	-1,6122516294167848
2,358266953096562	4,561819997043239
-2,8203521938509035	-1,6071434206812076
4,231695979492234	-1,5925616055445557
1,3639543713894948	3,9795121651850254
3,1340146962298254	-0,6532505107350679
5,389312679519916	-1,875020814742756
2,3879589627922035	3,911675349330824
4,008646577080002	4,223930801900661
5,198610457842638	-1,708037954582645
2,1008048044730816	4,344642687931395
-3,2494299159468687	0,44113743238781433
3,482966389843397	4,11256217105063
-2,4161518217222393	-0,11117212057496162
5,695865316297702	-3,03309598143595
-0,024767246840391888	2,1512198668299707
5,652583891840126	-2,127303554083823
-1,6249365644638591	-2,5094435306812937
3,7828635459170528	4,49883851700194
5,229987250074304	-2,230532266652415
1,1852690732207454	3,7934009326692557
4,9994422996808865	-2,917544541051134
4,648181231672483	-1,874402757113424
0,5875023367525163	2,9342572509976694
-3,471835036366092	-0,033227925742170594
2,360244508516312	-2,003432196900382
2,030713860542125	4,439909966896263
0,43589206581874085	1,4079208057922363
5,154809285869048	-3,293567770039406
-2,150442978447444	-3,378864795746183
-1,2641020459486474	-2,60303039802168
-0,5308926850582703	-2,512934116568873
-0,9540309019159767	-2,2528006445096196
-2,802563686522287	-2,0616678670575084
1,1093851970126123	1,9591753883211196
-3,3119576309413663	-2,3085356034401845
2,936498517789932	4,2101794352412245
0,5062378821752411	3,9576756632850554
0,03721184109115594	2,92105834450294
4,539758136802469	-2,411026921409682
4,7682224997723655	-2,9522032243998564
-2,5981814517345923	-0,5620904881105887
0,5135509030774361	1,0884171583420637
0,8355115817661296	3,0438049347492613
-3,4533998731326925	-2,1286368938222893
0,363580026565161	3,651861633891083
-3,654500850944118	-1,3708078131866839
0,5750636438647554	1,2976411993315895
0,988592451463487	1,6968930329304746
1,8353260196718504	-1,5567392344126054
-3,4756666274944368	-1,181258072102856
1,0918718025963954	4,705894624497382
-0,19766173944384557	-2,7776921946241746
-3,67802843953495	-0,2811658060840607
0,5633096259099459	2,5948909805667846
2,416136590355183	3,920498261609813
0,5233369711018443	2,956863745815753
-0,3012116504764992	-2,651881093089451
0,46619256135454057	3,2413166811078
1,425144746837457	3,7661438861198033
-0,8139229725423546	-2,9253432721832193
0,5498657793148198	3,100629145136004
-3,2278271985445013	-1,16748375203446
4,646338670793886	-2,7261820895721094
1,3397813474902887	3,5086647766463357
1,3836580656007562	3,840393883434425
1,8353366627229883	4,052593246998537
1,4842546110545807	4,2375184012941585
1,5025207575993975	3,9781584374404964
2,407186085397365	3,9968959637272117
2,851146631324331	3,97257484960823
1,7702625118810413	4,934702107109764
1,9331827694779207	-1,3042368674076015
2,3238456706836477	-1,9855586541136292
1,259127254302467	3,8545833962193083
2,955006756128232	-1,0959397304212262
1,3197879094812686	4,250642109297781
2,2014929204131377	4,920111268248734
1,032263924362318	3,090028106854572
3,9645157920705665	-0,6481913902207705
-1,447838317265905	-2,3033303817711737
-0,04942945786650377	2,4784063442992794
-0,1386477840754874	2,9567263589809163
0,7241112708607438	1,5237594700573958
-1,2351179135725299	-2,4757580077407253
0,9493938558806092	3,231366500555138
0,8470131797531311	1,6077052507234466
2,874315078350377	4,482123883729836
4,474094260445748	-2,2800558365119894
0,9940735060213499	2,631658123444229
4,091056042667139	-1,172181812864404
-0,7025233729535553	-2,909558336584584
0,3978625791149213	3,0393464152219747
-0,08287873580692207	2,1696213110150238
-2,63037770157197	0,1808381688985108
-3,296738679316844	-0,6722048251706368
4,562653660437712	-2,272926580820333
4,121263224512629	-1,7242976782108543
-2,7221616485899465	-2,6001817706068397
3,6217157107513502	4,3585502394486495
4,51974752426443	-1,5355143204922468
5,140997153711407	-1,1572477810594084
2,9888901468520026	-1,6303565592918383
2,980978396378015	4,829896573060764
4,674948987603541	-2,104568246483044
3,4237637814253867	4,068101099922746
3,225530659142903	4,812672893750529
2,3110111976822045	-2,07682414613632
-2,903040273064277	0,8472521763291401
0,6159665181736964	1,8426169369133871
0,09186956101562993	2,346017193877333
2,190430516895329	-0,7038934146082725
1,0243353825601844	3,03216716065808
-0,1697715704862477	-3,205830261007125
2,856102428739236	3,72096601867695
3,0298289019971056	4,279024974150881
1,29594886368434	3,7163589657342393
0,4059536991505326	1,73308609928997
1,8518340327324316	-0,829426533468625
-1,8640656563747435	-2,324913380873475
5,041566299037846	-1,378518524037099
0,5773964552288824	0,9701693955133515
3,7451232040217075	-0,4274200002467867
0,5702424253936447	2,275864311394943
4,483725671133773	-2,2357056063023455
-3,71816353933303	-1,4978289042008734
-2,572093578122224	-1,9130092302991213
4,956957273642718	-2,75164312528614
2,8572150358677364	4,450583564481704
-2,8093939675769337	-1,5209149972000804
-2,992605217642842	-1,6495070152434552
1,1898065396487099	1,8239939278523698
4,788812311343271	-3,048327354037547
-1,981637227199193	-2,6926677690004905
4,159590031103512	-0,732820811443466
-0,8216872126410286	-2,2606178855338084
-2,144153916679332	-2,6847237193946616
2,918396879804537	-1,4299182045555539
0,8593599388529523	3,7218454914770396
4,750594514400478	-2,645354327960435
3,379162995769933	3,734299639336675
4,933146168558274	-1,6667512577344352
3,7451683456215625	-0,6104815085413953
2,231888137362792	-0,8648541615778707
0,04052891326385666	2,4414688810191008
1,9034436460194077	-2,1678905802876023
4,8538601780162836	-1,7158840828939383
0,6963027900975152	1,793599760231681
2,468076631061556	4,704615751398494
0,4956824350895672	2,6292462477339837
0,09147575979639999	3,4393642285771286
4,788618526134048	-2,5577965666517897
0,08925966050060374	1,7397800091480766
-0,7994951984840609	-2,6475833383802847
4,628426640177152	-1,0014075951331534
0,841002295381611	1,3601918485471307
1,507619047072448	4,549029268379723
1,514668406946571	4,0401678779553745
-3,609557110703744	-0,25833172520896097
5,0575699436881205	-3,052439605495813
4,971988869288923	-2,31584230665354
-3,6447282183207124	-0,29251600411840306
2,2164027498561762	-1,8737229116638274
5,186242210035175	-1,1973781630599658
3,075993561383411	-1,3229856843142038
-1,5947840601963623	-2,8783658680910307
-0,45496977003058303	-2,8805883753442445
4,738553305391879	-2,662377013313511
2,1341688828947367	-1,7291874050820186
4,454818391495331	-1,056747306881171
3,904166477867623	-0,9984897721469761
0,11755458950228581	2,4647129833824266
2,3648523416698284	3,97053072647335
2,388946441333826	-1,9697011081941929
4,821623022027378	-2,324611969004055
-1,4077052207371565	-2,953265979118286
4,014292336786519	-1,4299003426478378
0,8801632855586194	2,261907573348793
1,744182649208648	4,048613832416909
2,6847047827127524	4,778780065911266
2,6864312327264406	-0,8691400067960209
4,709629364179855	-2,898044994398351
1,3614267746723816	4,5591639817406
3,540499389683118	-0,5890412697365419
4,219204195516022	-0,7598891198424624
0,3295564179160111	3,9726394630073356
2,721230367401617	-1,1186314932867878
3,881914561838349	-1,1761483950728835
-2,192534379702146	-2,73114715882224
3,0383018867010705	4,901665516915058
5,264383006960799	-1,9096827499368718
1,13290027105316	4,603942792187017
2,1213053438839915	3,942702214311416
2,367682388906474	-1,7400335542889833
0,051152277926067136	3,037066531279639
-2,8340375484057985	-1,374818536730004
2,077256730015634	4,119186316139944
0,8756837566601696	3,5197534223483444
5,053733320969341	-2,562233129095631
0,5941419918223196	1,7630440412363941
-1,9763038199202652	-3,2649407897889784
0,9784939431816027	2,503161681749482
4,989946219062394	-2,744237027469706
1,6306555570861043	4,1314087068513965
3,320864788738146	3,7336934484218287
2,741212843849755	4,597442216168128
3,310971064995351	4,649126659654928
2,788895425807959	4,293654697422756
1,0286590877127628	4,091931867806668
1,8938782815554929	4,6754028104460374
5,390069386280133	-2,3591756385281943
4,756897381802625	-2,277726083419147
1,6845928469224523	3,8756346348716075
4,7393726796436635	-1,3013870837591646
3,477663049521906	-1,4346815392608203
1,7810224888333677	4,827009071352721
4,0776888325554905	-1,024048154561173
4,584289184335411	-2,0694107527431767
3,8544190256155817	4,298560810119741
2,5327314087510815	4,73420727277098
-2,034255374262546	-3,4142603475464126
2,0890194999500196	4,108633518005877
0,6003622816896661	3,1241884131572233
0,9952102703172376	2,080092652171857
2,249905390633077	-1,403650571978809
1,1937321290108904	3,103976084875424
0,7292946860893867	3,5100702930864998
4,8533290979388255	-3,1764893527685127
4,459283431881089	-1,0947506239533795
0,888723673028391	4,028978647631437
2,2710147071232765	-1,6948699669241472
-3,3388465461802257	-1,9469245148454632
0,7285968970056689	2,673745458635972
1,6938270297517333	4,9648166760063805
-3,06730176471891	-2,533114858312645
1,7529752457382426	3,8324938223967564
-2,810051785621842	-1,7895728620650817
3,2724815638074247	-1,1245415028962191
4,5864771998637766	-3,2937214058926245
4,795511679483819	-0,8572663574304193
0,24184337364385877	3,5575307425388
0,36395509216898625	1,0503381145149453
5,3772624614987325	-3,0608092351545215
4,524081801568871	-3,2723776039667443
-2,681634840904655	-2,2543145289074573
5,016759942455468	-3,1994949619181767
0,6544816029201264	2,381705024436606
4,37071599041947	-1,5335474857935059
4,56661035554082	-1,4771720943123237
-2,1811930362265564	-0,024150574453179585
5,240943688723695	-1,2404720403139964
1,1731566008272398	3,75462680250193
-1,555260934867506	-2,9853416407996627
4,904860986982659	-1,934436136018645
0,3847341347568696	2,0103573289491283
5,183677862383091	-1,9271852705350885
0,23598761235827714	3,8513933674311605
3,231519996786894	4,239400822455918
3,072179455223854	-1,5920657001720149
2,033956651667628	-2,304781690227954
0,9549488951146552	3,3217007366935163
-3,151502935986397	-2,1122904738676667
0,9078838578851687	2,538677732606867
3,856458555565961	-1,6804988841521558
0,8447046204782915	3,8422578941602747
1,0503893844779308	1,8539028282258214
2,3337825448587757	-0,7168225873622318
4,878112876636537	-3,4703510277795493
3,3576296161113377	4,459960828663031
1,236161877596095	3,551551049616378
0,2547282593384885	2,6363552285175755
2,209579660818348	-1,211623015743713
1,805816917995196	3,7906588633873937
0,23927905334915156	2,862293157587861
2,7442444170707248	-1,6668212208500734
3,661777358082985	4,606873943231295
-2,77854129263572	0,21872557703812867
-1,2215935418880037	-2,898907256743951
-1,931771727825331	-3,1261790701420233
1,260268352818643	4,003800703446751
-2,3640394592733505	-2,35898216261582
-3,049846085701644	-1,1690599254762803
0,3920194560422994	1,4898635222424454
0,411178622098221	2,2478623463496303
-0,47082844116757383	-3,1349245327862576
-3,173256424398755	-1,4179093208790325
2,137309498236206	-0,8290408077727771
5,758893919094183	-2,994665829963465
1,704680277863612	4,417960816995709
0,32070173990601347	1,8161077718328327
4,0249446010368715	-1,0837037554432674
0,9640308960680786	2,827469506827681
2,8741780670529677	-1,6422724217220501
0,6002337059625107	1,3667834393843257
-0,17277434740657704	-2,986838520957508
5,627064463853787	-2,7484971983997215
5,492798482591446	-1,9296721028089259
0,08233935170177364	3,2028159916207066
1,4735951792038118	4,005938697231794
3,2955215187053186	-0,9130266182625848
1,7927504271353762	4,328360583471022
4,276896271641435	-2,0207495334064918
2,163416099429214	4,890718983466668
3,547670426060194	4,470356265442351
3,1794993733101045	4,369738824759403
2,437083857495547	-1,6093106904462953
5,550461863054467	-2,2231604990289675
5,253043861366248	-2,6712607930298327
5,048482815921941	-2,042418023595533
5,559896894688817	-3,1301796709373124
0,19954595829520017	1,648149035673705
3,6767036950533076	4,232061160206312
0,7116446923916167	2,792458615925078
1,1458139653144452	1,7525937210967912
2,5942541546611473	-1,3884742478221221
0,06156745425715293	3,626296977748558
3,4018481126026354	3,9890344463376586
4,740545238723508	-2,822765048388541
1,7516502936954037	4,954727003901373
1,1161878072981353	3,793421735405582
-0,08484930964662762	2,5697505027454417
0,7277123231615312	3,5384018960969925
2,5291283757823138	-1,5961099775914032
-3,2988063945676327	-0,4459625871078515
-2,4812035436389266	-0,3898640237159008
-1,9429707187172207	-3,195871393674513
-2,894519886657089	0,4650798416805908
5,312947019578395	-2,412436547065477
-3,4757966308276043	-1,2088336488637053
2,2308804213327784	4,182241042171218
1,0632581618151768	1,8655888632789754
3,5573582350316992	-0,7424004496934731
2,7821798171146286	-1,606716972380519
0,11036608208084786	3,2261038221172287
0,7502146676412531	1,1867092474709668
4,850864345515493	-2,727114817384251
4,9442379001108945	-2,9667804063070613
0,39803122028344395	2,353418546876351
0,7181542512250854	2,8038268904217243
2,1162908224958357	-1,2225350676538702
-3,5180008640132012	0,14178402323400374
0,7052885199587351	1,0261803656061876
-1,195013166034221	-3,3149500074067566
1,9857800919871327	-0,9384206691818191
2,181969723718278	3,990525152322843
1,5108909162640187	-1,9694657744516653
1,7200684672569406	3,9967988681894724
-1,5970037697031974	-2,411750195984962
-0,9825119900761345	-2,310340746666176
5,7044835100719045	-3,329040132201851
4,767464936487306	-3,414449718939208
1,8640121880883544	3,7843675172710753
2,532179586358213	3,9767906405966835
1,7459099238977587	3,8877813142393527
4,726302330130123	-1,5833669620128337
-3,814856592697044	-1,2597535746628001
0,7818914497348577	1,238423200504498
5,240188325919027	-2,093446571993974
-0,8321704467952515	-2,8555646310914025
5,208288611129216	-3,112305819920781
-1,163213216191591	-2,7788129334423575
0,6422096184488186	1,8295506059810736
0,6527737000538889	1,525741979883658
5,33574147996048	-1,7753665980041538
1,8792462930349205	-1,4950828574656048
-3,0004667298473615	0,28218654749329586
3,6448825177117494	-0,612269687220973
1,159822787907238	1,7922099866718955
0,26385827403282036	2,392534046851882
4,7795305872153575	-2,582576805840993
4,047668609150806	4,266369723475629
4,276832461035312	-1,8142552029893344
2,900623394690461	4,213330335387671
-3,4062764685169884	-2,4193754838162973
1,0983525318203406	1,6801425663578793
3,7282105234023653	4,381497621846169
4,580636104589704	-2,4311227723639037
-2,670489333372403	-0,45264325522637117
2,232538859076012	-1,613251353384384
4,77189274202166	-1,7456711265221494
3,771762906906704	4,531255866631778
3,7055443554384855	4,550037969782077
2,262306368542493	4,582134449848587
-1,799325448309789	-2,482264824079194
4,2823487161665295	-1,3173902654083751
1,3291717051572178	3,9064012438220566
-2,474426946514268	-1,9427019205529283
1,0976977453071977	4,100581156802172
-1,6435777380946988	-2,319972382865098
0,2744792076375697	2,247402003683132
1,661140350094088	3,987426391026065
2,552973472916647	4,039707753731082
2,0242869405069435	3,897797271914587
3,028846185073643	-0,7302989699380729
1,0125899184589762	1,7207155008750965
2,199144904042349	-1,7870033570345913
3,087728930024447	-0,9498967172093717
2,204842853790943	4,737419439963372
-3,3924673703436605	-0,05847986100806335
5,126346439792052	-2,4386245721948923
0,9549358660600342	4,625311621707215
0,33863731607172	2,464789716582255
0,9072551813409495	2,628792834655348
1,2365859962506196	3,92797022391896
-2,8249087133351107	-1,5179165065708904
3,1882185659752853	3,965692686532523
1,0117451317339996	4,682286076596755
2,605335918880175	4,832307990187015
2,773899220008258	4,773285388506792
0,8110985889670383	1,4687488240535351
0,7838687023173767	3,6611258937623217
-2,0463946055881634	-2,4760092623780294
0,3905260133996491	1,0791723507098274
-2,9693559384088255	0,11544791485457906
-2,8657932860745077	-0,9964941590598029
2,420740752442103	4,33335250859291
4,8980223970198615	-1,439489267131835
-3,04400134311741	-2,1536394891682376
-2,8237654275849096	-0,5798580323791005
-0,02719824170987284	1,8552312159113649
3,9583357323151613	-1,25136294850916
4,74291512717666	-1,7932832185075345
-2,783182434329608	-0,5106127383810375
5,643499680026224	-3,1463731550948864
5,055863301300991	-2,422571160769917
2,238591064790758	-1,0101729320713213
3,8755041294445425	4,237460873663771
1,134255786826173	1,8830131569091706
3,4954049203912994	-1,139035179505636
-0,8146857053225489	-2,3499229851294983
1,3540689079967267	3,443018631170851
3,9510767160707765	4,351120160751611
3,1540313987802895	-0,43460219061961114
3,5466954129251826	3,739486416070097
0,44221241914336384	4,0303118059031
0,8974244720262654	4,0038892544248785
-2,92840203279378	-0,10395725608850404
-2,6289746599986	-1,800209917561113
-0,6626778684016995	-2,675799836390598
3,6576671457529706	4,130974060310338
1,1352171882074993	1,7923755360549931
1,8309378199633817	3,8570814964090996
-2,5751334499265823	-2,206194141225543
3,0256584058405305	4,430077062247497
-2,3730331199384143	0,16103065461302846
5,091203594380954	-2,868345949301915
5,174436966994806	-1,663512372400096
2,230643060276595	3,9808411210121015
-1,7127785164065334	-2,6187613772057636
5,25380743086864	-3,032004136561281
1,356656174899069	4,033198718491651
2,5413760145740865	4,250451096957832
4,236283907526749	-0,6237041327496025
2,4652995096771977	-1,7083895863881984
4,989876442485421	-1,8807660597527678
2,7827106310444796	4,067207810652766
3,282539420556053	-1,3046192387754798
-2,7386464415168534	-0,36840631197994744
2,530950941037206	-0,9704677350323152
-2,8250419007664536	-2,667688218952898
0,9461340209984275	1,4557845391614195
4,668366266489407	-1,495862172258104
1,8912515160167016	-1,1053185721957757
-1,8373445107546897	-2,704163311816446
1,0143080840949015	4,622174466284431
-2,711053426915514	-0,24508177764623895
-0,8135031908776174	-3,2735161770452073
-2,4149835742462287	-3,2074263636813374
0,8286419722626963	3,1478014617695775
-0,14743515302001908	2,7329947195388655
-3,193233479625212	-2,2438405579795333
3,5805992361379353	4,331907393081098
-2,6141430376488186	-1,8315038127736005
4,467652146854454	-1,148154167001639
0,43928624713817266	2,799840360588751
0,5362301771273223	1,2384095197753293
4,084146301414938	-1,5041344059194979
0,9340850260823526	4,147006540705494
3,037371795054762	-1,171624578620562
-2,455067534588337	0,30731496055022056
0,6513918655667437	1,1106351731958368
3,8650689367937745	-1,412667270021451
-2,9771717378022418	-0,8707138995253361
2,247986829118138	-1,5260745213439604
2,838986958045642	4,249096494572957
3,1573032770299054	-1,5922024079444186
4,315204360422817	-0,6042185796006843
5,2504480036174614	-1,4824578361561935
4,641628418884132	-3,0562529652138806
-2,400335033161715	-0,09642790931060863
3,0393032678523433	-1,3257663404393494
-0,8360079074248851	-3,0397032308278984
-1,4086780566055008	-2,739431283299143
1,4047824614490827	-1,9912028929753522
4,7714983353455604	-2,9108529743994804
4,813531355619329	-1,6948888078838555
2,4533176909409162	4,269178557930255
-2,111025811433837	-2,8549108103871896
2,097786677532055	4,152497092613505
5,295346353996637	-1,6496627726055806
-1,5939876758200189	-2,460782640848832
0,772892017137998	3,685774348772788
0,1334177634882825	2,2428700026484534
0,3490330978040146	2,778035993782555
-3,013440711232218	-0,8138317923424988
5,325338296525114	-3,521745912995872
3,8447500399595365	4,089889405755322
-2,327590817748702	-2,0704916709233054
0,6357915930622271	1,722159827117328
1,5681552664466167	4,683743223225684
1,9761657099829302	3,916673428903554
3,270012029064866	-0,35826302791883835
5,322729323485137	-2,119609516720212
-1,439057351379544	-2,5661552610230154
1,880248603731341	-1,3597088214797952
-3,373949215325882	-1,8802084658882083
1,4612207131118082	4,7528485553083755
4,969034375861004	-2,812883154151791
4,949089356993516	-3,3063581513060014
-0,7046185056265177	-2,255255570048737
4,768587896312294	-3,3944216577067374
0,9463345105804164	1,6104274917063928
4,952392267143226	-2,183045554803162
0,21833713146618106	1,7868771573756073
4,052592816656733	-1,8062302352807191
1,0352861722503013	2,900534504750753
3,5762328820369653	4,495311457805777
0,5571276136075003	3,6775904555801615
2,1859059671436283	-1,3534913519427803
1,1552343954472404	4,7153151665092174
2,9294792542292662	-1,1451551568537206
1,098450893537371	3,438963457147244
-2,141927190160735	-2,4596881355747917
2,221795776706525	4,498760919898395
-2,600068063456393	-0,3700368155835606
3,922267024426298	-0,6505277823094127
-3,418442235538281	-0,4014920507209293
-0,6556249152920705	-2,442844338406139
2,8976646595004603	4,119601172522503
2,609886318346035	3,8943056347211407
4,619428541932135	-1,8822025814226087
3,7437189371127433	-1,0224071428493697
-2,5152908277198263	-0,458228350655862
4,685309131898978	-2,661239545112347
0,4833962369636462	2,434944488755982
0,7087924776143815	1,950850771270498
1,4267335885364765	3,857265855113396
4,876446495353793	-2,27860219014568
-2,8250070105464458	-2,336126226684076
4,416691191757533	-1,3013670859820892
1,8927888555220735	-1,5761407299048955
3,2931437433068314	3,7368547364714075
2,75692796634798	-1,1160106044886102
4,701622278698743	-1,1473657482356403
2,6957856295318114	-1,1998056981598793
4,023053384356826	-1,5657272592030573
-1,1310766988560808	-2,922201602175615
4,821215391361714	-2,9345244556320482
3,5350830583333117	-1,6029933493891775
-1,9241264957802144	-2,262281693099297
0,40932098045311616	3,0178005771017307
-0,9944035474597699	-2,5699884329788185
0,6696117715766177	3,6795104449850458
4,722988015975269	-2,8773503590791067
-0,8741852743007472	-2,1879774242873467
1,1686437162912249	1,8880960915812577
3,992355220712285	-0,9309365017791638
1,4527950637719576	-1,4687068321145758
-1,4131894331083918	-2,9124874452151963
-2,744437753724854	-2,3395067382894275
0,49374771304429377	0,9919307688072112
-1,2780263550147712	-2,289457030283618
3,8315254805045886	-1,2469845832300803
4,216616829042757	-0,8591692570020946
0,7639457403079504	3,442891663990003
2,385942644174422	-0,9203701367966184
1,9396063521949727	4,028045865136303
0,10589169067018567	2,541836545198108
-3,2115744879811037	-0,008525765192909818
1,21327695642837	1,577577611939447
4,954456249923116	-3,169902263379587
3,2608906896619017	3,581082583741762
-2,5947787387089605	-2,3855587692855935
5,197022955489375	-2,937061693670962
3,5839135022668063	-0,9228004771987739
0,7801691517035247	2,207327484768027
2,00281326941103	-2,081679415701219
-2,8799765538377513	-2,429703393916447
1,6486692094159985	-1,7385674637377786
4,441838901994121	-0,9181128855486371
2,368796362157337	-1,0728612851955182
2,555491813510046	3,8258645343440687
1,8571017934138325	3,979231043853443
-2,106049832245485	-2,4018497920402453
4,58701418567847	-3,346852072448806
5,073199823541342	-2,7396910054726873
5,632716348908113	-3,18016558967474
0,06282512841995391	2,2410736129337363
-1,0701930695286634	-2,839315439958747
4,132123527994308	-1,7560901503969089
2,7761888809203654	4,108883754623606
1,3627634990889572	-1,4115068135955788
1,9573610036408828	4,5999206659029745
3,8181057431699847	-1,507823813899375
2,9885812098095426	4,820567663037954
3,5129716823982147	4,04856891141085
-2,809704363296417	0,5249592282295064
4,815101239974767	-0,9175995403066288
3,0941190832869294	4,284908207911653
5,135008679527565	-1,1342999131130382
4,614171326158529	-2,8626749320267253
-2,231636547903334	-3,1386137698948877
1,1838868267486695	4,489827125611093
2,3140527236901987	-0,920864408740075
-0,522982049001368	-2,7581489101283774
0,15911111305180414	3,1400589969550414
4,707721578079781	-3,0037489056135214
-2,338317117891889	-2,68494459522537
-3,19942568762234	-2,213089573223442
0,25921087258467557	2,4546402966453256
-2,702136577882457	-1,8323801719753785
0,4454564722070107	2,6150242097163336
2,95969918510043	-0,7980422309732944
1,4097355059435641	-1,6112563911937858
-3,2125951057715283	-0,8815944673052967
-3,2165380274657096	-0,05822237253555551
1,4245496289365294	4,552725641394572
2,8448482240137283	-1,475524244364065
2,979138009048649	3,8729456959402415
4,666835260935913	-2,3502944763368694
-0,09601184625686443	2,8355369333824334
2,838239959430563	-0,9929602019131445
2,977311974912787	-0,7558374428742511
2,0713684543072612	3,8503305347244727
-2,978329937888831	-0,6337568708388851
-2,6274839292502126	-0,7507861363061542
-1,0839490857671554	-2,824383443037644
3,6637729811153297	3,9161407170714986
2,1149206360523616	-1,2675381269103996
2,37795792007334	4,574493710978906
4,276308768570631	-0,9394445014048936
0,39881349530710697	1,4256514304917454
2,7136447386329463	-1,5147883284731911
4,299478436247796	-1,832100695442878
1,2198585737442582	3,313666941733443
-0,20965389950605928	-2,9914005508430463
1,6535818011136256	4,029337957233334
0,28890456879489745	1,8156302406842593
0,9630710212098461	4,268656400404943
4,467554407976509	-1,4209569649417881
4,1420281175910505	-0,8993560652614563
0,8190257514308918	2,1223346862214516
-3,3521917466936353	-1,0047968496925284
0,5266911291858292	2,7104854522797646
0,7855205599320123	2,8083396990182066
4,048404895010631	-1,5043457759580192
0,07854401295583013	3,4946832272817296
-0,0887084446038151	2,900180170265493
-3,1731420363622176	-0,6981750298001532
-1,859513249529964	-3,0579623695777074
1,7526867090316676	4,4765905308340725
0,33021499197246884	3,1672865062563766
-2,7334001691418077	-2,8054110609302643
5,148172904838524	-2,411561404194885
1,3281711400418112	4,54165198556314
-2,192761809327501	-2,2731784417784118
3,899243978630185	4,43633238494246
0,9991498232688631	1,9535644300690884
-1,7697054247594681	-3,4922488192208627
4,896318612827883	-1,074828082719035
-2,996130799544246	-0,20116404059308524
2,323314780821941	4,117097616236052
1,7999681705692416	-0,9120205164823783
3,2099742982709216	3,5677404985021313
0,3631040188175505	2,233699720198493
-2,735142535240546	-3,0392261010590778
2,6217932854603045	-1,3005994216847307
1,2924113979555183	4,560125727580586
5,2523260024967175	-2,761226233860384
5,656865057634599	-3,2949847110467108
1,8969507489896984	-2,1287723046308558
1,6259258704324266	3,6896897965565207
2,6196458851330893	-1,3886206140208628
-1,2020953921054829	-3,49383865104456
3,5441825046435795	3,7651810371763563
1,9537568883812813	-2,260389633402363
2,6160045125425437	-1,3238417099638817
0,1729798110849048	2,4699446847929996
4,4498635401953495	-2,2543307397346886
-1,847478102485371	-2,332036150752171
0,6019679272991392	3,8203855036868237
-3,3441488409372297	0,07087487711096907
-2,136611374914763	-2,530106607064762
0,6812720672600201	2,502914749407822
-3,075483569204978	-0,337992695040385
4,602277003477789	-3,061778171947246
3,11489951308908	-0,4482844218894071
4,789697500468886	-2,4487410234868565
1,4944082770444258	3,987588348867025
0,10312167968272412	1,7969436965200312
5,365150090897981	-2,202502190196628
5,731783131387084	-2,676400673129787
-3,1535963605103094	0,5932355778239227
5,070992297839577	-2,300072429831907
3,945962200865511	-1,0779887582321106
-0,016484351253936325	2,6943191865127885
2,294268749707787	3,9273325177098286
-3,1635531247057225	-0,17643498218263176
4,580078603062363	-1,174071230424221
2,201302303855381	3,8394140966183254
1,963527713626398	4,573488580963194
4,589385761326563	-1,4194275002379502
4,575314527922414	-2,4339267962703586
0,9208568591390784	1,2573930425211346
2,250868829772055	4,23769263115308
5,615062693699576	-2,6825575023814507
0,04763482762251581	1,8494047257104143
1,067874817771312	3,553945107648758
0,2508027930101786	2,296410669374925
3,1613914608410685	4,005905335593616
1,7550808260051314	4,437410912583147
4,956383804047992	-2,682976963642643
1,0633252754655778	2,0790317384485473
4,250769860031229	-1,4882598092133699
1,4734038796558944	4,132281042814812
-2,592764422870271	-2,2751210849534247
5,419487340666228	-3,0447709119502497
4,234560505328663	-1,264953726408534
4,931469765449291	-3,0313731429119475
-0,06030953552118756	1,8849049858623466
1,9804205424037882	-1,4162912918029926
3,7097295143885787	-1,0028438011552478
-0,7804960424146774	-2,3801963290884136
2,4998615535456263	4,001206822761625
0,43832168043439657	2,175073028313715
-2,809575568471202	-1,7867815895572654
0,573551314048675	1,5903337126851036
2,900610913245893	4,495332572577638
0,883329255606023	4,454499496567035
4,692420804237706	-2,9446297147919447
4,632154996356602	-1,8454612397698364
-3,5444178192504703	-0,28710394023273156
3,1847504679478043	-0,4174641314172418
-2,879580799021779	-0,3967931066580471
2,8342341149455024	4,787961041013809
5,279915180138399	-2,4008893527681052
-1,2639898105826686	-2,2822086818399177
2,858993741989111	4,175794185636988
-2,914536349604163	-0,6439189784846842
5,384503731330257	-3,470112765738139
0,8285744111179363	2,037980129161612
4,467821187078231	-0,9725951929797851
2,4049263839194173	4,4577815618059695
-0,12118915277600317	2,6364146912650197
2,8477425057340486	4,874054675034998
-1,4645132151333693	-2,956541818113253
0,8414994324861509	4,362585727807938
4,339893124103713	-1,014726967523417
2,3577722873608637	4,813469551907993
4,597993058965115	-1,271676511428183
0,9665923759713597	2,786038213785332
0,703850439129222	4,191405301510635
2,052663894819337	4,178959227962585
4,940421540907871	-2,261596849757268
1,6049177738821867	3,7207373115214053
2,853655739188699	4,325146030223309
4,848976785000771	-1,5309669909034112
0,4630520876030695	3,020626471801501
3,599169759944036	4,079726523645041
5,010979375743053	-1,8439435651591114
-3,6952930195382927	-0,6911875146249133
0,6112317014500459	1,6039231010961001
-0,8336019697692975	-2,4155322796149923
2,608561235474241	-1,797029291486619
0,852158714263449	2,781005055591503
5,64536234406231	-2,207004242488918
-3,1109863398320257	-2,543372414122457
1,0099511960863132	4,416060052703486
-3,030744886056942	-2,0978284633062954
0,5673874990277934	4,178919720995698
1,8239095029169161	-1,5244471421097618
2,3077625634759364	5,002265184896325
4,736367084709436	-3,089006044303699
0,4721733121569911	1,3999123513532448
-2,600652287662087	-2,4523576149542903
-0,15050146118668328	2,7511971692873534
0,9988766536988258	3,9085718956579827
3,8071443286408466	-1,3369418769705819
-2,8149125933665595	-2,831843508431863
0,46997178870279055	4,162769349299044
2,681593524945397	-1,2617668451248547
2,777649860342438	-1,4542913502753605
-2,5375635378767543	-1,9277595328814745
0,24424780532368073	2,8052540449365173
1,089938489233151	2,879710406817185
0,759638108100426	3,608301964798937
3,452648631435812	-1,0525811643695673
-3,183890719477111	-1,0215631454493965
4,593973047656906	-2,785165342911299
0,01595200472509184	2,4295045743696013
5,776760816618022	-2,432773590097358
-1,678870900867743	-2,5430630150915494
0,9882022658634018	2,0096648799526404
3,5799866701945913	3,850757698138716
0,21320804989892705	2,4237892864548582
0,5369040746247931	2,7809015615975357
-3,4093816025993107	-2,194630235096877
0,8017553340050605	3,4360659616960687
0,7924948983709816	1,4275271463553079
-2,7175657521885452	-0,09168873854581938
3,8211332376916456	4,165248435179042
-3,102240216646687	-2,813491088463276
1,4888717344892137	4,462580260763275
4,725308116698747	-2,2280527604378646
0,6592499213656047	4,250193892067209
3,374643836210189	-0,540608581858502
-3,599182243383581	-1,415298188582307
1,8285673260617559	3,876776895658375
0,7984309171329282	3,194909451536605
5,507793383817434	-3,462919094278102
4,7678346418809205	-3,199016271060816
0,9221886704236868	2,051176217873323
0,17764395572498826	3,8468858679813325
2,8642148407473234	-0,936647165817182
4,824333025101519	-2,520228440562377
3,482903168132884	3,7802066427854917
-0,09488607437322161	-3,099608974038567
1,596961492619617	3,9485035784403952
3,2289615337446813	-0,9361644325023253
0,2133287743750074	2,4117352764356736
2,073871158131481	-1,7972862756916936
-1,418631843074191	-3,383694797382776
3,533338521357847	4,511227775388012
0,6159503417792902	2,257091703188216
3,344655999685405	-1,4373150697524975
2,810861857066616	4,5385235407033875
0,4446533926964875	1,0416015474103397
-3,1084967126915206	-2,587394184520789
-0,4341456724084717	-2,741958807810777
-2,2913548942540283	-0,01922876432276799
1,9076978995569585	4,510379966681679
0,5253719787445186	3,849721454061125
1,1178580186971774	3,170678333743486
4,905370006170411	-3,4241086282021382
5,0064320015093795	-2,0961264720451593
3,8686852265892373	-1,5076560420699054
0,5141361879523894	2,436396360305398
0,5227897118444034	1,9390919350563673
-3,4169938879362522	-1,217260633966975
0,5497771259022635	3,900943044845216
5,147957002095726	-3,5073468432868196
1,5876353233503049	4,252956251392755
2,9288278937298893	-1,648261197712826
-0,6258583667789875	-3,2596078154757366
4,1318482856077035	-0,8118601488205526
-0,4092233160130596	-3,2625951368736668
0,16453493396813945	3,6760944075442494
4,105871580705979	-1,0941933786478886
3,1022438707526567	4,1220347926799334
-2,883470136667725	-1,4710543066973993
0,7392223698673239	3,7728270487431894
-2,058606568636608	-3,182185569414982
5,134202312975126	-2,133140422292575
2,2674270303220476	4,031828004375397
1,0648090372819472	2,8801943605109894
3,7582890399264253	-0,6425886748804048
-3,6264727319305634	-0,769944879500412
0,7070382059634857	3,472512584422977
-1,060975381446708	-2,7850737132118084
5,067758996452263	-3,473029720650582
0,20657351199974583	2,9224653542358476
-3,7688442625718297	-1,1960668971462354
4,417655589102855	-0,9029495222962762
-3,0405555328873204	-0,3289542038202966
2,228752661099881	4,644755138851174
3,3094181878494506	-1,2050624832844588
3,5739045412407595	3,772336703881127
5,790896172760089	-2,638680244947172
3,4528332064772416	-0,8656104995546112
2,4440478057498933	4,7015953609837045
2,743966674709152	4,384068645001119
0,8075562603336583	4,268565282723143
-2,269400505220028	-2,8125542786920255
3,7668487936806683	-0,4240311833267678
-3,1003967973997133	-2,1269884273382624
3,2091149962877896	4,263928815506262
0,9083758868968816	3,621571145835963
2,532860039799885	4,383102143179828
5,362356332265893	-2,469334710314217
1,7303605677116798	3,7078288229045477
4,637538106587943	-2,315100182393221
1,2257490381109903	3,401586361406559
2,638671874285597	-1,3009446498691741
3,318345900909015	-0,5762712830226815
3,9687280799567266	-0,6499495956328252
5,689127115108312	-2,771828768656227
4,694594267686899	-1,225173061059438
0,2590979381162035	2,937619726015745
4,948368893905277	-1,1685283328360327
1,5195170893174246	-1,5306691484636685
-2,134639558817429	-2,0914972661380524
1,8484039051005023	3,7824448806942725
5,261276596204819	-2,891471055860957
1,978393174512689	3,897161798509777
-0,8630431061909081	-2,299924857189321
2,948740069181691	-1,3913198048707973
-1,1736131742422256	-3,1150860728002625
-1,222512942731548	-3,4756489443514953
0,14294254695922337	2,1486895935136325
5,13755734212598	-2,7624664367144938
-2,5858810706103794	-1,5885192280124945
-2,734674284064919	-2,5586301332018566
4,9343824976174115	-2,526846090654243
-2,7786979084494994	-2,720833684349137
2,3459869567933196	-1,250629402722986
0,7321584141405066	3,966373312511438
2,0847955968396676	4,33577605884606
3,563681607184168	-0,7861159564768285
1,1699120451466607	1,5467006120215863
3,2814367627007246	-1,1696678861747005
2,609627061865207	-1,6224452789117794
2,8090101872142914	3,8598355622962943
-3,7282886791653067	-1,1379867271164235
-3,5813549355438585	-0,3542943534320371
5,237553805742891	-2,9823939233116086
1,2643886856546065	1,6973309320479815
-2,2767198956907055	0,1646767651930756
5,722435089074154	-2,136166252715252
0,7572168789283664	3,6187661802717788
3,730337344418446	-0,5419105675122013
1,6783253508732536	4,77828818771963
5,123421538536706	-3,562576956880579
3,265097810131201	-0,9093230438323527
1,7090961503778175	4,463159499764416
-2,966114106718762	0,25661655526626737
4,772026913700579	-3,2532136005046794
4,635448734090228	-2,2519844597535066
-2,6047439119040012	0,5608132090002829
1,6012754205508442	3,768125163651818
0,8433953006523014	1,975091103043973
-3,020644776837228	-0,382579208396322
0,698487428346416	1,7870259684128589
-2,0090311386180244	-2,9958076970004432
-2,606939558576344	-1,9282016512603128
-2,126401108550192	-3,3768980667905337
0,7686722159716548	2,6943753058890394
3,0352392800640473	4,12576060137377
3,946781818380136	-0,742460355566263
0,47807165897456483	0,9277502942736475
4,636023980539523	-2,5288869694600535
3,002787801410788	4,217161225759801
3,0757029078924196	4,770906198567705
1,794476728687471	-1,963586584393823
-2,805563049783755	-0,775088735714454
3,83776097459166	-1,5214706774423499
0,4481134553650892	1,345807894739895
3,677926097374214	4,293958026888905
1,2576796546256606	3,852287230885584
3,7062785544347916	-0,4811917213008119
5,164013536776377	-2,070890367153405
0,9989918449200406	3,366436599876364
-2,885820407756578	-0,43591814241306037
4,712186009873118	-1,3501360678313263
3,7901776075257483	-1,501621012365598
0,23580964102196722	3,502607494315644
1,676750284743102	3,8385965716609403
1,4728815678034606	4,621147617667127
5,617764827523665	-2,2665911485505816
-2,549052261191209	-2,722193296331857
3,4509011214498497	4,616158034854718
3,528012973950743	3,738732856091239
1,4657403150152466	3,946650978085197
2,0483710885804642	5,009621496938402
0,8336721364958855	1,3397881403505008
2,3941679078746483	-1,8763451074099327
0,025296661910632512	2,7157781466599493
4,103239447701743	-1,8369351796850988
2,123963799884842	4,140212005574098
0,0374059882433575	3,1163420588686703
4,500154801180072	-1,1760499746632052
2,3774640176350084	-1,0391289082185904
-1,3382645489059395	-2,4610997549611446
0,9533900237885158	3,3541337308038974
3,24309817911505	3,9471210187692947
5,05587256270268	-1,0422243936738171
2,8981982507457005	-0,9585285136657558
1,3874617554236908	3,451580253116332
-3,177134181319228	-1,4201078489391286
1,58409092017152	4,2666315534071835
-2,7971223522997413	0,6191726184001594
2,9655276994286206	3,7786739477816322
2,115113658754753	3,8317793415994785
-3,3311737652775513	-2,2623552335433312
-3,5078180255424147	-0,44381962193188385
0,9238624475698318	2,5266058005836722
0,5443439465511495	4,295289724457815
5,60602895508209	-3,3017565134039404
2,675869510873474	4,177303276897389
0,5481566216021156	2,3829905159694924
5,612893874533295	-2,4987997563710076
3,137329859461511	3,712113539481434
3,1261009013022902	-1,2922225104879987
-2,7555109307943964	-1,2127357108139172
0,723914390589653	3,656901086242075
0,2738463550048045	2,6947425841011174
4,64274215691255	-2,113527200685605
-2,936968885697772	-0,4815554803868485
3,2623086888256463	-1,4827641695457188
5,2577870266393365	-1,5878178968539158
4,343451873838884	-1,687957750069807
3,2838102768683552	4,136459676325092
5,338218860648234	-2,7353517407446635
3,4594442704067205	4,328045533486686
2,6622579376543394	-1,318005060963404
-2,8314644288356963	-0,5446860396784201
-3,2925564221845858	0,2167452020487628
0,9052701075937979	1,2189369757599477
-1,3361854312797505	-2,42561998774043
0,8533924712798342	2,4276335213211038
0,9318213736228811	3,4122887481843924
2,553858737553753	-1,7090980756550533
4,896860510864799	-3,192933324297381
1,900927768955261	4,091929391457587
0,3633074134852192	4,000003528875476
-2,9943682740241124	-1,5875440675337475
2,7262527418245694	-1,499791713330476
0,6526455702881553	1,508217867739205
3,442525687949125	-1,1881693404489977
5,1846091743984415	-3,0025538778111502
-2,457961233433659	-2,5061903220418253
2,6009228839091927	4,299958801620684
2,4014810908616355	4,5407434106963365
2,367600861030371	-0,7122437645194442
1,6659598540863423	3,7269860128502246
0,9902936073266213	2,24460778951351
4,874162034711031	-3,4234624350356553
1,4990669221765744	4,053778078389381
4,3186814097649044	-1,4126076710979014
-2,9303102443458364	-1,2163892158848486
0,6569118581996212	2,7419002543660316
-3,2414448649612773	-1,6709125338223252
-2,1774784140465697	-2,902567002480207
5,098003515431677	-3,3569052912587196
-0,9662270642900939	-2,8827292140494007
0,8746070256192411	4,39705197896325
-3,7547850946663335	-0,7601729206475516
3,2480063137432245	-1,32272094437573
4,406126306940273	-1,072858944151471
1,5398104717279542	4,78463608933714
1,4217537667936009	3,5951472857803175
4,423904251424879	-1,8324786589112807
5,258161502650975	-3,1828596214165996
0,557923687425036	2,3648820696786492
-0,6830712192137043	-3,3320654389503046
4,618718986787829	-2,9990169559050264
2,3413259963280435	-1,1170502873337105
1,102229301777583	1,5012124463215994
3,4773634554193036	-1,1201002508700082
2,1867933162910527	-1,60965295507498
-2,440493252467144	0,41493915199573483
4,940168814826226	-2,8955530062267973
-2,3440282541278945	-0,05340188854774719
-1,143966078971482	-2,6954389198732027
2,526123907485967	4,067879236593632
4,5446511520686395	-2,24234483724861
0,3089300987601864	2,2698802697085343
0,8494633856892742	2,897339558558046
3,7625873095543403	-0,731405102546856
4,285985997898033	-1,8956640043759285
-0,6745662571100763	-2,410071552966309
-0,8782636618775841	-2,418955214383324
2,4120137646474813	-1,705594926215181
2,509726457307985	-1,4481749906175643
-2,6120382573033503	-1,6487830200301654
2,6931653417435335	3,7995121960898057
1,0257954662611948	4,133016582839103
2,39125728293488	4,558919510584403
1,5859215493251684	4,4144582424628345
2,639477017834168	4,292086914374177
4,047499181770416	4,299391607358471
3,788112840317132	-1,5354874592175893
2,094336760934983	3,9996147297427918
1,0475394804588165	1,7232392589361578
3,4926820743351885	-0,49304335773771646
0,8402690106601778	4,080858286797703
0,9296673551728969	3,8646032254370843
-2,781001791818378	-2,165074363827946
-3,1035113485681998	-0,2625889610932298
0,39349273289018183	2,437508074745259
4,061715602422075	-1,1799083294287667
3,8067708961364146	-0,6935636140147903
1,622355389665082	3,8414586875015058
1,6500284631052005	4,237612295332442
0,680866164105759	1,2391002758861032
-2,013019774267444	-2,4827488417124566
5,146956739301094	-1,9516378255066247
2,235471787742867	4,602308338333167
2,499505816811039	3,9467803054779527
-3,131856791612936	0,2612056996224572
1,4095335250214298	-1,637653793440256
-2,4805342899709504	0,3736306868028094
5,580383372909166	-2,8950981049349065
1,3573965101038468	3,908124047273809
1,0702111790853484	4,177530077183889
1,8466519986707741	4,841383113700921
2,587760794959278	-1,7331222914101825
-1,9949353546749817	-2,3914404170912014
-2,7645106844533878	0,1089627474649828
4,658664418750938	-0,7592489046199669
4,75323516149553	-2,1699655904561848
0,6389478280959988	1,945179872706349
0,9817763281781402	3,846242179077403
2,9093563303824057	4,942668285467305
5,0880532099377795	-1,7116906278369741
3,3382176001111707	-0,9269317282302358
-2,585383532705541	-1,9452263206246507
-3,6511454278179993	-0,8588150519648534
5,333163927555547	-1,6641801130631866
1,844802397983031	4,269798526937516
4,182259161743689	-1,760329435614278
5,141748893957784	-1,3978968006943313
3,804195073864742	-1,6728521531434175
-2,4591969413969412	-0,11162451509774418
-2,4767761887535187	-0,21948341482610167
4,628316764223098	-1,0280808765565785
-2,4400867467133573	-2,747774458215792
-2,641308903312682	-2,090115681954864
5,258833800061771	-3,1612885777190316
2,8992168991952467	-1,0995232880979156
-0,7580627768980818	-2,332502070341384
4,829008678889348	-2,226512811893971
4,3886066358341935	-1,9400418078511148
5,076965094741408	-3,289125462190774
4,863458372072733	-1,7236535117138128
2,800545864056093	-1,6930984370527138
2,9808170894551194	-1,5531777298563578
0,7080887570807564	2,018226091185545
4,975227980088784	-1,203922525270205
-2,5282428581026664	-0,12914176574681502
2,1280117413366773	-0,9998511483759833
-2,7779331154947497	-0,24126040701425033
1,7097850676797637	-1,123222788369302
1,5203655430294336	4,221425968488419
4,7952106629465145	-2,3713138445739586
3,4922020489603764	-1,5280201547893926
-2,3060367160279207	-1,8884448418878685
5,28771622477991	-2,7840016955411615
2,9859445070193433	-1,3934913221256338
-0,030455564902563736	2,9230196152005288
-2,7688109936820133	-0,7043954997621066
1,6089113321711843	4,904498953392846
4,395415600018259	-1,8045838570461628
3,382999334391071	-0,46310760351090474
3,414508818892136	-1,0492932869226899
4,863308526703769	-2,363318933115996
-3,420822583144318	-1,7950610312525346
0,5566447660779434	1,1456293921773513
2,2317377819778286	-2,097333314814592
4,644640791345722	-1,111498862383908
5,224494469058981	-2,728077385449923
5,533846584869963	-3,635881724463312
0,38770682574422954	2,7168186985314557
2,5994665572850013	4,623821127157091
-0,8509148449316963	-2,8358324109629827
3,1569012849263722	-1,3159694375702407
0,9118084424276738	4,434698107291782
4,743820280360271	-1,4509136475549924
0,9319047370184403	2,171808438616838
4,1883513097599145	-0,9937642028413309
3,921296884458826	-1,522650599925907
1,4633160880658962	4,138388396185582
4,576948855498113	-3,214020805407495
-3,6741098831836894	-0,5661819230464762
1,0699339081359693	1,3764335121135394
4,728326507153862	-2,2060181805053265
1,5359784127690013	3,9503135827947236
-2,4607851259410607	-3,040536996862222
-3,6762005201005663	-0,6018820278242903
2,879121600246497	4,80119437835234
1,7458900197102198	4,448496311914963
2,746697952338519	3,9945647803738344
2,9075419535081988	3,8860640614185717
3,6205445251978494	-1,099870791638296
0,36288796349300867	2,7353257839713314
2,9367469336909435	-1,5804402582545105
1,1918900225519213	1,896823914703795
1,7714704620144568	3,9137857303020285
4,7693357920158395	-1,0176407097249582
4,83010243735664	-1,7097942824968189
0,5769388617373852	2,3833023647127107
-1,3443612416850808	-2,4844020669075535
1,4443024908472442	-1,3301720959328458
2,765888076900364	-0,45069955294317365
3,5913961271179153	-1,429902812428301
4,558211871349945	-1,9323471571230666
1,9762376820777683	4,804295171505407
-0,7909175256843383	-3,4046389692628747
1,6103755903355466	-1,5290970665826036
4,273926625303504	-0,6306759443610592
1,8503652595660067	4,328569232362697
3,4215842140680692	3,7012995244902607
-0,6762950151082314	-2,576874019668355
2,542082122638256	-0,5778322473930606
-2,646430616260684	-2,3888977175749693
2,1352700493189607	4,1397059521184385
5,131885173900002	-1,5554415978710625
-2,605709612407246	-1,7891688260011072
-2,9835042341188633	0,36056081739159174
2,881193797097902	-1,323620489192054
-1,2776410303380903	-3,499243458019914
0,15642534331082736	2,7266253577252555
1,7562480096746158	-1,6336219662426021
0,81708566757192	3,5332524108783074
3,5000020702114174	-1,2126752721829683
3,947256135031787	-1,5801990963343058
4,3347545891922925	-0,6565945194171814
-2,4199888755927557	-2,177485934544597
3,236118325883331	-1,309453371796266
-1,8848140041584027	-2,70466578060839
2,03444019565498	-1,2229592483409815
3,3664066651994475	3,858508390400702
2,883607137124665	-1,2967436782142636
1,0740818471399574	2,607945875780846
0,7207048549930388	2,00551863959794
0,394903813473944	3,983758050326662
2,6578787689149834	-1,6062263951592755
0,8113545553541806	3,6881911250768105
0,6043372804434477	2,7301463987319536
3,0584735304521256	3,613996623332276
3,035707415888775	3,826033073489927
2,851048625104313	4,2696295981769925
3,713379062456926	-0,4854872534884973
0,3627037812186189	3,380480804920903
-0,7139178521164096	-2,1412620332161034
0,9245338140088903	2,2442766794472764
4,405370377199095	-1,1613178499481611
2,000451924312295	-2,165983513234095
2,568980524079775	4,87145510543903
4,932925981172066	-3,4784491199372205
5,619519504023284	-3,65133313692203
3,3739496610983606	-0,47106353617060437
2,9209401768937475	4,118299764510899
0,39788343481447663	1,2731038310986926
0,9146494445323579	2,4018271058633194
-2,6987405461451885	0,8017521802971399
3,449551681164653	4,365456393493666
2,4284581273705355	3,861789778257495
-3,1370897217443887	-1,5227565909465217
-0,007739290409264132	3,091449700789847
0,4098972645965113	1,5056304076875733
-2,042447415082003	-3,3228164801602356
5,579195803162069	-2,3989975068631213
5,246027970078359	-3,541398489050654
-0,8252707467952055	-3,204921716404954
5,025384453766236	-1,8773422024491166
0,7773651140353237	3,036933829291998
1,4546897307811393	4,797813060652059
3,34999847995924	-1,556444310188514
5,142978392994561	-2,4738494656625827
3,298065913036652	4,31463623610161
0,97880595820931	2,6666451065733026
5,8158712707826705	-2,745679613877834
1,7481609187626905	-1,2615679761347027
5,045719747965062	-3,3830768546804433
0,01020808969166076	2,6587959887929324
-2,8633978906987205	-3,039923678865142
5,49100084412974	-1,6336866619679506
-2,4164558512921808	-2,3347302656699407
-2,600844393967222	-1,7821251131683336
1,2023853266300113	3,5731386712984863
1,9892255500212848	3,785328679212463
-2,631844948751486	-3,1460019818322507
0,7817616872209785	2,401595766520162
2,988580745138636	4,286003152905716
0,8011994535558844	1,1472191620202665
4,6605587736697345	-3,1900009433826533
1,367538272036962	1,6867579579129868
0,9226510670462427	3,9081505236795246
0,503086969260456	3,064267127049009
2,62566171952877	-0,824783203952689
3,0370849644566063	-0,6159108458187474
4,1038733189744505	-1,0119766217327992
5,277969108819315	-2,7704808022092555
2,992774079350862	3,670652586698688
4,918667237835893	-1,7269772294586399
3,4861876365928226	4,714052746177808
3,4464226328385017	-0,5594924338799276
-0,108106822966203	-2,9327995040776385
3,8707700454082987	-1,2445477091928512
5,226436473031113	-2,831432332841264
1,0928369768361081	3,4194150505674683
2,335329406658624	-0,924962212060183
0,6108427555673754	1,277998530959722
2,9360196930900218	3,8336343817453082
2,1247459280881373	4,183221275367452
-3,4268747568981532	-2,425782300303651
1,7267453329719888	-1,3141098021543138
5,342735668939884	-1,3969049289652322
3,0594992092703324	4,742868140144184
-2,2389217000825883	-3,306184971756422
2,819674676577889	-1,6160790074352533
2,5996216312479055	4,779197397904826
1,7908503919293302	4,3548174671857
2,367676456042467	-1,5636700976135478
-3,3428693154764115	-2,1195072400223425
0,3811507188607446	3,304848819138871
1,721799174677542	4,120121983362145
5,028570905302111	-2,9462972015783357
5,292225860316546	-3,5159929458024557
0,4277466167474637	1,6543965238560498
-2,580110602582214	-0,2941468734146182
0,6314223335382936	1,629121176022894
4,2934590864370925	-0,9613499023619441
2,9704144964326264	-1,4743285985720864
5,304578117537227	-2,2639065838799257
0,7460724835617922	3,319868326619886
0,02307343314570076	2,556137042444547
-1,7043787539560207	-3,177266779098991
-1,0768169857831822	-3,057098220680181
0,6452564867669697	2,3872476988023026
1,896379585343975	-1,3252736152854503
-3,586737993983882	-0,4974772728462036
0,8433210248002327	2,1370487157618236
0,6619649792956761	1,271149711549875
-2,5786109370677153	0,201964947851484
2,6082017247074862	-0,5908631279336256
-2,841243273806069	-2,456934399576337
-3,16171914112608	-1,908016885161167
2,5745435132559416	4,357347339242651
0,6590664913339124	2,6074982816969094
5,267500371732976	-2,911589458069327
0,41579177624818464	3,5218371418111323
0,774189706632431	2,2020292433650472
5,454860627031316	-2,3035978122203176
0,4337726467861738	2,825323614977955
-0,6194173763854649	-2,9864834618781515
2,355672368567345	3,9973002757395464
-1,5629600906836347	-2,358269975610686
0,3001554006742855	3,1061658059757438
-3,52315162290766	-1,9658593999181535
1,9591279824000563	-1,7040379331283921
5,0725615705759	-1,7388474605835222
0,9661153188892764	1,6795077922305728
1,0227019806815751	2,007500200189785
2,369056167196381	4,710619540983512
2,505221844910061	-0,9954510242716865
1,4924977107067696	3,5614166624724635
-3,003609007204103	-2,759001470339958
4,189815635733844	-1,0196561640380608
-2,8625338814154913	-1,3422579711963467
1,5613323219048345	3,7435549501542535
-1,835015938785252	-3,1727517777806526
2,877570487795275	4,584470813326655
3,2510047617291327	-1,4474060265052229
-0,1086215574818361	2,767177896153809
-3,366460657511988	-0,4465326333660299
-3,6416616472818135	-1,6406065519985928
1,4862186513726348	3,6727478209608897
-1,0289003445453329	-3,158333212842729
3,0336433965517413	4,0552272468853054
2,426448511223122	3,8414201483773946
1,226636953633667	4,537323120302711
0,8420569126096615	2,5326125263629238
3,7732073505116386	-0,38186204118651546
3,704533708928349	4,61284085559927
1,1828613443720895	3,4386752475638533
3,9114836802226423	4,499040815117311
2,8639562178916327	4,756203269455072
4,5478357135899135	-3,2494565057837232
3,021909634119371	3,837261584303343
2,9620488483783607	-0,5101718859061757
3,114514404659809	4,28032719107923
3,4984291934241867	4,315378991826748
-1,55340322313632	-3,3726906972994657
-2,8563569075955875	-2,9270131948969214
1,3464189513458917	4,191783486429537
0,811347530473518	4,259438070130784
0,5297049982629227	1,5760354299117256
-1,5182624385820853	-2,3148505979851457
0,6118824623018535	3,7819128085261724
2,842581496944339	-1,3906552512249002
0,24925786604737166	2,8719170168380628
0,8150775669594714	2,3406004125917153
4,740870870772149	-1,7735839741481365
-2,533189022111568	0,42023168717043524
-0,6217080358910995	-3,2365867659284664
0,9278603340258618	2,619874383697909
5,56209145550257	-3,1021630783886796
5,589979883151115	-3,2172439020099755
0,3791362357925683	3,055355166981087
2,559106918435824	-1,754830507395504
2,0628143557060685	4,097107616287522
-2,685648184048692	-2,99394738363482
-2,242314953206929	-2,6490052248957996
5,017481732689341	-2,7036330591244786
2,8862479622144117	-1,5048367129438383
0,29754387899286794	3,4557889212061417
-1,9774981355875547	-3,0873300421604277
0,8129252819092694	4,1799961561987375
3,7602351261571134	-1,651919013167679
-2,572117091720978	0,047936432850161914
3,4101553009696137	-0,42306548756566453
4,4607925967207835	-1,475481012349062
0,2467381874275083	1,1946398742144482
0,9795533838375248	2,3979635568188193
2,9858867116644965	4,3343220591437355
2,1903060844656768	3,963036442490938
2,1756099945444287	4,931381251926263
-1,9680318943311434	-2,706764738691276
1,034049586447016	4,220855101992022
4,568975146224968	-3,183205677136492
0,8622834474508043	3,0077631918696377
2,996538761918198	4,679961871416861
0,690668134729147	1,6114877482650543
2,1271934347301764	-1,8993881523748106
2,823538232904461	-1,0644595077797123
1,5998917614116175	-1,8797721197890196
1,3155740187885714	3,7366111209873227
5,2179852344521915	-2,162040652738329
-1,0102158334202955	-2,89746203931656
-2,458999536017658	0,21479567008195288
3,54182873108438	4,076183925918238
1,8585679468244172	-1,1101573197356167
2,7754337523994232	-0,46080381424155314
5,012760850045266	-3,1651720890745025
-2,1870197277851693	-2,450121796547375
-2,734041338003408	-1,0267826716008386
-3,027215267305767	-1,4814358899568418
3,7675963273894677	-1,240140115334529
0,15316449086350925	2,0375610506050212
4,39752690744621	-0,9381594422326207
2,20079110992415	3,8255328199108787
1,27316122014726	4,484007715238107
4,868113713418284	-2,542077584046798
-2,9882348622125887	0,7378725786147444
-3,3486916345170914	-0,6532404846953215
2,1415896124642755	-1,3369164591877558
0,577365440186298	0,9243906957631154
2,8303495614968677	3,8986793798418886
-0,8095712381640623	-2,8313942141605333
2,415280371568075	3,90305002156339
-1,4233013965681947	-2,3050884950781447
5,036573076980603	-1,3981098913135888
2,899484929583391	4,982424992694985
0,5078025258137624	2,1289573833251554
3,1894820947112237	4,219983728502299
-2,8819933686828607	-1,474626689207592
1,0164583085483547	1,8728390620004844
1,2553491090029105	3,961114778213366
2,216989650617381	-1,3850422742096453
1,4158387779975594	4,593078369061394
3,4848809891093833	4,683426772660846
-3,391833549802501	-1,1112735819130097
3,790446536431175	4,337103769935846
5,676419875757155	-2,6268417131112236
-3,0724443998683166	-0,9392431398574513
-3,023161476341315	-0,5230758099066336
-2,9483582241805557	0,6879358087925116
0,48859840074369876	1,384954703360134
0,5571044425350589	1,6109691465350142
2,8621001983457734	-1,4013633707753321
-3,6281622266133517	-0,2923776620106222
4,731482444915755	-3,398240917854563
0,7706907938760463	2,373380412935367
1,7254856675195542	4,642473934872944
-0,1330525853650455	-3,0329923657729054
3,355119715799669	3,742070606677205
4,3310496766445565	-1,0329238123349755
4,78213338440016	-1,9309102585781912
1,702910700085373	4,052904139461845
-3,0239577005603504	-0,8547231241324156
2,9518547865589513	3,8216890573328253
0,6484623893450359	1,664872911990842
4,588012307682706	-1,373811863406634
2,3527941975376456	-1,1945718106258711
-1,1703307713792188	-2,6472742187508893
-1,9387310640087962	-3,3987502898745467
0,2536069859600505	2,232397159602021
2,862588190078754	4,012319609202762
2,510203682783236	3,941835542636572
-3,5871741480500887	-0,7259980194985439
1,2565071370715	3,954045669238514
0,23581095808022345	3,4173830280324426
-3,2058954788292997	0,5847621554618987
4,929748269720951	-1,062066804475049
2,029863453028845	-0,7069186200184912
-2,6529153031472195	-2,96778003289778
1,7251945634163766	-1,4450278005922943
1,2288773273127505	1,9050599717868675
0,7307320883552639	1,203584349758146
3,8018345344877376	-1,3853055043115399
-3,1979106054819244	-0,44891695679633603
-2,8305448407546523	0,30034775792228174
-0,35007393718068025	-2,5191834129012265
-1,760964875259344	-2,2487343927825187
1,5600823429800237	-1,4361919416927165
0,1523282201213334	2,3524888189422906
1,1332020115520693	-1,8790077841303048
5,684198472576526	-3,6179782354291974
0,4652613602981157	4,209484555052997
4,87656279041079	-2,7201003330314486
2,392742368047317	-0,9441510816658578
-1,0979675144479077	-3,3854105748473478
3,959630720204939	4,231097974361763
4,3643598807961625	-2,0368226169541255
-2,8387220240962736	-0,4411923078659037
1,7554593127616334	3,758055932516074
3,5296809235429456	-1,1572203212943224
-0,6415812157834602	-3,4089663222201874
2,3084241316334397	-1,6448546869080551
3,0836609539839346	4,877728786888704
0,5741843388132812	2,5525188128656353
-0,09317805025705161	-3,0008785473269812
3,4704808040196284	-1,5245415996604845
0,5381690145530014	3,4572386061460696
2,5342920563586313	-1,0581348335898446
2,6190395675704443	4,37294291112092
0,4897604312595303	3,3125960366760174
4,7797110739170865	-1,224983468498683
4,448475946173058	-1,9654982888382397
5,24578751340627	-1,6882005607943686
2,6511721828715533	4,744159866318001
-0,9007455163082818	-3,457902176783964
-2,8115860820371084	-2,2635416635785743
-1,480272831582608	-2,3032533589580875
-2,192919842450155	-3,1385627384542545
3,2677982755721926	-1,2903578545007237
-1,1709827559023527	-2,4692016594765667
5,349103838693799	-3,4505866235053695
1,1325125744896742	3,5114836248045367
0,45553473012035295	3,632547624367132
1,1497772908278165	3,1260280698584713
3,321544478783624	4,841933706768099
1,71950737075115	4,387355536193558
0,7719253566530537	2,0012030537865733
2,860356677163476	4,614049473076388
3,132204155235275	4,011950809911444
5,590992145154569	-2,1749750536653396
3,742340607023505	-0,5996135872525445
1,7088679412040917	4,912039051639255
4,076257209992984	-1,3004787076217272
2,029957082897662	4,4776100671035355
-0,9164351322074757	-2,4383672769334597
0,3212485725051959	1,3254208190247243
0,8320900912019817	3,303356015615457
4,280029109341243	-0,6131965128560819
-3,795470583342001	-1,1272056033175848
-0,9261289037120812	-2,4501838793065174
4,701220375609292	-1,6985698276713224
0,0026226051398534622	1,7615522656700202
1,1317495865281721	2,208768378297283
4,595514851450786	-1,7615173179414831
3,103783172002753	-1,370257370583699
2,8761857397080948	3,7634569418980774
4,511114646710801	-0,8541096758996249
1,3113937751127398	4,136814260456593
-3,0065014581116842	-0,7751717289278236
2,7099275472030984	-1,2306196920130268
-2,262980483552059	-2,8625502878254236
1,764970927245203	3,724751936527562
1,496632456396581	3,8253701383255283
0,8656915080270207	3,5562856205366735
4,674381408751467	-2,909518472109131
4,616817769930474	-1,4349120027545554
2,867695309393361	4,139153893424797
2,8122877313408328	-1,55045060046474
2,2740010629893863	-1,4722540479006634
4,314051131782449	-0,6746767051220601
0,3506076295475722	2,4256605869053125
0,8469252136239755	2,625187624893897
4,596125525245778	-1,139989521660766
0,20281194632856536	2,041171528184111
5,04609681531973	-3,2042333058484256
2,4471552751287935	-0,8888100644285672
0,6298165105579419	1,0731846742173943
-1,219090976913368	-3,227082785021942
2,0868091890053746	4,779035575365755
-3,153105844632128	-1,616823677715301
0,6905489269508902	1,5796117436014407
1,9904675762118202	-2,12287162170679
0,31486114829048395	3,9591671560701958
4,053995151174534	-1,480995752045875
1,8862110623917132	4,828966498042858
0,36853349493412857	3,096195826997319
0,9387137448563645	2,4904338801160493
2,3055524531390805	4,350768535287429
4,966940140894907	-3,059442910940274
-2,192824436407404	-2,1021085756681135
-0,7595009425446116	-2,465944590586413
4,069126121483622	-1,0786616894380114
-0,42522948639649094	-2,9831344065899064
1,0235880074873747	3,969623360221503
3,18328842520077	4,368603356222486
2,0756966672116337	-1,9487394570061451
-2,9854397220702498	0,06613918607734037
2,6752918756562782	4,499650872542975
4,374703992874797	-2,011690236672806
2,2461493818597873	4,875536878418803
2,060704697169757	-2,1507485109585125
3,7870637786646575	-1,645765607202846
4,9537143016845135	-3,1048418595003335
-2,457232952156618	-0,07438740004164779
3,139968737291748	4,36528021598122
0,46252311618521635	3,1328593064183994
4,377037904708722	-1,7820892939990631
3,0592112408644563	-1,283265344863138
0,5209976844034419	2,7738874886701472
1,8153340942717842	-1,9497326956381213
-1,8376466593259844	-3,120716150160715
-3,6499318427984195	-0,6521684757774164
3,6336604688959486	4,022753439595862
4,553690627578601	-3,097430473571958
-3,255138493105804	-0,8243536143848741
3,190944083513266	4,067190892309375
2,117693115030465	-0,824552974514476
3,288011072939478	3,5396450381175395
1,0675173817980144	4,060147064938083
0,5098558409045115	3,6819079508676813
1,6878124989941337	-1,360706814644339
0,13640647686289542	1,432243714976353
1,4669564825598558	-1,9500560498356956
0,8933303303175717	1,2239919210658092
5,3615430029670215	-1,504200832790494
4,5615772466153635	-3,20260500405179
2,5484224648580778	4,413323383185518
5,110919769285203	-1,492927082314285
4,819755680148512	-2,093168795701865
2,969618541451813	4,238101843963035
1,1431963017194777	3,366680606665075
1,0323598318389027	4,487243982638001
3,226444674654176	4,030713995020392
2,379009454065665	4,047222171372269
1,6824601269594766	-2,103260377866003
0,5044623606131373	3,025000057954033
-2,6524316136780426	0,07819853312073888
1,4537477197844892	-1,5895595615889258
4,727409561631966	-0,7892421787966111
1,027420600035689	1,9143231302278423
0,27500945967944634	2,485430831625414
2,66182091449324	4,2224976950022555
0,17894452764043578	1,7387369432819932
2,6339197966623393	3,995147598751349
1,555551298010744	4,948550730047185
-0,09962778258936611	2,632485298485819
1,8230070437576953	4,188030637248322
1,3387422092476848	4,336538738910079
-3,495080713002862	-2,047205184598959
3,7982419968870618	4,328752151579848
2,0725927013970367	-1,9430931456601692
1,2075855964682618	1,5574378259196593
2,312729207485905	3,840503533942241
-3,019748410594331	-2,147281399471659
0,6187453156308009	1,4302731228429635
0,4667650838774833	1,984314088773413
-2,827392778986238	0,4145130190077535
-3,5683580473196903	-0,3129980073782026
-2,316384161879297	-1,9829885324043204
1,6204377783678887	4,896280783124391
-0,4451886364904254	-2,467771211300362
-2,8340724942873137	-3,022926181701516
4,654332409271708	-2,211893622677003
1,8845984740085224	4,1269326329145155
4,058492250718456	-1,6783504438764474
5,470893742798134	-2,854399286700577
3,359027459254374	-1,4795532195200316
-2,967185621323822	-2,0865999101379664
-2,50883245601032	-1,7752713733434633
0,5854386364241353	1,4844971794359043
3,928872351396731	4,463854209626396
-2,557358245880199	0,1042235007603034
3,9866808787615606	4,306064869731005
3,4686623502948777	4,041254834696381
-0,9954382873266427	-2,551515099074152
4,222369306913814	-0,5878031041377718
3,312518883707092	-1,4318255544946052
2,636302945875921	4,650213112499046
-2,545268760076933	-1,6225800559059809
2,2092334554613497	-2,058147670921181
3,3596848137316537	-0,7659350438913184
1,9738192332675328	-1,2940190020460753
0,19637309144862058	2,836289210854026
5,447880332296268	-3,0337050212195944
3,3423771947986713	-1,3086985382081326
5,353336589373451	-1,9364404727307358
2,174800476424471	3,819767314453527
-0,7246726183156325	-2,696820801159049
0,5282651160398064	2,352000410398529
0,47334654615284455	3,1574344437197026
-3,30525140744836	-1,2423870414888243
5,172169756149019	-2,7459002495264806
-3,143225016194232	-2,035207710982543
5,5369761355127025	-3,169456189690887
3,531386619741758	-1,3692751554370166
0,7504339246004705	2,1637744426899195
-3,294089521136383	-0,893804606568773
0,9685669692084966	2,1252775540360767
-2,738175589388328	-1,4688277626817328
0,9988018029456245	3,1868516671608766
0,9603395892806219	3,0946534469820524
0,5997190643782555	1,2578099712809052
-2,031046264006816	-2,821809581180185
4,682536513681042	-1,0451966727226625
-2,8159549969512185	-2,361270731350951
-3,67384790442836	-0,6270877292484044
4,996986886612815	-1,8166945865221313
1,252968284554255	3,8894483336482413
1,8191459960969891	-1,2545113594452444
5,18938987914214	-2,788368549134055
-3,3501784037597577	-0,004780185054759745
0,6161830229695453	1,9768522400264854
1,281402078008494	3,7163419211180724
3,26939123615292	3,61589053373013
5,08980397960893	-3,26696970453077
4,780657255262833	-2,9050835603032152
1,2175698507405641	4,364832783669052
4,988729825789375	-1,3006290180240643
-0,7299033739161201	-3,018569280157813
-1,3244588923382086	-2,808024260508894
0,9247988845302539	4,2158872714142035
1,0547652088302306	2,79504681739705
3,3635077818084778	4,048938581452728
0,7802485747404551	2,05544356178925
2,072031983671886	-2,2697069904675535
2,924476052577031	-1,4782173099045977
-1,2732134691975119	-2,8307070243791586
4,719937911497329	-0,9340102593219792
-2,2341029456226584	-2,144049024403687
0,8147634503955452	3,1726840241053074
0,509606884709185	2,150820348812924
1,1780490046746386	4,713816499882266
0,01508875951898414	3,0186241988836264
1,5628045420238534	4,479991416792732
0,5846781542918658	3,162857881216012
2,8722153797055126	4,1470460684702495
2,2927463724430037	-2,069693273420803
0,748255624066956	2,791077133195486
2,6097993151375287	4,7638348821136525
2,823099208741803	3,9636076561851157
3,565002380897086	-0,4960257027838728
1,0329970029886293	3,204261558299977
4,765271028280234	-0,875671656230766
3,559119900757355	-0,7263243786718312
0,8080619951165966	2,483236105455373
0,10270482129976788	2,461153878424888
4,602562679337567	-2,932475454546077
-1,0276256039307035	-2,7104188432991143
3,6255996175626777	3,968523385144892
0,8798100746055706	3,3954673151071444
4,416255035055635	-2,2235682138065282
-0,19912288633672603	-2,7435275287035212
4,200527760402718	-0,6365926944716573
2,793702831561938	-1,3566636381734547
4,917376047536191	-2,185628950495983
4,648406100930856	-0,7383719349618354
-0,9781554654294855	-2,3812833580172845
0,4339616979886276	2,08900911944155
1,6486727694077083	3,9341640614609705
-2,8827223529467534	0,49800305036847403
3,2561316479152147	4,0659824863797915
2,529987268551979	4,062143265519547
2,4533777723098495	4,169344740241764
4,9624891759100755	-2,1066823658329685
2,379949624322438	-1,845242474910436
3,55935629931599	-1,5910970179182091
4,264037233932876	-1,7833796419004009
0,5643071403130953	2,0394242026119143
2,6406710897792722	4,752570959037983
-1,4964359338117137	-2,35324678151757
5,056479618905548	-1,3485458599670712
-3,206429503924861	0,22854107608464314
2,306634119583147	-1,1404056995577216
1,6246802949803487	4,291219153124073
1,7264817677404132	4,714781073935052
5,292180087810546	-2,714269739937368
-3,5396086913169107	-0,967404500979557
-0,9324390123978228	-2,6898030907118184
4,244546530569275	-1,4073797981298066
1,1738070504233344	3,2610049488642248
2,03621706420146	-1,3627820371405197
2,529873627617711	-1,21460794115116
3,224067264748726	3,589648239368449
0,6744873946485037	3,0732044143240635
-2,4315025360515605	-2,4682517491782634
0,8721371997491154	3,5280058342024114
0,582949932745072	3,8581522071095726
-3,4619202056284264	-0,7866320442105027
0,6625662124422727	3,648088373462006
3,6377167222248263	-0,7889609888254547
-3,7005671415352257	-0,9756100415113624
1,2538237878731406	1,6578200835871564
2,5454323322893266	-1,8225888883375962
1,7276741960269697	4,0641916721819715
-0,5262032383897793	-2,5798352263540814
3,228540461394785	-1,3836508846850535
2,878234652122585	3,7059617847332937
5,596027464714261	-2,05899675546332
4,658560242485022	-2,598837839411876
1,0892394158128194	4,535757199876815
4,050780124857722	-0,5268638215915513
4,417367832044484	-1,0360365583424818
3,0366920465914764	3,7145964655499633
4,573388582433173	-2,9368282491694524
4,488656997866005	-1,6560257868279258
-3,0986194405027385	-0,7015330772406704
1,904549978739983	4,244066924505286
-3,1436653892069506	-2,476859854642699
-0,3039915629037093	-3,2535967892616533
5,688707287228743	-3,3032962799596595
5,7848678833792855	-3,255138393012268
-3,6776681327174288	-0,6761620165377286
0,2549119060846792	2,1090419005462033
1,1119290153822767	-1,7665343910614124
3,1502524570365114	-1,2098317297968015
1,53640819704802	-1,129000550298326
3,420196845361188	-0,5842008861858519
-0,47126161082792206	-3,002796320981597
5,350704175776302	-1,5461894266506233
-2,9186619667270066	-0,09502591232231417
2,9446911966227267	-0,9997767096723067
-3,372550311646535	-2,3808910059264026
3,4013880021830647	-0,7954630444818456
1,0598988197130415	4,1955564850159
1,23245199055193	-1,6311457108816825
0,9750205522031878	1,6277609605272447
2,3246207496496325	-1,070661702486156
1,5366459571646909	-1,9083788662849248
-0,6172486873773394	-2,3788454797333394
-2,8511388831849267	-0,3053595888410163
1,051839547998987	3,600613166898203
-3,696160067555673	-0,8928056981067005
0,0444686076772598	3,181698667349023
0,4136229700881844	1,1406989402102894
0,21748743729729902	3,6014780830285527
5,180606094808452	-1,9857786976349785
0,08352429898137448	2,867198313010508
3,8388318604744547	4,04092395282059
-0,33529808150669393	-2,9697664649455824
3,0191941384153766	4,7939542593352895
0,4679743898529509	2,262844661565641
1,6040926443686976	3,8097876781799376
4,694511075569222	-0,948282654109285
3,453560940672041	-0,6478583769318966
-0,3527860832562859	-3,176381400530375
4,99528654801625	-1,946836449419595
0,07441798881088069	3,364465385602676
2,9242240379579147	4,33148294316063
1,0387225408098426	4,183976738208861
0,9181628377242061	3,2815382152969743
-0,5624348792483865	-2,7944770635064247
3,9111098237083772	-1,4173761509221299
2,2688217230807077	4,40676891769966
0,8146256681013637	4,247362193781002
4,807160734269242	-1,6732619935217132
2,1246532502356326	-0,9001316695907504
3,2039486918167803	-1,1695633164246098
2,257390708633997	4,437140819342156
3,445800111909179	3,6940348445669198
-3,191068894431133	0,5026800084054748
4,176765609878373	-1,474798867318877
0,9483763639581508	2,460939978438399
-1,993787074198463	-3,414097815640094
-2,6026615146579326	-1,7339477996907884
4,154252474151444	-0,6147276919730547
4,596779141364428	-0,7487722122380176
2,7836689957885135	4,77964574548809
0,758291185032604	3,0415546895595487
1,9084710575751025	-1,138092443720829
3,1232897499837344	3,68971984017219
5,29221058151695	-3,0215940320558223
2,292118366836429	4,42906448168924
-3,4423382248389687	0,08020909213324146
0,605014144297497	2,0083382321327736
5,231624619183606	-1,9181703148259355
2,992909431878131	-1,4682875929018888
5,082541260414311	-1,0828524426659827
-2,453545705430977	-1,9638461160762462
-3,009712419258455	-2,355905019484301
0,49945380394057937	2,4858023098409183
0,8308083720963673	2,183710348971066
5,436279824440981	-2,619484423304632
3,0007632313967108	-1,1900264929571607
2,5681396961340344	4,135255800740791
0,6962327889359783	3,588415948335
3,2622979136862185	-1,246203934255587
4,533485992509021	-0,9230103584030955
2,517987414812487	-1,3881521744878171
3,0553619731460673	3,6555620310235075
5,47834286029998	-2,7110057938299987
2,1742144818392615	-1,9618608507377118
0,5663191505725815	2,247067708663387
1,0677567561171954	2,2209806686581732
4,128208913730182	-0,652024053021468
1,9681314814229485	3,9053351254857867
-2,8616074683737325	-1,8294641078633924
1,630969864647616	3,629679118710447
-3,381912276321125	-0,18332662354494744
-3,1104363020103687	-1,9627887487866627
-1,1988641163787048	-3,2942725512059057
0,531376274179413	3,0524200448065555
2,8006409440251354	-1,1549294663842165
4,347848049668292	-1,7926194598160143
2,1845021901603667	-2,0417092999173643
2,193977336746455	-2,2342229940510574
-3,3965053545474646	-0,7345358697433937
0,5591332280785393	4,282937034142785
-2,3232935197581606	-2,8646675013216774
1,8752998255582274	3,744362933069689
1,1913558406346914	4,632779069933876
4,464695388822986	-0,9035971134135037
1,3401548403415449	3,491060703917005
0,18714129749402986	2,3179679294936757
1,3082033536354758	3,775277217746188
-0,8570397345194198	-3,3934946363328877
4,5425643962213735	-2,2305273606511755
-1,351019749024676	-3,1711344807466295
3,4716330991466053	4,287286220452577
-3,5728935456068625	-1,8669649338936827
1,4519123647279117	3,662225191755879
-0,5291310304002098	-3,3612440591368897
0,5463165775710854	1,7565771794326297
3,757290146199075	4,622950362722621
-2,6445099960854375	-1,0258360297089053
0,2562909108432945	3,683061403739119
-3,7797400048099687	-0,5555741217331518
1,842006207894271	-1,9662773162953828
2,1429199383681587	4,95331205516826
-3,2428131700388754	-0,3353455932144439
0,5472121030095252	1,2180101092409024
3,135831999168295	3,9270122983795464
1,3973449532826616	-1,8356093405957692
-3,107275896836139	-2,8041273253531998
4,093107106064135	-1,7455320439891355
-0,10813680371980006	2,4769647596496953
1,2905722030704636	4,19213529414503
5,316234655585372	-3,0931673654539176
-3,4351025273280467	-0,8164903480300287
3,2769581456987744	-1,560220834416178
3,5971764880232584	-0,8211074536940659
-3,1678646502357073	-0,3615263028470075
-2,671981910776187	-1,3982435817826107
1,1923255427694126	3,658803819046926
2,7869122159812276	-0,5236178445678199
-2,9720096709515187	-1,6872869415423004
-1,6899783399064185	-3,2317339997276378
1,4485448580738276	3,479176397436485
3,8401824035757937	-1,1057409962927023
5,196625588384345	-3,4391789454883037
0,6406048687632642	4,282693977199168
-2,8309446869943926	-0,22238976282133538
2,2897574274152213	4,833476212815031
0,14395182046624244	2,160148008432789
1,669183347885454	-2,1122109719523325
4,709031574470728	-3,30524717771824
-3,0081481296402517	0,6916525343705415
1,5418585424324993	3,787172029315404
3,8811904069584493	-1,2570414854019003
4,097207237840416	-1,2518138099175988
-0,09599729824331149	2,5961043947275306
3,5553864774551958	-1,5165166265448928
-3,8488675271681068	-1,3550247945985654
-3,5937056199486923	-1,4019257228674555
3,625532016202608	-1,608052902766841
-0,7542283699386011	-2,856051207730858
0,722155262462616	1,5241899374094285
2,1139387666522333	-2,1862614952924617
2,576397778736888	4,891293612475554
4,652075707161484	-2,69986815317346
3,460797091235876	4,208707198778148
1,15064463397193	1,5248113271598942
0,18745745637187472	1,4842023028474152
2,861668865518327	-0,5092967059124534
0,35304516015096077	3,505018758555922
4,5384188394687435	-1,2003267442848338
2,116055363536726	-1,7127350869514126
2,7457780449136076	4,296383742576362
2,635116740750588	-0,6594105097822114
2,4763132419856504	-1,0944148852545794
1,7067499397126131	4,28529112853159
-1,5568653956988419	-2,900635582687088
1,0568483669348916	2,814051170955256
5,116632610131277	-2,2037024280699393
0,4066263127693648	2,7663089227418802
-2,30217049999618	-2,650981415024364
2,6708432306437615	4,962396873191725
1,568708753072523	3,937952823209866
1,9154603062479425	4,791515631067433
1,3472279567840963	4,4070337565340765
2,182772565651371	4,365963329822352
2,3377405421261273	3,983921804687278
3,09103347155106	4,277973004934138
4,7173014156018676	-3,098411563722657
-2,2309399486001826	-2,069551958816119
0,6908483240695438	2,5273432717088067
4,3737295143844435	-2,003685857130151
-1,260472185223978	-2,934122287371529
4,332204990575886	-0,8752274766553754
1,7651665374193088	4,702326908474034
1,9454154357116442	-0,7608335392409784
4,162250124050525	-1,1125813752981077
0,15405441571691547	2,526040915799266
3,6115586779460127	-1,4947751600376995
4,6475244905795545	-1,8607605937573117
-3,1909748312184285	-1,0332170727277925
1,5299430852976168	-1,3182696374008216
1,636998840506883	4,011024294003725
5,154979182304958	-2,1693884490075583
-0,7295685690698069	-2,7516763936089905
5,50054514611058	-1,6325121124197333
2,0735932504088153	-1,831206993126644
0,0027584907337141473	2,0204755736362108
2,8571703735744864	4,242818123700324
1,5473613035195533	3,697293089711377
-2,8647274576976747	0,27022939926575273
2,136860502498101	-0,6990509069217863
3,203139925163849	3,801107892121781
0,7797336819391225	3,250299807878859
2,616152935384232	4,735901294586466
-1,774786611147825	-3,045538279085443
3,0279942146659944	4,266436138241698
5,472388874372403	-3,376067501171537
1,9623004238954587	-1,9475691810162608
1,4280197469927447	3,9971104556134165
0,9531004572963251	3,456061648308152
4,776679988545379	-2,9736140087678065
-3,265194029114835	-2,452853135026323
-2,627740938509266	0,45381218898741027
2,4189452392888864	-1,7296348123591083
2,672685074085094	4,078912463430697
-2,3185008438397903	-2,276393441252557
0,9953720044758925	1,737234471928201
5,114770612676618	-2,658374622528941
0,8597799393116692	1,7256568788522677
4,962897801386843	-1,9825023713482117
3,880355852280861	-1,5854132715082787
-1,8321349479253097	-2,415257158632942
1,1574403488857108	4,76366819463459
0,886370794531727	2,3686350002455336
0,7616968245358886	2,4121360906862237
4,811661096946329	-3,4095652901952986
4,099249922845252	-1,3708105340383623
2,535928240093326	-1,7527062008872045
-2,8217841481556123	-0,06602654742328817
0,6429954007521133	2,5998658744684877
3,357356082380028	-1,1984845350454885
2,432503470738726	-1,5545069633272108
0,30672379354161183	1,6374398914462707
3,4117190936542077	-1,1525139686916366
1,8024936524074984	4,967546420647636
-3,517916520723362	-2,063701245160566
-3,1669322540063347	-0,5135859050623574
0,8270994072631441	3,249815954474199
-2,225373976460941	-2,2649475854810888
-3,1537519014677233	-1,1681452921593471
3,887476032385805	-0,4821019453141111
0,7289174701933749	2,563357452336411
5,278168531386496	-2,2288187584651276
-1,9747028437205005	-2,177948946961707
5,5314856365786085	-2,3157404945010693
4,24262442926345	-1,7526295377178496
0,3033008209480128	3,8685238742766215
1,9214443135895718	-2,1195734640658124
-3,578188579738696	-1,9082593459465538
4,55711898260813	-2,619523159382892
-1,9230549705189537	-2,592177886829509
3,027989163231969	-1,067718463778085
3,315875992008268	-0,9940702437539011
0,04853277431135261	1,7716140925177488
0,5793027624824036	3,281968030328087
2,185607248511603	-1,1222130811220934
0,9553446009473174	3,030007691712463
4,257699753422405	-0,9415932319817641
3,3068106824970886	3,8869745184442177
3,355026846187562	-0,9497915624542574
4,6333072176184675	-2,4122308892518087
-0,7915194614898865	-2,200311073492535
3,1662434593686513	3,655908911997408
5,000427001003483	-2,4621269794974974
-3,1122396130752765	-2,218977510973126
-2,932262821559272	-2,872880932917615
3,447317512514699	3,8044537404912533
-2,437857307297425	-3,141933187554058
-3,618049981252182	-1,9657028685661462
3,921377580878155	-1,5005863236927481
1,5452360786843848	4,467831844459441
3,3465725761682767	3,655514575420839
-2,6793747107220294	-1,7996467604976045
-1,8122090363146222	-2,420935719595479
0,6113096837269665	3,489900314849645
0,3346672595233664	1,1647842070392531
-2,903040159972049	0,162274089345682
3,5806549735540885	-1,3702980445239386
3,8979583982811308	4,230800144965446
0,005340822406970425	1,6861139708085169
2,443480903574817	3,911100833913229
2,7938063764366627	-1,701096758026882
3,3223129645858247	-1,5313713972823908
3,32809858849022	4,46800413986131
0,6311089461353319	1,8639405479199058
-3,2559396029383256	-0,2730756524580841
0,40852206100030064	1,350490728019102
1,9639489451852725	-1,3765120056774638
-2,526218293891082	0,206389190967057
0,8965813629026904	2,6894471692266073
3,585781789930004	4,084784306966483
4,442374570652657	-1,212296094674697
2,555145510209014	4,099691334989435
-0,7625292542911752	-3,424266881863784
3,6162282841623483	-0,8211237171443186
1,7379741080138347	-1,4075063690975775
-2,3602856968636816	-1,9752346233033031
3,784620037802588	-1,055771719421436
1,8420890252923237	-1,6546288615544191
0,8294610277892243	1,2000897441886877
-2,8320646001157552	-2,1168625260353986
-0,5035481892527506	-3,080441764205589
-3,367824604870729	-2,0100587745659464
1,8976113723742396	3,8277117912927294
3,8920804268232922	4,427221973765912
1,446502954537604	4,812050054942234
-2,4711274108413104	0,14922892493746387
-2,7434051809580193	-2,4051361947889425
0,71412676047736	2,215249879353601
2,801576341001663	4,404752995930531
1,327449227833668	3,4490917450454637
5,296352078414142	-2,662732318194048
4,974780250945521	-3,3244061969382743
3,6916591980227142	-1,4137504339303373
2,547086666596836	-0,5056856816681141
-3,367846372829148	0,40033265715219857
0,46662086204708064	1,0390430260357775
4,454464739936369	-2,193627913911107
1,0906116453411836	2,294541292246173
-1,71752002319031	-2,797478267888693
-0,5684260569237626	-3,342857375752782
2,0310934332307005	4,99386541840512
-2,0758474629432104	-3,2228660189039324
5,657479846437414	-2,3922059319351394
2,535124871552534	5,046895280403872
0,6705981379742147	1,7831433442843259
-2,850382043956855	-1,2237090483577622
3,9825290463876613	4,1995914743063745
2,8002350802142013	3,9302854176107744
3,4081827290678683	-1,5774115808085187
-3,373476167545948	-1,2580286056644203
1,0881138094421683	2,852128848094562
5,6838588153124725	-3,502286431575422
1,0376943743477547	4,122284399656492
5,224812870982843	-3,5556053547759654
1,3721746988332055	4,370295835026237
2,99414150345971	-1,1308819588617507
3,275205958309827	-0,6435352128414196
1,8409216008749856	4,211344912563375
-2,3746536606984407	-2,448615347816164
1,0891187601694494	2,089747240459662
3,5876015330939444	-1,159427165249488
0,6138214146727456	4,0029506449033025
-3,1288104879444862	-1,3444879029143983
1,8343379497020846	4,158617862047262
0,3602540807576864	2,058695383021276
-2,5094366402666006	0,28873327326117604
2,5727790260995675	-1,2207996994015888
-0,138841642613593	-2,8363987347931996
1,8512692086156874	-2,05299852833202
0,2627693892961753	2,1491044726603175
-2,86916225492215	-1,7281366096027218
0,2834449924309945	3,621524859511743
5,566940898727719	-2,533694061716286
4,828181565714163	-1,562524592382351
2,076215908249474	-1,9793663746900332
1,0422559380467586	1,5131255199360152
0,48195899625356575	2,0470993796704064
2,2020999074881553	-0,886707791129111
-0,7114909712670162	-3,225223144630086
-2,8970335317138005	-0,45496842566978035
3,575271087804089	4,370624197744702
-2,70173313996012	0,1859422611987196
2,2179481680199924	-2,1971773080769186
4,08924736920838	-1,7264884447261704
2,069965074358297	-1,8126761136588312
-1,3323705981534406	-3,458010358575191
2,572927523141217	4,943245277769602
0,034745839143917934	2,1564280033299044
1,1710092683478386	3,381937082712442
1,0082808652102957	1,445459654926304
2,2486509172391886	4,6352557664063925
0,09849823812608793	2,3300471517342687
-2,307222526856339	-2,231733942590587
1,0680398455275513	1,9601524642572388
2,141944101171105	3,8345264802712724
0,3939210230775232	4,101771693345176
-1,408520120968952	-2,3864283378012363
3,5250973136488692	4,262116415991336
-2,762184970406926	0,7208842386355296
2,5630904902111276	4,406008868931132
3,182439628717374	-1,273980352331583
0,09588903765616585	3,270881079101998
1,5147818652363592	4,33930472364877
1,5957684256436016	-1,08720559542789
0,9496688356087706	1,705906448648982
0,5704493341393415	2,5859070920182345
5,055084972555411	-3,3929955241859284
4,737271739589648	-2,5846832690217663
5,280248898803521	-3,1820880346186975
-1,7862578829356197	-2,220420588399364
4,5652631539059465	-2,403605597509438
5,690015497286813	-2,752997727995246
1,8958822089060114	-1,8474021211916076
4,763378208519751	-1,259092776354745
-3,31060677275328	-2,2795905980142606
3,76003217790384	4,233742335319381
2,702672263798571	-1,1086883184720833
3,772850792335462	-1,3254776742078278
2,684833033512181	4,409986610197327
2,1565293849053635	-1,8658292907010705
-3,206662492226526	-2,4228863886664858
0,3911346767085817	2,871983309111507
2,5070417493120094	3,8905043718544325
-2,494318123806636	-2,371802612318405
2,6885827774308284	4,602672213574731
2,1545068355627066	3,9686713640710893
5,144935365659515	-2,4968508610974696
0,4829726112568533	2,8094834349686213
2,9197214327784664	4,144527731660402
3,291996858757111	3,9876201263425717
0,17496234491464024	1,7560266752849674
2,3338909922633633	4,9907665810066995
1,887311276421235	-1,8484938537223443
0,7945356031565427	2,6688896719189126
5,302374376628822	-3,6162405195311713
-3,4893133395225937	-0,39304285813629714
-2,6773701337802644	-2,2312154826095876
0,43709451167696356	2,0629229750620475
-3,4452541193027497	-1,6235537570583451
2,280703480244398	4,218701991026927
0,24395902324716978	3,531070035095291
0,8853230374060848	2,9257603238483556
0,3980426745487877	2,8196829559642476
5,667807299835654	-3,5147270868315124
0,48333493223698243	4,221031344222223
3,706771099030016	-1,067247784560641
3,657908030315178	-0,8791341163335358
-2,329016220057612	-2,3960251031192286
1,818479618578393	4,921116952616785
0,7814374890275695	2,336663207458847
2,7725045206432317	4,644310840388375
3,755010707882803	4,183925014795453
1,075277695682606	2,1563888438762016
1,023702925569161	1,581369477677066
3,0712788011568377	-0,573698597624559
5,7418179270209535	-3,0441423168589408
4,639325418389033	-1,4802779237852026
2,107578244122692	-1,5521832012656658
0,9353661439277463	1,6102599459664024
2,7332978749862056	3,9678226014976636
2,940606212198493	-1,0056975485463944
3,434179783728615	4,553657008028074
-0,09373747329643356	2,58539858229018
2,1729793706314284	4,110135192623507
1,7265025079596747	4,017799944928374
0,35767987337650853	3,388734727847016
-1,7712920840231154	-2,516519601712952
-2,538525487765492	-1,677702320960835
1,5355463160232317	-1,9565907735372168
0,2619476505518379	2,358372461328223
5,612157530775459	-3,1303037796888113
1,8201699702209526	3,928681236975054
2,0223747557320406	-0,8425553032549005
-1,154727237185572	-2,3105191047223457
3,291343251256709	-1,5311556331584493
1,8945412550957168	-2,1008990261252025
3,838885872080563	-0,743922505035103
1,054322310826394	4,5427362282803925
4,685143392895053	-2,1615146909607192
0,9571542395009034	3,8362094572487466
5,436215700255351	-3,052449926957474
1,3745213330749892	3,40016599319879
0,3743794224134598	1,8671667519685617
3,632592503947081	-0,5646075614273451
0,8612145814535233	1,47234529700315
-2,8625543685701063	-1,4349137029285353
3,077520725447034	-1,1284382909824457
1,7572736901974624	3,8165043375535843
5,286957142915809	-2,545598736875084
3,6631430627321917	3,9572387094046104
4,54050842371659	-1,4036116324323384
3,2242401650928003	4,210043696487201
2,404254144505413	3,9004405483249633
1,2212698190288935	4,41574851833097
2,073163809309416	3,8037196592443108
2,729006128965335	-1,2843365099062942
1,6551137266826128	3,880671736188282
-2,7519225480659673	-0,39501966350224405
-3,116932186141888	0,7135183336627291
-2,5122473132479595	-2,0431685150539503
1,256340298635936	1,7440346289716644
1,304813594196452	3,598429682899961
0,8220589603352311	2,993503115631853
2,3148780096984636	4,607590007863012
-3,3851055072747678	-0,0413960060162184
4,328827713490192	-1,2821381815906983
2,7177160434877674	4,766955861451649
3,0808126840730123	-0,8868962686033433
4,859075204456767	-1,4006452447475128
3,232640390528484	-1,4453956127638845
1,9235809706579667	-1,9002115444188608
-3,2027065091395004	0,0499469726549
1,7532976215784966	3,8226454734113036
2,9574198815668638	3,698468174357726
5,537062478379683	-2,538521129187757
5,638887061851869	-1,9984776447108101
1,2484719782904352	3,76261682295947
0,8516586645598829	2,4546240671382713
1,1257663670397366	2,021375928505155
-2,4772592882634354	-2,7660538792428953
0,2882657712316665	3,8419035855377874
2,2531307071540705	4,542091960943917
-0,5806660532263896	-2,545336895130065
-3,229385233827298	-0,644342033352547
2,0243479603916112	3,8050919403386407
2,227841319192129	4,568525196818453
-2,4691566007397707	0,1153096007026364
4,865958856391417	-3,442641860307609
0,6707498243278704	3,9528703079533445
2,004409155140656	3,8490188177780493
5,302465055544094	-2,228034030011296
3,3564333029854563	3,5726613374704264
1,551708130073304	3,846657133628602
1,8537804772559165	4,607174136119194
0,1350124733843554	1,4260277669937693
0,31263078990943605	2,7140750115567336
2,758566350301962	-1,4213774477352168
3,1917272147199514	3,940334045103909
1,1321564576580982	4,652260906973636
2,346703309359591	4,699260055178057
2,290586641949799	3,9174475798313515
1,9562282181794437	3,986640302534945
0,7881559329523624	1,4002473548823697
-0,26844961177950566	-2,8287231986856676
0,45003169350095873	1,6511500170529099
-3,5284659071666256	-1,1084283362843341
1,7314788195086352	3,9601579394602235
4,382102082338685	-1,0926109174730982
2,100260570280409	-1,6691477957281902
-2,85569105708034	-0,6267087497532524
2,428682305851696	-1,6496561650647406
4,41850605623939	-2,1993116478410597
5,372235683394745	-3,2581713986370637
-2,677087415630537	-1,603485438649031
5,65668692132499	-3,6922835073047584
-2,432183130668286	-2,5837291807924
-3,572778219453929	-0,5460367010819424
2,14696499530113	-1,7917979088813838
3,701985329935516	-0,43226707695162103
0,5956213637626655	3,6429955970400956
0,026305562079198097	3,054181514413841
-1,3487161477051117	-3,2075148480117535
3,394368778942829	-0,8024841412087844
3,4417230281360496	-0,8783465664596535
2,335107291779569	-0,99500370738503
3,365210160504448	4,135401134082997
0,9816438485551486	2,659286401965462
3,213850372396539	-1,5334167605129618
2,519465590714118	4,200643580337886
5,558526712174294	-3,6288386898218157
5,42802721573084	-2,9279403575718397
5,066854808025916	-2,6295728275950694
0,2907441837828424	3,5723633747786865
-0,9046884296140898	-2,2401252410812855
5,37168493689733	-2,6428695803183877
2,5863947369765423	-1,7476526563690231
2,9243024723464703	3,676349009509783
0,022491601151807483	2,271377617757767
4,609904066840588	-2,303212108915888
1,8835257165352681	3,9738562816543794
4,144931431983177	-1,6391995589606505
5,739301063983343	-2,845297874970891
-3,6720819782809255	-1,317052507468462
2,211808442902525	4,1864824474238
2,4765896231758444	-1,3529645790560287
-3,5166551063783293	-0,04067142017284786
0,037394241509810744	2,2934460873620477
-2,1615119642097556	-2,3256536233267386
1,9198658995574447	-1,1621027188330424
0,6779915688914881	1,7102619967173835
-1,7623728175986675	-3,0953098528456513
0,8491458286157401	4,4482159783156945
0,4461287170574444	2,3087599835736747
1,4045648865349152	4,138121166464282
4,84169042929817	-1,4218866616769212
-1,087444152569423	-2,2839608004376215
2,904850486970715	4,058623860802865
-3,1890898394387053	-2,3212125066224187
-0,380770647427114	-2,8820565015278286
-3,012234805597979	-1,1828243247947727
3,5366222234491342	-0,8502454951381981
3,3735709860561376	4,512753006681399
-1,123560023454231	-2,999610772471227
-2,7041253013117927	0,39736937387841964
-2,501097934209877	-2,91811445640344
3,2179421044137704	3,89888409044919
2,6551027623868393	-0,9523355513746934
0,398596668928056	4,122044782597919
1,0321464002508745	3,5154308392428697
1,4364044070948765	3,9033199634652087
5,288373746769797	-1,3740336058089089
1,794749414093935	-1,5603267853757365
2,8902147282022	-1,551021434138534
1,9126968380005271	-0,8274296316980698
4,599864878128393	-2,638092815667813
3,5057730682423927	-1,3639210362047107
1,0930427873552788	1,9633393443808564
4,98007777053022	-2,0720855174920243
4,272269673374849	-1,761557677106005
5,715419078544702	-2,4481919979743734
3,19534093909996	-1,3306234351023338
4,54479569395825	-1,845030721766555
3,6101914747650463	3,832987779273403
2,215897309483897	-1,668715221135447
-1,1654065754982583	-2,8754167875078385
-0,5150292236908912	-2,3628834739259013
5,152114774586001	-3,2637654043292468
3,7323882951883753	-1,0057798782646485
0,8303358947181272	1,9035465422319857
-1,8128942413184714	-2,8830502919918537
4,167164137907587	-1,1433093410525033
4,9030393198069095	-1,3530609161734255
-2,210111003860994	-2,737590335696174
-1,4331346504823057	-3,163833925974334
-2,695923479014591	-2,130858660798072
-2,750645850218478	-0,24492567136097776
3,364767879268589	3,8249738886481226
1,1978352537045247	1,8159301837858652
3,6983067469236883	-1,500160427675598
2,9632405041149807	4,117200393682438
4,90706445011876	-2,570867911147179
2,246198027859311	4,575507718388293
-3,727110779029641	-0,9464024252236187
5,2137743599884825	-2,1644782766446182
3,57601383155677	-1,466203223288615
-0,8654419137943614	-2,549796680103828
0,8444152550089479	1,6889525713238087
1,1410029932137875	-1,631783156494725
2,716380786265814	3,9194581760600298
1,0760746014405054	3,633190487554902
5,615929727353441	-3,7254411514949197
0,08481470806226143	3,5511203051136926
3,1019333123408406	-1,321128964929741
-2,880055219285055	-2,6870148732255483
2,89071360949505	4,422389359561921
4,639813275790511	-1,2929497718909597
1,779350466119943	4,736081566961468
-3,0920203264620305	-2,1616763370401864
-3,6989708437917743	-0,9542746114452572
5,6549637489940565	-3,3566355413185565
-2,5826131466480637	-0,030753468618261115
0,5631478536376098	3,7448558937398775
-3,128004668307532	-0,7651927298727468
0,8428188677493367	3,3332805963736476
-2,28016459195939	-3,166053547495742
0,866736929705586	2,332966267705816
1,786957683280502	3,9835915818588106
0,5333551639965164	4,233385106208836
3,954672305581525	-1,078091617943833
0,9773778929085437	3,639738980283242
1,7832330508238716	-2,1615684852705828
1,1276860061846958	3,534777333873108
-3,0009767544468633	-2,1090185819891456
-2,788034972386378	0,42280912697270057
2,7722715603947448	-1,3913409601104914
-0,6771714226606008	-3,1111619230879075
-3,3296251452723213	0,1979179554539996
2,386026482890726	-1,7988759325144976
1,0760485928092844	2,133778849313286
2,1289741603590846	-0,9319441234924093
-3,832650263983612	-1,4312504723867878
3,915647105163184	4,343979865101298
-3,032865747195355	0,5575502834076438
3,0181400925018966	4,154895103087884
-2,961745574152708	-2,379922920026903
-3,5553557290736553	-0,15778937345351685
1,723541788842568	-1,7468452772058922
3,3049038748787787	4,079032055199625
5,287388521422653	-3,6367597433431182
1,9173584094777876	-2,104214828980775
0,7069663771203603	2,165805368436037
-1,7544562873918443	-2,482521375259306
0,6526241827083032	4,2674011487071954
2,730743084976727	-0,630262501293648
0,09766988673538934	3,5330531493484427
-2,5569137079508244	0,38712812194286195
4,4614435396133345	-1,8889985092373147
0,7277142778926671	2,4351218718881
2,776506105360549	4,886121598190048
-1,6602508481874723	-2,7618162376663635
4,393739719894031	-1,9543657012620725
3,0979082909411595	-1,6024987303247455
-2,5281895065522413	-2,0306809805650707
1,7306808064481305	-1,4544158454366947
-2,4231919679642164	-0,012400840953364467
2,063246276651916	4,592267071747235
3,572282533903026	3,843405508143859
0,6405016891679556	3,2132230312476153
1,7477456722806664	4,648404191252068
5,501557912902213	-3,243959252256681
1,327215472350345	4,584165942237458
2,4030344620795656	-1,4999045720683812
3,1473122207871254	3,5561682028678914
3,5676871408716537	4,1125444789534935
2,966592486715435	-1,394081403823861
2,1876156687449386	3,9138667131369567
2,5417943992190457	5,050209241934294
3,3747161928031404	4,189858329578976
5,413829185935479	-2,518521992655235
-1,3499053752944101	-3,2583065132697167
4,281191189292582	-0,7178458817566971
3,62300069977283	-1,3102354323487868
2,229265226949848	4,168883609394637
3,2823912380632363	-1,144855477876035
5,764086297531635	-2,830075771459472
2,7536911817523313	-1,6603076837945787
3,4186742171390225	3,6791983326450546
1,293277473930816	3,5139993768457334
0,9111339847358044	2,6497486856118986
-2,804433355865693	-0,9587440967969745
3,867062132449332	-0,9277535365618863
3,179107975934256	4,898667824615562
-1,3727810702739676	-2,8547680606164128
2,7740992679922973	-0,8158780122573948
4,38194646702109	-1,4322673366607341
1,9661103747842805	-1,666362081049229
-2,6785119631145013	-0,31025135311511476
2,916956986038114	-0,41631468427106544
2,107033600038208	4,599665462589712
2,8980480497448777	3,751230960050081
4,921084314340336	-2,0380614755794655
5,411506779076079	-2,5626393623140604
2,8276636844316787	-1,1182085219436584
3,675833580648343	4,006928426106179
2,401591364825498	3,8464315115867667
2,9299470077205303	-0,5366070646123333
1,5159840596483172	-1,5496912198718944
2,3872877299324644	4,117737184456408
2,302316903918924	-0,7702186586152213
1,3453510338807804	4,090744178500052
0,36561222892214174	2,665142123766961
4,524853781269316	-1,4897706150972176
5,664303316423392	-3,1870785651261757
-2,9429823198370526	-1,334358106065054
0,6084543189453568	1,9716613814248967
-1,8511075718876306	-2,650688530255682
1,0252092137975293	2,9646368393286293
-0,9510107212177518	-3,0799469586458343
0,7593233591233775	2,8730914641690344
0,5919365784670942	4,230718221416973
0,9627350135907635	3,425930304873585
0,3925221518166131	3,3906476075920926
1,2029793168989924	4,276261880824909
4,728476917422173	-1,1491944929892164
2,3282798032128804	4,342786619513139
0,8071899868684755	3,8159442969784734
4,769444276686998	-1,992204580689932
1,0007414622718467	2,7199662978387726
3,675063616297332	4,523479853415385
0,24328651344337526	1,2615735141442201
-2,6449935927207804	-1,2168562188137726
2,3622759838569936	4,25982919334466
2,923010802937205	3,88158855694325
1,4722039410811267	4,4841322797942444
0,10915060227209983	3,1504459499895416
0,4884660309893072	1,8727632537238708
1,0928374450147222	2,9736842016544403
0,7241284713444789	1,6394227028514532
0,42695812698105406	3,210956063790451
0,7171201369215123	3,1924366542359666
3,439396409023269	3,7433736773939437
-2,665131226045192	-0,17384062957413382
-3,8415282663282904	-1,4542193393196268
1,4469700306576336	4,638333607910951
4,842572481742334	-2,2827002688001894
1,34500793591449	1,7040088197330918
4,634322665811009	-1,5850054525453878
-2,241832003554917	-3,2592232056712924
1,1839949396554967	3,5289829476986263
-3,4354296351578575	-0,4299367768627793
-3,4874399346778686	-0,4151676001683161
2,530832639266296	-1,701346829986322
4,207452498617179	-1,42402347032219
5,51016172165196	-3,3351624753778863
5,152513020011888	-2,716172346384573
2,59425912329668	4,967891326821847
1,6942240129587267	4,889434693833496
-3,4202977708747873	-2,468563005450388
3,6932360231702286	-0,7674923559493627
4,495468242993292	-0,6476864862147611
2,0810153992783613	4,412106306634801
5,205994401881998	-3,47250237162042
4,033116772638126	-0,9020170351144496
5,2406399320467	-2,2566351392412423
0,600139955506273	3,2008288505280222
0,02823710563203008	2,7478683207431893
3,1784155317650384	3,513664043015348
0,8983093765489782	2,0701037957811503
3,6145324040288287	4,633127156325472
0,8022270280828887	3,0492682967589
0,7277272635773362	1,1252623357230145
-2,470930775381681	-1,93996219930125
0,044995127205194496	2,4397615283190137
0,0006013817738037552	2,9119362943657574
1,8688515454484613	4,385876605417244
2,5948796428061387	-1,322254190619966
1,6569704280690534	-0,9956380112106058
0,7890459349171395	3,3913434380965803
0,6678767221827435	2,349141780383485
5,535084306964807	-2,577574485917869
4,035952738064825	-1,2443029652627344
3,0253483848564136	3,8167995822854883
-2,5416818674958477	0,013932805565484596
4,134372758512756	-1,0500357299378706
3,2609482562129384	3,655569715625611
2,6778176436186194	4,327726138253058
-1,9155832407895261	-3,093598385456892
2,928763389801622	3,723997098971101
1,3281689014554248	1,70904860561226
2,1649235817609114	-0,6825295393788973
-0,4829737600747368	-2,6921028664268376
2,2352112286244705	-1,5181664093464782
-2,5552879964259905	-2,0770439795693494
0,10658366987308643	2,507763942164736
0,7883536456903284	3,213504282266206
2,8270053282352405	4,563536266246005
2,079191659974287	-1,413668677350842
4,107921163737133	-1,2379105567240551
1,1402186912175416	1,440660438718959
3,8595725114789743	-0,8471722156191157
1,7701412086307	4,8182992245977685
1,997528530436274	4,582983946328897
4,611915486050088	-2,2048292748318383
0,933875424796242	2,1969196644352484
2,359308737609994	-1,9377512169797237
2,4448835070060593	4,085582517748121
3,6760718572539366	4,407219162987001
-1,129175187370096	-2,471200806346859
0,03292605585061903	1,6802157569407918
4,65833172098446	-2,985395341991424
0,18130008171522327	2,5209599048537266
4,66333942790277	-1,0311037873174032
1,0099684273028895	1,6608410256868025
2,641366503048605	4,031892147716953
2,5320361243065896	4,786741730094574
1,1069786402685837	2,213180200465136
-2,519973857733323	-1,671473489461222
1,6982791594746816	3,9682696169799043
4,943105992108137	-2,9400720474391786
3,978383014196572	-1,5997446508670592
2,509839362381892	4,093219509956726
2,029784414479538	-2,198293580216796
2,37360825994877	4,961309569289688
0,9444539682076134	1,7075726082425011
-1,6341215939673124	-3,3094338673618764
2,2476025562888715	4,551017615700566
4,168214679790901	-0,9108179023206504
-3,262790135819377	-1,8731279103011447
0,7674716260549417	1,8606250209689201
0,33257488256374046	2,6873632496723125
5,009329515435852	-2,6541174074918334
3,5577938878726445	4,616262981507904
2,585573974161711	4,0677573857033895
0,6370455308563527	2,736910805794822
0,20348549798521454	2,7549960421594233
3,7051708728869133	-1,3794950186382953
-3,0821428877123815	-0,6662715011315418
4,581289853086915	-2,3324138425654097
4,062740580049988	-0,7427156987131602
0,8427542080201227	2,0411562724998884
0,7247520320679395	2,722849204254349
1,5946993663246285	4,130893907702999
5,153123380253854	-3,209933933802157
2,2783971651040833	-1,2485944183733253
3,838138475899434	4,194979184770327
3,03885168969127	3,6129133069133177
-2,574615947367485	-0,29708049253423474
-2,1965278818566096	-2,9932230448556036
2,330472184315033	-1,0501817640951105
0,9396201294944144	1,9811295404622697
5,276862005454857	-2,4138220728920543
2,4976930995190143	3,9586552030488313
4,552773812390644	-3,3211421850452267
-0,2077077511719596	-3,1726274785018327
3,5479350227034976	-1,4648937341984432
0,9558295269230457	3,665505552409061
1,0830148471558834	3,1099088962292845
1,666078281987041	4,934231161640852
-1,771357915674356	-3,4329378551258163
5,2647861710095025	-2,0450829173206406
-1,040784134516289	-3,0681168525410025
2,2646855558225227	4,148262839802683
4,505626628044051	-1,985359092569546
3,7237025832385906	-0,978810558524934
0,41840102972691917	3,7318970271431304
-2,641301910715378	-3,0166957717453178
4,417490124527124	-1,9392889743868214
1,1256743720987274	1,7097691540312634
1,3449003692423847	3,4612407576416664
1,2873374969064526	1,8080878907627511
1,1643351952157452	3,669696726098632
0,9352846214190156	1,5598241897579601
3,533061479252019	4,00023056087139
1,4165173766321681	3,5087290636674187
5,077941224574678	-1,461566866119211
1,1651648656488314	3,594870160145918
1,1264499600213533	1,8603825137846646
-3,0355999325294096	-2,6558252530634086
1,5413683974542527	3,858080159520838
0,9351208931957968	3,3906542098569217
4,8544499156850645	-2,0820402117396997
2,982870918515262	-0,6256078183045424
0,3750660251338569	3,856828605680408
3,9889268453794102	-0,6815417160361688
-1,882295395650026	-2,9641744495298292
-2,2160744398189105	-2,3906598697264174
-1,4671384654652548	-3,3929233227819404
2,257810699405269	4,8387113590400865
1,8306304271641527	4,3918404267182565
-3,732518567072345	-1,8648526851887546
0,518557205217983	3,3002491947170034
-0,4891211712038319	-2,957606246888785
2,8913632962627265	4,151399358905596
1,403027431988511	-1,584661350634917
2,7853035110312208	-0,7524394869483908
-2,4664659582883193	-2,9816751390626353
0,5183336366488576	2,5714284838069124
4,9192978344286695	-2,716931103099383
4,81275513691223	-2,649527956198583
0,8572058251759465	1,7241289694246704
-2,751771965371743	-1,236283582836979
1,8532942595280422	-1,9468814324136177
1,553072182713079	3,6922156521696987
1,3937440104681622	3,847660495558297
0,5228299346137746	1,0764406615160527
1,4025191757646005	4,6482151443653255
0,9822434957773429	2,7421310849756853
3,865256159057124	-1,5293771823046416
5,005706051756931	-2,9599356705923316
0,7475830652290172	3,2316605241635945
5,606351246300276	-3,2336268155009575
3,821210582838029	-1,45729060921555
1,3423383279881402	-1,4073739528061768
0,5711397332782018	3,0153350734255304
1,136034045979225	1,4788983386547268
0,2645340796914697	1,3233274219499238
2,5678243643189784	4,554255647401929
4,090804858651558	-1,5092007101891152
1,1725931510173067	1,5497899262244172
-0,11115868454958155	2,1987730847214717
1,7622667332882862	-1,2638498430268685
-1,2758460377085672	-2,3543304157619622
1,8326071287364984	3,8327309789565165
3,669205041574679	-1,153354016359983
5,769498591701895	-3,1033996038330085
0,7757888836939639	3,9943586970706217
1,764302196652674	3,949058766098744
4,134881279089192	-1,4192713273674542
-2,4103154006253567	-2,184861976459322
-2,5169309336985437	-3,113380708189867
-3,32040857730735	-0,689758745233963
0,5563346425929163	4,169033697860076
3,135979467804213	4,009895812794806
-3,026120655276783	-2,20097664785892
-2,5379202424790934	-2,0438766088068903
5,630092021380183	-2,708306255655972
1,9886063520204682	3,8193590575924707
5,157911217482626	-2,4549820838636296
0,8287978932274982	3,988058910586762
3,2928957301358786	-0,7074635802493452
5,587698804820207	-3,554319321028089
-1,8220200192162697	-2,5483982445071547
3,6522014942048813	-1,1054715463411342
1,3788448560973567	3,5127985561104045
1,4168104693652428	4,627398544364773
1,630870622805567	3,87861948792379
3,5974838186417326	4,667230580039458
2,245009080563064	4,275135849268567
1,346635998837962	1,7367074962888065
2,078503724155092	4,968685804265915
3,7336277434840497	4,465469230086091
-3,5929963052680356	-2,1002987852957915
-2,891409095299034	-1,1545333094049228
0,09206073802542036	1,7447189387253272
5,561493485371853	-2,5529860176083634
0,8791632173672026	4,173972698657054
0,7962465388162889	1,7082696779372797
1,1179924550927631	-1,686614712249903
2,389327419853206	3,8886109098916384
1,953340413171703	4,445960188107954
1,1315552468904153	-1,6992835102906216
-2,916870353096326	-0,6665960227129453
-1,0658675104564623	-2,5312637178149693
3,6266494167745496	-1,3117078643521751
2,379846033870237	-1,0471685069277072
3,5355207644866633	4,341500042748741
5,027539358908921	-2,9231142531361334
1,9994342398972114	4,68565341853249
5,1261096941915305	-2,97841664166791
1,494167946401629	4,794182968340262
-2,8102597578401003	0,09328867415849595
1,5603698804397497	3,727487806138491
3,5652560869970786	-1,509437128211244
3,2918693324427353	-1,0489612762635157
-2,8490730543057277	-2,325644613574039
4,715288385527685	-2,249852147141443
0,4301696530050707	4,018743127255195
1,0773631807104362	2,679075132655589
3,3286411026078895	3,972403913146886
4,677726021105555	-0,7649161233721529
0,46903636553332406	3,4172755383631297
4,9118235567997965	-1,4593074075263883
1,9149674620688781	-1,2900249615262198
-2,9284871315085392	-2,665991663591656
-2,6151926334467013	-0,6773035784276995
1,2784379750313406	4,2662661292378
0,9525510345954067	1,7674278219820556
1,14739096717289	-1,7820195876075096
-1,4638130532326095	-3,497702429083544
5,4597103695203	-2,321322715231047
0,5403590156474865	1,6037040860674414
0,5675270846469531	3,426079471190298
-3,8610043925404667	-0,7417362601331896
2,4169030182335876	4,252582265591274
1,57606385570938	3,756521004807468
2,700394193591998	-0,8909857909669494
2,8446134993946277	4,672424966214842
-2,5561170743151234	-2,7767544549345504
2,5453256382611515	3,8165034597506953
0,20968876654745028	2,0355841971952437
-3,6004610966135506	-0,6152152587289372
0,6412147800465313	3,5376294057828943
4,2450106323796994	-1,6051421075963825
2,090406283006866	5,005652197038853
4,9825912831259584	-2,148835953368316
3,924595217699415	-1,4364127040199535
1,7458261211857204	-1,3057670560580013
0,7383315085723523	2,4109749751924756
2,889933477688448	-1,6005830153195926
5,26009789546743	-1,998526830078935
3,7416437674575453	-1,1632255815277377
-2,7171675065974448	0,6756890362538255
1,095628590488237	3,9264042266715373
0,6839135512212935	3,116420348045324
-2,7628712707983647	-2,330019093102975
1,475525541572393	3,6096730738677048
1,8610165841518747	-1,294930576509948
0,5310582446457568	2,5347067082931445
3,895328854328763	-1,2910395245913604
2,1716464562015934	-1,8959127902544308
4,467481262484384	-1,946661306380066
3,2193836988677584	-1,472163483070756
-1,9546335034147986	-2,1764872419268433
0,9704133689977028	3,8359321190108977
1,310778654345598	1,7026627924194044
-2,743739765431137	-1,1484245409043194
0,27629711307665206	2,82287454428784
0,44730098214048586	2,551619576136252
0,18930720686392677	3,2536730398597555
1,209697800575002	4,671866473190969
4,156952967645871	-1,6141514066789675
4,732072328267593	-2,654814124252984
-2,70517997424321	-2,4586771055130434
3,6681753013257956	-1,546688820754626
0,9689697166908235	1,9759127880868246
0,9476763795824761	2,9234774996796027
0,9846475053116108	1,3384093344879857
-2,161823043070803	-2,5534916628203543
0,23895654517364573	3,7243295931058755
1,5451506620999538	3,761863514386034
-1,457982729116404	-2,8975247571293083
3,8889788265718566	-1,510231743865502
1,2328909232531073	3,7723798622981386
3,6789091333446358	-0,5356936161411201
3,1915495747878144	4,657830066970883
4,855362788408414	-1,299706978311713
2,6488779481037232	-0,6164329594900715
2,766520115136422	-1,6722482497973719
1,9950601166494142	4,736701297551438
0,5972044114475907	3,6433180068100275
3,6059548206457377	-0,381116454959201
0,06408100103777592	1,8987722559938454
0,10312220190854049	1,6400192643045046
2,647715312442501	4,312561799965256
1,9800027247593	-2,2417748862512115
1,228129825992947	4,1511713661750695
0,39094593024452884	2,7316375139636127
1,1454257351181831	1,669610229239182
4,559338604967815	-1,7977683159644002
-2,9878672929433217	-1,341752390896115
4,9839638350009725	-1,229951611933737
0,014030265480823978	2,6760129357147653
4,800903983563408	-3,102860158872023
-2,650861433098302	-0,12760035960783966
-3,46946928253111	-0,32880076604359065
4,50810173979752	-3,2960374986156973
2,3510971750014917	-1,5473405920534389
1,2327831386394676	1,7484109102724783
1,2852216692494314	-1,7139581710752538
1,4970671070602992	3,5204202355288197
2,3826981836881336	4,810689027695142
-1,1032375913717913	-2,8053982103282684
4,092227181992694	-1,0868782935002006
2,4375370242952683	-1,805377235111376
0,6705978357125706	3,8435209827778403
4,249871554968718	-1,876142147925662
1,1627593274778054	4,7533327429169105
1,6691324489695223	-1,3746017378832731
0,37463637067198885	2,3655290741297605
-2,0625216704602543	-2,164841687205792
-2,849519095571824	-3,015376747094223
3,733568891008967	4,431214893003068
1,584350188311281	4,857635871737463
0,5937330284544173	2,4289846767993333
0,9770343928488079	2,1322961481631
5,217310479456966	-3,576687438013216
-1,666376107210424	-3,0407735060332817
0,2432330437628294	3,605274758105991
0,38293912283116316	3,178639416401122
2,109515016449377	4,689456416550896
2,511160450276657	4,722662084575236
-0,7333483729687962	-2,368664897998978
-2,5024775232833076	-0,24566962662433456
-1,9671326859672993	-2,279875542244092
1,732468334499281	4,323819250664203
-1,4860348217425463	-3,062558246641287
-1,3745562175831076	-2,8365923367869694
4,948538722833166	-2,584740947236072
0,3544304427469669	1,5481133795243038
2,978178118366911	-1,1336923365371114
3,104835258559414	-1,1031897450597175
0,7817153544280493	3,8977696049349055
-3,079949739025903	-2,0033152933554774
3,2101981429362696	3,5043304178115644
1,6365650545023498	-2,0711372036760274
4,140374834602277	-1,35038278159317
4,926855776472242	-2,4276106008823533
3,0464875498612	3,6087363968542925
4,563737409052341	-3,2593965273660395
4,402962131639646	-0,8889498680836891
0,7574996578080997	3,4619325398579153
1,3038944549412985	1,7771375381360457
2,0296532929583155	-1,2812138112678533
-2,6047139721053405	0,10229605433293099
0,8855352053893168	3,2591708278492337
5,8101785844843725	-2,6227520193246554
2,392080872269896	-1,6759211210318519
2,244138243773321	-2,0325089086328867
4,13391442662387	-0,8828081212023862
3,052493617568434	-0,6813434352245373
-0,005647188279553461	2,6356288382252666
0,7108434157565271	3,5935017516497387
1,7668225183419128	-2,1736218481497724
1,765562040018962	-1,982329068617568
3,149202075221378	4,818919727377005
4,412398957764144	-2,2138533096180484
5,64315754720808	-2,3435195165701135
0,958605598283016	3,217675113003054
4,672730022652294	-2,849527121376981
0,8331563081472799	4,031465171702463
-1,3279338121784383	-3,1634642856356994
3,6136470924857615	-0,7271160877870781
2,707309581073874	4,6163246571554915
1,679070636049399	4,480837069481584
2,9491750331538302	3,8324097315610732
1,524989273162642	3,6014648998226315
0,616720740817335	4,187521703591465
3,332528060380219	4,65491755543579
0,3717803757726774	1,4448514937822847
-3,6714502862599643	-1,1246105662388084
-0,1081702420888142	2,5396220877136173
2,845137812398142	3,8960185726528676
-2,999305565584399	-0,570853583686048
0,24487988434551822	1,4458630099841585
1,820830560351003	-1,2109135404214761
0,6501037166145647	3,346512665849012
1,3129591586241334	3,576044212817442
-2,400135767469079	-0,27909773541306127
0,6540263534667146	3,284585346368228
3,0979566696410377	-1,588633380142502
1,1177564130710045	4,645514427234826
-3,477136146337722	-1,0064629667472726
1,88906498952101	3,9189274583289793
2,666808223882234	-1,1452399027248827
2,7703493521177287	-1,5046599489528902
0,8965163457728291	3,504407722744001
-3,3340761216421386	0,38851779288811406
0,6072582267254698	2,299317951074248
0,962253304845355	3,26728188998387
2,281548109853882	-1,673484126101017
3,2094492313727905	4,556189281269753
4,659041894631503	-2,5164264087107666
-1,7886887167214698	-2,2918959486211232
0,7667883358518277	2,4724564975567755
0,5199851711942509	4,150875709719383
0,8767021221958258	2,8636721592650796
2,948817090206067	-0,8031972295797725
3,7281108580821036	-0,9699050195300605
5,366383074795953	-1,5915308490778521
-2,640439968089507	-2,913260064548755
3,2422962410504814	4,220740418475533
-2,069210857811199	-2,273821028720691
2,1358712808865294	-2,346223487557502
3,426721474864227	4,619603440596903
-2,9059743042501776	-0,29933106100384865
3,5218043916080646	-1,1128728684494842
4,8717903181418105	-2,0330157889267513
-3,0758295612347166	-0,9896103580025928
0,9080855965454815	3,0409833721597623
4,766080635838318	-1,6854858647280935
5,40468570337047	-2,297680576256691
1,0986728541882722	2,1958472936186024
2,9397399530181003	4,695128579238915
2,783467864557854	4,066265545324385
1,9071779799199584	-1,1322953913165326
1,495999847007005	4,080738369063557
4,541667223885787	-2,3691486701947095
0,6477568119923134	3,853363535612681
0,3465481349923356	3,9172444234024653
1,8400509179400313	3,8721953605617
4,65231455090772	-2,1526105679463634
2,2860467485062914	-1,9599988533304251
5,071232121949996	-1,250495230116674
0,5012397618479478	3,7801230451530157
-2,0454109331712127	-3,138051334723862
0,4939311038215701	1,971912850799638
-1,1831849111380572	-3,150126026601508
3,389606824374351	3,7194012568295634
3,986860105677586	4,345985054846475
1,823279392798832	-0,8499760100579261
-2,904789578621559	-0,4795397897855743
1,284308424185303	3,5829938870942306
0,8776893566045574	3,715292334511913
5,592585806533332	-2,267690528873554
5,442247936493545	-2,210601008084092
0,7383040957771392	3,0721748139440646
2,711395342604756	-0,9484300453770054
3,646039807310073	-1,1294063490985362
-0,4706180419321704	-2,5704795734991697
0,44972530067005945	2,978466673455426
0,591741949365685	4,275550179478609
2,7369947757590976	4,043336648929262
0,44208048244942977	2,2919727786080877
-1,9889610115949192	-2,478812429388077
1,4097902998624492	3,4812841196697426
4,508955036079298	-1,770298251886957
-2,3027949210545358	-0,08518025384060235
1,2795419281700937	3,2874949525707247
2,3970408625819615	-0,5982078760111982
2,3975781846238458	3,913056147288097
-2,58698283400215	-2,996121605632711
0,9529564149379401	4,2413838657068075
0,9199805312100686	2,8840497391533977
3,8121406132063975	-0,5835764069350122
-2,729776250210982	-2,5009296457477084
0,7106237885471358	3,561873954307201
2,6492709453033356	3,8998129501300207
2,806933813405379	-1,5695175405325439
-2,6515649292610295	-0,3524099418845703
2,9828324310028065	4,827817205099784
-2,820200640608088	-1,4126787108131638
4,643467577559965	-2,9530922031688664
1,0131418442803386	2,8127272223272417
-3,6804243887145422	-1,0147438239975552
3,0789363254406688	3,74212434422512
2,8491438627503394	3,7651285106559516
3,5525854084322477	3,9085477580084547
-2,916047584565117	0,8059001653941618
2,26474858987945	4,6586744714243125
1,8248912328043905	-0,9441886824472854
4,99008545850851	-1,0975556879027688
1,0553770144128547	2,734833820590034
-2,8482846432262052	-1,2576671828638637
-2,804389365537376	0,47108827175068124
2,2824425066245704	4,334419112944748
3,2109527330842473	3,7116183991719405
4,440550875111274	-1,9843723196310459
5,492451108859234	-3,1617861086729424
1,170624375469152	3,521833052343456
-1,263839948784607	-2,3122528888831746
2,6266375198398486	4,195715409555471
3,099869020800878	-0,8125268557609444
0,18100239994084433	2,387742704952468
0,5345295169566189	3,371689452545864
4,6715959732635595	-2,854337612779304
0,815912204890411	2,3737728276411003
3,4992654685973235	3,837687763414638
2,1733773736378827	4,802976967185552
1,1088595584759335	1,896298609173353
4,3845855347322935	-1,421569471147557
3,391656572419784	-1,549250603812069
3,9835063519255627	-1,7652079623957662
-1,5701308230275783	-2,562693580990543
-3,154534659059037	-1,121801345121138
1,505173314645257	-1,1585844228375284
2,2051471066417383	-1,9772982339202922
4,848378382090762	-2,5567610519838393
-3,171822259259548	-1,2469108349593003
-1,0836201390913869	-3,0579118199104895
-1,1229387183661128	-2,9502580756136942
1,884221468043008	-2,1446929905776746
1,6207549137896529	4,159653620046088
5,508263272173478	-1,6511699651762877
2,279430841692414	-1,5591770925764106
4,575748192082556	-3,065778264634333
4,698803773813676	-0,936543158784511
5,160820291981129	-3,4725297922066605
2,6883446509785456	-0,6029079432526538
0,8068495880994637	3,183793838614099
-2,594632795299561	-1,3632324233631086
1,1210701501331088	3,5360758259355314
0,7484456460440272	1,0708133917575442
4,940462315416349	-2,1074021527811184
0,42129601860472476	2,6880507773801017
0,24967353976623752	1,223221106365413
2,2896398688040764	-0,7420174081102195
5,646794578566939	-1,9667633168520826
4,398126682425851	-1,5613898461661584
-0,8886449339591092	-2,5774061180119765
-1,0553783456398864	-3,3035633056359472
1,831595290882804	-1,826431109752184
1,8718129636604037	-1,1166687980399908
-2,582944212823758	0,5220027106526999
4,237658547102958	-1,7101909548526577
5,679894237522502	-2,6345772045396156
1,9321454184106857	-1,5172165227469185
-2,7916374189650357	0,1582731448673793
2,932440485413484	4,766612231022314
-0,564186301529668	-2,4024731275040843
0,9721578745486004	1,7796245520775908
5,449549996936232	-3,2329128943315415
2,3759424646495053	-1,5492770787070396
-2,979150937194341	-2,0158296485578315
4,585694943286665	-2,8130077691091464
1,521939961797015	4,083344722668511
-3,1961686781164866	-2,5191928096111442
4,982991628050197	-2,7675133882706433
3,927846531756994	-1,3331121266646013
0,8895213863849163	2,10998508936897
1,772567274359337	4,394455900409511
2,520918486483188	-1,4473761997044607
0,17651720507369717	2,326773796288996
4,572168033717027	-1,3560014694406268
0,7602055399864127	4,158526188769921
5,023528938360064	-2,1831311737123267
3,029632141891849	4,568094130914879
1,1338064427931573	1,7401531439324742
-2,6893763643476722	-2,663397262985302
0,7557064942570757	2,7307631610250795
-1,2056975932553602	-2,4547509366182405
-2,355608859506212	-3,273286189841913
4,835821095614811	-3,0267925133939815
1,3805531657715202	-1,5479794951153056
0,9432600400310136	1,402408982586101
-1,5148253345035652	-2,8731989591384077
3,3915812368584444	3,6264529112261026
1,8915909562480473	-1,8032538332369545
3,1397497132088077	-1,4591541793729612
-2,7636204021289714	0,7526519893661308
2,9397757073518784	-1,1792833418927389
3,312942504844663	-0,9398715028243472
4,288805514354028	-1,5215793881806345
4,778377291989708	-1,007249930559832
4,232538826015888	-1,0072342858384482
-0,7898628408603545	-2,1611890641253737
5,191776179567535	-3,586320993170489
1,2050724595894242	4,141998811144147
2,233288078503189	-1,6787705430133009
4,6308322135993345	-2,5206550977064426
0,48657248249841767	3,699635719487167
3,4520040094518665	4,2859570622077365
3,775401358775502	4,220881003316332
0,41546472253565603	2,098095501742732
1,7432567713187659	4,163802762693558
2,5853194350646866	4,949486070113702
2,6782161594545975	3,8623553073632424
1,0999592912544474	2,041544236109024
3,6742152908315715	-0,8650801900535958
-3,1382560310292344	-0,9565316076936418
0,655726934399605	3,5490694910249014
-3,2876308862710992	-1,9919937106984054
-1,5926347561899818	-3,4562649760318718
1,952301759228166	3,80977703581056
-0,08015165699857807	2,5581352172033545
1,105209416468154	3,04121850404528
4,970985261844911	-3,273018147092359
-3,0808365325964067	0,5607758254348669
2,435932988030399	-1,064704446358879
0,0838540730843711	1,7301306874785976
2,503024242178732	-1,069564053469815
0,47869877225751956	3,5525803512120864
5,595666651125559	-2,1495037571149473
4,515415930704307	-1,0563228404033123
1,9581069445478982	-0,819275877435143
-0,08460077145004874	2,0245806007865355
1,1150534680447448	1,610498401383948
1,3517241206790027	-1,3265386955581981
2,2553317929093075	3,963410470857475
0,785383715803863	3,950564829416842
-0,7300012269463283	-2,3146459053790975
3,1381203050041586	4,840185123986224
1,2051022877488058	1,6129086010258185
1,237308402113209	4,287000219873091
2,977787206170246	4,099246831102472
0,3040435179200265	2,754285366995352
2,353305305646773	4,619799562766293
-2,6554566843119143	-3,1712959943280064
2,2024245858937386	4,307521507479608
4,901698612418755	-2,2502651184401303
2,503293987477876	3,891136042752166
-1,6801264290601554	-3,3772872515634837
0,9072081666685432	1,9353653249393103
1,241674426563318	3,383581082634805
3,491216940026261	3,7774106912897967
5,644744935388611	-3,1223142431598343
0,9639062147098505	1,691043250640492
4,604652323115934	-2,576730527358967
0,776212073795929	1,5481146548130913
-1,8944797711466457	-2,493157669798927
3,3928845952067923	-0,5364027023464017
-1,5192534440798302	-2,6392728904023315
3,871876284371113	-0,7779578497304112
3,3614319604508793	4,276037303355041
5,597478658350023	-3,1059457989078805
0,4841889007719282	1,8569639366418729
1,4724826833408784	4,217998196633797
-2,3291548738692316	-2,946463233275656
3,8513259044413433	-0,6840521910835715
4,226010204247003	-1,0220638725024722
-0,1597005825741764	2,35709157296662
3,275405892944498	-0,7511584324125833
0,5271691117910313	2,2209316349180943
5,610524139866031	-2,2941157320110745
0,42796267707863955	1,4255552987215647
3,6435962620355618	-1,210548729854487
2,5832779441179077	-1,6556755484392143
1,1474988974550757	1,8630514595404302
4,831789955788603	-1,139437926773977
0,460816444831855	2,8631664614499
-2,94733093296812	0,7198969207824808
3,4232540286683895	3,796049070427208
4,410772260828066	-1,787182162907532
1,9891763173363919	-1,2290125563794636
0,49573215698711204	1,085408634980868
-3,200266671484227	-2,1491905386538894
0,8551006394465037	3,7804948645799175
-2,3758468658021017	-2,8502065982130373
0,5811385271715859	2,0487580568875727
0,735611855787621	1,6034817208708076
3,2361891908324143	-0,8826574315765505
0,5741100030882718	2,2421442595315946
1,5611282694361237	4,946238407707725
0,30408658118160625	1,5245091620704687
1,1817974214991207	3,7938239430435057
-2,09814395694306	-3,271873221557707
0,3511652439508699	1,6831054270143875
-2,7447473655450825	0,7129902008659452
-3,3733964466418027	-2,1984754309879007
-3,161846726670987	-2,209921445050913
4,193767518269464	-0,7893321935764841
-3,711633900963723	-0,9749914561987079
5,628824878429049	-2,808253031826664
-0,504880821261529	-2,360968721181062
-3,254719286363227	-2,2666747735243336
3,6142905179945086	-0,8213213999409041
-1,3491655187702953	-2,5244186500874486
0,6189006348550281	1,1313419002783327
1,1144718973698904	4,2315733766087416
-1,6430947980365151	-2,3306148434231826
3,134696390837612	4,224725013590062
3,2333217432154764	-1,5153832408854757
-1,0611672248676818	-3,179126818953905
1,042262541663419	2,9825712914557343
0,9370584536209181	3,1247523822914323
-1,1627626496601864	-3,264089883004864
-2,40104771649046	-2,6229556369322724
2,7427011156644987	-1,580654501506615
1,2810387823304477	-1,5929862498120588
3,100962805993573	-1,0269998725907568
1,1152967953005364	3,3102783413459402
2,9329294720285124	3,9087159373787674
-0,8315150371083331	-3,098925017470498
0,9741171368431973	3,6648131764309078
-2,0203127248125723	-3,1216919503474934
3,069037530425659	4,485680533535473
0,13108939474219117	3,540967921353664
2,6746533495763365	4,607753851591237
3,4323425413485635	4,045260330460819
1,7019755871409874	4,0423625075019585
4,882946354093238	-3,005226769845952
0,6990453090340458	3,876776074956783
0,8758167022618826	3,112256441422999
5,143755492815718	-2,299612823779549
0,44969975452364164	1,0465697336988529
-2,7954051710120553	-0,29273008360962627
1,0114280389770078	2,5813576834840593
5,004851906543523	-1,9373230237474786
3,497363327984602	-0,46263365041395854
3,5483817020599595	4,2896532635843565
-0,38709851562493336	-2,8236551454684555
-2,1551727901672373	-2,80017761925694
5,790590854123108	-3,114586852419629
2,372887291273654	4,740844932417972
1,0057418236437954	1,7676503739568414
3,849140194242939	-1,6424460132252743
-2,3684524267367117	-2,803035310515333
-2,729956552537372	0,5606524539128344
1,5053283498300565	4,681197995140278
0,48086658448143593	3,7774567937276737
2,321814930187082	-1,2461142382552133
-1,1541277743538765	-2,7271547379356305
2,95614545480374	-1,6036454475835697
2,3947348264707884	-1,9924845964376239
1,9253183100731235	-1,1347313071587037
-2,6898855400283757	-2,052192803762922
1,0237339186251746	4,2082915924869235
0,4195199617599701	1,822615747025015
3,364804468730731	4,043177248324763
1,0307752323078547	2,793926697882246
-3,474428380808969	-1,7921077739790372
0,7276614860142403	2,832641842738425
-0,8202670054660484	-2,4065403402744456
-2,586712297477882	0,18087127132262681
1,4580758707098305	3,7003021534644454
3,0475696782438533	-1,28307993821711
2,9662649349589136	4,942741624051752
2,0076532727161496	4,467335074709247
-1,8667135531138561	-3,2232782364153056
2,684821869881473	-0,4977996640914548
-2,80111242847462	-0,631523464012632
-2,754951542439255	-0,9074724638565302
4,959805140840947	-1,873652005046313
1,3535324994729918	-2,0157795979636806
0,43338132543295793	4,19776513466855
3,045767188590075	4,084833519482376
0,5774265542347106	2,4879309779535004
-0,8578109155190601	-2,6238931767209976
3,5078781147582623	-1,5078301079371237
4,626085052643877	-2,30055646442361
0,6390756987232602	3,3805655677087305
0,8820766851225268	1,6416318013248343
4,122215814502056	-1,5361818917856538
3,0690556330603536	3,691941225620199
3,6974901127797937	-1,4175063081638726
3,4199654051246604	-1,1749510884850045
-3,0094595070407504	-0,08208874891142215
2,2505440806704433	-1,548728284462474
1,2129766868885639	4,624725021543159
3,36623069876824	-0,8951726190543734
-0,10835185685823223	2,07345730869063
-3,516385100333415	-1,3818410529734826
-1,125736634935326	-2,6673715255590222
-3,066029253047814	-0,10858944939127113
2,6083063310702563	4,40846301171675
1,0114142900318377	1,864264602233404
2,5196599983633607	-1,6759586394039705
2,1516675703939914	4,1736653354405675
-3,0007893137446295	-0,7256946456426158
3,798821538800035	4,399131948351286
2,5411410255461586	4,97877274267562
3,420269008183043	3,6219706080203693
0,07914399008369921	1,715022717003083
0,31332532241829725	1,169114882984185
1,7186195912903781	4,33022409751845
0,718991681300885	3,332950107319967
0,7885585745699646	2,068123509301228
-2,9353828899759984	0,6128791230939781
2,5188079236604084	4,9766598072260875
-3,6226441246204613	-0,24381890983584253
4,23555986280724	-1,1093730976115161
2,243519096735435	4,144431772600656
-0,10657667170386453	2,361238000538072
-2,777758054672111	-2,4072982900114352
5,097851685112296	-1,2909609770836883
1,2751914862410907	4,593345316583946
-2,96192282465043	-0,7253555752330796
1,074000639943896	2,5854504233640823
3,6160294891763884	-1,1437039092214403
0,8415571504387747	1,9848025443757982
0,15492721662565234	2,4677715714298323
2,7403957012273366	4,718041149494859
1,567164895280654	4,606696842606137
3,8926650571109462	-1,6120441063642856
-3,772995503256473	-1,6770142680377664
1,733323412242764	-1,4627722456593855
4,863445381053356	-1,3543689937829024
5,011254517663998	-1,783892771702443
1,6404994218691544	4,5264031717030155
3,5082450727788292	-1,1205759526369912
-1,9079099660687793	-3,268150883524058
2,9346845606866157	-0,5153840307584794
1,1292287088506456	3,107920395746185
3,335067423699744	-1,1664063647531746
1,4621711333751761	-1,4697276051789006
0,8430595857043286	1,1591272611619527
0,8897522379549683	2,0127707737725378
-2,573800996724769	-2,872915669860562
1,3203925374822334	1,637061780342064
-2,794432818121181	0,08463223125681418
1,9746388727086912	4,871580787665842
5,128554180900808	-1,1185957346484359
3,1564224776915086	-1,348770542436178
3,1048139267053583	-0,5020504915954525
2,647747393585368	-0,5212401826584614
0,5401327288270781	2,7896999771353252
-1,7281457892204086	-2,592735317289334
1,0379350324552452	2,904777217223061
0,9443057282956047	2,8056247617069117
2,4372973742370045	-1,6829306000690305
0,4457452843452936	2,3687250306950602
2,783949150462698	4,999392949342677
-3,0722331155241704	-0,6754078106055197
0,847288982439167	4,005740271026187
5,444874841530719	-2,102849443983253
1,1952363949822373	3,3694515261253595
1,1146356330363816	1,8032904763633075
2,6410174384520655	-0,6043677187924774
5,38942723876499	-3,3928298706455786
4,923071530965805	-1,2751796048496902
4,537989089473719	-1,6127722372379993
0,46309242212647406	3,3208268020000715
-3,2377374424927523	-0,7575968533282504
2,081530202959451	4,952393416921004
0,33464102157124453	2,656123977858318
0,7752441390296756	3,1119090795406876
2,864660734806699	4,445845497022056
-2,7904777183912923	-1,808220359361798
3,23948630347889	3,9272679541834625
1,9665562598735995	3,9178676717891667
-2,9136770527574436	-0,5917545858880019
1,3137055270102187	4,63882589424324
4,59916712773919	-3,35197389796166
1,0732858543794568	2,5916488111383007
1,736499547171762	4,322629011417192
5,6219173704815235	-2,3666699783228236
1,6035613466059406	3,994120628294996
0,1011538470382991	1,5782703420518862
5,683596695295959	-2,059386970228798
0,8975139697579799	2,78909273481923
4,21320279097162	-0,8871992285640851
0,30746830915099244	3,9581013867580452
2,7910206721872353	4,17942046954045
-3,1834672167251368	-2,4719183538394702
4,0053018027714895	-1,6925774353700442
-2,768165600344348	-2,478929940653215
0,2945443091352047	2,0999181157042695
1,8723630491246956	3,7805055727654366
-2,883147754049996	-1,7118972592405566
1,6038444655459863	-1,5580216059917635
0,149048480433291	3,772310906852235
3,404486500917109	-1,2528185105679737
3,105078072147434	3,999556021465635
4,136998995707565	-1,2881255674920349
0,14395411678246317	1,8368508345310355
-2,3806921566584243	-0,1806872805278359
1,9893674989516645	-1,4962015824755606
4,7611757568870186	-2,9786324594260742
4,508083717066185	-0,7369695342374643
-1,9633917748518739	-2,1772084016372055
0,3421404041603622	3,6621560849893315
4,5682458306697376	-1,9968903086230496
-2,248017827975607	-1,9660970473271315
-2,7187406839331247	-1,9064749151045914
0,9205862848467046	4,17774949723355
1,162957348645923	4,644988224730823
3,094985843471677	4,479292646927289
0,30485301442919344	3,220570868222674
3,908060207106379	4,0873057010026885
2,522980798219276	4,098841404514097
2,4643218572140317	4,681287011070294
2,0270988743480918	-1,9700853147957376
0,5966903961947745	3,062837170620278
0,18622753306252093	2,9741516773119407
-3,618213455595147	-0,9769000464953297
1,1553867725932068	3,7294018554618855
4,385709029522626	-1,8378430580635405
1,601320373408341	-1,2600167414234724
2,081173792600696	4,654079356007744
-3,2532565661349	0,09600702687310614
1,0861155960325848	4,1599522212223485
1,106261919615268	2,2378351650460386
1,0214043898877117	2,7093359538839965
-1,9256164614167157	-2,8297103596358943
0,5132708999256055	3,334147120411425
0,024386343749967843	2,0088463764194087
0,5855074534331373	3,969255115570829
-3,2434186343576283	-1,431261554713069
0,40922531245086846	2,8513464819351233
5,517145128531851	-1,818347501179383
-2,818495621661861	-1,2516300049307023
2,8428709534667274	4,783409449483692
3,1727975421801258	-0,7270299286109112
1,182868790810076	1,814662658065671
2,234159221549652	-1,7939041705892849
1,9887051747030156	4,005640797781575
1,7558795638338096	4,31136446621119
5,40692892911069	-3,033400117179373
0,7321566266980999	3,02390350561425
-1,7237613649863879	-2,578221322932352
3,494737165538744	-1,226404331523279
4,890441114967044	-1,3489565847969631
-3,551330644114575	-1,8377592985768514
0,20014680326894574	2,5378227177723094
1,58725508521689	3,6856468965705202
0,31276632159838824	3,2090710680850303
1,3432553086475059	4,862840602673231
4,828993733708934	-2,7804477404939885
3,498116255127466	-1,1670380003941812
-2,543466082405648	-2,0702353551977453
-2,0883647640251986	-2,4707800068444796
-0,5429368291428202	-2,3428071457439876
5,247654699476267	-3,4335565180455867
1,198896209919744	1,672173867710059
0,7736847481883227	2,513552100029755
2,5542677019840783	-1,619122951579675
0,81168934740188	3,855310388062965
3,8935586187015305	-1,1582132443168491
0,3192425771020737	3,972039459490807
1,0934194634623684	3,475853177889453
3,3150626088304267	4,792373161649684
3,342685813562867	-1,1782798135297297
0,6194380861052853	2,080072041681814
-2,414314434004386	-0,2242612196118119
2,1515710558906873	-2,272759375039584
-2,7734716663027363	-0,6443942752442996
1,2855229827813721	4,607645421089455
2,3953560673811327	-1,4245816067621622
4,626831062015923	-2,597330794375994
1,626782674701047	3,9695753519558137
0,9645329857075979	2,5423702247356728
3,7824837193145098	-1,48672517342799
-3,5207885808053385	-0,8998658757071161
2,891981880468572	4,0198464723335245
5,09165390019982	-1,256530823685333
4,675885288900403	-1,264963194265154
0,9302689637068211	4,242889070077349
1,8195610252978276	-2,02416318047906
-1,2141347797065232	-2,498024250346247
3,3674688369791994	-0,749994809623586
-0,4925163061034945	-3,022428927764664
0,4678293522798347	3,964247652632351
-2,7531708308001717	-0,6560252889615876
2,7260552202197728	-0,7891351477915216
0,9504471886053771	3,7475222125775414
1,2226078373805171	4,474436778039832
1,2101272836228676	3,4636656925073352
-2,4118741491010214	-2,121149846372003
0,675077149632993	2,3419337564825575
5,350482112014402	-3,585043902308935
4,283701160659806	-1,522598265523424
3,330224156529339	-0,5838320869028348
4,92778985008221	-3,212417616368112
5,622607682747594	-2,9063160251827633
0,34490170583159085	2,7394569739822074
5,630710659813158	-3,068975236724955
2,266886283708349	4,2919633902923024
3,2375362137136294	-0,7331656052493121
-2,598382285100354	-2,840027294861402
2,619346518900861	4,888126172075056
0,1282490256369404	1,9295864227901842
2,530976555677237	4,225620628195217
1,1330057661473898	-4,163929102920716
0,8105844742747057	2,7904503310612077
0,7396947122713036	1,616430149525402
-2,107730037978073	-2,0635467824637015
3,0960974966984356	4,408853659170154
3,457706817916675	-1,2343377806831966
-0,0287384653804037	2,3606305719476754
-2,451989293451134	-2,4564183488998697
1,0422092139096009	1,4648766724358524
0,9882013738694628	3,7406165662704653
2,698038722291597	-1,327175885285362
1,3494847957106544	3,3703710467042223
2,01709989671788	4,57167356661806
4,914178368617114	-1,8321737840106807
4,004377018060103	4,288894447177425
1,9007514229492886	4,204519580756771
-2,549346136586427	-3,21149921183157
0,698623705585049	2,1911184419313416
0,49421457847482664	1,5864121055216889
1,916096415038123	-1,0142085217585581
2,3617834068213597	-1,4004479754713568
5,3927057701973045	-3,008938435743075
-3,575710051145047	0,005537696432874162
-3,101362520262042	-1,31100990728111
5,205612770827269	-3,311717448006286
4,713419815856371	-2,4926459316988296
3,920781826808067	-0,7020064260133192
4,18654078023493	-0,7437562177761454
2,7236488439715925	5,032410174862351
1,209892605186524	3,9655066412803204
0,331266991016987	3,5438951199536657
2,1070080476712896	-1,1192331178905652
0,9852647633308553	2,4964086950217097
1,2678448101085615	4,583643606570703
-3,223085162733127	-1,6020189154617017
0,8385900661330004	3,393469516502401
-2,779724538008014	-1,8834729952535563
-2,936530887865689	-2,6570155777900237
0,1782430581541976	3,080700723081789
4,530839035291546	-0,7098636720943929
-3,2725868605052515	-2,213345652474312
0,6725172744125472	1,234943878793129
-0,9326755281311891	-2,3797804202780863
5,6215393134512635	-2,436219944634609
0,3800932650432407	1,9825235354218627
-1,5013050185085097	-3,1172097732027977
-2,4131174796351402	-0,305561470381184
1,5002996843881635	3,6190547973994316
-3,0983764473183273	-1,8393751823269762
4,6688984324020755	-3,0474236798408074
2,503680674428364	-1,4632882135649603
2,0994457399232624	-0,9637714306998832
1,1522764176755662	3,2646881387100395
2,2107902757750653	4,450156869437182
2,32775211445227	-1,9833151465297267
0,4288628058508719	2,218084784588357
5,609505470128997	-1,9722056248898672
1,6457073883186129	3,9028181803474578
4,9289839047260795	-3,0896835442817308
-3,32440667467624	0,3075791313299827
-1,605657472208777	-2,7105222516006813
-1,7972622986253972	-3,376821144798647
-2,886159125937774	0,5715339557848842
5,686239951861045	-3,1474480208768445
-3,5476125857514287	-1,4926972512340764
5,642200658313535	-2,159275115261065
1,7480109698783035	4,903085297807644
1,4414621883045444	-2,0203395763901906
-2,713615970342138	-2,5709985785605416
1,0313357480638066	1,6921959607724182
2,6749169267803987	4,921661354588675
3,5476797205479325	4,474250549849925
4,108321072730482	-1,6306247734616148
0,8857059123529454	3,6768573987546613
0,17391705642216326	3,003254211300762
-1,6208032651493784	-2,6790022811218055
-2,1020212654555195	-2,5107254603776985
2,7585544740600563	-1,4509291647046911
2,01119763827028	4,773508729271265
1,4776373637202562	4,735204381696707
3,280671186516362	-1,1236950778039811
0,9927722737996403	2,1823417707364556
1,275107376058599	3,8492420534949847
4,23432550219316	-1,5497962717358844
1,61632466816519	4,848825897976667
1,9511474306186127	-1,2667912892144968
0,8031619218233357	3,823929017336787
0,8743004493967153	4,249756500335809
4,750195339103391	-3,246861964010975
3,7825128938808827	-1,2350122850798577
0,6474664868088591	1,783216163156398
-3,6208849037327697	-1,5209984812793818
3,07505246008484	4,032389966632678
2,087654899274691	4,396858728171504
2,629071443314395	-0,9658124161664596
3,0572898634019294	3,65978820591544
3,830455680127363	-0,5390167591928736
1,075933185219482	2,621765969086625
1,242932191425846	3,324654622813502
1,1116216703776134	4,277414013514106
0,2988408122369024	3,2174638762073897
5,110300197924345	-2,5879329892423164
3,032430932977393	4,39572698389747
0,8713355831803553	1,9341623316961902
1,0956226251611247	3,490951423044737
1,1493722459856477	3,4360576127891003
2,3694880500331745	3,970914201099025
4,094048821029853	-1,084309120168238
1,5511598696386804	3,642472378431525
2,030726642008701	-1,4099694224577393
5,098104569580562	-3,4537489716419936
0,6528734785567423	2,8854033327296906
0,23115659504221497	1,90789250838569
5,4419798240369035	-2,641960244376013
0,14519357213420792	2,8760827718645636
0,7819466206445504	2,1158384904584384
-3,022069577863865	0,7671999836213628
0,6980112599597004	1,9879794874854977
2,160108583775293	-1,4456235095297134
0,3821209238000658	2,2869562562029944
0,43991036107898296	1,0449695506023104
1,1432639176092352	3,6011316045763433
0,9402918083558465	3,410949397048163
0,38400470306676304	3,6738544087823164
3,2815904684320993	-1,176943680148782
4,9765438392041474	-3,2304383669564807
-1,6923271243091773	-2,930614201636253
4,786403929578748	-2,6046192848232184
-3,179810076645538	-2,689776379309521
4,733263655507475	-2,8566532042177406
0,6666342449487539	3,5424386674411403
2,855679368763289	4,278416360290274
0,804436204132585	4,210855748114605
2,8483994584583074	3,8516502784327606
0,639461700491379	2,3171942316999004
1,384444826439693	-1,3706379040231527
1,631005255010728	4,682619951819863
3,151535375387899	4,600436351289496
0,7920496788004561	4,026937315493704
-3,4714874164530145	-2,3362069897654285
2,6078233849414647	3,8168070620088126
0,781924039327542	1,931592988475705
-2,8883878888369705	-1,748804456461242
3,894183001270658	-0,8733285264425015
3,079222638296341	3,7492255783447943
0,6172583116618535	3,660752705457196
0,8256702472312043	2,5513702769200095
1,0249192604984847	1,389439135011332
3,290425694786749	4,380487704220572
0,8348976519104649	3,977868280089665
3,3282098318776767	3,97560213765949
0,9626183029416615	3,224502064212899
1,1591416127825072	3,6977916932701635
0,4037009701430221	3,963015071593229
2,8115380085978643	4,086345324873212
0,9539789934865388	3,4242660161573317
-1,7238953578138085	-2,910185660651833
5,482255915887924	-3,300662239466846
-2,725022094820967	-1,0537213429983
5,4601568397011935	-2,0701187562838634
3,6159628613853516	-1,4874036547036242
4,6466510122561075	-0,9201580845656296
1,8078088548191125	3,896374125956132
5,3682451157176745	-1,7579635539779654
0,8018103933575866	3,257990220978039
-3,4280688880930814	-1,4691561162827185
2,607425892367892	-1,698739258938356
4,462152589853366	-1,8409506267488376
-3,359267359551625	-0,8381894967483828
-0,06875664645361113	2,958051674790254
3,6033498397953725	4,012934490196045
-2,9667155115881934	-0,6120761911213736
0,848129864449485	2,779072707940473
0,8448059989084951	1,3803721571624723
5,248774310474767	-1,5397687881204214
-3,0085328454909197	-2,2729336424790816
0,3241536748895384	3,5790287232792353
0,7100421373343195	4,453936664953348
-2,0404765346302938	-3,03861370632134
2,5904537629989655	4,49415463872249
2,3626078627803864	-1,7150150006634792
3,114488718175419	4,616122688878529
4,064701905694107	-1,2876506041458176
1,5903375464033407	4,19054952326964
5,031487223877594	-1,3327484099491163
0,6799258356797369	3,6692383434770672
-0,8141373251066639	-3,422388444012053
0,5385138421763591	3,539563885587025
1,1276058784871432	3,9493697124376137
3,3405239307892423	3,787040586536825
4,096366658791655	-0,5380531546558593
0,09302505659716909	2,126481747906282
0,2568317765195589	2,118820209884512
1,0726259166155072	1,5940950906399363
3,7036457412574704	-1,5196993756275274
4,4035394045433005	-1,1809727131429715
2,653043354595723	-1,36691882423003
5,387541296121666	-2,5638729866110417
0,9329395255316166	3,7611814984783978
2,398451429948534	4,482235757999093
0,91985737770684	1,2876782134069353
2,1910549240805004	4,175103176942239
4,510138253248131	-0,9513798897612551
3,7086639976528013	-0,6533557052506871
0,10727370860494778	2,1931787663870637
1,0528039758916516	2,1790472417525693
-2,511339781094878	-2,195247177209652
-3,2535300898341575	-1,5204472558940183
5,392863225952388	-2,526962110610663
0,15432586897530776	1,4913897311858841
5,228996357783936	-2,295925105289593
3,0702608443089563	3,9255108217037815
2,5660756226145596	3,8366922564830173
3,1183052380493024	4,861739083310575
0,6948724843653611	4,137073315572233
1,5886046987641702	4,641430437320698
0,9873985304365571	4,309062426964204
-2,8911180767468485	0,5509939705042965
0,5229013348303551	1,546032474230986
-2,600720095432627	-0,7387474841369479
1,4879214000098604	3,757945130202681
-2,945021816059809	-0,19727342711657914
4,6575546096879785	-0,911521920740181
-2,534494046739557	0,5146847117948687
0,23924231048372047	1,257721242132006
3,0717575145966443	4,605843081460167
-2,515255568118186	-1,6847667834771238
-2,764771598863107	-2,259615361551009
-0,8669948399865854	-2,4030567677680112
2,3683550517103598	4,172113691904669
1,5594408467717118	-1,1033553383437615
1,9746108670414086	-1,8403589337598487
-2,93670204369579	0,035860820734677334
4,7904220670184054	-1,285319673680482
1,4668956401150965	-1,3637180863672906
-3,1086927249953216	-1,6210301341393234
-2,237669125683932	0,14661954175199576
0,4938171935052713	3,116024473636986
2,282139551779922	4,938321174297227
2,605939746714253	-0,9070563753912466
1,621742437335603	4,967492887963857
3,185058162377611	-1,4186713929253567
-2,160330050010475	-2,1736136807863513
5,621131697459617	-3,389056973356622
-0,919042168618816	-2,946032316316751
4,787041522041005	-1,9703719977524474
3,5385587652799653	-1,542581045927202
-3,6695732477004244	-1,6487178575256627
2,952214378628712	4,582379747973816
5,731687239216507	-2,4044053442892044
1,0190126593285773	4,106877184024418
2,814493527551046	3,7291852525481852
-1,519094815783508	-3,3015492333093297
-0,6951030849800274	-2,471948187729127
0,9819005603847932	3,0956744652354207
1,1329842046332288	1,7493893026498049
0,7444186023628836	1,977165597097133
2,3664151232605897	-0,755355345068764
1,7964201951279253	4,642087921658961
1,384560790939106	-1,3689669542004999
1,7007671510875306	-2,079523224112181
1,2487701322683362	3,3244752516039418
0,5914377699055242	2,30542854997252
2,119850243529795	4,966083715342245
-1,9195567744579027	-3,344913507888617
5,323700321177831	-1,8594062011058896
5,041453234078895	-2,7836745159833125
4,907380916866513	-1,994352843727292
3,3024276054962094	3,75574008225121
0,546720005311633	2,34983186579711
2,823737061437285	4,192844013495991
1,291149787293572	3,2974689047698424
4,878805484665774	-3,4442705246263388
2,8053814365752565	-1,2516359162143453
-2,9435908526912407	-1,4121604232930236
0,5272148575927693	3,995005273017001
2,6195668014899924	4,130447485078813
-2,9020772512932993	-2,1292416105750145
2,0890848484509252	4,154818723309422
0,6691628720285001	2,873751122897319
-0,4732378810676102	-2,7959151586510513
0,5207631855858659	4,107844860682657
-0,036013474221853414	2,868274244060159
-1,1057046374806194	-3,0563765297115277
2,4394516984863164	-0,871890699887435
1,5828815543320638	3,6326737515519674
-2,883549301980802	-1,2061031434761116
2,4990653599258486	4,698944982163631
1,0679783300080725	4,30982120150648
-0,10165642082494486	2,008069074019467
-2,8200399559009135	0,2483356056817787
0,8369789868404669	2,3877385776050377
0,306324133603022	3,493141205961839
3,546470999094406	-1,1060412433098843
3,128650356720648	-1,2735797001149414
0,5447275548356674	1,032713268425764
5,137364247628168	-1,4219134292724136
1,123833332218346	1,8183354735715012
1,453183752108036	3,5057043564359174
-3,000052041011805	-0,982947961697979
-3,424245092451661	-2,1611947080601324
-1,7778458236073553	-3,0646876224924755
0,8345403921534547	2,366917712897501
4,499385376748678	-2,244540306366428
0,9955836925060575	3,0222769188750855
5,561158778878387	-3,131483889772042
3,8971060427251496	-1,1125626489829334
0,5751214292753997	4,314221636694375
4,632308143331146	-2,655784255042523
0,6952981742115107	2,3950243773332978
2,96202510013383	4,004503119778143
-3,4698088321584315	-0,20882520539321126
2,796928195225005	4,350659311171311
5,689517448450071	-3,601491284002603
1,4375570062265282	3,726280873656343
-2,607293029211048	-2,501578398909339
5,501208090056073	-3,287485888330887
1,1898703799220214	4,193759606914986
-2,5819495750093604	-3,1188070854327354
4,695200735345452	-1,942859223238509
2,9765653140464026	3,8919760843332094
3,364622793197575	-1,4634504276225426
2,4672604132207843	4,2869868844509496
3,897206664004931	-0,8563662911342389
0,4756005128976575	2,4872370299610873
0,4128741404752483	1,6099013544977614
0,6280698387168893	2,0657852239067
5,308885536257315	-2,7701036395716794
-0,16005866632957044	2,4802659309290087
-2,9220836144432347	-0,009998991460485662
-2,7681637968071886	-1,203577356462785
3,1516574367882635	4,216991914028172
3,4425890314612486	4,543037859820227
2,6465996428775638	4,070786537397664
1,9707438854811388	4,224376252026289
-2,829546113416815	0,13656012250306881
-1,78529262116687	-2,448066314106094
4,337006574386387	-1,3791275976395223
3,7700158243603648	4,035204730071646
3,322647922372888	-1,2503460757985072
3,103213218905043	-1,3404328210274934
-0,9904770001844221	-3,42937279665319
2,6114082031756594	-0,5948207243343506
-2,9994141438873227	-1,328978900979526
1,5139785667820522	4,370143008634121
-1,599986113944332	-2,8436847838658794
1,1769403375540275	1,7042999903505889
0,9550665267568088	1,3256690552018837
0,8982441258179976	2,085753245466483
-2,4040453418015746	-2,3395114525454375
0,8504012320150249	3,8781717261024937
1,1661018779227328	4,053681810089518
-2,6333843782200965	-0,239323584572683
0,49666912851721223	1,3613501450583727
-3,4091864315454243	-0,48914357654045315
-2,7122530646176037	-0,9451391796887151
4,796101717212238	-1,8483078182230506
3,415335316883884	4,765694447096786
0,8239507224682256	4,555473868919581
1,119681307544532	2,997622024280938
5,687557633476964	-2,0213994435340448
-3,3258673067702347	-2,0718602770853796
2,852039709944134	4,894300299385478
3,716190590590312	-1,5036390444617005
2,702510733220207	4,789601606049311
4,883795182475463	-1,7827900416020221
3,0965971637947414	4,330178296722302
-3,2778515812223565	-2,0052925346466353
-3,672586492084436	-0,8446603686356335
2,365859003613928	4,695388960382691
-3,5266209238277373	-0,5807652235974918
2,5036514607488396	-1,0494167935339445
0,4847671008202712	4,214415918406573
-2,3828494066139356	-2,2855097482649884
0,4208148411470778	3,9952951617311876
5,418327312128122	-2,3041931013474564
1,338814483889473	1,7921140663204769
2,847858080167403	4,817311830726543
1,3737931132983139	4,122097949905277
0,37495934320162716	1,3766848506803313
0,4574905472897295	1,961170058014443
-1,1720675761353307	-2,6449692959813
1,1266912598665466	3,4425349360565893
3,726951458755969	-1,3611931230574212
-2,6689848682986037	-2,583418225463066
1,8588804195212	-1,0717369658426483
0,9175607366971841	2,2635237461463475
-3,0520156143455903	-0,999559820801598
3,663747098648649	-0,6675740923381936
0,5703051896921234	1,9358694098124372
1,5905523546591074	3,789901878665102
3,244691450914024	4,088142907162906
0,49589114097537035	2,22426262881188
-2,5792930619384586	-3,059364543263486
-1,6761215652728954	-3,0545993849609676
2,387459729883128	-1,1414453351248672
5,598036281013215	-3,632985919886389
2,1278800524545085	-1,2451419280817004
0,32954439063051577	3,2365313651211576
-3,0380222340264957	-0,6267698475746987
-2,8375394339509725	-1,308320431458141
1,7222796048059132	-2,070789316488372
2,098498623347109	4,3767866697674584
3,877392303817948	-0,9544547305539304
-2,153283282173722	-2,988616229069675
-0,2562429644361468	-2,8440148201968536
2,0598189738509705	-1,7513775177992936
5,492856836073624	-2,706926200647691
2,1415280343258587	4,813201490270468
1,4481064331111895	-1,7984179865409728
0,31745979910788247	1,933984052708044
1,3218217508577637	3,8023866980525627
4,713438108071126	-2,0690065869162946
-1,0879760620817711	-2,400305147497516
3,429503434157156	3,8190230271451266
0,13152968772935747	2,8189566436796207
-1,8783245593555447	-2,223751919225797
3,339042610198167	4,260684539809388
1,0522362580863798	4,37120347763741
-2,5731494701926736	-0,5334863712912511
4,839475014692905	-2,8162419930454825
5,027123532196375	-3,1109188136200023
0,7731843684660595	3,872977628626886
-0,5615764906744248	-2,3997682588343534
3,018875118871491	4,602306422208609
2,7930796340035733	4,689467344711449
3,694607461558234	4,3573032243314005
-2,2105098202198463	-2,253838999817277
-2,5622752363380257	-2,1133091217374176
0,887244676593572	1,3976084729697698
-0,7127981200085021	-2,6780551077568466
0,5834317447775366	1,1060750305260725
3,227841159574377	4,218470887873314
1,1916645353976794	4,043865368680701
5,740165168320862	-2,8558870921770994
2,3821604664106073	-1,8130770921384174
3,5909212639910284	4,502630834402218
4,006024103349219	4,192298377830577
3,0001135470699642	4,078284020853732
2,5092757397364505	4,537411905820624
3,7268056533905884	-0,48467257731235414
2,4643314207256313	-1,4370848540363408
2,0104944540943523	-1,6044637624648304
1,0995023581969343	4,064469348628618
4,72160529353051	-1,9788556858816304
4,9473511145907025	-1,1012523978623692
-1,956894338118023	-2,7794918844894045
-3,110059325271857	-0,3160927028194136
0,8653206552474222	1,8864759571210377
3,021761766164195	3,9414523017562546
1,7481260604580278	-1,2792026330258097
4,555298560922381	-1,2740691645601239
0,05256942251210406	1,9701471643965958
1,239148227383749	4,316826794368557
-1,8548154230861553	-3,152610792240239
2,4466610950194276	4,15537195655969
1,8027614549553	-0,9985545114795404
0,264141553042208	2,0821252957116503
-3,511808208604865	-1,1550433713370145
0,10300035362918702	2,0535129560525283
0,2861361023296105	3,2906540814175775
5,01653934419542	-1,5452075320235699
-3,060316219461548	-1,760410988031477
1,3948777363815457	4,238219104564106
3,074827801415109	3,8248425061810924
1,3113675917398755	-1,8983321925688212
1,4340836654292468	3,733232545518441
4,071247770518813	-1,8008258676829447
0,1329932119148074	3,4911047307135212
3,760528154094182	4,244797146538987
4,089375575822252	-1,097775169922821
0,19010742049661156	3,036851931123139
3,325889972492883	-0,4456022886768509
-2,3651927066515124	-2,024930515371722
-2,038088722551255	-2,736874307114898
2,310137489795813	-1,9907240696320987
-0,7680482051513232	-2,8778334606502036
5,225862029865054	-1,619384152813971
1,3355826669932611	-1,5832030157639931
2,523787334036573	4,9943331143139575
1,577529927486044	3,5760427024475856
4,376110136642361	-1,3983206361267277
0,6577222549834054	4,433552780655582
2,195065739090724	4,37682723756399
-2,7466464530949013	-1,9098324948686147
1,7099658042412509	-1,3806214898477251
-3,3386875507296763	-2,187824495571103
2,8905728090815535	4,705894857498741
3,29745018171097	-1,5152097441261332
-0,005022679260622276	3,0152474809528504
4,008336604828814	-0,87912312726907
2,5913850048072558	-1,6849980805541602
-3,696594164760487	-0,34867332287875386
-0,82241311215466	-3,09027885537128
2,020534954637691	-2,2388845814806766
1,814914876270649	4,955374918733326
0,7013701690527596	3,3559945877499113
5,134824756335125	-2,331472339806996
3,2967733132185564	-0,38216494999799444
-3,0413790199685415	-0,15849707964239446
1,5618174737242063	4,707790092266658
2,909179040341322	-1,5210436996904457
4,033267798746402	-1,3126312126974282
1,4020341984578881	-1,4290939630273425
2,9397182962863573	3,9320055152781013
0,015003863504290393	2,0519972306511405
0,4019568455626419	3,4123660897253965
2,7847552417669785	3,748454927030184
0,3877162450499205	1,8900733395145264
2,9535661063456318	-0,5970131534507015
1,223714391018147	3,8708896191104003
2,114422753323299	3,948839890066567
3,2024332268758586	-1,4236687835449997
-3,2198350348227964	-0,4360169262479682
3,006841791030842	-0,7413486629572059
4,0267064961877335	4,335141162273544
-2,079101560432104	-2,870259614081234
3,4051448017448993	-1,033985096985613
4,787796281060922	-2,165563189450248
4,299567524306059	-1,5726999322524606
3,7606060846538787	4,5913791291697015
0,5140104748128795	2,2832739125033106
2,1519541971407206	4,365903015670846
1,2464309714468376	3,7337929948548725
2,3815494576281426	4,299346914139395
3,139687585596023	3,8337082103447537
4,619203471880413	-2,4541878371575137
2,74395986789885	4,488024595975149
3,5522743058318227	-1,4323195201554988
0,7803532813944063	2,0165222259654563
0,9325558038690043	3,281554250440843
0,0548762333996855	3,4211824395689057
-1,4899896426260038	-3,13554198196831
-0,7685602347804786	-3,438419978493046
-3,082923116983009	0,2608099673390001
5,191204554934629	-1,227746241889173
0,9610380242077747	3,3574708518074807
0,8278187000104145	1,8840217350323905
0,3889483948558836	2,689079999509663
0,8748684742013104	2,5991709556249765
4,812671034351123	-3,150349388315397
3,0605100749548804	-0,7307914035354464
1,3714540020720776	3,58521757508046
1,747188356140933	4,09400649928941
1,6368699155149171	4,1986529189283806
3,281692706884503	3,50767820799644
3,975156103472406	-1,1859785194941195
0,7363195988246392	2,927629500082399
-2,129027199923169	-2,342876328682628
5,19054910367377	-2,837222151773901
2,9201585026984596	3,9265790863065946
0,9535853410590829	3,8227389881894154
4,145049240662226	-1,5410582432171545
0,8817530460813086	4,361386364695875
-2,088634754188714	-2,8838300489607573
0,8055570893701185	1,5434847532522784
5,464582424096477	-2,4733555112763597
1,6103326517748453	3,7389105726222014
-2,7802520245685693	-1,0007461599404288
1,6836705612100682	3,952032166051406
2,970801299014554	3,8649239202429264
-2,7982169627463085	-0,5298523697423588
-2,555022234537634	0,30916760570238044
4,114920354813565	-0,5602086845380172
0,32248776609992635	1,9391399458876166
1,0873997251990262	2,3108619149079894
2,1121279453387203	-0,877642771749698
5,150356931492929	-3,014706259654374
1,8447423367038414	4,338222559161848
3,7800028282834295	-1,56069241845576
5,648686130826764	-3,0572377509696276
-2,2399389108333083	-3,0401336226030424
-0,7421313068377845	-2,1778921986924478
-3,7904055259178	-1,0458234345800084
-2,307130825148289	-2,235839321809518
2,964904220775967	4,802796546187161
0,7865456237198669	2,02494957517927
1,37705987068844	-1,4928358670310369
-1,9253543689394217	-2,332949044825476
-2,9976211852661274	-2,8770439044082954
2,352986556053855	4,068469013973651
3,219941484448346	3,9853857949686478
4,635149688799151	-3,149604550619566
3,605174641215088	-0,6350301802455012
-0,009247087716178548	3,425658398357411
5,497854163973947	-2,8589547807885136
-1,1344724971336664	-2,3136953463295447
5,395140597226978	-2,673140093083037
-2,8476648344833126	0,47693325858453295
1,629716521339676	4,233708212772008
-2,9228284067914574	-1,2438133211185285
2,4787828037965074	-0,6574542834413868
0,8874924213835493	3,9691640198874873
2,0619194403553154	4,860260363827177
4,779442159840682	-2,3029985681804477
3,171471262040437	-0,957523137104439
-2,8793653653136526	-1,2407300380434085
2,6265234523076337	-0,8841302277742549
5,5654060840293615	-1,9648007901216995
1,9802223215577779	4,687978709882795
1,906338648344538	4,974440148626581
1,5255209084753	3,6182451367772606
5,281797647462258	-2,8027509693379966
2,177354016735264	-0,8321058426114512
1,3281851524547208	3,4165832374595446
-2,019240869899893	-2,4406456909785907
-1,151161934253477	-2,27664284533117
4,6295397010176815	-2,10506163839005
-0,7357684988179263	-2,5993307955321994
2,468569966139861	4,02006863966206
2,5774127201637347	-1,7873237869528695
1,2764403180436374	1,7813332742981105
1,738180324235754	4,544447089905345
-1,1688214517503408	-2,5693524486250277
0,7072229314950897	4,225095750293044
0,20760138125917083	3,1436712348024987
0,5499477353877862	4,17062682965695
2,8721340959667816	-1,5387268749147867
0,9919807079459375	3,226121794872051
3,184129286655798	-0,8329976760957596
2,867150509093908	4,5682424137904185
0,8371191610189128	1,9221252537435984
-1,1096645825711602	-3,451631299261765
0,34297340452409686	1,112174910415032
0,1540130831561468	3,220660552279268
-1,4348842054085649	-3,0770177487094466
-2,9250116717391688	-1,6961915135354995
0,810504624045701	1,1568669037612707
-1,1019390637681303	-2,624501528821205
0,8606372463962864	4,149475593879114
1,1411232249218586	3,4045472997183808
1,6018658836913982	4,149026278344762
-0,9284916136118533	-2,7319421417613245
-3,598408013244842	-1,7901321330055433
0,20050573028326557	2,8844787081115655
3,389057610762431	-1,2597285191997893
2,1976927964454736	3,9617278045008484
1,294303221727612	1,8458148397057679
3,9442815130469806	-1,5024310119138138
5,403950383685871	-2,5982798310686257
1,2605767457593742	4,100670819981309
-0,8548085694501525	-2,444920447768814
4,122048650313048	-0,9955148667437015
0,9202437596993069	3,824298377104832
2,47348310773393	-1,3786729073602007
0,1577884793138269	3,5806207017430904
3,076321441917545	3,988576869579343
0,87817191294931	1,7717387189146212
5,416073198563253	-1,888771044293659
-2,3358524691860363	-3,0497324885464305
0,11617113617526975	3,5221854077022696
-3,1514410480207875	-2,046275603887919
2,0419669927214366	3,922069590416454
0,8764503032424349	4,464719662138603
3,429683532855149	4,491846496680656
0,4134976062469826	3,0579702884062328
-0,6675921817382913	-2,463270060727571
-3,4703482916438753	-0,5475109779545261
4,654177459723986	-1,8621373306320228
0,13858169835306278	3,4215687485105475
2,7767321969653453	4,814355585567835
-2,3096063998741543	-0,10374988447224931
-3,4705683219909758	0,22912973076050003
3,9363442288075787	-1,5456751415189565
1,1235223063229731	4,743364911009595
-2,1186327130026337	-2,658192161925534
-2,583360353920776	-0,5235866677716638
0,8560493124400286	4,331184558006931
4,900251103131846	-1,3812148386377106
-3,197190634062963	-1,3862917729589546
5,297385193617024	-3,1874247735297643
2,100726341847789	4,884199321436891
1,1323902413016205	-1,8269075527544296
0,16799269740240597	2,4574872543544477
1,0974467630457365	2,274229515874243
4,7867026748164525	-1,2362388258762071
4,968327230749099	-3,167539612020103
3,9466570197274873	-0,5791964919970898
5,624082554466118	-3,2852050544334874
2,589484546887799	4,499506027835651
2,5488988431038946	4,312773216812468
0,5635555581905269	2,6196197263005736
4,656937607984158	-2,3621392164228316
1,7980214200908908	3,823024112520514
-2,12542729811216	-3,150271492094234
1,2794936255183675	3,3606380052215554
1,6745238657941666	4,744457197650814
3,4169017389975727	-1,5108891718706774
0,611106823757813	1,841656240724534
4,5835982040225565	-1,4053141618187421
4,734871389801976	-2,9787977481869095
3,2564835360893305	4,879779232985836
2,0700200086513236	-1,1608817263973672
2,181727143128373	4,360949997815448
1,8121133483138567	4,0559450267797015
1,0986540147435422	1,513339780377104
3,124394104100527	4,716725901876227
-2,0932892144451922	-2,892468922050715
2,1911663187933454	-1,8475916659291678
4,554139504190429	-0,9867095705853384
4,205510221071265	-1,3711832868548461
2,6244083268199523	4,373021957445418
-2,654709854377275	-1,9580848039943208
-0,974750700092348	-2,6195745176842467
2,044935426278955	3,9497397351785963
1,4844244091692227	3,6364793106799502
-2,149368028457567	-3,124095156237536
2,900307906674199	3,8396109743540947
0,7524757516959932	4,35211999419216
0,5832607375077101	2,6547782728134277
3,2862312960425886	-1,5641233353876318
1,123388823386064	4,157103647620452
-3,7430798446274443	-1,4871186171877913
4,955250476521509	-1,6280269269594791
1,8605778212568438	4,776586071880894
3,2823645002122706	-1,5042428477506924
2,771797724595348	4,176471395745883
0,877526927313315	4,322306423887664
3,466798297335981	-1,4395487995888026
0,17662404092518535	3,7448809784598183
3,9111620857141887	4,277822543659194
5,256823682442845	-2,3967401686777965
0,7001627629628508	4,219453447223525
3,1493160798116633	-1,4423473815161034
5,482611617233361	-2,1414918537077994
1,1868278482482184	3,3174106281439606
2,1903706931144673	4,934731392484812
1,5979188466650966	3,7722442444426987
1,4703134188384381	3,6329289848466297
4,845944796679406	-2,3223296927430623
-2,8119953876959176	0,6634842645186452
-0,055080146590670065	2,4035760403443076
-2,76102064731031	-2,1622762138125933
2,1633507997053196	4,284911478664288
1,224334474788088	4,546924367350654
1,7002333406853716	-1,3252926965690146
3,4067678496369407	-1,4174567381199337
4,694911377211159	-2,981175177143577
3,4869412901773464	-0,8986981121834863
1,3700497765244986	3,864729290652549
2,467177813104791	-1,4259292370040422
-2,6027780277693777	-2,7020232635414065
0,7649844926673435	1,9799143434320523
2,070934373834218	3,9928276468023935
0,3799914160742781	2,250449116080208
1,4095584294000842	3,8445065687576676
-2,9790767947578747	0,7742108609188216
4,996975797871729	-1,9936568953363276
0,6285704660167626	1,7514591967338564
-3,186643782590419	-1,8549048894104914
4,603334133715469	-1,602732564444256
1,5354479531137093	-1,3133551174545393
0,4127693538508599	1,7299280959191465
2,9340217330252196	-1,5546587461321457
4,996914918148644	-1,7231043752983959
4,584754056439309	-1,588853222225665
0,20932198642316902	1,7236019252208825
0,5973041581961565	2,045790969806738
2,6182202133474854	-1,6176134797166877
1,1342165552237549	1,8220020322020059
2,47394993248698	-1,8532649048995138
2,6241445347797434	-1,0887627808659122
2,618741702131564	4,684573544339951
2,8995549141685864	-1,4752860099668503
2,373929048428748	-1,461583540023477
1,2649473325926563	1,7823449180802744
0,45147825649199547	3,7829830712169663
-1,115707213648029	-2,2828630528528295
3,8944119534852235	-0,7765867409769509
-1,1796232595223637	-3,122173855218283
5,073056044983009	-1,5914784036489513
5,3587942816004	-3,4202566708260687
2,6649256556304346	-1,1321352335547017
1,0643308179412552	3,853319488919372
-0,6373237650390038	-2,9742221303659915
3,3338552764423244	-1,1796127211955314
3,414414583025421	-1,5841401354474798
3,6257303560955205	-1,2813042523319447
1,8420328612439758	4,22337924194926
1,5007201505197736	-1,898458166847095
2,2634576542630573	-2,072669272814147
-1,8915145814343821	-2,268753998473273
2,9143304893112907	4,429889769558944
4,803949233228595	-1,1126565134557824
3,622094011579052	-1,2185544935386616
2,784014746875463	-1,0076754475007297
1,1087078483334312	4,3218637694644535
2,724610084844321	3,9468685968365538
1,0193317021016695	3,412592398687476
-2,318666385052565	0,16136479745038712
1,8709627323378786	-1,8232509412740647
2,9178654661762957	-1,1833366577904219
-3,3598928229236953	-0,19193118337078485
-1,5668040981113505	-2,7875412393380694
1,6702157670449058	-1,5652553060841894
5,4423359556382955	-2,6168365535955336
4,225522107939578	-1,7923475233132358
2,6346413717193418	5,021080410957469
4,698858846695636	-2,3511351486329195
1,1241020582360621	3,7607753629815805
1,0591179653857123	2,5816842638730804
1,2077698159799768	4,729546467861835
0,4352730528855395	3,1826708644195323
3,5580515661362817	4,750737961491947
2,2378586625503054	-1,9509189193885423
0,9241715671721715	3,1609216605372463
2,0528055991259	-1,0860273161701826
0,4233163997616578	1,5766223942810662
-3,150370588096746	0,09676318384073812
0,4813116872322025	2,8075218441802363
4,819925533546148	-2,982895346846491
1,2165285546770375	4,044629076510848
-2,707249368895794	-0,8738292112889225
4,190378051938049	-0,5888880689779663
1,1661784157875759	3,930539598353767
3,5406614622092527	-1,0622490685630763
3,0410987845255746	-0,6429330146514687
-2,0620396427934082	-2,838677586066904
0,9561462188416312	4,152839067692888
0,5631706475236209	3,5162536086925034
0,8257839555129256	2,6037131410954535
3,404289439407595	-1,062855214697253
0,13711050223586918	1,380987426395224
4,764154699889674	-2,816775205429912
3,96742126764644	-1,5671557048532057
2,773450593085343	3,806898236620862
5,138954496612637	-1,283822640672076
-1,57749675056199	-2,5987956621543744
2,9597990588889083	4,310869786509738
1,676871149254362	-0,9732803436149773
0,47296843310494596	1,7046500821178632
1,1106988098704595	3,7457633573704117
5,241894558356748	-1,7896552553089307
-2,9210563259103863	0,8927154580770131
0,32983699025845326	2,447648149846557
-3,013337263274379	-0,13728789715080725
-2,5830768831775117	0,5016442383517348
-1,0081318222136275	-2,8419829234804626
2,7736221151222322	-1,3618945960652675
1,6896519255349485	4,182051224844296
-3,6357390724615852	-1,4758467640510173
1,8738092059576805	-1,149638703425713
-1,283065921101891	-2,477813553036725
4,548470349821111	-0,7346582337008942
3,7110456278826005	4,613670026731937
2,3361492272169553	3,99601783146949
2,847798105281947	-1,4523233102086273
4,3460933291067025	-1,0477540020024467
0,36300514186817145	1,8704435140222244
-3,856503725689938	-0,7453459628528523
-2,9920490925046126	-0,23746157335465412
2,2327610105164117	-0,6545333396138084
0,38898084087206186	1,6530150390838032
-3,832172472348165	-1,3129451372864152
2,297683340942771	4,786403561550246
1,8682970972395743	-1,6007341113186078
0,7856682954427661	3,3372838640528264
2,432950985551215	4,166966894106464
1,6468085998672188	-1,3425114692630014
-0,4161319310706091	-2,7091696887477346
0,3179837044479066	2,023942502485096
0,3869631233825326	1,6339262340229335
5,6179048905786715	-3,2650351874645307
0,384866459492502	3,3319901963119944
2,6911253510150415	4,23365218354642
-0,5634444725533299	-3,1944942818446522
3,9291123168250603	-0,6309132401544852
-1,6777813621301065	-3,500944904927178
-2,7275898563912806	-1,9859817769944499
-2,930165228970899	-1,879965491732235
-2,6945467042145914	-0,04257434532113913
0,2592985090084188	2,297939527613076
-2,769825820359519	-0,5791472478490987
2,6985877602032753	4,998745110700449
3,712823542964779	-0,9026865655446552
-1,1567949250801712	-2,866444749256996
1,5245085570002859	-1,1946489359777868
4,7875305167450275	-1,6648356817437526
2,985906665834352	4,114277584369244
0,7537538232736041	2,3929247800252567
-2,762448450149969	-1,1646164714685816
4,767117762121346	-2,772808201277918
0,9387740692468254	2,183141589463571
-2,776720647156673	-0,9197483734260492
0,38743457747393606	3,4280034246563584
0,792764725480088	2,6064879007029553
-3,172573125158973	-1,4390655632620382
4,280893683124128	-1,6964320509383493
2,3490770710356714	-1,576347561026116
-2,36845314441777	-0,14795205774285058
5,201948801120223	-2,7733348274604035
-1,138657460613775	-2,4632019706708
-2,3276639491980866	-2,613770836389144
1,9943423083637877	-2,2372682722767587
0,39065703693862686	2,579880918219699
3,2243197996657873	3,907066314011044
-2,566294575296838	-3,134647238279894
2,7607092187038997	4,068634046114968
0,7175455412764027	2,842723942233348
0,6653260468961362	3,88907272002557
2,6146268404640263	4,439295558584162
1,197509408753329	4,1591007262155095
-1,3047810542443143	-2,528236398978666
0,8995261899212137	2,536164160458995
3,0277708749184638	-0,82555285348674
0,4111169613436432	1,6412988227672054
-3,476992424628431	-2,3122832103211373
3,915529060986407	-1,1285760766256576
-1,756375833447226	-2,816139486124868
0,09016215968486563	2,7041604665230325
5,303879001685381	-1,7713155882304492
1,4595966648310672	4,745429517690594
1,0438016076197625	1,5881560584084982
3,5821449627033988	-1,1044942663404886
2,154060709960092	-1,1510173732853501
2,206283443708185	4,591522685931512
3,2138555676256186	-0,9484169292522611
2,757540880043703	-1,3703138451527563
-1,5089930991757956	-2,745777263390295
1,539505670773928	3,614415116416649
3,485298544618215	3,9689660311810413
-3,704943247745467	-0,8091009719458147
2,9919221877936524	-0,46601790576818747
-1,4827289498573455	-3,4548158050182356
0,42551597111784245	4,052885427581668
-2,7415065185274115	0,3308223079564898
3,6287063682206435	-1,214370479656905
2,940819254108074	4,1395703044301415
-2,7942540575203605	-0,3912299629380873
0,6300454528173696	1,7902459438639133
0,9371041601267582	4,473299367269931
0,9393681026663847	1,6122341492182795
0,4007966794044382	1,9879377838975496
-3,3791318909113106	-0,7695989312128537
2,6427525364272233	4,861871428283629
2,328746174362604	-1,6592877769410312
-2,8448221426398437	0,520346005162339
0,47066156562635353	3,2806405651173094
5,006175090332419	-2,2602200578577376
-3,430325406476118	0,08350230982846218
-2,5513205948006354	-2,7210183825384093
4,277158600242848	-1,0805260341156024
4,165540798922455	-1,5489399758516884
0,6973382915546065	2,846730255815296
-1,444239025419526	-3,190079716825132
-3,0469552023785127	-2,179948898438945
4,862977905487302	-1,4221653424767915
-0,5488656785336504	-3,0503040680381295
2,492462971639278	-1,4525842770613815
-0,9082394238390354	-2,4272273712261736
-2,9486752390182707	-0,31071259720251765
5,092807519670783	-3,540198787871864
-3,0621100151095226	-2,5054853091457296
3,532017328873164	3,840075348312581
3,8700019764604825	-1,04268683352545
-0,6697939776171578	-2,5879504349521634
3,1510244228328004	-1,3217458656704928
3,4085045436421195	-1,534103468631778
-2,472719069373704	-1,9798257882232217
4,806558549242971	-2,0832695255672733
5,589721843878962	-2,854120526357146
0,5871752465851157	1,9652751746662354
3,4519673782429865	-1,2989820295136059
-0,48678058241379796	-2,563901688637686
5,591121447651888	-2,594858198888848
2,5915152996684556	4,93024750099289
1,0798624521120204	3,291632781758037
4,92350389179766	-3,3319388062416073
-3,44570944531558	0,19880211544730342
0,8404499419378288	1,3765214124481404
4,711329762729641	-3,100766021988445
-3,568634811946683	-2,2123721342102414
1,5962680453985059	4,011019666116068
2,6850216782778444	5,001228387307185
0,5976866483122669	3,6277865573990025
2,8789509290160584	-1,1754149889257974
3,230936648236521	4,37601872595512
-0,12242415005533536	2,444722813813488
4,929362655514278	-3,42753897131435
1,5824534211803398	4,171488880815669
-2,47803133084593	0,44810516873483075
3,0031386747786133	-1,4995153167658453
4,640220046538094	-2,927985311832089
1,242964470310604	1,5829525024019322
3,323200262101066	-0,4212729935443287
0,05673239491974247	3,1050826986594706
-2,646563833661048	-0,27345984445716076
-1,2191642279199062	-2,82007654681522
3,813527548601322	-1,307699589472468
0,13840208790100395	2,6531341248332385
2,964721240542702	-0,3697286062080325
0,9082191231949144	4,198560349553008
-3,491899652839198	-2,1312152167112326
3,8616917929188066	-0,9419774942210226
5,305052500899768	-2,975860813662704
2,134612197976742	3,984711561305325
2,389685236073152	4,236736134913789
5,252882977121086	-3,220687829791846
4,744918632732336	-3,072121327076501
-3,420492214862743	0,22465775407995547
2,2115702518806737	-1,5726492586014416
2,2392879589951593	4,460584270263897
-0,3588995841529705	-2,6513948510671153
0,9829700105147188	2,093159143081646
-2,5639473871064578	-2,3542275581071257
0,8744325470739851	3,9116610307602397
2,6533695524181122	3,9411711471035704
3,022847290096046	-0,7576783462277303
-0,7442207336946629	-3,317369441639311
1,8740965244952992	4,293836634587025
4,271837241069234	-1,8626808147901253
1,151636088164917	-1,6154077024883002
2,937418121420217	4,182397224829914
3,0190268482765603	-1,1820005744146223
-2,0749328212965543	-3,1020677162584755
0,848361531099799	3,4431663334660625
-1,260418826230765	-3,3460875829134142
-1,1135791353084699	-2,3423257373681388
2,7490255963255485	4,986030828188726
1,2254942340730546	4,612921640233641
3,712264719976874	-0,9799801799375731
4,655935754096191	-1,867236691311883
0,7891452905940612	2,9712690358505554
-3,2445210159224955	-1,051774373245399
1,0816031928688217	2,445519831778584
-3,5841714431998697	-1,2764606127088025
4,955422666105267	-1,9980509284362842
5,311569030430462	-1,936048504405806
3,0804854713782586	-1,012784607120154
2,9758015564311426	4,91291802991449
-3,104983807477848	-2,5345694463986392
-3,2005964867903427	-2,6116970688452557
2,375199827469462	4,598723723726879
1,0233251463772046	3,8931459896152436
0,6459362003233222	2,2527215350330665
2,3828474303545137	3,836078535989306
-3,080521732619335	-2,1331319068270798
1,5837901376996641	-1,942027210487844
3,050182779247231	-0,7713521623545372
4,040420244391925	-1,6202269265250266
-3,7659355800516456	-1,5042281871598158
-0,16139754336270418	2,597373007035352
2,4873551228821182	4,946068414505998
0,4433145257509832	4,079031186122322
4,699372371037693	-2,862446274491835
1,0084169773714482	2,026150586951809
-2,573373921318513	-2,823695177737916
-3,7048932582757446	-0,7213459490909866
1,872122290831105	4,4568586418783775
2,465540278997778	-1,826193668765466
-3,0054425887405927	-0,5107419697581076
2,4169998122172887	-1,6320248788834772
2,6455238267167047	4,646355669823391
1,137919218477338	1,7478017789891265
4,112178359976332	-0,7075137308432087
-3,1791929969466133	-2,634680107660481
3,0239648711085696	4,861733830569412
1,87484281151597	4,973971533960862
1,7720363701429283	4,9239611764546725
3,1256009870746544	-0,7091856612650518
5,115880018616235	-3,331332636481921
2,0570355846947015	-2,228627400354494
0,5351995734789823	1,2970273676722137
4,984213422687059	-3,3466667149292695
5,252793429239259	-3,091118438936285
4,796423907377185	-1,4461987910869853
-1,0300247926393404	-3,377686928400215
0,9475817508278856	2,8740565141828016
5,305701359848252	-2,8336381913774327
4,7137606503561535	-2,82664928307765
0,9052076988506417	2,643285066240978
0,20922277541304402	1,9001876791404655
1,0335319349544467	2,7002554451012224
-2,1912049538772065	-3,2487507417721897
4,363984184054596	-1,9842786596821793
-0,6110210154902216	-2,749348984112363
2,6231540996285707	-1,0929032512420194
3,05312462872527	3,8427109839013465
1,1230447726495514	1,61756755618378
3,429598257529042	3,7318686019514398
-2,8726947791034876	-2,458251131684392
-2,42974162267568	-2,423070987787
-3,134252026357789	-1,184401839135103
4,712063889424065	-0,9809972514924628
1,1439851644017356	3,84932659454262
-0,005028856187442088	2,8685638612503257
-2,7614457993163795	-0,4942800396642061
0,9487360644439895	3,217404950117942
3,902098490097205	-1,7175794689317667
1,4263969967806305	4,693884974206214
4,965105033417829	-2,4920158952825715
2,726848602055075	4,903934749841858
1,076743919950678	2,741102091831127
0,8592517385147211	1,761158322344786
1,5276548736436897	-2,0547591059666983
1,1108958806417708	-1,8341301524788858
-0,8166693656765884	-2,7019739644468745
1,0103278736755479	3,042331747488719
-0,9325305389879402	-2,2811933254137813
2,18305057101918	4,1332486179098105
5,375005189609981	-2,920087680690596
-3,397486105132002	-0,546399167846911
0,09473062869901394	2,648968029414714
0,9344234727028018	1,3899524237896597
2,644994114202012	4,904227158792333
2,122929709243749	4,2518787237736735
4,902512107266623	-2,6667859520238295
0,9469408361908453	1,3740062149263244
2,1192041277258333	-2,1282337127215674
1,8709003135513322	5,0138068306723955
2,3002571823989704	4,901239384773375
3,5077300408332466	-1,0729135167651076
-2,850494604667145	-1,5221067125250123
5,302562103993587	-1,8191721210787737
5,317809113779182	-1,9459592099932124
3,3384708761965256	-1,5292003091385133
-3,209452621513449	-2,595984285859923
0,3920337660304567	3,240250777030192
4,107286522503758	-0,6358791306951073
-1,7838063853426211	-3,3520909789204167
1,5011804170633254	3,637363868135611
1,3657455588733947	4,192976786924268
1,3928290304844577	4,044131786666547
-3,2857606684693765	-0,18161708765265971
1,0769098188490709	1,9684735131325886
-2,755402010699783	-0,6716360538519645
-2,3131631141361693	-2,311141419460644
2,0221362315549953	4,5973695458948765
2,281508972852358	-0,9493117431853761
-2,179714175037173	-2,2665616468202514
1,684401123885368	3,912407973993559
2,9587639557526564	3,9206905960238916
-0,11217224767146483	2,965586488440568
1,7385711242423767	3,740450824137019
1,0203022607164063	3,43114627724353
4,222789994032226	-1,8259604808038934
1,5733067640019973	-1,5627844121640138
0,3338083817207689	1,8240490282114497
4,3080770340267955	-1,9574885824026693
0,821385974114412	1,5864146541706399
2,4472171541506746	-1,023487945846784
2,0256888617861053	4,292090975233852
5,157755854362212	-1,3168986728929013
2,762691481682448	4,288947448268203
-2,9336746190318306	-0,9724356730244518
1,1276572103073503	1,715938382897707
1,7547809828182963	4,740570309785674
1,1120767872360695	2,8786848263802716
-2,7258440123918137	-1,1103092727841477
5,401169851688525	-3,1411151305873846
3,917109299815413	-1,2524937620949106
3,9906677597050484	4,179904409168433
0,35457367064403567	1,5690481664094877
2,3744102241132663	4,6606182028806415
2,077164531541246	-1,8199212733135455
0,4088561111646536	3,263678451998712
5,749214007386173	-2,4321958375178374
-1,9839513921764207	-2,9034544937389044
4,542043384289128	-2,1730417735196386
2,787084746134962	4,481298549932502
1,7106669973454862	-1,504091781203813
0,5822839328074514	4,3527641563979795
0,9354817924754666	3,5524494863936766
3,013065530621852	-1,5290714085189996
-0,07792649682609909	2,608870579158548
2,2106855836650317	-0,8281352145815983
0,0113489793405126	1,954707007735594
-1,9714398331995175	-2,4657534561972296
1,635931435213299	4,964085275642794
-2,7685041888502115	0,8504921121050117
3,810201023930451	-1,564496610745392
0,8116043044961936	1,868392706075504
4,305304370209583	-1,890910535083755
2,3057546180336885	-2,0961562087315317
4,958708408873277	-3,3527258136912055
-1,3416854275565213	-2,5520442777502383
-2,5233240169384623	0,273259852696625
3,511192528920847	-0,8833231620325892
2,576605676209331	-1,6388346758579384
2,984966834697312	4,690845296542193
0,2766386758511965	3,184040161733844
-2,846690524615438	-0,6828594651225012
0,027751481813050205	2,1230562511667395
-0,8126793363727574	-2,501624342286868
0,4604993222137175	2,845942280342567
1,8752336961772569	3,789745537263663
4,1375593813693845	-0,7596315830038534
1,5427629733384811	-1,6062536004056174
5,0926491411688355	-2,5108902865989533
4,868065977605227	-2,5556605913201107
3,928437980616753	-0,8513680739021203
-0,8632188670800343	-3,3192840841116356
4,629612031180155	-1,2109571888203987
-1,4645005511853424	-3,1834854383316165
1,4628769513294322	3,691494341308305
3,0961307156203093	4,248771170913774
0,6273695157698871	2,5644309050800707
-3,4969903391460555	-2,170674668703195
2,826881512400983	4,417229389073112
0,6767111504975818	3,495792576543541
5,277484872000622	-1,7882000959512017
3,910249336561601	-1,629454098842901
-2,4255415235073166	-0,11295875061977556
0,729526218451332	3,2663782065822833
1,7837379578511956	-2,0100458471659706
3,319970313471144	-1,3267728284293951
0,17867708907915691	2,704759053975854
5,073471259455637	-2,4478097824360914
2,1649570023818425	-2,0594880068722494
0,8741977184925216	2,697683180675822
0,17455623586745217	1,940051533342807
2,6702289635283334	-0,6535722861846271
-0,010372692696216212	2,7783558214330766
-2,8743958973363988	-0,28223149020083116
-2,6674224820732917	-1,754143108578043
1,5959922354548293	4,87792146265889
2,7635435343136274	-1,5983342134864489
2,599896444127419	-0,8626211290039971
2,9295604628677925	4,473568796709394
2,571147208204736	-0,7174265736658012
2,6939340470836255	-1,6038496476757333
0,5499406395486539	2,21077688173832
-0,5053260904380424	-2,468899751744715
-1,0456219391355233	-3,276060837634576
-2,6445041001834495	-1,92016530707341
-3,2517605611850358	-1,137384392092613
0,20503238697200787	2,4730454979144643
0,7926445518206522	4,365645188064531
0,5150176781974514	1,612738827814275
3,5904301248882806	3,850648495949475
-3,1246827985127883	0,054647445560352725
4,965197540860554	-1,6351759517499909
-1,0911910294310818	-2,727258162637254
